date,delivery_month,open_cny_per_ton,high_cny_per_ton,low_cny_per_ton,close_cny_per_ton,settlement_cny_per_ton,pre_settlement_cny_per_ton,volume_lots,open_interest_lots,open_interest_change,turnover
2016-01-04,1602,36540.0,36680.0,35930.0,36100,36160,36610,234824,175346,-19262,
2016-01-05,1603,36000.0,36550.0,35820.0,36510,36120,36050,411016,291660,-2966,
2016-01-06,1603,36410.0,36530.0,36140.0,36240,36320,36120,476828,299874,8214,
2016-01-07,1603,36140.0,36580.0,35910.0,36090,36240,36320,646922,305238,5364,
2016-01-08,1603,35810.0,36090.0,35230.0,35680,35690,36240,974450,318464,13226,
2016-01-11,1603,35630.0,35790.0,34760.0,34770,35320,35690,647856,356500,38036,
2016-01-12,1603,34900.0,35140.0,34610.0,34630,34890,35320,668706,354662,-1838,
2016-01-13,1603,34740.0,35070.0,34660.0,34810,34830,34890,611038,351896,-2766,
2016-01-14,1603,34760.0,35030.0,34350.0,34930,34750,34830,713142,333742,-18154,
2016-01-15,1603,34840.0,35330.0,34730.0,34800,35010,34750,598056,317570,-16172,
2016-01-18,1603,34480.0,35200.0,34450.0,34990,34870,35010,672146,315402,-2168,
2016-01-19,1603,34970.0,35600.0,34840.0,35360,35170,34870,636590,307608,-7794,
2016-01-20,1603,35400.0,35470.0,34970.0,35080,35210,35170,495406,305510,-2098,
2016-01-21,1603,35000.0,35280.0,34810.0,34850,35030,35210,556644,310518,5008,
2016-01-22,1603,35000.0,35410.0,34910.0,35190,35170,35030,549800,294652,-15866,
2016-01-25,1603,35350.0,35400.0,34920.0,35020,35140,35170,406458,294056,-596,
2016-01-26,1603,35050.0,35190.0,34840.0,35100,35010,35140,414594,278786,-15270,
2016-01-27,1603,35480.0,35840.0,35280.0,35780,35540,35010,551904,265050,-13736,
2016-01-28,1603,35670.0,35980.0,35570.0,35600,35740,35540,418618,247240,-17810,
2016-01-29,1603,35640.0,35800.0,35470.0,35680,35630,35740,447376,224774,-22466,
2016-02-01,1603,35630.0,35820.0,35350.0,35450,35600,35630,316184,211646,-13128,
2016-02-02,1603,35510.0,35710.0,35380.0,35640,35550,35600,219372,206848,-4798,
2016-02-03,1603,35750.0,35800.0,35380.0,35650,35550,35550,249588,200044,-6804,
2016-02-04,1603,35650.0,36440.0,35640.0,36330,36020,35550,259658,187024,-13020,
2016-02-05,1603,36250.0,36530.0,36120.0,36350,36320,36020,184432,174498,-12526,
2016-02-15,1604,35800.0,35940.0,35510.0,35750,35770,36440,190342,232728,-9208,
2016-02-16,1604,35670.0,36010.0,35650.0,35750,35790,35770,274046,251394,18666,
2016-02-17,1604,35760.0,35910.0,35470.0,35480,35650,35790,343700,251098,-296,
2016-02-18,1604,35590.0,35820.0,35550.0,35700,35690,35650,251418,254242,3144,
2016-02-19,1604,35700.0,36030.0,35510.0,35920,35750,35690,379600,270716,16474,
2016-02-22,1604,35780.0,36380.0,35700.0,36350,36050,35750,398280,268738,-1978,
2016-02-23,1604,36450.0,36560.0,36090.0,36200,36330,36050,313264,259186,-9552,
2016-02-24,1604,36280.0,36280.0,35700.0,35810,35990,36330,332556,260900,1714,
2016-02-25,1604,35780.0,36290.0,35680.0,35920,36010,35990,408926,245666,-15234,
2016-02-26,1604,36020.0,36060.0,35550.0,35840,35790,36010,399770,226834,-18832,
2016-02-29,1604,36190.0,36570.0,35660.0,35840,36090,35790,693032,199640,-27194,
2016-03-01,1604,36050.0,36110.0,35530.0,35960,35870,36090,420474,182716,-16924,
2016-03-02,1605,36160.0,36960.0,36020.0,36940,36430,35890,529086,325702,49664,
2016-03-03,1605,36830.0,37150.0,36800.0,37000,36970,36430,490662,310200,-15502,
2016-03-04,1605,37110.0,38010.0,37020.0,37950,37520,36970,712994,311400,1200,
2016-03-07,1605,37910.0,39400.0,37640.0,38090,38210,37520,1078126,276290,-35110,
2016-03-08,1605,38250.0,38620.0,37460.0,37750,38000,38210,910538,261796,-14494,
2016-03-09,1605,37920.0,37920.0,36800.0,37320,37190,38000,852456,257800,-3996,
2016-03-10,1605,37440.0,37670.0,37250.0,37300,37420,37190,521714,258828,1028,
2016-03-11,1605,37350.0,37740.0,37040.0,37710,37370,37420,506820,276460,17632,
2016-03-14,1605,37540.0,38150.0,37490.0,37750,37770,37370,527542,276344,-116,
2016-03-15,1605,37700.0,37710.0,37130.0,37250,37350,37770,484084,280502,4158,
2016-03-16,1605,37200.0,37620.0,37080.0,37570,37360,37350,448986,279816,-686,
2016-03-17,1605,37450.0,37970.0,37370.0,37940,37720,37360,467704,286684,6868,
2016-03-18,1605,37870.0,38690.0,37830.0,38380,38280,37720,800538,300858,14174,
2016-03-21,1605,38300.0,38440.0,37930.0,38160,38190,38280,493144,298568,-2290,
2016-03-22,1605,38180.0,38430.0,38060.0,38150,38250,38190,418080,295066,-3502,
2016-03-23,1605,38200.0,38420.0,38040.0,38160,38230,38250,341424,282902,-12164,
2016-03-24,1605,38110.0,38120.0,37430.0,37630,37650,38230,532272,229948,-52954,
2016-03-25,1605,37490.0,37800.0,37400.0,37750,37620,37650,212472,223332,-6616,
2016-03-28,1605,37750.0,37870.0,37500.0,37510,37720,37620,171106,216036,-7296,
2016-03-29,1605,37600.0,38040.0,37470.0,37570,37710,37720,293616,201452,-14584,
2016-03-30,1605,37580.0,37640.0,36920.0,37040,37320,37710,376980,191042,-10410,
2016-03-31,1606,37040.0,37290.0,36640.0,36860,36890,37260,335052,335806,24340,
2016-04-01,1606,36780.0,37150.0,36730.0,37120,37000,36890,323898,329404,-6402,
2016-04-05,1606,36660.0,36850.0,36500.0,36730,36700,37000,204600,314184,-15220,
2016-04-06,1606,36600.0,36810.0,36550.0,36730,36710,36700,237194,319632,5448,
2016-04-07,1606,36560.0,36880.0,36560.0,36650,36730,36710,260044,329786,10154,
2016-04-08,1606,36400.0,36400.0,35610.0,35760,35870,36730,506212,349294,19508,
2016-04-11,1606,35760.0,36150.0,35730.0,35830,35920,35870,442994,340792,-8502,
2016-04-12,1606,35800.0,36060.0,35600.0,35980,35880,35920,384698,322328,-18464,
2016-04-13,1606,36110.0,37360.0,36040.0,36830,36700,35880,786206,286356,-35972,
2016-04-14,1606,36930.0,37150.0,36780.0,36850,36960,36700,366646,294134,7778,
2016-04-15,1606,37030.0,37130.0,36740.0,36780,36990,36960,357608,295658,1524,
2016-04-18,1606,36690.0,37080.0,36560.0,36610,36820,36990,421168,293264,-2394,
2016-04-19,1606,36770.0,37170.0,36730.0,36940,36910,36820,430730,286746,-6518,
2016-04-20,1606,37010.0,37740.0,36950.0,37360,37400,36910,669188,268236,-18510,
2016-04-21,1606,37520.0,38220.0,37350.0,38100,37750,37400,595434,242330,-25906,
2016-04-22,1606,38400.0,38570.0,37460.0,37970,37950,37750,560744,201826,-40504,
2016-04-25,1606,38110.0,39010.0,37880.0,38120,38320,37950,539090,196302,-5524,
2016-04-26,1606,38150.0,38180.0,37490.0,37700,37830,38320,353214,177638,-18664,
2016-04-27,1606,37650.0,37920.0,37490.0,37630,37710,37830,245034,168264,-9374,
2016-04-28,1606,37690.0,37710.0,37000.0,37250,37260,37710,326618,171264,3000,
2016-04-29,1606,37250.0,37750.0,37160.0,37620,37460,37260,230256,156058,-15206,
2016-05-03,1607,37780.0,37970.0,37420.0,37910,37680,37520,199440,273536,7802,
2016-05-04,1607,37680.0,37780.0,37140.0,37230,37350,37680,325310,297920,24384,
2016-05-05,1607,37220.0,37340.0,36820.0,36840,37060,37350,380366,315360,17440,
2016-05-06,1607,36810.0,36920.0,36330.0,36620,36580,37060,371676,308860,-6500,
2016-05-09,1607,36540.0,36970.0,35780.0,35840,36270,36580,574206,339126,30266,
2016-05-10,1607,35780.0,36080.0,35670.0,35950,35870,36270,384000,324560,-14566,
2016-05-11,1607,35880.0,36080.0,35690.0,35960,35920,35870,328504,334466,9906,
2016-05-12,1607,36080.0,36520.0,35820.0,36240,36150,35920,456792,320998,-13468,
2016-05-13,1607,36240.0,36380.0,35030.0,35480,35560,36150,644522,330664,9666,
2016-05-16,1607,35390.0,35770.0,35120.0,35610,35440,35560,384188,328590,-2074,
2016-05-17,1607,35500.0,35960.0,35500.0,35900,35770,35440,332574,316784,-11806,
2016-05-18,1607,35700.0,35940.0,35290.0,35380,35590,35770,469084,320878,4094,
2016-05-19,1607,35210.0,35640.0,35110.0,35200,35360,35590,402516,307112,-13766,
2016-05-20,1607,35160.0,35440.0,34820.0,35320,35200,35360,391992,300324,-6788,
2016-05-23,1607,35480.0,35570.0,34880.0,35170,35150,35200,433462,292744,-7580,
2016-05-24,1607,35200.0,35370.0,35030.0,35190,35210,35150,304944,277556,-15188,
2016-05-25,1607,35460.0,35700.0,35280.0,35490,35500,35210,350164,259468,-18088,
2016-05-26,1607,35750.0,36080.0,35640.0,36060,35840,35500,302290,248398,-11070,
2016-05-27,1607,36090.0,36210.0,35620.0,35910,35880,35840,305036,232554,-15844,
2016-05-30,1607,36040.0,36090.0,35650.0,35700,35790,35880,220828,216442,-16112,
2016-05-31,1608,35780.0,35990.0,35640.0,35750,35800,35770,173512,321466,18778,
2016-06-01,1608,35810.0,35890.0,35120.0,35190,35480,35800,323974,360438,38972,
2016-06-02,1608,35180.0,35460.0,35070.0,35280,35280,35480,273418,362532,2094,
2016-06-03,1608,35250.0,35760.0,35170.0,35720,35420,35280,296102,351546,-10986,
2016-06-06,1608,36110.0,36300.0,35800.0,36260,36080,35420,318566,346128,-5418,
2016-06-07,1608,36150.0,36300.0,35800.0,35840,36040,36080,267268,335334,-10794,
2016-06-08,1608,35340.0,35390.0,35100.0,35230,35270,36040,331978,356466,21132,
2016-06-13,1608,34880.0,35540.0,34850.0,35250,35280,35270,272286,322280,-34186,
2016-06-14,1608,35200.0,35540.0,35080.0,35110,35320,35280,286756,323586,1306,
2016-06-15,1608,35100.0,35370.0,34980.0,35320,35170,35320,257364,309524,-14062,
2016-06-16,1608,35890.0,36000.0,35330.0,35410,35690,35170,313520,284714,-24810,
2016-06-17,1608,35210.0,35600.0,35160.0,35560,35330,35690,259350,268414,-16300,
2016-06-20,1608,35410.0,35630.0,35320.0,35460,35470,35330,226642,264384,-4030,
2016-06-21,1608,35610.0,35880.0,35480.0,35570,35680,35470,252478,255898,-8486,
2016-06-22,1608,35650.0,36270.0,35530.0,36260,35890,35680,345406,252888,-3010,
2016-06-23,1608,36280.0,36390.0,36060.0,36270,36200,35890,251632,249130,-3758,
2016-06-24,1608,36550.0,36760.0,35850.0,35970,36280,36200,472024,218592,-30538,
2016-06-27,1608,36120.0,36730.0,36020.0,36720,36400,36280,337584,204394,-14198,
2016-06-28,1608,36520.0,37250.0,36430.0,37190,36820,36400,344604,191484,-12910,
2016-06-29,1608,37310.0,37480.0,36980.0,37150,37220,36820,238522,185242,-6242,
2016-06-30,1609,37250.0,37690.0,37080.0,37530,37470,37260,261792,248882,-846,
2016-07-01,1609,37440.0,37630.0,37140.0,37300,37380,37470,320148,250822,1940,
2016-07-04,1609,37290.0,38510.0,37220.0,38410,38040,37380,682034,293484,42662,
2016-07-05,1609,38440.0,38540.0,37470.0,37790,37880,38040,492320,281800,-11684,
2016-07-06,1609,37760.0,37850.0,36950.0,37380,37390,37880,485598,262294,-19506,
2016-07-07,1609,36880.0,37290.0,36820.0,36910,37050,37390,371704,253368,-8926,
2016-07-08,1609,36960.0,37100.0,36450.0,36620,36680,37050,381592,259412,6044,
2016-07-11,1609,36800.0,37130.0,36540.0,37020,36800,36680,302506,260408,996,
2016-07-12,1609,37140.0,37260.0,36900.0,37180,37060,36800,253784,263540,3132,
2016-07-13,1609,37500.0,39210.0,37260.0,38580,38350,37060,876672,295230,31690,
2016-07-14,1609,38660.0,38820.0,38190.0,38640,38470,38350,448580,306792,11562,
2016-07-15,1609,38530.0,38710.0,38230.0,38500,38420,38470,361670,309744,2952,
2016-07-18,1609,38700.0,38930.0,37800.0,37850,38230,38420,497462,298892,-10852,
2016-07-19,1609,37790.0,38550.0,37790.0,38300,38240,38230,415374,283666,-15226,
2016-07-20,1609,38380.0,38800.0,38110.0,38280,38460,38240,463442,276684,-6982,
2016-07-21,1609,38020.0,38690.0,37870.0,38650,38400,38460,351616,270376,-6308,
2016-07-22,1609,38570.0,38840.0,38160.0,38180,38460,38400,336090,260900,-9476,
2016-07-25,1609,38350.0,38650.0,37830.0,38160,38180,38460,420530,249108,-11792,
2016-07-26,1609,38170.0,38250.0,37600.0,37810,37810,38180,322706,236284,-12824,
2016-07-27,1609,37770.0,38090.0,37620.0,37740,37890,37810,308300,225788,-10496,
2016-07-28,1609,37700.0,37890.0,37430.0,37820,37700,37890,307786,207992,-17796,
2016-07-29,1609,37880.0,38060.0,37430.0,37470,37810,37700,297570,189826,-18166,
2016-08-01,1609,37580.0,38250.0,37460.0,38170,37880,37810,313708,175052,-14774,
2016-08-02,1610,38140.0,38160.0,37680.0,38020,37940,37980,245842,225696,2504,
2016-08-03,1610,38120.0,38450.0,37680.0,37790,38050,37940,341054,234238,8542,
2016-08-04,1610,37710.0,37910.0,37430.0,37620,37650,38050,350780,234164,-74,
2016-08-05,1610,37300.0,37770.0,37280.0,37620,37540,37650,307212,225438,-8726,
2016-08-08,1610,37510.0,37680.0,37370.0,37540,37510,37540,257108,231414,5976,
2016-08-09,1610,37560.0,37760.0,37180.0,37220,37470,37510,290706,250054,18640,
2016-08-10,1610,37160.0,37530.0,37100.0,37470,37350,37470,236298,245182,-4872,
2016-08-11,1610,37790.0,37800.0,37450.0,37530,37600,37350,248324,238242,-6940,
2016-08-12,1610,37550.0,37690.0,37450.0,37560,37570,37600,175934,236262,-1980,
2016-08-15,1610,37230.0,37350.0,37000.0,37070,37210,37570,244612,241304,5042,
2016-08-16,1610,37070.0,37290.0,37020.0,37220,37160,37210,212270,238790,-2514,
2016-08-17,1610,37330.0,37390.0,37180.0,37220,37280,37160,177690,230482,-8308,
2016-08-18,1610,37180.0,37400.0,37090.0,37370,37230,37280,180484,238920,8438,
2016-08-19,1610,37480.0,37490.0,37230.0,37390,37330,37230,159022,234600,-4320,
2016-08-22,1610,37290.0,37390.0,37080.0,37140,37250,37330,176644,236770,2170,
2016-08-23,1610,37020.0,37180.0,36910.0,37120,37090,37250,146416,236976,206,
2016-08-24,1610,36970.0,37040.0,36640.0,36650,36830,37090,248346,255570,18594,
2016-08-25,1610,36530.0,36640.0,36050.0,36370,36330,36830,308008,232444,-23126,
2016-08-26,1610,36290.0,36530.0,36180.0,36430,36350,36330,167726,226274,-6170,
2016-08-29,1610,36380.0,36620.0,36210.0,36420,36370,36350,184566,216386,-9888,
2016-08-30,1610,36350.0,36520.0,36240.0,36260,36390,36370,119618,210696,-5690,
2016-08-31,1610,36250.0,36390.0,36140.0,36270,36280,36390,142170,196118,-14578,
2016-09-01,1610,36260.0,36670.0,36230.0,36530,36450,36280,139762,179154,-16964,
2016-09-02,1611,36490.0,36690.0,36400.0,36670,36530,36480,139928,197610,13792,
2016-09-05,1611,36640.0,36660.0,36440.0,36510,36550,36530,147262,210070,12460,
2016-09-06,1611,36460.0,36620.0,36390.0,36570,36520,36550,136530,215374,5304,
2016-09-07,1611,36600.0,36870.0,36460.0,36750,36660,36520,205396,219446,4072,
2016-09-08,1611,36750.0,36850.0,36530.0,36570,36660,36660,176616,219166,-280,
2016-09-09,1611,36560.0,36730.0,36460.0,36620,36620,36660,149500,215504,-3662,
2016-09-12,1611,36560.0,36630.0,36130.0,36170,36360,36620,256900,243058,27554,
2016-09-13,1611,36250.0,36620.0,36250.0,36600,36480,36360,192602,216048,-27010,
2016-09-14,1611,36630.0,36800.0,36470.0,36730,36640,36480,189584,199982,-16066,
2016-09-19,1611,37100.0,37240.0,36930.0,37230,37110,36640,158336,187816,-12166,
2016-09-20,1611,37260.0,37350.0,37160.0,37280,37240,37110,129424,180818,-6998,
2016-09-21,1611,37300.0,37500.0,37190.0,37300,37330,37240,172558,178240,-2578,
2016-09-22,1611,37310.0,37680.0,37240.0,37650,37490,37330,202334,172190,-6050,
2016-09-23,1611,37770.0,37900.0,37650.0,37860,37770,37490,172102,168930,-3260,
2016-09-26,1611,37820.0,37900.0,37690.0,37760,37770,37770,132548,161124,-7806,
2016-09-27,1611,37750.0,37830.0,37470.0,37680,37640,37770,178872,157098,-4026,
2016-09-28,1611,37560.0,37580.0,37250.0,37500,37430,37640,149364,144808,-12290,
2016-09-29,1611,37580.0,37960.0,37520.0,37660,37750,37430,150794,138420,-6388,
2016-09-30,1611,37650.0,37870.0,37540.0,37720,37690,37750,106890,125222,-13198,
2016-10-10,1612,37660.0,37670.0,37430.0,37650,37550,37690,69828,174958,834,
2016-10-11,1612,37670.0,38180.0,37660.0,38160,38000,37550,197110,201536,26578,
2016-10-12,1612,38060.0,38080.0,37760.0,37950,37920,38000,160384,202450,914,
2016-10-13,1612,37990.0,38150.0,37580.0,37630,37860,37920,197824,205370,2920,
2016-10-14,1612,37210.0,37460.0,37110.0,37370,37300,37860,226982,195040,-10330,
2016-10-17,1612,37210.0,37400.0,37160.0,37320,37260,37300,183592,202110,7070,
2016-10-18,1612,37250.0,37410.0,37200.0,37400,37290,37260,108748,195810,-6300,
2016-10-19,1612,37310.0,37410.0,37150.0,37190,37270,37290,168580,197272,1462,
2016-10-20,1612,37200.0,37440.0,36970.0,37310,37240,37270,198066,193992,-3280,
2016-10-21,1612,37240.0,37270.0,37000.0,37180,37130,37240,147892,191816,-2176,
2016-10-24,1612,37110.0,37430.0,37100.0,37350,37270,37130,147972,191262,-554,
2016-10-25,1612,37300.0,38170.0,37250.0,38010,37780,37270,354232,184244,-7018,
2016-10-26,1612,38110.0,38250.0,37700.0,37760,37930,37780,228692,165254,-18990,
2016-10-27,1612,37790.0,37960.0,37720.0,37820,37820,37930,139948,160052,-5202,
2016-10-28,1612,38020.0,38340.0,37950.0,38270,38130,37820,183386,153130,-6922,
2016-10-31,1612,38390.0,38630.0,38280.0,38390,38420,38130,175810,141922,-11208,
2016-11-01,1701,38500.0,38890.0,38390.0,38740,38660,38430,149396,175362,17684,
2016-11-02,1701,38780.0,39180.0,38540.0,38580,38820,38660,281808,175478,116,
2016-11-03,1701,38730.0,39020.0,38620.0,38990,38800,38820,153686,192668,17190,
2016-11-04,1701,39100.0,39390.0,39000.0,39130,39190,38800,268470,201496,8828,
2016-11-07,1701,39230.0,40770.0,39150.0,40380,39880,39190,505096,240376,38880,
2016-11-08,1701,40180.0,40730.0,40070.0,40450,40370,39880,422864,251404,11028,
2016-11-09,1701,40400.0,42030.0,40340.0,41600,41430,40370,825362,258136,6732,
2016-11-10,1701,42320.0,43910.0,42230.0,43910,42970,41430,515896,253884,-4252,
2016-11-11,1701,45000.0,46830.0,44430.0,46700,45330,42970,988810,262712,8828,
2016-11-14,1701,47200.0,48040.0,43700.0,45520,45630,45330,1319384,249310,-13402,
2016-11-15,1701,45500.0,46160.0,43060.0,43670,44940,45630,827514,242572,-6738,
2016-11-16,1701,43670.0,44650.0,43560.0,44580,44170,44940,534122,248372,5800,
2016-11-17,1701,44270.0,44410.0,43400.0,43670,43890,44170,371964,231320,-17052,
2016-11-18,1701,43830.0,44580.0,43720.0,44210,44180,43890,412470,228852,-2468,
2016-11-21,1701,44430.0,45410.0,43610.0,45120,44500,44180,536360,238170,9318,
2016-11-22,1701,45190.0,46320.0,44710.0,46210,45610,44500,405740,228864,-9306,
2016-11-23,1701,45900.0,46120.0,45400.0,45760,45760,45610,315082,221660,-7204,
2016-11-24,1701,45560.0,48500.0,45460.0,48210,47310,45760,622346,198930,-22730,
2016-11-25,1701,47930.0,48900.0,47400.0,48100,48260,47310,474172,185342,-13588,
2016-11-28,1701,48020.0,49660.0,47760.0,49380,48600,48260,424094,178930,-6412,
2016-11-29,1701,49130.0,49240.0,46490.0,46610,47890,48600,405738,138700,-40230,
2016-11-30,1702,47030.0,47240.0,45110.0,46100,46220,47950,505638,228600,10366,
2016-12-01,1702,46390.0,47570.0,46140.0,47060,46990,46220,464488,235960,7360,
2016-12-02,1702,46930.0,47180.0,46150.0,46630,46650,46990,330356,230370,-5590,
2016-12-05,1702,46420.0,47630.0,46200.0,47360,46910,46650,364274,251632,21262,
2016-12-06,1702,47420.0,48480.0,47400.0,47690,47950,46910,365538,254760,3128,
2016-12-07,1702,47460.0,48500.0,47330.0,48350,47930,47950,358714,281024,26264,
2016-12-08,1702,48260.0,48470.0,46910.0,47210,47530,47930,385546,259338,-21686,
2016-12-09,1702,47360.0,47770.0,46480.0,47390,47100,47530,373262,245848,-13490,
2016-12-12,1702,47530.0,48270.0,47150.0,47230,47700,47100,332482,244348,-1500,
2016-12-13,1702,47060.0,47300.0,46620.0,46920,46930,47700,292322,235676,-8672,
2016-12-14,1702,47270.0,47300.0,46000.0,46490,46540,46930,288536,228348,-7328,
2016-12-15,1702,46780.0,47130.0,46140.0,46790,46680,46540,269802,223872,-4476,
2016-12-16,1702,46400.0,47160.0,46220.0,46460,46640,46680,233462,216844,-7028,
2016-12-19,1702,46180.0,46590.0,45580.0,45630,46090,46640,244460,215100,-1744,
2016-12-20,1702,45580.0,45580.0,44480.0,44890,44970,46090,297386,203366,-11734,
2016-12-21,1702,44950.0,45420.0,44800.0,45330,45140,44970,158184,199436,-3930,
2016-12-22,1702,45180.0,45330.0,44370.0,44430,44810,45140,171752,204652,5216,
2016-12-23,1702,44410.0,45200.0,44130.0,45070,44800,44810,236000,199536,-5116,
2016-12-26,1702,44900.0,45100.0,43370.0,44070,44210,44800,249022,181694,-17842,
2016-12-27,1702,44050.0,44770.0,43880.0,44600,44340,44210,137474,167124,-14570,
2016-12-28,1703,44640.0,46020.0,44640.0,45620,45530,44440,208248,179558,10088,
2016-12-29,1703,45450.0,45970.0,45160.0,45810,45570,45530,213126,192142,12584,
2016-12-30,1703,45650.0,45760.0,45070.0,45500,45430,45570,199464,187358,-4784,
2017-01-03,1703,45630.0,46290.0,45630.0,45760,46040,45430,183888,193636,6278,
2017-01-04,1703,45910.0,45980.0,44810.0,45520,45360,46040,290606,197220,3584,
2017-01-05,1703,45400.0,46170.0,45360.0,45760,45850,45360,318430,206010,8790,
2017-01-06,1703,45720.0,45770.0,45090.0,45350,45430,45850,252160,202332,-3678,
2017-01-09,1703,45260.0,45770.0,45090.0,45730,45470,45430,201880,204444,2112,
2017-01-10,1703,45530.0,46270.0,45350.0,46110,45780,45470,310498,218778,14334,
2017-01-11,1703,46340.0,47260.0,46340.0,47160,46950,45780,371356,225868,7090,
2017-01-12,1703,46950.0,47200.0,46750.0,46980,46990,46950,289596,220550,-5318,
2017-01-13,1703,47110.0,47810.0,47110.0,47400,47500,46990,362068,215618,-4932,
2017-01-16,1703,47420.0,48390.0,47230.0,47950,47900,47500,355334,222522,6904,
2017-01-17,1703,47880.0,48060.0,46540.0,46780,47320,47900,303912,204580,-17942,
2017-01-18,1703,46850.0,47060.0,45930.0,46600,46550,47320,308372,197432,-7148,
2017-01-19,1703,46500.0,46880.0,46290.0,46730,46610,46550,208420,193114,-4318,
2017-01-20,1703,46570.0,46730.0,46000.0,46080,46420,46610,236030,180960,-12154,
2017-01-23,1703,46270.0,47280.0,46140.0,46850,46790,46420,240234,178494,-2466,
2017-01-24,1703,46810.0,47210.0,46500.0,47070,46870,46790,187382,175182,-3312,
2017-01-25,1703,47480.0,47880.0,47370.0,47650,47610,46870,197238,165856,-9326,
2017-01-26,1703,47460.0,48210.0,47450.0,48040,47820,47610,188630,159580,-6276,
2017-02-03,1703,47700.0,47710.0,46520.0,46780,46920,47820,119846,153148,-6432,
2017-02-06,1703,46810.0,46980.0,46300.0,46600,46600,46920,145150,150708,-2440,
2017-02-07,1703,46620.0,47060.0,46560.0,46850,46810,46600,129254,149890,-818,
2017-02-08,1703,46800.0,47690.0,46530.0,47660,47170,46810,185624,152378,2488,
2017-02-09,1703,47580.0,47790.0,47210.0,47410,47530,47170,153138,150610,-1768,
2017-02-10,1704,47620.0,48050.0,47120.0,47820,47570,47680,213852,177982,18694,
2017-02-13,1704,47800.0,50620.0,47780.0,50120,49550,47570,616476,245852,67870,
2017-02-14,1704,49820.0,50250.0,49660.0,50110,49940,49550,347374,265978,20126,
2017-02-15,1704,50090.0,50290.0,48290.0,48740,49120,49940,512812,229176,-36802,
2017-02-16,1704,48740.0,49380.0,48510.0,48680,48970,49120,376604,228912,-264,
2017-02-17,1704,48600.0,48960.0,48170.0,48360,48600,48970,375026,227192,-1720,
2017-02-20,1704,48280.0,48850.0,47950.0,48770,48420,48600,321866,230668,3476,
2017-02-21,1704,48870.0,49350.0,48750.0,48920,49050,48420,295714,227126,-3542,
2017-02-22,1704,48990.0,49210.0,48500.0,48660,48900,49050,269764,221726,-5400,
2017-02-23,1704,48530.0,48990.0,48160.0,48390,48570,48900,287134,218162,-3564,
2017-02-24,1704,48640.0,48700.0,47100.0,47760,47760,48570,410140,200836,-17326,
2017-02-27,1704,47700.0,48310.0,47400.0,47730,47870,47760,324820,191912,-8924,
2017-02-28,1704,47910.0,48090.0,47440.0,47740,47830,47870,282636,188590,-3322,
2017-03-01,1704,47880.0,48800.0,47690.0,48650,48310,47830,339392,191314,2724,
2017-03-02,1704,48780.0,49100.0,48330.0,48690,48710,48310,261336,189942,-1372,
2017-03-03,1704,48450.0,48470.0,47860.0,48280,48150,48710,254492,184934,-5008,
2017-03-06,1704,48130.0,48440.0,47710.0,47890,48150,48150,241164,186286,1352,
2017-03-07,1704,47750.0,47790.0,47380.0,47720,47640,48150,184672,182642,-3644,
2017-03-08,1704,47420.0,47620.0,46910.0,47140,47220,47640,261772,176410,-6232,
2017-03-09,1704,47220.0,47420.0,46310.0,46400,46830,47220,238774,165164,-11246,
2017-03-10,1705,46300.0,46830.0,46140.0,46650,46560,46970,207214,199260,5562,
2017-03-13,1705,46800.0,47560.0,46530.0,47560,47020,46560,328654,202870,3610,
2017-03-14,1705,47500.0,47580.0,47190.0,47360,47360,47020,211346,207094,4224,
2017-03-15,1705,47150.0,47800.0,46820.0,47670,47440,47360,307966,215478,8384,
2017-03-16,1705,47900.0,48250.0,47710.0,48160,47980,47440,291370,218718,3240,
2017-03-17,1705,48270.0,48300.0,47660.0,47740,47940,47980,220262,217374,-1344,
2017-03-20,1705,47960.0,48280.0,47840.0,47980,48060,47940,228262,219224,1850,
2017-03-21,1705,47980.0,48400.0,47030.0,47290,47660,48060,347368,220782,1558,
2017-03-22,1705,47150.0,47500.0,46420.0,46660,46880,47660,321040,225738,4956,
2017-03-23,1705,46730.0,47340.0,46450.0,47120,46960,46880,248072,221334,-4404,
2017-03-24,1705,47120.0,47330.0,46710.0,47100,47010,46960,259020,220374,-960,
2017-03-27,1705,47040.0,47240.0,46050.0,46260,46540,47010,331254,228898,8524,
2017-03-28,1705,46100.0,47020.0,45600.0,46740,46330,46540,401114,213026,-15872,
2017-03-29,1705,46860.0,47690.0,46670.0,47530,47260,46330,318226,211298,-1728,
2017-03-30,1705,47500.0,47810.0,47200.0,47460,47480,47260,263782,203454,-7844,
2017-03-31,1705,47510.0,48390.0,47440.0,47750,47830,47480,393114,194190,-9264,
2017-04-05,1705,47090.0,47650.0,46980.0,47420,47320,47830,148642,189136,-5054,
2017-04-06,1705,47810.0,48300.0,47680.0,47810,47940,47320,247964,191346,2210,
2017-04-07,1705,47900.0,48160.0,46930.0,47130,47640,47940,318632,187952,-3394,
2017-04-10,1705,46820.0,47570.0,46650.0,47050,47130,47640,223444,181914,-6038,
2017-04-11,1706,47170.0,47240.0,46650.0,46670,46860,47290,251984,196172,22104,
2017-04-12,1706,46800.0,47090.0,46150.0,46230,46630,46860,447660,225448,29276,
2017-04-13,1706,46070.0,46550.0,45520.0,46480,46040,46630,511384,229730,4282,
2017-04-14,1706,46150.0,46520.0,45800.0,46110,46160,46040,315686,238902,9172,
2017-04-17,1706,46150.0,47940.0,45960.0,46480,46610,46160,450362,229598,-9304,
2017-04-18,1706,46690.0,46920.0,45740.0,45850,46290,46610,356194,259004,29406,
2017-04-19,1706,45850.0,46100.0,45110.0,45840,45630,46290,501250,256132,-2872,
2017-04-20,1706,45760.0,46140.0,44800.0,45560,45430,45630,596204,253888,-2244,
2017-04-21,1706,45750.0,46120.0,45460.0,46030,45770,45430,391290,248048,-5840,
2017-04-24,1706,45840.0,46060.0,45480.0,45910,45760,45770,352930,236896,-11152,
2017-04-25,1706,45780.0,46360.0,45570.0,46030,45880,45760,329762,226570,-10326,
2017-04-26,1706,46220.0,46450.0,45880.0,46230,46230,45880,262080,218586,-7984,
2017-04-27,1706,46340.0,46510.0,46170.0,46290,46310,46230,219242,214012,-4574,
2017-04-28,1706,46330.0,46470.0,45840.0,46330,46230,46310,313460,196602,-17410,
2017-05-02,1706,46950.0,47100.0,46690.0,46790,46870,46230,141624,186738,-9864,
2017-05-03,1706,46860.0,46940.0,46480.0,46580,46690,46870,130726,185484,-1254,
2017-05-04,1706,45870.0,45970.0,45010.0,45180,45550,46690,309126,182530,-2954,
2017-05-05,1706,45000.0,45280.0,44680.0,44980,45010,45550,244258,187830,5300,
2017-05-08,1706,45000.0,45550.0,44650.0,44670,45080,45010,267810,183304,-4526,
2017-05-09,1707,44620.0,44890.0,44420.0,44730,44700,45050,179390,195048,-936,
2017-05-10,1707,44840.0,45240.0,44730.0,44860,44950,44700,184178,197138,2090,
2017-05-11,1707,44980.0,45330.0,44660.0,45270,44940,44950,259366,200902,3764,
2017-05-12,1707,45510.0,45580.0,44830.0,44930,45030,44940,265148,216568,15666,
2017-05-15,1707,45080.0,45560.0,44900.0,45430,45200,45030,204988,214120,-2448,
2017-05-16,1707,45540.0,45570.0,45030.0,45170,45290,45200,196142,220114,5994,
2017-05-17,1707,45290.0,45650.0,45270.0,45390,45410,45290,226698,211564,-8550,
2017-05-18,1707,45240.0,45480.0,44920.0,44960,45130,45410,251502,224554,12990,
2017-05-19,1707,44650.0,45400.0,44610.0,45300,45130,45130,279650,215514,-9040,
2017-05-22,1707,45570.0,46030.0,45470.0,45800,45810,45130,316766,204386,-11128,
2017-05-23,1707,45980.0,46130.0,45760.0,45770,45950,45810,199768,205984,1598,
2017-05-24,1707,45920.0,46160.0,45510.0,45780,45860,45950,231488,201670,-4314,
2017-05-25,1707,45900.0,46070.0,45730.0,45970,45910,45860,202522,199120,-2550,
2017-05-26,1707,45910.0,46350.0,45850.0,46000,46050,45910,269820,191230,-7890,
2017-05-31,1707,45690.0,45850.0,45170.0,45230,45540,46050,211210,174426,-16804,
2017-06-01,1707,45330.0,45540.0,45080.0,45340,45310,45540,186044,159794,-14632,
2017-06-02,1707,45450.0,45580.0,45250.0,45330,45380,45310,145734,157424,-2370,
2017-06-05,1707,44920.0,45460.0,44860.0,45240,45230,45380,157696,153784,-3640,
2017-06-06,1708,45160.0,45350.0,44900.0,44920,45150,45250,158238,219982,12070,
2017-06-07,1708,44850.0,45300.0,44680.0,44880,45020,45150,277966,223644,3662,
2017-06-08,1708,44980.0,45360.0,44820.0,45260,45070,45020,209292,218882,-4762,
2017-06-09,1708,45530.0,46000.0,45490.0,45930,45750,45070,281390,220604,1722,
2017-06-12,1708,46220.0,46600.0,46110.0,46370,46340,45750,246512,224214,3610,
2017-06-13,1708,46290.0,46340.0,45810.0,45830,46070,46340,197490,223494,-720,
2017-06-14,1708,45650.0,46020.0,45630.0,45960,45800,46070,224422,214510,-8984,
2017-06-15,1708,45850.0,45920.0,45380.0,45600,45650,45800,220290,208066,-6444,
2017-06-16,1708,45550.0,45800.0,45360.0,45490,45570,45650,201860,203636,-4430,
2017-06-19,1708,45590.0,45770.0,45430.0,45680,45600,45570,163648,198308,-5328,
2017-06-20,1708,45830.0,46100.0,45750.0,45840,45910,45600,174480,204040,5732,
2017-06-21,1708,45590.0,45660.0,45360.0,45520,45500,45910,193626,205846,1806,
2017-06-22,1708,45880.0,46250.0,45750.0,45810,45980,45500,232072,197882,-7964,
2017-06-23,1708,46070.0,46720.0,45900.0,46690,46210,45980,229244,209268,11386,
2017-06-26,1708,46640.0,46840.0,46350.0,46820,46540,46210,192652,205720,-3548,
2017-06-27,1708,46680.0,46750.0,46430.0,46720,46570,46540,165084,193436,-12284,
2017-06-28,1708,46690.0,47000.0,46610.0,46920,46820,46570,190654,195242,1806,
2017-06-29,1708,46860.0,47520.0,46770.0,47430,47220,46820,274182,188688,-6554,
2017-06-30,1708,47430.0,47670.0,47230.0,47460,47440,47220,197134,171202,-17486,
2017-07-03,1708,47410.0,47540.0,47250.0,47500,47380,47440,137202,160750,-10452,
2017-07-04,1709,47490.0,47550.0,46930.0,47030,47230,47500,148008,192256,4022,
2017-07-05,1709,47110.0,47360.0,47080.0,47140,47210,47230,121620,197038,4782,
2017-07-06,1709,46870.0,46980.0,46680.0,46960,46830,47210,146812,197406,368,
2017-07-07,1709,46860.0,47150.0,46800.0,47130,46920,46830,123504,202196,4790,
2017-07-10,1709,46910.0,47040.0,46730.0,46770,46860,46920,165672,197104,-5092,
2017-07-11,1709,46680.0,47170.0,46580.0,47050,46840,46860,179100,199104,2000,
2017-07-12,1709,46920.0,47480.0,46850.0,47250,47210,46840,223482,201592,2488,
2017-07-13,1709,47360.0,47520.0,47120.0,47400,47320,47210,149728,203072,1480,
2017-07-14,1709,47440.0,47440.0,46930.0,47160,47150,47320,165950,202554,-518,
2017-07-17,1709,47140.0,47930.0,47120.0,47810,47520,47150,274074,220578,18024,
2017-07-18,1709,47950.0,48050.0,47560.0,47690,47840,47520,204886,212040,-8538,
2017-07-19,1709,47690.0,47980.0,47660.0,47960,47790,47840,155696,216360,4320,
2017-07-20,1709,47860.0,47910.0,47540.0,47790,47750,47790,199886,213556,-2804,
2017-07-21,1709,47810.0,48110.0,47410.0,48000,47800,47750,242490,216742,3186,
2017-07-24,1709,48200.0,48220.0,47720.0,47760,47890,47800,174398,205308,-11434,
2017-07-25,1709,47890.0,48690.0,47790.0,48560,48240,47890,277318,210168,4860,
2017-07-26,1709,49000.0,50730.0,48960.0,50050,49840,48240,513720,213502,3334,
2017-07-27,1709,49980.0,50420.0,49910.0,50040,50150,49840,267478,207324,-6178,
2017-07-28,1709,50210.0,50410.0,49550.0,49940,50010,50150,257912,197566,-9758,
2017-07-31,1709,50060.0,50860.0,49920.0,50710,50340,50010,285858,183196,-14370,
2017-08-01,1709,50330.0,50460.0,50100.0,50180,50320,50340,156298,168870,-14326,
2017-08-02,1709,50160.0,50350.0,49820.0,50030,50070,50320,164890,161664,-7206,
2017-08-03,1710,50200.0,50590.0,49980.0,49980,50330,50220,186936,214520,5690,
2017-08-04,1710,50220.0,50650.0,50110.0,50420,50380,50330,215792,229040,14520,
2017-08-07,1710,50400.0,51060.0,50160.0,50440,50430,50380,313780,230156,1116,
2017-08-08,1710,50460.0,51160.0,50350.0,50450,50760,50430,321062,237376,7220,
2017-08-09,1710,50450.0,51460.0,50450.0,51310,51110,50760,412874,257988,20612,
2017-08-10,1710,51210.0,51370.0,50640.0,50790,50940,51110,287458,237758,-20230,
2017-08-11,1710,50690.0,50730.0,49760.0,49970,50160,50940,376090,221268,-16490,
2017-08-14,1710,50210.0,50480.0,49980.0,50060,50280,50160,225496,224246,2978,
2017-08-15,1710,50200.0,50400.0,50060.0,50330,50240,50280,168522,226518,2272,
2017-08-16,1710,50330.0,50400.0,49880.0,50170,50090,50240,221076,227794,1276,
2017-08-17,1710,50540.0,51680.0,50530.0,51470,51250,50090,425214,234874,7080,
2017-08-18,1710,51090.0,51230.0,50620.0,51060,50910,51250,259318,223958,-10916,
2017-08-21,1710,51100.0,51920.0,50650.0,51650,51200,50910,403734,232220,8262,
2017-08-22,1710,51640.0,52210.0,51370.0,52190,51750,51200,385120,233630,1410,
2017-08-23,1710,52270.0,52330.0,51300.0,51560,51640,51750,330686,217544,-16086,
2017-08-24,1710,51510.0,52150.0,51360.0,51890,51760,51640,291158,220732,3188,
2017-08-25,1710,51860.0,52840.0,51780.0,52770,52440,51760,376636,221250,518,
2017-08-28,1710,52770.0,52970.0,52030.0,52920,52510,52440,343244,210336,-10914,
2017-08-29,1710,52960.0,53050.0,52430.0,52670,52710,52510,246030,195532,-14804,
2017-08-30,1710,52880.0,52980.0,52510.0,52700,52730,52710,235602,189436,-6096,
2017-08-31,1710,52530.0,52880.0,52360.0,52820,52650,52730,212712,183476,-5960,
2017-09-01,1710,52960.0,52960.0,52560.0,52800,52720,52650,176536,170188,-13288,
2017-09-04,1710,52530.0,53400.0,52500.0,53150,53010,52720,215214,165340,-4848,
2017-09-05,1710,53080.0,53700.0,53020.0,53610,53350,53010,159896,164734,-606,
2017-09-06,1710,53400.0,53480.0,52650.0,53160,53110,53350,178124,146292,-18442,
2017-09-07,1711,53130.0,53400.0,52720.0,52790,53050,53220,200062,179950,650,
2017-09-08,1711,52780.0,52910.0,51650.0,51740,52380,53050,323194,178582,-1368,
2017-09-11,1711,51700.0,51830.0,50910.0,51530,51340,52380,290212,180608,2026,
2017-09-12,1711,51760.0,51950.0,51420.0,51700,51680,51340,219924,185900,5292,
2017-09-13,1711,51120.0,51510.0,50980.0,51000,51270,51680,231800,192222,6322,
2017-09-14,1711,50640.0,50850.0,50370.0,50380,50580,51270,285450,189556,-2666,
2017-09-15,1711,50380.0,50620.0,50170.0,50380,50400,50580,229932,190910,1354,
2017-09-18,1711,50240.0,50790.0,49860.0,50700,50350,50400,284904,189400,-1510,
2017-09-19,1711,50650.0,50910.0,50460.0,50730,50730,50350,177744,187630,-1770,
2017-09-20,1711,50710.0,50990.0,50550.0,50810,50770,50730,180602,187284,-346,
2017-09-21,1711,50770.0,50850.0,49940.0,50160,50380,50770,257624,189334,2050,
2017-09-22,1711,50260.0,50470.0,49340.0,49630,49850,50380,351468,187612,-1722,
2017-09-25,1711,49840.0,50510.0,49820.0,50260,50160,49850,247008,179006,-8606,
2017-09-26,1711,50210.0,50820.0,50170.0,50640,50500,50160,173940,176102,-2904,
2017-09-27,1711,50460.0,50680.0,50080.0,50540,50370,50500,201670,169582,-6520,
2017-09-28,1711,50590.0,50700.0,50060.0,50620,50410,50370,247942,161250,-8332,
2017-09-29,1711,50770.0,51850.0,50620.0,51840,51250,50410,292024,139202,-22048,
2017-10-09,1711,52100.0,52400.0,51920.0,52110,52120,51250,111732,136710,-2492,
2017-10-10,1711,52020.0,52310.0,51800.0,51900,52070,52120,148916,139108,2398,
2017-10-11,1712,51890.0,52500.0,51710.0,52440,52200,52070,205294,192556,7632,
2017-10-12,1712,52400.0,53350.0,52210.0,53210,52890,52200,351494,204596,12040,
2017-10-13,1712,53370.0,53670.0,53150.0,53410,53420,52890,224032,208236,3640,
2017-10-16,1712,53420.0,55320.0,53100.0,55090,54080,53420,459982,212304,4068,
2017-10-17,1712,55280.0,55910.0,54980.0,55120,55410,54080,374224,206908,-5396,
2017-10-18,1712,55220.0,55340.0,54450.0,54890,54910,55410,298918,209684,2776,
2017-10-19,1712,54850.0,55240.0,54470.0,54620,54780,54910,267536,205172,-4512,
2017-10-20,1712,54400.0,55410.0,54140.0,55100,54700,54780,283334,209192,4020,
2017-10-23,1712,55030.0,55140.0,54070.0,54390,54580,54700,297772,196648,-12544,
2017-10-24,1712,54650.0,55840.0,54570.0,55480,55300,54580,303102,209484,12836,
2017-10-25,1712,55580.0,55590.0,54240.0,54590,54890,55300,311784,193512,-15972,
2017-10-26,1712,54900.0,55160.0,54670.0,54780,54870,54890,253628,186634,-6878,
2017-10-27,1712,54690.0,54880.0,53840.0,53990,54370,54870,272016,183546,-3088,
2017-10-30,1712,53600.0,53770.0,53250.0,53570,53510,54370,246596,166680,-16866,
2017-10-31,1712,53650.0,54170.0,53350.0,53820,53690,53510,183950,161186,-5494,
2017-11-01,1712,53560.0,54950.0,53430.0,54460,54210,53690,260556,153944,-7242,
2017-11-02,1712,54330.0,54420.0,53820.0,54050,54140,54210,188854,150202,-3742,
2017-11-03,1801,53880.0,54820.0,53880.0,54390,54430,54160,203122,150980,16246,
2017-11-06,1801,54400.0,54780.0,53830.0,54670,54290,54430,232864,159914,8934,
2017-11-07,1801,54610.0,55060.0,54390.0,54600,54670,54290,182902,163296,3382,
2017-11-08,1801,54300.0,54420.0,53370.0,53420,53770,54670,305714,169932,6636,
2017-11-09,1801,53620.0,53990.0,53060.0,53230,53540,53770,275702,170550,618,
2017-11-10,1801,53230.0,53780.0,53160.0,53580,53480,53540,197726,170070,-480,
2017-11-13,1801,53600.0,53720.0,53320.0,53650,53530,53480,162226,172618,2548,
2017-11-14,1801,53480.0,54570.0,53230.0,54030,54060,53530,358232,172700,82,
2017-11-15,1801,53980.0,54110.0,52630.0,52850,53190,54060,409694,171708,-992,
2017-11-16,1801,53000.0,53110.0,52540.0,52810,52880,53190,212728,172834,1126,
2017-11-17,1801,53060.0,53220.0,52660.0,52910,52930,52880,212498,178982,6148,
2017-11-20,1801,52850.0,53480.0,52620.0,52950,52980,52930,193784,178796,-186,
2017-11-21,1801,53040.0,53700.0,52910.0,53430,53280,52980,224184,174780,-4016,
2017-11-22,1801,53600.0,54260.0,53530.0,54110,53970,53280,241988,177316,2536,
2017-11-23,1801,53970.0,54290.0,53800.0,53850,54050,53970,171736,170162,-7154,
2017-11-24,1801,53840.0,54430.0,53800.0,54340,54150,54050,168346,169830,-332,
2017-11-27,1801,54440.0,54700.0,53720.0,53770,54230,54150,220270,164258,-5572,
2017-11-28,1801,53840.0,53990.0,53170.0,53410,53620,54230,199140,153502,-10756,
2017-11-29,1801,53180.0,53400.0,52940.0,53150,53180,53620,184640,149500,-4002,
2017-11-30,1801,52970.0,53050.0,52390.0,52840,52760,53180,264586,156818,7318,
2017-12-01,1801,52990.0,53240.0,52620.0,52900,52850,52760,150266,153326,-3492,
2017-12-04,1801,52820.0,53690.0,52690.0,53550,53270,52850,212682,144672,-8654,
2017-12-05,1801,53480.0,53520.0,52450.0,52560,53060,53270,169374,147612,2940,
2017-12-06,1801,52200.0,52270.0,51060.0,51410,51570,53060,271462,149500,1888,
2017-12-07,1802,51480.0,51740.0,51170.0,51210,51440,51590,166140,198682,9678,
2017-12-08,1802,51350.0,51900.0,51230.0,51700,51520,51440,225810,205392,6710,
2017-12-11,1802,51590.0,51900.0,51240.0,51320,51560,51520,247112,213576,8184,
2017-12-12,1802,51500.0,52280.0,51410.0,52070,51910,51560,272406,187698,-25878,
2017-12-13,1802,52150.0,52440.0,51850.0,52350,52170,51910,183984,185552,-2146,
2017-12-14,1802,52560.0,52730.0,52150.0,52290,52470,52170,213452,189688,4136,
2017-12-15,1802,52600.0,53040.0,52520.0,52920,52790,52470,220234,185326,-4362,
2017-12-18,1802,52870.0,53860.0,52780.0,53560,53470,52790,256442,174016,-11310,
2017-12-19,1802,53550.0,53840.0,53280.0,53390,53550,53470,188764,175622,1606,
2017-12-20,1802,53480.0,53930.0,53380.0,53680,53660,53550,152574,180464,4842,
2017-12-21,1802,53870.0,54640.0,53810.0,54230,54270,53660,247502,181622,1158,
2017-12-22,1802,54270.0,54550.0,54020.0,54500,54320,54270,180564,186666,5044,
2017-12-25,1802,54400.0,55280.0,54380.0,54700,54810,54320,226428,189366,2700,
2017-12-26,1802,54730.0,55310.0,54450.0,55240,54860,54810,182436,191628,2262,
2017-12-27,1802,55380.0,55430.0,54810.0,54960,55110,54860,182146,183662,-7966,
2017-12-28,1802,55060.0,55840.0,55030.0,55770,55420,55110,257758,182368,-1294,
2017-12-29,1802,55580.0,55860.0,55260.0,55470,55600,55420,210324,164604,-17764,
2018-01-02,1802,55400.0,55640.0,54840.0,55250,55140,55600,130716,157116,-7488,
2018-01-03,1802,55090.0,55230.0,54700.0,54850,54940,55140,130204,149810,-7306,
2018-01-04,1802,54740.0,55280.0,54560.0,55180,54870,54940,154148,148736,-1074,
2018-01-05,1802,55280.0,55340.0,54660.0,54860,54930,54870,121402,138126,-10610,
2018-01-08,1803,54710.0,54840.0,54420.0,54690,54600,55070,158260,226206,1116,
2018-01-09,1803,54600.0,55100.0,54530.0,55010,54800,54600,176372,235202,8996,
2018-01-10,1803,55000.0,55180.0,54680.0,54800,54890,54800,161198,229634,-5568,
2018-01-11,1803,55210.0,55310.0,54900.0,55110,55080,54890,158968,232216,2582,
2018-01-12,1803,55050.0,55130.0,54260.0,54800,54680,55080,214000,228728,-3488,
2018-01-15,1803,54440.0,55120.0,54350.0,54990,54670,54680,223716,235100,6372,
2018-01-16,1803,54970.0,55010.0,54180.0,54300,54600,54670,205918,221526,-13574,
2018-01-17,1803,53900.0,54050.0,53570.0,53580,53800,54600,231424,214052,-7474,
2018-01-18,1803,53720.0,53950.0,53450.0,53670,53680,53800,204204,211606,-2446,
2018-01-19,1803,53790.0,53890.0,53550.0,53710,53710,53680,180656,211296,-310,
2018-01-22,1803,53760.0,53980.0,53310.0,53900,53600,53710,249866,214884,3588,
2018-01-23,1803,53870.0,53880.0,53430.0,53720,53640,53600,200602,215576,692,
2018-01-24,1803,52930.0,52990.0,52530.0,52730,52760,53640,280792,234906,19330,
2018-01-25,1803,52890.0,54130.0,52790.0,53840,53560,52760,391388,214644,-20262,
2018-01-26,1803,53650.0,53860.0,53180.0,53430,53550,53560,225190,217010,2366,
2018-01-29,1803,53400.0,53810.0,53120.0,53600,53470,53550,219076,213290,-3720,
2018-01-30,1803,53480.0,53600.0,52820.0,52970,53260,53470,238906,203528,-9762,
2018-01-31,1803,53140.0,53310.0,52890.0,53220,53100,53260,219558,190878,-12650,
2018-02-01,1803,53300.0,53380.0,52920.0,52980,53140,53100,165548,180580,-10298,
2018-02-02,1803,52960.0,53670.0,52820.0,53520,53180,53140,191514,181386,806,
2018-02-05,1803,53250.0,53320.0,52720.0,53040,53020,53180,200242,183216,1830,
2018-02-06,1803,53060.0,53820.0,52580.0,52750,53130,53020,265798,177728,-5488,
2018-02-07,1803,52890.0,53150.0,52470.0,52710,52890,53130,187330,176266,-1462,
2018-02-08,1804,52700.0,52820.0,51780.0,52120,52160,53070,302370,227236,5056,
2018-02-09,1804,52120.0,52210.0,51440.0,51560,51800,52160,258852,234710,7474,
2018-02-12,1804,51330.0,51900.0,50920.0,51710,51360,51800,268694,236352,1642,
2018-02-13,1804,51710.0,52300.0,51520.0,52140,51880,51360,179328,240142,3790,
2018-02-14,1804,52380.0,52850.0,52230.0,52790,52560,51880,172660,230544,-9598,
2018-02-22,1804,53080.0,53090.0,52560.0,52750,52770,52560,96064,224352,-6192,
2018-02-23,1804,52880.0,53840.0,52840.0,53590,53570,52770,261144,226444,2092,
2018-02-26,1804,53390.0,53750.0,53200.0,53600,53430,53570,220706,226424,-20,
2018-02-27,1804,53490.0,53580.0,53100.0,53370,53330,53430,174578,224336,-2088,
2018-02-28,1804,53100.0,53160.0,52490.0,52590,52740,53330,238954,220582,-3754,
2018-03-01,1804,52600.0,52680.0,52120.0,52290,52380,52740,178432,217728,-2854,
2018-03-02,1804,52010.0,52500.0,51900.0,52320,52240,52380,189950,211270,-6458,
2018-03-05,1804,52200.0,52410.0,51850.0,51950,52110,52240,154444,209918,-1352,
2018-03-06,1805,52060.0,52740.0,51850.0,52620,52320,52280,191752,280698,12134,
2018-03-07,1805,52850.0,52940.0,52420.0,52480,52680,52320,190386,286536,5838,
2018-03-08,1805,52230.0,52450.0,51950.0,52020,52220,52680,197866,288444,1908,
2018-03-09,1805,51820.0,51970.0,51080.0,51190,51540,52220,289024,290898,2454,
2018-03-12,1805,51410.0,52560.0,51410.0,51960,52040,51540,308666,291074,176,
2018-03-13,1805,51950.0,52200.0,51710.0,51740,51930,52040,210318,295518,4444,
2018-03-14,1805,52090.0,52480.0,51890.0,52330,52150,51930,223704,289222,-6296,
2018-03-15,1805,52600.0,52740.0,51980.0,52120,52390,52150,248478,288960,-262,
2018-03-16,1805,51820.0,52300.0,51730.0,52120,51950,52390,205452,285674,-3286,
2018-03-19,1805,52110.0,52160.0,51160.0,51420,51590,51950,267984,296332,10658,
2018-03-20,1805,51280.0,51650.0,51120.0,51440,51360,51590,222650,295736,-596,
2018-03-21,1805,51280.0,51350.0,50470.0,50580,50840,51360,300280,307212,11476,
2018-03-22,1805,50450.0,51440.0,50380.0,51240,50990,50840,311050,300526,-6686,
2018-03-23,1805,50970.0,51050.0,49660.0,50110,50260,50990,447988,285658,-14868,
2018-03-26,1805,50180.0,50260.0,48720.0,49000,49550,50260,418866,280656,-5002,
2018-03-27,1805,48780.0,49890.0,48780.0,49620,49460,49550,327668,271856,-8800,
2018-03-28,1805,49510.0,49730.0,49220.0,49260,49480,49460,260964,264978,-6878,
2018-03-29,1805,49640.0,50100.0,49300.0,49880,49660,49480,391054,279364,14386,
2018-03-30,1805,49930.0,50280.0,49780.0,50180,50000,49660,228412,268974,-10390,
2018-04-02,1805,50150.0,50600.0,50080.0,50390,50280,50000,177164,261460,-7514,
2018-04-03,1805,50400.0,50640.0,50150.0,50370,50390,50280,202750,257290,-4170,
2018-04-04,1805,50420.0,50580.0,50210.0,50280,50360,50390,161216,248708,-8582,
2018-04-09,1805,50340.0,50650.0,50060.0,50610,50330,50360,148164,252812,4104,
2018-04-10,1805,50580.0,51160.0,50360.0,50950,50780,50330,192228,245512,-7300,
2018-04-11,1806,51400.0,51550.0,50900.0,51100,51270,50980,186814,229850,-6746,
2018-04-12,1806,51360.0,51370.0,50300.0,50620,50860,51270,260970,236052,6202,
2018-04-13,1806,50320.0,50680.0,50140.0,50520,50420,50860,225766,240746,4694,
2018-04-16,1806,50700.0,50740.0,50070.0,50490,50400,50420,249156,242684,1938,
2018-04-17,1806,50550.0,51050.0,50530.0,50820,50850,50400,248942,241290,-1394,
2018-04-18,1806,50590.0,51360.0,50450.0,51170,50830,50850,276956,240394,-896,
2018-04-19,1806,51700.0,52260.0,51620.0,51940,51890,50830,345872,230584,-9810,
2018-04-20,1806,51480.0,51670.0,51160.0,51400,51430,51890,254906,227188,-3396,
2018-04-23,1806,51580.0,52050.0,51420.0,51860,51720,51430,236978,227082,-106,
2018-04-24,1806,51000.0,51840.0,50830.0,51530,51430,51720,277464,217922,-9160,
2018-04-25,1806,52050.0,52080.0,51490.0,51550,51760,51430,241754,208710,-9212,
2018-04-26,1806,51830.0,51920.0,51380.0,51590,51700,51760,254250,202400,-6310,
2018-04-27,1806,51400.0,51790.0,51390.0,51560,51610,51700,225284,196638,-5762,
2018-05-02,1806,50750.0,51210.0,50700.0,51190,50990,51610,129718,194974,-1664,
2018-05-03,1806,51000.0,51120.0,50860.0,51060,51000,50990,151522,190032,-4942,
2018-05-04,1806,51260.0,51370.0,50830.0,51290,51150,51000,165814,185122,-4910,
2018-05-07,1806,50970.0,51260.0,50960.0,51150,51100,51150,135288,183706,-1416,
2018-05-08,1807,51630.0,51680.0,51220.0,51370,51400,51280,123160,203032,5276,
2018-05-09,1807,50800.0,51130.0,50450.0,50870,50900,51400,246322,213992,10960,
2018-05-10,1807,51000.0,51320.0,50920.0,51070,51110,50900,197810,221634,7642,
2018-05-11,1807,51700.0,51700.0,51350.0,51440,51480,51110,212786,222190,556,
2018-05-14,1807,51500.0,51760.0,51460.0,51560,51570,51480,205314,218296,-3894,
2018-05-15,1807,51290.0,51470.0,51060.0,51210,51270,51570,187332,216072,-2224,
2018-05-16,1807,51000.0,51200.0,50690.0,51020,50940,51270,218378,215988,-84,
2018-05-17,1807,50960.0,51270.0,50880.0,51050,51070,50940,157436,211238,-4750,
2018-05-18,1807,51160.0,51370.0,51060.0,51290,51240,51070,141748,206310,-4928,
2018-05-21,1807,51090.0,51520.0,50920.0,51370,51290,51240,256254,212512,6202,
2018-05-22,1807,51650.0,51660.0,51390.0,51440,51480,51290,154338,208812,-3700,
2018-05-23,1807,51880.0,52180.0,51620.0,51770,51880,51480,246000,205482,-3330,
2018-05-24,1807,51380.0,51460.0,51250.0,51430,51350,51880,174960,195564,-9918,
2018-05-25,1807,51450.0,51640.0,51310.0,51490,51490,51350,161524,190732,-4832,
2018-05-28,1807,51460.0,51630.0,51270.0,51610,51450,51490,137284,186630,-4102,
2018-05-29,1807,51290.0,51810.0,51270.0,51710,51540,51450,179284,187898,1268,
2018-05-30,1807,51780.0,51960.0,50780.0,50780,51330,51540,302378,196688,8790,
2018-05-31,1807,50930.0,51480.0,50900.0,51380,51230,51330,208730,175082,-21606,
2018-06-01,1807,51230.0,51570.0,51020.0,51480,51340,51230,170982,167792,-7290,
2018-06-04,1807,51640.0,52340.0,51490.0,51760,51870,51340,204274,165942,-1850,
2018-06-05,1807,52030.0,52300.0,51880.0,52290,52070,51870,171962,177180,11238,
2018-06-06,1807,52370.0,53170.0,52330.0,53090,52780,52070,240740,173498,-3682,
2018-06-07,1808,53490.0,54360.0,53470.0,54160,53940,53000,287162,207070,12686,
2018-06-08,1808,54400.0,54580.0,53690.0,53780,54130,53940,314034,219914,12844,
2018-06-11,1808,54050.0,54480.0,54000.0,54160,54250,54130,272404,224274,4360,
2018-06-12,1808,54000.0,54190.0,53730.0,53970,53970,54250,200354,221862,-2412,
2018-06-13,1808,54010.0,54030.0,53430.0,53530,53710,53970,205028,214972,-6890,
2018-06-14,1808,53690.0,54080.0,53520.0,53630,53800,53710,219358,214938,-34,
2018-06-15,1808,53550.0,53720.0,53230.0,53660,53510,53800,207270,209572,-5366,
2018-06-19,1808,52660.0,52950.0,51590.0,51680,52310,53510,287526,190712,-18860,
2018-06-20,1808,51560.0,52050.0,51490.0,51980,51840,52310,216472,190536,-176,
2018-06-21,1808,51720.0,51980.0,51430.0,51780,51730,51840,202184,190684,148,
2018-06-22,1808,51750.0,51880.0,51570.0,51870,51730,51730,188590,188954,-1730,
2018-06-25,1808,51800.0,52130.0,51650.0,51680,51860,51730,193704,182872,-6082,
2018-06-26,1808,51790.0,51810.0,51330.0,51630,51560,51860,197446,183102,230,
2018-06-27,1808,51600.0,51780.0,51440.0,51480,51590,51560,182396,178962,-4140,
2018-06-28,1808,51450.0,52050.0,51430.0,51640,51770,51590,206312,172620,-6342,
2018-06-29,1808,51350.0,51780.0,51080.0,51660,51430,51770,250034,171598,-1022,
2018-07-02,1808,51490.0,51520.0,50950.0,51210,51340,51430,166102,170186,-1412,
2018-07-03,1808,51370.0,51570.0,51020.0,51430,51330,51340,144068,164914,-5272,
2018-07-04,1808,51230.0,51340.0,50000.0,50100,50770,51330,244920,175948,11034,
2018-07-05,1808,50040.0,50190.0,49180.0,49330,49600,50770,284764,170360,-5588,
2018-07-06,1809,49550.0,49770.0,48640.0,49160,49270,49710,313860,175300,7538,
2018-07-09,1809,49100.0,50080.0,48830.0,49990,49540,49270,285956,182134,6834,
2018-07-10,1809,49700.0,50000.0,49580.0,49760,49800,49540,209834,188898,6764,
2018-07-11,1809,49570.0,49750.0,47520.0,48120,48390,49800,541382,203752,14854,
2018-07-12,1809,48250.0,49170.0,47780.0,49000,48490,48390,450502,207346,3594,
2018-07-13,1809,48770.0,49010.0,48580.0,48720,48820,48490,275076,210156,2810,
2018-07-16,1809,48850.0,49300.0,48720.0,48720,48990,48820,296012,212320,2164,
2018-07-17,1809,48700.0,49160.0,48510.0,48810,48820,48990,295984,214454,2134,
2018-07-18,1809,48660.0,48800.0,48130.0,48260,48490,48820,330832,225282,10828,
2018-07-19,1809,48180.0,49150.0,48170.0,48670,48690,48490,398280,203752,-21530,
2018-07-20,1809,48150.0,48740.0,48010.0,48590,48340,48690,396008,214158,10406,
2018-07-23,1809,48650.0,49170.0,48600.0,49020,48870,48340,358224,212686,-1472,
2018-07-24,1809,49190.0,49500.0,48940.0,49310,49200,48870,280694,206958,-5728,
2018-07-25,1809,49690.0,50270.0,49670.0,49910,50020,49200,380778,199500,-7458,
2018-07-26,1809,49910.0,50290.0,49750.0,50140,50000,50020,281736,196458,-3042,
2018-07-27,1809,49980.0,50240.0,49840.0,50090,50040,50000,234256,194188,-2270,
2018-07-30,1809,50130.0,50400.0,49320.0,49360,49940,50040,296308,184308,-9880,
2018-07-31,1809,49730.0,50010.0,49540.0,49830,49780,49940,230464,172196,-12112,
2018-08-01,1809,49800.0,50200.0,49590.0,49820,49930,49780,242416,165578,-6618,
2018-08-02,1809,49390.0,49530.0,48740.0,49340,49210,49930,253890,163048,-2530,
2018-08-03,1809,49290.0,49370.0,49050.0,49230,49210,49210,158676,161328,-1720,
2018-08-06,1809,49450.0,49820.0,49100.0,49300,49380,49210,208600,158640,-2688,
2018-08-07,1810,49140.0,49670.0,49020.0,49550,49380,49430,184942,157422,7148,
2018-08-08,1810,49490.0,49760.0,49430.0,49530,49580,49380,172390,167246,9824,
2018-08-09,1810,49440.0,50090.0,49370.0,49950,49710,49580,267388,183282,16036,
2018-08-10,1810,50020.0,50170.0,49460.0,49600,49830,49710,238180,181576,-1706,
2018-08-13,1810,49640.0,49860.0,49530.0,49730,49680,49830,180398,186286,4710,
2018-08-14,1810,49820.0,49980.0,49370.0,49520,49670,49680,237192,182444,-3842,
2018-08-15,1810,49450.0,49560.0,48240.0,48550,48840,49670,365084,198238,15794,
2018-08-16,1810,48240.0,48350.0,47210.0,47580,47710,48840,474398,211834,13596,
2018-08-17,1810,47700.0,48150.0,47490.0,47700,47850,47710,336290,212302,468,
2018-08-20,1810,47810.0,48380.0,47770.0,48250,48080,47850,260152,196788,-15514,
2018-08-21,1810,48290.0,48740.0,48270.0,48700,48460,48080,207460,188020,-8768,
2018-08-22,1810,48710.0,48920.0,48120.0,48290,48570,48460,199122,181128,-6892,
2018-08-23,1810,48450.0,48550.0,47960.0,47990,48260,48570,208790,181142,14,
2018-08-24,1810,48120.0,48760.0,48060.0,48510,48440,48260,216926,176128,-5014,
2018-08-27,1810,48560.0,48880.0,48540.0,48790,48750,48440,186508,171670,-4458,
2018-08-28,1810,48850.0,48920.0,48410.0,48650,48630,48750,178046,167228,-4442,
2018-08-29,1810,48850.0,49120.0,48750.0,48830,48950,48630,195804,163434,-3794,
2018-08-30,1810,48860.0,48920.0,48570.0,48800,48740,48950,152284,161908,-1526,
2018-08-31,1810,48770.0,48860.0,48310.0,48580,48580,48740,228032,159152,-2756,
2018-09-03,1810,48530.0,48620.0,47880.0,48170,48190,48580,222402,158974,-178,
2018-09-04,1810,48190.0,48220.0,47720.0,47780,47980,48190,134980,164664,5690,
2018-09-05,1810,47480.0,47520.0,47040.0,47510,47270,47980,201768,171582,6918,
2018-09-06,1810,47480.0,47760.0,47430.0,47560,47600,47270,132318,168522,-3060,
2018-09-07,1811,47720.0,47960.0,47400.0,47560,47680,47500,139198,198092,3744,
2018-09-10,1811,47700.0,47900.0,47430.0,47460,47660,47680,178970,199828,1736,
2018-09-11,1811,47660.0,47940.0,47570.0,47910,47750,47660,163546,199998,170,
2018-09-12,1811,47310.0,47870.0,47200.0,47730,47560,47750,214224,204256,4258,
2018-09-13,1811,47810.0,48660.0,47680.0,48620,48240,47560,280520,197002,-7254,
2018-09-14,1811,48660.0,48830.0,48420.0,48420,48600,48240,201026,189986,-7016,
2018-09-17,1811,48360.0,48530.0,47820.0,47930,48140,48600,222616,193732,3746,
2018-09-18,1811,48010.0,48790.0,47980.0,48680,48400,48140,276876,207594,13862,
2018-09-19,1811,49290.0,49730.0,49210.0,49640,49480,48400,301162,199090,-8504,
2018-09-20,1811,49500.0,49600.0,49230.0,49340,49440,49480,189550,199366,276,
2018-09-21,1811,49330.0,50020.0,49110.0,49740,49600,49440,254236,205456,6090,
2018-09-25,1811,50400.0,50460.0,50010.0,50360,50180,49600,165238,201426,-4030,
2018-09-26,1811,50710.0,50820.0,50390.0,50530,50580,50180,234234,196772,-4654,
2018-09-27,1811,50580.0,50680.0,50070.0,50130,50390,50580,189856,182654,-14118,
2018-09-28,1811,50040.0,50240.0,49710.0,50170,49970,50390,196936,170146,-12508,
2018-10-08,1811,50120.0,50250.0,49820.0,50010,50020,49970,87740,172576,2430,
2018-10-09,1811,50050.0,50500.0,50010.0,50500,50300,50020,166260,175162,2586,
2018-10-10,1811,50270.0,51140.0,50160.0,50770,50700,50300,212766,180836,5674,
2018-10-11,1811,50730.0,50930.0,49760.0,49980,50210,50700,226062,175978,-4858,
2018-10-12,1811,50230.0,50850.0,50080.0,50800,50490,50210,196994,182814,6836,
2018-10-15,1811,50740.0,51090.0,50450.0,50570,50780,50490,152142,178316,-4498,
2018-10-16,1811,50780.0,50960.0,50130.0,50190,50510,50780,149838,168606,-9710,
2018-10-17,1812,50210.0,50250.0,49840.0,50160,50080,50400,133192,143552,150,
2018-10-18,1812,50270.0,50440.0,49870.0,49980,50150,50080,184436,146562,3010,
2018-10-19,1812,49890.0,50210.0,49720.0,50160,49970,50150,182122,147862,1300,
2018-10-22,1812,50420.0,50580.0,50180.0,50510,50370,49970,178626,158946,11084,
2018-10-23,1812,50730.0,50760.0,50000.0,50060,50330,50370,153150,160004,1058,
2018-10-24,1812,49860.0,50400.0,49820.0,50330,50120,50330,191940,165736,5732,
2018-10-25,1812,50140.0,50270.0,49360.0,49760,49770,50120,246018,162382,-3354,
2018-10-26,1812,50030.0,50390.0,49710.0,49750,50040,49770,182982,160114,-2268,
2018-10-29,1812,49770.0,50210.0,49610.0,49770,49900,50040,198698,162850,2736,
2018-10-30,1812,50080.0,50170.0,49620.0,49700,49840,49900,177650,164092,1242,
2018-10-31,1812,49400.0,49440.0,48950.0,49060,49160,49840,219696,163934,-158,
2018-11-01,1812,49050.0,49290.0,48510.0,48730,48860,49160,172014,155050,-8884,
2018-11-02,1812,48840.0,50020.0,48770.0,49890,49360,48860,244722,155168,118,
2018-11-05,1812,49970.0,50390.0,49790.0,49870,50070,49360,199656,158274,3106,
2018-11-06,1901,49710.0,49900.0,49480.0,49660,49660,50000,144330,175406,5086,
2018-11-07,1901,49660.0,49890.0,49210.0,49470,49500,49660,187242,181924,6518,
2018-11-08,1901,49630.0,49690.0,49310.0,49370,49450,49500,159576,182450,526,
2018-11-09,1901,49220.0,49560.0,49070.0,49180,49280,49450,170890,189842,7392,
2018-11-12,1901,49070.0,49160.0,48770.0,48920,49000,49280,221910,197952,8110,
2018-11-13,1901,48930.0,49130.0,48670.0,49100,48900,49000,195234,197062,-890,
2018-11-14,1901,49090.0,49350.0,48720.0,48820,48980,48900,223268,199918,2856,
2018-11-15,1901,48970.0,49580.0,48920.0,49520,49190,48980,238130,193510,-6408,
2018-11-16,1901,49560.0,49770.0,49410.0,49580,49580,49190,198160,189794,-3716,
2018-11-19,1901,49470.0,49920.0,49400.0,49780,49660,49580,200744,186514,-3280,
2018-11-20,1901,49850.0,50030.0,49540.0,49580,49800,49660,200582,185346,-1168,
2018-11-21,1901,49750.0,50000.0,48740.0,49410,49390,49800,346060,186594,1248,
2018-11-22,1901,49600.0,49710.0,49260.0,49570,49500,49390,180800,181814,-4780,
2018-11-23,1901,49550.0,49830.0,49330.0,49400,49590,49500,174734,180168,-1646,
2018-11-26,1901,49300.0,49450.0,49050.0,49300,49270,49590,247316,177950,-2218,
2018-11-27,1901,49420.0,49440.0,48650.0,48880,49070,49270,318768,169944,-8006,
2018-11-28,1901,48900.0,49300.0,48620.0,49280,48960,49070,241950,159892,-10052,
2018-11-29,1901,49250.0,49820.0,49110.0,49560,49500,48960,202904,151244,-8648,
2018-11-30,1901,49590.0,49720.0,49450.0,49720,49590,49500,162606,141134,-10110,
2018-12-03,1901,49610.0,50790.0,49380.0,50250,50020,49590,218250,134430,-6704,
2018-12-04,1902,50180.0,50370.0,49600.0,49660,49950,49990,157134,175974,-1196,
2018-12-05,1902,49640.0,49730.0,49100.0,49350,49420,49950,197696,172174,-3800,
2018-12-06,1902,49260.0,49370.0,48960.0,48980,49150,49420,167154,177826,5652,
2018-12-07,1902,48760.0,49300.0,48720.0,49180,49000,49150,195508,173268,-4558,
2018-12-10,1902,49230.0,49260.0,48870.0,48930,49060,49000,149254,180656,7388,
2018-12-11,1902,48930.0,49180.0,48800.0,49090,49010,49060,172762,180618,-38,
2018-12-12,1902,49150.0,49450.0,49050.0,49080,49240,49010,168062,178712,-1906,
2018-12-13,1902,49040.0,49400.0,49010.0,49340,49190,49240,156686,179344,632,
2018-12-14,1902,49310.0,49440.0,48870.0,48890,49150,49190,186434,185996,6652,
2018-12-17,1902,48800.0,49300.0,48740.0,49230,49100,49150,155804,174684,-11312,
2018-12-18,1902,49040.0,49180.0,48860.0,48930,49000,49100,176828,179086,4402,
2018-12-19,1902,48730.0,48800.0,48010.0,48090,48400,49000,311126,206050,26964,
2018-12-20,1902,48130.0,48470.0,47760.0,48220,48180,48400,267864,199886,-6164,
2018-12-21,1902,48360.0,48600.0,48200.0,48410,48350,48180,170110,190934,-8952,
2018-12-24,1902,48300.0,48510.0,48030.0,48100,48220,48350,188998,192340,1406,
2018-12-25,1902,48010.0,48190.0,47470.0,48010,47910,48220,248624,183828,-8512,
2018-12-26,1902,48000.0,48090.0,47820.0,48040,47970,47910,119494,174102,-9726,
2018-12-27,1902,48400.0,48640.0,48160.0,48280,48400,47970,189466,160842,-13260,
2018-12-28,1902,48200.0,48390.0,47970.0,48340,48170,48400,191960,150454,-10388,
2019-01-02,1902,47980.0,48170.0,47670.0,47680,47900,48170,112020,142204,-8250,
2019-01-03,1903,47180.0,47460.0,46960.0,47310,47210,47860,225040,183262,16024,
2019-01-04,1903,47200.0,47370.0,46210.0,47140,46760,47210,348086,201274,18012,
2019-01-07,1903,47140.0,47680.0,46810.0,47430,47290,46760,301244,195338,-5936,
2019-01-08,1903,47380.0,47510.0,47230.0,47340,47360,47290,167112,190932,-4406,
2019-01-09,1903,47420.0,47820.0,47260.0,47680,47540,47360,233952,182080,-8852,
2019-01-10,1903,47730.0,47740.0,47380.0,47510,47540,47540,185460,182636,556,
2019-01-11,1903,47340.0,47350.0,46970.0,47320,47180,47540,224400,193152,10516,
2019-01-14,1903,47150.0,47270.0,46730.0,46890,47030,47180,233818,211898,18746,
2019-01-15,1903,46830.0,47080.0,46690.0,47000,46880,47030,172170,207730,-4168,
2019-01-16,1903,46920.0,47430.0,46890.0,47380,47160,46880,225524,208056,326,
2019-01-17,1903,47340.0,47490.0,47220.0,47380,47360,47160,158182,204508,-3548,
2019-01-18,1903,47350.0,47930.0,47230.0,47860,47630,47360,213558,198828,-5680,
2019-01-21,1903,47930.0,48300.0,47690.0,47800,47950,47630,223964,194574,-4254,
2019-01-22,1903,47660.0,47850.0,47500.0,47530,47650,47950,129522,191478,-3096,
2019-01-23,1903,47610.0,47690.0,47320.0,47540,47500,47650,118250,192730,1252,
2019-01-24,1903,47430.0,47610.0,47260.0,47320,47390,47500,133490,191876,-854,
2019-01-25,1903,47260.0,47490.0,47090.0,47380,47300,47390,146234,190720,-1156,
2019-01-28,1903,47210.0,47950.0,47140.0,47540,47620,47300,215208,180062,-10658,
2019-01-29,1903,47620.0,47670.0,47350.0,47580,47510,47620,121536,177368,-2694,
2019-01-30,1903,47610.0,47920.0,47600.0,47700,47750,47510,135976,178878,1510,
2019-01-31,1903,47830.0,48220.0,47770.0,48090,48040,47750,164962,172048,-6830,
2019-02-01,1903,48210.0,48360.0,47970.0,48270,48170,48040,113982,166284,-5764,
2019-02-11,1903,48600.0,48600.0,48170.0,48190,48360,48170,91592,167466,1182,
2019-02-12,1903,48310.0,48450.0,48060.0,48110,48290,48360,106656,166960,-506,
2019-02-13,1904,48150.0,48320.0,47960.0,48280,48160,48420,97550,166362,7986,
2019-02-14,1904,48190.0,48550.0,48150.0,48490,48330,48160,107088,179308,12946,
2019-02-15,1904,48640.0,48650.0,48150.0,48200,48350,48330,130306,184008,4700,
2019-02-18,1904,48500.0,49260.0,48440.0,49230,48810,48350,221478,222040,38032,
2019-02-19,1904,49290.0,49480.0,49160.0,49360,49330,48810,170316,232708,10668,
2019-02-20,1904,49280.0,49790.0,49230.0,49710,49590,49330,196492,240388,7680,
2019-02-21,1904,49690.0,50040.0,49530.0,49670,49780,49590,220484,248714,8326,
2019-02-22,1904,49750.0,49920.0,49550.0,49920,49710,49780,169764,250936,2222,
2019-02-25,1904,50310.0,50620.0,50100.0,50520,50300,49710,275480,257880,6944,
2019-02-26,1904,50370.0,50410.0,49970.0,50190,50150,50300,229798,251196,-6684,
2019-02-27,1904,50160.0,50280.0,49970.0,50080,50130,50150,182712,241558,-9638,
2019-02-28,1904,50220.0,50440.0,50110.0,50160,50260,50130,172546,232392,-9166,
2019-03-01,1904,50260.0,50560.0,50100.0,50500,50270,50260,163088,224932,-7460,
2019-03-04,1904,50530.0,50810.0,49980.0,50010,50340,50270,196842,217350,-7582,
2019-03-05,1905,49650.0,49710.0,49360.0,49500,49550,50300,271172,223868,14476,
2019-03-06,1905,49620.0,49670.0,49340.0,49400,49460,49550,132836,235600,11732,
2019-03-07,1905,49450.0,49650.0,49110.0,49210,49390,49460,174430,228928,-6672,
2019-03-08,1905,49220.0,49300.0,48990.0,49040,49150,49390,152736,231054,2126,
2019-03-11,1905,48820.0,49220.0,48810.0,49190,49030,49150,140418,234632,3578,
2019-03-12,1905,49170.0,49490.0,49010.0,49450,49260,49030,155542,242998,8366,
2019-03-13,1905,49630.0,49720.0,49220.0,49340,49420,49260,165036,234442,-8556,
2019-03-14,1905,49440.0,49440.0,49060.0,49110,49260,49420,149960,238354,3912,
2019-03-15,1905,48870.0,49410.0,48670.0,49320,48960,49260,326806,235392,-2962,
2019-03-18,1905,49120.0,49460.0,48950.0,49350,49180,48960,190904,227840,-7552,
2019-03-19,1905,49390.0,49430.0,49130.0,49330,49250,49180,132344,229810,1970,
2019-03-20,1905,49390.0,49500.0,49160.0,49190,49290,49250,111362,229844,34,
2019-03-21,1905,49190.0,49480.0,49120.0,49420,49320,49290,141296,237030,7186,
2019-03-22,1905,49270.0,49310.0,48920.0,48940,49080,49320,163772,231162,-5868,
2019-03-25,1905,48580.0,48740.0,48100.0,48120,48410,49080,229440,230270,-892,
2019-03-26,1905,48210.0,48380.0,48140.0,48230,48260,48410,133948,220808,-9462,
2019-03-27,1905,48270.0,48520.0,48230.0,48390,48380,48260,135012,211444,-9364,
2019-03-28,1905,48430.0,48480.0,48140.0,48360,48350,48380,127904,210982,-462,
2019-03-29,1905,48540.0,48910.0,48420.0,48800,48640,48350,154770,206552,-4430,
2019-04-01,1905,49200.0,49480.0,49100.0,49460,49290,48640,166218,188712,-17840,
2019-04-02,1905,49420.0,49460.0,49040.0,49270,49260,49290,119910,178728,-9984,
2019-04-03,1905,49150.0,49540.0,49000.0,49510,49230,49260,124934,180792,2064,
2019-04-04,1905,49360.0,49660.0,49250.0,49520,49480,49230,125892,182670,1878,
2019-04-08,1906,49240.0,49470.0,49210.0,49310,49350,49560,85490,156336,412,
2019-04-09,1906,49470.0,49990.0,49380.0,49880,49620,49350,173234,181694,25358,
2019-04-10,1906,49860.0,49990.0,49500.0,49570,49660,49620,161230,181458,-236,
2019-04-11,1906,49380.0,49530.0,49190.0,49270,49380,49660,141244,186588,5130,
2019-04-12,1906,49230.0,49380.0,48990.0,49280,49210,49380,145190,185604,-984,
2019-04-15,1906,49720.0,49750.0,49400.0,49400,49540,49210,142518,182346,-3258,
2019-04-16,1906,49400.0,49660.0,49220.0,49480,49420,49540,136854,184444,2098,
2019-04-17,1906,49480.0,49710.0,49390.0,49510,49540,49420,163344,191592,7148,
2019-04-18,1906,49840.0,50080.0,49470.0,49500,49740,49540,256234,190496,-1096,
2019-04-19,1906,49290.0,49550.0,49230.0,49530,49390,49740,100934,188138,-2358,
2019-04-22,1906,49540.0,49590.0,49110.0,49250,49380,49390,123388,188474,336,
2019-04-23,1906,49070.0,49280.0,49050.0,49160,49150,49380,119046,187480,-994,
2019-04-24,1906,49050.0,49130.0,48830.0,48960,48980,49150,149314,190466,2986,
2019-04-25,1906,49100.0,49360.0,49080.0,49180,49200,48980,145222,188890,-1576,
2019-04-26,1906,48960.0,48980.0,48720.0,48970,48860,49200,146458,183910,-4980,
2019-04-29,1906,48950.0,49020.0,48790.0,48850,48880,48860,100624,187340,3430,
2019-04-30,1906,48810.0,49070.0,48770.0,48930,48920,48880,115752,178288,-9052,
2019-05-06,1907,47690.0,48130.0,47420.0,47990,47830,48950,130924,159314,21022,
2019-05-07,1907,48070.0,48430.0,47960.0,48280,48280,47830,112210,156400,-2914,
2019-05-08,1907,47890.0,48050.0,47770.0,47840,47910,48280,128518,166930,10530,
2019-05-09,1907,47620.0,47790.0,47540.0,47560,47630,47910,154188,182688,15758,
2019-05-10,1907,47540.0,48060.0,47370.0,47760,47760,47630,194156,191556,8868,
2019-05-13,1907,47760.0,47950.0,47600.0,47660,47720,47760,124112,191766,210,
2019-05-14,1907,47550.0,47640.0,47350.0,47490,47510,47720,156302,198132,6366,
2019-05-15,1907,47490.0,47820.0,47390.0,47730,47600,47510,159226,215614,17482,
2019-05-16,1907,47550.0,47920.0,47550.0,47790,47750,47600,126132,214246,-1368,
2019-05-17,1907,48100.0,48150.0,47500.0,47630,47880,47750,157594,210038,-4208,
2019-05-20,1907,47710.0,47880.0,47600.0,47620,47740,47880,117452,208752,-1286,
2019-05-21,1907,47580.0,47820.0,47550.0,47700,47710,47740,122918,213022,4270,
2019-05-22,1907,47590.0,47670.0,47100.0,47160,47400,47710,224660,224124,11102,
2019-05-23,1907,47000.0,47090.0,46550.0,46680,46800,47400,173938,236656,12532,
2019-05-24,1907,46620.0,47210.0,46530.0,47170,46900,46800,164438,234148,-2508,
2019-05-27,1907,47080.0,47330.0,47030.0,47280,47150,46900,133378,232158,-1990,
2019-05-28,1907,47210.0,47340.0,47100.0,47130,47230,47150,83480,228318,-3840,
2019-05-29,1907,47160.0,47230.0,46780.0,46810,46990,47230,112976,226488,-1830,
2019-05-30,1907,46670.0,46800.0,46440.0,46550,46620,46990,159450,239870,13382,
2019-05-31,1907,46370.0,46520.0,46120.0,46180,46360,46620,183872,236888,-2982,
2019-06-03,1907,46150.0,46390.0,46060.0,46130,46180,46360,117262,224764,-12124,
2019-06-04,1907,46300.0,46420.0,46190.0,46270,46290,46180,83460,218826,-5938,
2019-06-05,1908,46250.0,46660.0,46220.0,46550,46480,46330,93144,189080,4408,
2019-06-06,1908,46380.0,46390.0,45860.0,46020,46080,46480,147732,200218,11138,
2019-06-10,1908,46110.0,46390.0,46050.0,46260,46230,46080,73470,207944,7726,
2019-06-11,1908,46230.0,46940.0,46230.0,46900,46660,46230,163332,222788,14844,
2019-06-12,1908,47020.0,47050.0,46420.0,46480,46700,46660,154314,232238,9450,
2019-06-13,1908,46430.0,46620.0,46200.0,46270,46380,46700,140080,245120,12882,
2019-06-14,1908,46270.0,46630.0,46240.0,46340,46460,46380,130014,240504,-4616,
2019-06-17,1908,46310.0,46350.0,46040.0,46150,46160,46460,122456,249026,8522,
2019-06-18,1908,46050.0,46440.0,45990.0,46330,46280,46160,120452,249106,80,
2019-06-19,1908,46640.0,47040.0,46520.0,46840,46830,46280,240284,243916,-5190,
2019-06-20,1908,46780.0,46990.0,46660.0,46930,46840,46830,136528,244852,936,
2019-06-21,1908,46980.0,47170.0,46700.0,46850,46890,46840,165026,245690,838,
2019-06-24,1908,46720.0,47020.0,46660.0,46750,46830,46890,138246,245078,-612,
2019-06-25,1908,46820.0,47130.0,46730.0,47090,46910,46830,151490,245042,-36,
2019-06-26,1908,47150.0,47530.0,47150.0,47210,47320,46910,190358,241890,-3152,
2019-06-27,1908,47170.0,47260.0,46850.0,47090,47100,47320,136614,229534,-12356,
2019-06-28,1908,46920.0,47210.0,46840.0,47010,47000,47100,157210,222140,-7394,
2019-07-01,1908,46970.0,47450.0,46960.0,47360,47260,47000,124124,219918,-2222,
2019-07-02,1908,47110.0,47120.0,46540.0,46610,46730,47260,157822,218618,-1300,
2019-07-03,1908,46520.0,46520.0,46220.0,46250,46330,46730,117758,217632,-986,
2019-07-04,1908,46390.0,46620.0,46320.0,46350,46450,46330,95224,209324,-8308,
2019-07-05,1908,46400.0,46520.0,46220.0,46280,46380,46450,70522,210286,962,
2019-07-08,1909,46270.0,46520.0,46170.0,46390,46390,46420,96240,221000,4120,
2019-07-09,1909,46560.0,46570.0,46110.0,46190,46290,46390,133840,229856,8856,
2019-07-10,1909,46000.0,46160.0,45640.0,46080,45900,46290,220588,247738,17882,
2019-07-11,1909,46510.0,46690.0,46420.0,46590,46540,45900,171810,234434,-13304,
2019-07-12,1909,46620.0,46790.0,46500.0,46670,46660,46540,115792,235920,1486,
2019-07-15,1909,46540.0,47020.0,46530.0,46910,46780,46660,153976,250068,14148,
2019-07-16,1909,47020.0,47100.0,46790.0,46910,46950,46780,121524,244872,-5196,
2019-07-17,1909,46960.0,47280.0,46760.0,46860,46990,46950,174862,245778,906,
2019-07-18,1909,46760.0,46960.0,46620.0,46780,46790,46990,140190,243382,-2396,
2019-07-19,1909,46860.0,48040.0,46800.0,47970,47510,46790,375166,298182,54800,
2019-07-22,1909,48330.0,48390.0,47360.0,47410,47800,47510,321630,256854,-41328,
2019-07-23,1909,47350.0,47510.0,47220.0,47300,47340,47800,133428,254056,-2798,
2019-07-24,1909,47190.0,47200.0,46750.0,47090,46990,47340,163518,250514,-3542,
2019-07-25,1909,47090.0,47160.0,46960.0,47020,47060,46990,98330,245950,-4564,
2019-07-26,1909,47200.0,47220.0,46910.0,47050,47060,47060,107252,242812,-3138,
2019-07-29,1909,46950.0,46980.0,46780.0,46900,46890,47060,119400,239976,-2836,
2019-07-30,1909,47030.0,47370.0,47000.0,47240,47220,46890,136426,231052,-8924,
2019-07-31,1909,46960.0,46980.0,46710.0,46720,46850,47220,137616,229580,-1472,
2019-08-01,1909,46720.0,46850.0,46520.0,46620,46660,46850,99920,222802,-6778,
2019-08-02,1909,46680.0,46740.0,46210.0,46440,46440,46660,132772,217660,-5142,
2019-08-05,1909,46080.0,46200.0,45760.0,46060,45950,46440,208996,224880,7220,
2019-08-06,1910,46040.0,46380.0,45940.0,46190,46130,46000,130116,219268,6136,
2019-08-07,1910,46080.0,46320.0,45940.0,45960,46090,46130,120076,226718,7450,
2019-08-08,1910,46030.0,46720.0,45970.0,46510,46370,46090,218684,228864,2146,
2019-08-09,1910,46670.0,46830.0,46460.0,46680,46640,46370,144142,223756,-5108,
2019-08-12,1910,46830.0,46940.0,46540.0,46750,46700,46640,151240,226266,2510,
2019-08-13,1910,46700.0,46730.0,46530.0,46560,46610,46700,95910,228412,2146,
2019-08-14,1910,46530.0,46960.0,46480.0,46580,46750,46610,203334,237278,8866,
2019-08-15,1910,46400.0,46520.0,46320.0,46440,46420,46750,126988,239928,2650,
2019-08-16,1910,46420.0,46550.0,46320.0,46550,46430,46420,101474,240352,424,
2019-08-19,1910,46390.0,46660.0,46340.0,46610,46470,46430,109274,244508,4156,
2019-08-20,1910,46750.0,46780.0,46530.0,46620,46640,46470,92614,237416,-7092,
2019-08-21,1910,46490.0,46580.0,46260.0,46430,46390,46640,132222,238622,1206,
2019-08-22,1910,46390.0,46520.0,46230.0,46310,46370,46390,103506,244300,5678,
2019-08-23,1910,46410.0,46470.0,46160.0,46400,46310,46370,118304,241618,-2682,
2019-08-26,1910,46150.0,46330.0,45830.0,46020,46080,46310,186190,254512,12894,
2019-08-27,1910,46260.0,46520.0,46180.0,46380,46340,46080,142254,235554,-18958,
2019-08-28,1910,46660.0,46700.0,46480.0,46560,46580,46340,112506,226328,-9226,
2019-08-29,1910,46500.0,46710.0,46480.0,46550,46580,46580,97492,216476,-9852,
2019-08-30,1910,46680.0,46870.0,46630.0,46690,46740,46580,126328,208136,-8340,
2019-09-02,1910,46710.0,46920.0,46510.0,46640,46680,46740,123850,203240,-4896,
2019-09-03,1910,46500.0,46500.0,46310.0,46370,46420,46680,87998,207882,4642,
2019-09-04,1910,45940.0,46620.0,45730.0,46620,46170,46420,161926,213358,5476,
2019-09-05,1910,46730.0,47280.0,46660.0,46970,46950,46170,192548,200536,-12822,
2019-09-06,1911,47520.0,47780.0,47330.0,47450,47540,46990,172470,203696,-7488,
2019-09-09,1911,47420.0,47560.0,47290.0,47420,47400,47540,127682,209738,6042,
2019-09-10,1911,47290.0,47500.0,47240.0,47430,47390,47400,103648,212954,3216,
2019-09-11,1911,47100.0,47410.0,47060.0,47290,47230,47390,128232,216244,3290,
2019-09-12,1911,47240.0,47500.0,47010.0,47490,47250,47230,134652,220198,3954,
2019-09-16,1911,47960.0,47970.0,47530.0,47560,47690,47250,94932,218820,-1378,
2019-09-17,1911,47580.0,47620.0,47230.0,47340,47380,47690,124252,219502,682,
2019-09-18,1911,47150.0,47440.0,47030.0,47310,47250,47380,127248,222872,3370,
2019-09-19,1911,47100.0,47220.0,47030.0,47070,47130,47250,110658,223754,882,
2019-09-20,1911,47160.0,47220.0,47050.0,47130,47130,47130,85916,224280,526,
2019-09-23,1911,47140.0,47180.0,46850.0,46870,47030,47130,112904,217316,-6964,
2019-09-24,1911,46880.0,47260.0,46850.0,47120,47110,47030,111640,209636,-7680,
2019-09-25,1911,47160.0,47190.0,46950.0,47000,47050,47110,108694,209024,-612,
2019-09-26,1911,46950.0,47320.0,46940.0,47120,47120,47050,119034,201414,-7610,
2019-09-27,1911,47100.0,47120.0,46650.0,46920,46830,47120,130866,195524,-5890,
2019-09-30,1911,46960.0,47340.0,46830.0,47250,47110,46830,130862,189614,-5910,
2019-10-08,1911,46830.0,46970.0,46750.0,46770,46880,47110,81262,191516,1902,
2019-10-09,1911,46650.0,46750.0,46520.0,46600,46650,46880,99126,192544,1028,
2019-10-10,1912,46560.0,46720.0,46500.0,46700,46600,46670,89330,210806,11044,
2019-10-11,1912,46830.0,47070.0,46700.0,46910,46920,46600,137142,211746,940,
2019-10-14,1912,47000.0,47210.0,46920.0,46970,47050,46920,154220,223988,12242,
2019-10-15,1912,46800.0,47060.0,46730.0,46960,46940,47050,118430,227710,3722,
2019-10-16,1912,46950.0,46980.0,46750.0,46750,46880,46940,101484,230542,2832,
2019-10-17,1912,46540.0,46720.0,46530.0,46650,46630,46880,105468,236596,6054,
2019-10-18,1912,46750.0,46950.0,46570.0,46570,46710,46630,120310,236360,-236,
2019-10-21,1912,47060.0,47180.0,46960.0,47020,47070,46710,171512,224038,-12322,
2019-10-22,1912,47200.0,47220.0,47060.0,47120,47140,47070,104472,223820,-218,
2019-10-23,1912,47080.0,47210.0,46910.0,46930,47040,47140,109752,224948,1128,
2019-10-24,1912,47020.0,47490.0,47010.0,47360,47310,47040,205300,227330,2382,
2019-10-25,1912,47480.0,47570.0,47260.0,47390,47360,47310,127902,223990,-3340,
2019-10-28,1912,47440.0,47670.0,47330.0,47430,47480,47360,136876,228020,4030,
2019-10-29,1912,47510.0,47590.0,47320.0,47340,47440,47480,90468,225278,-2742,
2019-10-30,1912,47440.0,47610.0,47390.0,47510,47510,47440,108792,227878,2600,
2019-10-31,1912,47460.0,47580.0,47250.0,47330,47370,47510,120708,214220,-13658,
2019-11-01,1912,47130.0,47210.0,46780.0,47120,47010,47370,164794,198560,-15660,
2019-11-04,1912,47030.0,47120.0,46940.0,47040,47020,47010,73194,197072,-1488,
2019-11-05,1912,47060.0,47270.0,47020.0,47250,47160,47020,79978,194910,-2162,
2019-11-06,1912,47300.0,47630.0,47160.0,47190,47370,47160,118704,191240,-3670,
2019-11-07,2001,47380.0,47420.0,47160.0,47250,47270,47460,78404,177474,4570,
2019-11-08,2001,47450.0,47620.0,47330.0,47340,47450,47270,123526,177384,-90,
2019-11-11,2001,47440.0,47450.0,47150.0,47170,47260,47450,107900,173284,-4100,
2019-11-12,2001,47120.0,47330.0,47120.0,47270,47210,47260,103628,181034,7750,
2019-11-13,2001,47060.0,47120.0,46970.0,47030,47040,47210,117050,194458,13424,
2019-11-14,2001,46980.0,47080.0,46850.0,47030,46980,47040,118708,202024,7566,
2019-11-15,2001,47050.0,47060.0,46700.0,46930,46870,46980,122646,207336,5312,
2019-11-18,2001,46890.0,47030.0,46750.0,46980,46900,46870,91148,210710,3374,
2019-11-19,2001,46940.0,46980.0,46790.0,46890,46860,46900,95720,215004,4294,
2019-11-20,2001,46940.0,47240.0,46900.0,47050,47120,46860,143922,213068,-1936,
2019-11-21,2001,47180.0,47240.0,46980.0,47110,47100,47120,99816,209436,-3632,
2019-11-22,2001,46940.0,47010.0,46840.0,46870,46900,47100,113266,219294,9858,
2019-11-25,2001,47010.0,47180.0,46950.0,47100,47070,46900,116940,215450,-3844,
2019-11-26,2001,47180.0,47220.0,47010.0,47070,47090,47070,83032,212682,-2768,
2019-11-27,2001,47140.0,47410.0,47100.0,47380,47270,47090,165848,222726,10044,
2019-11-28,2001,47480.0,47520.0,47290.0,47350,47390,47270,107478,222580,-146,
2019-11-29,2001,47290.0,47370.0,47200.0,47320,47280,47390,84278,210438,-12142,
2019-12-02,2001,47260.0,47380.0,47060.0,47300,47230,47280,99282,203326,-7112,
2019-12-03,2001,47250.0,47250.0,47040.0,47080,47100,47230,93878,197074,-6252,
2019-12-04,2001,46980.0,47120.0,46910.0,46980,46980,47100,91244,196966,-108,
2019-12-05,2001,47030.0,47290.0,47030.0,47200,47160,46980,76992,192648,-4318,
2019-12-06,2001,47250.0,47370.0,47180.0,47320,47280,47160,67804,188640,-4008,
2019-12-09,2002,47360.0,48470.0,47340.0,48440,48030,47370,291252,225912,61334,
2019-12-10,2002,48350.0,48800.0,48290.0,48690,48580,48030,256536,266810,40898,
2019-12-11,2002,48750.0,49060.0,48590.0,49000,48800,48580,220182,284916,18106,
2019-12-12,2002,48980.0,49360.0,48950.0,49030,49160,48800,221996,281032,-3884,
2019-12-13,2002,49000.0,49380.0,48800.0,49010,49040,49160,270158,280192,-840,
2019-12-16,2002,49040.0,49210.0,48690.0,49100,48950,49040,273326,279680,-512,
2019-12-17,2002,49180.0,49460.0,49100.0,49260,49250,48950,191946,286022,6342,
2019-12-18,2002,49250.0,49300.0,49000.0,49070,49120,49250,114340,281014,-5008,
2019-12-19,2002,49200.0,49200.0,48860.0,49110,49040,49120,119846,282734,1720,
2019-12-20,2002,49150.0,49560.0,48940.0,49030,49230,49040,216248,271088,-11646,
2019-12-23,2002,49070.0,49140.0,48870.0,49050,49020,49230,128768,266254,-4834,
2019-12-24,2002,49110.0,49640.0,48970.0,49590,49290,49020,200750,281894,15640,
2019-12-25,2002,49500.0,49710.0,49390.0,49600,49530,49290,133218,284464,2570,
2019-12-26,2002,49640.0,49940.0,49450.0,49650,49640,49530,154242,284310,-154,
2019-12-27,2002,49660.0,49820.0,49590.0,49730,49690,49640,125240,284388,78,
2019-12-30,2002,49590.0,49610.0,49230.0,49510,49440,49690,185304,265760,-18628,
2019-12-31,2002,49420.0,49490.0,49110.0,49150,49280,49440,144680,239454,-26306,
2020-01-02,2002,49120.0,49340.0,49120.0,49230,49240,49280,42747,110353,-9374,
2020-01-03,2003,49220.0,49250.0,48870.0,48900,49070,49390,81773,107465,-4156,
2020-01-06,2003,48580.0,49010.0,48560.0,48760,48810,49070,85974,112759,5294,
2020-01-07,2003,48710.0,49020.0,48710.0,49010,48880,48810,57599,119226,6467,
2020-01-08,2003,48860.0,48980.0,48640.0,48860,48810,48880,82785,122405,3179,
2020-01-09,2003,48910.0,49170.0,48830.0,48960,48980,48810,78060,128312,5907,
2020-01-10,2003,48910.0,49050.0,48850.0,49010,48940,48980,48262,134555,6243,
2020-01-13,2003,48890.0,49230.0,48710.0,48940,48920,48940,84452,135429,874,
2020-01-14,2003,48850.0,49380.0,48820.0,49310,49180,48920,99744,142706,7277,
2020-01-15,2003,49300.0,49610.0,49180.0,49260,49370,49180,78508,141576,-1130,
2020-01-16,2003,49260.0,49400.0,49160.0,49200,49270,49370,52450,141900,324,
2020-01-17,2003,49450.0,49550.0,49130.0,49250,49330,49270,77143,140603,-1297,
2020-01-20,2003,49300.0,49330.0,48970.0,49100,49120,49330,65995,138502,-2101,
2020-01-21,2003,49080.0,49080.0,48300.0,48420,48630,49120,97077,127620,-10882,
2020-01-22,2003,48450.0,48650.0,48280.0,48540,48480,48630,56978,121551,-6069,
2020-01-23,2003,48340.0,48380.0,47960.0,48020,48160,48480,58176,114727,-6824,
2020-02-03,2003,44780.0,45250.0,44780.0,45040,45010,48160,89818,107064,-7663,
2020-02-04,2003,44750.0,45290.0,44680.0,45260,45060,45010,53234,107815,751,
2020-02-05,2004,45200.0,45780.0,45140.0,45690,45540,45210,49349,77415,5408,
2020-02-06,2004,45750.0,46330.0,45750.0,46160,46070,45540,47408,82249,4834,
2020-02-07,2004,45960.0,46050.0,45720.0,45830,45850,46070,41451,83992,1743,
2020-02-10,2004,45420.0,45720.0,45390.0,45560,45610,45850,47469,91642,7650,
2020-02-11,2004,45610.0,45850.0,45610.0,45720,45740,45610,52156,94708,3066,
2020-02-12,2004,45740.0,45880.0,45640.0,45710,45770,45740,37885,95866,1158,
2020-02-13,2004,45740.0,46020.0,45740.0,45890,45880,45770,50093,103717,7851,
2020-02-14,2004,46080.0,46130.0,46000.0,46120,46050,45880,33360,104843,1126,
2020-02-17,2004,46030.0,46500.0,46010.0,46490,46240,46050,55996,110751,5908,
2020-02-18,2004,46420.0,46440.0,46240.0,46270,46310,46240,43655,110530,-221,
2020-02-19,2004,46300.0,46540.0,46220.0,46400,46380,46310,39541,112056,1526,
2020-02-20,2004,46380.0,46570.0,46230.0,46430,46390,46380,63893,113171,1115,
2020-02-21,2004,46250.0,46330.0,45980.0,45990,46200,46390,62210,115952,2781,
2020-02-24,2004,45920.0,46040.0,45710.0,46000,45880,46200,75484,117756,1804,
2020-02-25,2004,46040.0,46040.0,45670.0,45950,45870,45880,62341,121748,3992,
2020-02-26,2004,45680.0,45770.0,45570.0,45630,45670,45870,55268,122461,713,
2020-02-27,2004,45620.0,45650.0,45430.0,45440,45530,45670,54248,126637,4176,
2020-02-28,2004,45350.0,45350.0,44240.0,44390,44810,45530,119804,128432,1795,
2020-03-02,2004,44530.0,45300.0,44370.0,45230,45010,44810,80877,123662,-4770,
2020-03-03,2004,45610.0,45990.0,45480.0,45620,45640,45010,53516,123145,-517,
2020-03-04,2005,45460.0,45530.0,45330.0,45420,45410,45780,49286,103130,3627,
2020-03-05,2005,45400.0,45550.0,45350.0,45460,45480,45410,39600,107169,4039,
2020-03-06,2005,45150.0,45200.0,44970.0,45010,45080,45480,49938,109222,2053,
2020-03-09,2005,44050.0,44110.0,43500.0,43890,43880,45080,96985,112389,3167,
2020-03-10,2005,44370.0,44920.0,44310.0,44710,44570,43880,73394,115259,2870,
2020-03-11,2005,44570.0,44750.0,44260.0,44290,44550,44570,52990,120719,5460,
2020-03-12,2005,43640.0,43820.0,43180.0,43450,43520,44550,99279,123190,2471,
2020-03-13,2005,43250.0,43760.0,42740.0,43650,43300,43520,131506,121115,-2075,
2020-03-16,2005,43340.0,43600.0,42600.0,42630,43240,43300,98132,123968,2853,
2020-03-17,2005,42800.0,43020.0,42130.0,42630,42520,43240,120081,119309,-4659,
2020-03-18,2005,41570.0,41770.0,39960.0,39960,41290,42520,116615,123679,4370,
2020-03-19,2005,38770.0,38770.0,37570.0,37570,37980,41290,20498,119128,-4551,
2020-03-20,2005,37980.0,39250.0,37560.0,38910,38380,37980,220388,110284,-8844,
2020-03-23,2005,37000.0,37250.0,35300.0,37200,36630,38380,206648,110033,-251,
2020-03-24,2005,38370.0,38900.0,37520.0,38200,38150,36630,157665,109290,-743,
2020-03-25,2005,38960.0,39390.0,38540.0,39360,38910,38150,149743,109809,519,
2020-03-26,2005,39300.0,39320.0,38800.0,38870,39080,38910,97500,110243,434,
2020-03-27,2005,39080.0,39320.0,38700.0,39180,39040,39080,113036,112966,2723,
2020-03-30,2005,38680.0,38930.0,38310.0,38720,38600,39040,98872,112746,-220,
2020-03-31,2005,39160.0,39600.0,39120.0,39150,39300,38600,75492,110825,-1921,
2020-04-01,2005,39490.0,39680.0,38820.0,39000,39250,39300,78286,110620,-205,
2020-04-02,2005,38960.0,39800.0,38570.0,39650,39120,39250,101287,108853,-1767,
2020-04-03,2005,39720.0,40120.0,39440.0,39930,39730,39120,76583,104726,-4127,
2020-04-07,2005,40330.0,40940.0,40210.0,40600,40650,39730,74012,105435,709,
2020-04-08,2005,40310.0,41020.0,40140.0,40810,40620,40650,76448,104076,-1359,
2020-04-09,2005,40980.0,41180.0,40690.0,40800,40840,40620,49848,103626,-450,
2020-04-10,2006,40580.0,41820.0,40580.0,41720,41180,40770,76795,104654,3557,
2020-04-13,2006,41280.0,41930.0,41250.0,41780,41710,41180,86194,108078,3424,
2020-04-14,2006,41920.0,41970.0,41570.0,41750,41790,41710,73802,111560,3482,
2020-04-15,2006,41790.0,41820.0,41330.0,41560,41590,41790,73988,114666,3106,
2020-04-16,2006,41390.0,41670.0,41320.0,41560,41490,41590,56614,113717,-949,
2020-04-17,2006,41800.0,44800.0,41790.0,42280,42200,41490,87288,114066,349,
2020-04-20,2006,42020.0,42630.0,42010.0,42330,42400,42200,77119,114997,931,
2020-04-21,2006,41860.0,42160.0,41400.0,41440,41710,42400,118355,115157,160,
2020-04-22,2006,41200.0,41370.0,40350.0,41090,40830,41710,140104,121864,6707,
2020-04-23,2006,41300.0,42020.0,41250.0,41950,41710,40830,118615,114554,-7310,
2020-04-24,2006,41910.0,41980.0,41620.0,41780,41810,41710,76597,112585,-1969,
2020-04-27,2006,42420.0,42880.0,42240.0,42490,42560,41810,98382,114703,2118,
2020-04-28,2006,42300.0,42470.0,42130.0,42300,42300,42560,71273,113090,-1613,
2020-04-29,2006,42410.0,42720.0,42380.0,42510,42570,42300,66506,112964,-126,
2020-04-30,2006,42780.0,42980.0,42650.0,42940,42830,42570,61853,112411,-553,
2020-05-06,2006,42320.0,42780.0,42310.0,42720,42560,42830,60410,111746,-665,
2020-05-07,2006,42790.0,43120.0,42610.0,43110,42790,42560,73904,113530,1784,
2020-05-08,2006,43290.0,43610.0,43000.0,43510,43330,42790,79567,113445,-85,
2020-05-11,2006,43650.0,43950.0,43420.0,43500,43660,43330,73466,116449,3004,
2020-05-12,2006,43250.0,43450.0,43040.0,43040,43280,43660,80202,115191,-1258,
2020-05-13,2006,43200.0,43430.0,42680.0,43060,42980,43280,77990,115183,-8,
2020-05-14,2006,43160.0,43250.0,42800.0,42910,43010,42980,60819,112825,-2358,
2020-05-15,2007,42450.0,43170.0,42320.0,42940,42810,42820,85454,100406,-1067,
2020-05-18,2007,42750.0,43220.0,42580.0,43120,42910,42810,79596,102419,2013,
2020-05-19,2007,43480.0,44030.0,43390.0,43690,43620,42910,92635,105560,3141,
2020-05-20,2007,43650.0,43920.0,43490.0,43730,43700,43620,81689,109400,3840,
2020-05-21,2007,43890.0,44500.0,43750.0,44150,44200,43700,107082,112770,3370,
2020-05-22,2007,44270.0,44410.0,43240.0,43260,43730,44200,146826,108507,-4263,
2020-05-25,2007,43330.0,43680.0,43210.0,43650,43450,43730,89226,103260,-5247,
2020-05-26,2007,43780.0,43940.0,43660.0,43860,43800,43450,70689,105051,1791,
2020-05-27,2007,44060.0,44110.0,43500.0,43640,43850,43800,99314,104192,-859,
2020-05-28,2007,43600.0,43850.0,43320.0,43700,43620,43850,105554,103120,-1072,
2020-05-29,2007,43760.0,44050.0,43580.0,43940,43810,43620,92379,102888,-232,
2020-06-01,2007,44080.0,44650.0,43900.0,44600,44250,43810,106250,106381,3493,
2020-06-02,2007,44360.0,44800.0,44210.0,44560,44550,44250,98301,103316,-3065,
2020-06-03,2007,44790.0,45100.0,44720.0,44830,44900,44550,91520,101740,-1576,
2020-06-04,2007,45020.0,45050.0,44570.0,44720,44790,44900,84873,101361,-379,
2020-06-05,2007,44770.0,45260.0,44760.0,45220,45000,44790,90561,104252,2891,
2020-06-08,2007,45520.0,45960.0,45430.0,45800,45710,45000,118155,102272,-1980,
2020-06-09,2007,45960.0,46490.0,45750.0,46250,46130,45710,110149,103054,782,
2020-06-10,2007,46250.0,46980.0,45970.0,46830,46600,46130,116064,104194,1140,
2020-06-11,2007,47270.0,47600.0,46640.0,46950,47220,46600,171994,101585,-2609,
2020-06-12,2007,46800.0,47150.0,46070.0,46840,46690,47220,152083,100770,-815,
2020-06-15,2007,46860.0,47330.0,46240.0,46280,46730,46690,184390,102014,1244,
2020-06-16,2007,46290.0,47270.0,46190.0,47150,46770,46730,134519,102162,148,
2020-06-17,2007,47250.0,47250.0,46450.0,46770,46780,46770,135891,97130,-5032,
2020-06-18,2007,46870.0,47020.0,46780.0,46920,46900,46780,85735,92343,-4787,
2020-06-19,2008,46920.0,47680.0,46750.0,47680,47190,46760,108941,104821,12067,
2020-06-22,2008,47900.0,47930.0,47150.0,47470,47540,47190,134352,107189,2368,
2020-06-23,2008,47630.0,47870.0,47330.0,47850,47640,47540,140596,112170,4981,
2020-06-24,2008,47900.0,47940.0,47540.0,47860,47760,47640,97971,112639,469,
2020-06-29,2008,48050.0,48590.0,48030.0,48380,48350,47760,101302,120364,7725,
2020-06-30,2008,48350.0,48800.0,48270.0,48790,48560,48350,105873,124357,3993,
2020-07-01,2008,48950.0,49380.0,48770.0,49350,49100,48560,152479,129245,4888,
2020-07-02,2008,48980.0,49570.0,48910.0,49410,49250,49100,146548,127983,-1262,
2020-07-03,2008,49300.0,49390.0,48840.0,48900,49140,49250,146952,121533,-6450,
2020-07-06,2008,48900.0,49220.0,48480.0,49040,48890,49140,129453,117013,-4520,
2020-07-07,2008,49300.0,49620.0,49140.0,49360,49390,48890,118738,114318,-2695,
2020-07-08,2008,49300.0,49970.0,49200.0,49800,49660,49390,120235,118032,3714,
2020-07-09,2008,49920.0,50800.0,49890.0,50700,50370,49660,144126,120798,2766,
2020-07-10,2008,50750.0,50800.0,50200.0,50500,50500,50370,153202,115579,-5219,
2020-07-13,2008,50860.0,53520.0,50760.0,52880,52360,50500,271916,114671,-908,
2020-07-14,2008,52560.0,53100.0,51820.0,52210,52400,52360,189892,107843,-6828,
2020-07-15,2008,52420.0,52730.0,52110.0,52210,52410,52400,147028,108354,511,
2020-07-16,2008,52280.0,52360.0,50640.0,50710,51280,52410,234458,97493,-10861,
2020-07-17,2008,51080.0,51770.0,51050.0,51430,51430,51280,140235,92440,-5053,
2020-07-20,2008,51540.0,51700.0,51160.0,51300,51400,51430,108579,88237,-4203,
2020-07-21,2009,51320.0,52310.0,51190.0,51870,51860,51370,142309,113045,1014,
2020-07-22,2009,52060.0,52830.0,52000.0,52410,52430,51860,149303,119828,6783,
2020-07-23,2009,52100.0,52100.0,51360.0,51970,51740,52430,172219,117638,-2190,
2020-07-24,2009,51830.0,52470.0,51060.0,51220,51800,51740,198590,113180,-4458,
2020-07-27,2009,51420.0,52040.0,51360.0,51600,51670,51800,152381,113016,-164,
2020-07-28,2009,51400.0,52250.0,51280.0,51520,51700,51670,167004,114804,1788,
2020-07-29,2009,51400.0,51990.0,51380.0,51880,51770,51700,126507,120216,5412,
2020-07-30,2009,51760.0,52170.0,51560.0,51690,51830,51770,142028,122527,2311,
2020-07-31,2009,51590.0,51950.0,51190.0,51820,51640,51830,176783,118759,-3768,
2020-08-03,2009,51500.0,51570.0,50210.0,51050,51060,51640,178441,125420,6661,
2020-08-04,2009,51500.0,51970.0,51380.0,51540,51690,51060,125658,119893,-5527,
2020-08-05,2009,51380.0,51640.0,51240.0,51350,51410,51690,108968,119304,-589,
2020-08-06,2009,51280.0,51890.0,51200.0,51400,51550,51410,138596,119621,317,
2020-08-07,2009,51470.0,51720.0,51020.0,51300,51430,51550,116790,119571,-50,
2020-08-10,2009,51230.0,51290.0,49580.0,50230,50310,51430,215542,118878,-693,
2020-08-11,2009,50980.0,51100.0,50310.0,50340,50750,50310,126403,114343,-4535,
2020-08-12,2009,50340.0,50690.0,49500.0,49870,50060,50750,172915,110288,-4055,
2020-08-13,2009,50310.0,50920.0,50020.0,50410,50480,50060,120343,106166,-4122,
2020-08-14,2009,50210.0,50220.0,49460.0,50100,49890,50480,142788,106431,265,
2020-08-17,2009,50410.0,50750.0,50040.0,50730,50390,49890,94851,103680,-2751,
2020-08-18,2009,50770.0,51370.0,50740.0,50830,51030,50390,101530,99376,-4304,
2020-08-19,2010,51400.0,52580.0,51300.0,52260,51990,51060,172377,115644,15079,
2020-08-20,2010,52610.0,52740.0,51800.0,52040,52310,51990,152702,117780,2136,
2020-08-21,2010,52160.0,52280.0,51570.0,51800,51970,52310,126839,115980,-1800,
2020-08-24,2010,51200.0,51560.0,51020.0,51540,51260,51970,115553,111617,-4363,
2020-08-25,2010,51450.0,51540.0,51030.0,51130,51280,51260,88666,109686,-1931,
2020-08-26,2010,51240.0,51490.0,51020.0,51440,51300,51280,87542,110009,323,
2020-08-27,2010,51650.0,51730.0,51380.0,51490,51520,51300,73013,110986,977,
2020-08-28,2010,51600.0,52030.0,51170.0,51990,51720,51520,140507,114822,3836,
2020-08-31,2010,52000.0,52230.0,51810.0,51980,51990,51720,96530,117479,2657,
2020-09-01,2010,52030.0,53050.0,52010.0,52990,52450,51990,127094,129744,12265,
2020-09-02,2010,52700.0,52820.0,51700.0,52070,52190,52450,159982,119423,-10321,
2020-09-03,2010,51960.0,52170.0,51640.0,51760,51910,52190,110112,117414,-2009,
2020-09-04,2010,51620.0,51800.0,50850.0,51650,51400,51910,153286,114769,-2645,
2020-09-07,2010,51880.0,52840.0,51730.0,52240,52260,51400,168908,113928,-841,
2020-09-08,2010,52530.0,52700.0,52320.0,52590,52520,52260,92327,114648,720,
2020-09-09,2010,52060.0,52300.0,51520.0,51830,51890,52520,150155,110683,-3965,
2020-09-10,2010,52100.0,52320.0,51630.0,51700,52060,51890,93311,110935,252,
2020-09-11,2010,51900.0,52190.0,51200.0,51680,51620,52060,141949,109388,-1547,
2020-09-14,2010,51890.0,52530.0,51700.0,52120,52070,51620,134813,110284,896,
2020-09-15,2010,52160.0,52320.0,51950.0,52160,52140,52070,82244,109979,-305,
2020-09-16,2010,52200.0,52240.0,51570.0,51710,51810,52140,112254,103611,-6368,
2020-09-17,2010,51670.0,51840.0,51300.0,51330,51490,51810,102712,100420,-3191,
2020-09-18,2010,51500.0,52350.0,51330.0,52320,51990,51490,121266,92983,-7437,
2020-09-21,2010,52010.0,52780.0,51870.0,52160,52260,51990,100777,86276,-6707,
2020-09-22,2011,52310.0,52310.0,51100.0,51810,51750,52300,146539,93779,-550,
2020-09-23,2011,52200.0,52240.0,50960.0,51460,51570,51750,167233,105089,11310,
2020-09-24,2011,51020.0,51390.0,50430.0,50640,50840,51570,237913,112206,7117,
2020-09-25,2011,50370.0,51170.0,49980.0,51040,50560,50840,211416,112046,-160,
2020-09-28,2011,50800.0,51350.0,50470.0,51220,50890,50560,157535,108147,-3899,
2020-09-29,2011,51180.0,51450.0,50840.0,50940,51050,50890,131521,106448,-1699,
2020-09-30,2011,50670.0,51300.0,50600.0,50930,50940,51050,143178,103500,-2948,
2020-10-09,2011,51470.0,51680.0,51260.0,51440,51430,50940,63402,103548,48,
2020-10-12,2011,51630.0,51640.0,50820.0,51520,51320,51430,138772,108202,4654,
2020-10-13,2011,51680.0,51870.0,51340.0,51360,51510,51320,92311,107861,-341,
2020-10-14,2011,51300.0,51560.0,51140.0,51540,51310,51510,122598,108756,895,
2020-10-15,2011,51390.0,51430.0,51080.0,51260,51240,51310,120308,107577,-1179,
2020-10-16,2011,51140.0,51800.0,51010.0,51470,51480,51240,123975,105515,-2062,
2020-10-19,2011,51390.0,51580.0,51140.0,51170,51290,51480,113757,102002,-3513,
2020-10-20,2011,51600.0,51600.0,51220.0,51380,51390,51290,83251,96084,-5918,
2020-10-21,2011,51800.0,52500.0,51700.0,52150,52050,51390,144748,93846,-2238,
2020-10-22,2012,52470.0,52850.0,52240.0,52340,52440,52090,118518,112072,4780,
2020-10-23,2012,52080.0,52370.0,51830.0,51950,52110,52440,115988,112595,523,
2020-10-26,2012,52110.0,52130.0,51780.0,51810,51930,52110,83535,115180,2585,
2020-10-27,2012,51480.0,51710.0,51380.0,51650,51530,51930,102907,114309,-871,
2020-10-28,2012,51670.0,51880.0,51450.0,51840,51680,51530,92563,113231,-1078,
2020-10-29,2012,51240.0,51600.0,51150.0,51470,51370,51680,128203,112572,-659,
2020-10-30,2012,51150.0,51480.0,50830.0,50940,51180,51370,146943,116208,3636,
2020-11-02,2012,51050.0,51300.0,50720.0,51070,51030,51180,114844,114199,-2009,
2020-11-03,2012,51150.0,51810.0,51150.0,51800,51530,51030,111175,112583,-1616,
2020-11-04,2012,51810.0,51960.0,51420.0,51610,51690,51530,122141,109820,-2763,
2020-11-05,2012,51450.0,51750.0,51320.0,51420,51540,51690,96483,108580,-1240,
2020-11-06,2012,51450.0,51680.0,51340.0,51430,51480,51540,78755,107751,-829,
2020-11-09,2012,51890.0,52240.0,51780.0,51840,52030,51480,126705,108510,759,
2020-11-10,2012,52380.0,52610.0,51570.0,51590,52140,52030,127885,105402,-3108,
2020-11-11,2012,51510.0,52030.0,51410.0,51960,51730,52140,91032,104027,-1375,
2020-11-12,2012,51910.0,51930.0,51560.0,51800,51750,51730,79940,102657,-1370,
2020-11-13,2012,51910.0,52220.0,51810.0,52180,52000,51750,88755,105742,3085,
2020-11-16,2012,52110.0,53800.0,52110.0,53640,53070,52000,190833,116133,10391,
2020-11-17,2012,53520.0,53580.0,52670.0,52850,53100,53070,130810,100987,-15146,
2020-11-18,2101,52810.0,53060.0,52300.0,53000,52650,53160,107073,117060,692,
2020-11-19,2101,52850.0,53140.0,52580.0,52730,52800,52650,98152,119349,2289,
2020-11-20,2101,52700.0,53540.0,52530.0,53520,53080,52800,134821,138831,19482,
2020-11-23,2101,53850.0,54540.0,53700.0,53970,54090,53080,218768,147408,8577,
2020-11-24,2101,53800.0,54850.0,53620.0,54770,54190,54090,185525,161627,14219,
2020-11-25,2101,54880.0,55100.0,54410.0,54550,54730,54190,171496,157016,-4611,
2020-11-26,2101,54410.0,55390.0,54390.0,55310,54960,54730,154194,166139,9123,
2020-11-27,2101,55160.0,56180.0,55090.0,56120,55610,54960,172868,167810,1671,
2020-11-30,2101,56150.0,57790.0,56060.0,57680,56920,55610,276208,156167,-11643,
2020-12-01,2101,57620.0,57980.0,56620.0,57040,57320,56920,271479,138485,-17682,
2020-12-02,2101,57190.0,57810.0,56850.0,57200,57370,57320,202365,136378,-2107,
2020-12-03,2101,56850.0,57330.0,56500.0,56870,56920,57370,193370,130455,-5923,
2020-12-04,2101,57150.0,57620.0,56710.0,57450,57180,56920,223643,128637,-1818,
2020-12-07,2101,57250.0,57850.0,56960.0,57030,57340,57180,185716,121197,-7440,
2020-12-08,2101,56980.0,57310.0,56800.0,56930,57030,57340,113818,115123,-6074,
2020-12-09,2101,56760.0,57480.0,56670.0,57250,57100,57030,126621,114105,-1018,
2020-12-10,2101,57160.0,57470.0,56790.0,57450,57130,57100,122092,108389,-5716,
2020-12-11,2101,57410.0,59210.0,57110.0,57830,58150,57130,280050,102568,-5821,
2020-12-14,2101,57650.0,58050.0,57220.0,57850,57700,58150,149246,98380,-4188,
2020-12-15,2101,57770.0,57870.0,57350.0,57700,57580,57700,94628,93028,-5352,
2020-12-16,2101,57730.0,58190.0,57510.0,57850,57850,57580,109766,88776,-4252,
2020-12-17,2101,58020.0,58680.0,57860.0,58620,58240,57850,96247,87961,-815,
2020-12-18,2102,58800.0,59620.0,58650.0,59360,59120,58340,146134,117818,5996,
2020-12-21,2102,59280.0,59640.0,58800.0,59280,59250,59120,163715,125794,7976,
2020-12-22,2102,58640.0,58970.0,57880.0,57900,58500,59250,184763,114467,-11327,
2020-12-23,2102,58000.0,58080.0,57140.0,57850,57700,58500,167233,114908,441,
2020-12-24,2102,57960.0,58480.0,57930.0,58130,58180,57700,111868,116005,1097,
2020-12-25,2102,58040.0,58660.0,57770.0,58560,58250,58180,84668,117317,1312,
2020-12-28,2102,58500.0,59210.0,58300.0,58770,58740,58250,117109,121597,4280,
2020-12-29,2102,58790.0,59000.0,58020.0,58180,58580,58740,130352,117052,-4545,
2020-12-30,2102,58300.0,58680.0,58060.0,58480,58330,58580,123639,113719,-3333,
2020-12-31,2102,58180.0,58340.0,57630.0,57750,57970,58330,136664,105758,-7961,
2021-01-04,2102,57750.0,58300.0,57680.0,58160,58050,57970,82919,96881,-8877,
2021-01-05,2102,58220.0,58550.0,57710.0,58110,58090,58050,103527,96490,-391,
2021-01-06,2102,58160.0,59280.0,58090.0,59030,58770,58090,120470,97891,1401,
2021-01-07,2102,59330.0,59550.0,58720.0,59380,59180,58770,114651,95867,-2024,
2021-01-08,2102,59190.0,60680.0,59000.0,60310,60050,59180,145940,95088,-779,
2021-01-11,2103,60150.0,60350.0,58630.0,58670,59460,60150,178913,103183,-9956,
2021-01-12,2103,58620.0,58870.0,57960.0,58710,58360,59460,155293,110137,6954,
2021-01-13,2103,58780.0,59100.0,58580.0,58780,58840,58360,122271,114010,3873,
2021-01-14,2103,58650.0,58970.0,58450.0,58740,58740,58840,106241,115412,1402,
2021-01-15,2103,58910.0,59750.0,58650.0,58690,59230,58740,164481,121920,6508,
2021-01-18,2103,58730.0,59430.0,58320.0,59280,58730,59230,169802,125225,3305,
2021-01-19,2103,59130.0,59190.0,58670.0,58890,58920,58730,101309,124070,-1155,
2021-01-20,2103,59060.0,59460.0,58710.0,59120,59100,58920,134630,124606,536,
2021-01-21,2103,59000.0,59490.0,58720.0,59340,59170,59100,129082,128152,3546,
2021-01-22,2103,59340.0,59630.0,58640.0,58810,59050,59170,143519,123912,-4240,
2021-01-25,2103,58300.0,59250.0,58170.0,59090,58830,59050,156396,123697,-215,
2021-01-26,2103,58940.0,59090.0,58400.0,58470,58810,58830,113778,122937,-760,
2021-01-27,2103,58760.0,59140.0,58570.0,58720,58820,58810,94848,122378,-559,
2021-01-28,2103,58320.0,58580.0,57620.0,57760,58000,58820,229939,126308,3930,
2021-01-29,2103,57690.0,58460.0,57410.0,57550,57950,58000,177119,122149,-4159,
2021-02-01,2103,57870.0,58350.0,57280.0,57910,57900,57950,163881,117638,-4511,
2021-02-02,2103,57790.0,57910.0,57260.0,57300,57610,57900,114326,117673,35,
2021-02-03,2103,57170.0,57480.0,56860.0,57000,57130,57610,136494,113563,-4110,
2021-02-04,2103,57400.0,57950.0,57230.0,57820,57630,57130,118813,105705,-7858,
2021-02-05,2103,57720.0,58240.0,57540.0,58210,57900,57630,97200,100615,-5090,
2021-02-08,2103,58430.0,59030.0,58120.0,58790,58590,57900,102902,93985,-6630,
2021-02-09,2103,58790.0,59720.0,58780.0,59570,59280,58590,91536,90464,-3521,
2021-02-10,2103,59610.0,60830.0,59420.0,60800,60050,59280,117134,83408,-7056,
2021-02-18,2104,61770.0,63390.0,61730.0,63340,62730,60240,92849,127851,15961,
2021-02-19,2104,63390.0,64470.0,63000.0,64320,63560,62730,199534,147830,19979,
2021-02-22,2104,64460.0,67370.0,64370.0,67370,66080,63560,296364,151769,3939,
2021-02-23,2104,66750.0,68790.0,66420.0,67950,67550,66080,467269,153964,2195,
2021-02-24,2104,67550.0,68880.0,66560.0,67910,67690,67550,454424,153444,-520,
2021-02-25,2104,68390.0,70740.0,67900.0,70150,69380,67690,403093,154200,756,
2021-02-26,2104,70080.0,70440.0,67940.0,67950,69150,69380,422027,140997,-13203,
2021-03-01,2104,67420.0,68110.0,66860.0,67450,67550,69150,334847,127886,-13111,
2021-03-02,2104,67410.0,67610.0,65730.0,66780,66690,67550,242399,120945,-6941,
2021-03-03,2104,67650.0,68400.0,67250.0,67810,67780,66690,195794,118873,-2072,
2021-03-04,2104,67630.0,67630.0,66430.0,66460,67100,67780,168654,115913,-2960,
2021-03-05,2104,65130.0,66400.0,64210.0,65920,65460,67100,295735,109217,-6696,
2021-03-08,2104,66330.0,67330.0,65660.0,65770,66440,65460,185050,105830,-3387,
2021-03-09,2105,66300.0,67490.0,65810.0,66120,66700,66570,188885,130245,4852,
2021-03-10,2105,66130.0,66280.0,65070.0,65400,65690,66700,194750,131006,761,
2021-03-11,2105,65960.0,67770.0,65410.0,67360,66430,65690,225414,150597,19591,
2021-03-12,2105,67260.0,67470.0,66590.0,66920,67060,66430,190335,147954,-2643,
2021-03-15,2105,66920.0,68230.0,66860.0,67520,67510,67060,204178,157495,9541,
2021-03-16,2105,67680.0,67780.0,66690.0,66740,67420,67510,137751,154268,-3227,
2021-03-17,2105,66490.0,67110.0,66180.0,66940,66590,67420,146956,149899,-4369,
2021-03-18,2105,66920.0,67700.0,66660.0,66920,67120,66590,146886,149439,-460,
2021-03-19,2105,66980.0,67390.0,65510.0,66020,66650,67120,217722,148049,-1390,
2021-03-22,2105,66510.0,67440.0,66220.0,66800,66820,66650,181394,146542,-1507,
2021-03-23,2105,67020.0,67720.0,66380.0,67040,67070,66820,193756,149707,3165,
2021-03-24,2105,66750.0,66910.0,66080.0,66480,66480,67070,153428,150834,1127,
2021-03-25,2105,66690.0,66980.0,65480.0,65560,66170,66480,191090,154325,3491,
2021-03-26,2105,65210.0,66390.0,64930.0,66170,65580,66170,204962,146801,-7524,
2021-03-29,2105,66280.0,66900.0,66070.0,66340,66460,65580,145770,145045,-1756,
2021-03-30,2105,66420.0,66620.0,65860.0,65880,66330,66460,128138,143696,-1349,
2021-03-31,2105,65860.0,65930.0,65190.0,65600,65610,66330,161047,142081,-1615,
2021-04-01,2105,65750.0,65890.0,65030.0,65090,65530,65610,134908,141971,-110,
2021-04-02,2105,65390.0,67260.0,65340.0,67090,66150,65530,192731,128627,-13344,
2021-04-06,2105,67480.0,67670.0,66850.0,67010,67230,66150,89025,126446,-2181,
2021-04-07,2105,67010.0,67410.0,66750.0,66900,67100,67230,94176,123324,-3122,
2021-04-08,2105,66590.0,67210.0,66310.0,66850,66640,67100,120227,117460,-5864,
2021-04-09,2105,66860.0,67290.0,66550.0,66720,66870,66640,96815,112311,-5149,
2021-04-12,2105,66870.0,66940.0,65650.0,65690,66060,66870,130994,106706,-5605,
2021-04-13,2105,65900.0,66160.0,65620.0,65870,65880,66060,83519,104549,-2157,
2021-04-14,2106,66390.0,66490.0,66100.0,66330,66290,65970,68527,132259,3124,
2021-04-15,2106,66840.0,68180.0,66680.0,68040,67400,66290,190130,161029,28770,
2021-04-16,2106,68130.0,69500.0,68060.0,68540,68820,67400,249767,175967,14938,
2021-04-19,2106,69000.0,69820.0,67880.0,69660,68720,68820,222256,182656,6689,
2021-04-20,2106,69660.0,69750.0,69000.0,69450,69370,68720,161140,182260,-396,
2021-04-21,2106,69270.0,69590.0,68450.0,68720,68940,69370,181631,170267,-11993,
2021-04-22,2106,68830.0,69720.0,68740.0,69150,69200,68940,165812,175681,5414,
2021-04-23,2106,69320.0,69740.0,68850.0,69440,69330,69200,162777,177926,2245,
2021-04-26,2106,69750.0,71130.0,69550.0,70980,70360,69330,247686,189060,11134,
2021-04-27,2106,71150.0,72820.0,71030.0,72480,71960,70360,261866,189078,18,
2021-04-28,2106,72150.0,72380.0,71060.0,71340,71670,71960,232329,175636,-13442,
2021-04-29,2106,71820.0,72960.0,71510.0,72380,72330,71670,197631,175392,-244,
2021-04-30,2106,72600.0,73060.0,71250.0,71890,72010,72330,209068,162470,-12922,
2021-05-06,2106,72210.0,73320.0,72180.0,73240,72980,72010,102105,160057,-2413,
2021-05-07,2106,73580.0,74950.0,73430.0,74900,74150,72980,179927,160182,125,
2021-05-10,2106,75300.0,78270.0,75080.0,77720,76740,74150,281019,151845,-8337,
2021-05-11,2106,77400.0,77430.0,74800.0,76000,75860,76740,313147,139280,-12565,
2021-05-12,2106,76000.0,77150.0,75670.0,77090,76370,75860,199333,138657,-623,
2021-05-13,2106,76240.0,76720.0,75390.0,75970,76020,76370,244411,132077,-6580,
2021-05-14,2106,75420.0,75740.0,73530.0,74560,74800,76020,237464,125491,-6586,
2021-05-17,2106,74360.0,75290.0,74200.0,74750,74680,74800,175719,121419,-4072,
2021-05-18,2106,74680.0,76210.0,74560.0,76100,75610,74680,137132,119141,-2278,
2021-05-19,2106,75740.0,75900.0,74070.0,74090,75010,75610,131138,108020,-11121,
2021-05-20,2107,73610.0,74070.0,72310.0,73690,73070,75210,223298,118576,5547,
2021-05-21,2107,73600.0,73720.0,71760.0,72160,72630,73070,214013,126737,8161,
2021-05-24,2107,72800.0,72950.0,71010.0,71640,71740,72630,246429,131903,5166,
2021-05-25,2107,71780.0,72960.0,71710.0,72230,72340,71740,167541,129763,-2140,
2021-05-26,2107,71850.0,72240.0,71510.0,71780,71860,72340,152038,129398,-365,
2021-05-27,2107,71860.0,72350.0,71280.0,71940,71760,71860,157811,133250,3852,
2021-05-28,2107,71970.0,74480.0,71970.0,73350,73330,71760,245750,138997,5747,
2021-05-31,2107,73040.0,74550.0,72770.0,73950,73740,73330,193071,140188,1191,
2021-06-01,2107,73980.0,74350.0,73590.0,74160,73990,73740,124527,143265,3077,
2021-06-02,2107,73700.0,74750.0,73520.0,73680,73970,73990,155274,142144,-1121,
2021-06-03,2107,73380.0,73500.0,72610.0,73020,73060,73970,159440,137885,-4259,
2021-06-04,2107,71500.0,71750.0,70470.0,70910,71120,73060,241633,138875,990,
2021-06-07,2107,71920.0,72130.0,71190.0,71390,71680,71120,124171,135289,-3586,
2021-06-08,2107,71270.0,71830.0,71100.0,71420,71390,71680,108151,129667,-5622,
2021-06-09,2107,70990.0,72380.0,70870.0,71510,71610,71390,138564,130944,1277,
2021-06-10,2107,71400.0,71880.0,71050.0,71290,71490,71610,102273,132479,1535,
2021-06-11,2107,71070.0,71830.0,70610.0,71770,71140,71490,143036,132425,-54,
2021-06-15,2107,71520.0,71560.0,69500.0,70230,70320,71140,117291,130566,-1859,
2021-06-16,2107,69110.0,69490.0,68380.0,68450,69020,70320,151836,126238,-4328,
2021-06-17,2107,68950.0,69830.0,68450.0,68800,69080,69020,133905,111678,-14560,
2021-06-18,2107,68620.0,68960.0,66960.0,67260,67830,69080,159616,106284,-5394,
2021-06-21,2107,67150.0,67370.0,66350.0,66350,66780,67830,131010,98793,-7491,
2021-06-22,2107,66420.0,67620.0,66390.0,67350,67120,66780,110174,87899,-10894,
2021-06-23,2108,67450.0,68650.0,67370.0,68590,68240,67230,101248,109276,-4330,
2021-06-24,2108,68860.0,69660.0,68300.0,68480,69020,68240,133511,114698,5422,
2021-06-25,2108,68700.0,69340.0,68580.0,68700,68930,69020,108388,117410,2712,
2021-06-28,2108,68580.0,68930.0,68150.0,68630,68490,68930,109883,119630,2220,
2021-06-29,2108,68650.0,68820.0,67720.0,68150,68260,68490,98558,122235,2605,
2021-06-30,2108,67940.0,68610.0,67840.0,68390,68250,68260,88641,121002,-1233,
2021-07-01,2108,68630.0,69310.0,68140.0,68260,68720,68250,122153,121003,1,
2021-07-02,2108,68630.0,68940.0,67810.0,68260,68340,68720,107885,121278,275,
2021-07-05,2108,68430.0,69780.0,68210.0,69520,68830,68340,137175,121704,426,
2021-07-06,2108,69260.0,70230.0,69200.0,70100,69710,68830,115739,124166,2462,
2021-07-07,2108,69720.0,69810.0,67900.0,69110,68690,69710,172828,115546,-8620,
2021-07-08,2108,69280.0,69550.0,68590.0,68740,69020,68690,127762,114518,-1028,
2021-07-09,2108,68360.0,69240.0,68170.0,68920,68630,69020,118800,115392,874,
2021-07-12,2108,69600.0,69980.0,68850.0,68980,69440,68630,127097,114819,-573,
2021-07-13,2108,68790.0,69460.0,68750.0,69200,69120,69440,82563,115900,1081,
2021-07-14,2108,68490.0,69030.0,68280.0,68870,68670,69120,98394,115354,-546,
2021-07-15,2108,68730.0,69100.0,68060.0,68800,68580,68670,108007,114958,-396,
2021-07-16,2108,68780.0,69550.0,68670.0,69340,69210,68580,97287,108984,-5974,
2021-07-19,2108,69300.0,69480.0,68620.0,68740,68950,69210,90167,103887,-5097,
2021-07-20,2108,67450.0,68370.0,67400.0,68130,67910,68950,111283,102737,-1150,
2021-07-21,2108,67880.0,68690.0,67810.0,68020,68190,67910,80128,96552,-6185,
2021-07-22,2108,68300.0,69050.0,68210.0,68960,68620,68190,74370,87749,-8803,
2021-07-23,2109,69030.0,70060.0,68980.0,69760,69580,68650,98785,110926,13966,
2021-07-26,2109,70040.0,71150.0,69630.0,70770,70540,69580,139600,128828,17902,
2021-07-27,2109,71030.0,72740.0,70990.0,71770,72010,70540,167268,137479,8651,
2021-07-28,2109,72110.0,72410.0,71690.0,71850,72100,72010,132217,138433,954,4766641.23
2021-07-29,2109,71750.0,71910.0,71110.0,71610,71510,72100,121943,136632,-1801,4360460.07
2021-07-30,2109,71700.0,72120.0,71290.0,71820,71680,71510,113946,136097,-535,4083855.53
2021-08-02,2109,71960.0,72460.0,70830.0,71480,71560,71680,169156,134609,-1488,6052421.405
2021-08-03,2109,71680.0,71690.0,70440.0,70450,70910,71560,110158,127089,-7520,3906129.025
2021-08-04,2109,69860.0,70350.0,69500.0,70120,69980,70910,113943,122670,-4419,3987115.175
2021-08-05,2109,69520.0,69860.0,69220.0,69220,69560,69980,117226,120705,-1965,4077481.49
2021-08-06,2109,69250.0,70430.0,69250.0,70330,69770,69560,102313,120451,-254,3569547.305
2021-08-09,2109,70160.0,70490.0,69140.0,69470,69700,69770,119524,117123,-3328,4165783.07
2021-08-10,2109,68540.0,69770.0,68500.0,69550,69270,69700,105758,121441,4318,3663158.505
2021-08-11,2109,69500.0,70420.0,69370.0,69770,69920,69270,101880,120291,-1150,3562202.415
2021-08-12,2109,69870.0,70660.0,69850.0,70410,70250,69920,93337,119708,-583,3278776.585
2021-08-13,2109,70180.0,70220.0,69540.0,69970,69870,70250,88041,118113,-1595,3076111.29
2021-08-16,2109,70060.0,70910.0,69660.0,69660,70250,69870,107705,120238,2125,3783458.38
2021-08-17,2109,69820.0,70050.0,69500.0,69710,69790,70250,79978,114642,-5596,2791212.415
2021-08-18,2109,68910.0,69270.0,68550.0,68720,68910,69790,121695,113219,-1423,4193319.755
2021-08-19,2109,68320.0,68500.0,66710.0,66790,67530,68910,157665,108568,-4651,5324003.145
2021-08-20,2110,66060.0,67450.0,65770.0,67050,66590,67370,158510,129045,10734,5278030.815
2021-08-23,2110,66820.0,68130.0,66820.0,67620,67580,66590,131415,129201,156,4440983.92
2021-08-24,2110,68550.0,68760.0,68210.0,68560,68500,67580,118099,125422,-3779,4045443.795
2021-08-25,2110,69080.0,69590.0,68900.0,69100,69270,68500,111872,129032,3610,3874920.145
2021-08-26,2110,69500.0,69600.0,68560.0,68590,69100,69270,101725,130837,1805,3514994.25
2021-08-27,2110,68910.0,69190.0,68620.0,69130,68870,69100,99494,126661,-4176,3426339.975
2021-08-30,2110,69200.0,70280.0,69190.0,70130,69700,68870,133885,129293,2632,4666490.005
2021-08-31,2110,70450.0,70600.0,69750.0,70100,70170,69700,100739,132113,2820,3534439.43
2021-09-01,2110,70200.0,70290.0,68860.0,68900,69590,70170,117263,130405,-1708,4080445.78
2021-09-02,2110,68860.0,69230.0,68510.0,69020,68840,69590,100627,126108,-4297,3463803.16
2021-09-03,2110,68720.0,69560.0,68660.0,69090,69130,68840,106220,126037,-71,3671678.83
2021-09-06,2110,69250.0,69770.0,69050.0,69510,69380,69130,102658,123399,-2638,3561357.125
2021-09-07,2110,69550.0,69710.0,68870.0,69070,69330,69380,77174,122433,-966,2675298.77
2021-09-08,2110,69060.0,69220.0,68680.0,68680,68960,69330,95765,120538,-1895,3302380.835
2021-09-09,2110,68680.0,69610.0,68270.0,69300,68780,68960,146092,123131,2593,5024128.345
2021-09-10,2110,69210.0,70240.0,69160.0,70080,69720,68780,126974,127535,4404,4426593.63
2021-09-13,2110,70500.0,71900.0,70380.0,71480,71280,69720,192823,136463,8928,6872477.445
2021-09-14,2110,71480.0,71480.0,69800.0,69840,70320,71280,149579,124842,-11621,5259805.47
2021-09-15,2110,69810.0,70230.0,69360.0,69810,69780,70320,125769,120669,-4173,4388619.695
2021-09-16,2110,69970.0,70860.0,69530.0,69650,70210,69780,119956,114680,-5989,4211332.725
2021-09-17,2110,69450.0,69730.0,69080.0,69270,69400,70210,123464,106260,-8420,4284574.22
2021-09-22,2110,67650.0,69110.0,67550.0,68780,68630,69400,99418,102428,-3832,3411901.055
2021-09-23,2110,69160.0,69300.0,68510.0,68660,68820,68630,93358,91993,-10435,3212792.18
2021-09-24,2110,68780.0,69500.0,68540.0,69250,69010,68820,109561,80946,-11047,3780773.06
2021-09-27,2111,68890.0,69800.0,68800.0,69270,69330,68880,112061,114108,9694,3884959.45
2021-09-28,2111,69090.0,69550.0,69050.0,69230,69240,69330,77495,117870,3762,2682883.79
2021-09-29,2111,69110.0,69210.0,68290.0,68360,68640,69240,121933,117320,-550,4185157.225
2021-09-30,2111,68490.0,68700.0,67890.0,67950,68170,68640,99026,119551,2231,3375321.36
2021-10-08,2111,68970.0,69700.0,68820.0,68840,69270,68170,84488,119513,-38,2926571.26
2021-10-11,2111,68950.0,70350.0,68930.0,70260,69560,69270,143162,139746,20233,4979636.555
2021-10-12,2111,70280.0,71140.0,69400.0,69680,70310,69560,144814,141275,1529,5091017.485
2021-10-13,2111,70310.0,70740.0,69480.0,70100,70150,70310,144545,141888,613,5070453.61
2021-10-14,2111,70680.0,73630.0,70480.0,72480,71810,70150,238778,160785,18897,8573639.715
2021-10-15,2111,72620.0,74340.0,72620.0,73820,73610,71810,183489,162564,1779,6753590.075
2021-10-18,2111,75010.0,76700.0,74480.0,76270,75630,73610,221067,158195,-4369,8360481.41
2021-10-19,2111,75510.0,76170.0,74510.0,75810,75290,75630,147924,149675,-8520,5568910.38
2021-10-20,2111,75490.0,75490.0,72480.0,73380,73640,75290,197841,131489,-18186,7285049.745
2021-10-21,2112,73500.0,74880.0,72350.0,72600,73940,73500,152176,147991,3815,5626606.505
2021-10-22,2112,72580.0,72940.0,71370.0,72390,72160,73940,233307,155196,7205,8418381.18
2021-10-25,2112,71900.0,72460.0,70820.0,72110,71740,72160,193102,157245,2049,6927393.29
2021-10-26,2112,71900.0,72500.0,71580.0,72000,72010,71740,139144,159882,2637,5010468.96
2021-10-27,2112,71990.0,72290.0,70560.0,70560,71450,72010,194977,150037,-9845,6965820.045
2021-10-28,2112,70300.0,71530.0,69660.0,71110,70370,71450,213682,153377,3340,7519095.825
2021-10-29,2112,70800.0,71300.0,70150.0,70540,70800,70370,132432,150947,-2430,4688526.075
2021-11-01,2112,70200.0,70770.0,69720.0,70140,70240,70800,122502,150554,-393,4302612.18
2021-11-02,2112,70140.0,70990.0,69380.0,69660,69980,70240,142807,149521,-1033,4997510.29
2021-11-03,2112,70200.0,71470.0,69750.0,71350,70400,69980,128403,160201,10680,4520363.08
2021-11-04,2112,71000.0,71100.0,69610.0,70150,70270,70400,138708,155384,-4817,4874163.98
2021-11-05,2112,70630.0,70680.0,68770.0,69590,69500,70270,166446,157158,1774,5784369.61
2021-11-08,2112,69400.0,70650.0,69340.0,70000,70030,69500,121313,152708,-4450,4248257.14
2021-11-09,2112,70220.0,70880.0,70030.0,70550,70520,70030,95172,153566,858,3355861.235
2021-11-10,2112,70950.0,70960.0,69720.0,70330,70180,70520,108019,151805,-1761,3790463.035
2021-11-11,2112,70210.0,70720.0,69580.0,70420,70240,70180,129162,148807,-2998,4536810.915
2021-11-12,2112,70650.0,71170.0,70430.0,70570,70750,70240,122058,144542,-4265,4318103.725
2021-11-15,2112,70570.0,71500.0,70400.0,70830,70940,70750,108729,145210,668,3856636.855
2021-11-16,2112,71030.0,71220.0,70210.0,70360,70820,70940,108271,133480,-11730,3833970.55
2021-11-17,2112,70640.0,70700.0,69800.0,70140,70180,70820,115483,128600,-4880,4052731.565
2021-11-18,2112,69720.0,70060.0,68800.0,68910,69250,70180,145132,123222,-5378,5025780.44
2021-11-19,2201,68720.0,70580.0,68200.0,70510,69530,68850,161202,149907,4286,5604544.51
2021-11-22,2201,70050.0,70960.0,69950.0,70180,70440,69530,127728,158184,8277,4498938.26
2021-11-23,2201,70370.0,71620.0,70150.0,70740,70970,70440,143163,172977,14793,5080790.35
2021-11-24,2201,71060.0,71580.0,70770.0,71220,71130,70970,92335,176086,3109,3284015.24
2021-11-25,2201,71620.0,72260.0,71580.0,71970,71910,71130,120822,188075,11989,4344386.615
2021-11-26,2201,72140.0,72140.0,70410.0,70560,71060,71910,126260,171059,-17016,4486257.3
2021-11-29,2201,69800.0,70460.0,69330.0,70230,69860,71060,159820,162149,-8910,5583012.755
2021-11-30,2201,70410.0,70530.0,69170.0,69450,69850,69860,121960,155294,-6855,4260058.21
2021-12-01,2201,69710.0,69860.0,69020.0,69650,69510,69850,110032,154776,-518,3824589.31
2021-12-02,2201,69500.0,69600.0,68620.0,68650,69100,69510,132747,155980,1204,4586720.935
2021-12-03,2201,68830.0,69850.0,68650.0,69460,69230,69100,122548,152611,-3369,4242282.5
2021-12-06,2201,69390.0,69790.0,68910.0,69080,69330,69230,111405,149335,-3276,3862037.425
2021-12-07,2201,69460.0,69770.0,69320.0,69420,69520,69330,90812,144887,-4448,3156802.275
2021-12-08,2201,70160.0,70240.0,69390.0,69570,69710,69520,92258,139268,-5619,3215924.025
2021-12-09,2201,69510.0,70130.0,69290.0,69710,69700,69710,97714,139423,155,3405392.115
2021-12-10,2201,69360.0,69570.0,69180.0,69530,69410,69700,79270,135694,-3729,2751337.65
2021-12-13,2201,69560.0,69660.0,69230.0,69570,69420,69410,78333,136367,673,2719106.075
2021-12-14,2201,69270.0,69350.0,68510.0,68910,68910,69420,99921,133844,-2523,3442845.87
2021-12-15,2201,69100.0,69150.0,68000.0,68000,68660,68910,95585,135574,1730,3281452.475
2021-12-16,2201,67860.0,68760.0,67040.0,68590,67940,68660,132546,125813,-9761,4503120.01
2021-12-17,2201,69160.0,69560.0,69010.0,69370,69280,67940,92896,106771,-19042,3218182.86
2021-12-20,2202,69260.0,69350.0,68380.0,68500,68880,69150,71980,132955,4653,2479172.305
2021-12-21,2202,68690.0,69300.0,68610.0,69230,69000,68880,83762,136634,3679,2890048.125
2021-12-22,2202,69340.0,69800.0,69170.0,69690,69500,69000,74042,138605,1971,2573015.765
2021-12-23,2202,69940.0,70200.0,69790.0,70180,69960,69500,81994,144770,6165,2868556.805
2021-12-24,2202,69800.0,70200.0,69470.0,69750,69790,69960,83911,142606,-2164,2928176.94
2021-12-27,2202,69770.0,69970.0,69490.0,69530,69730,69790,60360,140027,-2579,2104664.47
2021-12-28,2202,69810.0,70870.0,69700.0,70450,70330,69730,91362,148144,8117,3212815.865
2021-12-29,2202,70650.0,70780.0,69770.0,70200,70240,70330,73868,141209,-6935,2594254.745
2021-12-30,2202,69940.0,70240.0,69830.0,70010,70020,70240,65370,138956,-2253,2288704.81
2021-12-31,2202,70200.0,70550.0,69770.0,70380,70120,70020,76394,133670,-5286,2678675.205
2022-01-04,2202,70510.0,70550.0,69580.0,69730,69800,70120,57689,127675,-5995,2013482.86
2022-01-05,2202,69740.0,70770.0,69690.0,70110,70250,69800,79815,128210,535,2803754.215
2022-01-06,2202,70310.0,70390.0,69440.0,69490,69890,70250,83117,122511,-5699,2904549.625
2022-01-07,2202,69400.0,69800.0,69000.0,69520,69340,69890,81771,115000,-7511,2835087.3
2022-01-10,2202,69470.0,69980.0,69410.0,69780,69730,69340,59048,111072,-3928,2058900.83
2022-01-11,2202,69780.0,69950.0,69100.0,69720,69570,69730,72730,109625,-1447,2530008.375
2022-01-12,2202,69910.0,71330.0,69610.0,71170,70530,69570,99650,120293,10668,3514421.8
2022-01-13,2202,71860.0,72500.0,71260.0,71440,71910,70530,110022,117648,-2645,3955885.825
2022-01-14,2202,71900.0,72040.0,71000.0,71460,71460,71910,87675,108319,-9329,3132662.91
2022-01-17,2203,71200.0,71240.0,69890.0,70190,70230,71550,98660,132164,-10636,3464679.38
2022-01-18,2203,69820.0,70270.0,69730.0,70100,70010,70230,59145,135164,3000,2070510.835
2022-01-19,2203,69880.0,70230.0,69670.0,70020,70000,70010,74996,136183,1019,2625082.165
2022-01-20,2203,70490.0,71360.0,70380.0,71180,70840,70000,104527,150151,13968,3702723.3
2022-01-21,2203,71190.0,71880.0,70790.0,71290,71290,70840,94910,154349,4198,3383477.98
2022-01-24,2203,71280.0,71990.0,70410.0,70480,71130,71290,116128,145535,-8814,4130473.09
2022-01-25,2203,70020.0,70140.0,69520.0,69570,69820,71130,116496,139370,-6165,4067367.67
2022-01-26,2203,69570.0,70780.0,69360.0,70730,70100,69820,95307,138315,-1055,3340965.145
2022-01-27,2203,70910.0,71230.0,69770.0,69780,70510,70100,85803,129985,-8330,3025381.11
2022-01-28,2203,70500.0,70970.0,70030.0,70290,70460,70510,79210,129300,-685,2790946.98
2022-02-07,2203,71000.0,71180.0,70290.0,70430,70800,70460,49911,126890,-2410,1766930.215
2022-02-08,2203,70630.0,70780.0,70200.0,70590,70580,70800,56593,128164,1274,1997423.115
2022-02-09,2203,70060.0,70590.0,69770.0,70450,70240,70580,70633,129062,898,2480928.475
2022-02-10,2203,70840.0,73040.0,70760.0,73030,71970,70240,142439,157385,28323,5126352.365
2022-02-11,2203,73320.0,73650.0,71140.0,71480,72510,71970,152263,146828,-10557,5520890.18
2022-02-14,2203,71650.0,71860.0,70580.0,71360,71250,72510,106807,133716,-13112,3805336.525
2022-02-15,2203,71070.0,71300.0,70540.0,71060,70870,71250,82171,125982,-7734,2912111.91
2022-02-16,2203,71410.0,71630.0,70970.0,71510,71360,70870,60175,124783,-1199,2147307.19
2022-02-17,2203,71550.0,71660.0,71030.0,71160,71360,71360,52066,118893,-5890,1857744.505
2022-02-18,2203,71250.0,72070.0,71110.0,71890,71510,71360,62479,117671,-1222,2234094.895
2022-02-21,2203,71510.0,71980.0,71230.0,71460,71490,71510,72498,104457,-13214,2591645.965
2022-02-22,2203,71150.0,71320.0,70960.0,71030,71110,71490,65454,89642,-14815,2327387.18
2022-02-23,2204,71450.0,71550.0,71100.0,71380,71340,71160,61340,128828,7605,2188014.06
2022-02-24,2204,71320.0,71380.0,70520.0,70970,70870,71340,111204,131418,2590,3940718.57
2022-02-25,2204,71360.0,71640.0,70550.0,70690,71030,70870,113707,132993,1575,4038774.815
2022-02-28,2204,70660.0,71110.0,70530.0,70990,70840,71030,72209,133553,560,2557661.095
2022-03-01,2204,70920.0,71150.0,70660.0,71050,70920,70840,59799,133338,-215,2120584.925
2022-03-02,2204,71150.0,71790.0,71120.0,71520,71490,70920,92002,140196,6858,3288697.185
2022-03-03,2204,73000.0,73120.0,71820.0,73010,72590,71490,135552,150786,10590,4920023.005
2022-03-04,2204,73000.0,73240.0,72240.0,72890,72740,72590,122656,149833,-953,4461110.165
2022-03-07,2204,72800.0,75610.0,72660.0,74980,74350,72740,164131,156329,6496,6101747.28
2022-03-08,2204,74900.0,77270.0,70560.0,74000,73520,74350,242689,139982,-16347,8921288.17
2022-03-09,2204,71880.0,73250.0,71880.0,72720,72750,73520,118144,126949,-13033,4297578.03
2022-03-10,2204,72000.0,72460.0,71440.0,71940,71850,72750,98015,116352,-10597,3521202.81
2022-03-11,2204,72300.0,72460.0,71830.0,72150,72130,71850,58980,111552,-4800,2127282.73
2022-03-14,2204,72390.0,72410.0,71750.0,71780,72010,72130,56960,111596,44,2051125.77
2022-03-15,2204,71260.0,71800.0,71260.0,71360,71480,72010,68140,110054,-1542,2435474.45
2022-03-16,2204,71200.0,72260.0,71150.0,72090,71660,71480,69098,105440,-4614,2476100.41
2022-03-17,2204,72120.0,72570.0,72000.0,72250,72270,71660,52124,102561,-2879,1883723.52
2022-03-18,2205,72550.0,73260.0,72380.0,72780,72790,72200,64847,122760,16193,2360172.65
2022-03-21,2205,72800.0,73780.0,72630.0,72880,73150,72790,83482,136789,14029,3053459.165
2022-03-22,2205,73010.0,73320.0,72880.0,73120,73130,73150,46312,144291,7502,1693612.94
2022-03-23,2205,73660.0,73670.0,72820.0,73180,73150,73130,52581,146263,1972,1923211.445
2022-03-24,2205,73500.0,73950.0,73380.0,73580,73640,73150,65180,153880,7617,2400234.645
2022-03-25,2205,73600.0,73920.0,73300.0,73560,73570,73640,56602,153934,54,2082199.25
2022-03-28,2205,73500.0,73500.0,72700.0,72940,73040,73570,72433,152869,-1065,2645598.685
2022-03-29,2205,73250.0,73830.0,73130.0,73570,73540,73040,66283,159874,7005,2437347.1
2022-03-30,2205,73270.0,74310.0,73120.0,74210,73670,73540,82724,166961,7087,3047423.845
2022-03-31,2205,73710.0,73870.0,73280.0,73320,73540,73670,71439,155903,-11058,2626974.415
2022-04-01,2205,73540.0,73700.0,73030.0,73160,73370,73540,58868,152682,-3221,2159683.52
2022-04-06,2205,73980.0,73990.0,73510.0,73720,73710,73370,39492,155196,2514,1455500.675
2022-04-07,2205,73720.0,73950.0,73350.0,73410,73560,73710,55126,154531,-665,2027719.295
2022-04-08,2205,73280.0,73930.0,73180.0,73760,73520,73560,55949,158724,4193,2056835.04
2022-04-11,2205,73690.0,73760.0,73160.0,73230,73400,73520,60836,153639,-5085,2232919.675
2022-04-12,2205,73200.0,73450.0,72930.0,73350,73230,73400,70395,151281,-2358,2577619.775
2022-04-13,2205,73300.0,74450.0,73240.0,74030,73920,73230,86744,157434,6153,3206284.175
2022-04-14,2205,73790.0,74270.0,73620.0,74180,73940,73920,53307,157429,-5,1970791.775
2022-04-15,2205,73820.0,75100.0,73780.0,74970,74550,73940,67161,164995,7566,2503692.985
2022-04-18,2205,74890.0,75320.0,74650.0,74760,74930,74550,52462,156720,-8275,1965516.175
2022-04-19,2205,74910.0,75500.0,74800.0,75040,75160,74930,63367,149391,-7329,2381425.86
2022-04-20,2205,74760.0,74770.0,74320.0,74480,74510,75160,60056,135362,-14029,2237591.53
2022-04-21,2205,74140.0,74750.0,74140.0,74480,74470,74510,48008,126276,-9086,1787678.005
2022-04-22,2205,74800.0,75200.0,74690.0,75010,74920,74470,58874,122400,-3876,2205632.84
2022-04-25,2206,74980.0,75150.0,73310.0,73340,74040,74840,131505,143815,2617,4868857.355
2022-04-26,2206,73170.0,73750.0,72500.0,73260,73100,74040,113019,148859,5044,4130930.61
2022-04-27,2206,72990.0,73560.0,72910.0,73320,73240,73100,81889,148335,-524,2999082.14
2022-04-28,2206,73100.0,73540.0,72870.0,73320,73210,73240,71044,150234,1899,2600823.995
2022-04-29,2206,73320.0,73960.0,72940.0,73600,73330,73210,73894,149754,-480,2709499.245
2022-05-05,2206,72940.0,73440.0,72710.0,72760,73050,73330,61604,150524,770,2250258.7
2022-05-06,2206,72380.0,72560.0,71820.0,72050,72170,73050,109319,155058,4534,3945237.57
2022-05-09,2206,71900.0,72040.0,71430.0,71440,71680,72170,93092,155923,865,3336440.885
2022-05-10,2206,70920.0,71950.0,70870.0,71720,71370,71680,110712,155273,-650,3950833.34
2022-05-11,2206,71660.0,71830.0,70810.0,71580,71470,71370,88796,152143,-3130,3173547.825
2022-05-12,2206,71470.0,71940.0,70850.0,70880,71400,71470,84662,156541,4398,3022691.81
2022-05-13,2206,70300.0,71130.0,70060.0,71060,70600,71400,100302,155842,-699,3540898.87
2022-05-16,2206,70580.0,71780.0,70360.0,71270,71110,70600,89343,148860,-6982,3176608.965
2022-05-17,2206,71750.0,71880.0,71320.0,71790,71640,71110,63091,140404,-8456,2260228.18
2022-05-18,2206,72060.0,72120.0,71310.0,71340,71730,71640,56167,133805,-6599,2014700.29
2022-05-19,2206,71400.0,71620.0,71000.0,71530,71340,71730,70782,125911,-7894,2525015.47
2022-05-20,2206,71540.0,72020.0,71540.0,71900,71770,71340,65352,116011,-9900,2345415.585
2022-05-23,2206,71960.0,72260.0,71670.0,72050,72020,71770,55949,107212,-8799,2014834.625
2022-05-24,2206,72260.0,72260.0,71670.0,71770,72040,72020,52383,98178,-9034,1886901.35
2022-05-25,2207,71310.0,71670.0,71260.0,71530,71430,71760,52878,121761,3768,1888642.375
2022-05-26,2207,71150.0,71410.0,70960.0,71080,71180,71430,63239,131511,9750,2250767.075
2022-05-27,2207,71380.0,72150.0,71300.0,71900,71780,71180,77992,135427,3916,2799422.425
2022-05-30,2207,71790.0,72230.0,71750.0,71950,71970,71780,57004,138162,2735,2051505.04
2022-05-31,2207,72010.0,72290.0,71870.0,72120,72100,71970,50706,140486,2324,1828053.325
2022-06-01,2207,71970.0,72000.0,71400.0,71600,71630,72100,62601,139921,-565,2242255.07
2022-06-02,2207,72020.0,72200.0,71760.0,72130,72010,71630,55476,141637,1716,1997665.59
2022-06-06,2207,73020.0,73120.0,72510.0,72680,72740,72010,62085,148193,6556,2258278.075
2022-06-07,2207,72930.0,72930.0,72410.0,72460,72690,72740,44634,149533,1340,1622253.075
2022-06-08,2207,72350.0,72920.0,72320.0,72790,72700,72690,58408,154356,4823,2123171.075
2022-06-09,2207,72800.0,73050.0,72700.0,72810,72830,72700,49609,154944,588,1806675.195
2022-06-10,2207,72650.0,72700.0,72380.0,72650,72530,72830,56491,153019,-1925,2048844.925
2022-06-13,2207,72300.0,72470.0,71610.0,71720,71950,72530,92405,144037,-8982,3324582.79
2022-06-14,2207,71320.0,71680.0,71110.0,71570,71390,71950,77694,141043,-2994,2773419.12
2022-06-15,2207,71270.0,71350.0,70660.0,70670,71010,71390,87721,140983,-60,3114559.72
2022-06-16,2207,70870.0,71180.0,70530.0,70540,70780,71010,74004,134901,-6082,2619285.31
2022-06-17,2207,69820.0,69940.0,69150.0,69740,69610,70780,105680,128917,-5984,3678454.375
2022-06-20,2207,69450.0,69450.0,68000.0,68000,68670,69610,116285,125733,-3184,3993137.38
2022-06-21,2207,67990.0,68700.0,67680.0,68030,68180,68670,84035,113914,-11819,2865024.35
2022-06-22,2207,68400.0,68980.0,67030.0,67060,68000,68180,85059,107154,-6760,2892171.185
2022-06-23,2208,66450.0,67120.0,65340.0,66190,66190,67770,125537,126060,4754,4155187.355
2022-06-24,2208,65390.0,65690.0,63350.0,63440,64430,66190,173900,143339,17279,5602258.89
2022-06-27,2208,63300.0,64680.0,61620.0,63750,63440,64430,230142,146507,3168,7300166.435
2022-06-28,2208,63760.0,64910.0,63470.0,64890,64060,63440,126386,135020,-11487,4048435.445
2022-06-29,2208,64800.0,64880.0,62960.0,63470,63950,64060,155790,141986,6966,4981811.53
2022-06-30,2208,64440.0,64680.0,63690.0,63850,64200,63950,111692,139765,-2221,3585515.085
2022-07-01,2208,63150.0,63380.0,61420.0,61630,62590,64200,177406,151502,11737,5552309.59
2022-07-04,2208,61400.0,61880.0,60630.0,60660,61240,62590,152453,154283,2781,4668755.645
2022-07-05,2208,61090.0,61480.0,60070.0,60110,60900,61240,147521,155659,1376,4492231.42
2022-07-06,2208,59490.0,59500.0,55510.0,57620,57860,60900,268494,164552,8893,7767836.125
2022-07-07,2208,58000.0,59550.0,57160.0,58640,58230,57860,226074,152780,-11772,6582304.325
2022-07-08,2208,59850.0,60540.0,58750.0,58960,59690,58230,179906,146409,-6371,5369619.74
2022-07-11,2208,59050.0,59780.0,57870.0,58480,58730,59690,152066,146028,-381,4466043.26
2022-07-12,2208,58550.0,58630.0,57250.0,57320,57940,58730,145196,146644,616,4206826.11
2022-07-13,2208,56960.0,56980.0,55350.0,56030,56130,57940,196041,153759,7115,5502380.48
2022-07-14,2208,55530.0,56690.0,54750.0,55450,55740,56130,237122,148648,-5111,6608725.905
2022-07-15,2208,55400.0,55400.0,53400.0,53480,54600,55740,206134,143350,-5298,5627726.8
2022-07-18,2208,54200.0,56460.0,54020.0,56390,55310,54600,227369,131640,-11710,6288797.82
2022-07-19,2208,56430.0,57430.0,55710.0,56030,56490,55310,135345,122993,-8647,3823493.0
2022-07-20,2208,56100.0,57340.0,55360.0,56840,56360,56490,134354,116095,-6898,3786229.61
2022-07-21,2208,56850.0,57300.0,55940.0,56180,56490,56360,117577,111861,-4234,3321536.955
2022-07-22,2208,56180.0,57080.0,55740.0,56930,56450,56490,118965,107507,-4354,3357901.855
2022-07-25,2209,56660.0,57850.0,56570.0,57010,57160,56260,143169,134548,7564,4091936.64
2022-07-26,2209,57290.0,59040.0,57290.0,58890,58050,57160,160993,152178,17630,4673585.8
2022-07-27,2209,58730.0,58840.0,57720.0,58390,58250,58050,145415,153367,1189,4235647.915
2022-07-28,2209,58280.0,60060.0,57960.0,59990,59120,58250,161288,155978,2611,4768437.375
2022-07-29,2209,59610.0,60170.0,59230.0,60100,59670,59120,147588,157641,1663,4403988.525
2022-08-01,2209,60180.0,61260.0,59920.0,60840,60690,59670,174005,159606,1965,5280838.315
2022-08-02,2209,61020.0,61250.0,59120.0,60250,60050,60690,182051,155093,-4513,5466971.515
2022-08-03,2209,60450.0,60700.0,59510.0,59780,60050,60050,179147,157522,2429,5379341.86
2022-08-04,2209,60050.0,60170.0,58730.0,58750,59420,60050,137931,160822,3300,4098551.175
2022-08-05,2209,59100.0,60560.0,58540.0,60310,59710,59420,182012,164183,3361,5434150.34
2022-08-08,2209,60080.0,61200.0,59710.0,60930,60570,59710,160061,162318,-1865,4847999.7
2022-08-09,2209,60880.0,61700.0,60680.0,61220,61200,60570,134470,160967,-1351,4114952.525
2022-08-10,2209,61390.0,61890.0,60760.0,61040,61350,61200,133240,160500,-467,4087190.22
2022-08-11,2209,61960.0,62790.0,61600.0,62690,62100,61350,154253,160597,97,4789925.935
2022-08-12,2209,62800.0,63010.0,62420.0,62930,62720,62100,115720,162236,1639,3629328.085
2022-08-15,2209,62390.0,62440.0,61240.0,61480,61940,62720,139942,159259,-2977,4334254.05
2022-08-16,2209,61040.0,62460.0,60830.0,62040,61760,61940,126975,155892,-3367,3921260.235
2022-08-17,2209,62110.0,62410.0,61770.0,61960,62080,61760,100558,151242,-4650,3121695.99
2022-08-18,2209,61770.0,61900.0,61150.0,61170,61540,62080,116574,151030,-212,3586991.25
2022-08-19,2209,62100.0,62610.0,61890.0,61980,62250,61540,110989,148840,-2190,3455050.9
2022-08-22,2209,62500.0,63400.0,62350.0,62770,62880,62250,109392,143995,-4845,3439780.26
2022-08-23,2209,62560.0,63270.0,62340.0,63040,62820,62880,81774,134350,-9645,2568588.975
2022-08-24,2210,62880.0,63330.0,62630.0,63060,62940,62400,92868,136655,6441,2922607.23
2022-08-25,2210,62720.0,62850.0,62400.0,62780,62620,62940,113853,149094,12439,3564937.7
2022-08-26,2210,63030.0,63730.0,62910.0,63690,63340,62620,113042,164183,15089,3580328.22
2022-08-29,2210,64210.0,64560.0,62280.0,62550,63380,63340,185856,166219,2036,5889875.25
2022-08-30,2210,62700.0,62840.0,61990.0,62200,62370,63380,117080,163034,-3185,3651415.775
2022-08-31,2210,61840.0,62340.0,61580.0,62060,61940,62370,127826,159941,-3093,3959142.205
2022-09-01,2210,60900.0,61520.0,60350.0,60680,60920,61940,167919,162153,2212,5114931.605
2022-09-02,2210,60530.0,60530.0,59300.0,59540,59840,60920,161035,167757,5604,4818448.88
2022-09-05,2210,59700.0,60670.0,59450.0,60580,60060,59840,158964,167403,-354,4774073.845
2022-09-06,2210,60380.0,61650.0,60360.0,61630,60940,60060,123553,161288,-6115,3765272.97
2022-09-07,2210,61380.0,61500.0,60390.0,60550,60970,60940,123977,163704,2416,3779516.8
2022-09-08,2210,60890.0,61360.0,60490.0,61150,60960,60970,123027,161574,-2130,3750069.805
2022-09-09,2210,61450.0,63100.0,61290.0,63070,62280,60960,158026,162113,539,4921658.475
2022-09-13,2210,63170.0,63560.0,62880.0,63190,63160,62280,73290,159448,-2665,2314562.43
2022-09-14,2210,62920.0,63050.0,62120.0,62280,62490,63160,123846,157446,-2002,3869945.62
2022-09-15,2210,62280.0,62790.0,61870.0,62220,62290,62490,118765,152790,-4656,3699419.46
2022-09-16,2210,62010.0,62320.0,61810.0,61950,62010,62290,105047,145499,-7291,3257487.84
2022-09-19,2210,62110.0,63200.0,62050.0,62280,62570,62010,112402,140415,-5084,3517057.435
2022-09-20,2210,62020.0,62930.0,61960.0,62600,62480,62570,89148,133173,-7242,2785416.4
2022-09-21,2210,62400.0,62970.0,62260.0,62760,62550,62480,77123,131777,-1396,2412168.485
2022-09-22,2210,62290.0,62850.0,61890.0,62430,62390,62550,118153,123593,-8184,3686112.44
2022-09-23,2210,62990.0,63000.0,62090.0,62180,62530,62390,78763,116679,-6914,2462834.825
2022-09-26,2210,61180.0,61510.0,60620.0,60700,61080,62530,141617,102539,-14140,4325292.115
2022-09-27,2211,60100.0,60850.0,59850.0,60470,60360,60320,113406,142293,1373,3422987.32
2022-09-28,2211,60700.0,60770.0,59860.0,60020,60200,60360,101191,148030,5737,3046339.43
2022-09-29,2211,60540.0,61210.0,60340.0,60870,60780,60200,111097,148758,728,3376485.505
2022-09-30,2211,61280.0,61410.0,60630.0,61320,61070,60780,101617,142520,-6238,3103112.23
2022-10-10,2211,61070.0,61630.0,61050.0,61260,61300,61070,72287,143498,978,2215797.345
2022-10-11,2211,62000.0,62730.0,61870.0,62360,62300,61300,112508,155384,11886,3504776.425
2022-10-12,2211,62510.0,62820.0,62020.0,62720,62350,62300,96511,159833,4449,3009084.295
2022-10-13,2211,62530.0,62630.0,62160.0,62340,62440,62350,84695,160522,689,2644210.49
2022-10-14,2211,62050.0,63740.0,61880.0,63700,62940,62440,141755,172003,11481,4461577.655
2022-10-17,2211,63700.0,63760.0,62840.0,63080,63200,62940,107335,163256,-8747,3391947.66
2022-10-18,2211,63340.0,63450.0,62600.0,62650,62830,63200,96499,152146,-11110,3031927.115
2022-10-19,2211,62460.0,62540.0,61950.0,62120,62210,62830,93539,144949,-7197,2909798.255
2022-10-20,2211,62230.0,62490.0,61980.0,62270,62170,62210,82732,137094,-7855,2571918.53
2022-10-21,2211,62750.0,63400.0,62590.0,62820,63070,62170,96569,132547,-4547,3045505.195
2022-10-24,2212,61680.0,63440.0,61680.0,62840,62750,62030,115396,171345,11312,3621125.595
2022-10-25,2212,62980.0,63190.0,62700.0,63060,62970,62750,77210,180053,8708,2431000.715
2022-10-26,2212,62510.0,63110.0,62510.0,62750,62780,62970,89367,185041,4988,2805279.165
2022-10-27,2212,63200.0,63730.0,63140.0,63450,63470,62780,100565,195630,10589,3191549.015
2022-10-28,2212,63630.0,64160.0,62740.0,62830,63470,63470,133310,195128,-502,4230851.145
2022-10-31,2212,62730.0,62960.0,61850.0,62060,62370,63470,149926,190869,-4259,4676077.395
2022-11-01,2212,61800.0,63510.0,61760.0,63350,62710,62370,143225,189728,-1141,4491287.44
2022-11-02,2212,63660.0,63950.0,63120.0,63570,63570,62710,95485,191357,1629,3035014.65
2022-11-03,2212,63400.0,63630.0,63150.0,63350,63400,63570,72791,190708,-649,2307649.96
2022-11-04,2212,62810.0,64520.0,62720.0,64250,63560,63400,132397,192238,1530,4207953.13
2022-11-07,2212,65500.0,66420.0,64970.0,65730,65580,63560,187038,201771,9533,6133814.29
2022-11-08,2212,65330.0,65850.0,64950.0,65780,65330,65580,108697,200587,-1184,3551088.545
2022-11-09,2212,65900.0,66740.0,65820.0,66580,66190,65330,133221,204380,3793,4409015.665
2022-11-10,2212,66200.0,67230.0,66130.0,66750,66640,66190,147374,199754,-4626,4910794.975
2022-11-11,2212,66550.0,68420.0,66460.0,67630,67600,66640,209808,197600,-2154,7091692.385
2022-11-14,2212,67670.0,68330.0,66660.0,67010,67490,67600,190728,185487,-12113,6436131.8
2022-11-15,2212,66670.0,67240.0,66440.0,67190,66880,67490,113258,177232,-8255,3787594.28
2022-11-16,2212,66870.0,67120.0,66340.0,66710,66690,66880,104038,167024,-10208,3469650.835
2022-11-17,2212,66710.0,66750.0,66000.0,66510,66320,66690,90982,158047,-8977,3017126.8
2022-11-18,2212,66210.0,66290.0,65650.0,65740,65860,66320,92310,148056,-9991,3040167.33
2022-11-21,2212,65510.0,65580.0,64730.0,65030,65110,65860,97528,132814,-15242,3175161.78
2022-11-22,2212,64640.0,64820.0,64260.0,64410,64620,65110,81536,121664,-11150,2634571.715
2022-11-23,2212,65020.0,65350.0,64590.0,64890,64950,64620,73475,109897,-11767,2386161.9
2022-11-24,2301,64630.0,65200.0,64460.0,64990,64850,64710,68152,144893,6364,2209939.92
2022-11-25,2301,64850.0,65280.0,64730.0,65170,65020,64850,64166,148708,3815,2086095.91
2022-11-28,2301,65360.0,65620.0,64000.0,64130,64560,65020,118987,147823,-885,3841142.785
2022-11-29,2301,64650.0,65360.0,64470.0,65080,64860,64560,98472,147420,-403,3193577.515
2022-11-30,2301,65080.0,65200.0,64550.0,64680,64790,64860,66304,147320,-100,2148190.18
2022-12-01,2301,65620.0,66050.0,65150.0,65890,65620,64790,102607,151706,4386,3366628.71
2022-12-02,2301,65520.0,66300.0,65520.0,66240,65830,65620,72762,147143,-4563,2395201.53
2022-12-05,2301,65950.0,66860.0,65590.0,66260,66220,65830,89722,145004,-2139,2970834.165
2022-12-06,2301,66190.0,66280.0,65550.0,65770,65900,66220,57736,143257,-1747,1902666.6
2022-12-07,2301,65890.0,66570.0,65300.0,65440,65860,65900,89484,146578,3321,2947128.395
2022-12-08,2301,65670.0,66520.0,65500.0,66360,66020,65860,68350,144893,-1685,2256306.235
2022-12-09,2301,66660.0,67160.0,66350.0,67120,66800,66020,72302,148592,3699,2415004.1
2022-12-12,2301,66590.0,66730.0,65890.0,66030,66280,66800,77966,142968,-5624,2583905.78
2022-12-13,2301,66030.0,66210.0,65530.0,66070,65910,66280,59251,140829,-2139,1952704.805
2022-12-14,2301,66340.0,67000.0,66180.0,66510,66520,65910,75527,142834,2005,2512336.55
2022-12-15,2301,66160.0,66340.0,65830.0,65980,66010,66520,66557,138262,-4572,2197001.46
2022-12-16,2301,66040.0,66060.0,65060.0,65260,65460,66010,88099,130399,-7863,2883661.905
2022-12-19,2301,65050.0,65950.0,64910.0,65110,65310,65460,76102,123414,-6985,2485467.555
2022-12-20,2301,65410.0,65650.0,64600.0,65060,65160,65310,71870,114226,-9188,2341697.085
2022-12-21,2301,65160.0,65920.0,65140.0,65760,65640,65160,65815,104044,-10182,2160331.1
2022-12-22,2301,65760.0,66300.0,65640.0,65820,65990,65640,48898,96957,-7087,1613615.49
2022-12-23,2301,65710.0,65790.0,65330.0,65450,65500,65990,45082,90762,-6195,1476496.565
2022-12-26,2301,65450.0,66120.0,65330.0,66040,65830,65500,48638,80204,-10558,1600987.065
2022-12-27,2302,65850.0,66660.0,65850.0,66420,66330,65780,44544,101894,2468,1477458.315
2022-12-28,2302,66810.0,66820.0,66190.0,66440,66520,66330,50067,103242,1348,1665250.37
2022-12-29,2302,66440.0,66500.0,66170.0,66430,66320,66520,37986,104321,1079,1259700.59
2022-12-30,2302,66180.0,66320.0,65970.0,66260,66120,66320,44425,99641,-4680,1468706.885
2023-01-03,2302,66160.0,66250.0,65310.0,65790,65670,66120,49935,96846,-2795,1639657.265
2023-01-04,2302,65580.0,65780.0,64520.0,64560,65040,65670,64526,99483,2637,2098419.695
2023-01-05,2302,63940.0,64460.0,63850.0,64290,64110,65040,64355,98356,-1127,2063038.94
2023-01-06,2303,65040.0,65320.0,64860.0,65190,65090,64030,68792,146174,-1138,2238945.405
2023-01-09,2303,64860.0,66260.0,64650.0,66090,65640,65090,100818,159235,13061,3309193.125
2023-01-10,2303,66370.0,66860.0,66290.0,66590,66540,65640,75072,169752,10517,2497726.39
2023-01-11,2303,66860.0,68020.0,66700.0,68000,67420,66540,95788,189204,19452,3229181.495
2023-01-12,2303,68020.0,69040.0,68020.0,68660,68660,67420,103292,198167,8963,3546211.175
2023-01-13,2303,68680.0,69390.0,68430.0,68630,68840,68660,102399,201290,3123,3524598.02
2023-01-16,2303,68530.0,68950.0,68070.0,68640,68600,68840,64322,197618,-3672,2206541.27
2023-01-17,2303,68740.0,68840.0,68320.0,68400,68560,68600,51649,193550,-4068,1770593.58
2023-01-18,2303,68900.0,70450.0,68780.0,70300,69700,68560,91193,198229,4679,3178209.8
2023-01-19,2303,70910.0,71500.0,69280.0,69680,70340,69700,101438,188881,-9348,3567649.25
2023-01-20,2303,69550.0,70650.0,69430.0,70420,70150,70340,73528,185326,-3555,2579279.4
2023-01-30,2303,70290.0,70300.0,69180.0,69330,69690,70150,57386,177532,-7794,1999856.505
2023-01-31,2303,69470.0,69790.0,69170.0,69240,69450,69690,68468,175820,-1712,2377632.485
2023-02-01,2303,69030.0,70000.0,68930.0,69700,69560,69450,58753,176168,348,2043447.545
2023-02-02,2303,69490.0,69540.0,68700.0,69060,69180,69560,74163,173518,-2650,2565659.4
2023-02-03,2303,68930.0,69440.0,68350.0,68890,68860,69180,83202,166505,-7013,2864993.855
2023-02-06,2303,68870.0,68980.0,68140.0,68340,68490,68860,89845,165143,-1362,3077079.285
2023-02-07,2303,68250.0,68360.0,67570.0,68260,68010,68490,76281,162437,-2706,2594098.575
2023-02-08,2303,67920.0,68750.0,67660.0,68640,68200,68010,68125,160063,-2374,2323388.605
2023-02-09,2303,68920.0,68980.0,68000.0,68640,68480,68200,66473,154927,-5136,2276302.965
2023-02-10,2303,68640.0,68940.0,68160.0,68420,68480,68480,65780,152323,-2604,2252517.085
2023-02-13,2303,68490.0,68560.0,67800.0,68150,68150,68480,63680,146260,-6063,2170200.405
2023-02-14,2303,68380.0,68780.0,68130.0,68680,68520,68150,53050,146151,-109,1817500.565
2023-02-15,2303,68630.0,69260.0,68370.0,68640,68850,68520,94661,145118,-1033,3259106.305
2023-02-16,2303,68290.0,68660.0,67820.0,68510,68260,68850,73566,136161,-8957,2510933.035
2023-02-17,2303,68810.0,69380.0,68560.0,68880,68980,68260,65567,131996,-4165,2261719.455
2023-02-20,2303,68800.0,69400.0,68580.0,69400,69040,68980,56876,127317,-4679,1963434.32
2023-02-21,2303,69770.0,70130.0,69640.0,70100,69830,69040,56137,116997,-10320,1960083.895
2023-02-22,2304,70360.0,70800.0,70180.0,70200,70480,69940,71344,160122,11572,2514508.09
2023-02-23,2304,70240.0,70480.0,69920.0,70010,70220,70480,58252,163849,3727,2045315.49
2023-02-24,2304,70210.0,70280.0,69060.0,69610,69550,70220,87917,163360,-489,3057540.39
2023-02-27,2304,69120.0,69350.0,68290.0,68300,68710,69550,121453,159665,-3695,4172983.7
2023-02-28,2304,68460.0,69080.0,68460.0,69050,68730,68710,85168,150661,-9004,2926908.94
2023-03-01,2304,69260.0,70170.0,69110.0,70080,69670,68730,87608,154787,4126,3052062.845
2023-03-02,2304,70160.0,70260.0,69730.0,69780,69970,69670,62414,154676,-111,2183626.0
2023-03-03,2304,69100.0,69910.0,69000.0,69820,69390,69970,80001,152202,-2474,2775649.04
2023-03-06,2304,69820.0,69900.0,69300.0,69310,69520,69390,55739,145748,-6454,1937561.075
2023-03-07,2304,69110.0,69800.0,69050.0,69590,69560,69520,51218,147482,1734,1781446.38
2023-03-08,2304,69250.0,69320.0,68680.0,68880,68950,69560,82682,145772,-1710,2850498.735
2023-03-09,2304,69160.0,69700.0,68910.0,69290,69300,68950,76750,144010,-1762,2659740.64
2023-03-10,2304,69380.0,69700.0,68800.0,68810,69140,69300,70261,143690,-320,2429098.95
2023-03-13,2304,68860.0,69410.0,68540.0,69270,68970,69140,110572,145271,1581,3813618.715
2023-03-14,2304,67780.0,68960.0,67500.0,68550,68270,68970,119029,141833,-3438,4063355.715
2023-03-15,2304,68970.0,69100.0,68550.0,68660,68790,68270,62871,139125,-2708,2162688.395
2023-03-16,2304,67130.0,67650.0,66360.0,66420,67090,68790,166168,132233,-6892,5574814.405
2023-03-17,2304,66620.0,67440.0,66160.0,67220,66890,67090,103162,115381,-16852,3450254.345
2023-03-20,2305,66980.0,67560.0,66540.0,66620,67010,66690,83497,148840,5390,2797624.815
2023-03-21,2305,67390.0,67650.0,67170.0,67530,67390,67010,76058,153584,4744,2563038.145
2023-03-22,2305,68280.0,68390.0,67740.0,68080,68050,67390,91995,157789,4205,3130456.74
2023-03-23,2305,68530.0,68750.0,68250.0,68350,68500,68050,89492,161802,4013,3065195.19
2023-03-24,2305,68420.0,69820.0,68330.0,69760,69120,68500,120251,173603,11801,4156293.08
2023-03-27,2305,69120.0,69380.0,68830.0,69250,69170,69120,96208,171085,-2518,3327566.535
2023-03-28,2305,69150.0,69730.0,69050.0,69320,69430,69170,68650,171323,238,2383232.07
2023-03-29,2305,69180.0,69680.0,69150.0,69280,69390,69430,59116,172322,999,2051288.27
2023-03-30,2305,69900.0,69990.0,69410.0,69660,69700,69390,73914,173919,1597,2575932.18
2023-03-31,2305,69670.0,69790.0,69130.0,69200,69440,69700,77154,172624,-1295,2679019.885
2023-04-03,2305,69100.0,69800.0,69040.0,69150,69370,69440,73815,172900,276,2560596.2
2023-04-04,2305,69480.0,69600.0,68890.0,69080,69170,69370,70666,170012,-2888,2444175.15
2023-04-06,2305,68500.0,68760.0,68430.0,68520,68610,69170,63458,165003,-5009,2176965.05
2023-04-07,2305,68400.0,69090.0,68120.0,69040,68590,68610,71798,165833,830,2462538.125
2023-04-10,2305,68810.0,69050.0,68620.0,68740,68770,68590,45388,162497,-3336,1560725.96
2023-04-11,2305,68280.0,69040.0,68260.0,68880,68550,68770,71434,168974,6477,2448748.29
2023-04-12,2305,68880.0,69310.0,68740.0,68860,68970,68550,71602,167373,-1601,2469441.895
2023-04-13,2305,68950.0,69470.0,68830.0,69170,69150,68970,73713,170762,3389,2548845.875
2023-04-14,2305,69870.0,70330.0,69790.0,70050,70060,69150,92074,184910,14148,3225372.34
2023-04-17,2305,70360.0,70630.0,69600.0,70170,70040,70060,91210,178995,-5915,3194476.86
2023-04-18,2305,69850.0,69940.0,69420.0,69780,69640,70040,71199,164693,-14302,2479482.865
2023-04-19,2305,69670.0,69940.0,69350.0,69470,69600,69640,57686,155142,-9551,2007580.85
2023-04-20,2305,69290.0,69670.0,69270.0,69350,69480,69600,59872,141821,-13321,2079956.28
2023-04-21,2305,69210.0,69350.0,68640.0,68660,68910,69480,87135,121019,-20802,3002463.53
2023-04-24,2306,68620.0,68790.0,68200.0,68250,68400,68830,79006,164638,10099,2702075.915
2023-04-25,2306,68200.0,68620.0,67940.0,68080,68170,68400,100278,172143,7505,3418110.875
2023-04-26,2306,66850.0,67500.0,66660.0,67430,67100,68170,155671,183099,10956,5223141.83
2023-04-27,2306,67050.0,67270.0,66210.0,66560,66770,67100,143086,187019,3920,4777066.405
2023-04-28,2306,66400.0,67540.0,66120.0,67410,66900,66770,109486,176110,-10909,3662591.555
2023-05-04,2306,66850.0,67320.0,66690.0,66920,66990,66900,69291,178647,2537,2321161.315
2023-05-05,2306,66810.0,67090.0,66220.0,66810,66590,66990,111863,183407,4760,3724893.46
2023-05-08,2306,66590.0,67500.0,66470.0,67470,67030,66590,100568,184240,833,3370850.8
2023-05-09,2306,67570.0,67760.0,67040.0,67070,67400,67030,68922,179775,-4465,2322831.43
2023-05-10,2306,67190.0,67510.0,67050.0,67240,67240,67400,63972,180997,1222,2150954.605
2023-05-11,2306,67000.0,67070.0,65240.0,65310,66340,67240,166462,199613,18616,5521563.44
2023-05-12,2306,64860.0,64890.0,63910.0,64610,64380,66340,201152,200649,1036,6475903.875
2023-05-15,2306,64880.0,65250.0,64390.0,64980,64830,64380,137408,188681,-11968,4454759.865
2023-05-16,2306,65280.0,65360.0,64210.0,64360,64800,64830,110036,182484,-6197,3565269.145
2023-05-17,2306,63990.0,64660.0,63990.0,64550,64340,64800,107444,170735,-11749,3456762.12
2023-05-18,2306,65020.0,65970.0,65020.0,65760,65600,64340,115845,159314,-11421,3799866.985
2023-05-19,2307,65130.0,65560.0,64860.0,65550,65180,65470,93035,166331,2259,3032046.38
2023-05-22,2307,65850.0,65980.0,64520.0,64860,65110,65180,127097,184574,18243,4137959.72
2023-05-23,2307,64950.0,65210.0,64160.0,64220,64690,65110,112878,193455,8881,3651264.875
2023-05-24,2307,64150.0,64480.0,63570.0,63850,63950,64690,152324,205909,12454,4870684.085
2023-05-25,2307,63720.0,63820.0,62690.0,63460,63260,63950,188009,214592,8683,5947496.305
2023-05-26,2307,63770.0,64630.0,63390.0,64630,63900,63260,168729,207582,-7010,5391245.095
2023-05-29,2307,64730.0,65350.0,64520.0,65210,64930,63900,130619,198837,-8745,4241114.83
2023-05-30,2307,65200.0,65380.0,64440.0,64800,64930,64930,110677,197547,-1290,3593353.75
2023-05-31,2307,65100.0,65130.0,64550.0,64920,64810,64930,115592,196697,-850,3745994.08
2023-06-01,2307,64710.0,65830.0,64600.0,65720,65270,64810,136907,187263,-9434,4468348.135
2023-06-02,2307,65520.0,66440.0,65470.0,66250,65910,65270,118310,186135,-1128,3899394.565
2023-06-05,2307,66620.0,66670.0,65620.0,65770,66020,65910,96166,184023,-2112,3174898.225
2023-06-06,2307,66270.0,66870.0,66080.0,66450,66500,66020,110022,188316,4293,3658390.04
2023-06-07,2307,66550.0,66990.0,66430.0,66540,66690,66500,75251,187635,-681,2509310.395
2023-06-08,2307,66840.0,67180.0,66420.0,66660,66770,66690,96463,186766,-869,3220485.635
2023-06-09,2307,66650.0,67110.0,66630.0,67080,66880,66770,79701,185269,-1497,2665498.23
2023-06-12,2307,67410.0,67600.0,66750.0,66830,67100,66880,96021,184102,-1167,3221829.165
2023-06-13,2307,66830.0,67460.0,66620.0,67340,67010,67100,83194,184708,606,2787594.0
2023-06-14,2307,67870.0,68040.0,67600.0,67730,67860,67010,96678,188021,3313,3280605.48
2023-06-15,2307,68080.0,68200.0,67750.0,67850,67940,67860,72890,187863,-158,2476339.305
2023-06-16,2307,68250.0,68740.0,68140.0,68630,68420,67940,82419,187507,-356,2819820.18
2023-06-19,2307,68630.0,68800.0,68270.0,68450,68500,68420,75705,179713,-7794,2592968.77
2023-06-20,2307,68660.0,68780.0,68350.0,68570,68540,68500,57764,173110,-6603,1979831.335
2023-06-21,2307,68880.0,69370.0,68680.0,68930,69010,68540,86581,168139,-4971,2987605.405
2023-06-26,2307,68430.0,68770.0,68230.0,68490,68500,69010,75110,152864,-15275,2572747.625
2023-06-27,2308,68150.0,68380.0,67720.0,68150,68100,68150,68650,184629,8596,2337543.68
2023-06-28,2308,67820.0,67970.0,67600.0,67680,67770,68100,71765,189604,4975,2431950.385
2023-06-29,2308,67310.0,67460.0,67160.0,67230,67290,67770,78026,186515,-3089,2625334.96
2023-06-30,2308,66800.0,67540.0,66720.0,67300,67110,67290,101176,184924,-1591,3395036.63
2023-07-03,2308,67450.0,68470.0,67440.0,68260,68040,67110,84305,191113,6189,2868338.18
2023-07-04,2308,68290.0,68420.0,67960.0,68110,68190,68040,55895,192325,1212,1905913.785
2023-07-05,2308,67920.0,68070.0,67750.0,67760,67900,68190,46243,190735,-1590,1570080.215
2023-07-06,2308,67650.0,68170.0,67620.0,67800,67880,67900,63372,191141,406,2151001.745
2023-07-07,2308,67770.0,67970.0,67530.0,67610,67720,67880,64936,189293,-1848,2198955.055
2023-07-10,2308,67790.0,68150.0,67660.0,67750,67860,67720,70296,194794,5501,2385350.68
2023-07-11,2308,67710.0,68340.0,67680.0,68130,68070,67860,78453,197410,2616,2670344.68
2023-07-12,2308,67780.0,67910.0,67520.0,67750,67730,68070,77684,189842,-7568,2630981.925
2023-07-13,2308,68040.0,68710.0,68020.0,68610,68450,67730,93774,199600,9758,3209757.6
2023-07-14,2308,68970.0,69740.0,68880.0,69290,69450,68450,103035,206098,6498,3577891.035
2023-07-17,2308,69480.0,69540.0,68710.0,68740,69170,69450,80541,200090,-6008,2785520.955
2023-07-18,2308,68270.0,68690.0,68130.0,68510,68430,69170,77733,183455,-16635,2659946.535
2023-07-19,2308,68270.0,68790.0,68260.0,68760,68470,68430,54529,173891,-9564,1866957.965
2023-07-20,2308,68450.0,68730.0,68340.0,68500,68520,68470,62899,167531,-6360,2155103.945
2023-07-21,2308,68960.0,68970.0,68370.0,68720,68630,68520,60712,158739,-8792,2083467.67
2023-07-24,2308,68410.0,68530.0,68250.0,68290,68370,68630,65924,146739,-12000,2253802.885
2023-07-25,2309,68100.0,69000.0,68080.0,68940,68670,68210,86423,174376,20201,2967440.13
2023-07-26,2309,69260.0,69380.0,68940.0,69120,69180,68670,81761,187555,13179,2828229.47
2023-07-27,2309,68930.0,69470.0,68810.0,69000,69170,69180,82185,190916,3361,2842481.375
2023-07-28,2309,68880.0,69110.0,68700.0,69100,68850,69170,79752,184963,-5953,2745735.615
2023-07-31,2309,69200.0,69790.0,69190.0,69530,69460,68850,111745,197823,12860,3881279.625
2023-08-01,2309,70200.0,70940.0,70050.0,70600,70490,69460,131810,211385,13562,4646098.885
2023-08-02,2309,70160.0,70260.0,69380.0,69420,69790,70490,123013,195163,-16222,4292653.275
2023-08-03,2309,69100.0,69220.0,68770.0,68860,68990,69790,93550,185489,-9674,3227213.875
2023-08-04,2309,68800.0,69660.0,68800.0,69350,69290,68990,83325,186799,1310,2886969.275
2023-08-07,2309,69020.0,69180.0,68800.0,69030,68950,69290,73848,183274,-3525,2545997.625
2023-08-08,2309,69120.0,69230.0,68700.0,68730,68900,68950,76022,178702,-4572,2619070.745
2023-08-09,2309,67800.0,68690.0,67740.0,68600,68190,68900,113385,171560,-7142,3866383.475
2023-08-10,2309,68410.0,68730.0,68320.0,68590,68470,68190,64570,169306,-2254,2210844.93
2023-08-11,2309,68750.0,68850.0,68180.0,68200,68460,68470,88030,167514,-1792,3013542.795
2023-08-14,2309,67810.0,68180.0,67810.0,67940,67980,68460,87228,167073,-441,2964896.37
2023-08-15,2309,67960.0,68680.0,67950.0,68520,68270,67980,69397,165362,-1711,2369137.01
2023-08-16,2309,68020.0,68190.0,67550.0,67550,67870,68270,101573,161395,-3967,3447087.085
2023-08-17,2309,67560.0,68100.0,67560.0,67980,67810,67870,73127,153744,-7651,2479465.97
2023-08-18,2309,68320.0,68550.0,67970.0,68000,68300,67810,62392,149439,-4305,2130990.395
2023-08-21,2309,68120.0,68670.0,68010.0,68500,68430,68300,60816,143633,-5806,2081091.58
2023-08-22,2309,68530.0,68850.0,68350.0,68670,68540,68430,54165,139300,-4333,1856380.125
2023-08-23,2310,68710.0,69100.0,68650.0,68960,68870,68360,61185,137943,7741,2106996.365
2023-08-24,2310,69070.0,69320.0,68830.0,68870,69090,68870,77882,144637,6694,2690557.015
2023-08-25,2310,68740.0,69010.0,68650.0,68930,68830,69090,56301,146733,2096,1937776.81
2023-08-28,2310,69010.0,69390.0,68600.0,68900,68940,68830,93971,150010,3277,3239433.39
2023-08-29,2310,68940.0,69310.0,68870.0,69190,69090,68940,60273,153663,3653,2082279.015
2023-08-30,2310,69100.0,69510.0,68980.0,69380,69300,69090,73499,156770,3107,2546765.93
2023-08-31,2310,69570.0,69650.0,69280.0,69430,69480,69300,71401,159215,2445,2480679.315
2023-09-01,2310,69380.0,69730.0,69110.0,69730,69470,69480,78171,163818,4603,2715622.385
2023-09-04,2310,70150.0,70210.0,69270.0,69340,69720,69470,93696,164206,388,3266353.615
2023-09-05,2310,69210.0,69490.0,69010.0,69050,69240,69720,58182,159579,-4627,2014351.82
2023-09-06,2310,69410.0,69740.0,69320.0,69490,69520,69240,69558,159284,-295,2418073.315
2023-09-07,2310,69260.0,69360.0,68950.0,69220,69140,69520,69974,153952,-5332,2419194.17
2023-09-08,2310,68890.0,68980.0,68700.0,68750,68840,69140,67197,151406,-2546,2312955.72
2023-09-11,2310,68600.0,69100.0,68410.0,69080,68710,68840,73547,150046,-1360,2526963.03
2023-09-12,2310,69230.0,69510.0,69180.0,69250,69330,68710,60132,153821,3775,2084735.975
2023-09-13,2310,69250.0,69290.0,69000.0,69130,69110,69330,54913,155341,1520,1897565.025
2023-09-14,2310,69160.0,69510.0,69020.0,69470,69240,69110,75177,161461,6120,2602820.875
2023-09-15,2310,69570.0,69920.0,69370.0,69780,69650,69240,73293,164105,2644,2552732.665
2023-09-18,2310,69490.0,69520.0,69210.0,69450,69360,69650,67113,154807,-9298,2327702.21
2023-09-19,2310,69300.0,69350.0,68750.0,68790,68980,69360,81353,142679,-12128,2806016.38
2023-09-20,2310,68660.0,68900.0,68600.0,68740,68760,68980,61681,129493,-13186,2120785.48
2023-09-21,2310,68890.0,69110.0,68510.0,68510,68700,68760,64936,118676,-10817,2230634.985
2023-09-22,2311,67330.0,68100.0,67300.0,68020,67780,68550,100417,137995,8331,3403222.485
2023-09-25,2311,68140.0,68170.0,67580.0,67670,67870,67780,66780,144076,6081,2266266.345
2023-09-26,2311,67800.0,67880.0,67170.0,67190,67510,67870,79275,153243,9167,2676018.86
2023-09-27,2311,67190.0,67440.0,66980.0,67000,67180,67510,69492,153555,312,2334516.275
2023-09-28,2311,67110.0,67380.0,67000.0,67240,67210,67180,64133,152183,-1372,2155395.805
2023-10-09,2311,67130.0,67480.0,67060.0,67400,67340,67210,56913,152143,-40,1916506.43
2023-10-10,2311,67200.0,67300.0,66400.0,66460,66900,67340,101575,159994,7851,3398124.485
2023-10-11,2311,66270.0,66950.0,66190.0,66930,66630,66900,83168,157542,-2452,2770936.48
2023-10-12,2311,66680.0,66980.0,66510.0,66940,66700,66630,69661,157890,348,2323517.34
2023-10-13,2311,66610.0,66750.0,66070.0,66470,66430,66700,76393,159870,1980,2537603.73
2023-10-16,2311,66420.0,66650.0,65890.0,66630,66310,66430,72639,157410,-2460,2408645.535
2023-10-17,2311,66560.0,66580.0,65850.0,65880,66170,66310,74591,153845,-3565,2467962.85
2023-10-18,2311,65880.0,66900.0,65880.0,66700,66490,66170,71210,140576,-13269,2367441.875
2023-10-19,2311,66620.0,66780.0,66220.0,66470,66490,66490,53266,132399,-8177,1770877.8
2023-10-20,2312,66630.0,66680.0,65970.0,66060,66360,66420,60077,142285,8992,1993581.075
2023-10-23,2312,66200.0,66350.0,65610.0,65640,65920,66360,72629,158801,16516,2393923.14
2023-10-24,2312,65920.0,66540.0,65820.0,66490,66200,65920,90268,154382,-4419,2988115.215
2023-10-25,2312,66530.0,67100.0,66390.0,66920,66830,66200,94212,152260,-2122,3148304.635
2023-10-26,2312,66800.0,66840.0,66370.0,66550,66600,66830,61403,152146,-114,2044914.155
2023-10-27,2312,66680.0,66910.0,66390.0,66880,66620,66600,68039,159279,7133,2266613.635
2023-10-30,2312,67120.0,67430.0,67100.0,67320,67280,66620,76609,157196,-2083,2577469.28
2023-10-31,2312,67810.0,67840.0,67120.0,67310,67430,67280,75648,157294,98,2550579.165
2023-11-01,2312,67330.0,67450.0,67080.0,67280,67260,67430,54200,153306,-3988,1822882.185
2023-11-02,2312,67380.0,67700.0,67310.0,67410,67490,67260,57858,152858,-448,1952575.12
2023-11-03,2312,67530.0,67880.0,67440.0,67740,67680,67490,63980,154273,1415,2165214.185
2023-11-06,2312,67640.0,67650.0,67250.0,67590,67450,67680,66469,147938,-6335,2241910.18
2023-11-07,2312,67680.0,67830.0,67380.0,67410,67610,67450,48628,146797,-1141,1643927.275
2023-11-08,2312,67190.0,67530.0,67100.0,67500,67330,67610,59231,145931,-866,1994012.325
2023-11-09,2312,67400.0,67550.0,66980.0,67130,67170,67330,64158,144446,-1485,2154811.19
2023-11-10,2312,67140.0,67450.0,67060.0,67230,67220,67170,55877,144325,-121,1878070.705
2023-11-13,2312,67030.0,67240.0,66720.0,67210,66980,67220,76929,144195,-130,2576361.595
2023-11-14,2312,67390.0,67580.0,67270.0,67480,67440,66980,55242,143730,-465,1862852.915
2023-11-15,2312,67550.0,67910.0,67530.0,67770,67720,67440,62835,143282,-448,2127594.085
2023-11-16,2312,67940.0,67990.0,67700.0,67850,67820,67720,53799,138761,-4521,1824363.755
2023-11-17,2312,67870.0,68020.0,67500.0,67920,67800,67820,63363,135362,-3399,2148160.84
2023-11-20,2312,67820.0,68070.0,67690.0,67920,67900,67800,54061,127797,-7565,1835466.345
2023-11-21,2401,67820.0,68350.0,67640.0,68100,68060,67630,70689,145135,13665,2405850.835
2023-11-22,2401,68040.0,68250.0,67790.0,67930,68020,68060,65227,156407,11272,2218444.72
2023-11-23,2401,67840.0,67970.0,67540.0,67800,67750,68020,60802,154652,-1755,2059904.275
2023-11-24,2401,67900.0,68140.0,67830.0,68050,67980,67750,47860,159674,5022,1626951.8
2023-11-27,2401,67990.0,68200.0,67730.0,68100,68010,67980,56665,163757,4083,1927153.485
2023-11-28,2401,68010.0,68010.0,67650.0,67700,67800,68010,58263,158996,-4761,1975188.245
2023-11-29,2401,67890.0,68390.0,67870.0,68090,68150,67800,86512,166067,7071,2948023.57
2023-11-30,2401,68200.0,68330.0,67900.0,68220,68150,68150,67925,162935,-3132,2314558.98
2023-12-01,2401,68000.0,68580.0,67960.0,68360,68330,68150,72800,166714,3779,2487286.685
2023-12-04,2401,68660.0,69150.0,68570.0,68580,68810,68330,76654,172379,5665,2637417.465
2023-12-05,2401,68380.0,68560.0,67760.0,67900,68200,68810,73962,160371,-12008,2522415.64
2023-12-06,2401,67600.0,68070.0,67480.0,68050,67720,68200,68900,150052,-10319,2333297.895
2023-12-07,2401,68050.0,68190.0,67200.0,67480,67580,67720,72090,149898,-154,2436229.905
2023-12-08,2401,67530.0,68100.0,67460.0,68000,67790,67580,49527,147364,-2534,1678913.715
2023-12-11,2401,68260.0,68810.0,68180.0,68350,68420,67790,77178,153363,5999,2640583.555
2023-12-12,2401,67990.0,68190.0,67800.0,68170,68010,68420,54487,146253,-7110,1852847.365
2023-12-13,2401,68050.0,68090.0,67730.0,67810,67890,68010,55157,144329,-1924,1872334.835
2023-12-14,2401,67700.0,68290.0,67690.0,68200,68030,67890,56097,144764,435,1908262.835
2023-12-15,2401,68800.0,68870.0,68500.0,68630,68690,68030,73647,146946,2182,2529473.205
2023-12-18,2401,68610.0,68750.0,68330.0,68650,68580,68690,50633,141267,-5679,1736411.175
2023-12-19,2401,68520.0,68600.0,68350.0,68480,68480,68580,40688,131778,-9489,1393338.615
2023-12-20,2402,68580.0,69180.0,68550.0,68900,68850,68360,78203,135836,12369,2692157.88
2023-12-21,2402,68820.0,68990.0,68600.0,68970,68810,68850,57960,145429,9593,1994204.825
2023-12-22,2402,68810.0,69290.0,68790.0,69040,69050,68810,73250,153500,8071,2529098.725
2023-12-25,2402,68960.0,69230.0,68900.0,69080,69060,69050,46120,154819,1319,1592544.905
2023-12-26,2402,69130.0,69380.0,69020.0,69330,69190,69060,45960,156087,1268,1590061.335
2023-12-27,2402,69230.0,69410.0,68960.0,69260,69190,69190,57255,155297,-790,1980843.815
2023-12-28,2402,69260.0,69870.0,69230.0,69340,69500,69190,73416,155933,636,2551276.83
2023-12-29,2402,68970.0,69150.0,68810.0,68920,68970,69500,57435,144501,-11432,1980875.205
2024-01-02,2402,68750.0,69050.0,68630.0,68960,68820,68970,31322,141057,-3444,1077825.195
2024-01-03,2402,68670.0,68850.0,68500.0,68610,68620,68820,48693,135896,-5161,1670805.135
2024-01-04,2402,68350.0,68690.0,68220.0,68390,68420,68620,55387,131273,-4623,1894912.265
2024-01-05,2402,68200.0,68570.0,68120.0,68390,68350,68420,45301,126435,-4838,1548172.695
2024-01-08,2402,68190.0,68550.0,68080.0,68280,68240,68350,54382,123663,-2772,1855715.565
2024-01-09,2402,68090.0,68430.0,67930.0,68220,68170,68240,47529,125217,1554,1620260.08
2024-01-10,2402,67980.0,68180.0,67770.0,67810,67930,68170,59701,125294,77,2027926.775
2024-01-11,2402,68010.0,68230.0,67670.0,68190,68030,67930,45167,118216,-7078,1536507.11
2024-01-12,2402,68160.0,68300.0,67820.0,68200,68090,68030,41754,112517,-5699,1421565.505
2024-01-15,2403,68000.0,68140.0,67600.0,67670,67830,68070,52818,144333,6397,1791503.295
2024-01-16,2403,67700.0,68010.0,67670.0,67810,67810,67830,40748,147095,2762,1381699.195
2024-01-17,2403,68020.0,68160.0,67690.0,67720,67930,67810,44842,148567,1472,1523112.185
2024-01-18,2403,67820.0,67890.0,67500.0,67870,67710,67930,52281,150362,1795,1770169.3
2024-01-19,2403,67580.0,67900.0,67380.0,67770,67630,67710,56108,150724,362,1897424.44
2024-01-22,2403,68000.0,68160.0,67810.0,67910,68000,67630,52809,148520,-2204,1795593.14
2024-01-23,2403,67880.0,68150.0,67720.0,68110,67900,68000,50812,149622,1102,1725191.505
2024-01-24,2403,68010.0,68400.0,68000.0,68380,68190,67900,51770,151823,2201,1765350.655
2024-01-25,2403,68900.0,69000.0,68760.0,68880,68870,68190,77862,153366,1543,2681303.74
2024-01-26,2403,69050.0,69130.0,68830.0,68870,69010,68870,53962,153260,-106,1862163.515
2024-01-29,2403,68910.0,69280.0,68740.0,68780,68970,69010,53617,151027,-2233,1849208.39
2024-01-30,2403,68900.0,69210.0,68870.0,68980,69030,68970,43685,150596,-431,1507788.765
2024-01-31,2403,69110.0,69470.0,68960.0,69350,69260,69030,67178,153179,2583,2326603.015
2024-02-01,2403,69440.0,70000.0,68930.0,69000,69420,69260,77569,149376,-3803,2692741.915
2024-02-02,2403,69030.0,69190.0,68520.0,68630,68830,69420,57395,139662,-9714,1975299.225
2024-02-05,2403,68800.0,68850.0,68500.0,68540,68640,68830,44055,137295,-2367,1512088.665
2024-02-06,2403,68360.0,68390.0,68000.0,68060,68130,68640,60918,131099,-6196,2075344.885
2024-02-07,2403,68020.0,68240.0,67800.0,68140,68070,68130,44124,127953,-3146,1501891.905
2024-02-08,2403,68140.0,68140.0,67630.0,67960,67860,68070,49203,124143,-3810,1669479.87
2024-02-19,2403,68620.0,68670.0,68280.0,68340,68430,67860,37293,116043,-8100,1276137.72
2024-02-20,2403,68500.0,68600.0,68220.0,68320,68370,68430,38156,108667,-7376,1304395.78
2024-02-21,2404,68550.0,69100.0,68450.0,69060,68860,68450,54164,139775,7876,1864944.325
2024-02-22,2404,69230.0,69530.0,69060.0,69260,69240,68860,58000,150574,10799,2008243.44
2024-02-23,2404,69260.0,69550.0,69100.0,69370,69370,69240,54330,159131,8557,1884492.635
2024-02-26,2404,69060.0,69360.0,69010.0,69050,69140,69370,54817,156548,-2583,1895091.775
2024-02-27,2404,68800.0,69030.0,68690.0,69000,68840,69140,50115,152274,-4274,1725014.415
2024-02-28,2404,69070.0,69070.0,68740.0,68760,68870,68840,43556,151537,-737,1499863.355
2024-02-29,2404,68630.0,69010.0,68580.0,68990,68790,68870,50867,150865,-672,1749573.59
2024-03-01,2404,68870.0,69140.0,68860.0,68920,68960,68790,36563,146972,-3893,1260834.08
2024-03-04,2404,68760.0,69240.0,68750.0,69170,68990,68960,48152,150559,3587,1661110.205
2024-03-05,2404,69300.0,69350.0,69010.0,69050,69170,68990,37019,148098,-2461,1280333.345
2024-03-06,2404,69090.0,69200.0,68930.0,69080,69040,69170,30781,148420,322,1062689.73
2024-03-07,2405,69210.0,69590.0,69120.0,69540,69430,69050,56914,134950,16180,1975803.805
2024-03-08,2405,69930.0,70230.0,69690.0,69990,69940,69430,85515,152099,17149,2990563.775
2024-03-11,2405,69580.0,69960.0,69310.0,69490,69560,69940,63684,147835,-4264,2214939.535
2024-03-12,2405,69560.0,69920.0,69560.0,69900,69710,69560,50348,160203,12368,1755105.345
2024-03-13,2405,69960.0,70460.0,69580.0,70420,70030,69710,108688,182645,22442,3806062.31
2024-03-14,2405,71200.0,72470.0,71080.0,71570,71680,70030,208137,214126,31481,7459969.83
2024-03-15,2405,71600.0,73270.0,71550.0,73130,72400,71680,180312,230421,16295,6527514.325
2024-03-18,2405,72930.0,73440.0,72700.0,72830,73070,72400,168557,231671,1250,6158906.35
2024-03-19,2405,73130.0,73900.0,72510.0,72920,73270,73070,197326,225160,-6511,7229562.75
2024-03-20,2405,72420.0,72890.0,72350.0,72620,72620,73270,101716,218643,-6517,3693744.53
2024-03-21,2405,72230.0,73530.0,72080.0,73240,72870,72620,127576,221854,3211,4648794.575
2024-03-22,2405,72920.0,73060.0,72130.0,72290,72520,72870,117396,205498,-16356,4257054.14
2024-03-25,2405,72180.0,72690.0,72150.0,72300,72430,72520,88788,200899,-4599,3215602.795
2024-03-26,2405,72180.0,72570.0,71720.0,72000,72140,72430,101264,190762,-10137,3653041.68
2024-03-27,2405,72250.0,72300.0,71860.0,72090,72070,72140,68992,189240,-1522,2486144.675
2024-03-28,2405,71840.0,72660.0,71640.0,72500,72180,72070,101206,187803,-1437,3652757.045
2024-03-29,2405,72310.0,72620.0,72060.0,72530,72330,72180,83310,178865,-8938,3013145.95
2024-04-01,2405,72600.0,73190.0,72500.0,73100,72820,72330,75189,176465,-2400,2737679.535
2024-04-02,2405,72880.0,73370.0,72840.0,73230,73100,72820,65009,177128,663,2376242.64
2024-04-03,2405,73500.0,74050.0,73230.0,73980,73620,73100,85725,175205,-1923,3155825.67
2024-04-08,2406,75040.0,76310.0,74520.0,75630,75410,73760,104222,180147,13942,3929930.25
2024-04-09,2406,76100.0,76850.0,75850.0,76130,76300,75410,139653,195142,14995,5328170.385
2024-04-10,2406,76720.0,77040.0,76060.0,76800,76540,76300,142517,204867,9725,5454795.04
2024-04-11,2406,76500.0,76650.0,75700.0,76270,76230,76540,164346,201063,-3804,6264225.31
2024-04-12,2406,76280.0,76920.0,75830.0,76910,76340,76230,130576,202356,1293,4984433.74
2024-04-15,2406,77410.0,77940.0,76220.0,76970,77080,76340,209089,202183,-173,8058452.095
2024-04-16,2406,77290.0,77570.0,76520.0,76730,77100,77080,164951,201471,-712,6359028.015
2024-04-17,2406,76460.0,77010.0,76300.0,76920,76640,77100,103629,197905,-3566,3971141.1
2024-04-18,2406,77290.0,78920.0,76840.0,78780,77670,76640,180564,211744,13839,7012805.33
2024-04-19,2406,78900.0,79840.0,78200.0,79370,78980,77670,219687,212648,904,8675698.045
2024-04-22,2406,79700.0,81050.0,79430.0,79550,80080,78980,237308,209205,-3443,9502172.655
2024-04-23,2406,79710.0,79730.0,77830.0,78020,78860,80080,213113,198099,-11106,8403462.84
2024-04-24,2406,77930.0,79500.0,77650.0,79380,78650,78860,170770,200132,2033,6715945.61
2024-04-25,2406,79250.0,80200.0,78830.0,80160,79320,78650,163701,200833,701,6492672.99
2024-04-26,2406,80660.0,81180.0,79810.0,81100,80400,79320,189872,199981,-852,7633583.345
2024-04-29,2406,80810.0,81110.0,80080.0,80940,80730,80400,165979,198041,-1940,6700097.59
2024-04-30,2406,81130.0,82460.0,81100.0,82180,81770,80730,169405,198340,299,6926705.55
2024-05-06,2406,80220.0,81340.0,80140.0,81300,80900,81770,72324,189633,-8707,2925779.42
2024-05-07,2406,81300.0,81680.0,80490.0,80500,81070,80900,110143,187279,-2354,4465160.515
2024-05-08,2406,80520.0,80890.0,79410.0,79540,80170,81070,116500,181336,-5943,4669929.265
2024-05-09,2406,79470.0,80040.0,79420.0,79630,79760,80170,85005,179763,-1573,3390059.57
2024-05-10,2406,79760.0,81040.0,79600.0,80970,80250,79760,105672,181496,1733,4240324.785
2024-05-13,2406,80640.0,81310.0,80210.0,81150,80690,80250,115925,180741,-755,4677383.3
2024-05-14,2406,81540.0,82440.0,81350.0,82280,81860,80690,105578,176468,-4273,4321633.665
2024-05-15,2407,82300.0,82590.0,81220.0,82080,81930,82140,123052,196934,-1816,5040998.7
2024-05-16,2407,82370.0,83000.0,81260.0,82600,82330,81930,174265,210670,13736,7173927.885
2024-05-17,2407,82720.0,84500.0,82410.0,84250,83290,82330,156518,228150,17480,6518356.515
2024-05-20,2407,84530.0,88940.0,84420.0,87670,86740,83290,308625,231481,3331,13385211.54
2024-05-21,2407,86670.0,88630.0,85860.0,87090,87150,86740,260153,223409,-8072,11337106.125
2024-05-22,2407,87680.0,87960.0,85610.0,86220,86680,87150,216962,221296,-2113,9403489.23
2024-05-23,2407,84500.0,85140.0,82760.0,83080,83950,86680,262270,213543,-7753,11009408.56
2024-05-24,2407,83610.0,84400.0,83200.0,84050,83860,83950,180540,211017,-2526,7570849.795
2024-05-27,2407,83750.0,84170.0,83450.0,83530,83820,83860,109092,207941,-3076,4572165.92
2024-05-28,2407,83900.0,85400.0,83860.0,84600,84750,83820,155282,207025,-916,6580821.825
2024-05-29,2407,84870.0,85880.0,84130.0,85470,84910,84750,154485,208944,1919,6558951.995
2024-05-30,2407,84180.0,84870.0,82440.0,82860,83820,84910,214119,202769,-6175,8973961.01
2024-05-31,2407,82000.0,82620.0,81650.0,82500,82220,83820,170470,191999,-10770,7008022.66
2024-06-03,2407,82290.0,82680.0,81130.0,81510,81730,82220,170336,186521,-5478,6961330.61
2024-06-04,2407,81960.0,82460.0,81600.0,81970,82060,81730,127696,182136,-4385,5239829.015
2024-06-05,2407,80960.0,81060.0,80040.0,80060,80560,82060,148969,181823,-313,6000691.98
2024-06-06,2407,80330.0,81720.0,80090.0,81250,80920,80560,135385,177224,-4599,5477717.2
2024-06-07,2407,81510.0,82440.0,81300.0,81530,81750,80920,115954,176830,-394,4739711.355
2024-06-11,2407,80620.0,80680.0,79600.0,79870,80090,81750,91327,173378,-3452,3657570.66
2024-06-12,2407,79390.0,80260.0,79130.0,79880,79690,80090,99752,176586,3208,3974673.095
2024-06-13,2407,80650.0,81050.0,79210.0,80000,80030,79690,115253,176197,-389,4612121.045
2024-06-14,2407,80070.0,80200.0,79060.0,79550,79680,80030,84959,175529,-668,3384979.25
2024-06-17,2407,79410.0,79530.0,78110.0,78110,78880,79680,108656,170545,-4984,4285566.57
2024-06-18,2407,78030.0,79060.0,77890.0,78370,78550,78880,92440,159905,-10640,3630821.55
2024-06-19,2407,77800.0,79050.0,77760.0,79040,78470,78550,78388,151715,-8190,3075772.86
2024-06-20,2408,79500.0,80190.0,79100.0,79600,79660,78630,93884,161072,1752,3739612.045
2024-06-21,2408,79670.0,80530.0,79300.0,79310,79970,79660,124040,167515,6443,4960069.66
2024-06-24,2408,78740.0,79180.0,78430.0,78670,78770,79970,110617,171438,3923,4357154.855
2024-06-25,2408,78740.0,79130.0,78540.0,78670,78820,78770,81705,172951,1513,3220398.705
2024-06-26,2408,78320.0,78560.0,77540.0,78480,78020,78820,141238,182545,9594,5510019.855
2024-06-27,2408,78420.0,78420.0,77420.0,77550,77910,78020,112718,181853,-692,4391365.75
2024-06-28,2408,78080.0,78530.0,77630.0,78370,78100,77910,136876,195709,13856,5345514.57
2024-07-01,2408,78690.0,79020.0,77880.0,78060,78370,78100,97636,193071,-2638,3825988.195
2024-07-02,2408,78760.0,78960.0,78500.0,78690,78720,78370,82800,197638,4567,3259304.84
2024-07-03,2408,79140.0,79650.0,78660.0,79630,79090,78720,104322,201354,3716,4125778.725
2024-07-04,2408,79990.0,80520.0,79690.0,79870,80080,79090,101262,201865,511,4054997.63
2024-07-05,2408,80360.0,80570.0,79830.0,80370,80170,80080,88754,200254,-1611,3558100.365
2024-07-08,2408,80650.0,80800.0,79750.0,79930,80360,80170,100425,201766,1512,4035186.91
2024-07-09,2408,80470.0,80650.0,80020.0,80480,80340,80360,83784,200268,-1498,3365820.0
2024-07-10,2408,80260.0,80340.0,79460.0,79580,79870,80340,96617,198504,-1764,3858789.39
2024-07-11,2408,79970.0,80300.0,79780.0,79920,80010,79870,76401,195148,-3356,3056466.285
2024-07-12,2408,79780.0,79900.0,78850.0,78950,79210,80010,102725,195298,150,4068426.75
2024-07-15,2408,79600.0,80210.0,79260.0,79490,79650,79210,90689,190508,-4790,3611913.095
2024-07-16,2408,79330.0,79740.0,79120.0,79280,79360,79650,63751,184424,-6084,2529919.165
2024-07-17,2408,78730.0,78890.0,78280.0,78500,78590,79360,89546,173509,-10915,3518955.415
2024-07-18,2408,78390.0,78500.0,77970.0,78380,78180,78590,76130,167635,-5874,2976254.465
2024-07-19,2409,77310.0,77460.0,76430.0,76740,76930,78370,140717,178819,10011,5412696.175
2024-07-22,2409,76120.0,76610.0,75680.0,75760,76220,76930,127785,184074,5255,4869896.895
2024-07-23,2409,75390.0,75990.0,74710.0,74710,75320,76220,137159,183487,-587,5165695.705
2024-07-24,2409,74840.0,75210.0,74520.0,75000,74840,75320,116069,180574,-2913,4343344.94
2024-07-25,2409,74800.0,74890.0,72800.0,73030,73720,74840,175351,180626,52,6463914.275
2024-07-26,2409,73550.0,74670.0,73380.0,74150,74100,73720,163163,178280,-2346,6045452.655
2024-07-29,2409,74250.0,74840.0,74030.0,74040,74350,74100,99233,176894,-1386,3689036.485
2024-07-30,2409,73700.0,74010.0,73040.0,73420,73480,74350,133840,183525,6631,4917879.66
2024-07-31,2409,73040.0,74520.0,72740.0,74470,73600,73480,145941,182993,-532,5371016.42
2024-08-01,2409,74690.0,75490.0,74540.0,74780,74950,73600,127099,180951,-2042,4763458.02
2024-08-02,2409,74510.0,74840.0,73240.0,73700,73940,74950,153809,182728,1777,5686410.985
2024-08-05,2409,73680.0,73980.0,72180.0,72210,73060,73940,191875,182230,-498,7009477.275
2024-08-06,2409,70800.0,72240.0,70590.0,70850,71170,73060,202075,176117,-6113,7191792.975
2024-08-07,2409,70850.0,71970.0,70850.0,71390,71490,71170,141396,170926,-5191,5054580.715
2024-08-08,2409,71400.0,71420.0,70630.0,70680,70940,71490,112696,174122,3196,3997879.67
2024-08-09,2409,70700.0,72150.0,70630.0,71670,71420,70940,131333,170228,-3894,4689910.835
2024-08-12,2409,71750.0,72240.0,71310.0,72190,71680,71420,102243,169503,-725,3664808.525
2024-08-13,2409,72400.0,73220.0,72020.0,72280,72540,71680,124283,167635,-1868,4508195.065
2024-08-14,2409,72200.0,72650.0,71650.0,72010,72150,72540,106507,164682,-2953,3842707.105
2024-08-15,2409,72320.0,72860.0,71900.0,72830,72360,72150,100195,161453,-3229,3625370.04
2024-08-16,2409,73340.0,74080.0,73090.0,73930,73610,72360,110707,154810,-6643,4075063.95
2024-08-19,2409,73410.0,74230.0,72970.0,73900,73630,73610,103534,147707,-7103,3812072.87
2024-08-20,2409,74050.0,74280.0,73630.0,73770,73930,73630,66518,137399,-10308,2458879.795
2024-08-21,2410,74090.0,74180.0,73270.0,73950,73760,73980,82879,148728,6440,3056863.385
2024-08-22,2410,74000.0,74360.0,73580.0,73930,73990,73760,91359,153594,4866,3379868.075
2024-08-23,2410,73680.0,73820.0,73360.0,73500,73580,73990,85591,152504,-1090,3149017.255
2024-08-26,2410,73650.0,75180.0,73470.0,75170,74340,73580,133984,163614,11110,4980568.335
2024-08-27,2410,74850.0,75230.0,74660.0,75010,74930,74340,87707,161333,-2281,3286294.53
2024-08-28,2410,75240.0,75580.0,74560.0,74590,75050,74930,101876,165120,3787,3822941.805
2024-08-29,2410,74250.0,74530.0,73750.0,74200,74180,75050,98457,163501,-1619,3652236.29
2024-08-30,2410,73820.0,74480.0,73550.0,74220,74010,74180,107316,168272,4771,3971315.655
2024-09-02,2410,74220.0,74220.0,73460.0,73610,73800,74010,93045,165620,-2652,3433631.465
2024-09-03,2410,73500.0,73870.0,72860.0,72890,73450,73800,95694,169511,3891,3514791.99
2024-09-04,2410,72400.0,72520.0,71600.0,71700,71990,73450,132630,170412,901,4774642.76
2024-09-05,2410,71960.0,72360.0,71520.0,71520,71950,71990,98107,166581,-3831,3529584.08
2024-09-06,2410,72310.0,73080.0,72170.0,73050,72590,71950,125400,163661,-2920,4551575.78
2024-09-09,2410,73000.0,73050.0,71660.0,72410,72120,72590,124644,158925,-4736,4495130.195
2024-09-10,2410,72860.0,73370.0,72460.0,73110,72850,72120,101937,158833,-92,3713356.695
2024-09-11,2410,72870.0,73320.0,72240.0,73270,72730,72850,100197,157520,-1313,3643864.065
2024-09-12,2410,73330.0,74010.0,72710.0,73830,73420,72730,99420,153761,-3759,3650007.325
2024-09-13,2410,74030.0,74450.0,73720.0,73960,74100,73420,90773,148604,-5157,3363241.975
2024-09-18,2410,74610.0,74770.0,74170.0,74510,74440,74100,60964,145207,-3397,2269155.425
2024-09-19,2410,74810.0,75670.0,74350.0,75640,74890,74440,106573,139946,-5261,3990789.64
2024-09-20,2410,75910.0,76110.0,75430.0,75840,75770,74890,94888,129143,-10803,3595142.56
2024-09-23,2410,75790.0,75900.0,75130.0,75310,75410,75770,82342,117946,-11197,3104976.63
2024-09-24,2411,75390.0,76760.0,75390.0,76740,76110,75410,110911,159755,20462,4221167.385
2024-09-25,2411,77150.0,78130.0,77010.0,77110,77430,76110,142620,170540,10785,5521599.86
2024-09-26,2411,77210.0,77820.0,76900.0,77740,77400,77430,121743,173541,3001,4711631.015
2024-09-27,2411,78470.0,79200.0,77880.0,78780,78600,77400,170764,179167,5626,6711576.835
2024-09-30,2411,78350.0,79460.0,78190.0,78830,78810,78600,152326,170549,-8618,6003025.305
2024-10-08,2411,78980.0,79130.0,77280.0,77310,78220,78810,120683,165351,-5198,4720094.015
2024-10-09,2411,77520.0,77970.0,77230.0,77560,77610,78220,103336,166052,701,4010375.195
2024-10-10,2411,76880.0,77470.0,76460.0,76870,77010,77610,106236,162402,-3650,4090819.29
2024-10-11,2411,76850.0,77620.0,76850.0,77220,77280,77010,85482,162123,-279,3303235.425
2024-10-14,2411,77370.0,78050.0,77160.0,77570,77520,77280,104973,162771,648,4068938.445
2024-10-15,2411,77010.0,77340.0,76460.0,76520,76890,77520,105458,155968,-6803,4054422.9
2024-10-16,2411,76340.0,76750.0,76220.0,76720,76570,76890,72722,146171,-9797,2784472.93
2024-10-17,2411,76920.0,77370.0,75980.0,76020,76720,76570,83530,140156,-6015,3204288.185
2024-10-18,2411,76300.0,77250.0,76110.0,76980,76620,76720,68575,130676,-9480,2627138.435
2024-10-21,2412,77240.0,77830.0,76830.0,77730,77410,76630,76190,158485,10633,2949308.715
2024-10-22,2412,77650.0,77770.0,76620.0,77200,77080,77410,87118,161490,3005,3357799.97
2024-10-23,2412,77210.0,77280.0,76660.0,76720,76930,77080,64668,159876,-1614,2487590.325
2024-10-24,2412,76230.0,77060.0,76100.0,77000,76530,76930,75854,157075,-2801,2902622.695
2024-10-25,2412,76700.0,76800.0,76130.0,76390,76470,76530,94558,151858,-5217,3615602.71
2024-10-28,2412,76520.0,76890.0,76430.0,76870,76640,76470,75308,152572,714,2885961.5
2024-10-29,2412,76620.0,76780.0,76360.0,76500,76520,76640,71229,153839,1267,2725520.515
2024-10-30,2412,76660.0,77030.0,76320.0,76670,76670,76520,90567,155012,1173,3472181.985
2024-10-31,2412,76270.0,76770.0,76230.0,76540,76490,76670,79052,158178,3166,3023673.535
2024-11-01,2412,76670.0,76710.0,76100.0,76520,76490,76490,83212,159259,1081,3182535.95
2024-11-04,2412,76680.0,77670.0,76350.0,77430,76990,76490,123122,169211,9952,4739725.565
2024-11-05,2412,77060.0,77870.0,76960.0,77630,77440,76990,87306,169461,250,3380510.11
2024-11-06,2412,77600.0,78170.0,76600.0,76770,77470,77440,123249,165392,-4069,4774548.66
2024-11-07,2412,76060.0,76680.0,75520.0,76480,75980,77470,130402,155120,-10272,4954083.645
2024-11-08,2412,76950.0,77730.0,76850.0,77100,77270,75980,101806,150641,-4479,3933655.335
2024-11-11,2412,76480.0,76820.0,76360.0,76560,76550,77270,76313,148173,-2468,2920902.555
2024-11-12,2412,76160.0,76240.0,75250.0,75310,75790,76550,92561,150056,1883,3507915.195
2024-11-13,2412,74820.0,75210.0,74180.0,74210,74690,75790,101916,153457,3401,3806495.31
2024-11-14,2412,74080.0,74430.0,73080.0,73170,73610,74690,109243,151192,-2265,4020997.23
2024-11-15,2412,73150.0,74210.0,73050.0,73860,73740,73610,94382,143787,-7405,3480076.825
2024-11-18,2412,74600.0,74630.0,73290.0,73760,73830,73740,91785,135574,-8213,3388336.55
2024-11-19,2412,73550.0,74490.0,73510.0,74330,74030,73830,61065,127023,-8551,2260522.545
2024-11-20,2412,73950.0,74720.0,73910.0,74550,74400,74030,58519,118831,-8192,2177083.805
2024-11-21,2501,74670.0,74770.0,74310.0,74450,74500,74410,42833,138639,2044,1595681.925
2024-11-22,2501,74110.0,74250.0,73540.0,73760,73920,74500,74480,147722,9083,2752911.34
2024-11-25,2501,73400.0,74400.0,73390.0,74160,73970,73920,81223,147545,-177,3004052.425
2024-11-26,2501,74160.0,74210.0,73520.0,73740,73860,73970,69227,152473,4928,2556809.765
2024-11-27,2501,74020.0,74310.0,73620.0,74130,73950,73860,65568,153788,1315,2424403.255
2024-11-28,2501,74040.0,74080.0,73670.0,73770,73850,73950,68378,158998,5210,2525000.29
2024-11-29,2501,73550.0,74020.0,73510.0,73830,73770,73850,72269,161189,2191,2665985.66
2024-12-02,2501,73720.0,73920.0,73460.0,73720,73710,73770,73251,164177,2988,2699712.9
2024-12-03,2501,73810.0,74340.0,73800.0,74340,74060,73710,79944,164201,24,2960536.56
2024-12-04,2501,74490.0,75150.0,74310.0,74750,74770,74060,94855,161589,-2612,3546358.95
2024-12-05,2501,74490.0,74730.0,74230.0,74530,74500,74770,54168,155824,-5765,2017834.635
2024-12-06,2501,74630.0,74900.0,74280.0,74730,74540,74500,55991,155452,-372,2087012.21
2024-12-09,2501,74850.0,75020.0,74580.0,74740,74790,74540,57710,154305,-1147,2158145.87
2024-12-10,2501,75430.0,75740.0,75040.0,75130,75410,74790,83150,152182,-2123,3135199.015
2024-12-11,2501,75160.0,75860.0,75120.0,75490,75490,75410,67849,151225,-957,2561263.575
2024-12-12,2501,75250.0,75550.0,75240.0,75440,75410,75490,58108,147370,-3855,2191203.55
2024-12-13,2501,74990.0,75050.0,74520.0,74790,74730,75410,81978,143932,-3438,3063208.57
2024-12-16,2501,74680.0,74870.0,74310.0,74390,74470,74730,58844,140223,-3709,2191067.39
2024-12-17,2501,74440.0,74860.0,74280.0,74350,74560,74470,50511,134670,-5553,1883098.145
2024-12-18,2501,74020.0,74230.0,73870.0,73930,74030,74560,55625,130292,-4378,2059138.955
2024-12-19,2501,74250.0,74540.0,73610.0,73850,73980,74030,63451,123385,-6907,2347188.605
2024-12-20,2501,73700.0,73920.0,73560.0,73820,73730,73980,53856,111596,-11789,1985465.465
2024-12-23,2501,73650.0,74320.0,73580.0,74170,74030,73730,50698,103928,-7668,1876757.325
2024-12-24,2501,73980.0,74100.0,73730.0,74040,73930,74030,36829,96274,-7654,1361512.65
2024-12-25,2501,73920.0,74180.0,73920.0,74140,74060,73930,34693,90623,-5651,1284711.715
2024-12-26,2502,74180.0,74300.0,74000.0,74040,74160,74060,31455,142789,3383,1166448.315
2024-12-27,2502,74580.0,74690.0,74070.0,74090,74350,74160,50919,148975,6186,1893092.175
2024-12-30,2502,73930.0,74360.0,73930.0,74270,74170,74350,46017,148358,-617,1706645.76
2024-12-31,2502,73960.0,74010.0,73640.0,73770,73800,74170,60003,153747,5389,2214352.965
2025-01-02,2502,73310.0,73440.0,73030.0,73280,73300,73800,48466,156644,2897,1776482.87
2025-01-03,2502,73130.0,73360.0,72780.0,72920,73020,73300,78919,160879,4235,2881594.96
2025-01-06,2502,73230.0,74130.0,73130.0,73600,73660,73020,75363,151603,-9276,2775875.83
2025-01-07,2502,74530.0,74680.0,74110.0,74470,74420,73660,86622,145731,-5872,3223548.845
2025-01-08,2502,74500.0,74580.0,74260.0,74480,74440,74420,44922,140801,-4930,1672010.95
2025-01-09,2502,74300.0,74980.0,74220.0,74920,74690,74440,55128,141689,888,2058944.81
2025-01-10,2502,75020.0,75370.0,74980.0,75270,75210,74690,54781,134594,-7095,2060304.775
2025-01-13,2502,75160.0,75570.0,74880.0,75550,75310,75210,66098,133972,-622,2489212.385
2025-01-14,2502,75390.0,75490.0,75020.0,75430,75300,75310,45701,129750,-4222,1720736.195
2025-01-15,2503,75500.0,75750.0,75030.0,75250,75380,75420,47252,149896,1929,1780958.52
2025-01-16,2503,75450.0,76320.0,75320.0,76260,75910,75380,87297,166512,16616,3313542.805
2025-01-17,2503,76300.0,76650.0,76070.0,76540,76380,75910,62606,170790,4278,2391054.635
2025-01-20,2503,76340.0,76380.0,75320.0,75400,75670,76380,83330,159849,-10941,3153184.35
2025-01-21,2503,75350.0,75900.0,75150.0,75630,75640,75670,68085,161321,1472,2575171.38
2025-01-22,2503,75380.0,75760.0,75330.0,75520,75550,75640,48932,161921,600,1848457.785
2025-01-23,2503,75580.0,75650.0,74920.0,74960,75200,75550,57058,162408,487,2145400.99
2025-01-24,2503,75200.0,75870.0,75110.0,75870,75440,75200,58597,158934,-3474,2210340.73
2025-01-27,2503,75950.0,76100.0,75200.0,75540,75550,75440,49721,153002,-5932,1878225.0
2025-02-05,2503,75350.0,75530.0,75130.0,75290,75310,75550,38931,155433,2431,1466098.57
2025-02-06,2503,75080.0,76560.0,74840.0,76480,75910,75310,90598,166236,10803,3438995.09
2025-02-07,2503,76250.0,77360.0,76020.0,77250,76730,75910,81782,175031,8795,3137568.985
2025-02-10,2503,77360.0,77950.0,76950.0,77370,77400,76730,105264,183382,8351,4074172.075
2025-02-11,2503,77410.0,77650.0,76920.0,77150,77280,77400,68267,180966,-2416,2638161.84
2025-02-12,2503,76750.0,77060.0,76530.0,77000,76790,77280,68535,181212,246,2631679.755
2025-02-13,2503,77100.0,77730.0,76930.0,77560,77400,76790,74628,182747,1535,2888209.195
2025-02-14,2503,77500.0,78330.0,77120.0,78090,77810,77400,84565,183412,665,3290150.51
2025-02-17,2503,78440.0,78580.0,76880.0,77030,77490,77810,102918,172458,-10954,3987677.77
2025-02-18,2503,76740.0,77030.0,76620.0,76850,76790,77490,67057,161151,-11307,2574925.83
2025-02-19,2503,76720.0,77370.0,76670.0,77080,77000,76790,55466,153266,-7885,2135561.26
2025-02-20,2503,77510.0,77740.0,77100.0,77620,77380,77000,62578,144926,-8340,2421211.36
2025-02-21,2503,77730.0,77750.0,76910.0,77020,77340,77380,61733,133909,-11017,2387499.88
2025-02-24,2503,77290.0,77540.0,77040.0,77140,77250,77340,60456,120466,-13443,2335249.225
2025-02-25,2504,77360.0,77580.0,76920.0,76950,77210,77420,69687,166938,-5223,2690422.46
2025-02-26,2504,77200.0,77590.0,76530.0,77130,77180,77210,102769,168493,1555,3966096.68
2025-02-27,2504,77310.0,77350.0,76840.0,77070,77030,77180,65163,164799,-3694,2509946.465
2025-02-28,2504,77140.0,77330.0,76720.0,76840,77010,77030,69905,163990,-809,2691793.625
2025-03-03,2504,76850.0,77380.0,76630.0,77050,77020,77010,68590,161179,-2811,2641714.82
2025-03-04,2504,77190.0,77430.0,76900.0,76940,77150,77020,58842,161390,211,2269967.235
2025-03-05,2504,76980.0,77550.0,76660.0,77510,77110,77150,91058,167221,5831,3510912.045
2025-03-06,2504,77980.0,78540.0,77640.0,78260,78110,77110,97453,173009,5788,3806330.15
2025-03-07,2504,78500.0,79280.0,78290.0,78320,78700,78110,98590,173475,466,3879723.105
2025-03-10,2504,78440.0,78910.0,78150.0,78270,78440,78700,76513,166564,-6911,3001098.415
2025-03-11,2504,78140.0,78320.0,77240.0,78030,77790,78440,81172,157269,-9295,3157556.775
2025-03-12,2504,78420.0,79470.0,78270.0,79410,78850,77790,88757,168626,11357,3499665.53
2025-03-13,2505,79890.0,79970.0,79340.0,79450,79680,78980,88057,204102,22685,3508206.79
2025-03-14,2505,79480.0,80530.0,79340.0,80500,80020,79680,116997,230088,25986,4681585.01
2025-03-17,2505,80300.0,80570.0,79820.0,80520,80110,80020,86128,233226,3138,3449926.27
2025-03-18,2505,80270.0,80700.0,79970.0,80260,80350,80110,86854,233171,-55,3489453.065
2025-03-19,2505,80560.0,81070.0,80220.0,80890,80650,80350,89493,241712,8541,3609146.94
2025-03-20,2505,81060.0,81720.0,80850.0,81670,81350,80650,108947,251500,9788,4431554.925
2025-03-21,2505,81310.0,81810.0,80530.0,80610,81130,81350,135433,241118,-10382,5494320.26
2025-03-24,2505,80530.0,81950.0,80190.0,81840,80960,81130,135447,250501,9383,5483499.445
2025-03-25,2505,82010.0,82110.0,81420.0,81910,81720,80960,116243,249339,-1162,4750083.575
2025-03-26,2505,81960.0,83320.0,81660.0,82000,82410,81720,205774,247777,-1562,8478938.255
2025-03-27,2505,81670.0,81970.0,81130.0,81560,81570,82410,145937,231989,-15788,5952663.895
2025-03-28,2505,80930.0,81170.0,80370.0,80450,80690,81570,157849,213557,-18432,6369008.54
2025-03-31,2505,80660.0,81190.0,79760.0,79950,80320,80690,154163,203731,-9826,6191704.465
2025-04-01,2505,79860.0,80460.0,79430.0,80430,79900,80320,107658,198319,-5412,4301223.42
2025-04-02,2505,79910.0,80220.0,79580.0,79890,79880,79900,97844,196044,-2275,3908285.79
2025-04-03,2505,79840.0,79950.0,78660.0,78860,79190,79880,114839,187164,-8880,4547446.205
2025-04-07,2505,73640.0,75500.0,73640.0,73640,74320,79190,173467,168034,-19130,6446347.84
2025-04-08,2505,72580.0,74640.0,72580.0,73360,73440,74320,215027,160954,-7080,7896526.475
2025-04-09,2505,73410.0,74010.0,71320.0,72130,72500,73440,197360,155202,-5752,7155177.315
2025-04-10,2505,71790.0,75680.0,71690.0,75300,73910,72500,208660,150227,-4975,7712008.75
2025-04-11,2505,74770.0,75340.0,74160.0,75230,74770,73910,142864,139941,-10286,5341317.46
2025-04-14,2505,75570.0,76420.0,75150.0,76310,75850,74770,115148,136741,-3200,4367242.005
2025-04-15,2506,76350.0,76490.0,75560.0,75870,75960,75760,87809,150069,-2954,3334988.84
2025-04-16,2506,75500.0,76130.0,74900.0,75260,75550,75960,126227,160697,10628,4768382.405
2025-04-17,2506,75450.0,76190.0,75340.0,75780,75840,75550,112214,162109,1412,4255331.585
2025-04-18,2506,75800.0,76280.0,75550.0,76140,75990,75840,92413,163483,1374,3511389.36
2025-04-21,2506,76110.0,77360.0,75820.0,77290,76450,75990,122521,169596,6113,4683465.235
2025-04-22,2506,77400.0,77490.0,76550.0,77120,76950,76450,117256,166073,-3523,4511746.585
2025-04-23,2506,77290.0,78520.0,77150.0,77890,77760,76950,137622,171055,4982,5351369.955
2025-04-24,2506,77960.0,78090.0,77330.0,77410,77660,77760,111572,166136,-4919,4332594.095
2025-04-25,2506,77500.0,77980.0,77270.0,77440,77640,77660,110001,165933,-203,4270762.305
2025-04-28,2506,77510.0,77730.0,77010.0,77580,77370,77640,114074,165067,-866,4413512.555
2025-04-29,2506,77740.0,77760.0,77300.0,77600,77590,77370,79140,164818,-249,3070271.72
2025-04-30,2506,77950.0,77990.0,77180.0,77220,77550,77590,89554,168554,3736,3472786.44
2025-05-06,2506,77160.0,77970.0,77030.0,77600,77670,77550,83514,172625,4071,3243674.28
2025-05-07,2506,77830.0,78560.0,77610.0,77790,78030,77670,132768,179103,6478,5180174.515
2025-05-08,2506,77620.0,77980.0,77280.0,77330,77580,78030,116718,179692,589,4527574.15
2025-05-09,2506,77540.0,78170.0,77370.0,77450,77660,77580,111450,181319,1627,4327968.825
2025-05-12,2506,77950.0,78280.0,77710.0,78260,78030,77660,125097,187730,6411,4880732.24
2025-05-13,2506,78080.0,78190.0,77620.0,78090,77880,78030,90876,181940,-5790,3538766.36
2025-05-14,2506,77930.0,79050.0,77830.0,78940,78500,77880,112380,193911,11971,4411460.755
2025-05-15,2506,78900.0,79090.0,77860.0,77870,78390,78500,110176,186574,-7337,4318731.03
2025-05-16,2506,78160.0,78610.0,78010.0,78140,78310,78390,72311,180490,-6084,2831369.48
2025-05-19,2506,77920.0,78090.0,77540.0,77820,77740,78310,82415,171235,-9255,3203826.36
2025-05-20,2506,77980.0,78180.0,77510.0,77540,77860,77740,66697,166088,-5147,2596611.53
2025-05-21,2506,77880.0,78320.0,77720.0,78100,78090,77860,71129,163320,-2768,2777507.25
2025-05-22,2506,78010.0,78060.0,77730.0,77920,77910,78090,61455,153061,-10259,2394085.46
2025-05-23,2506,77730.0,78040.0,77600.0,77790,77830,77910,64240,152405,-656,2499933.695
2025-05-26,2506,77680.0,78480.0,77680.0,78270,78270,77830,77521,144941,-7464,3033903.215
2025-05-27,2507,77740.0,78340.0,77710.0,77900,77990,77910,76542,161007,10279,2985029.51
2025-05-28,2507,78160.0,78240.0,77820.0,77870,78050,77990,73407,169462,8455,2864783.665
2025-05-29,2507,78010.0,78190.0,77700.0,78130,77990,78050,80153,174757,5295,3125706.88
2025-05-30,2507,78080.0,78100.0,77530.0,77600,77750,77990,87403,172994,-1763,3398226.265
2025-06-03,2507,77920.0,78250.0,77390.0,77650,77790,77750,81917,182260,9266,3186550.715
2025-06-04,2507,77910.0,78400.0,77890.0,78200,78200,77790,111382,195214,12954,4355342.88
2025-06-05,2507,78050.0,78260.0,77960.0,78170,78120,78200,64095,193023,-2191,2503778.95
2025-06-06,2507,78960.0,79180.0,78410.0,78930,78810,78120,128281,204118,11095,5054963.65
2025-06-09,2507,78580.0,78920.0,78480.0,78910,78670,78810,75321,202306,-1812,2962782.01
2025-06-10,2507,78920.0,79470.0,78880.0,78880,79130,78670,86101,208685,6379,3406681.615
2025-06-11,2507,79150.0,79340.0,79030.0,79290,79180,79130,64136,209523,838,2539327.92
2025-06-12,2507,78740.0,78880.0,78510.0,78610,78680,79180,85090,203273,-6250,3347512.675
2025-06-13,2507,78600.0,78760.0,77800.0,78010,78400,78680,98873,193847,-9426,3876096.57
2025-06-16,2507,77910.0,78650.0,77810.0,78550,78300,78400,76515,192243,-1604,2995881.26
2025-06-17,2507,78640.0,78730.0,78420.0,78570,78530,78300,58318,184424,-7819,2289955.035
2025-06-18,2507,78600.0,78870.0,78360.0,78860,78620,78530,58013,184366,-58,2280651.8
2025-06-19,2507,78640.0,78700.0,78230.0,78310,78490,78620,63400,175704,-8662,2488321.53
2025-06-20,2507,78160.0,78480.0,77920.0,77990,78180,78490,65822,166882,-8822,2573279.44
2025-06-23,2507,78480.0,78580.0,78170.0,78290,78330,78180,62987,157429,-9453,2466928.645
2025-06-24,2507,78340.0,78690.0,78200.0,78640,78440,78330,63060,150365,-7064,2473377.455
2025-06-25,2508,78330.0,78750.0,78130.0,78680,78440,78270,70559,172146,19324,2767356.41
2025-06-26,2508,78600.0,78930.0,78510.0,78890,78740,78440,77300,191140,18994,3043657.73
2025-06-27,2508,79360.0,80060.0,79320.0,79920,79740,78740,131756,215705,24565,5253769.995
2025-06-30,2508,79520.0,79990.0,79500.0,79870,79770,79740,100945,212911,-2794,4026648.835
2025-07-01,2508,79630.0,80760.0,79560.0,80640,80020,79770,113449,223983,11072,4539449.775
2025-07-02,2508,80620.0,80930.0,80320.0,80540,80620,80020,101958,223122,-861,4110311.89
2025-07-03,2508,80560.0,80990.0,80530.0,80560,80760,80620,83386,224672,1550,3367175.405
2025-07-04,2508,80460.0,80760.0,79620.0,79730,80170,80760,100562,215738,-8934,4031526.42
2025-07-07,2508,79810.0,79950.0,79120.0,79270,79510,80170,75314,204506,-11232,2994196.22
2025-07-08,2508,79370.0,79690.0,79300.0,79620,79480,79510,61263,207382,2876,2434791.84
2025-07-09,2508,79590.0,80170.0,78270.0,78400,78910,79480,162594,193999,-13383,6415674.95
2025-07-10,2508,78340.0,78680.0,78160.0,78600,78390,78910,99231,181068,-12931,3889713.575
2025-07-11,2508,78700.0,78810.0,78370.0,78430,78530,78390,81666,178682,-2386,3206713.685
2025-07-14,2508,78040.0,78520.0,78010.0,78400,78290,78530,79136,172204,-6478,3098105.02
2025-07-15,2508,77900.0,78160.0,77700.0,78090,77930,78290,81666,169930,-2274,3182324.865
2025-07-16,2508,77960.0,78160.0,77810.0,77980,77960,77930,60926,160457,-9473,2375144.03
2025-07-17,2508,77810.0,78090.0,77760.0,77840,77900,77960,54262,153791,-6666,2113579.005
2025-07-18,2508,77800.0,78590.0,77800.0,78410,78310,77900,63394,145430,-8361,2482435.98
2025-07-21,2509,78560.0,79800.0,78530.0,79770,79260,78330,87500,156946,15177,3467853.89
2025-07-22,2509,79720.0,79880.0,79450.0,79740,79650,79260,73257,166726,9780,2917516.53
2025-07-23,2509,79830.0,80140.0,79510.0,79590,79810,79650,85686,172895,6169,3419443.295
2025-07-24,2509,79880.0,80020.0,79660.0,79890,79840,79810,73919,181496,8601,2951179.86
2025-07-25,2509,79520.0,79550.0,79140.0,79250,79330,79840,88147,180830,-666,3496574.625
2025-07-28,2509,79180.0,79300.0,78730.0,79000,78980,79330,75630,176092,-4738,2986907.895
2025-07-29,2509,79130.0,79250.0,78810.0,78840,78980,78980,65404,173744,-2348,2582813.915
2025-07-30,2509,78910.0,79240.0,78870.0,78930,79070,78980,55888,171689,-2055,2209574.075
2025-07-31,2509,78640.0,78850.0,77950.0,78040,78440,79070,109011,176193,4504,4275627.65
2025-08-01,2509,78180.0,78800.0,77960.0,78400,78270,78440,80943,167671,-8522,3168064.81
2025-08-04,2509,78380.0,78500.0,78030.0,78330,78220,78270,62389,163558,-4113,2440154.87
2025-08-05,2509,78460.0,78590.0,78330.0,78580,78480,78220,42792,159866,-3692,1679301.625
2025-08-06,2509,78170.0,78320.0,78050.0,78280,78160,78480,56389,158574,-1292,2203827.41
2025-08-07,2509,78380.0,78490.0,78230.0,78460,78380,78160,42710,157601,-973,1673919.625
2025-08-08,2509,78420.0,78610.0,78320.0,78490,78440,78380,42906,156892,-709,1682929.315
2025-08-11,2509,78500.0,79170.0,78410.0,79020,78920,78440,70041,160884,3992,2764032.835
2025-08-12,2509,78750.0,79120.0,78750.0,79020,78940,78920,48485,156044,-4840,1913807.43
2025-08-13,2509,79220.0,79510.0,79170.0,79380,79340,78940,52049,158877,2833,2064830.99
2025-08-14,2509,79290.0,79350.0,78880.0,78950,79120,79340,51734,152341,-6536,2046613.75
2025-08-15,2509,78760.0,79210.0,78740.0,79060,78960,79120,50116,152557,216,1978717.825
2025-08-18,2509,79060.0,79290.0,78860.0,78950,79020,78960,44818,147433,-5124,1770952.01
2025-08-19,2509,78840.0,78980.0,78760.0,78890,78880,79020,39153,140367,-7066,1544207.635
2025-08-20,2509,78690.0,78770.0,78500.0,78640,78580,78880,56138,135865,-4502,2205941.31
2025-08-21,2509,78560.0,78800.0,78480.0,78540,78600,78580,43058,128034,-7831,1692390.355
2025-08-22,2509,78680.0,78890.0,78600.0,78690,78710,78600,37910,120902,-7132,1492016.13
2025-08-25,2510,78680.0,79860.0,78670.0,79690,79290,78700,87895,169761,20929,3485011.975
2025-08-26,2510,79600.0,79810.0,79040.0,79190,79460,79290,68825,175488,5727,2734439.85
2025-08-27,2510,79290.0,79580.0,79160.0,79190,79350,79460,57818,174997,-491,2294177.74
2025-08-28,2510,78820.0,79010.0,78650.0,78930,78820,79350,73403,168997,-6000,2893016.58
2025-08-29,2510,78920.0,79630.0,78830.0,79410,79220,78820,71061,173826,4829,2814891.425
2025-09-01,2510,79670.0,79980.0,79460.0,79780,79710,79220,78481,180644,6818,3128173.625
2025-09-02,2510,79640.0,80020.0,79540.0,79660,79780,79710,61677,180065,-579,2460489.11
2025-09-03,2510,79500.0,80700.0,79470.0,80110,80180,79780,98971,192109,12044,3967848.775
2025-09-04,2510,80000.0,80430.0,79550.0,79770,79980,80180,77199,184021,-8088,3087229.115
2025-09-05,2510,79680.0,80280.0,79620.0,80140,79940,79980,55387,187152,3131,2214009.865
2025-09-08,2510,80290.0,80410.0,79400.0,79650,79730,79940,90850,178303,-8849,3621793.35
2025-09-09,2510,79690.0,79910.0,79530.0,79650,79710,79730,50662,174886,-3417,2019180.535
2025-09-10,2510,79590.0,79930.0,79480.0,79790,79680,79710,55158,171912,-2974,2197700.66
2025-09-11,2510,79950.0,80280.0,79870.0,80130,80080,79680,64849,174453,2541,2596852.055
2025-09-12,2510,80160.0,81190.0,80080.0,81060,80660,80080,91556,186876,12423,3692475.89
2025-09-15,2510,80750.0,81100.0,80570.0,80940,80830,80660,68871,179256,-7620,2783764.82
2025-09-16,2510,80890.0,81530.0,80670.0,80880,81090,80830,88548,165216,-14040,3590274.345
2025-09-17,2510,81010.0,81200.0,80380.0,80560,80720,81090,70112,147464,-17752,2829923.845
2025-09-18,2510,79950.0,80000.0,79500.0,79620,79800,80720,90514,127860,-19604,3611771.19
2025-09-19,2511,79680.0,80080.0,79510.0,79850,79820,79780,54113,173028,424,2159730.52
2025-09-22,2511,79950.0,80350.0,79910.0,80160,80120,79820,63400,176962,3934,2539964.58
2025-09-23,2511,80080.0,80200.0,79820.0,79920,79940,80120,63199,173294,-3668,2526189.855
2025-09-24,2511,79980.0,80130.0,79860.0,79960,79990,79940,51727,172444,-850,2068874.925
2025-09-25,2511,81000.0,82980.0,80750.0,82710,82160,79990,334893,238523,66079,13757667.415
2025-09-26,2511,82290.0,83090.0,82260.0,82470,82540,82160,174625,229050,-9473,7207582.555
2025-09-29,2511,82270.0,82450.0,81640.0,82370,82070,82540,138460,213792,-15258,5682335.1
2025-09-30,2511,82400.0,83820.0,82380.0,83110,83260,82070,156069,213859,67,6497547.945
2025-10-09,2511,84610.0,87000.0,84610.0,86750,85910,83260,137816,221715,7856,5920227.61
2025-10-10,2511,87400.0,88090.0,85720.0,85910,86910,85910,212468,216115,-5600,9233425.175
2025-10-13,2511,86600.0,86780.0,82630.0,85120,84810,86910,291422,201831,-14284,12358154.64
2025-10-14,2511,85800.0,86790.0,84070.0,84410,85710,84810,210984,187566,-14265,9042719.975
2025-10-15,2511,84180.0,85990.0,83820.0,85800,84960,85710,125819,175899,-11667,5344956.49
2025-10-16,2512,85360.0,85450.0,84460.0,85070,85060,85000,108052,214147,5217,4595575.87
2025-10-17,2512,84530.0,85440.0,84220.0,84390,84760,85060,121050,215573,1426,5130278.07
2025-10-20,2512,84660.0,85980.0,84410.0,85380,85260,84760,158661,226910,11337,6764437.415
2025-10-21,2512,85220.0,85880.0,85220.0,85400,85530,85260,104758,231226,4316,4480196.4
2025-10-22,2512,85300.0,85420.0,84500.0,85420,84990,85530,112173,233361,2135,4767025.48
2025-10-23,2512,85280.0,86260.0,85100.0,86070,85580,84990,114909,248626,15265,4917128.665
2025-10-24,2512,86450.0,87860.0,86230.0,87720,86870,85580,174100,275672,27046,7562834.505
2025-10-27,2512,87050.0,88700.0,86940.0,88370,87940,86870,222986,293384,17712,9805709.99
2025-10-28,2512,88160.0,88400.0,86700.0,86980,87690,87940,235196,281306,-12078,10312794.83
2025-10-29,2512,87220.0,88970.0,87210.0,88710,88050,87690,197692,290209,8903,8704028.265
2025-10-30,2512,88780.0,89270.0,87640.0,87960,88490,88050,254501,281460,-8749,11260472.095
2025-10-31,2512,87380.0,87830.0,86530.0,87010,87210,88490,244428,258319,-23141,10658999.3
2025-11-03,2512,87210.0,87450.0,86700.0,87300,87080,87210,150597,248762,-9557,6557114.9
2025-11-04,2512,87430.0,87440.0,85480.0,85740,86430,87080,166742,227549,-21213,7206067.595
2025-11-05,2512,85000.0,85960.0,84900.0,85670,85430,86430,142332,217024,-10525,6080280.415
2025-11-06,2512,85550.0,86550.0,85400.0,86320,85970,85430,101243,211098,-5926,4352205.105
2025-11-07,2512,86320.0,86450.0,85600.0,85940,85950,85970,91276,207136,-3962,3922756.575
2025-11-10,2512,86110.0,86790.0,85750.0,86480,86330,85950,98089,204127,-3009,4234123.275
2025-11-11,2512,86790.0,87050.0,86310.0,86630,86700,86330,74639,202371,-1756,3235690.47
2025-11-12,2512,86590.0,87050.0,86350.0,86840,86730,86700,76287,200769,-1602,3308421.135
2025-11-13,2512,87100.0,87700.0,86840.0,87550,87330,86730,102298,201007,238,4467164.93
2025-11-14,2512,87650.0,87920.0,86710.0,86900,87240,87330,103656,192293,-8714,4521578.14
2025-11-17,2512,86640.0,86900.0,85900.0,86450,86410,87240,101029,179927,-12366,4365154.94
2025-11-18,2512,86440.0,86530.0,85540.0,85650,85930,86410,86217,164396,-15531,3704612.005
2025-11-19,2601,85540.0,86250.0,85510.0,86110,85970,85920,73550,180544,7210,3161790.93
2025-11-20,2601,86540.0,86640.0,86100.0,86130,86380,85970,84357,187778,7234,3643620.02
2025-11-21,2601,86380.0,86630.0,85600.0,85660,86000,86380,98905,190218,2440,4253393.615
2025-11-24,2601,85750.0,86350.0,85670.0,86080,86040,86000,96239,192392,2174,4140609.365
2025-11-25,2601,86080.0,86840.0,85940.0,86600,86420,86040,86982,199582,7190,3758524.355
2025-11-26,2601,86750.0,87200.0,86250.0,86590,86690,86420,107213,204728,5146,4647168.4
2025-11-27,2601,87200.0,87300.0,86820.0,86990,87070,86690,95318,210684,5956,4149743.695
2025-11-28,2601,86800.0,87550.0,86580.0,87430,87210,87070,94508,218257,7573,4121219.18
2025-12-01,2601,87630.0,89650.0,87520.0,89280,88830,87210,189675,232702,14445,8424421.795
2025-12-02,2601,89410.0,89920.0,88330.0,88920,89090,88830,143313,225606,-7096,6384206.11
2025-12-03,2601,89100.0,89450.0,88550.0,89210,88970,89090,125982,223984,-1622,5604848.025
2025-12-04,2601,90070.0,91450.0,90050.0,90980,90790,88970,225331,234570,10586,10229603.665
2025-12-05,2601,90600.0,92910.0,90400.0,92780,91560,90790,188062,236494,1924,8609587.69
2025-12-08,2601,92520.0,93300.0,91690.0,92970,92440,91560,194929,230045,-6449,9010274.43
2025-12-09,2601,92820.0,93050.0,90880.0,91090,92060,92440,190409,210572,-19473,8765094.795
2025-12-10,2601,91400.0,92370.0,90710.0,91850,91480,92060,146066,200373,-10199,6681123.575
2025-12-11,2601,92250.0,93000.0,91450.0,92210,92280,91480,138584,190380,-9993,6394331.605
2025-12-12,2601,92700.0,94570.0,92550.0,94080,93540,92280,157560,188649,-1731,7369587.74
2025-12-15,2602,93470.0,94500.0,90840.0,92490,92650,93640,228665,219831,-2482,10594027.275
2025-12-16,2602,93500.0,93820.0,91340.0,91920,92450,92650,186991,217374,-2457,8644456.61
2025-12-17,2602,92210.0,93270.0,91610.0,92820,92390,92450,149583,223974,6600,6910270.595
2025-12-18,2602,92830.0,93500.0,92110.0,92600,92750,92390,160058,231253,7279,7422808.885
2025-12-19,2602,92600.0,93400.0,91950.0,93180,92720,92750,172714,237652,6399,8007182.715
2025-12-22,2602,93540.0,94730.0,93400.0,94320,93920,92720,210010,246790,9138,9862973.86
2025-12-23,2602,94030.0,94290.0,93620.0,93930,93910,93920,138848,241093,-5697,6519798.26
2025-12-24,2602,94850.0,96750.0,93820.0,96100,95260,93910,307142,258304,17211,14629805.225
2025-12-25,2602,95910.0,96530.0,94180.0,96210,95290,95260,248003,247747,-10557,11816143.57
2025-12-26,2602,96410.0,99730.0,96280.0,98720,98110,95290,286978,252097,4350,14078745.07
2025-12-29,2602,98310.0,102660.0,98020.0,98860,100460,98110,517777,235507,-16590,26009459.52
2025-12-30,2602,97020.0,99240.0,96010.0,98090,97420,100460,408708,219725,-15782,19908883.865
2025-12-31,2602,98520.0,99800.0,97750.0,98240,98700,97420,293789,208246,-11479,14499651.755
2026-01-05,2602,99450.0,101380.0,99150.0,101350,100420,98700,151049,216315,8069,7584434.275
2026-01-06,2602,100890.0,105490.0,100670.0,105320,103300,100420,291025,223647,7332,15031890.235
2026-01-07,2602,104480.0,105500.0,102330.0,103410,104090,103300,329686,215869,-7778,17159044.95
2026-01-08,2602,103200.0,103560.0,100040.0,101220,101870,104090,303496,204095,-11774,15458782.405
2026-01-09,2602,101660.0,101890.0,98770.0,101410,100280,101870,303818,188674,-15421,15233509.235
2026-01-12,2602,101910.0,103970.0,101520.0,103800,102760,100280,209742,182691,-5983,10777389.65
2026-01-13,2603,104500.0,104990.0,101970.0,102480,103240,102980,266762,220164,4160,13770570.155
2026-01-14,2603,103780.0,105650.0,102880.0,104120,104170,103240,342221,241232,21068,17825278.455
2026-01-15,2603,104350.0,104660.0,101080.0,102810,103100,104170,333840,235877,-5355,17209523.41
2026-01-16,2603,103030.0,103500.0,100060.0,100770,101870,103100,322422,225933,-9944,16423737.75
2026-01-19,2603,101030.0,101860.0,99620.0,101180,100650,101870,240253,217432,-8501,12091434.46
2026-01-20,2603,101020.0,102000.0,100580.0,101230,101240,100650,176063,218898,1466,8912407.745
2026-01-21,2603,101020.0,101650.0,99210.0,101280,100420,101240,230318,223787,4889,11565034.72
2026-01-22,2603,100550.0,101410.0,99900.0,100700,100700,100420,174028,222467,-1320,8762431.935
2026-01-23,2603,99800.0,101710.0,99440.0,101340,100610,100700,232815,231437,8970,11712305.595
2026-01-26,2603,102800.0,103880.0,101760.0,101880,102760,100610,279862,228979,-2458,14379941.545
2026-01-27,2603,103260.0,104100.0,101580.0,102600,102770,102760,245677,229757,778,12625065.19
2026-01-28,2603,101900.0,103600.0,100700.0,103060,102250,102770,240398,227447,-2310,12290875.62
2026-01-29,2603,102540.0,110970.0,102260.0,109110,106690,102250,452684,242831,15384,24150248.93
2026-01-30,2603,110310.0,114160.0,102600.0,103680,108340,106690,789998,222934,-19897,42795506.56
2026-02-02,2603,104200.0,105080.0,98580.0,98580,101850,108340,422325,194810,-28124,21507425.745
2026-02-03,2603,101490.0,104840.0,99400.0,104500,101630,101850,375239,191887,-2923,19067828.265
2026-02-04,2603,104950.0,105810.0,103730.0,105160,104920,101630,241402,192908,1021,12664858.015
2026-02-05,2603,104000.0,104700.0,100470.0,100980,102500,104920,285586,182337,-10571,14636369.31
2026-02-06,2603,100430.0,101420.0,97920.0,100100,100000,102500,267263,175306,-7031,13363216.78
2026-02-09,2603,101000.0,102560.0,100340.0,101840,101510,100000,162231,169613,-5693,8234172.475
2026-02-10,2603,101740.0,102500.0,101280.0,101560,101860,101510,101176,159688,-9925,5153313.025
2026-02-11,2603,101660.0,102530.0,101510.0,102180,101930,101860,94626,158550,-1138,4822788.285
2026-02-12,2603,103620.0,103730.0,101840.0,102330,102680,101930,114347,147631,-10919,5870608.97
2026-02-13,2603,102030.0,102350.0,99400.0,100380,100780,102680,140438,139623,-8008,7076775.785
2026-02-24,2603,100000.0,102270.0,100000.0,101510,101610,100780,71015,130714,-8909,3607982.035
2026-02-25,2604,101910.0,103160.0,101510.0,102890,102450,101910,110606,173508,15286,5666003.565
2026-02-26,2604,102880.0,103250.0,101920.0,102670,102700,102450,105699,184703,11195,5428107.705
2026-02-27,2604,102670.0,104170.0,101780.0,103920,102820,102700,157481,203799,19096,8096156.5
2026-03-02,2604,104230.0,104540.0,102360.0,103850,103550,102820,175311,199589,-4210,9076826.575
2026-03-03,2604,103320.0,103630.0,101270.0,102100,102410,103550,177854,197898,-1691,9107267.58
2026-03-04,2604,100530.0,102400.0,100200.0,101660,101240,102410,162954,194959,-2939,8249317.385
2026-03-05,2604,101640.0,102290.0,100330.0,101080,101330,101240,138725,201141,6182,7028868.685
2026-03-06,2604,100440.0,101550.0,100030.0,101050,100780,101330,127018,195682,-5459,6400832.605
2026-03-09,2604,100250.0,100820.0,98370.0,100190,99880,100780,194918,199857,4175,9734970.19
2026-03-10,2604,100230.0,101980.0,100050.0,101520,101150,99880,115758,194900,-4957,5854651.91
2026-03-11,2604,101430.0,101930.0,101000.0,101150,101530,101150,75875,192661,-2239,3851954.145
2026-03-12,2604,100100.0,101430.0,100100.0,101010,100860,101530,87960,192390,-271,4435942.345
2026-03-13,2604,101240.0,101250.0,100080.0,100310,100600,100860,85149,190911,-1479,4283173.72
2026-03-16,2604,100520.0,100760.0,98740.0,99720,99610,100600,128646,193339,2428,6407471.05
2026-03-17,2604,100020.0,100530.0,99260.0,99340,100060,99610,87084,178968,-14371,4356954.215
2026-03-18,2605,99400.0,99590.0,98030.0,98610,98890,100110,107181,188324,7980,5300056.47
2026-03-19,2605,98000.0,98000.0,93820.0,94420,95790,98890,205963,203328,15004,9864935.38
2026-03-20,2605,92500.0,96400.0,91820.0,94740,94400,95790,243335,201181,-2147,11486498.735
2026-03-23,2605,94510.0,94740.0,91500.0,92100,92870,94400,215827,204413,3232,10021953.43
2026-03-24,2605,95010.0,95920.0,93050.0,94030,94510,92870,197987,198395,-6018,9356364.49
2026-03-25,2605,93600.0,96380.0,93480.0,95590,95190,94510,134036,192458,-5937,6379825.085
2026-03-26,2605,95950.0,96590.0,94680.0,95350,95580,95190,111761,190325,-2133,5341342.025
2026-03-27,2605,95350.0,96560.0,94950.0,95930,95700,95580,105662,187395,-2930,5056437.92
2026-03-30,2605,95080.0,96000.0,94750.0,95760,95400,95700,100150,185270,-2125,4777564.515
2026-03-31,2605,96100.0,96240.0,95150.0,95340,95560,95400,96875,185749,479,4629049.23
2026-04-01,2605,95730.0,97250.0,95550.0,97030,96540,95560,115642,186251,502,5582214.39
2026-04-02,2605,96300.0,96970.0,95540.0,95880,96230,96540,103681,182643,-3608,4988725.01
2026-04-03,2605,95660.0,96680.0,95300.0,96250,96230,96230,73114,177360,-5283,3518017.905
2026-04-07,2605,96350.0,97040.0,96230.0,96560,96680,96230,48055,176030,-1330,2323098.35
2026-04-08,2605,96040.0,98430.0,95540.0,98220,97270,96680,111357,180989,4959,5416374.875
2026-04-09,2605,98080.0,98500.0,97370.0,97810,97880,97270,79506,174835,-6154,3891224.525
2026-04-10,2605,97820.0,98750.0,97720.0,98440,98290,97880,71304,174447,-388,3504387.395
2026-04-13,2605,99200.0,99760.0,98450.0,99610,99160,98290,111054,171677,-2770,5506534.68
2026-04-14,2605,99760.0,101450.0,99520.0,101190,100700,99160,112521,168153,-3524,5665813.945
2026-04-15,2605,101580.0,103130.0,101580.0,102090,102280,100700,114327,159605,-8548,5846852.765
2026-04-16,2605,102160.0,102750.0,101760.0,102680,102330,102280,75358,148287,-11318,3855704.735
2026-04-17,2606,102350.0,102510.0,101650.0,102330,102110,102380,67485,176222,2776,3445728.725
2026-04-20,2606,102700.0,103240.0,101820.0,102620,102690,102110,132365,196798,20576,6796517.555
2026-04-21,2606,102500.0,102830.0,101930.0,102140,102340,102690,82517,199318,2520,4222774.355
2026-04-22,2606,102300.0,102810.0,102060.0,102640,102470,102340,82957,204017,4699,4250570.875
2026-04-23,2606,102620.0,104160.0,102140.0,102780,103130,102470,167198,216998,12981,8621973.0
2026-04-24,2606,102820.0,103620.0,102250.0,102460,102810,103130,106012,210600,-6398,5449886.715
2026-04-27,2606,102650.0,103380.0,102600.0,102800,102940,102810,99257,212045,1445,5109198.68
2026-04-28,2606,102540.0,102660.0,101830.0,102260,102170,102940,101086,202834,-9211,5164408.11
2026-04-29,2606,101020.0,101940.0,100620.0,101630,101260,102170,104746,195727,-7107,5303435.21
2026-04-30,2606,101190.0,101500.0,100770.0,101030,101080,101260,92731,190887,-4840,4686798.965
2026-05-06,2606,101780.0,102950.0,101730.0,102660,102460,101080,60022,199322,8435,3074993.2
2026-05-07,2606,103350.0,103400.0,102630.0,103000,103010,102460,83627,199411,89,4307472.185
2026-05-08,2606,103300.0,104900.0,102560.0,104550,103650,103010,153717,209456,10045,7966499.78
2026-05-11,2606,104500.0,104840.0,103690.0,104620,104320,103650,118162,203909,-5547,6163332.17
2026-05-12,2606,105500.0,108400.0,105390.0,106510,106730,104320,166852,206434,2525,8904560.365
2026-05-13,2606,107000.0,108900.0,106840.0,108510,108110,106730,177518,203870,-2564,9596106.2
2026-05-14,2606,108110.0,108820.0,106540.0,106750,107620,108110,147295,187717,-16153,7926347.41
2026-05-15,2606,107250.0,107320.0,104690.0,104710,105810,107620,161082,170485,-17232,8522567.44
2026-05-18,2606,104050.0,104760.0,103300.0,104330,104090,105810,113917,156869,-13616,5929260.955
2026-05-19,2606,104480.0,104950.0,103840.0,104530,104410,104090,83945,146640,-10229,4382566.61
2026-05-20,2606,104130.0,104170.0,102980.0,103950,103550,104410,85606,136491,-10149,4432326.66
2026-05-21,2607,104060.0,105660.0,103880.0,104040,104790,103600,103523,160365,8733,5424208.79
2026-05-22,2607,104000.0,105300.0,103620.0,104870,104480,104790,96264,171627,11262,5029214.425
2026-05-25,2607,104870.0,106180.0,104420.0,105650,105370,104480,92937,181754,10127,4896713.56
2026-05-26,2607,106300.0,106300.0,104550.0,104960,105170,105370,95892,181888,134,5042625.625
2026-05-27,2607,104690.0,105450.0,104520.0,104680,104950,105170,85477,181426,-462,4485445.87
2026-05-28,2607,104470.0,104670.0,103520.0,104150,104050,104950,104119,177041,-4385,5417019.34
2026-05-29,2607,104450.0,105500.0,104100.0,105000,104840,104050,94861,179433,2392,4972800.055
2026-06-01,2607,104630.0,105030.0,104220.0,104680,104670,104840,71092,177344,-2089,3720828.55
2026-06-02,2607,105850.0,106720.0,105090.0,106620,105990,104670,125209,191344,14000,6635529.365
2026-06-03,2607,106720.0,107420.0,106080.0,106380,106870,105990,105625,187857,-3487,5644268.345
2026-06-04,2607,106360.0,106540.0,104800.0,105150,105640,106870,102681,177479,-10378,5423658.13
2026-06-05,2607,106080.0,106810.0,104900.0,105150,105750,105640,110386,173561,-3918,5837136.345
2026-06-08,2607,104790.0,105000.0,103350.0,104120,104070,105750,133752,163456,-10105,6960190.91
2026-06-09,2607,104780.0,104870.0,103900.0,104650,104410,104070,83818,161032,-2424,4376124.715
2026-06-10,2607,105210.0,105680.0,103600.0,104110,104480,104410,117195,159899,-1133,6122593.955
2026-06-11,2607,103500.0,104340.0,102640.0,103160,103410,104480,119741,152405,-7494,6191255.1
2026-06-12,2607,103280.0,105110.0,103010.0,104660,104270,103410,97909,149144,-3261,5104879.455
2026-06-15,2607,104280.0,106000.0,104220.0,105590,105360,104270,84449,148486,-658,4449095.555
2026-06-16,2607,105490.0,105700.0,104450.0,104610,104970,105360,74955,135351,-13135,3934335.215
2026-06-17,2607,105200.0,105640.0,104830.0,105400,105290,104970,68608,124308,-11043,3612155.54
2026-06-18,2607,105280.0,105580.0,104430.0,104780,104970,105290,72114,112863,-11445,3785056.06
2026-06-22,2607,104610.0,105280.0,104300.0,104890,104700,104970,52280,106812,-6051,2736862.27
2026-06-23,2608,105200.0,105280.0,103350.0,103580,104170,104800,74840,148166,1154,3898324.7
2026-06-24,2608,103100.0,103920.0,102820.0,103550,103250,104170,97561,156327,8161,5036674.645
2026-06-25,2608,102200.0,102260.0,100500.0,101220,101350,103250,160226,164606,8279,8120081.91
2026-06-26,2608,102180.0,102600.0,101140.0,101560,101820,101350,119672,159247,-5359,6092935.405
2026-06-29,2608,102240.0,103430.0,102020.0,103160,102620,101820,105473,154336,-4911,5411938.92
2026-06-30,2608,102710.0,103340.0,101850.0,103290,102490,102620,88240,155574,1238,4521983.225
2026-07-01,2608,102870.0,103420.0,101780.0,101920,102450,102490,84616,154212,-1362,4334531.96
2026-07-02,2608,101830.0,102930.0,101640.0,101950,102290,102450,88329,155464,1252,4517627.12
2026-07-03,2608,102470.0,103240.0,102280.0,102980,102830,102290,80011,152135,-3329,4113824.685
2026-07-06,2608,102710.0,103560.0,102700.0,102960,103080,102830,60586,151621,-514,3122866.575
2026-07-07,2608,102630.0,103270.0,102600.0,102970,102960,103080,58519,148515,-3106,3012805.985
2026-07-08,2608,103080.0,103500.0,102720.0,102850,103000,102960,67529,149665,1150,3478050.045
2026-07-09,2608,101890.0,103210.0,101640.0,103160,102300,103000,90906,153942,4277,4650059.685
2026-07-10,2608,103750.0,104250.0,103410.0,103710,103810,102300,82908,149356,-4586,4303751.84
2026-07-13,2608,103540.0,103960.0,102800.0,103100,103290,103810,69346,142072,-7284,3581576.255
2026-07-14,2608,103910.0,104600.0,103610.0,104390,104100,103290,91035,145151,3079,4738482.735
2026-07-15,2608,104700.0,105140.0,104050.0,104220,104680,104100,77726,140641,-4510,4068245.615
2026-07-16,2608,104520.0,104680.0,103940.0,104440,104310,104680,54433,133116,-7525,2839211.93
2026-07-17,2609,104080.0,104450.0,103200.0,103370,103720,104250,69929,180125,-5351,3626631.76
2026-07-20,2609,103100.0,104200.0,103000.0,103790,103760,103720,79025,190685,10560,4099881.74
2026-07-21,2609,104490.0,105630.0,104240.0,105460,104830,103760,109881,215867,25182,5759917.32
2026-07-22,2609,106130.0,106760.0,105550.0,105820,106110,104830,120893,227686,11819,6414465.425
2026-07-23,2609,106000.0,106220.0,105810.0,105890,106010,106110,66804,224899,-2787,3541082.455
2026-07-24,2609,105100.0,105290.0,104310.0,104750,104730,106010,109798,210281,-14618,5750109.815
2026-07-27,2609,104600.0,105350.0,104540.0,105050,104950,104730,76057,208275,-2006,3991329.435
2026-07-28,2609,105500.0,105650.0,104560.0,104810,105050,104950,81835,202989,-5286,4298588.995
2026-07-29,2609,104560.0,105120.0,104460.0,104890,104790,105050,62091,197318,-5671,3253474.69
2026-07-30,2609,104500.0,105310.0,104320.0,104690,104770,104790,89003,196080,-1238,4662815.255
2026-07-31,2609,105370.0,105880.0,105250.0,105460,105550,104770,85907,201576,5496,4533937.955
2026-08-03,2609,105460.0,106360.0,105140.0,106120,105740,105550,82699,205922,4346,4372523.015
2026-08-04,2609,105750.0,106910.0,105610.0,106650,106320,105740,79450,209530,3608,4223696.335
2026-08-05,2609,107490.0,107550.0,106620.0,107340,107170,106320,99814,216692,7162,5349005.975
2026-08-06,2609,107350.0,108030.0,107220.0,107330,107610,107170,100106,214266,-2426,5386597.07
2026-08-07,2609,108130.0,108470.0,107310.0,108400,108020,107610,113481,220913,6647,6129291.325
2026-08-10,2609,108010.0,108140.0,107130.0,107850,107620,108020,96220,214566,-6347,5177704.485
2026-08-11,2609,107850.0,108440.0,107450.0,107950,107960,107620,87926,215009,443,4746421.65
2026-08-12,2609,108200.0,108450.0,107900.0,108390,108170,107960,67201,215065,56,3634734.62
2026-08-13,2609,108610.0,108740.0,107400.0,107410,107820,108170,90642,208892,-6173,4886651.93
2026-08-14,2609,107930.0,107990.0,107360.0,107690,107670,107820,75051,204710,-4182,4040523.93
2026-08-17,2609,107920.0,109780.0,107650.0,109540,108990,107670,100823,210886,6176,5494438.145
2026-08-18,2609,108840.0,108860.0,107540.0,107930,107980,108990,106456,192401,-18485,5747739.325
2026-08-19,2609,107630.0,107770.0,106520.0,106850,106980,107980,97104,175241,-17160,5194200.48
2026-08-20,2609,107020.0,107390.0,106980.0,107200,107180,106980,67532,162899,-12342,3619170.155
2026-08-21,2609,106660.0,107900.0,106550.0,107750,107290,107180,73275,150334,-12565,3931125.23
2026-08-24,2610,108010.0,108050.0,107390.0,107910,107750,107010,77057,191791,14913,4151799.005
2026-08-25,2610,108220.0,108540.0,107770.0,107980,108160,107750,78507,204454,12663,4245776.205
2026-08-26,2610,108300.0,109520.0,107880.0,108750,108800,108160,127341,221610,17156,6927568.35
2026-08-27,2610,108480.0,108660.0,108040.0,108300,108390,108800,83805,213168,-8442,4541979.11
2026-08-28,2610,108240.0,108950.0,108120.0,108900,108620,108390,73402,216394,3226,3986474.38
