"Date","Price","Open","High","Low","Vol.","Change %"
"09/03/2026","4,019.80","4,015.77","4,057.92","3,985.68","14.69M","0.00%"
"09/02/2026","4,019.89","3,989.26","4,033.23","3,981.19","36.77M","0.40%"
"09/01/2026","4,003.94","4,021.46","4,050.33","3,960.30","32.69M","-0.47%"
"08/31/2026","4,022.92","3,991.76","4,055.30","3,985.28","45.54M","0.73%"
"08/28/2026","3,993.70","3,987.93","4,000.26","3,967.67","28.97M","0.86%"
"08/27/2026","3,959.63","4,038.50","4,038.50","3,953.10","26.40M","-1.94%"
"08/26/2026","4,038.12","4,016.73","4,055.08","4,016.73","42.56M","0.75%"
"08/25/2026","4,008.04","3,999.55","4,015.94","3,984.60","28.89M","0.18%"
"08/24/2026","4,000.72","3,982.42","4,001.49","3,964.79","23.71M","0.14%"
"08/21/2026","3,995.19","3,995.95","4,028.08","3,984.13","44.41M","0.45%"
"08/20/2026","3,977.21","4,016.90","4,016.90","3,966.19","27.89M","-1.21%"
"08/19/2026","4,025.82","3,965.93","4,033.81","3,925.07","25.96M","1.72%"
"08/18/2026","3,957.61","3,973.52","3,988.97","3,957.61","21.54M","-0.74%"
"08/17/2026","3,987.28","4,039.74","4,041.04","3,966.80","23.44M","-1.11%"
"08/14/2026","4,032.00","4,016.32","4,032.88","3,992.67","27.42M","0.64%"
"08/13/2026","4,006.49","4,055.65","4,067.09","4,001.35","28.08M","-1.44%"
"08/12/2026","4,065.12","4,053.03","4,070.78","4,038.15","24.94M","0.41%"
"08/11/2026","4,048.66","4,025.02","4,084.47","4,025.02","36.75M","0.61%"
"08/10/2026","4,024.05","4,011.17","4,025.74","3,975.63","26.47M","0.59%"
"08/07/2026","4,000.25","4,033.53","4,033.53","3,985.99","24.57M","-0.54%"
"08/06/2026","4,022.16","3,986.28","4,037.53","3,969.28","28.25M","0.94%"
"08/05/2026","3,984.80","4,004.41","4,009.34","3,952.41","28.09M","-0.29%"
"08/04/2026","3,996.45","3,929.70","3,996.45","3,912.92","38.49M","1.35%"
"08/03/2026","3,943.04","3,939.28","3,963.21","3,918.02","28.03M","0.58%"
"07/31/2026","3,920.26","3,911.05","3,928.98","3,891.59","63.08M","0.33%"
"07/30/2026","3,907.28","3,847.30","3,907.28","3,837.69","35.37M","1.57%"
"07/29/2026","3,846.92","3,851.04","3,869.31","3,845.11","30.88M","0.57%"
"07/28/2026","3,825.10","3,835.62","3,866.95","3,814.62","44.60M","-0.24%"
"07/27/2026","3,834.33","3,867.54","3,867.54","3,825.86","33.66M","0.22%"
"07/24/2026","3,826.08","3,823.36","3,863.68","3,818.07","22.39M","-0.13%"
"07/23/2026","3,831.03","3,859.34","3,885.63","3,812.99","40.81M","-1.13%"
"07/22/2026","3,874.77","3,841.62","3,890.95","3,832.97","34.73M","0.60%"
"07/21/2026","3,851.48","3,813.42","3,851.48","3,812.01","29.99M","1.78%"
"07/20/2026","3,784.15","3,764.25","3,812.91","3,755.52","31.28M","0.47%"
"07/17/2026","3,766.41","3,764.46","3,779.47","3,739.44","47.15M","-0.77%"
"07/16/2026","3,795.76","3,803.18","3,840.43","3,785.63","60.62M","-0.20%"
"07/15/2026","3,803.37","3,808.54","3,830.25","3,796.18","42.10M","-0.41%"
"07/14/2026","3,818.89","3,761.37","3,818.89","3,741.64","39.45M","1.23%"
"07/13/2026","3,772.63","3,746.33","3,784.29","3,734.53","21.39M","0.08%"
"07/10/2026","3,769.50","3,704.65","3,771.75","3,701.86","24.48M","2.26%"
"07/09/2026","3,686.03","3,694.45","3,720.30","3,675.96","31.70M","0.37%"
"07/08/2026","3,672.54","3,661.96","3,672.54","3,604.64","29.66M","-0.05%"
"07/07/2026","3,674.36","3,662.30","3,697.39","3,631.46","26.39M","-0.42%"
"07/06/2026","3,690.01","3,679.12","3,706.33","3,664.64","20.77M","0.42%"
"07/03/2026","3,674.68","3,682.01","3,684.69","3,654.98","22.09M","0.17%"
"07/02/2026","3,668.34","3,604.42","3,682.39","3,595.13","27.99M","1.57%"
"07/01/2026","3,611.70","3,587.21","3,615.99","3,553.53","26.61M","0.68%"
"06/30/2026","3,587.42","3,583.44","3,608.46","3,536.40","31.20M","0.69%"
"06/29/2026","3,562.94","3,586.32","3,586.32","3,548.32","23.64M","-0.26%"
"06/26/2026","3,572.30","3,591.66","3,591.66","3,536.53","27.68M","-0.73%"
"06/25/2026","3,598.40","3,578.19","3,614.90","3,568.90","31.25M","1.26%"
"06/24/2026","3,553.66","3,654.22","3,654.22","3,528.85","34.08M","-2.49%"
"06/23/2026","3,644.44","3,616.22","3,644.44","3,585.56","25.38M","-0.41%"
"06/22/2026","3,659.50","3,691.29","3,704.16","3,643.82","21.26M","-0.53%"
"06/19/2026","3,678.84","3,666.95","3,678.84","3,649.97","78.34M","0.21%"
"06/18/2026","3,671.03","3,723.22","3,723.22","3,664.93","41.21M","-1.60%"
"06/17/2026","3,730.66","3,729.17","3,742.12","3,702.08","40.18M","-0.20%"
"06/16/2026","3,738.22","3,680.46","3,761.66","3,680.08","78.14M","1.80%"
"06/15/2026","3,672.16","3,780.75","3,787.75","3,672.16","33.24M","-1.12%"
"06/12/2026","3,713.88","3,669.66","3,725.98","3,663.93","51.28M","1.69%"
"06/11/2026","3,652.02","3,618.64","3,661.93","3,617.08","21.25M","1.39%"
"06/10/2026","3,602.10","3,628.08","3,635.11","3,577.13","36.82M","-1.05%"
"06/09/2026","3,640.31","3,633.55","3,674.18","3,621.64","19.81M","0.32%"
"06/08/2026","3,628.56","3,580.76","3,630.44","3,569.05","23.96M","0.58%"
"06/05/2026","3,607.79","3,663.59","3,664.92","3,607.79","31.52M","-1.95%"
"06/03/2026","3,679.54","3,661.14","3,687.70","3,656.78","20.68M","0.30%"
"06/02/2026","3,668.51","3,667.37","3,715.27","3,643.36","33.30M","1.03%"
"06/01/2026","3,631.04","3,694.96","3,694.96","3,631.04","21.21M","-1.52%"
"05/29/2026","3,686.96","3,692.98","3,708.55","3,685.05","48.50M","0.45%"
"05/28/2026","3,670.49","3,664.64","3,689.17","3,660.76","27.41M","-0.03%"
"05/27/2026","3,671.65","3,706.21","3,724.60","3,671.65","27.43M","-0.28%"
"05/26/2026","3,682.07","3,718.87","3,729.15","3,682.07","21.06M","-1.01%"
"05/25/2026","3,719.68","3,680.13","3,724.23","3,680.13","25.26M","2.16%"
"05/22/2026","3,641.19","3,615.99","3,657.58","3,609.40","26.47M","1.43%"
"05/21/2026","3,590.00","3,600.45","3,612.61","3,568.51","24.70M","-0.57%"
"05/20/2026","3,610.70","3,563.25","3,622.06","3,540.23","26.24M","1.64%"
"05/19/2026","3,552.49","3,605.38","3,621.33","3,549.80","25.54M","-1.60%"
"05/18/2026","3,610.09","3,534.61","3,620.07","3,524.03","24.01M","1.83%"
"05/15/2026","3,545.38","3,593.60","3,606.66","3,541.57","35.63M","-2.37%"
"05/14/2026","3,631.56","3,612.64","3,663.09","3,576.40","30.62M","1.09%"
"05/13/2026","3,592.36","3,553.67","3,596.05","3,538.40","27.22M","2.09%"
"05/12/2026","3,518.79","3,569.01","3,569.01","3,513.26","29.50M","-1.88%"
"05/11/2026","3,586.34","3,540.37","3,602.40","3,519.83","24.38M","1.43%"
"05/08/2026","3,535.94","3,606.98","3,606.98","3,522.26","28.46M","-1.59%"
"05/07/2026","3,592.99","3,638.82","3,640.35","3,575.85","30.49M","-1.01%"
"05/06/2026","3,629.57","3,560.70","3,638.51","3,558.40","34.05M","2.83%"
"05/05/2026","3,529.57","3,491.02","3,529.57","3,482.66","24.63M","1.08%"
"05/04/2026","3,491.84","3,523.90","3,535.82","3,462.64","25.27M","0.11%"
"04/30/2026","3,487.99","3,519.59","3,526.73","3,466.20","31.46M","-0.45%"
"04/29/2026","3,503.71","3,524.00","3,563.00","3,493.50","37.07M","0.05%"
"04/28/2026","3,502.06","3,530.76","3,566.57","3,497.84","24.85M","-0.76%"
"04/27/2026","3,528.90","3,566.60","3,566.60","3,520.44","26.59M","-0.79%"
"04/24/2026","3,556.91","3,573.12","3,579.80","3,537.24","21.98M","-0.61%"
"04/23/2026","3,578.84","3,607.54","3,607.54","3,555.22","29.89M","-1.02%"
"04/22/2026","3,615.77","3,638.09","3,638.74","3,606.52","26.60M","-0.67%"
"04/21/2026","3,640.00","3,667.59","3,676.44","3,640.00","22.64M","-0.73%"
"04/20/2026","3,666.86","3,664.77","3,677.76","3,651.63","25.26M","-0.91%"
"04/17/2026","3,700.60","3,635.10","3,704.61","3,625.43","37.42M","1.40%"
"04/16/2026","3,649.50","3,672.41","3,674.29","3,626.91","35.85M","-0.45%"
"04/15/2026","3,665.94","3,631.53","3,670.08","3,624.78","38.43M","0.80%"
"04/14/2026","3,636.72","3,621.53","3,654.27","3,603.14","36.47M","1.13%"
"04/13/2026","3,596.03","3,590.57","3,596.03","3,565.98","40.12M","-0.02%"
"04/10/2026","3,596.84","3,562.53","3,596.84","3,539.96","35.36M","1.25%"
"04/09/2026","3,552.48","3,528.54","3,554.16","3,514.01","37.70M","0.52%"
"04/08/2026","3,533.95","3,499.87","3,559.04","3,479.14","48.80M","3.43%"
"04/07/2026","3,416.80","3,432.17","3,491.68","3,406.97","30.59M","-0.49%"
"04/02/2026","3,433.65","3,361.26","3,433.65","3,354.48","29.08M","0.90%"
"04/01/2026","3,402.92","3,406.68","3,415.47","3,389.90","31.46M","1.86%"
"03/31/2026","3,340.77","3,301.47","3,349.83","3,298.02","37.05M","1.76%"
"03/30/2026","3,283.06","3,263.53","3,312.74","3,242.10","38.59M","0.44%"
"03/27/2026","3,268.55","3,306.41","3,306.41","3,234.51","46.85M","-1.15%"
"03/26/2026","3,306.60","3,302.86","3,309.63","3,283.13","27.59M","-0.18%"
"03/25/2026","3,312.41","3,284.57","3,320.43","3,278.00","25.72M","2.19%"
"03/24/2026","3,241.42","3,273.93","3,273.93","3,222.74","29.27M","-0.82%"
"03/23/2026","3,268.15","3,200.99","3,293.34","3,134.60","45.14M","0.62%"
"03/20/2026","3,248.12","3,297.49","3,309.63","3,230.89","71.77M","-0.87%"
"03/19/2026","3,276.57","3,315.79","3,315.79","3,266.46","36.18M","-1.85%"
"03/18/2026","3,338.20","3,379.99","3,408.97","3,338.20","29.91M","-0.65%"
"03/17/2026","3,359.96","3,290.39","3,373.93","3,287.89","34.52M","2.05%"
"03/16/2026","3,292.46","3,281.31","3,305.54","3,259.04","20.98M","0.55%"
"03/13/2026","3,274.54","3,263.95","3,310.71","3,249.92","28.18M","-0.51%"
"03/12/2026","3,291.27","3,327.68","3,329.98","3,252.34","32.41M","-0.65%"
"03/11/2026","3,312.71","3,324.09","3,330.60","3,288.52","27.37M","-0.44%"
"03/10/2026","3,327.28","3,324.61","3,348.02","3,310.49","24.30M","2.16%"
"03/09/2026","3,256.80","3,212.39","3,265.24","3,182.92","31.47M","-0.17%"
"03/06/2026","3,262.33","3,349.06","3,349.06","3,244.45","35.23M","-1.93%"
"03/05/2026","3,326.54","3,336.04","3,368.25","3,310.46","30.20M","-0.28%"
"03/04/2026","3,335.75","3,275.64","3,341.02","3,275.64","32.36M","2.66%"
"03/03/2026","3,249.38","3,377.76","3,377.76","3,239.23","37.47M","-4.50%"
"03/02/2026","3,402.36","3,362.66","3,429.47","3,362.66","27.85M","-1.09%"
"02/27/2026","3,440.02","3,459.67","3,468.62","3,425.00","48.53M","-0.24%"
"02/26/2026","3,448.24","3,474.64","3,485.60","3,435.57","38.26M","-0.93%"
"02/25/2026","3,480.47","3,450.08","3,482.40","3,435.71","34.43M","1.74%"
"02/24/2026","3,421.01","3,441.25","3,441.25","3,388.20","28.35M","-0.56%"
"02/23/2026","3,440.36","3,404.71","3,452.39","3,385.52","31.99M","1.67%"
"02/20/2026","3,383.82","3,381.22","3,392.66","3,357.28","22.64M","-0.04%"
"02/19/2026","3,385.33","3,400.63","3,407.81","3,357.79","21.92M","0.22%"
"02/18/2026","3,377.74","3,352.39","3,377.74","3,348.68","21.71M","1.69%"
"02/17/2026","3,321.64","3,346.63","3,346.63","3,306.56","20.55M","-1.27%"
"02/16/2026","3,364.33","3,366.73","3,373.67","3,355.02","13.20M","0.14%"
"02/13/2026","3,359.49","3,386.85","3,398.85","3,340.99","27.66M","-1.70%"
"02/12/2026","3,417.49","3,422.07","3,437.28","3,414.19","21.44M","0.14%"
"02/11/2026","3,412.74","3,405.02","3,428.33","3,372.39","24.93M","0.56%"
"02/10/2026","3,393.69","3,438.02","3,438.02","3,393.69","19.82M","-1.12%"
"02/09/2026","3,432.15","3,418.96","3,432.15","3,389.31","18.97M","1.17%"
"02/06/2026","3,392.41","3,368.21","3,392.41","3,356.62","23.25M","0.64%"
"02/05/2026","3,370.89","3,418.74","3,450.44","3,356.56","26.58M","-2.49%"
"02/04/2026","3,457.14","3,451.92","3,474.09","3,435.81","28.78M","0.47%"
"02/03/2026","3,441.06","3,419.43","3,441.06","3,387.06","35.13M","2.29%"
"02/02/2026","3,364.04","3,323.46","3,370.27","3,264.05","33.64M","0.12%"
"01/30/2026","3,360.09","3,372.38","3,399.28","3,347.45","35.65M","-0.63%"
"01/29/2026","3,381.38","3,404.35","3,455.14","3,379.88","29.17M","-0.35%"
"01/28/2026","3,393.31","3,385.93","3,399.88","3,356.98","32.03M","0.83%"
"01/27/2026","3,365.46","3,351.21","3,391.79","3,345.59","27.57M","0.28%"
"01/26/2026","3,356.01","3,312.89","3,360.99","3,297.49","21.21M","1.71%"
"01/23/2026","3,299.55","3,338.78","3,338.78","3,294.01","24.23M","-1.27%"
"01/22/2026","3,341.95","3,283.01","3,341.95","3,283.01","30.93M","2.42%"
"01/21/2026","3,262.89","3,266.51","3,275.81","3,221.72","26.03M","-0.17%"
"01/20/2026","3,268.45","3,261.45","3,268.45","3,215.54","24.67M","0.04%"
"01/19/2026","3,267.10","3,269.45","3,284.03","3,249.49","19.98M","-0.50%"
"01/16/2026","3,283.42","3,292.81","3,313.57","3,270.58","27.30M","-0.70%"
"01/15/2026","3,306.40","3,273.36","3,306.40","3,266.15","25.65M","1.15%"
"01/14/2026","3,268.94","3,284.90","3,284.90","3,228.18","34.76M","-0.37%"
"01/13/2026","3,280.95","3,303.63","3,303.63","3,259.98","31.51M","-0.34%"
"01/12/2026","3,292.06","3,279.52","3,292.06","3,259.19","16.55M","0.49%"
"01/09/2026","3,275.88","3,241.44","3,275.88","3,209.57","24.00M","1.30%"
"01/08/2026","3,233.92","3,284.74","3,284.74","3,212.43","32.93M","-2.36%"
"01/07/2026","3,312.10","3,280.22","3,312.10","3,276.36","40.92M","1.64%"
"01/05/2026","3,258.52","3,270.32","3,278.20","3,246.37","28.05M","-0.12%"
"01/02/2026","3,262.48","3,204.89","3,268.66","3,198.96","21.97M","2.46%"
"12/30/2025","3,184.02","3,168.56","3,204.09","3,167.35","14.89M","0.60%"
"12/29/2025","3,164.93","3,161.77","3,166.50","3,145.78","14.01M","0.30%"
"12/23/2025","3,155.57","3,176.72","3,186.27","3,144.84","14.15M","-0.57%"
"12/22/2025","3,173.51","3,152.67","3,180.38","3,147.67","16.92M","0.86%"
"12/19/2025","3,146.48","3,113.49","3,154.78","3,110.45","47.22M","1.00%"
"12/18/2025","3,115.36","3,104.32","3,115.36","3,076.90","28.62M","0.31%"
"12/17/2025","3,105.78","3,112.08","3,119.27","3,091.75","26.41M","0.08%"
"12/16/2025","3,103.28","3,116.38","3,126.28","3,098.66","27.07M","-1.08%"
"12/15/2025","3,137.07","3,070.82","3,145.56","3,069.18","29.91M","1.88%"
"12/12/2025","3,079.15","3,071.68","3,099.35","3,068.42","23.18M","0.56%"
"12/11/2025","3,062.00","3,014.67","3,067.39","3,006.04","21.89M","1.34%"
"12/10/2025","3,021.37","3,000.82","3,023.08","2,994.32","24.87M","0.36%"
"12/09/2025","3,010.46","2,954.67","3,010.66","2,947.11","30.44M","1.91%"
"12/08/2025","2,954.00","2,962.74","2,967.78","2,948.21","19.41M","0.13%"
"12/05/2025","2,950.30","2,971.21","2,976.90","2,940.57","31.54M","-0.31%"
"12/04/2025","2,959.44","2,957.08","2,968.19","2,944.86","32.91M","0.46%"
"12/03/2025","2,945.82","2,976.86","2,979.79","2,935.85","25.42M","-0.73%"
"12/02/2025","2,967.35","2,993.77","2,993.77","2,954.86","33.61M","-1.33%"
"12/01/2025","3,007.41","2,996.76","3,023.47","2,992.75","17.09M","0.18%"
"11/28/2025","3,001.96","2,984.97","3,008.87","2,970.35","17.93M","0.31%"
"11/27/2025","2,992.78","3,005.40","3,007.52","2,986.03","14.41M","-0.36%"
"11/26/2025","3,003.61","2,977.65","3,003.61","2,959.58","19.91M","1.24%"
"11/25/2025","2,966.90","2,936.71","2,976.58","2,922.65","24.49M","1.46%"
"11/24/2025","2,924.11","2,942.14","2,944.29","2,892.29","44.75M","0.10%"
"11/21/2025","2,921.08","2,910.33","2,931.72","2,886.73","29.23M","-1.25%"
"11/20/2025","2,958.02","2,987.73","2,991.05","2,948.01","28.25M","0.04%"
"11/19/2025","2,956.75","2,910.29","2,962.14","2,896.21","29.21M","1.85%"
"11/18/2025","2,903.10","2,922.79","2,930.32","2,885.01","26.74M","-1.79%"
"11/17/2025","2,956.16","2,998.44","3,002.36","2,948.52","26.55M","-1.14%"
"11/14/2025","2,990.37","2,987.38","2,996.89","2,957.32","19.75M","-0.86%"
"11/13/2025","3,016.16","3,029.74","3,066.72","3,016.16","35.31M","-0.23%"
"11/12/2025","3,023.24","3,032.70","3,056.61","3,015.36","26.56M","0.13%"
"11/10/2025","3,019.29","3,009.83","3,029.68","3,000.01","20.17M","1.64%"
"11/07/2025","2,970.61","3,017.03","3,018.84","2,958.30","31.23M","-1.20%"
"11/06/2025","3,006.58","2,993.62","3,044.56","2,984.54","19.55M","0.99%"
"11/05/2025","2,977.25","2,968.95","2,989.55","2,957.11","15.43M","-0.04%"
"11/04/2025","2,978.38","2,981.82","2,984.46","2,962.52","13.89M","-0.91%"
"11/03/2025","3,005.61","3,001.78","3,022.50","2,995.35","13.42M","0.61%"
"10/31/2025","2,987.33","3,031.99","3,036.46","2,987.33","22.88M","-1.39%"
"10/30/2025","3,029.29","3,037.34","3,046.50","3,016.36","25.12M","-0.31%"
"10/29/2025","3,038.56","3,052.18","3,060.11","3,015.43","29.15M","-0.10%"
"10/28/2025","3,041.52","2,988.89","3,046.47","2,984.02","29.06M","2.03%"
"10/27/2025","2,980.91","3,005.17","3,014.08","2,973.46","26.40M","-0.01%"
"10/24/2025","2,981.19","2,994.18","2,999.29","2,974.50","18.82M","-0.12%"
"10/23/2025","2,984.67","2,957.63","2,993.70","2,948.24","22.28M","0.88%"
"10/22/2025","2,958.78","2,921.48","2,967.35","2,913.50","18.63M","1.60%"
"10/21/2025","2,912.05","2,919.93","2,934.01","2,904.76","20.22M","-0.16%"
"10/20/2025","2,916.61","2,891.65","2,920.76","2,891.65","19.69M","1.55%"
"10/17/2025","2,872.02","2,861.14","2,878.98","2,817.25","21.03M","-0.52%"
"10/16/2025","2,887.16","2,910.85","2,911.58","2,876.67","22.50M","-0.48%"
"10/15/2025","2,901.08","2,866.16","2,909.02","2,859.80","25.73M","2.01%"
"10/14/2025","2,844.05","2,850.38","2,850.38","2,809.34","19.44M","-1.08%"
"10/13/2025","2,875.17","2,847.31","2,878.13","2,841.95","15.65M","0.07%"
"10/10/2025","2,873.04","2,859.80","2,885.36","2,846.45","20.31M","-0.04%"
"10/09/2025","2,874.30","2,884.95","2,895.09","2,869.13","20.08M","-0.13%"
"10/08/2025","2,877.99","2,861.53","2,889.48","2,850.21","25.35M","0.32%"
"10/07/2025","2,868.67","2,847.17","2,877.50","2,826.65","19.32M","1.08%"
"10/06/2025","2,838.10","2,860.54","2,877.34","2,836.01","16.82M","-0.87%"
"10/03/2025","2,862.96","2,881.03","2,891.98","2,848.82","17.36M","0.05%"
"10/02/2025","2,861.62","2,858.31","2,896.04","2,857.65","24.81M","0.39%"
"10/01/2025","2,850.42","2,809.65","2,855.51","2,809.65","25.16M","0.82%"
"09/30/2025","2,827.17","2,822.00","2,828.33","2,803.19","26.27M","-0.17%"
"09/29/2025","2,832.01","2,845.46","2,847.53","2,817.46","19.27M","-0.01%"
"09/26/2025","2,832.26","2,792.34","2,832.26","2,783.39","27.47M","1.23%"
"09/25/2025","2,797.79","2,826.28","2,826.28","2,788.42","33.14M","-1.10%"
"09/24/2025","2,828.82","2,802.52","2,829.39","2,773.28","26.82M","0.34%"
"09/23/2025","2,819.10","2,817.41","2,830.89","2,810.28","18.13M","0.61%"
"09/22/2025","2,802.03","2,801.37","2,805.11","2,775.01","18.65M","-0.02%"
"09/19/2025","2,802.69","2,819.48","2,819.48","2,790.03","40.81M","-0.24%"
"09/18/2025","2,809.46","2,819.81","2,830.79","2,806.55","21.89M","-0.14%"
"09/17/2025","2,813.42","2,832.89","2,832.89","2,801.47","19.99M","-0.22%"
"09/16/2025","2,819.54","2,876.55","2,876.55","2,815.78","16.66M","-1.63%"
"09/15/2025","2,866.16","2,851.57","2,866.16","2,841.30","18.61M","1.04%"
"09/12/2025","2,836.58","2,864.12","2,869.64","2,833.86","17.92M","-0.67%"
"09/11/2025","2,855.75","2,815.78","2,864.74","2,814.51","19.80M","1.57%"
"09/10/2025","2,811.48","2,818.16","2,825.73","2,762.25","21.10M","-0.88%"
"09/09/2025","2,836.41","2,865.23","2,867.64","2,824.68","17.05M","-0.91%"
"09/08/2025","2,862.51","2,821.04","2,862.87","2,821.04","15.26M","2.05%"
"09/05/2025","2,805.02","2,844.10","2,857.64","2,804.63","19.72M","-0.82%"
"09/04/2025","2,828.22","2,785.56","2,834.41","2,760.33","20.09M","1.51%"
"09/03/2025","2,786.15","2,787.78","2,809.49","2,769.94","23.09M","0.44%"
"09/02/2025","2,774.05","2,776.45","2,781.27","2,725.91","20.98M","0.13%"
"09/01/2025","2,770.36","2,804.98","2,829.71","2,744.94","19.06M","-0.84%"
"08/29/2025","2,793.76","2,834.16","2,836.04","2,789.65","18.97M","-1.22%"
"08/28/2025","2,828.32","2,867.65","2,879.78","2,828.32","16.00M","-0.99%"
"08/27/2025","2,856.56","2,915.79","2,924.24","2,850.34","19.98M","-1.75%"
"08/26/2025","2,907.53","2,896.26","2,920.94","2,865.05","33.18M","0.07%"
"08/25/2025","2,905.64","2,896.60","2,919.49","2,886.85","20.89M","0.87%"
"08/22/2025","2,880.55","2,988.94","2,993.06","2,870.12","51.05M","-4.62%"
"08/21/2025","3,020.22","2,990.57","3,022.46","2,970.96","15.54M","1.27%"
"08/20/2025","2,982.29","2,976.26","2,998.96","2,951.80","16.92M","-0.36%"
"08/19/2025","2,993.07","2,967.48","3,005.67","2,948.48","18.40M","1.05%"
"08/18/2025","2,962.09","2,953.14","2,965.88","2,923.24","27.71M","0.42%"
"08/14/2025","2,949.71","2,974.43","2,974.43","2,926.17","20.17M","-1.58%"
"08/13/2025","2,997.03","3,015.01","3,028.13","2,971.09","27.51M","-0.57%"
"08/12/2025","3,014.18","3,010.16","3,024.23","2,990.85","17.47M","0.66%"
"08/11/2025","2,994.43","3,023.41","3,032.16","2,984.97","17.38M","-0.92%"
"08/08/2025","3,022.19","2,984.72","3,027.75","2,960.04","20.69M","1.23%"
"08/07/2025","2,985.33","2,934.63","3,007.02","2,923.73","28.55M","1.80%"
"08/06/2025","2,932.58","2,878.12","2,933.04","2,872.83","30.80M","2.34%"
"08/05/2025","2,865.63","2,895.72","2,901.83","2,854.66","18.03M","-0.51%"
"08/04/2025","2,880.23","2,854.69","2,880.23","2,840.10","17.77M","-0.16%"
"08/01/2025","2,884.84","2,935.51","2,935.51","2,868.49","25.04M","-2.22%"
"07/31/2025","2,950.42","2,984.54","2,990.05","2,942.23","24.84M","-1.06%"
"07/30/2025","2,982.18","2,945.43","2,982.18","2,937.20","26.72M","1.06%"
"07/29/2025","2,950.95","2,905.65","2,957.81","2,903.89","18.91M","1.53%"
"07/28/2025","2,906.60","2,983.63","2,987.08","2,901.84","17.73M","-1.90%"
"07/25/2025","2,962.94","2,954.79","2,962.94","2,936.00","17.73M","-0.18%"
"07/24/2025","2,968.34","2,962.10","2,968.34","2,941.64","16.54M","0.74%"
"07/23/2025","2,946.62","2,951.09","2,970.64","2,932.80","22.32M","0.59%"
"07/22/2025","2,929.23","2,937.01","2,940.98","2,914.11","16.32M","-0.70%"
"07/21/2025","2,949.94","2,973.14","2,974.69","2,933.42","16.56M","-0.48%"
"07/18/2025","2,964.25","2,933.92","2,978.18","2,932.68","24.31M","2.01%"
"07/17/2025","2,905.75","2,880.13","2,908.34","2,857.72","19.84M","1.30%"
"07/16/2025","2,868.56","2,872.38","2,879.21","2,852.53","18.44M","-0.07%"
"07/15/2025","2,870.53","2,894.35","2,910.41","2,858.57","19.10M","-0.32%"
"07/14/2025","2,879.77","2,855.22","2,879.77","2,844.90","15.76M","0.66%"
"07/11/2025","2,860.93","2,851.97","2,863.74","2,837.95","17.47M","0.36%"
"07/10/2025","2,850.58","2,905.62","2,910.03","2,846.77","36.35M","-1.63%"
"07/09/2025","2,897.67","2,894.68","2,903.14","2,872.16","33.30M","0.28%"
"07/08/2025","2,889.54","2,875.78","2,890.62","2,872.77","28.27M","0.97%"
"07/07/2025","2,861.78","2,863.12","2,874.14","2,845.31","11.66M","-0.11%"
"07/04/2025","2,864.98","2,876.59","2,886.17","2,844.21","14.24M","-0.77%"
"07/03/2025","2,887.17","2,856.18","2,895.08","2,856.08","26.29M","1.67%"
"07/02/2025","2,839.82","2,830.92","2,845.60","2,818.37","22.26M","0.47%"
"07/01/2025","2,826.50","2,843.48","2,862.78","2,819.91","22.30M","-0.66%"
"06/30/2025","2,845.37","2,832.22","2,859.84","2,823.80","25.66M","1.06%"
"06/27/2025","2,815.66","2,821.20","2,822.14","2,798.68","23.89M","0.09%"
"06/26/2025","2,813.09","2,767.06","2,819.58","2,764.80","29.63M","2.33%"
"06/25/2025","2,749.16","2,765.11","2,765.11","2,740.33","19.79M","-0.49%"
"06/24/2025","2,762.70","2,725.70","2,762.70","2,722.96","36.87M","2.64%"
"06/23/2025","2,691.54","2,722.95","2,722.95","2,682.60","19.65M","-1.60%"
"06/20/2025","2,735.44","2,727.85","2,741.94","2,718.16","61.76M","0.45%"
"06/18/2025","2,723.15","2,727.24","2,736.89","2,702.97","20.55M","-0.23%"
"06/17/2025","2,729.31","2,703.94","2,736.12","2,678.67","32.60M","0.52%"
"06/16/2025","2,715.12","2,725.66","2,740.72","2,706.66","26.97M","0.27%"
"06/13/2025","2,707.86","2,712.63","2,732.49","2,693.34","34.07M","-1.73%"
"06/12/2025","2,755.65","2,760.92","2,797.27","2,725.39","31.27M","-0.87%"
"06/11/2025","2,779.83","2,782.03","2,787.52","2,749.29","27.85M","-0.51%"
"06/10/2025","2,794.03","2,736.50","2,809.94","2,734.36","39.74M","2.25%"
"06/09/2025","2,732.67","2,708.66","2,736.93","2,693.61","22.84M","1.22%"
"06/06/2025","2,699.85","2,719.01","2,719.01","2,657.75","40.15M","-1.26%"
"06/05/2025","2,734.31","2,768.24","2,780.95","2,724.12","21.41M","-1.26%"
"06/04/2025","2,769.33","2,744.70","2,773.09","2,736.39","24.42M","1.39%"
"06/03/2025","2,731.30","2,764.14","2,766.37","2,692.67","24.40M","-0.87%"
"06/02/2025","2,755.26","2,718.57","2,759.23","2,677.77","31.59M","-0.60%"
"05/30/2025","2,771.86","2,766.55","2,774.41","2,738.26","65.74M","-0.51%"
"05/29/2025","2,785.96","2,854.53","2,857.26","2,779.88","29.46M","-1.79%"
"05/28/2025","2,836.66","2,818.76","2,839.78","2,810.49","26.24M","0.82%"
"05/27/2025","2,813.71","2,789.87","2,817.67","2,778.02","18.98M","0.78%"
"05/26/2025","2,792.00","2,751.96","2,797.79","2,748.12","14.46M","2.76%"
"05/23/2025","2,716.88","2,749.64","2,762.41","2,653.44","26.73M","-0.80%"
"05/22/2025","2,738.74","2,749.76","2,758.06","2,724.71","29.19M","-0.80%"
"05/21/2025","2,760.83","2,790.83","2,791.40","2,746.64","20.90M","-1.26%"
"05/20/2025","2,796.13","2,797.76","2,814.76","2,786.40","19.86M","0.34%"
"05/19/2025","2,786.70","2,769.77","2,789.47","2,727.47","22.69M","-0.84%"
"05/16/2025","2,810.35","2,840.28","2,851.34","2,790.86","24.23M","-0.17%"
"05/15/2025","2,815.14","2,819.53","2,827.96","2,789.83","15.96M","-0.57%"
"05/14/2025","2,831.42","2,858.10","2,863.64","2,813.56","25.51M","-0.62%"
"05/13/2025","2,849.22","2,839.23","2,849.22","2,812.66","28.64M","0.62%"
"05/12/2025","2,831.63","2,856.45","2,897.73","2,815.19","21.45M","-0.37%"
"05/09/2025","2,842.14","2,778.89","2,846.41","2,776.68","26.13M","2.68%"
"05/08/2025","2,767.86","2,757.50","2,788.37","2,741.55","22.43M","0.70%"
"05/07/2025","2,748.53","2,722.86","2,754.71","2,717.01","23.77M","1.12%"
"05/06/2025","2,718.17","2,757.35","2,757.35","2,679.69","19.33M","-2.37%"
"05/05/2025","2,784.03","2,800.14","2,800.14","2,762.85","13.58M","-0.96%"
"05/02/2025","2,811.07","2,775.62","2,811.07","2,766.57","19.86M","2.67%"
"04/30/2025","2,737.86","2,816.05","2,818.97","2,727.10","28.01M","-2.60%"
"04/29/2025","2,810.88","2,815.35","2,838.45","2,797.99","18.71M","0.20%"
"04/28/2025","2,805.35","2,803.63","2,825.56","2,792.99","18.38M","0.42%"
"04/25/2025","2,793.70","2,800.23","2,816.30","2,784.81","21.26M","-0.13%"
"04/24/2025","2,797.29","2,768.94","2,798.75","2,743.51","27.73M","0.51%"
"04/23/2025","2,783.01","2,733.02","2,784.12","2,727.86","34.57M","3.06%"
"04/22/2025","2,700.41","2,652.51","2,700.41","2,652.51","28.96M","2.15%"
"04/17/2025","2,643.52","2,629.92","2,669.82","2,626.36","23.27M","1.06%"
"04/16/2025","2,615.84","2,596.22","2,640.92","2,589.05","26.33M","-0.10%"
"04/15/2025","2,618.49","2,611.80","2,659.36","2,591.33","31.36M","0.39%"
"04/14/2025","2,608.21","2,578.66","2,609.56","2,573.12","15.57M","3.12%"
"04/11/2025","2,529.25","2,559.99","2,587.68","2,518.27","23.39M","-0.95%"
"04/10/2025","2,553.57","2,541.89","2,603.96","2,521.46","30.02M","4.92%"
"04/09/2025","2,433.75","2,432.85","2,497.93","2,409.92","26.36M","-2.95%"
"04/08/2025","2,507.84","2,471.79","2,518.89","2,435.07","31.26M","3.15%"
"04/07/2025","2,431.32","2,357.87","2,478.02","2,295.26","43.83M","-1.49%"
"04/04/2025","2,467.99","2,622.44","2,622.81","2,459.03","41.77M","-6.37%"
"04/03/2025","2,635.76","2,699.72","2,711.35","2,634.29","21.21M","-4.08%"
"04/02/2025","2,747.99","2,732.51","2,749.43","2,713.69","17.42M","0.47%"
"04/01/2025","2,735.15","2,704.15","2,750.32","2,704.13","24.88M","1.71%"
"03/31/2025","2,689.05","2,707.63","2,721.81","2,668.15","31.98M","-2.13%"
"03/28/2025","2,747.70","2,762.11","2,776.12","2,741.31","21.52M","-1.16%"
"03/27/2025","2,780.04","2,756.51","2,791.70","2,735.88","20.40M","0.39%"
"03/26/2025","2,769.17","2,797.22","2,804.10","2,754.91","26.19M","-1.11%"
"03/25/2025","2,800.29","2,774.97","2,806.71","2,758.92","27.68M","1.18%"
"03/24/2025","2,767.76","2,758.25","2,769.24","2,740.97","22.15M","1.57%"
"03/21/2025","2,725.07","2,738.76","2,754.69","2,706.24","55.60M","-1.02%"
"03/20/2025","2,753.23","2,782.00","2,782.62","2,728.11","25.28M","-0.94%"
"03/19/2025","2,779.33","2,782.47","2,798.60","2,767.15","28.70M","-0.70%"
"03/18/2025","2,799.02","2,792.96","2,827.92","2,783.31","25.95M","0.77%"
"03/17/2025","2,777.61","2,761.47","2,783.20","2,752.48","25.54M","0.84%"
"03/14/2025","2,754.38","2,689.25","2,764.34","2,675.64","37.03M","2.66%"
"03/13/2025","2,683.05","2,631.14","2,691.37","2,631.14","39.83M","2.14%"
"03/12/2025","2,626.79","2,606.16","2,630.38","2,606.15","26.65M","1.65%"
"03/11/2025","2,584.04","2,599.90","2,626.10","2,570.78","22.43M","-0.23%"
"03/10/2025","2,589.87","2,639.39","2,639.39","2,571.15","20.22M","-2.00%"
"03/07/2025","2,642.59","2,622.40","2,650.01","2,611.40","23.32M","0.14%"
"03/06/2025","2,638.92","2,602.03","2,639.94","2,593.58","27.67M","1.82%"
"03/05/2025","2,591.79","2,552.17","2,593.13","2,552.17","24.54M","3.69%"
"03/04/2025","2,499.54","2,561.98","2,567.84","2,499.54","25.63M","-3.92%"
"03/03/2025","2,601.65","2,572.09","2,608.14","2,546.72","20.96M","0.86%"
"02/28/2025","2,579.52","2,560.46","2,590.08","2,556.49","41.54M","-0.41%"
"02/27/2025","2,590.06","2,620.31","2,632.75","2,585.19","27.87M","-1.16%"
"02/26/2025","2,620.35","2,591.88","2,620.35","2,591.88","28.90M","1.88%"
"02/25/2025","2,572.05","2,545.89","2,589.82","2,545.89","23.19M","0.64%"
"02/24/2025","2,555.74","2,619.17","2,619.17","2,550.89","19.22M","-2.38%"
"02/21/2025","2,618.17","2,613.83","2,637.62","2,612.70","18.81M","0.17%"
"02/20/2025","2,613.76","2,625.46","2,635.34","2,609.21","22.61M","-0.80%"
"02/19/2025","2,634.88","2,681.55","2,694.82","2,619.20","29.27M","-1.35%"
"02/18/2025","2,671.05","2,612.52","2,675.70","2,610.54","27.41M","2.86%"
"02/17/2025","2,596.79","2,574.55","2,610.75","2,564.13","14.56M","0.82%"
"02/14/2025","2,575.77","2,594.10","2,603.79","2,565.59","20.76M","-0.74%"
"02/13/2025","2,594.92","2,588.58","2,612.05","2,579.20","24.46M","1.02%"
"02/12/2025","2,568.72","2,540.45","2,577.52","2,539.45","24.43M","1.32%"
"02/11/2025","2,535.24","2,505.90","2,539.54","2,499.12","15.49M","1.10%"
"02/10/2025","2,507.54","2,490.69","2,515.39","2,484.87","19.42M","0.78%"
"02/07/2025","2,488.16","2,467.53","2,497.37","2,462.51","17.63M","1.13%"
"02/06/2025","2,460.45","2,419.44","2,460.45","2,411.06","18.35M","2.74%"
"02/05/2025","2,394.72","2,414.78","2,426.76","2,380.36","15.85M","-0.84%"
"02/04/2025","2,414.96","2,401.32","2,416.11","2,387.06","13.96M","1.03%"
"02/03/2025","2,390.37","2,368.30","2,396.47","2,368.30","16.49M","-1.78%"
"01/31/2025","2,433.77","2,444.63","2,444.81","2,428.87","18.00M","-0.31%"
"01/30/2025","2,441.23","2,410.49","2,441.79","2,409.18","18.48M","1.77%"
"01/29/2025","2,398.68","2,406.37","2,413.60","2,396.69","12.05M","-0.01%"
"01/28/2025","2,399.02","2,378.07","2,400.75","2,374.02","17.66M","0.95%"
"01/27/2025","2,376.40","2,345.04","2,376.40","2,341.41","15.93M","-0.10%"
"01/24/2025","2,378.78","2,368.91","2,386.41","2,366.64","13.78M","0.66%"
"01/23/2025","2,363.24","2,358.06","2,368.39","2,349.11","14.82M","0.02%"
"01/22/2025","2,362.75","2,335.97","2,372.99","2,335.97","20.57M","1.28%"
"01/21/2025","2,332.87","2,319.54","2,333.10","2,313.43","13.24M","0.35%"
"01/20/2025","2,324.80","2,313.77","2,333.57","2,301.94","15.69M","0.76%"
"01/17/2025","2,307.26","2,287.64","2,313.82","2,283.70","18.69M","1.26%"
"01/16/2025","2,278.58","2,298.24","2,298.39","2,272.31","19.19M","-0.30%"
"01/15/2025","2,285.51","2,244.22","2,286.16","2,234.99","14.61M","2.12%"
"01/14/2025","2,238.04","2,232.20","2,249.32","2,223.15","15.14M","0.75%"
"01/13/2025","2,221.30","2,249.24","2,249.24","2,213.97","15.08M","-1.59%"
"01/10/2025","2,257.16","2,247.64","2,266.35","2,240.98","15.57M","0.41%"
"01/09/2025","2,247.94","2,232.99","2,247.94","2,220.00","15.60M","0.83%"
"01/08/2025","2,229.48","2,250.60","2,257.84","2,216.58","20.10M","-1.25%"
"01/07/2025","2,257.67","2,259.84","2,278.51","2,251.48","20.13M","0.90%"
"01/03/2025","2,237.57","2,229.21","2,250.30","2,222.18","12.36M","0.47%"
"01/02/2025","2,227.13","2,207.38","2,230.38","2,199.58","14.42M","1.60%"
"12/30/2024","2,192.01","2,194.05","2,209.88","2,185.44","11.03M","-0.55%"
"12/27/2024","2,204.19","2,205.98","2,207.75","2,186.66","9.79M","0.09%"
"12/23/2024","2,202.17","2,217.40","2,227.77","2,201.05","16.63M","0.08%"
"12/20/2024","2,200.39","2,217.49","2,219.00","2,179.88","37.60M","-1.13%"
"12/19/2024","2,225.51","2,201.10","2,227.86","2,196.85","27.36M","-0.05%"
"12/18/2024","2,226.58","2,216.33","2,235.60","2,209.71","21.72M","0.66%"
"12/17/2024","2,211.89","2,267.39","2,269.65","2,209.54","25.59M","-2.59%"
"12/16/2024","2,270.66","2,276.48","2,282.58","2,255.45","18.98M","-0.11%"
"12/13/2024","2,273.12","2,279.16","2,288.08","2,266.93","21.21M","-0.16%"
"12/12/2024","2,276.69","2,303.42","2,303.42","2,263.43","21.73M","-0.85%"
"12/11/2024","2,296.10","2,310.31","2,310.31","2,291.95","17.95M","-0.91%"
"12/10/2024","2,317.30","2,307.77","2,321.76","2,288.34","24.53M","0.07%"
"12/09/2024","2,315.74","2,318.08","2,329.15","2,301.44","17.09M","0.25%"
"12/06/2024","2,310.00","2,315.01","2,328.67","2,304.38","15.45M","-0.03%"
"12/05/2024","2,310.78","2,276.07","2,314.91","2,269.96","17.57M","1.88%"
"12/04/2024","2,268.14","2,249.86","2,279.44","2,241.53","22.71M","1.23%"
"12/03/2024","2,240.58","2,256.81","2,260.48","2,228.93","26.23M","-0.30%"
"12/02/2024","2,247.36","2,199.22","2,249.10","2,199.22","18.00M","2.57%"
"11/29/2024","2,191.12","2,185.47","2,200.86","2,178.52","20.38M","0.18%"
"11/28/2024","2,187.08","2,196.36","2,206.69","2,179.22","12.70M","0.02%"
"11/27/2024","2,186.69","2,201.95","2,204.30","2,168.60","15.68M","-0.60%"
"11/26/2024","2,199.85","2,196.78","2,223.45","2,186.63","14.05M","-0.13%"
"11/25/2024","2,202.76","2,218.68","2,219.72","2,196.23","25.29M","0.40%"
"11/22/2024","2,194.06","2,182.92","2,197.57","2,143.82","18.25M","0.74%"
"11/21/2024","2,178.03","2,155.16","2,184.97","2,132.40","19.93M","1.56%"
"11/20/2024","2,144.68","2,142.66","2,161.14","2,127.32","14.78M","1.00%"
"11/19/2024","2,123.35","2,194.03","2,197.05","2,079.99","26.88M","-2.81%"
"11/18/2024","2,184.70","2,193.74","2,210.07","2,163.92","15.85M","-0.19%"
"11/15/2024","2,188.75","2,245.25","2,245.25","2,188.46","20.32M","-2.63%"
"11/14/2024","2,247.93","2,235.69","2,247.93","2,204.91","39.80M","0.68%"
"11/13/2024","2,232.69","2,254.16","2,257.17","2,220.82","18.25M","-1.02%"
"11/12/2024","2,255.73","2,288.99","2,295.60","2,254.22","24.13M","-1.85%"
"11/08/2024","2,298.30","2,324.60","2,324.88","2,283.17","17.44M","-0.53%"
"11/07/2024","2,310.43","2,254.64","2,315.53","2,253.77","27.17M","3.09%"
"11/06/2024","2,241.24","2,246.80","2,280.04","2,236.19","19.19M","0.21%"
"11/05/2024","2,236.48","2,257.59","2,257.59","2,217.95","14.71M","-0.73%"
"11/04/2024","2,252.86","2,218.16","2,256.45","2,218.16","15.21M","2.15%"
"10/31/2024","2,205.47","2,212.53","2,220.68","2,199.84","20.60M","-1.12%"
"10/30/2024","2,230.54","2,282.48","2,282.48","2,224.28","16.81M","-2.37%"
"10/29/2024","2,284.76","2,259.06","2,285.42","2,244.93","13.59M","1.74%"
"10/28/2024","2,245.79","2,255.75","2,265.19","2,233.30","10.19M","0.02%"
"10/25/2024","2,245.25","2,241.19","2,253.62","2,225.52","11.52M","-0.01%"
"10/24/2024","2,245.55","2,262.17","2,277.28","2,243.43","12.67M","-0.47%"
"10/23/2024","2,256.21","2,246.83","2,261.54","2,227.14","15.17M","0.26%"
"10/22/2024","2,250.38","2,281.84","2,282.88","2,246.96","19.16M","-1.24%"
"10/21/2024","2,278.75","2,301.99","2,312.92","2,272.70","11.60M","-1.07%"
"10/18/2024","2,303.33","2,295.26","2,317.82","2,294.47","9.78M","0.85%"
"10/17/2024","2,283.98","2,345.01","2,345.88","2,280.05","13.76M","-2.44%"
"10/16/2024","2,341.00","2,318.72","2,349.60","2,311.74","28.56M","0.79%"
"10/15/2024","2,322.68","2,337.89","2,339.96","2,308.65","15.25M","-0.21%"
"10/14/2024","2,327.50","2,340.60","2,341.97","2,323.50","9.97M","-0.27%"
"10/11/2024","2,333.75","2,322.22","2,340.20","2,310.68","12.17M","1.11%"
"10/10/2024","2,308.16","2,324.94","2,331.54","2,300.12","16.78M","-0.57%"
"10/09/2024","2,321.28","2,285.35","2,329.74","2,276.61","16.25M","1.60%"
"10/08/2024","2,284.75","2,277.33","2,300.73","2,257.08","17.10M","-0.30%"
"10/07/2024","2,291.51","2,306.17","2,308.54","2,269.11","14.28M","0.00%"
"10/04/2024","2,291.53","2,290.66","2,298.03","2,273.85","12.52M","0.48%"
"10/03/2024","2,280.66","2,314.07","2,314.07","2,277.73","16.18M","-1.60%"
"10/02/2024","2,317.70","2,316.05","2,340.17","2,303.11","12.49M","0.08%"
"10/01/2024","2,315.86","2,335.42","2,341.84","2,297.03","18.17M","-0.36%"
"09/30/2024","2,324.13","2,374.16","2,381.13","2,324.13","20.90M","-2.47%"
"09/27/2024","2,382.95","2,369.56","2,387.02","2,353.65","16.37M","0.70%"
"09/26/2024","2,366.47","2,369.02","2,385.80","2,355.01","30.11M","0.86%"
"09/25/2024","2,346.26","2,336.54","2,353.49","2,325.59","15.44M","0.38%"
"09/24/2024","2,337.49","2,314.89","2,351.47","2,310.16","18.41M","2.22%"
"09/23/2024","2,286.81","2,292.92","2,297.03","2,259.19","15.84M","0.30%"
"09/20/2024","2,279.98","2,333.13","2,334.35","2,269.39","57.38M","-2.01%"
"09/19/2024","2,326.80","2,326.27","2,335.49","2,310.92","32.54M","0.00%"
"09/18/2024","2,326.69","2,342.45","2,347.70","2,316.85","14.01M","-0.35%"
"09/17/2024","2,334.86","2,308.76","2,341.76","2,305.75","18.23M","1.75%"
"09/16/2024","2,294.76","2,320.15","2,320.15","2,285.79","17.83M","-1.79%"
"09/13/2024","2,336.62","2,302.97","2,342.39","2,299.98","15.21M","1.84%"
"09/12/2024","2,294.32","2,301.51","2,311.27","2,286.10","14.07M","1.41%"
"09/11/2024","2,262.33","2,306.10","2,306.10","2,259.72","18.49M","-1.96%"
"09/10/2024","2,307.54","2,332.97","2,344.16","2,300.78","11.41M","-1.00%"
"09/09/2024","2,330.89","2,331.73","2,338.79","2,319.09","11.76M","0.55%"
"09/06/2024","2,318.20","2,367.09","2,375.15","2,316.94","16.43M","-2.27%"
"09/05/2024","2,371.94","2,397.92","2,414.75","2,365.15","14.58M","-1.30%"
"09/04/2024","2,403.12","2,389.06","2,405.94","2,378.66","12.55M","-0.26%"
"09/03/2024","2,409.50","2,454.58","2,457.66","2,409.50","15.47M","-1.90%"
"09/02/2024","2,456.07","2,404.71","2,467.23","2,388.32","18.83M","1.82%"
"08/30/2024","2,412.16","2,412.24","2,419.99","2,392.84","30.65M","0.38%"
"08/29/2024","2,403.14","2,384.30","2,409.58","2,377.69","14.98M","0.81%"
"08/28/2024","2,383.94","2,391.94","2,396.28","2,367.96","13.75M","-0.51%"
"08/27/2024","2,396.22","2,401.19","2,401.63","2,367.51","11.68M","0.04%"
"08/26/2024","2,395.38","2,405.51","2,411.08","2,385.20","10.11M","-0.24%"
"08/23/2024","2,401.25","2,417.26","2,417.26","2,394.20","14.35M","0.05%"
"08/22/2024","2,400.05","2,413.93","2,419.89","2,394.92","19.70M","-0.06%"
"08/21/2024","2,401.57","2,388.30","2,405.75","2,383.46","12.26M","0.76%"
"08/20/2024","2,383.43","2,430.17","2,430.32","2,381.36","11.31M","-1.79%"
"08/19/2024","2,426.89","2,417.49","2,437.46","2,409.25","13.04M","0.24%"
"08/16/2024","2,421.06","2,385.05","2,421.06","2,383.77","17.72M","3.28%"
"08/14/2024","2,344.14","2,351.09","2,357.56","2,332.84","15.06M","0.59%"
"08/13/2024","2,330.32","2,348.33","2,353.79","2,321.26","16.40M","-0.23%"
"08/12/2024","2,335.65","2,274.83","2,336.36","2,274.83","12.61M","3.42%"
"08/09/2024","2,258.52","2,281.19","2,292.41","2,250.00","13.42M","-0.25%"
"08/08/2024","2,264.10","2,233.19","2,266.13","2,193.10","17.36M","1.24%"
"08/07/2024","2,236.35","2,242.10","2,248.13","2,222.76","16.37M","-0.06%"
"08/06/2024","2,237.76","2,291.60","2,297.67","2,215.98","23.11M","-1.26%"
"08/05/2024","2,266.27","2,261.66","2,273.65","2,219.40","28.70M","-3.12%"
"08/02/2024","2,339.16","2,349.22","2,356.41","2,327.87","16.43M","-1.49%"
"08/01/2024","2,374.62","2,426.28","2,426.28","2,373.86","11.82M","-1.94%"
"07/31/2024","2,421.49","2,409.78","2,426.29","2,401.13","18.45M","1.54%"
"07/30/2024","2,384.77","2,425.17","2,432.52","2,384.77","15.40M","-1.42%"
"07/29/2024","2,419.12","2,425.67","2,436.16","2,400.96","10.53M","0.50%"
"07/26/2024","2,407.15","2,417.66","2,428.54","2,398.97","9.16M","-0.35%"
"07/25/2024","2,415.63","2,398.70","2,416.59","2,381.59","16.79M","-0.66%"
"07/24/2024","2,431.72","2,430.50","2,455.16","2,424.18","11.83M","-0.55%"
"07/23/2024","2,445.06","2,483.57","2,483.57","2,432.85","12.14M","-1.46%"
"07/22/2024","2,481.28","2,487.73","2,497.79","2,471.19","8.87M","0.20%"
"07/19/2024","2,476.38","2,483.64","2,489.33","2,457.37","11.01M","-0.80%"
"07/18/2024","2,496.44","2,467.45","2,503.98","2,446.52","18.53M","1.70%"
"07/17/2024","2,454.63","2,489.58","2,506.29","2,426.37","19.04M","-1.26%"
"07/16/2024","2,485.93","2,561.68","2,561.68","2,485.65","18.00M","-3.27%"
"07/15/2024","2,569.86","2,565.44","2,569.86","2,549.16","10.37M","0.14%"
"07/12/2024","2,566.19","2,545.46","2,574.96","2,537.22","12.92M","0.73%"
"07/11/2024","2,547.69","2,529.45","2,549.88","2,522.59","14.20M","1.04%"
"07/10/2024","2,521.39","2,549.76","2,549.76","2,517.54","10.49M","-0.88%"
"07/09/2024","2,543.85","2,542.96","2,545.91","2,529.24","12.49M","0.18%"
"07/08/2024","2,539.40","2,524.23","2,544.57","2,517.88","10.01M","0.81%"
"07/05/2024","2,518.89","2,552.11","2,558.56","2,511.13","9.89M","-1.19%"
"07/04/2024","2,549.11","2,557.02","2,558.29","2,534.71","8.06M","0.22%"
"07/03/2024","2,543.64","2,544.94","2,566.93","2,532.30","13.73M","0.60%"
"07/02/2024","2,528.44","2,548.57","2,551.70","2,522.35","14.41M","-0.97%"
"07/01/2024","2,553.09","2,574.03","2,578.15","2,550.09","","-0.32%"
"06/28/2024","2,561.27","2,555.07","2,572.87","2,552.78","18.42M","0.53%"
"06/27/2024","2,547.78","2,546.09","2,565.79","2,537.38","18.75M","0.25%"
"06/26/2024","2,541.43","2,560.73","2,573.14","2,540.75","27.00M","-0.23%"
"06/25/2024","2,547.21","2,539.47","2,563.48","2,528.79","17.02M","0.19%"
"06/24/2024","2,542.42","2,496.55","2,549.05","2,490.46","13.97M","2.11%"
"06/21/2024","2,489.91","2,499.27","2,514.01","2,480.38","37.20M","-0.32%"
"06/20/2024","2,497.82","2,499.86","2,518.87","2,481.15","16.39M","0.24%"
"06/19/2024","2,491.74","2,465.15","2,498.88","2,455.93","13.98M","1.49%"
"06/18/2024","2,455.11","2,472.27","2,490.10","2,453.56","17.88M","-0.15%"
"06/17/2024","2,458.79","2,416.27","2,460.70","2,415.78","18.30M","1.87%"
"06/14/2024","2,413.73","2,412.13","2,413.73","2,383.98","18.12M","0.50%"
"06/13/2024","2,401.63","2,441.00","2,441.78","2,399.53","13.43M","-1.69%"
"06/12/2024","2,442.89","2,416.40","2,452.94","2,410.48","17.34M","1.66%"
"06/11/2024","2,402.91","2,436.50","2,439.66","2,401.00","13.38M","-1.06%"
"06/10/2024","2,428.58","2,420.26","2,428.59","2,401.51","11.35M","-0.01%"
"06/07/2024","2,428.84","2,468.74","2,468.74","2,419.03","14.58M","-1.37%"
"06/06/2024","2,462.49","2,463.59","2,468.21","2,437.60","12.46M","0.70%"
"06/05/2024","2,445.33","2,445.86","2,448.51","2,428.57","15.89M","0.47%"
"06/04/2024","2,433.81","2,495.34","2,495.34","2,433.81","18.91M","-2.53%"
"06/03/2024","2,496.92","2,511.05","2,523.05","2,495.69","15.14M","0.46%"
"05/31/2024","2,485.53","2,463.90","2,501.62","2,453.68","62.89M","0.87%"
"05/29/2024","2,463.98","2,503.38","2,503.75","2,460.33","26.20M","-1.68%"
"05/28/2024","2,505.97","2,537.00","2,542.56","2,495.34","20.35M","-0.95%"
"05/27/2024","2,530.08","2,534.98","2,549.04","2,525.02","20.19M","0.05%"
"05/24/2024","2,528.80","2,529.20","2,534.58","2,512.71","30.18M","-0.49%"
"05/23/2024","2,541.37","2,547.38","2,568.16","2,531.41","33.63M","-0.44%"
"05/22/2024","2,552.70","2,562.52","2,562.77","2,542.01","20.97M","-0.58%"
"05/21/2024","2,567.52","2,579.49","2,588.31","2,557.42","19.91M","-0.99%"
"05/20/2024","2,593.10","2,585.49","2,600.53","2,581.95","24.75M","0.70%"
"05/17/2024","2,574.96","2,559.34","2,576.62","2,537.37","21.08M","0.47%"
"05/16/2024","2,562.83","2,566.15","2,578.73","2,554.26","18.91M","0.29%"
"05/15/2024","2,555.32","2,552.49","2,558.22","2,534.37","25.35M","-0.07%"
"05/14/2024","2,557.21","2,552.04","2,562.66","2,526.80","34.13M","0.40%"
"05/13/2024","2,547.10","2,528.66","2,552.38","2,521.47","23.68M","0.95%"
"05/10/2024","2,523.05","2,574.83","2,577.09","2,520.75","33.26M","-1.66%"
"05/09/2024","2,565.64","2,563.65","2,573.52","2,554.78","26.37M","0.58%"
"05/08/2024","2,550.72","2,542.80","2,550.72","2,528.36","22.51M","0.54%"
"05/07/2024","2,536.99","2,548.38","2,566.37","2,530.24","32.84M","-0.41%"
"05/06/2024","2,547.53","2,493.56","2,553.52","2,479.34","27.15M","3.12%"
"05/02/2024","2,470.52","2,487.70","2,493.84","2,462.79","14.22M","-0.23%"
"04/30/2024","2,476.29","2,512.34","2,512.34","2,471.82","19.10M","-1.26%"
"04/29/2024","2,507.84","2,487.90","2,509.76","2,459.86","17.34M","1.16%"
"04/26/2024","2,479.10","2,474.36","2,487.99","2,466.00","19.63M","1.31%"
"04/25/2024","2,446.93","2,476.84","2,479.18","2,432.61","20.24M","-0.90%"
"04/24/2024","2,469.17","2,507.53","2,508.71","2,467.53","21.65M","-0.93%"
"04/23/2024","2,492.30","2,495.09","2,518.21","2,478.04","21.29M","-0.64%"
"04/22/2024","2,508.34","2,479.25","2,511.82","2,473.72","26.17M","1.80%"
"04/19/2024","2,464.04","2,440.69","2,467.07","2,436.48","27.42M","0.12%"
"04/18/2024","2,460.99","2,453.09","2,461.53","2,417.94","26.96M","1.18%"
"04/17/2024","2,432.32","2,400.66","2,445.88","2,398.15","34.56M","1.66%"
"04/16/2024","2,392.50","2,428.00","2,429.40","2,383.85","27.96M","-2.48%"
"04/15/2024","2,453.31","2,465.66","2,475.35","2,447.33","19.86M","0.29%"
"04/12/2024","2,446.16","2,491.92","2,501.93","2,444.82","20.02M","-0.90%"
"04/11/2024","2,468.31","2,491.00","2,507.54","2,468.31","29.35M","-1.28%"
"04/10/2024","2,500.26","2,489.31","2,514.69","2,478.02","39.18M","1.00%"
"04/09/2024","2,475.42","2,511.74","2,529.12","2,467.25","25.81M","-1.26%"
"04/08/2024","2,507.13","2,469.40","2,512.32","2,469.40","18.56M","1.47%"
"04/05/2024","2,470.75","2,454.59","2,470.75","2,437.36","20.95M","0.06%"
"04/04/2024","2,469.30","2,438.03","2,471.53","2,433.13","16.13M","1.46%"
"04/03/2024","2,433.78","2,439.87","2,453.64","2,417.97","17.76M","-0.04%"
"04/02/2024","2,434.77","2,440.70","2,473.58","2,425.33","23.92M","-0.05%"
"03/28/2024","2,436.05","2,392.63","2,439.21","2,392.63","18.01M","1.72%"
"03/27/2024","2,394.81","2,387.84","2,399.45","2,380.80","13.86M","0.30%"
"03/26/2024","2,387.64","2,345.98","2,396.21","2,336.06","19.48M","1.89%"
"03/25/2024","2,343.24","2,377.78","2,381.01","2,342.80","14.92M","-1.45%"
"03/22/2024","2,377.69","2,405.34","2,415.75","2,374.23","16.10M","-1.33%"
"03/21/2024","2,409.74","2,369.05","2,409.74","2,369.05","20.38M","2.92%"
"03/20/2024","2,341.35","2,342.47","2,350.76","2,314.60","15.80M","0.24%"
"03/19/2024","2,335.74","2,352.60","2,359.36","2,297.85","19.42M","-0.64%"
"03/18/2024","2,350.87","2,352.61","2,375.89","2,330.69","17.96M","0.00%"
"03/15/2024","2,350.97","2,411.50","2,422.10","2,310.02","72.84M","-2.54%"
"03/14/2024","2,412.33","2,410.55","2,426.94","2,398.55","25.02M","0.17%"
"03/13/2024","2,408.31","2,423.09","2,435.83","2,398.10","20.09M","-0.69%"
"03/12/2024","2,425.09","2,374.40","2,428.05","2,364.45","22.59M","2.31%"
"03/11/2024","2,370.39","2,348.14","2,370.39","2,340.36","13.27M","0.80%"
"03/08/2024","2,351.65","2,337.02","2,353.91","2,308.05","20.40M","0.66%"
"03/07/2024","2,336.23","2,361.05","2,361.05","2,318.18","17.00M","-1.48%"
"03/06/2024","2,371.37","2,369.06","2,382.38","2,359.61","14.49M","0.15%"
"03/05/2024","2,367.74","2,390.39","2,390.39","2,363.32","19.23M","-1.28%"
"03/04/2024","2,398.38","2,433.20","2,444.21","2,394.05","18.00M","-1.09%"
"03/01/2024","2,424.70","2,430.39","2,441.00","2,404.79","18.03M","0.27%"
"02/29/2024","2,418.10","2,413.96","2,446.47","2,412.88","55.29M","0.25%"
"02/28/2024","2,412.00","2,458.24","2,458.24","2,408.94","18.78M","-1.86%"
"02/27/2024","2,457.83","2,465.94","2,489.60","2,450.18","18.04M","-0.25%"
"02/26/2024","2,464.05","2,477.45","2,483.49","2,462.85","13.75M","-0.52%"
"02/23/2024","2,476.82","2,453.29","2,494.74","2,451.11","19.90M","1.21%"
"02/22/2024","2,447.32","2,432.30","2,455.05","2,432.30","21.72M","1.49%"
"02/21/2024","2,411.43","2,426.86","2,443.12","2,410.03","16.26M","-0.48%"
"02/20/2024","2,423.18","2,387.08","2,428.85","2,380.27","18.28M","1.48%"
"02/19/2024","2,387.94","2,365.54","2,394.80","2,365.54","9.81M","0.71%"
"02/16/2024","2,371.05","2,346.91","2,390.06","2,346.91","13.97M","1.08%"
"02/15/2024","2,345.75","2,353.78","2,362.07","2,330.00","17.73M","-0.08%"
"02/14/2024","2,347.65","2,300.62","2,347.65","2,298.55","14.41M","2.07%"
"02/13/2024","2,300.09","2,342.42","2,349.62","2,289.79","24.88M","-1.92%"
"02/12/2024","2,345.13","2,313.80","2,355.07","2,303.44","16.27M","1.55%"
"02/09/2024","2,309.39","2,317.87","2,326.25","2,304.28","10.79M","-0.41%"
"02/08/2024","2,318.89","2,348.80","2,355.29","2,312.48","11.84M","-1.21%"
"02/07/2024","2,347.31","2,336.86","2,351.35","2,329.47","12.30M","0.65%"
"02/06/2024","2,332.22","2,333.11","2,356.80","2,326.38","15.88M","0.11%"
"02/05/2024","2,329.72","2,351.28","2,378.61","2,323.58","21.18M","-0.88%"
"02/02/2024","2,350.44","2,314.21","2,366.31","2,314.21","22.40M","1.92%"
"02/01/2024","2,306.07","2,271.04","2,322.65","2,255.25","23.51M","1.15%"
"01/31/2024","2,279.86","2,235.89","2,282.25","2,233.60","18.81M","1.97%"
"01/30/2024","2,235.83","2,216.22","2,238.85","2,212.89","15.14M","1.02%"
"01/29/2024","2,213.17","2,218.50","2,224.08","2,207.42","11.34M","-0.46%"
"01/26/2024","2,223.47","2,200.87","2,226.41","2,191.67","13.77M","0.78%"
"01/25/2024","2,206.18","2,213.69","2,215.43","2,195.21","14.15M","-0.32%"
"01/24/2024","2,213.36","2,196.95","2,225.62","2,195.66","16.68M","0.78%"
"01/23/2024","2,196.27","2,210.65","2,215.66","2,175.62","14.67M","-0.40%"
"01/22/2024","2,205.03","2,212.23","2,223.04","2,195.82","16.12M","0.19%"
"01/19/2024","2,200.91","2,198.47","2,213.74","2,191.88","18.79M","0.44%"
"01/18/2024","2,191.26","2,170.27","2,194.20","2,170.27","17.99M","1.09%"
"01/17/2024","2,167.71","2,201.05","2,201.05","2,161.56","20.60M","-1.85%"
"01/16/2024","2,208.54","2,208.87","2,215.07","2,187.87","12.19M","-0.34%"
"01/15/2024","2,216.01","2,249.09","2,259.90","2,206.60","11.95M","-1.45%"
"01/12/2024","2,248.58","2,248.84","2,270.94","2,239.41","17.90M","0.11%"
"01/11/2024","2,246.21","2,279.93","2,287.65","2,242.88","19.92M","-1.08%"
"01/10/2024","2,270.82","2,286.76","2,299.77","2,264.61","15.80M","-0.76%"
"01/09/2024","2,288.20","2,290.55","2,294.56","2,267.41","15.72M","0.37%"
"01/08/2024","2,279.86","2,268.49","2,283.34","2,237.93","15.21M","0.23%"
"01/05/2024","2,274.59","2,269.54","2,281.04","2,230.94","15.96M","-0.33%"
"01/04/2024","2,282.23","2,295.14","2,295.14","2,263.57","18.61M","-0.56%"
"01/03/2024","2,295.12","2,300.34","2,305.71","2,264.17","20.77M","-0.36%"
"01/02/2024","2,303.41","2,344.10","2,350.52","2,288.30","13.92M","-1.69%"
"12/29/2023","2,342.99","2,356.84","2,367.01","2,334.30","10.92M","-0.57%"
"12/28/2023","2,356.32","2,374.38","2,380.55","2,356.32","11.54M","-0.63%"
"12/27/2023","2,371.28","2,348.85","2,378.32","2,348.85","13.65M","1.05%"
"12/22/2023","2,346.70","2,345.16","2,353.47","2,338.03","9.20M","-0.08%"
"12/21/2023","2,348.67","2,333.32","2,355.14","2,329.78","16.62M","0.09%"
"12/20/2023","2,346.52","2,358.26","2,380.40","2,341.42","15.63M","-0.34%"
"12/19/2023","2,354.57","2,334.62","2,372.30","2,329.22","18.94M","0.86%"
"12/18/2023","2,334.50","2,317.97","2,340.17","2,314.36","17.24M","0.61%"
"12/15/2023","2,320.45","2,318.20","2,365.67","2,311.98","67.70M","0.34%"
"12/14/2023","2,312.56","2,309.38","2,326.76","2,307.22","22.27M","0.62%"
"12/13/2023","2,298.31","2,289.56","2,309.76","2,284.60","18.14M","0.20%"
"12/12/2023","2,293.66","2,318.29","2,328.45","2,284.99","22.50M","-0.85%"
"12/11/2023","2,313.32","2,308.20","2,325.47","2,302.42","13.58M","0.32%"
"12/08/2023","2,306.05","2,290.85","2,316.02","2,290.85","14.58M","0.75%"
"12/07/2023","2,288.84","2,302.98","2,303.44","2,270.20","13.68M","-0.91%"
"12/06/2023","2,309.81","2,302.28","2,329.05","2,297.34","20.04M","0.48%"
"12/05/2023","2,298.78","2,274.56","2,316.04","2,273.02","18.48M","0.78%"
"12/04/2023","2,281.04","2,281.69","2,299.96","2,273.80","12.50M","-0.22%"
"12/01/2023","2,285.98","2,215.16","2,287.62","2,215.16","20.06M","3.19%"
"11/30/2023","2,215.25","2,221.96","2,234.12","2,215.25","40.65M","-0.32%"
"11/29/2023","2,222.44","2,227.16","2,234.47","2,204.57","31.06M","-0.77%"
"11/28/2023","2,239.69","2,203.89","2,242.91","2,203.89","18.90M","1.43%"
"11/27/2023","2,208.05","2,226.59","2,231.31","2,196.75","15.82M","-0.90%"
"11/24/2023","2,228.01","2,224.79","2,237.38","2,218.07","16.79M","0.11%"
"11/23/2023","2,225.60","2,243.16","2,250.00","2,223.46","11.94M","-0.69%"
"11/22/2023","2,241.16","2,237.93","2,245.89","2,226.39","15.16M","0.01%"
"11/21/2023","2,240.99","2,248.76","2,264.79","2,226.06","16.59M","-0.42%"
"11/20/2023","2,250.55","2,228.80","2,269.24","2,226.91","22.24M","1.00%"
"11/17/2023","2,228.28","2,215.30","2,230.19","2,204.70","18.26M","0.50%"
"11/16/2023","2,217.16","2,215.59","2,239.37","2,208.37","31.37M","-0.07%"
"11/15/2023","2,218.61","2,241.03","2,264.90","2,213.47","27.30M","-0.78%"
"11/14/2023","2,236.12","2,137.55","2,241.24","2,137.55","26.53M","4.85%"
"11/13/2023","2,132.70","2,147.13","2,164.92","2,130.91","18.68M","-0.39%"
"11/10/2023","2,141.09","2,165.75","2,169.03","2,135.65","14.65M","-1.37%"
"11/09/2023","2,170.91","2,153.64","2,172.27","2,130.08","19.08M","1.43%"
"11/08/2023","2,140.20","2,165.12","2,170.70","2,134.80","15.64M","-1.29%"
"11/07/2023","2,168.12","2,179.91","2,191.06","2,154.48","16.29M","-0.82%"
"11/06/2023","2,186.01","2,185.27","2,203.59","2,174.56","17.81M","0.40%"
"11/03/2023","2,177.29","2,161.79","2,187.38","2,155.56","20.13M","0.87%"
"11/02/2023","2,158.41","2,163.79","2,181.60","2,141.35","23.65M","0.40%"
"10/31/2023","2,149.73","2,129.76","2,169.08","2,124.23","24.55M","1.09%"
"10/30/2023","2,126.47","2,108.61","2,137.81","2,108.61","15.92M","1.08%"
"10/27/2023","2,103.73","2,122.38","2,131.80","2,100.90","16.33M","-0.81%"
"10/26/2023","2,120.96","2,080.37","2,124.94","2,060.12","20.71M","1.18%"
"10/25/2023","2,096.22","2,063.14","2,105.22","2,058.24","24.07M","1.78%"
"10/24/2023","2,059.53","2,028.21","2,076.43","2,028.21","24.39M","1.90%"
"10/23/2023","2,021.14","2,030.55","2,040.92","2,015.10","16.26M","-0.38%"
"10/20/2023","2,028.92","2,040.64","2,049.22","2,019.23","19.87M","-1.10%"
"10/19/2023","2,051.40","2,085.76","2,085.76","2,047.77","25.37M","-2.06%"
"10/18/2023","2,094.62","2,111.24","2,130.64","2,091.92","35.97M","-1.12%"
"10/17/2023","2,118.37","2,077.32","2,150.76","2,076.66","38.03M","1.87%"
"10/16/2023","2,079.49","2,009.97","2,099.30","2,009.97","55.46M","5.31%"
"10/13/2023","1,974.56","1,958.96","1,986.47","1,951.77","21.73M","0.69%"
"10/12/2023","1,960.94","1,980.07","1,985.30","1,956.34","31.39M","-0.80%"
"10/11/2023","1,976.83","1,962.86","1,988.44","1,956.18","31.76M","0.85%"
"10/10/2023","1,960.21","1,919.84","1,965.66","1,919.84","25.37M","2.66%"
"10/09/2023","1,909.41","1,869.05","1,919.40","1,854.01","23.14M","2.08%"
"10/06/2023","1,870.43","1,865.28","1,889.89","1,852.68","34.60M","0.31%"
"10/05/2023","1,864.65","1,884.53","1,893.30","1,864.65","19.06M","-0.78%"
"10/04/2023","1,879.35","1,857.91","1,901.68","1,843.38","22.34M","0.81%"
"10/03/2023","1,864.31","1,871.15","1,881.62","1,854.48","20.45M","-0.48%"
"10/02/2023","1,873.32","1,917.30","1,917.30","1,873.32","16.64M","-2.21%"
"09/29/2023","1,915.60","1,890.79","1,926.94","1,890.79","22.63M","1.64%"
"09/28/2023","1,884.74","1,896.64","1,903.33","1,873.38","30.62M","-0.75%"
"09/27/2023","1,898.92","1,928.01","1,932.96","1,898.92","13.08M","-1.53%"
"09/26/2023","1,928.42","1,921.59","1,936.37","1,900.40","15.37M","0.17%"
"09/25/2023","1,925.22","1,947.24","1,957.09","1,918.15","15.66M","-1.23%"
"09/22/2023","1,949.25","1,948.17","1,959.09","1,936.82","15.56M","-0.02%"
"09/21/2023","1,949.56","1,962.98","1,962.98","1,935.97","12.92M","-1.32%"
"09/20/2023","1,975.57","1,932.86","1,979.22","1,932.86","18.24M","2.32%"
"09/19/2023","1,930.86","1,951.24","1,954.49","1,924.07","16.08M","-0.67%"
"09/18/2023","1,943.94","1,974.14","1,981.45","1,941.76","13.78M","-1.58%"
"09/15/2023","1,975.05","1,973.88","1,989.19","1,971.31","42.83M","0.37%"
"09/14/2023","1,967.77","1,954.66","1,967.77","1,948.35","18.69M","0.93%"
"09/13/2023","1,949.65","1,948.28","1,956.91","1,937.35","20.19M","0.00%"
"09/12/2023","1,949.57","1,944.98","1,953.48","1,934.03","19.75M","0.40%"
"09/11/2023","1,941.79","1,951.85","1,965.45","1,935.43","13.45M","-0.11%"
"09/08/2023","1,943.99","1,934.89","1,946.46","1,924.02","13.36M","0.86%"
"09/07/2023","1,927.39","1,954.96","1,963.05","1,909.86","20.12M","-1.57%"
"09/06/2023","1,958.07","1,993.44","2,000.36","1,942.27","25.92M","-2.40%"
"09/05/2023","2,006.27","2,022.55","2,044.26","2,004.34","13.74M","-0.95%"
"09/04/2023","2,025.59","2,050.13","2,062.39","2,023.74","14.49M","-1.24%"
"09/01/2023","2,050.94","2,024.89","2,055.37","2,022.35","14.56M","1.16%"
"08/31/2023","2,027.38","2,049.89","2,054.96","2,026.67","27.83M","-1.10%"
"08/30/2023","2,049.96","2,043.03","2,055.06","2,035.91","8.29M","0.39%"
"08/29/2023","2,042.08","2,041.90","2,050.43","2,029.79","12.64M","0.14%"
"08/28/2023","2,039.32","2,010.60","2,041.73","2,001.87","11.52M","1.94%"
"08/25/2023","2,000.42","1,997.35","2,015.39","1,986.05","10.62M","-0.46%"
"08/24/2023","2,009.58","2,015.70","2,036.45","2,007.30","10.17M","-0.14%"
"08/23/2023","2,012.34","2,011.24","2,018.61","1,989.00","13.16M","0.14%"
"08/22/2023","2,009.59","2,020.25","2,031.10","2,005.48","11.82M","-0.28%"
"08/21/2023","2,015.21","2,011.29","2,024.31","2,002.05","10.66M","0.03%"
"08/18/2023","2,014.55","2,014.48","2,017.46","1,997.11","13.13M","-0.33%"
"08/17/2023","2,021.15","2,043.10","2,053.25","2,009.19","13.02M","-1.13%"
"08/16/2023","2,044.35","2,075.72","2,075.87","2,039.46","18.51M","-2.04%"
"08/14/2023","2,087.01","2,098.01","2,104.81","2,082.18","9.38M","-0.87%"
"08/11/2023","2,105.31","2,124.08","2,124.08","2,098.84","13.28M","-1.19%"
"08/10/2023","2,130.58","2,097.72","2,143.51","2,097.72","16.70M","1.63%"
"08/09/2023","2,096.43","2,099.14","2,118.52","2,089.72","17.77M","-0.80%"
"08/08/2023","2,113.37","2,148.86","2,148.86","2,106.44","15.75M","-1.80%"
"08/07/2023","2,152.17","2,167.78","2,168.37","2,145.93","9.92M","-0.81%"
"08/04/2023","2,169.73","2,152.32","2,173.40","2,152.32","10.05M","1.30%"
"08/03/2023","2,141.81","2,139.83","2,145.01","2,120.93","13.00M","-0.05%"
"08/02/2023","2,142.82","2,177.36","2,177.36","2,142.82","14.76M","-2.10%"
"08/01/2023","2,188.77","2,193.35","2,193.77","2,174.65","13.75M","-0.22%"
"07/31/2023","2,193.56","2,190.28","2,202.30","2,186.26","17.45M","0.20%"
"07/28/2023","2,189.24","2,183.55","2,193.03","2,172.64","11.51M","-0.02%"
"07/27/2023","2,189.58","2,167.03","2,195.76","2,167.03","13.93M","1.19%"
"07/26/2023","2,163.91","2,182.49","2,185.84","2,155.24","9.28M","-0.82%"
"07/25/2023","2,181.76","2,177.79","2,187.81","2,166.52","10.73M","0.37%"
"07/24/2023","2,173.80","2,153.33","2,178.67","2,153.33","12.68M","0.85%"
"07/21/2023","2,155.56","2,160.50","2,163.36","2,144.80","12.74M","-0.16%"
"07/20/2023","2,159.05","2,166.96","2,177.81","2,154.15","12.59M","-0.57%"
"07/19/2023","2,171.53","2,166.04","2,181.78","2,160.76","14.67M","0.48%"
"07/18/2023","2,161.24","2,135.81","2,161.24","2,132.19","16.06M","1.14%"
"07/17/2023","2,136.87","2,123.38","2,147.67","2,119.10","24.03M","0.46%"
"07/14/2023","2,127.08","2,112.57","2,141.53","2,106.66","11.02M","0.45%"
"07/13/2023","2,117.53","2,116.56","2,130.53","2,109.44","16.34M","0.14%"
"07/12/2023","2,114.50","2,060.37","2,114.50","2,060.37","18.71M","2.93%"
"07/11/2023","2,054.39","2,049.65","2,059.27","2,044.31","13.44M","0.64%"
"07/10/2023","2,041.39","2,032.43","2,043.00","2,020.58","10.71M","0.29%"
"07/07/2023","2,035.57","2,010.40","2,037.33","2,008.84","14.60M","1.25%"
"07/06/2023","2,010.48","2,010.25","2,023.01","1,989.66","18.20M","-0.23%"
"07/05/2023","2,015.11","2,054.22","2,054.22","2,014.98","14.39M","-2.01%"
"07/04/2023","2,056.53","2,081.01","2,081.01","2,055.01","10.71M","-1.06%"
"07/03/2023","2,078.46","2,056.70","2,080.92","2,055.21","13.65M","0.88%"
"06/30/2023","2,060.38","2,065.97","2,069.97","2,043.90","15.20M","-0.08%"
"06/29/2023","2,062.11","2,050.16","2,067.14","2,046.46","10.77M","0.83%"
"06/28/2023","2,045.15","2,048.56","2,066.79","2,029.44","12.61M","0.28%"
"06/27/2023","2,039.34","2,071.66","2,081.36","2,025.49","12.00M","-1.41%"
"06/26/2023","2,068.49","2,034.31","2,075.63","2,028.62","9.72M","1.65%"
"06/23/2023","2,035.00","2,068.39","2,073.39","2,033.22","11.97M","-1.95%"
"06/22/2023","2,075.51","2,077.32","2,086.80","2,058.12","11.10M","-0.03%"
"06/21/2023","2,076.16","2,067.24","2,086.27","2,060.53","13.53M","0.45%"
"06/20/2023","2,066.78","2,081.84","2,090.88","2,063.37","11.66M","-0.82%"
"06/19/2023","2,083.81","2,102.93","2,118.57","2,083.57","9.98M","-1.15%"
"06/16/2023","2,108.05","2,097.35","2,131.03","2,097.35","63.57M","0.51%"
"06/15/2023","2,097.34","2,070.12","2,098.15","2,056.92","23.36M","1.04%"
"06/14/2023","2,075.83","2,029.73","2,082.03","2,027.67","28.31M","2.51%"
"06/13/2023","2,024.98","2,050.61","2,059.91","2,022.49","28.70M","-0.94%"
"06/12/2023","2,044.20","2,051.30","2,069.41","2,041.18","16.24M","-0.33%"
"06/09/2023","2,050.99","2,046.14","2,062.57","2,041.14","16.23M","0.72%"
"06/07/2023","2,036.31","2,052.54","2,055.49","2,027.06","16.03M","-0.83%"
"06/06/2023","2,053.44","2,017.83","2,060.37","2,016.18","25.67M","1.65%"
"06/05/2023","2,020.07","2,019.70","2,053.48","2,010.92","15.89M","0.10%"
"06/02/2023","2,018.09","1,959.23","2,018.09","1,959.23","19.82M","3.69%"
"06/01/2023","1,946.21","1,902.02","1,949.50","1,902.02","14.94M","2.73%"
"05/31/2023","1,894.48","1,934.41","1,934.41","1,890.03","53.07M","-2.67%"
"05/30/2023","1,946.38","1,978.78","1,978.78","1,943.99","15.69M","-1.72%"
"05/29/2023","1,980.39","1,986.48","1,995.58","1,976.35","7.41M","-0.19%"
"05/26/2023","1,984.12","1,943.86","1,986.26","1,941.93","16.31M","2.21%"
"05/25/2023","1,941.16","1,961.54","1,965.93","1,936.77","17.24M","-0.89%"
"05/24/2023","1,958.63","1,998.74","1,998.74","1,956.18","16.74M","-2.27%"
"05/23/2023","2,004.06","2,002.96","2,026.29","2,000.68","13.38M","-0.03%"
"05/22/2023","2,004.72","1,990.44","2,012.35","1,983.44","16.61M","0.62%"
"05/19/2023","1,992.31","1,946.35","1,992.39","1,946.35","20.86M","2.70%"
"05/18/2023","1,939.90","1,942.87","1,954.05","1,933.12","14.15M","0.35%"
"05/17/2023","1,933.08","1,945.87","1,945.95","1,928.07","14.54M","-0.81%"
"05/16/2023","1,948.83","1,937.44","1,960.63","1,931.65","12.59M","0.42%"
"05/15/2023","1,940.63","1,949.06","1,958.76","1,932.34","16.51M","0.08%"
"05/12/2023","1,939.03","1,923.98","1,950.54","1,917.43","16.57M","1.06%"
"05/11/2023","1,918.71","1,935.51","1,944.56","1,914.17","17.61M","-0.68%"
"05/10/2023","1,931.94","1,926.84","1,954.53","1,912.32","19.72M","0.63%"
"05/09/2023","1,919.92","1,919.31","1,920.79","1,902.81","11.25M","-0.11%"
"05/08/2023","1,922.08","1,918.18","1,936.58","1,913.67","11.52M","0.51%"
"05/05/2023","1,912.37","1,890.37","1,914.65","1,885.44","12.43M","1.49%"
"05/04/2023","1,884.32","1,920.08","1,933.14","1,879.78","19.40M","-1.82%"
"05/02/2023","1,919.24","1,921.51","1,953.64","1,919.23","15.27M","-0.20%"
"04/28/2023","1,923.09","1,953.29","1,954.79","1,917.31","17.95M","-1.28%"
"04/27/2023","1,948.07","1,893.04","1,951.53","1,893.04","15.20M","3.15%"
"04/26/2023","1,888.61","1,891.30","1,902.64","1,870.09","16.64M","-0.11%"
"04/25/2023","1,890.69","1,907.98","1,911.87","1,887.85","13.67M","-1.04%"
"04/24/2023","1,910.52","1,897.12","1,918.60","1,883.77","10.31M","0.52%"
"04/21/2023","1,900.63","1,903.80","1,903.80","1,882.76","13.89M","-0.55%"
"04/20/2023","1,911.19","1,898.29","1,926.26","1,896.15","17.84M","0.75%"
"04/19/2023","1,896.87","1,893.31","1,901.65","1,871.52","13.71M","0.00%"
"04/18/2023","1,896.92","1,863.80","1,910.96","1,859.82","16.40M","1.88%"
"04/17/2023","1,861.85","1,861.54","1,869.58","1,854.76","14.47M","0.41%"
"04/14/2023","1,854.27","1,846.46","1,865.17","1,844.08","16.40M","0.73%"
"04/13/2023","1,840.77","1,814.17","1,846.34","1,808.35","22.27M","1.35%"
"04/12/2023","1,816.28","1,785.83","1,820.15","1,773.58","20.56M","1.85%"
"04/11/2023","1,783.31","1,765.72","1,789.07","1,758.63","16.69M","1.66%"
"04/06/2023","1,754.24","1,759.34","1,766.00","1,749.00","7.87M","-0.15%"
"04/05/2023","1,756.95","1,772.80","1,776.32","1,752.70","12.69M","-0.93%"
"04/04/2023","1,773.53","1,785.64","1,797.89","1,772.43","10.51M","-0.14%"
"04/03/2023","1,775.99","1,764.92","1,795.30","1,764.92","13.44M","0.99%"
"03/31/2023","1,758.56","1,768.95","1,776.97","1,754.07","18.84M","-0.27%"
"03/30/2023","1,763.29","1,715.56","1,764.19","1,715.56","26.18M","3.15%"
"03/29/2023","1,709.39","1,701.93","1,712.30","1,685.64","16.05M","0.90%"
"03/28/2023","1,694.12","1,694.46","1,712.77","1,686.26","14.05M","0.42%"
"03/27/2023","1,686.96","1,684.13","1,695.07","1,665.93","10.21M","1.00%"
"03/24/2023","1,670.18","1,700.07","1,700.07","1,661.51","16.32M","-2.09%"
"03/23/2023","1,705.91","1,706.81","1,714.42","1,680.90","12.51M","-0.08%"
"03/22/2023","1,707.29","1,721.09","1,732.74","1,704.93","16.42M","-0.69%"
"03/21/2023","1,719.16","1,694.95","1,724.01","1,694.95","23.35M","1.93%"
"03/20/2023","1,686.56","1,671.55","1,689.36","1,626.01","21.36M","0.50%"
"03/17/2023","1,678.16","1,716.42","1,730.29","1,671.67","37.08M","-1.66%"
"03/16/2023","1,706.55","1,718.65","1,727.07","1,669.53","26.68M","-0.05%"
"03/15/2023","1,707.42","1,761.10","1,766.16","1,702.20","20.76M","-2.73%"
"03/14/2023","1,755.30","1,752.13","1,769.37","1,737.77","18.61M","0.11%"
"03/13/2023","1,753.30","1,805.30","1,814.07","1,733.83","21.89M","-2.57%"
"03/10/2023","1,799.58","1,820.21","1,820.21","1,786.18","16.07M","-1.98%"
"03/09/2023","1,835.94","1,859.12","1,859.12","1,835.94","10.60M","-1.34%"
"03/08/2023","1,860.83","1,853.32","1,864.49","1,842.48","12.13M","0.40%"
"03/07/2023","1,853.40","1,870.17","1,883.31","1,853.40","12.94M","-1.08%"
"03/06/2023","1,873.63","1,849.05","1,878.93","1,849.05","13.15M","1.73%"
"03/03/2023","1,841.85","1,821.93","1,841.85","1,820.13","12.69M","1.32%"
"03/02/2023","1,817.77","1,850.34","1,850.34","1,813.37","16.03M","-2.07%"
"03/01/2023","1,856.22","1,855.26","1,868.54","1,845.77","15.26M","0.45%"
"02/28/2023","1,847.94","1,821.30","1,847.94","1,810.98","27.05M","1.49%"
"02/27/2023","1,820.79","1,810.71","1,828.27","1,806.50","8.39M","0.75%"
"02/24/2023","1,807.31","1,828.33","1,832.76","1,802.10","11.54M","-0.96%"
"02/23/2023","1,824.76","1,797.80","1,826.45","1,797.80","13.12M","1.55%"
"02/22/2023","1,796.87","1,822.56","1,823.79","1,786.67","17.93M","-1.59%"
"02/21/2023","1,825.89","1,847.82","1,847.82","1,813.26","14.63M","-1.28%"
"02/20/2023","1,849.48","1,860.87","1,863.76","1,842.43","9.56M","-0.53%"
"02/17/2023","1,859.26","1,859.27","1,867.81","1,846.46","14.93M","-0.34%"
"02/16/2023","1,865.51","1,872.93","1,883.67","1,841.85","18.65M","-0.24%"
"02/15/2023","1,870.03","1,850.59","1,871.47","1,844.73","11.20M","0.94%"
"02/14/2023","1,852.67","1,858.47","1,868.44","1,841.76","12.57M","-0.03%"
"02/13/2023","1,853.29","1,855.31","1,863.95","1,837.88","13.48M","0.28%"
"02/10/2023","1,848.04","1,891.84","1,891.84","1,838.33","19.72M","-2.54%"
"02/09/2023","1,896.24","1,892.88","1,912.32","1,889.24","12.17M","0.51%"
"02/08/2023","1,886.68","1,882.32","1,898.52","1,882.32","13.40M","0.85%"
"02/07/2023","1,870.87","1,869.42","1,877.28","1,858.79","14.14M","0.33%"
"02/06/2023","1,864.76","1,902.31","1,902.31","1,863.26","15.98M","-2.17%"
"02/03/2023","1,906.13","1,903.48","1,917.69","1,896.18","18.91M","0.12%"
"02/02/2023","1,903.79","1,886.33","1,919.26","1,882.56","26.01M","1.70%"
"02/01/2023","1,871.93","1,903.59","1,911.39","1,871.93","22.20M","-1.59%"
"01/31/2023","1,902.25","1,886.96","1,905.89","1,876.42","24.13M","0.66%"
"01/30/2023","1,889.82","1,909.48","1,909.48","1,882.38","15.59M","-1.13%"
"01/27/2023","1,911.50","1,916.61","1,925.94","1,909.33","16.29M","-0.01%"
"01/26/2023","1,911.61","1,900.83","1,920.18","1,892.13","16.71M","1.35%"
"01/25/2023","1,886.24","1,906.22","1,906.22","1,879.52","19.47M","-1.69%"
"01/24/2023","1,918.60","1,928.95","1,945.78","1,912.85","18.02M","-0.24%"
"01/23/2023","1,923.15","1,899.20","1,928.67","1,899.20","18.78M","1.63%"
"01/20/2023","1,892.32","1,895.41","1,901.03","1,879.51","21.74M","0.13%"
"01/19/2023","1,889.84","1,900.37","1,903.17","1,869.14","31.49M","-1.22%"
"01/18/2023","1,913.25","1,906.99","1,928.89","1,894.82","33.79M","0.46%"
"01/17/2023","1,904.51","1,928.12","1,932.16","1,898.34","19.45M","-1.48%"
"01/16/2023","1,933.08","1,924.89","1,944.20","1,901.50","18.39M","0.50%"
"01/13/2023","1,923.44","1,932.38","1,939.83","1,910.13","18.13M","-0.38%"
"01/12/2023","1,930.79","1,919.28","1,950.83","1,919.28","32.88M","0.84%"
"01/11/2023","1,914.74","1,936.39","1,955.44","1,912.55","25.92M","-1.20%"
"01/10/2023","1,937.98","1,904.63","1,940.96","1,890.53","25.04M","1.33%"
"01/09/2023","1,912.47","1,873.58","1,912.84","1,873.58","33.64M","3.04%"
"01/05/2023","1,856.05","1,851.86","1,887.05","1,843.35","28.21M","0.05%"
"01/04/2023","1,855.05","1,826.17","1,856.63","1,824.74","19.72M","1.66%"
"01/03/2023","1,824.82","1,794.13","1,835.15","1,791.98","22.12M","1.86%"
"01/02/2023","1,791.47","1,794.52","1,811.64","1,786.70","5.34M","-0.03%"
"12/30/2022","1,792.01","1,797.53","1,797.86","1,786.56","9.00M","-0.57%"
"12/29/2022","1,802.20","1,768.98","1,802.20","1,763.44","10.65M","1.94%"
"12/28/2022","1,767.88","1,764.30","1,776.98","1,757.71","10.00M","0.11%"
"12/27/2022","1,765.87","1,788.67","1,792.82","1,762.64","6.45M","-0.81%"
"12/23/2022","1,780.27","1,778.58","1,782.76","1,769.41","8.03M","0.01%"
"12/22/2022","1,780.07","1,786.63","1,796.05","1,774.71","10.58M","-0.34%"
"12/21/2022","1,786.10","1,761.88","1,786.56","1,754.46","15.19M","1.30%"
"12/20/2022","1,763.20","1,732.80","1,763.20","1,724.41","12.41M","1.14%"
"12/19/2022","1,743.24","1,739.90","1,754.27","1,737.50","12.35M","0.11%"
"12/16/2022","1,741.30","1,746.54","1,755.89","1,726.58","41.76M","-0.87%"
"12/15/2022","1,756.52","1,778.90","1,778.90","1,746.02","18.70M","-1.73%"
"12/14/2022","1,787.37","1,785.11","1,793.02","1,778.37","17.00M","0.15%"
"12/13/2022","1,784.67","1,758.54","1,803.60","1,742.11","22.17M","1.67%"
"12/12/2022","1,755.34","1,729.82","1,759.39","1,714.22","14.74M","1.46%"
"12/09/2022","1,730.16","1,730.18","1,735.76","1,717.00","15.02M","0.26%"
"12/08/2022","1,725.66","1,735.17","1,735.41","1,715.72","14.82M","-0.58%"
"12/07/2022","1,735.66","1,730.50","1,739.05","1,720.19","14.51M","0.12%"
"12/06/2022","1,733.59","1,741.86","1,741.86","1,722.72","15.85M","-0.74%"
"12/05/2022","1,746.54","1,738.95","1,766.04","1,738.95","14.52M","0.75%"
"12/02/2022","1,733.46","1,765.02","1,765.02","1,730.43","27.96M","-1.86%"
"12/01/2022","1,766.38","1,754.83","1,766.38","1,741.13","34.26M","1.73%"
"11/30/2022","1,736.26","1,741.22","1,756.95","1,727.88","127.49M","0.00%"
"11/29/2022","1,736.19","1,740.55","1,744.71","1,718.31","27.85M","0.43%"
"11/28/2022","1,728.74","1,748.68","1,748.84","1,728.74","19.48M","-1.54%"
"11/25/2022","1,755.69","1,752.36","1,764.57","1,736.75","15.61M","0.10%"
"11/24/2022","1,753.95","1,724.66","1,753.95","1,721.85","19.39M","2.35%"
"11/23/2022","1,713.61","1,724.50","1,737.75","1,707.01","19.22M","-0.24%"
"11/22/2022","1,717.75","1,687.07","1,729.95","1,681.78","18.18M","1.91%"
"11/21/2022","1,685.50","1,706.43","1,706.47","1,683.15","20.86M","-1.27%"
"11/18/2022","1,707.23","1,709.68","1,726.63","1,689.34","21.00M","-0.06%"
"11/17/2022","1,708.23","1,744.07","1,750.96","1,695.80","25.41M","-1.89%"
"11/16/2022","1,741.17","1,747.81","1,761.51","1,731.46","26.92M","-1.60%"
"11/15/2022","1,769.55","1,750.60","1,784.76","1,728.17","28.30M","1.47%"
"11/14/2022","1,743.89","1,697.88","1,759.79","1,697.88","39.85M","3.17%"
"11/10/2022","1,690.38","1,637.91","1,692.72","1,619.03","26.89M","2.81%"
"11/09/2022","1,644.12","1,643.42","1,658.52","1,638.45","19.88M","-0.04%"
"11/08/2022","1,644.75","1,616.98","1,644.75","1,602.48","19.91M","1.64%"
"11/07/2022","1,618.14","1,605.03","1,637.37","1,600.71","32.83M","1.05%"
"11/04/2022","1,601.27","1,569.01","1,612.09","1,569.01","28.79M","2.68%"
"11/03/2022","1,559.55","1,553.61","1,559.97","1,538.04","21.91M","-0.92%"
"11/02/2022","1,573.97","1,545.19","1,573.97","1,545.19","31.27M","2.45%"
"10/31/2022","1,536.28","1,511.96","1,536.28","1,506.41","25.37M","1.83%"
"10/28/2022","1,508.70","1,498.03","1,516.82","1,481.23","49.19M","0.13%"
"10/27/2022","1,506.74","1,489.37","1,506.74","1,474.43","32.52M","1.29%"
"10/26/2022","1,487.60","1,447.28","1,487.60","1,443.41","26.96M","3.02%"
"10/25/2022","1,444.02","1,438.79","1,450.33","1,422.44","28.56M","0.75%"
"10/24/2022","1,433.21","1,421.40","1,445.85","1,411.21","21.88M","1.53%"
"10/21/2022","1,411.62","1,421.96","1,424.90","1,397.28","19.44M","-1.04%"
"10/20/2022","1,426.52","1,399.59","1,429.16","1,385.16","34.18M","2.06%"
"10/19/2022","1,397.66","1,430.17","1,430.17","1,395.73","23.56M","-2.10%"
"10/18/2022","1,427.68","1,416.66","1,440.90","1,414.90","32.71M","0.96%"
"10/17/2022","1,414.06","1,400.06","1,418.65","1,384.60","18.74M","1.20%"
"10/14/2022","1,397.23","1,383.10","1,409.55","1,381.49","30.20M","2.85%"
"10/13/2022","1,358.50","1,378.57","1,381.48","1,337.71","34.53M","-1.36%"
"10/12/2022","1,377.19","1,389.02","1,391.14","1,369.65","30.59M","-0.34%"
"10/11/2022","1,381.84","1,377.66","1,405.98","1,360.70","22.46M","0.17%"
"10/10/2022","1,379.49","1,400.27","1,400.29","1,379.35","22.17M","-1.83%"
"10/07/2022","1,405.21","1,414.41","1,420.33","1,398.86","19.81M","-0.89%"
"10/06/2022","1,417.82","1,431.68","1,449.55","1,409.32","22.06M","-0.09%"
"10/05/2022","1,419.12","1,449.73","1,449.73","1,418.03","19.37M","-2.12%"
"10/04/2022","1,449.81","1,404.22","1,449.81","1,404.22","28.54M","4.53%"
"10/03/2022","1,386.96","1,379.80","1,388.96","1,344.02","22.66M","0.66%"
"09/30/2022","1,377.91","1,390.12","1,396.76","1,366.25","30.71M","-0.16%"
"09/29/2022","1,380.10","1,446.35","1,446.35","1,375.19","28.90M","-3.85%"
"09/28/2022","1,435.37","1,434.99","1,440.66","1,407.56","27.63M","-1.61%"
"09/27/2022","1,458.81","1,443.23","1,473.21","1,443.23","24.47M","1.80%"
"09/26/2022","1,433.08","1,446.43","1,450.70","1,410.71","33.98M","-1.69%"
"09/23/2022","1,457.78","1,518.03","1,518.03","1,453.76","20.61M","-3.98%"
"09/22/2022","1,518.19","1,498.10","1,526.89","1,485.31","16.19M","0.59%"
"09/21/2022","1,509.32","1,495.76","1,515.86","1,488.25","18.51M","0.80%"
"09/20/2022","1,497.41","1,532.86","1,546.50","1,497.41","18.77M","-1.95%"
"09/19/2022","1,527.25","1,498.57","1,528.70","1,496.79","20.05M","1.69%"
"09/16/2022","1,501.91","1,526.02","1,529.20","1,487.36","65.98M","-2.46%"
"09/15/2022","1,539.75","1,533.17","1,550.80","1,523.79","21.70M","0.75%"
"09/14/2022","1,528.29","1,511.59","1,531.76","1,507.20","20.37M","0.59%"
"09/13/2022","1,519.35","1,569.03","1,573.05","1,515.19","20.72M","-2.73%"
"09/12/2022","1,561.97","1,545.64","1,561.98","1,519.71","22.47M","1.78%"
"09/09/2022","1,534.68","1,487.50","1,534.68","1,487.50","24.75M","4.17%"
"09/08/2022","1,473.18","1,481.93","1,494.98","1,460.43","23.89M","0.26%"
"09/07/2022","1,469.42","1,445.54","1,471.34","1,431.36","26.61M","1.14%"
"09/06/2022","1,452.86","1,495.62","1,504.64","1,444.84","21.56M","-2.63%"
"09/05/2022","1,492.06","1,496.88","1,505.05","1,482.29","17.62M","-0.91%"
"09/02/2022","1,505.75","1,477.24","1,506.54","1,464.67","35.76M","2.95%"
"09/01/2022","1,462.59","1,522.52","1,522.52","1,462.59","32.44M","-4.29%"
"08/31/2022","1,528.22","1,540.93","1,548.25","1,513.50","49.11M","-0.45%"
"08/30/2022","1,535.11","1,578.24","1,583.57","1,532.85","22.57M","-2.43%"
"08/29/2022","1,573.35","1,585.54","1,585.54","1,552.60","21.69M","-1.84%"
"08/26/2022","1,602.81","1,635.66","1,637.07","1,596.06","22.81M","-1.79%"
"08/25/2022","1,632.00","1,633.09","1,650.70","1,622.55","26.24M","0.70%"
"08/24/2022","1,620.63","1,655.38","1,655.38","1,616.14","21.71M","-2.18%"
"08/23/2022","1,656.77","1,638.03","1,667.41","1,630.67","34.80M","1.02%"
"08/22/2022","1,640.02","1,669.20","1,670.29","1,630.00","18.51M","-1.99%"
"08/19/2022","1,673.40","1,685.24","1,698.82","1,668.62","22.24M","-1.55%"
"08/18/2022","1,699.68","1,683.89","1,703.78","1,672.48","17.69M","1.00%"
"08/17/2022","1,682.93","1,736.13","1,736.80","1,679.71","19.93M","-3.00%"
"08/16/2022","1,735.00","1,739.62","1,763.25","1,730.05","19.65M","0.00%"
"08/12/2022","1,735.07","1,721.18","1,737.25","1,716.38","16.55M","0.58%"
"08/11/2022","1,724.98","1,705.23","1,724.98","1,690.24","15.94M","1.82%"
"08/10/2022","1,694.11","1,683.41","1,702.17","1,661.42","19.88M","0.59%"
"08/09/2022","1,684.14","1,695.54","1,706.57","1,682.49","18.16M","-0.69%"
"08/08/2022","1,695.78","1,660.93","1,695.78","1,652.97","17.11M","2.64%"
"08/05/2022","1,652.14","1,685.30","1,696.43","1,643.02","20.53M","-1.33%"
"08/04/2022","1,674.37","1,690.68","1,697.16","1,666.85","27.14M","-0.81%"
"08/03/2022","1,688.03","1,702.13","1,702.32","1,679.92","26.68M","-1.49%"
"08/02/2022","1,713.61","1,728.07","1,728.48","1,709.85","20.93M","-1.32%"
"08/01/2022","1,736.47","1,723.75","1,736.47","1,714.65","17.73M","0.89%"
"07/29/2022","1,721.11","1,674.05","1,721.11","1,674.05","35.26M","3.24%"
"07/28/2022","1,667.17","1,661.43","1,679.66","1,652.86","43.98M","0.93%"
"07/27/2022","1,651.89","1,658.09","1,670.03","1,632.23","24.17M","-0.17%"
"07/26/2022","1,654.70","1,677.62","1,683.51","1,646.30","18.82M","-1.83%"
"07/25/2022","1,685.62","1,699.55","1,708.72","1,682.95","14.53M","-0.95%"
"07/22/2022","1,701.73","1,677.44","1,710.51","1,677.44","19.75M","1.11%"
"07/21/2022","1,683.09","1,697.09","1,702.40","1,665.34","17.54M","-0.68%"
"07/20/2022","1,694.58","1,688.47","1,701.91","1,678.74","18.26M","0.91%"
"07/19/2022","1,679.27","1,664.93","1,681.28","1,648.39","15.73M","0.59%"
"07/18/2022","1,669.48","1,632.83","1,670.33","1,632.83","17.50M","3.05%"
"07/15/2022","1,620.13","1,618.23","1,634.31","1,607.84","14.35M","0.38%"
"07/14/2022","1,613.98","1,655.76","1,660.85","1,601.32","22.61M","-2.52%"
"07/13/2022","1,655.65","1,663.76","1,678.86","1,643.36","21.09M","-0.47%"
"07/12/2022","1,663.46","1,707.70","1,707.70","1,663.05","21.79M","-2.98%"
"07/11/2022","1,714.56","1,713.21","1,725.66","1,700.85","26.76M","-1.49%"
"07/08/2022","1,740.46","1,707.55","1,742.95","1,698.13","21.82M","1.85%"
"07/07/2022","1,708.80","1,664.01","1,716.56","1,664.01","21.44M","3.26%"
"07/06/2022","1,654.84","1,649.50","1,668.17","1,629.79","27.22M","0.63%"
"07/05/2022","1,644.46","1,701.53","1,706.10","1,634.50","21.42M","-2.87%"
"07/04/2022","1,693.10","1,695.14","1,702.40","1,665.59","19.28M","0.25%"
"07/01/2022","1,688.85","1,690.71","1,717.96","1,686.98","17.93M","-0.42%"
"06/30/2022","1,695.97","1,720.32","1,720.32","1,689.04","24.27M","-2.15%"
"06/29/2022","1,733.19","1,726.38","1,738.60","1,711.84","20.21M","-0.34%"
"06/28/2022","1,739.08","1,722.58","1,744.91","1,722.58","22.32M","1.51%"
"06/27/2022","1,713.18","1,691.89","1,715.62","1,690.74","17.80M","1.83%"
"06/24/2022","1,682.33","1,659.92","1,686.33","1,654.61","14.82M","1.69%"
"06/23/2022","1,654.32","1,678.01","1,690.32","1,653.80","16.72M","-1.56%"
"06/22/2022","1,680.61","1,700.92","1,700.92","1,667.82","18.24M","-2.24%"
"06/21/2022","1,719.05","1,689.11","1,719.05","1,689.11","16.02M","2.33%"
"06/20/2022","1,679.89","1,684.09","1,695.98","1,678.23","13.56M","0.19%"
"06/17/2022","1,676.67","1,682.30","1,706.17","1,665.88","47.69M","-1.78%"
"06/15/2022","1,707.11","1,707.38","1,711.95","1,672.46","28.39M","0.18%"
"06/14/2022","1,704.07","1,692.92","1,706.50","1,680.68","22.80M","1.33%"
"06/13/2022","1,681.75","1,704.52","1,707.25","1,674.39","21.75M","-2.52%"
"06/10/2022","1,725.18","1,761.24","1,761.24","1,720.39","18.56M","-2.39%"
"06/09/2022","1,767.50","1,793.03","1,800.65","1,762.92","18.44M","-1.41%"
"06/08/2022","1,792.80","1,827.61","1,830.66","1,783.21","19.17M","-1.96%"
"06/07/2022","1,828.57","1,838.63","1,838.63","1,816.40","16.20M","-1.13%"
"06/06/2022","1,849.55","1,827.04","1,851.22","1,821.82","10.56M","1.62%"
"06/03/2022","1,819.99","1,845.65","1,851.34","1,812.39","16.46M","-0.75%"
"06/02/2022","1,833.76","1,825.19","1,840.38","1,814.50","15.32M","0.61%"
"06/01/2022","1,822.57","1,846.59","1,846.59","1,818.87","19.65M","-1.10%"
"05/31/2022","1,842.93","1,859.04","1,862.95","1,837.62","51.23M","-0.84%"
"05/30/2022","1,858.60","1,829.08","1,859.20","1,827.52","18.91M","2.65%"
"05/27/2022","1,810.68","1,827.36","1,832.19","1,800.31","24.98M","-0.89%"
"05/26/2022","1,827.01","1,798.70","1,832.27","1,790.87","23.21M","1.69%"
"05/25/2022","1,796.58","1,823.39","1,833.56","1,789.67","21.06M","-0.80%"
"05/24/2022","1,810.98","1,825.08","1,844.86","1,810.98","30.46M","-1.41%"
"05/23/2022","1,836.87","1,798.11","1,836.98","1,798.11","33.30M","3.04%"
"05/20/2022","1,782.66","1,787.07","1,806.82","1,782.66","28.11M","0.35%"
"05/19/2022","1,776.40","1,780.36","1,789.69","1,753.51","30.98M","-1.40%"
"05/18/2022","1,801.68","1,807.17","1,827.63","1,801.68","30.96M","0.06%"
"05/17/2022","1,800.55","1,777.41","1,818.05","1,769.03","33.00M","2.18%"
"05/16/2022","1,762.22","1,761.15","1,796.30","1,746.66","24.96M","-0.19%"
"05/13/2022","1,765.63","1,709.53","1,774.92","1,709.53","26.24M","4.38%"
"05/12/2022","1,691.62","1,692.71","1,713.59","1,652.30","35.36M","-1.54%"
"05/11/2022","1,718.07","1,728.70","1,744.76","1,710.15","29.86M","-0.07%"
"05/10/2022","1,719.24","1,735.81","1,748.73","1,703.90","30.85M","-0.47%"
"05/09/2022","1,727.34","1,757.77","1,759.99","1,724.48","16.71M","-2.14%"
"05/06/2022","1,765.14","1,763.62","1,765.14","1,717.48","25.82M","-0.04%"
"05/05/2022","1,765.85","1,832.60","1,849.71","1,765.85","31.28M","-2.58%"
"05/04/2022","1,812.56","1,834.06","1,836.87","1,808.20","24.91M","-0.63%"
"05/02/2022","1,824.05","1,854.26","1,854.26","1,816.50","15.50M","-1.83%"
"04/29/2022","1,858.12","1,898.54","1,915.32","1,850.37","33.61M","-1.40%"
"04/28/2022","1,884.42","1,903.66","1,916.25","1,872.10","25.55M","0.07%"
"04/27/2022","1,883.09","1,897.03","1,898.84","1,867.06","24.60M","-0.70%"
"04/26/2022","1,896.46","1,938.86","1,951.36","1,894.28","30.87M","-1.20%"
"04/25/2022","1,919.55","1,951.03","1,966.80","1,909.93","30.62M","-2.72%"
"04/22/2022","1,973.31","2,028.28","2,028.28","1,973.31","19.52M","-2.73%"
"04/21/2022","2,028.76","2,059.40","2,068.70","2,028.76","26.01M","-0.93%"
"04/20/2022","2,047.81","2,076.95","2,094.91","2,047.81","23.61M","-1.00%"
"04/19/2022","2,068.52","2,098.17","2,103.49","2,046.24","27.96M","-1.18%"
"04/14/2022","2,093.17","2,109.37","2,116.40","2,088.70","12.88M","-0.53%"
"04/13/2022","2,104.32","2,103.07","2,112.82","2,087.13","17.60M","0.49%"
"04/12/2022","2,094.01","2,115.34","2,115.34","2,091.76","24.57M","-1.30%"
"04/11/2022","2,121.65","2,081.23","2,121.65","2,066.56","21.24M","1.75%"
"04/08/2022","2,085.07","2,089.75","2,105.49","2,073.85","19.45M","0.41%"
"04/07/2022","2,076.63","2,110.89","2,116.47","2,076.63","24.83M","-1.48%"
"04/06/2022","2,107.82","2,124.38","2,127.28","2,083.93","23.04M","-0.74%"
"04/05/2022","2,123.49","2,164.28","2,170.09","2,120.76","17.81M","-1.59%"
"04/04/2022","2,157.79","2,171.43","2,181.17","2,144.42","23.13M","-0.32%"
"04/01/2022","2,164.81","2,143.61","2,168.05","2,142.22","17.12M","1.49%"
"03/31/2022","2,133.05","2,177.34","2,182.92","2,133.05","26.64M","-2.13%"
"03/30/2022","2,179.56","2,178.29","2,187.85","2,158.86","26.88M","0.37%"
"03/29/2022","2,171.56","2,134.55","2,182.97","2,107.74","34.98M","2.28%"
"03/28/2022","2,123.12","2,112.73","2,143.35","2,112.73","23.78M","0.36%"
"03/25/2022","2,115.58","2,142.22","2,147.17","2,098.97","22.95M","-1.09%"
"03/24/2022","2,138.80","2,130.03","2,154.29","2,112.60","27.07M","0.85%"
"03/23/2022","2,120.86","2,129.62","2,148.04","2,103.09","17.61M","-0.03%"
"03/22/2022","2,121.52","2,096.64","2,125.06","2,096.50","22.53M","1.36%"
"03/21/2022","2,093.04","2,098.58","2,125.13","2,082.38","20.67M","-0.30%"
"03/18/2022","2,099.26","2,122.59","2,137.12","2,088.08","77.18M","-1.22%"
"03/17/2022","2,125.29","2,070.66","2,125.29","2,070.66","40.72M","3.17%"
"03/16/2022","2,060.07","2,018.99","2,067.13","2,018.99","44.62M","3.01%"
"03/15/2022","1,999.93","1,968.78","2,018.37","1,950.63","30.43M","1.41%"
"03/14/2022","1,972.14","2,038.11","2,038.11","1,972.14","30.40M","-3.02%"
"03/11/2022","2,033.49","1,983.15","2,045.15","1,983.15","37.21M","3.21%"
"03/10/2022","1,970.27","1,983.05","1,992.24","1,950.24","36.31M","-0.15%"
"03/09/2022","1,973.25","1,937.96","1,981.13","1,933.67","43.61M","3.41%"
"03/08/2022","1,908.10","1,922.98","1,971.77","1,899.22","45.47M","-1.39%"
"03/07/2022","1,934.94","1,898.74","1,956.36","1,860.10","86.73M","0.84%"
"03/04/2022","1,918.75","2,000.16","2,000.16","1,894.88","53.30M","-4.52%"
"03/03/2022","2,009.56","2,053.82","2,068.52","2,005.47","71.58M","-1.68%"
"03/02/2022","2,043.96","1,966.40","2,043.96","1,954.93","75.62M","3.91%"
"03/01/2022","1,967.01","2,006.15","2,050.89","1,964.71","56.78M","-1.64%"
"02/28/2022","1,999.88","1,937.89","2,010.06","1,890.33","77.83M","1.48%"
"02/25/2022","1,970.78","1,850.34","1,993.78","1,850.34","51.01M","8.44%"
"02/24/2022","1,817.45","1,929.14","1,929.14","1,781.02","78.80M","-10.87%"
"02/23/2022","2,038.99","2,110.35","2,129.52","2,038.99","26.14M","-2.97%"
"02/22/2022","2,101.31","2,038.58","2,106.97","2,010.54","37.64M","1.54%"
"02/21/2022","2,069.53","2,149.19","2,162.80","2,059.49","21.36M","-3.44%"
"02/18/2022","2,143.28","2,172.08","2,188.88","2,143.28","17.81M","-1.49%"
"02/17/2022","2,175.61","2,215.90","2,218.30","2,168.46","22.77M","-1.68%"
"02/16/2022","2,212.73","2,224.29","2,246.54","2,201.69","22.24M","0.14%"
"02/15/2022","2,209.70","2,170.43","2,222.01","2,170.43","20.51M","2.22%"
"02/14/2022","2,161.79","2,154.92","2,172.61","2,119.71","27.76M","-1.88%"
"02/11/2022","2,203.13","2,203.02","2,203.52","2,172.72","17.73M","-0.46%"
"02/10/2022","2,213.21","2,235.91","2,244.73","2,201.11","17.32M","-1.02%"
"02/09/2022","2,235.93","2,220.47","2,236.48","2,216.91","24.72M","0.94%"
"02/08/2022","2,215.12","2,176.00","2,215.12","2,171.41","24.29M","2.00%"
"02/07/2022","2,171.62","2,181.87","2,201.40","2,149.25","22.24M","-0.14%"
"02/04/2022","2,174.57","2,239.14","2,242.69","2,174.57","21.82M","-2.71%"
"02/03/2022","2,235.15","2,249.40","2,250.75","2,225.26","34.10M","-0.79%"
"02/02/2022","2,252.92","2,229.44","2,262.18","2,221.30","29.15M","1.29%"
"02/01/2022","2,224.28","2,219.99","2,238.58","2,210.41","17.50M","0.66%"
"01/31/2022","2,209.62","2,198.34","2,218.58","2,191.24","30.05M","1.19%"
"01/28/2022","2,183.70","2,232.26","2,232.26","2,167.61","31.31M","-2.27%"
"01/27/2022","2,234.33","2,218.18","2,241.77","2,197.75","23.45M","0.05%"
"01/26/2022","2,233.18","2,204.53","2,245.72","2,204.53","22.17M","1.53%"
"01/25/2022","2,199.60","2,170.85","2,214.87","2,170.45","30.00M","1.35%"
"01/24/2022","2,170.36","2,270.73","2,282.96","2,153.81","36.08M","-4.55%"
"01/21/2022","2,273.81","2,298.12","2,298.12","2,257.71","26.13M","-1.52%"
"01/20/2022","2,308.94","2,321.60","2,331.17","2,299.73","26.14M","-0.35%"
"01/19/2022","2,316.94","2,304.66","2,337.74","2,291.46","49.75M","-0.02%"
"01/18/2022","2,317.36","2,361.68","2,361.68","2,317.23","18.96M","-2.03%"
"01/17/2022","2,365.29","2,378.90","2,387.33","2,359.30","21.18M","-0.75%"
"01/14/2022","2,383.16","2,402.92","2,413.59","2,370.11","25.18M","-1.02%"
"01/13/2022","2,407.62","2,406.83","2,429.03","2,397.64","36.97M","-0.14%"
"01/12/2022","2,411.11","2,350.99","2,411.11","2,350.99","46.03M","2.84%"
"01/11/2022","2,344.45","2,300.38","2,345.44","2,296.03","30.82M","2.32%"
"01/10/2022","2,291.23","2,311.34","2,328.41","2,289.59","22.61M","-0.90%"
"01/07/2022","2,311.93","2,309.61","2,314.16","2,278.63","29.72M","0.04%"
"01/05/2022","2,310.97","2,296.70","2,310.97","2,283.63","23.37M","0.45%"
"01/04/2022","2,300.68","2,293.18","2,301.76","2,281.04","22.49M","0.62%"
"01/03/2022","2,286.50","2,272.18","2,302.11","2,272.18","19.20M","0.86%"
"12/30/2021","2,266.92","2,263.39","2,266.92","2,247.73","16.10M","0.28%"
"12/29/2021","2,260.70","2,245.28","2,263.76","2,242.80","17.26M","0.37%"
"12/28/2021","2,252.43","2,222.54","2,252.43","2,219.10","23.31M","1.18%"
"12/27/2021","2,226.24","2,226.82","2,232.08","2,210.90","15.66M","0.02%"
"12/23/2021","2,225.80","2,215.19","2,228.64","2,213.67","18.95M","0.61%"
"12/22/2021","2,212.32","2,190.04","2,212.32","2,186.67","14.59M","1.23%"
"12/21/2021","2,185.47","2,193.98","2,206.73","2,185.27","18.66M","-0.20%"
"12/20/2021","2,189.91","2,168.37","2,193.18","2,144.30","23.43M","-0.21%"
"12/17/2021","2,194.56","2,206.89","2,208.54","2,183.83","62.49M","-0.87%"
"12/16/2021","2,213.89","2,177.87","2,216.95","2,177.87","30.88M","2.45%"
"12/15/2021","2,161.04","2,211.49","2,211.49","2,153.69","24.07M","-2.30%"
"12/14/2021","2,211.81","2,217.45","2,226.58","2,197.46","25.76M","-0.12%"
"12/13/2021","2,214.38","2,216.22","2,244.59","2,205.11","23.53M","0.03%"
"12/10/2021","2,213.78","2,212.19","2,226.15","2,203.22","13.69M","0.04%"
"12/09/2021","2,212.81","2,214.59","2,237.73","2,184.35","27.98M","-0.31%"
"12/08/2021","2,219.62","2,234.64","2,244.71","2,214.40","24.25M","-0.52%"
"12/07/2021","2,231.12","2,201.86","2,237.32","2,201.86","32.33M","1.85%"
"12/06/2021","2,190.67","2,184.60","2,199.87","2,175.93","20.25M","0.50%"
"12/03/2021","2,179.71","2,209.95","2,223.51","2,176.74","29.60M","-1.01%"
"12/02/2021","2,201.86","2,208.07","2,208.07","2,179.15","28.36M","-0.69%"
"12/01/2021","2,217.18","2,205.85","2,229.12","2,193.19","31.39M","1.04%"
"11/30/2021","2,194.37","2,133.69","2,199.73","2,118.81","72.23M","2.13%"
"11/29/2021","2,148.62","2,148.59","2,168.81","2,120.23","31.74M","0.26%"
"11/26/2021","2,143.13","2,193.90","2,193.90","2,138.75","39.40M","-3.87%"
"11/25/2021","2,229.44","2,244.79","2,247.36","2,218.45","18.90M","-0.46%"
"11/24/2021","2,239.75","2,268.15","2,275.74","2,230.01","20.34M","-0.95%"
"11/23/2021","2,261.15","2,245.04","2,268.99","2,223.71","24.01M","0.59%"
"11/22/2021","2,247.82","2,251.08","2,262.74","2,237.64","25.60M","-0.02%"
"11/19/2021","2,248.18","2,271.91","2,286.37","2,221.68","34.66M","-1.02%"
"11/18/2021","2,271.31","2,316.90","2,316.90","2,258.90","28.22M","-1.99%"
"11/17/2021","2,317.49","2,346.41","2,354.67","2,312.13","22.13M","-0.96%"
"11/16/2021","2,340.03","2,336.33","2,350.13","2,333.66","22.25M","0.21%"
"11/15/2021","2,335.04","2,358.49","2,384.74","2,335.04","27.79M","-0.98%"
"11/12/2021","2,358.23","2,372.28","2,390.77","2,358.23","28.82M","-0.35%"
"11/10/2021","2,366.59","2,393.48","2,407.83","2,355.75","25.13M","-1.19%"
"11/09/2021","2,395.05","2,420.42","2,423.89","2,393.20","24.50M","-1.19%"
"11/08/2021","2,423.92","2,444.16","2,449.64","2,417.29","19.32M","-0.62%"
"11/05/2021","2,439.16","2,439.09","2,443.77","2,419.57","23.57M","0.01%"
"11/04/2021","2,438.80","2,386.85","2,441.93","2,386.85","28.52M","2.47%"
"11/03/2021","2,380.11","2,411.54","2,428.52","2,370.99","23.05M","-1.14%"
"11/02/2021","2,407.53","2,411.73","2,421.09","2,388.14","30.29M","0.10%"
"10/29/2021","2,405.05","2,390.05","2,421.65","2,377.84","28.47M","0.52%"
"10/28/2021","2,392.67","2,405.47","2,411.60","2,391.93","23.66M","-0.51%"
"10/27/2021","2,404.82","2,423.22","2,423.22","2,389.35","22.42M","-0.84%"
"10/26/2021","2,425.29","2,429.41","2,442.53","2,417.03","19.90M","-0.08%"
"10/25/2021","2,427.19","2,415.52","2,430.62","2,415.52","16.54M","0.42%"
"10/22/2021","2,417.09","2,425.02","2,436.87","2,412.57","16.12M","-0.42%"
"10/21/2021","2,427.35","2,433.75","2,433.75","2,418.23","18.09M","-0.65%"
"10/20/2021","2,443.11","2,447.07","2,453.57","2,432.33","22.26M","-0.18%"
"10/19/2021","2,447.54","2,461.73","2,472.34","2,438.14","21.72M","-0.50%"
"10/18/2021","2,459.81","2,458.45","2,474.44","2,452.44","17.27M","0.24%"
"10/15/2021","2,453.98","2,459.71","2,461.17","2,438.38","29.70M","-0.22%"
"10/14/2021","2,459.50","2,455.60","2,473.32","2,447.11","35.86M","0.31%"
"10/13/2021","2,451.89","2,471.12","2,473.93","2,439.48","36.42M","-0.83%"
"10/12/2021","2,472.33","2,449.09","2,478.55","2,429.66","41.70M","0.61%"
"10/11/2021","2,457.36","2,413.12","2,457.36","2,409.01","24.02M","1.92%"
"10/08/2021","2,411.12","2,360.56","2,415.15","2,360.56","30.32M","2.19%"
"10/07/2021","2,359.54","2,353.18","2,365.41","2,334.37","23.40M","0.43%"
"10/06/2021","2,349.46","2,365.20","2,365.20","2,329.59","27.55M","-0.65%"
"10/05/2021","2,364.72","2,338.92","2,365.14","2,320.67","19.72M","1.14%"
"10/04/2021","2,338.09","2,325.08","2,360.69","2,306.16","25.60M","0.44%"
"10/01/2021","2,327.88","2,299.01","2,332.78","2,284.34","19.98M","0.76%"
"09/30/2021","2,310.29","2,299.33","2,314.35","2,294.48","31.18M","0.84%"
"09/29/2021","2,290.97","2,277.48","2,299.84","2,271.60","14.39M","0.67%"
"09/28/2021","2,275.68","2,289.15","2,298.68","2,270.88","18.88M","-0.73%"
"09/27/2021","2,292.47","2,308.17","2,314.80","2,285.15","19.10M","-0.29%"
"09/24/2021","2,299.18","2,323.41","2,326.78","2,295.88","19.27M","-0.92%"
"09/23/2021","2,320.51","2,345.99","2,353.45","2,315.20","20.17M","-0.58%"
"09/22/2021","2,334.10","2,295.39","2,335.18","2,295.39","16.13M","2.46%"
"09/21/2021","2,278.11","2,271.99","2,302.02","2,271.94","19.64M","0.25%"
"09/20/2021","2,272.52","2,316.96","2,316.96","2,259.28","29.45M","-2.59%"
"09/17/2021","2,333.01","2,356.48","2,359.97","2,326.12","41.81M","-1.03%"
"09/16/2021","2,357.28","2,351.20","2,367.65","2,347.03","24.99M","0.09%"
"09/15/2021","2,355.23","2,365.73","2,368.41","2,348.33","27.75M","-0.87%"
"09/14/2021","2,376.01","2,367.42","2,381.69","2,356.63","24.38M","-0.49%"
"09/13/2021","2,387.74","2,365.69","2,387.74","2,362.83","18.83M","1.15%"
"09/10/2021","2,360.70","2,357.98","2,377.01","2,357.98","16.23M","0.18%"
"09/09/2021","2,356.39","2,356.60","2,361.31","2,341.53","14.50M","-0.35%"
"09/08/2021","2,364.63","2,390.92","2,390.92","2,361.41","20.55M","-1.26%"
"09/07/2021","2,394.79","2,409.03","2,409.10","2,388.22","14.66M","-0.89%"
"09/06/2021","2,416.38","2,379.29","2,416.38","2,379.29","13.17M","1.49%"
"09/03/2021","2,380.82","2,392.26","2,393.71","2,370.71","14.36M","-0.46%"
"09/02/2021","2,391.94","2,375.04","2,391.94","2,363.26","18.96M","0.88%"
"09/01/2021","2,371.16","2,367.66","2,387.46","2,367.66","17.99M","0.13%"
"08/31/2021","2,368.03","2,347.73","2,379.63","2,347.73","31.00M","0.76%"
"08/30/2021","2,350.23","2,324.67","2,350.93","2,324.67","13.73M","1.14%"
"08/27/2021","2,323.77","2,310.63","2,323.77","2,295.89","11.84M","0.62%"
"08/26/2021","2,309.44","2,321.75","2,326.62","2,307.66","10.05M","-0.68%"
"08/25/2021","2,325.19","2,297.64","2,325.19","2,291.03","13.89M","1.06%"
"08/24/2021","2,300.90","2,293.79","2,300.90","2,282.35","14.31M","0.58%"
"08/23/2021","2,287.52","2,264.45","2,290.92","2,264.45","21.32M","1.42%"
"08/20/2021","2,255.56","2,263.51","2,263.51","2,247.35","14.21M","-0.20%"
"08/19/2021","2,260.02","2,270.18","2,270.95","2,240.78","19.68M","-1.09%"
"08/18/2021","2,284.97","2,300.19","2,301.58","2,275.03","13.45M","-0.66%"
"08/17/2021","2,300.04","2,282.70","2,300.04","2,279.19","15.60M","0.79%"
"08/16/2021","2,282.10","2,289.95","2,297.14","2,280.31","10.66M","-0.87%"
"08/13/2021","2,302.03","2,298.99","2,302.10","2,290.22","11.45M","0.19%"
"08/12/2021","2,297.72","2,281.08","2,297.72","2,277.19","16.57M","0.61%"
"08/11/2021","2,283.69","2,272.93","2,283.69","2,261.47","16.18M","0.28%"
"08/10/2021","2,277.23","2,275.63","2,284.79","2,268.38","12.81M","0.12%"
"08/09/2021","2,274.48","2,271.56","2,279.90","2,267.14","10.39M","0.03%"
"08/06/2021","2,273.89","2,272.53","2,276.00","2,255.61","14.71M","0.14%"
"08/05/2021","2,270.67","2,270.83","2,275.58","2,259.76","15.52M","-0.06%"
"08/04/2021","2,272.09","2,262.05","2,280.65","2,261.60","12.49M","0.64%"
"08/03/2021","2,257.73","2,261.94","2,272.82","2,249.63","15.65M","0.20%"
"08/02/2021","2,253.28","2,261.61","2,266.44","2,248.02","11.74M","-0.01%"
"07/30/2021","2,253.45","2,254.07","2,258.76","2,244.23","22.44M","-0.54%"
"07/29/2021","2,265.69","2,257.08","2,268.30","2,257.08","16.33M","0.89%"
"07/28/2021","2,245.76","2,223.20","2,249.22","2,217.76","13.82M","0.95%"
"07/27/2021","2,224.59","2,241.05","2,241.05","2,214.24","10.72M","-0.72%"
"07/26/2021","2,240.65","2,249.57","2,250.75","2,221.14","12.55M","-0.08%"
"07/23/2021","2,242.41","2,234.32","2,243.32","2,232.83","15.03M","0.56%"
"07/22/2021","2,229.86","2,247.69","2,252.95","2,226.21","10.96M","-0.54%"
"07/21/2021","2,241.97","2,215.48","2,254.33","2,215.48","17.38M","0.93%"
"07/20/2021","2,221.28","2,210.63","2,223.97","2,198.29","17.11M","0.70%"
"07/19/2021","2,205.86","2,254.48","2,254.48","2,196.01","19.85M","-2.31%"
"07/16/2021","2,258.10","2,260.80","2,272.02","2,253.48","13.64M","-0.11%"
"07/15/2021","2,260.49","2,268.01","2,281.76","2,255.35","15.89M","-0.36%"
"07/14/2021","2,268.57","2,266.88","2,280.19","2,262.99","17.34M","0.19%"
"07/13/2021","2,264.26","2,259.00","2,279.40","2,258.36","16.11M","0.39%"
"07/12/2021","2,255.48","2,253.56","2,262.35","2,244.10","17.28M","0.16%"
"07/09/2021","2,251.78","2,241.61","2,258.77","2,233.98","14.57M","0.77%"
"07/08/2021","2,234.60","2,280.62","2,280.62","2,230.62","23.27M","-2.24%"
"07/07/2021","2,285.79","2,234.52","2,292.49","2,234.52","24.21M","2.57%"
"07/06/2021","2,228.46","2,262.83","2,268.55","2,228.46","15.38M","-1.34%"
"07/05/2021","2,258.82","2,255.07","2,264.33","2,254.01","11.13M","0.29%"
"07/02/2021","2,252.18","2,258.56","2,269.40","2,249.91","15.01M","0.07%"
"07/01/2021","2,250.58","2,223.84","2,255.33","2,223.84","26.31M","1.45%"
"06/30/2021","2,218.41","2,257.62","2,264.36","2,218.41","30.17M","-1.76%"
"06/29/2021","2,258.24","2,281.71","2,283.15","2,251.62","20.80M","-1.21%"
"06/28/2021","2,285.81","2,280.67","2,293.02","2,260.40","14.43M","0.15%"
"06/25/2021","2,282.46","2,271.93","2,291.37","2,269.55","18.35M","0.41%"
"06/24/2021","2,273.11","2,237.56","2,276.77","2,233.03","21.55M","1.76%"
"06/23/2021","2,233.70","2,222.93","2,238.66","2,217.36","12.35M","0.59%"
"06/22/2021","2,220.53","2,226.22","2,234.65","2,204.52","17.20M","0.05%"
"06/21/2021","2,219.45","2,210.86","2,223.35","2,189.24","13.48M","-0.06%"
"06/18/2021","2,220.68","2,208.65","2,224.42","2,203.47","50.66M","0.41%"
"06/17/2021","2,211.58","2,215.45","2,221.62","2,204.74","23.15M","-0.62%"
"06/16/2021","2,225.27","2,232.65","2,244.07","2,225.14","24.20M","-0.23%"
"06/15/2021","2,230.37","2,262.55","2,269.21","2,230.10","22.22M","-1.01%"
"06/14/2021","2,253.20","2,229.99","2,253.20","2,228.81","12.60M","1.28%"
"06/11/2021","2,224.67","2,238.75","2,239.30","2,224.15","17.32M","-0.55%"
"06/10/2021","2,236.89","2,217.70","2,242.70","2,210.07","22.44M","0.83%"
"06/09/2021","2,218.45","2,239.73","2,245.08","2,215.18","21.21M","-0.86%"
"06/08/2021","2,237.61","2,241.03","2,247.11","2,223.20","25.08M","-0.40%"
"06/07/2021","2,246.63","2,254.62","2,273.28","2,245.49","21.17M","-0.35%"
"06/04/2021","2,254.59","2,252.84","2,261.39","2,230.69","25.16M","0.10%"
"06/02/2021","2,252.26","2,234.69","2,253.32","2,233.99","24.45M","0.85%"
"06/01/2021","2,233.37","2,234.87","2,268.18","2,226.59","23.32M","0.00%"
"05/31/2021","2,233.36","2,237.25","2,250.45","2,227.27","16.71M","-0.13%"
"05/28/2021","2,236.31","2,210.53","2,237.01","2,210.53","27.21M","1.31%"
"05/27/2021","2,207.47","2,167.52","2,208.23","2,165.53","45.27M","1.97%"
"05/26/2021","2,164.89","2,156.44","2,172.50","2,143.24","33.87M","0.52%"
"05/25/2021","2,153.78","2,144.00","2,157.82","2,131.94","28.53M","0.92%"
"05/24/2021","2,134.18","2,138.36","2,139.33","2,127.30","19.81M","-0.23%"
"05/21/2021","2,139.06","2,130.95","2,149.09","2,126.30","29.83M","0.37%"
"05/20/2021","2,131.18","2,121.01","2,134.93","2,100.73","32.57M","0.76%"
"05/19/2021","2,115.15","2,123.90","2,129.88","2,107.33","26.38M","-1.00%"
"05/18/2021","2,136.54","2,142.32","2,154.13","2,132.83","28.21M","0.38%"
"05/17/2021","2,128.49","2,102.62","2,129.99","2,102.62","22.93M","1.71%"
"05/14/2021","2,092.80","2,096.96","2,103.30","2,062.64","23.11M","0.17%"
"05/13/2021","2,089.32","2,083.41","2,095.86","2,049.81","32.20M","-0.10%"
"05/12/2021","2,091.39","2,112.89","2,123.47","2,084.77","26.48M","-0.90%"
"05/11/2021","2,110.48","2,108.43","2,116.51","2,078.10","46.96M","-0.25%"
"05/10/2021","2,115.70","2,115.79","2,142.57","2,108.34","25.94M","0.88%"
"05/07/2021","2,097.31","2,061.36","2,099.19","2,061.36","25.89M","2.47%"
"05/06/2021","2,046.67","2,053.20","2,076.80","2,040.40","26.38M","-0.03%"
"05/05/2021","2,047.36","2,015.97","2,052.17","2,014.52","21.52M","2.16%"
"05/04/2021","2,004.04","2,046.24","2,046.24","1,999.81","24.34M","-1.65%"
"04/30/2021","2,037.59","2,061.00","2,065.47","2,037.20","26.43M","-0.64%"
"04/29/2021","2,050.69","2,043.59","2,081.94","2,040.02","47.08M","1.04%"
"04/28/2021","2,029.64","2,000.40","2,033.79","2,000.18","43.35M","1.54%"
"04/27/2021","1,998.92","2,006.17","2,013.57","1,996.40","19.35M","-0.31%"
"04/26/2021","2,005.10","1,994.54","2,005.10","1,978.87","18.12M","0.93%"
"04/23/2021","1,986.63","1,990.18","1,990.80","1,961.71","25.70M","-0.16%"
"04/22/2021","1,989.73","1,986.54","2,004.64","1,986.54","19.12M","0.37%"
"04/21/2021","1,982.40","1,987.94","1,988.36","1,968.98","24.04M","-0.27%"
"04/20/2021","1,987.76","2,001.93","2,013.61","1,983.45","26.62M","-0.56%"
"04/19/2021","1,998.99","2,016.04","2,039.72","1,994.85","28.60M","-0.66%"
"04/16/2021","2,012.27","2,019.50","2,026.55","2,001.71","27.39M","-0.35%"
"04/15/2021","2,019.29","2,015.11","2,024.65","2,002.04","24.16M","0.36%"
"04/14/2021","2,011.96","1,986.19","2,011.96","1,986.19","28.77M","1.89%"
"04/13/2021","1,974.73","1,983.40","1,991.19","1,967.70","27.87M","-0.40%"
"04/12/2021","1,982.58","1,975.05","1,983.85","1,961.61","54.89M","0.38%"
"04/09/2021","1,975.11","1,981.23","1,987.55","1,964.05","40.17M","-0.26%"
"04/08/2021","1,980.32","2,004.55","2,006.99","1,971.26","25.52M","-0.92%"
"04/07/2021","1,998.73","2,012.08","2,012.08","1,990.15","24.86M","-0.70%"
"04/06/2021","2,012.87","1,965.18","2,012.87","1,965.18","32.04M","2.99%"
"04/01/2021","1,954.38","1,942.53","1,959.19","1,937.14","28.61M","0.80%"
"03/31/2021","1,938.84","1,949.00","1,954.40","1,927.77","30.61M","-0.18%"
"03/30/2021","1,942.32","1,963.34","1,969.48","1,935.90","20.45M","-0.55%"
"03/29/2021","1,953.02","1,922.29","1,955.75","1,922.29","25.52M","1.79%"
"03/26/2021","1,918.71","1,891.11","1,925.48","1,887.67","21.57M","2.23%"
"03/25/2021","1,876.85","1,901.84","1,911.57","1,868.06","31.15M","-1.22%"
"03/24/2021","1,899.95","1,910.28","1,910.73","1,888.36","29.08M","-1.23%"
"03/23/2021","1,923.55","1,933.56","1,934.37","1,905.90","22.75M","-0.29%"
"03/22/2021","1,929.12","1,921.50","1,949.37","1,921.50","36.85M","0.08%"
"03/19/2021","1,927.56","1,950.51","1,954.88","1,925.51","68.17M","-1.69%"
"03/18/2021","1,960.75","1,941.91","1,966.90","1,938.05","30.62M","1.12%"
"03/17/2021","1,939.01","1,976.47","1,976.47","1,912.98","68.19M","-2.14%"
"03/16/2021","1,981.41","2,005.15","2,012.84","1,977.17","23.58M","-0.99%"
"03/15/2021","2,001.24","2,012.38","2,029.17","1,997.76","19.98M","-0.24%"
"03/12/2021","2,006.11","1,993.99","2,012.91","1,983.11","19.55M","0.59%"
"03/11/2021","1,994.38","2,012.36","2,020.76","1,983.64","24.28M","-0.46%"
"03/10/2021","2,003.55","1,997.63","2,017.62","1,997.63","31.71M","0.47%"
"03/09/2021","1,994.18","1,966.81","2,010.33","1,962.85","36.78M","1.47%"
"03/08/2021","1,965.25","1,950.85","1,968.14","1,944.49","26.76M","1.32%"
"03/05/2021","1,939.59","1,940.32","1,952.97","1,927.59","28.37M","-0.27%"
"03/04/2021","1,944.86","1,935.36","1,951.02","1,914.50","28.79M","0.08%"
"03/03/2021","1,943.24","1,963.17","1,989.78","1,936.22","29.32M","-0.83%"
"03/02/2021","1,959.52","1,947.45","1,969.69","1,938.13","28.97M","0.51%"
"03/01/2021","1,949.57","1,925.94","1,950.47","1,917.58","29.77M","2.22%"
"02/26/2021","1,907.28","1,912.25","1,928.90","1,888.55","54.39M","-1.51%"
"02/25/2021","1,936.47","1,955.61","1,967.63","1,936.13","32.92M","-0.07%"
"02/24/2021","1,937.90","1,926.18","1,954.22","1,924.64","27.51M","0.80%"
"02/23/2021","1,922.59","1,969.01","1,976.38","1,895.02","31.47M","-1.99%"
"02/22/2021","1,961.62","1,978.70","1,978.70","1,958.36","23.61M","-1.19%"
"02/19/2021","1,985.31","1,985.99","1,998.69","1,971.80","28.90M","0.23%"
"02/18/2021","1,980.77","1,990.16","2,020.46","1,978.88","34.65M","-0.30%"
"02/17/2021","1,986.80","2,005.98","2,008.20","1,980.26","28.84M","-0.88%"
"02/16/2021","2,004.54","1,977.89","2,022.16","1,976.58","32.79M","1.50%"
"02/15/2021","1,974.82","1,946.97","1,980.77","1,946.97","16.08M","1.95%"
"02/12/2021","1,937.07","1,951.43","1,953.69","1,919.72","15.01M","-0.91%"
"02/11/2021","1,954.92","1,922.62","1,961.69","1,922.62","19.74M","1.95%"
"02/10/2021","1,917.54","1,947.63","1,954.36","1,910.15","18.76M","-1.24%"
"02/09/2021","1,941.60","1,954.67","1,958.14","1,935.49","19.00M","-0.54%"
"02/08/2021","1,952.10","1,970.16","1,975.67","1,948.48","21.30M","-0.29%"
"02/05/2021","1,957.73","1,937.72","1,971.28","1,934.96","19.16M","1.59%"
"02/04/2021","1,927.02","1,945.60","1,961.12","1,924.95","20.88M","-0.70%"
"02/03/2021","1,940.69","1,961.77","1,973.74","1,934.98","24.77M","-0.68%"
"02/02/2021","1,954.02","1,973.17","1,981.43","1,942.60","24.58M","-0.70%"
"02/01/2021","1,967.72","1,960.96","1,975.94","1,945.82","23.10M","1.01%"
"01/29/2021","1,948.01","1,965.76","1,985.52","1,938.85","37.30M","-2.00%"
"01/28/2021","1,987.83","1,913.71","1,992.75","1,885.24","37.51M","3.04%"
"01/27/2021","1,929.21","1,981.07","1,998.12","1,916.09","40.98M","-2.66%"
"01/26/2021","1,981.98","1,936.78","1,988.24","1,932.69","28.11M","1.86%"
"01/25/2021","1,945.78","1,961.37","1,966.76","1,927.45","22.89M","-0.35%"
"01/22/2021","1,952.67","1,945.01","1,965.14","1,934.61","21.14M","-0.04%"
"01/21/2021","1,953.49","1,997.58","2,007.64","1,948.97","25.60M","-1.64%"
"01/20/2021","1,986.09","1,983.49","1,998.43","1,960.82","26.55M","0.30%"
"01/19/2021","1,980.12","2,034.26","2,047.11","1,980.12","32.70M","-2.16%"
"01/18/2021","2,023.74","1,985.59","2,023.74","1,970.06","32.64M","1.92%"
"01/15/2021","1,985.68","2,026.35","2,031.08","1,969.41","31.25M","-2.27%"
"01/14/2021","2,031.71","2,023.83","2,037.57","2,019.66","25.10M","0.41%"
"01/13/2021","2,023.36","2,050.24","2,058.87","2,009.42","38.72M","-1.00%"
"01/12/2021","2,043.73","2,073.81","2,086.11","2,026.96","25.29M","-1.12%"
"01/11/2021","2,066.97","2,067.33","2,100.33","2,043.05","30.64M","-0.28%"
"01/08/2021","2,072.74","2,080.50","2,095.67","2,060.20","42.48M","-0.07%"
"01/07/2021","2,074.11","2,040.48","2,074.11","2,028.43","38.31M","3.23%"
"01/05/2021","2,009.12","2,004.64","2,031.72","1,994.13","29.86M","0.02%"
"01/04/2021","2,008.75","1,994.28","2,020.04","1,991.46","29.39M","1.25%"
"12/30/2020","1,983.98","2,019.48","2,019.48","1,982.15","24.18M","-1.59%"
"12/29/2020","2,016.01","2,015.02","2,033.03","2,002.58","19.09M","0.58%"
"12/28/2020","2,004.41","1,969.45","2,005.62","1,969.45","24.15M","2.48%"
"12/23/2020","1,955.84","1,934.03","1,958.16","1,927.07","18.89M","1.42%"
"12/22/2020","1,928.40","1,896.48","1,931.66","1,896.29","19.82M","2.10%"
"12/21/2020","1,888.80","1,929.14","1,935.22","1,851.23","39.62M","-3.26%"
"12/18/2020","1,952.54","1,981.62","1,983.94","1,947.14","61.28M","-1.18%"
"12/17/2020","1,975.76","1,997.91","2,014.44","1,949.99","43.58M","-0.48%"
"12/16/2020","1,985.26","1,963.84","1,996.40","1,963.84","34.10M","1.51%"
"12/15/2020","1,955.69","1,938.79","1,963.56","1,933.23","27.79M","0.86%"
"12/14/2020","1,939.07","1,956.48","1,961.77","1,916.03","34.17M","-0.60%"
"12/11/2020","1,950.85","1,985.51","1,992.09","1,927.53","38.52M","-1.67%"
"12/10/2020","1,984.00","1,995.63","2,008.96","1,975.26","40.47M","-0.51%"
"12/09/2020","1,994.12","1,976.65","2,023.91","1,976.65","57.96M","1.21%"
"12/08/2020","1,970.27","1,941.14","1,970.27","1,933.68","33.49M","0.60%"
"12/07/2020","1,958.53","1,949.61","1,965.92","1,926.87","32.12M","0.56%"
"12/04/2020","1,947.68","1,894.40","1,952.28","1,894.35","28.41M","3.05%"
"12/03/2020","1,890.11","1,900.94","1,903.32","1,880.22","29.80M","-0.41%"
"12/02/2020","1,897.97","1,855.33","1,899.37","1,845.44","27.34M","2.41%"
"12/01/2020","1,853.38","1,844.33","1,871.17","1,844.33","26.82M","1.28%"
"11/30/2020","1,830.04","1,845.96","1,851.37","1,817.83","70.55M","-1.22%"
"11/27/2020","1,852.69","1,846.73","1,853.78","1,834.69","20.43M","0.17%"
"11/26/2020","1,849.57","1,865.67","1,873.96","1,844.11","17.69M","-0.57%"
"11/25/2020","1,860.15","1,866.15","1,866.15","1,840.63","28.02M","0.04%"
"11/24/2020","1,859.42","1,841.11","1,861.39","1,831.12","26.74M","1.49%"
"11/23/2020","1,832.04","1,835.53","1,860.73","1,823.32","26.24M","0.61%"
"11/20/2020","1,820.85","1,788.48","1,821.30","1,780.11","24.02M","1.74%"
"11/19/2020","1,789.79","1,803.49","1,806.98","1,782.02","25.26M","-1.14%"
"11/18/2020","1,810.43","1,792.17","1,812.80","1,787.08","31.03M","0.94%"
"11/17/2020","1,793.56","1,797.57","1,801.73","1,775.91","38.78M","-0.30%"
"11/16/2020","1,799.02","1,764.10","1,799.36","1,764.10","46.54M","2.84%"
"11/13/2020","1,749.41","1,768.19","1,768.51","1,743.81","25.82M","-1.25%"
"11/12/2020","1,771.49","1,777.24","1,791.08","1,761.91","52.04M","-0.44%"
"11/10/2020","1,779.34","1,768.90","1,794.79","1,741.62","55.22M","0.77%"
"11/09/2020","1,765.71","1,707.52","1,788.27","1,697.78","59.97M","4.02%"
"11/06/2020","1,697.49","1,665.72","1,702.98","1,654.60","29.42M","1.62%"
"11/05/2020","1,670.43","1,654.61","1,678.40","1,649.07","29.24M","1.80%"
"11/04/2020","1,640.94","1,622.29","1,641.78","1,590.72","32.89M","0.28%"
"11/03/2020","1,636.28","1,564.86","1,636.90","1,564.75","42.71M","5.15%"
"11/02/2020","1,556.14","1,526.20","1,563.93","1,526.20","35.37M","2.65%"
"10/30/2020","1,515.97","1,528.78","1,535.27","1,496.76","40.06M","-1.74%"
"10/29/2020","1,542.76","1,557.47","1,567.72","1,529.15","36.97M","-0.45%"
"10/28/2020","1,549.74","1,605.43","1,610.05","1,534.87","39.35M","-4.66%"
"10/27/2020","1,625.54","1,635.42","1,653.11","1,612.59","29.28M","-0.38%"
"10/26/2020","1,631.66","1,635.49","1,645.46","1,627.61","21.45M","-0.83%"
"10/23/2020","1,645.32","1,643.34","1,661.16","1,638.76","61.47M","0.16%"
"10/22/2020","1,642.70","1,634.69","1,664.37","1,627.13","27.41M","0.08%"
"10/21/2020","1,641.42","1,656.97","1,663.23","1,634.28","21.08M","-0.90%"
"10/20/2020","1,656.34","1,647.95","1,667.16","1,638.20","23.65M","0.50%"
"10/19/2020","1,648.11","1,663.75","1,681.74","1,640.82","22.94M","-0.44%"
"10/16/2020","1,655.36","1,635.02","1,665.80","1,635.02","37.75M","1.71%"
"10/15/2020","1,627.59","1,660.64","1,660.64","1,625.10","37.93M","-2.55%"
"10/14/2020","1,670.26","1,658.04","1,691.64","1,657.90","50.00M","0.61%"
"10/13/2020","1,660.12","1,685.25","1,685.25","1,659.10","26.02M","-1.37%"
"10/12/2020","1,683.21","1,701.76","1,707.30","1,681.87","25.09M","-0.92%"
"10/09/2020","1,698.91","1,718.45","1,718.45","1,679.01","27.42M","-1.22%"
"10/08/2020","1,719.91","1,742.29","1,746.68","1,711.56","22.05M","-0.96%"
"10/07/2020","1,736.61","1,736.62","1,741.18","1,715.75","23.83M","0.07%"
"10/06/2020","1,735.45","1,739.86","1,749.28","1,733.17","26.46M","0.21%"
"10/05/2020","1,731.85","1,710.14","1,739.17","1,710.14","20.26M","2.03%"
"10/02/2020","1,697.39","1,690.04","1,704.58","1,675.20","18.30M","0.19%"
"10/01/2020","1,694.18","1,719.55","1,723.85","1,687.54","22.31M","-1.08%"
"09/30/2020","1,712.73","1,713.01","1,719.15","1,700.49","25.68M","-0.32%"
"09/29/2020","1,718.21","1,737.48","1,737.48","1,718.21","21.35M","-1.16%"
"09/28/2020","1,738.44","1,686.57","1,738.44","1,686.57","37.98M","3.84%"
"09/25/2020","1,674.14","1,666.65","1,678.51","1,658.33","44.11M","0.49%"
"09/24/2020","1,665.96","1,677.73","1,679.59","1,657.57","24.21M","-1.15%"
"09/23/2020","1,685.40","1,701.26","1,712.27","1,684.92","26.00M","-0.45%"
"09/22/2020","1,693.09","1,689.60","1,704.40","1,682.55","31.72M","0.64%"
"09/21/2020","1,682.26","1,724.89","1,753.50","1,682.26","51.95M","-2.86%"
"09/18/2020","1,731.76","1,745.91","1,751.25","1,729.30","48.98M","-0.80%"
"09/17/2020","1,745.73","1,736.81","1,745.87","1,714.95","31.09M","0.44%"
"09/16/2020","1,738.10","1,746.94","1,750.73","1,731.28","27.37M","-0.33%"
"09/15/2020","1,743.93","1,760.55","1,764.38","1,737.55","32.47M","-0.84%"
"09/14/2020","1,758.65","1,783.55","1,787.90","1,757.93","20.62M","-0.80%"
"09/11/2020","1,772.89","1,767.42","1,777.91","1,764.66","15.96M","0.45%"
"09/10/2020","1,764.86","1,776.48","1,783.39","1,751.06","17.67M","-0.48%"
"09/09/2020","1,773.37","1,735.58","1,775.98","1,735.58","22.51M","2.28%"
"09/08/2020","1,733.88","1,778.86","1,781.04","1,720.07","33.90M","-2.20%"
"09/07/2020","1,772.85","1,765.37","1,780.44","1,761.96","16.04M","0.84%"
"09/04/2020","1,758.11","1,754.65","1,773.65","1,743.89","19.74M","-0.63%"
"09/03/2020","1,769.19","1,787.62","1,805.22","1,764.04","26.37M","-0.91%"
"09/02/2020","1,785.44","1,777.15","1,796.80","1,777.15","32.16M","0.72%"
"09/01/2020","1,772.61","1,803.77","1,807.77","1,768.12","30.29M","-1.53%"
"08/31/2020","1,800.21","1,832.66","1,839.06","1,793.96","33.68M","-1.62%"
"08/28/2020","1,829.79","1,842.36","1,850.46","1,826.96","13.67M","-0.90%"
"08/27/2020","1,846.50","1,846.42","1,854.84","1,833.90","13.56M","-0.10%"
"08/26/2020","1,848.35","1,817.91","1,848.77","1,815.16","14.17M","1.49%"
"08/25/2020","1,821.29","1,847.98","1,858.14","1,820.34","14.76M","-1.10%"
"08/24/2020","1,841.46","1,830.14","1,843.75","1,827.39","13.22M","1.15%"
"08/21/2020","1,820.60","1,824.52","1,831.28","1,813.79","13.13M","0.31%"
"08/20/2020","1,815.03","1,829.52","1,829.52","1,811.88","12.59M","-0.99%"
"08/19/2020","1,833.22","1,838.62","1,847.84","1,831.01","14.30M","-0.39%"
"08/18/2020","1,840.33","1,859.11","1,859.11","1,837.20","19.94M","-1.17%"
"08/17/2020","1,862.12","1,856.46","1,865.94","1,844.30","12.79M","0.30%"
"08/14/2020","1,856.56","1,857.47","1,857.47","1,840.77","10.71M","-0.10%"
"08/13/2020","1,858.35","1,856.65","1,881.46","1,854.78","14.61M","0.13%"
"08/12/2020","1,855.86","1,848.54","1,856.84","1,839.14","17.23M","0.44%"
"08/11/2020","1,847.73","1,830.21","1,857.95","1,822.13","23.94M","1.35%"
"08/10/2020","1,823.15","1,822.48","1,832.65","1,812.95","16.62M","0.33%"
"08/07/2020","1,817.23","1,818.62","1,824.29","1,809.07","21.92M","-0.08%"
"08/06/2020","1,818.64","1,834.67","1,841.68","1,810.63","19.95M","-0.79%"
"08/05/2020","1,833.20","1,819.96","1,844.20","1,819.96","24.20M","1.20%"
"08/04/2020","1,811.46","1,813.70","1,831.17","1,804.30","20.23M","0.39%"
"08/03/2020","1,804.38","1,769.31","1,815.50","1,768.56","20.03M","2.08%"
"07/31/2020","1,767.54","1,767.31","1,793.13","1,765.42","36.03M","0.25%"
"07/30/2020","1,763.22","1,827.17","1,827.17","1,762.74","38.55M","-3.36%"
"07/29/2020","1,824.53","1,819.40","1,828.24","1,804.21","26.31M","0.06%"
"07/28/2020","1,823.52","1,831.03","1,841.46","1,806.06","33.30M","-0.40%"
"07/27/2020","1,830.87","1,811.40","1,833.80","1,805.84","29.47M","1.13%"
"07/24/2020","1,810.33","1,809.50","1,810.65","1,790.53","20.02M","-0.54%"
"07/23/2020","1,820.25","1,837.64","1,842.84","1,817.78","22.44M","-0.57%"
"07/22/2020","1,830.61","1,844.74","1,847.00","1,830.61","28.04M","-0.80%"
"07/21/2020","1,845.34","1,852.56","1,884.22","1,840.87","63.35M","0.26%"
"07/20/2020","1,840.60","1,795.09","1,840.60","1,789.04","43.20M","2.48%"
"07/17/2020","1,796.04","1,800.70","1,800.70","1,785.44","28.25M","-0.17%"
"07/16/2020","1,799.08","1,791.04","1,799.18","1,780.17","24.07M","0.24%"
"07/15/2020","1,794.78","1,783.18","1,798.58","1,779.98","31.62M","1.30%"
"07/14/2020","1,771.70","1,797.85","1,798.40","1,763.64","37.54M","-1.66%"
"07/13/2020","1,801.64","1,806.55","1,814.47","1,799.91","22.25M","0.24%"
"07/10/2020","1,797.27","1,781.84","1,797.27","1,772.50","19.02M","0.31%"
"07/09/2020","1,791.68","1,791.68","1,802.31","1,789.08","23.15M","0.19%"
"07/08/2020","1,788.22","1,797.88","1,797.88","1,780.87","18.72M","-0.71%"
"07/07/2020","1,800.93","1,816.46","1,816.46","1,794.61","21.87M","-0.97%"
"07/06/2020","1,818.55","1,820.81","1,833.77","1,808.34","21.28M","0.98%"
"07/03/2020","1,800.96","1,811.07","1,812.22","1,796.23","15.91M","-0.17%"
"07/02/2020","1,804.01","1,778.45","1,809.74","1,778.45","36.33M","1.78%"
"07/01/2020","1,772.38","1,760.72","1,774.79","1,739.93","30.48M","0.77%"
"06/30/2020","1,758.82","1,770.24","1,777.07","1,754.41","33.78M","-0.60%"
"06/29/2020","1,769.47","1,758.46","1,771.21","1,750.91","32.08M","0.57%"
"06/26/2020","1,759.43","1,799.33","1,800.49","1,759.37","27.87M","-1.89%"
"06/25/2020","1,793.36","1,781.84","1,798.80","1,759.21","33.80M","0.51%"
"06/24/2020","1,784.23","1,830.39","1,836.89","1,784.23","38.48M","-2.29%"
"06/23/2020","1,825.99","1,807.10","1,847.33","1,806.21","44.38M","1.61%"
"06/22/2020","1,797.05","1,805.25","1,807.19","1,786.99","43.85M","-0.60%"
"06/19/2020","1,807.85","1,791.68","1,809.23","1,791.68","91.77M","0.67%"
"06/18/2020","1,795.86","1,787.90","1,804.13","1,780.45","75.87M","0.45%"
"06/17/2020","1,787.81","1,807.91","1,812.65","1,780.94","50.20M","-0.57%"
"06/16/2020","1,798.00","1,765.17","1,811.70","1,765.17","66.68M","3.25%"
"06/15/2020","1,741.47","1,767.35","1,767.35","1,735.27","89.29M","-2.65%"
"06/12/2020","1,788.83","1,792.35","1,812.33","1,754.16","89.47M","-2.84%"
"06/10/2020","1,841.18","1,840.10","1,846.29","1,817.06","99.91M","0.30%"
"06/09/2020","1,835.59","1,848.11","1,856.66","1,811.96","63.66M","-0.31%"
"06/08/2020","1,841.25","1,842.22","1,852.69","1,813.02","47.83M","-0.07%"
"06/05/2020","1,842.47","1,794.38","1,847.95","1,794.38","59.25M","3.13%"
"06/04/2020","1,786.58","1,765.60","1,786.58","1,755.73","48.70M","1.12%"
"06/03/2020","1,766.85","1,741.91","1,780.86","1,741.36","61.76M","1.76%"
"06/02/2020","1,736.36","1,735.86","1,739.48","1,722.50","48.47M","0.16%"
"06/01/2020","1,733.52","1,733.13","1,749.58","1,722.77","36.71M","0.63%"
"05/29/2020","1,722.65","1,718.19","1,722.65","1,699.32","76.82M","0.24%"
"05/28/2020","1,718.45","1,722.43","1,757.78","1,694.60","59.31M","0.64%"
"05/27/2020","1,707.59","1,713.73","1,763.02","1,705.09","59.90M","-0.12%"
"05/26/2020","1,709.71","1,657.26","1,712.64","1,657.26","58.20M","3.95%"
"05/25/2020","1,644.74","1,639.26","1,650.39","1,634.34","12.11M","0.88%"
"05/22/2020","1,630.44","1,632.27","1,635.98","1,617.76","19.97M","-0.45%"
"05/21/2020","1,637.84","1,651.03","1,653.92","1,636.24","22.16M","-0.90%"
"05/20/2020","1,652.64","1,640.26","1,662.20","1,634.44","24.02M","0.76%"
"05/19/2020","1,640.18","1,651.08","1,658.34","1,629.29","24.49M","0.07%"
"05/18/2020","1,639.08","1,585.92","1,639.08","1,585.92","29.45M","4.23%"
"05/15/2020","1,572.55","1,585.51","1,597.04","1,568.38","18.37M","-0.42%"
"05/14/2020","1,579.16","1,605.68","1,605.68","1,559.52","26.39M","-2.18%"
"05/13/2020","1,614.32","1,615.90","1,634.77","1,607.00","24.39M","-0.50%"
"05/12/2020","1,622.51","1,589.69","1,624.52","1,584.01","29.57M","2.22%"
"05/11/2020","1,587.31","1,614.21","1,619.36","1,581.50","17.94M","-1.19%"
"05/08/2020","1,606.50","1,600.54","1,614.18","1,599.51","15.38M","1.21%"
"05/07/2020","1,587.35","1,572.16","1,602.76","1,559.06","21.76M","1.24%"
"05/06/2020","1,567.98","1,604.60","1,606.44","1,565.07","34.61M","-1.93%"
"05/05/2020","1,598.84","1,609.04","1,616.34","1,591.58","22.42M","-0.11%"
"05/04/2020","1,600.65","1,630.24","1,630.24","1,597.70","23.79M","-2.91%"
"04/30/2020","1,648.68","1,661.23","1,682.13","1,636.35","46.69M","-0.16%"
"04/29/2020","1,651.33","1,601.65","1,656.40","1,600.78","35.81M","3.58%"
"04/28/2020","1,594.25","1,590.34","1,622.80","1,579.94","37.31M","0.14%"
"04/27/2020","1,591.97","1,614.29","1,624.69","1,580.48","34.03M","-0.62%"
"04/24/2020","1,601.91","1,617.91","1,627.49","1,601.91","26.30M","-1.49%"
"04/23/2020","1,626.10","1,609.41","1,626.82","1,589.64","30.89M","1.31%"
"04/22/2020","1,605.12","1,574.07","1,609.82","1,554.34","32.63M","2.01%"
"04/21/2020","1,573.44","1,631.40","1,631.40","1,572.05","33.52M","-4.06%"
"04/20/2020","1,640.06","1,629.69","1,643.87","1,604.98","28.32M","0.89%"
"04/17/2020","1,625.59","1,618.42","1,633.53","1,612.01","41.66M","1.73%"
"04/16/2020","1,597.90","1,610.81","1,617.55","1,589.83","43.49M","-0.52%"
"04/15/2020","1,606.21","1,669.23","1,673.58","1,602.31","50.59M","-3.38%"
"04/14/2020","1,662.40","1,631.50","1,664.53","1,625.89","46.44M","2.89%"
"04/09/2020","1,615.72","1,596.79","1,619.77","1,579.72","50.39M","2.31%"
"04/08/2020","1,579.18","1,602.33","1,619.63","1,567.84","55.93M","-1.52%"
"04/07/2020","1,603.50","1,602.14","1,655.29","1,602.14","64.70M","1.42%"
"04/06/2020","1,581.05","1,534.81","1,585.04","1,534.81","45.61M","4.95%"
"04/03/2020","1,506.48","1,492.10","1,509.07","1,474.44","49.71M","1.00%"
"04/02/2020","1,491.55","1,490.41","1,501.33","1,464.86","48.12M","0.62%"
"04/01/2020","1,482.42","1,495.43","1,500.43","1,473.64","36.50M","-2.01%"
"03/31/2020","1,512.84","1,486.89","1,523.49","1,484.33","59.77M","2.38%"
"03/30/2020","1,477.65","1,482.10","1,484.62","1,443.16","28.43M","0.12%"
"03/27/2020","1,475.90","1,494.31","1,499.62","1,465.48","33.22M","-1.08%"
"03/26/2020","1,492.01","1,431.53","1,492.87","1,410.91","36.79M","3.48%"
"03/25/2020","1,441.83","1,487.75","1,505.79","1,413.22","47.38M","-0.63%"
"03/24/2020","1,451.02","1,449.34","1,473.02","1,424.14","37.40M","3.24%"
"03/23/2020","1,405.45","1,461.22","1,463.93","1,400.71","43.98M","-5.57%"
"03/20/2020","1,488.42","1,502.14","1,547.74","1,476.65","109.52M","1.29%"
"03/19/2020","1,469.43","1,406.71","1,469.43","1,386.83","51.61M","4.86%"
"03/18/2020","1,401.29","1,425.27","1,465.58","1,376.75","78.27M","-1.96%"
"03/17/2020","1,429.28","1,370.79","1,446.74","1,355.07","81.57M","6.54%"
"03/16/2020","1,341.54","1,342.40","1,356.01","1,248.77","64.57M","-1.79%"
"03/13/2020","1,365.97","1,334.37","1,442.72","1,315.96","74.14M","4.61%"
"03/12/2020","1,305.73","1,450.71","1,450.71","1,305.73","57.19M","-13.28%"
"03/11/2020","1,505.64","1,607.30","1,616.03","1,495.87","44.94M","-5.87%"
"03/10/2020","1,599.48","1,643.34","1,657.09","1,594.07","39.33M","-1.63%"
"03/09/2020","1,625.99","1,685.28","1,697.38","1,609.08","40.49M","-7.87%"
"03/06/2020","1,764.81","1,808.36","1,808.36","1,749.70","34.44M","-3.18%"
"03/05/2020","1,822.85","1,879.11","1,893.88","1,822.76","25.50M","-2.05%"
"03/04/2020","1,860.95","1,882.71","1,894.23","1,857.90","28.14M","-1.52%"
"03/03/2020","1,889.67","1,827.36","1,906.87","1,827.36","39.06M","4.53%"
"03/02/2020","1,807.70","1,807.25","1,840.57","1,765.43","40.21M","2.19%"
"02/28/2020","1,768.91","1,817.79","1,817.79","1,735.37","70.09M","-4.41%"
"02/27/2020","1,850.61","1,926.15","1,927.44","1,833.92","33.43M","-4.29%"
"02/26/2020","1,933.51","1,942.66","1,957.64","1,906.06","33.55M","-0.63%"
"02/25/2020","1,945.71","2,000.65","2,007.34","1,945.71","32.36M","-2.76%"
"02/24/2020","2,000.90","2,070.66","2,070.66","1,997.84","25.03M","-4.20%"
"02/21/2020","2,088.53","2,095.80","2,106.18","2,084.55","16.53M","-0.54%"
"02/20/2020","2,099.88","2,115.39","2,116.08","2,098.12","20.48M","-0.72%"
"02/19/2020","2,115.18","2,116.32","2,122.67","2,097.07","21.47M","0.08%"
"02/18/2020","2,113.49","2,112.15","2,118.48","2,103.76","13.88M","-0.36%"
"02/17/2020","2,121.14","2,125.14","2,131.60","2,117.45","14.22M","0.28%"
"02/14/2020","2,115.29","2,126.64","2,131.28","2,111.22","20.89M","-0.23%"
"02/13/2020","2,120.07","2,125.22","2,125.22","2,096.14","19.11M","-0.29%"
"02/12/2020","2,126.31","2,120.01","2,132.78","2,115.92","21.38M","0.90%"
"02/11/2020","2,107.40","2,099.20","2,114.89","2,094.39","21.36M","0.69%"
"02/10/2020","2,092.89","2,108.67","2,112.78","2,087.72","16.13M","-0.82%"
"02/07/2020","2,110.20","2,107.43","2,110.20","2,092.36","18.96M","-0.07%"
"02/06/2020","2,111.76","2,128.24","2,138.87","2,105.59","23.41M","-0.53%"
"02/05/2020","2,122.91","2,106.64","2,133.91","2,102.45","21.93M","0.77%"
"02/04/2020","2,106.63","2,082.19","2,115.25","2,081.81","32.25M","1.63%"
"02/03/2020","2,072.88","2,062.33","2,077.58","2,050.91","25.39M","0.34%"
"01/31/2020","2,065.90","2,085.41","2,087.93","2,052.68","38.29M","-0.68%"
"01/30/2020","2,079.98","2,078.74","2,093.68","2,064.09","23.19M","-0.87%"
"01/29/2020","2,098.18","2,099.30","2,114.31","2,090.41","25.64M","0.01%"
"01/28/2020","2,098.04","2,089.16","2,105.76","2,083.54","17.44M","0.68%"
"01/27/2020","2,083.79","2,141.68","2,141.68","2,083.69","20.98M","-3.27%"
"01/24/2020","2,154.28","2,150.57","2,166.31","2,150.57","17.63M","0.27%"
"01/23/2020","2,148.41","2,144.56","2,159.55","2,141.62","22.56M","0.09%"
"01/22/2020","2,146.56","2,168.44","2,172.76","2,144.68","27.44M","-0.53%"
"01/21/2020","2,158.04","2,174.93","2,174.93","2,152.62","18.93M","-0.92%"
"01/20/2020","2,178.06","2,178.31","2,183.84","2,173.92","15.63M","0.10%"
"01/17/2020","2,175.95","2,172.14","2,181.62","2,147.94","19.78M","0.10%"
"01/16/2020","2,173.74","2,170.39","2,179.43","2,163.83","20.76M","0.40%"
"01/15/2020","2,165.08","2,180.55","2,183.85","2,158.36","22.75M","-0.82%"
"01/14/2020","2,182.96","2,194.88","2,194.88","2,174.44","29.39M","-0.52%"
"01/13/2020","2,194.42","2,170.86","2,194.42","2,167.33","22.07M","1.22%"
"01/10/2020","2,167.91","2,161.60","2,167.91","2,150.83","16.50M","0.48%"
"01/09/2020","2,157.61","2,132.02","2,157.61","2,132.02","19.89M","1.97%"
"01/08/2020","2,115.99","2,140.29","2,140.29","2,114.24","20.74M","-1.35%"
"01/07/2020","2,145.01","2,171.72","2,176.80","2,143.11","19.56M","-1.33%"
"01/03/2020","2,173.97","2,192.31","2,192.31","2,159.03","20.63M","-1.19%"
"01/02/2020","2,200.10","2,161.55","2,200.57","2,161.42","21.37M","2.33%"
"12/30/2019","2,150.09","2,151.48","2,160.23","2,147.58","11.04M","-0.08%"
"12/27/2019","2,151.74","2,145.77","2,167.47","2,145.77","12.08M","0.43%"
"12/23/2019","2,142.54","2,128.71","2,142.91","2,124.87","15.09M","0.68%"
"12/20/2019","2,128.04","2,131.61","2,138.37","2,123.99","57.32M","-0.27%"
"12/19/2019","2,133.72","2,132.53","2,134.36","2,123.81","21.90M","0.09%"
"12/18/2019","2,131.85","2,137.70","2,137.70","2,112.21","30.29M","-0.02%"
"12/17/2019","2,132.25","2,115.87","2,139.47","2,114.19","32.73M","0.91%"
"12/16/2019","2,112.93","2,107.39","2,120.23","2,104.16","22.02M","0.30%"
"12/13/2019","2,106.51","2,112.27","2,123.34","2,103.58","27.12M","0.21%"
"12/12/2019","2,102.19","2,056.35","2,102.19","2,055.54","28.65M","2.68%"
"12/11/2019","2,047.34","2,056.17","2,064.50","2,034.48","23.87M","-0.33%"
"12/10/2019","2,054.11","2,066.43","2,070.22","2,040.78","18.79M","-0.60%"
"12/09/2019","2,066.55","2,073.42","2,073.42","2,051.04","17.67M","-0.32%"
"12/06/2019","2,073.11","2,087.82","2,088.62","2,055.68","42.64M","-0.91%"
"12/05/2019","2,092.12","2,088.00","2,103.69","2,078.98","22.12M","0.49%"
"12/04/2019","2,081.89","2,093.25","2,113.13","2,078.10","24.26M","-0.38%"
"12/03/2019","2,089.92","2,122.97","2,123.47","2,088.77","21.51M","-1.53%"
"12/02/2019","2,122.30","2,163.48","2,168.85","2,121.16","25.65M","-1.70%"
"11/29/2019","2,158.94","2,164.72","2,170.47","2,154.94","14.55M","-0.47%"
"11/28/2019","2,169.09","2,178.33","2,178.33","2,159.90","12.15M","-0.56%"
"11/27/2019","2,181.33","2,192.17","2,196.50","2,175.07","17.17M","-0.42%"
"11/26/2019","2,190.58","2,199.69","2,199.69","2,177.73","60.98M","-0.32%"
"11/25/2019","2,197.54","2,191.79","2,204.09","2,191.79","16.69M","0.43%"
"11/22/2019","2,188.24","2,179.44","2,198.56","2,176.33","18.02M","0.40%"
"11/21/2019","2,179.53","2,192.19","2,192.19","2,164.04","20.45M","-0.69%"
"11/20/2019","2,194.58","2,204.41","2,204.41","2,175.68","20.56M","-0.57%"
"11/19/2019","2,207.25","2,230.15","2,232.47","2,201.64","21.48M","-1.02%"
"11/18/2019","2,229.92","2,239.37","2,244.64","2,220.25","18.06M","-0.18%"
"11/15/2019","2,233.87","2,225.99","2,238.11","2,225.77","13.70M","0.35%"
"11/14/2019","2,226.15","2,235.67","2,245.84","2,223.56","22.56M","-0.42%"
"11/13/2019","2,235.52","2,250.07","2,250.31","2,228.03","33.58M","-0.59%"
"11/12/2019","2,248.81","2,259.75","2,266.23","2,245.40","26.64M","-0.29%"
"11/08/2019","2,255.46","2,269.51","2,269.51","2,252.85","31.73M","-0.74%"
"11/07/2019","2,272.17","2,260.78","2,277.18","2,260.78","26.65M","0.75%"
"11/06/2019","2,255.34","2,267.95","2,269.98","2,255.34","17.54M","-0.75%"
"11/05/2019","2,272.45","2,263.60","2,279.64","2,257.69","23.39M","0.37%"
"11/04/2019","2,264.06","2,208.61","2,264.06","2,208.61","30.02M","3.19%"
"10/31/2019","2,194.10","2,235.68","2,236.95","2,188.99","26.16M","-1.49%"
"10/30/2019","2,227.38","2,227.02","2,230.72","2,219.18","17.68M","-0.02%"
"10/29/2019","2,227.93","2,210.54","2,228.28","2,203.17","26.63M","0.73%"
"10/28/2019","2,211.80","2,175.30","2,215.02","2,175.30","17.16M","1.68%"
"10/25/2019","2,175.27","2,206.68","2,206.68","2,172.44","19.87M","-1.50%"
"10/24/2019","2,208.36","2,206.18","2,216.33","2,195.82","19.41M","-0.01%"
"10/23/2019","2,208.54","2,206.89","2,209.58","2,198.75","13.81M","-0.16%"
"10/22/2019","2,212.15","2,184.00","2,212.19","2,177.25","19.25M","1.32%"
"10/21/2019","2,183.25","2,164.82","2,184.64","2,160.39","16.19M","0.85%"
"10/18/2019","2,164.75","2,167.19","2,168.49","2,149.61","18.87M","-0.41%"
"10/17/2019","2,173.75","2,160.43","2,181.94","2,154.17","17.71M","0.82%"
"10/16/2019","2,156.06","2,153.26","2,167.10","2,151.57","22.41M","0.06%"
"10/15/2019","2,154.80","2,156.95","2,161.73","2,146.79","21.48M","0.29%"
"10/14/2019","2,148.53","2,162.23","2,163.42","2,143.33","15.54M","-0.53%"
"10/11/2019","2,159.91","2,126.11","2,160.85","2,125.66","16.43M","1.74%"
"10/10/2019","2,122.99","2,134.52","2,136.96","2,113.87","18.22M","-0.53%"
"10/09/2019","2,134.37","2,136.45","2,142.51","2,126.60","15.84M","0.12%"
"10/08/2019","2,131.83","2,121.85","2,135.75","2,113.93","19.64M","0.47%"
"10/07/2019","2,121.87","2,126.90","2,126.90","2,110.11","13.98M","0.03%"
"10/04/2019","2,121.16","2,101.64","2,124.78","2,101.64","17.50M","1.04%"
"10/03/2019","2,099.30","2,091.15","2,129.53","2,076.45","24.70M","0.05%"
"10/02/2019","2,098.28","2,148.62","2,148.62","2,098.28","18.84M","-2.52%"
"10/01/2019","2,152.50","2,175.98","2,175.98","2,148.55","18.58M","-0.96%"
"09/30/2019","2,173.29","2,188.31","2,188.77","2,162.20","16.43M","-0.60%"
"09/27/2019","2,186.31","2,175.46","2,190.53","2,170.54","12.47M","0.64%"
"09/26/2019","2,172.47","2,161.97","2,177.07","2,159.78","19.18M","0.59%"
"09/25/2019","2,159.68","2,170.22","2,170.22","2,144.63","20.19M","-0.72%"
"09/24/2019","2,175.24","2,153.62","2,183.13","2,150.85","17.41M","1.30%"
"09/23/2019","2,147.32","2,167.32","2,171.39","2,139.34","22.07M","-1.12%"
"09/20/2019","2,171.75","2,190.00","2,198.29","2,164.13","47.92M","-0.91%"
"09/19/2019","2,191.61","2,200.07","2,200.07","2,184.93","17.06M","-0.61%"
"09/18/2019","2,205.02","2,192.83","2,206.80","2,186.03","25.06M","0.56%"
"09/17/2019","2,192.71","2,212.71","2,214.48","2,184.90","27.70M","-1.13%"
"09/16/2019","2,217.84","2,198.63","2,217.84","2,188.30","25.33M","0.77%"
"09/13/2019","2,200.95","2,188.73","2,210.70","2,187.43","16.09M","0.54%"
"09/12/2019","2,189.07","2,191.97","2,205.99","2,174.51","21.93M","-0.01%"
"09/11/2019","2,189.21","2,186.08","2,202.44","2,179.00","23.65M","0.06%"
"09/10/2019","2,187.80","2,173.79","2,189.02","2,168.72","27.35M","0.62%"
"09/09/2019","2,174.41","2,124.96","2,174.41","2,124.96","24.03M","2.44%"
"09/06/2019","2,122.60","2,111.05","2,129.97","2,108.64","17.30M","0.75%"
"09/05/2019","2,106.89","2,111.47","2,122.76","2,088.88","24.07M","0.20%"
"09/04/2019","2,102.73","2,122.06","2,136.41","2,102.36","29.90M","-0.21%"
"09/03/2019","2,107.16","2,140.74","2,140.74","2,097.66","18.87M","-1.74%"
"09/02/2019","2,144.48","2,138.35","2,147.13","2,131.32","10.92M","0.43%"
"08/30/2019","2,135.25","2,072.65","2,136.79","2,069.86","26.05M","3.19%"
"08/29/2019","2,069.33","2,050.87","2,075.40","2,047.94","18.07M","0.87%"
"08/28/2019","2,051.44","2,098.88","2,107.28","2,044.86","21.93M","-2.10%"
"08/27/2019","2,095.45","2,101.19","2,107.00","2,076.51","47.79M","-0.14%"
"08/26/2019","2,098.41","2,092.33","2,109.42","2,077.82","14.03M","-0.25%"
"08/23/2019","2,103.68","2,115.16","2,128.10","2,081.07","16.63M","-0.21%"
"08/22/2019","2,108.05","2,108.88","2,126.87","2,097.00","22.40M","0.10%"
"08/21/2019","2,105.88","2,108.37","2,129.57","2,103.87","16.86M","-0.20%"
"08/20/2019","2,110.11","2,104.97","2,116.59","2,087.21","23.04M","0.37%"
"08/19/2019","2,102.23","2,078.80","2,110.19","2,078.80","19.01M","1.85%"
"08/16/2019","2,064.12","2,085.34","2,096.94","2,055.70","27.57M","-0.69%"
"08/14/2019","2,078.39","2,134.28","2,134.48","2,078.39","25.52M","-2.89%"
"08/13/2019","2,140.19","2,095.17","2,153.16","2,085.61","26.86M","1.44%"
"08/12/2019","2,109.73","2,134.55","2,140.84","2,104.12","16.35M","-0.84%"
"08/09/2019","2,127.61","2,165.34","2,165.83","2,119.89","26.95M","-1.45%"
"08/08/2019","2,158.88","2,153.17","2,169.27","2,152.26","22.72M","0.97%"
"08/07/2019","2,138.23","2,163.21","2,173.56","2,124.85","28.87M","-0.83%"
"08/06/2019","2,156.23","2,169.08","2,182.20","2,155.33","28.12M","-0.37%"
"08/05/2019","2,164.14","2,211.89","2,211.89","2,164.06","25.32M","-2.36%"
"08/02/2019","2,216.51","2,232.92","2,233.03","2,216.51","19.93M","-1.08%"
"08/01/2019","2,240.78","2,273.24","2,280.80","2,236.98","27.03M","-1.61%"
"07/31/2019","2,277.37","2,264.64","2,285.25","2,263.61","29.66M","0.59%"
"07/30/2019","2,263.92","2,273.72","2,282.30","2,263.92","23.16M","-0.96%"
"07/29/2019","2,285.93","2,307.08","2,309.53","2,282.08","15.79M","-0.86%"
"07/26/2019","2,305.79","2,311.51","2,314.19","2,299.39","18.09M","-0.20%"
"07/25/2019","2,310.31","2,341.04","2,344.39","2,308.32","20.97M","-1.07%"
"07/24/2019","2,335.41","2,336.68","2,338.95","2,327.66","22.51M","-0.02%"
"07/23/2019","2,335.86","2,345.76","2,348.43","2,332.50","20.20M","-0.28%"
"07/22/2019","2,342.51","2,345.61","2,350.82","2,335.30","18.65M","-0.06%"
"07/19/2019","2,344.03","2,325.16","2,348.86","2,325.16","28.62M","0.97%"
"07/18/2019","2,321.41","2,300.65","2,324.71","2,291.66","28.50M","0.64%"
"07/17/2019","2,306.67","2,317.45","2,320.49","2,301.63","33.03M","-0.64%"
"07/16/2019","2,321.52","2,326.49","2,330.50","2,317.18","30.05M","-0.12%"
"07/15/2019","2,324.21","2,318.56","2,334.10","2,316.89","20.05M","0.38%"
"07/12/2019","2,315.36","2,323.61","2,325.05","2,314.42","21.94M","-0.07%"
"07/11/2019","2,316.95","2,322.18","2,338.33","2,308.20","23.03M","0.18%"
"07/10/2019","2,312.77","2,312.32","2,340.95","2,305.66","33.90M","0.01%"
"07/09/2019","2,312.63","2,325.90","2,327.02","2,303.20","24.57M","-1.13%"
"07/08/2019","2,339.07","2,337.67","2,349.35","2,326.33","22.64M","-0.13%"
"07/05/2019","2,342.01","2,359.39","2,359.39","2,334.27","22.83M","-0.61%"
"07/04/2019","2,356.49","2,350.47","2,357.89","2,338.90","13.91M","0.47%"
"07/03/2019","2,345.56","2,338.73","2,349.15","2,330.53","19.65M","0.19%"
"07/02/2019","2,341.09","2,334.60","2,341.09","2,310.49","22.88M","0.49%"
"07/01/2019","2,329.74","2,338.98","2,363.21","2,326.49","21.20M","0.09%"
"06/28/2019","2,327.67","2,332.63","2,335.26","2,323.55","19.37M","-0.32%"
"06/27/2019","2,335.13","2,315.73","2,347.62","2,315.73","37.40M","0.78%"
"06/26/2019","2,317.17","2,308.98","2,318.68","2,300.51","37.54M","0.60%"
"06/25/2019","2,303.31","2,328.99","2,328.99","2,296.97","29.02M","-1.19%"
"06/24/2019","2,331.08","2,315.79","2,332.80","2,311.55","19.03M","0.99%"
"06/21/2019","2,308.32","2,324.16","2,343.66","2,302.71","61.72M","-0.49%"
"06/19/2019","2,319.71","2,326.56","2,327.46","2,316.84","22.04M","-0.23%"
"06/18/2019","2,325.16","2,277.52","2,325.16","2,272.26","36.18M","2.13%"
"06/17/2019","2,276.60","2,286.57","2,290.79","2,269.87","20.06M","-0.43%"
"06/14/2019","2,286.46","2,299.03","2,299.09","2,283.94","20.51M","-0.60%"
"06/13/2019","2,300.20","2,282.72","2,310.66","2,277.12","26.11M","0.76%"
"06/12/2019","2,282.80","2,290.75","2,292.41","2,263.68","29.30M","-0.56%"
"06/11/2019","2,295.60","2,283.90","2,300.92","2,275.67","29.04M","0.57%"
"06/10/2019","2,282.51","2,290.40","2,296.33","2,271.09","18.08M","0.08%"
"06/07/2019","2,280.60","2,260.52","2,287.39","2,260.52","23.64M","0.87%"
"06/06/2019","2,260.94","2,224.20","2,272.07","2,222.81","43.22M","1.69%"
"06/05/2019","2,223.27","2,237.23","2,242.22","2,219.94","27.02M","-0.47%"
"06/04/2019","2,233.75","2,237.74","2,242.52","2,222.32","18.73M","-0.18%"
"06/03/2019","2,237.71","2,239.12","2,248.09","2,227.89","15.76M","-0.07%"
"05/31/2019","2,239.31","2,208.43","2,239.31","2,194.96","23.22M","0.80%"
"05/30/2019","2,221.56","2,190.88","2,228.81","2,190.88","30.83M","1.56%"
"05/29/2019","2,187.45","2,179.87","2,187.54","2,162.40","32.75M","-0.25%"
"05/28/2019","2,192.87","2,191.17","2,215.33","2,184.70","44.70M","0.15%"
"05/27/2019","2,189.66","2,191.26","2,199.30","2,177.84","9.08M","0.07%"
"05/24/2019","2,188.20","2,178.44","2,193.70","2,175.03","18.08M","0.70%"
"05/23/2019","2,173.09","2,212.60","2,212.60","2,172.96","23.24M","-1.86%"
"05/22/2019","2,214.36","2,193.78","2,225.30","2,181.14","20.97M","1.07%"
"05/21/2019","2,190.93","2,178.92","2,191.28","2,173.74","22.50M","0.71%"
"05/20/2019","2,175.51","2,186.97","2,189.10","2,159.78","19.88M","-0.40%"
"05/17/2019","2,184.35","2,187.18","2,187.18","2,165.97","19.18M","-0.19%"
"05/16/2019","2,188.43","2,174.10","2,193.89","2,162.46","21.95M","0.89%"
"05/15/2019","2,169.18","2,176.30","2,181.49","2,152.99","29.23M","0.24%"
"05/14/2019","2,163.94","2,184.39","2,192.53","2,162.40","25.23M","-0.42%"
"05/13/2019","2,172.97","2,194.70","2,199.90","2,153.70","19.99M","-0.86%"
"05/10/2019","2,191.91","2,191.75","2,210.31","2,184.33","22.67M","0.57%"
"05/09/2019","2,179.40","2,218.05","2,227.52","2,177.76","21.73M","-1.91%"
"05/08/2019","2,221.82","2,236.63","2,250.19","2,217.31","22.68M","-0.54%"
"05/07/2019","2,233.80","2,292.05","2,293.95","2,233.57","25.06M","-2.46%"
"05/06/2019","2,290.13","2,301.78","2,303.70","2,278.96","16.35M","-1.25%"
"05/02/2019","2,319.08","2,337.12","2,337.12","2,317.50","15.30M","-0.65%"
"04/30/2019","2,334.21","2,357.54","2,360.26","2,323.73","22.86M","-1.43%"
"04/29/2019","2,368.08","2,377.34","2,378.36","2,354.99","14.69M","-0.18%"
"04/26/2019","2,372.25","2,354.41","2,372.25","2,352.05","13.49M","0.57%"
"04/25/2019","2,358.76","2,372.75","2,372.75","2,347.21","16.94M","-0.57%"
"04/24/2019","2,372.33","2,371.11","2,377.73","2,357.21","21.56M","0.07%"
"04/23/2019","2,370.63","2,367.82","2,374.48","2,361.02","10.84M","0.22%"
"04/18/2019","2,365.36","2,375.24","2,375.24","2,352.73","20.18M","-0.54%"
"04/17/2019","2,378.31","2,374.70","2,396.84","2,371.30","35.38M","0.26%"
"04/16/2019","2,372.18","2,361.43","2,372.18","2,357.56","21.52M","0.59%"
"04/15/2019","2,358.19","2,364.12","2,372.85","2,351.38","15.28M","-0.36%"
"04/12/2019","2,366.71","2,381.56","2,385.27","2,364.83","14.63M","-0.35%"
"04/11/2019","2,374.97","2,393.53","2,396.50","2,371.04","16.26M","-0.70%"
"04/10/2019","2,391.80","2,368.97","2,391.80","2,366.48","22.59M","1.01%"
"04/09/2019","2,367.84","2,364.84","2,377.22","2,357.72","19.74M","0.35%"
"04/08/2019","2,359.52","2,356.50","2,362.51","2,349.48","14.39M","0.36%"
"04/05/2019","2,351.08","2,388.47","2,408.44","2,351.08","23.74M","-1.57%"
"04/04/2019","2,388.59","2,404.61","2,413.50","2,386.49","20.82M","-0.79%"
"04/03/2019","2,407.63","2,381.44","2,408.37","2,381.44","20.78M","1.54%"
"04/02/2019","2,371.14","2,342.08","2,382.89","2,342.08","16.65M","1.30%"
"04/01/2019","2,340.74","2,325.38","2,347.72","2,325.38","14.67M","1.24%"
"03/29/2019","2,312.09","2,318.66","2,330.52","2,304.77","26.23M","-0.07%"
"03/28/2019","2,313.77","2,315.21","2,325.26","2,310.92","11.71M","-0.06%"
"03/27/2019","2,315.17","2,326.64","2,331.21","2,312.75","16.89M","-0.42%"
"03/26/2019","2,324.91","2,314.00","2,325.05","2,312.43","12.80M","0.52%"
"03/25/2019","2,312.79","2,314.98","2,320.57","2,304.66","13.41M","-0.27%"
"03/22/2019","2,319.10","2,358.11","2,361.06","2,319.10","15.74M","-1.69%"
"03/21/2019","2,359.02","2,352.81","2,359.36","2,344.94","17.89M","0.31%"
"03/20/2019","2,351.83","2,353.10","2,357.16","2,344.13","15.97M","-0.03%"
"03/19/2019","2,352.42","2,346.73","2,365.96","2,346.73","18.35M","0.28%"
"03/18/2019","2,345.84","2,351.02","2,358.84","2,342.69","17.18M","-0.02%"
"03/15/2019","2,346.25","2,323.39","2,360.92","2,317.73","70.61M","1.16%"
"03/14/2019","2,319.28","2,319.32","2,323.52","2,310.25","17.67M","0.19%"
"03/13/2019","2,314.79","2,306.15","2,316.63","2,301.22","27.01M","0.20%"
"03/12/2019","2,310.10","2,312.75","2,319.74","2,298.80","18.23M","0.43%"
"03/11/2019","2,300.22","2,303.15","2,313.54","2,297.59","17.66M","0.05%"
"03/08/2019","2,298.97","2,305.19","2,305.19","2,286.94","14.50M","-0.41%"
"03/07/2019","2,308.48","2,326.78","2,335.46","2,305.25","16.18M","-0.80%"
"03/06/2019","2,327.16","2,325.09","2,329.40","2,317.00","20.22M","0.25%"
"03/05/2019","2,321.32","2,325.80","2,338.74","2,318.81","15.91M","-0.29%"
"03/04/2019","2,328.05","2,341.55","2,349.08","2,321.71","26.00M","-0.22%"
"03/01/2019","2,333.11","2,339.97","2,349.46","2,330.85","20.11M","0.04%"
"02/28/2019","2,332.23","2,336.82","2,346.44","2,332.23","26.91M","-0.07%"
"02/27/2019","2,333.81","2,364.42","2,368.09","2,331.93","15.76M","-1.36%"
"02/26/2019","2,365.93","2,370.55","2,370.55","2,355.92","18.13M","-0.24%"
"02/25/2019","2,371.69","2,358.78","2,376.05","2,348.42","17.55M","0.68%"
"02/22/2019","2,355.77","2,338.21","2,372.82","2,338.21","23.73M","0.68%"
"02/21/2019","2,339.85","2,366.60","2,375.39","2,330.01","24.78M","-1.26%"
"02/20/2019","2,369.70","2,327.23","2,369.70","2,327.23","20.21M","2.04%"
"02/19/2019","2,322.41","2,324.68","2,337.54","2,313.83","15.93M","-0.14%"
"02/18/2019","2,325.67","2,340.20","2,345.50","2,319.46","15.05M","-0.54%"
"02/15/2019","2,338.20","2,316.99","2,346.99","2,314.00","16.24M","0.79%"
"02/14/2019","2,319.92","2,346.67","2,352.35","2,316.81","29.71M","-1.13%"
"02/13/2019","2,346.39","2,374.44","2,380.53","2,334.87","17.34M","-1.04%"
"02/12/2019","2,370.99","2,362.03","2,377.01","2,356.36","16.07M","0.71%"
"02/11/2019","2,354.28","2,359.10","2,378.19","2,354.28","16.27M","0.01%"
"02/08/2019","2,354.11","2,365.88","2,368.32","2,354.11","17.53M","-0.73%"
"02/07/2019","2,371.33","2,407.95","2,407.95","2,367.18","14.48M","-1.78%"
"02/06/2019","2,414.41","2,409.89","2,420.40","2,403.68","18.80M","0.21%"
"02/05/2019","2,409.32","2,393.43","2,411.99","2,383.96","17.45M","0.79%"
"02/04/2019","2,390.46","2,392.16","2,410.90","2,380.23","18.12M","-0.12%"
"02/01/2019","2,393.43","2,380.44","2,393.43","2,373.14","13.85M","0.56%"
"01/31/2019","2,380.11","2,367.75","2,389.76","2,364.08","28.05M","0.95%"
"01/30/2019","2,357.79","2,374.69","2,378.83","2,348.33","22.58M","-0.65%"
"01/29/2019","2,373.30","2,370.79","2,388.59","2,357.21","22.35M","0.11%"
"01/28/2019","2,370.62","2,399.77","2,400.76","2,354.80","27.05M","-1.17%"
"01/25/2019","2,398.74","2,413.12","2,418.41","2,390.85","30.21M","-0.32%"
"01/24/2019","2,406.38","2,410.22","2,420.94","2,388.59","26.49M","-0.03%"
"01/23/2019","2,407.09","2,360.17","2,415.67","2,353.25","30.60M","2.03%"
"01/22/2019","2,359.23","2,349.91","2,369.68","2,344.35","19.79M","0.04%"
"01/21/2019","2,358.30","2,379.21","2,379.21","2,349.47","10.40M","-0.82%"
"01/18/2019","2,377.87","2,366.69","2,380.73","2,357.34","25.83M","0.80%"
"01/17/2019","2,358.97","2,358.94","2,372.09","2,351.72","21.90M","-0.22%"
"01/16/2019","2,364.17","2,349.89","2,364.17","2,340.33","21.25M","0.84%"
"01/15/2019","2,344.56","2,336.51","2,350.86","2,323.57","20.07M","0.73%"
"01/14/2019","2,327.66","2,326.24","2,334.30","2,310.84","21.57M","-0.32%"
"01/11/2019","2,335.10","2,343.73","2,364.28","2,322.14","27.21M","-0.01%"
"01/10/2019","2,335.31","2,331.87","2,335.60","2,305.97","22.73M","-0.28%"
"01/09/2019","2,341.84","2,329.09","2,341.84","2,321.96","30.38M","0.72%"
"01/08/2019","2,325.19","2,330.42","2,330.42","2,303.05","26.79M","-0.27%"
"01/07/2019","2,331.45","2,292.76","2,331.45","2,292.76","29.45M","2.04%"
"01/04/2019","2,284.95","2,257.40","2,289.19","2,257.40","19.54M","1.68%"
"01/03/2019","2,247.22","2,293.47","2,293.47","2,243.05","18.45M","-2.36%"
"01/02/2019","2,301.62","2,275.35","2,303.24","2,243.92","15.52M","1.10%"
"12/28/2018","2,276.63","2,253.05","2,281.37","2,253.05","17.14M","1.12%"
"12/27/2018","2,251.38","2,279.04","2,288.31","2,248.23","15.78M","-0.37%"
"12/21/2018","2,259.77","2,303.95","2,307.00","2,226.52","69.88M","-2.03%"
"12/20/2018","2,306.68","2,327.49","2,327.49","2,295.40","33.39M","-1.54%"
"12/19/2018","2,342.81","2,312.49","2,344.11","2,309.47","28.90M","1.19%"
"12/18/2018","2,315.18","2,273.02","2,317.59","2,264.35","26.10M","1.46%"
"12/17/2018","2,281.87","2,296.79","2,308.55","2,281.45","20.76M","-0.94%"
"12/14/2018","2,303.41","2,297.17","2,314.12","2,282.43","22.12M","-0.31%"
"12/13/2018","2,310.66","2,282.77","2,314.09","2,267.53","32.71M","1.56%"
"12/12/2018","2,275.15","2,228.58","2,275.19","2,227.89","39.81M","2.42%"
"12/11/2018","2,221.37","2,252.70","2,264.54","2,221.37","29.51M","-0.92%"
"12/10/2018","2,242.10","2,274.51","2,282.05","2,241.91","17.08M","-1.73%"
"12/07/2018","2,281.54","2,300.79","2,320.40","2,273.31","22.01M","-0.56%"
"12/06/2018","2,294.34","2,335.28","2,335.28","2,290.52","32.44M","-2.56%"
"12/05/2018","2,354.54","2,319.32","2,355.29","2,296.26","36.55M","0.41%"
"12/04/2018","2,344.91","2,322.24","2,344.91","2,311.83","37.20M","0.67%"
"12/03/2018","2,329.37","2,310.75","2,334.22","2,310.75","29.92M","1.67%"
"11/30/2018","2,291.08","2,300.37","2,300.37","2,267.95","34.73M","-0.53%"
"11/29/2018","2,303.37","2,273.83","2,303.37","2,273.83","22.75M","1.72%"
"11/28/2018","2,264.51","2,222.61","2,268.14","2,222.61","25.76M","1.87%"
"11/27/2018","2,222.85","2,215.58","2,227.11","2,202.99","17.08M","0.42%"
"11/26/2018","2,213.57","2,229.64","2,245.08","2,202.37","15.95M","-0.53%"
"11/23/2018","2,225.39","2,234.74","2,238.44","2,209.33","11.23M","-0.49%"
"11/22/2018","2,236.35","2,218.09","2,241.04","2,207.02","17.73M","0.75%"
"11/21/2018","2,219.62","2,167.92","2,220.20","2,167.92","31.29M","2.73%"
"11/20/2018","2,160.57","2,181.11","2,195.17","2,150.91","29.18M","-1.33%"
"11/19/2018","2,189.73","2,173.20","2,189.73","2,152.58","27.28M","1.12%"
"11/16/2018","2,165.46","2,208.77","2,221.69","2,137.46","40.37M","-1.70%"
"11/15/2018","2,202.91","2,237.44","2,254.49","2,202.91","35.40M","-1.30%"
"11/14/2018","2,231.90","2,206.38","2,243.42","2,191.98","24.87M","0.63%"
"11/13/2018","2,217.97","2,230.91","2,242.91","2,209.34","18.26M","-0.64%"
"11/09/2018","2,232.25","2,259.66","2,259.66","2,223.95","16.56M","-1.35%"
"11/08/2018","2,262.84","2,280.10","2,294.15","2,258.19","21.97M","-0.61%"
"11/07/2018","2,276.65","2,227.66","2,282.59","2,227.53","24.83M","2.08%"
"11/06/2018","2,230.34","2,237.84","2,239.20","2,214.47","16.63M","-0.15%"
"11/05/2018","2,233.74","2,196.65","2,234.79","2,188.99","15.28M","1.64%"
"11/02/2018","2,197.68","2,169.62","2,208.49","2,169.62","22.66M","2.13%"
"10/31/2018","2,151.88","2,132.00","2,151.88","2,132.00","30.17M","1.37%"
"10/30/2018","2,122.73","2,104.50","2,122.73","2,092.18","15.08M","0.90%"
"10/29/2018","2,103.72","2,089.53","2,118.48","2,089.40","13.90M","1.01%"
"10/26/2018","2,082.77","2,139.90","2,139.90","2,082.77","17.91M","-2.80%"
"10/25/2018","2,142.69","2,124.47","2,144.86","2,111.64","20.41M","-0.08%"
"10/24/2018","2,144.40","2,152.52","2,162.72","2,144.40","19.78M","-0.16%"
"10/23/2018","2,147.81","2,178.47","2,178.47","2,147.81","19.31M","-2.06%"
"10/22/2018","2,193.08","2,203.23","2,211.52","2,179.33","16.55M","-0.18%"
"10/19/2018","2,196.99","2,190.10","2,202.16","2,167.21","16.63M","0.41%"
"10/18/2018","2,188.10","2,197.47","2,207.43","2,180.35","16.97M","-0.52%"
"10/17/2018","2,199.53","2,225.11","2,234.08","2,184.03","23.45M","-0.78%"
"10/16/2018","2,216.80","2,176.49","2,216.80","2,176.49","22.09M","2.15%"
"10/15/2018","2,170.05","2,192.17","2,194.50","2,164.36","17.48M","-0.76%"
"10/12/2018","2,186.62","2,174.35","2,195.33","2,174.35","23.95M","1.24%"
"10/11/2018","2,159.88","2,170.37","2,181.01","2,144.00","25.76M","-1.70%"
"10/10/2018","2,197.34","2,254.22","2,257.03","2,192.51","22.30M","-2.40%"
"10/09/2018","2,251.32","2,221.83","2,257.31","2,220.12","19.09M","1.22%"
"10/08/2018","2,224.13","2,259.71","2,259.71","2,224.13","17.48M","-1.77%"
"10/05/2018","2,264.20","2,275.35","2,278.81","2,256.83","23.64M","-0.50%"
"10/04/2018","2,275.65","2,289.13","2,297.06","2,268.78","26.51M","-0.98%"
"10/03/2018","2,298.20","2,288.11","2,305.09","2,283.55","24.32M","0.80%"
"10/02/2018","2,280.04","2,272.46","2,280.04","2,259.38","17.25M","-0.17%"
"10/01/2018","2,284.01","2,290.80","2,320.98","2,281.78","13.92M","-0.05%"
"09/28/2018","2,285.11","2,304.24","2,310.37","2,258.47","27.17M","-1.29%"
"09/27/2018","2,315.07","2,300.58","2,315.07","2,284.49","20.97M","0.46%"
"09/26/2018","2,304.45","2,292.73","2,304.45","2,285.30","18.93M","0.62%"
"09/25/2018","2,290.19","2,285.80","2,310.95","2,280.16","20.45M","0.42%"
"09/24/2018","2,280.60","2,261.65","2,283.58","2,261.65","23.65M","1.02%"
"09/21/2018","2,257.47","2,266.96","2,286.76","2,256.52","143.57M","-0.05%"
"09/20/2018","2,258.63","2,261.41","2,272.24","2,253.60","26.68M","-0.02%"
"09/19/2018","2,259.10","2,239.49","2,269.89","2,221.57","31.90M","1.26%"
"09/18/2018","2,231.04","2,209.74","2,248.51","2,209.74","20.44M","0.91%"
"09/17/2018","2,210.99","2,230.43","2,231.99","2,209.37","21.58M","-0.94%"
"09/14/2018","2,232.07","2,243.41","2,250.02","2,217.53","16.89M","-0.06%"
"09/13/2018","2,233.46","2,213.26","2,250.11","2,213.26","23.60M","1.05%"
"09/12/2018","2,210.16","2,252.17","2,264.81","2,210.16","38.31M","-1.70%"
"09/11/2018","2,248.35","2,262.79","2,271.93","2,234.38","27.93M","-0.99%"
"09/10/2018","2,270.83","2,258.76","2,274.96","2,251.92","19.00M","0.60%"
"09/07/2018","2,257.30","2,294.98","2,303.91","2,253.47","24.02M","-1.56%"
"09/06/2018","2,293.01","2,291.67","2,313.51","2,290.73","22.39M","-0.11%"
"09/05/2018","2,295.51","2,320.80","2,325.39","2,295.51","32.08M","-1.11%"
"09/04/2018","2,321.24","2,361.39","2,377.02","2,312.13","25.19M","-1.46%"
"09/03/2018","2,355.67","2,340.08","2,370.82","2,337.21","14.02M","0.76%"
"08/31/2018","2,337.96","2,348.60","2,352.70","2,333.37","23.79M","-0.68%"
"08/30/2018","2,353.92","2,381.65","2,387.65","2,352.67","24.80M","-1.12%"
"08/29/2018","2,380.68","2,386.53","2,390.36","2,375.47","25.96M","-0.41%"
"08/28/2018","2,390.42","2,374.80","2,395.77","2,361.78","19.47M","0.86%"
"08/27/2018","2,369.97","2,318.85","2,372.83","2,318.85","17.89M","2.48%"
"08/24/2018","2,312.70","2,322.94","2,322.94","2,308.45","15.80M","-0.44%"
"08/23/2018","2,322.86","2,295.14","2,331.93","2,285.59","27.52M","1.19%"
"08/22/2018","2,295.63","2,275.86","2,308.85","2,272.72","20.83M","0.64%"
"08/21/2018","2,281.02","2,241.25","2,286.19","2,241.25","14.06M","2.01%"
"08/20/2018","2,236.08","2,225.55","2,243.71","2,225.55","16.51M","0.83%"
"08/17/2018","2,217.74","2,265.39","2,265.39","2,217.74","16.08M","-1.96%"
"08/16/2018","2,262.10","2,262.45","2,268.24","2,244.42","18.81M","-0.47%"
"08/14/2018","2,272.73","2,268.70","2,285.87","2,252.28","12.66M","0.52%"
"08/13/2018","2,260.88","2,243.43","2,271.34","2,230.73","16.50M","0.61%"
"08/10/2018","2,247.15","2,308.65","2,308.65","2,247.15","24.70M","-3.34%"
"08/09/2018","2,324.73","2,308.44","2,324.73","2,292.39","13.23M","0.76%"
"08/08/2018","2,307.12","2,321.55","2,331.79","2,301.11","21.39M","0.13%"
"08/07/2018","2,304.11","2,295.30","2,309.59","2,291.68","11.83M","0.36%"
"08/06/2018","2,295.82","2,290.10","2,295.82","2,267.30","8.41M","0.39%"
"08/03/2018","2,286.92","2,284.28","2,301.97","2,277.56","10.68M","0.13%"
"08/02/2018","2,283.94","2,309.85","2,309.85","2,278.44","14.95M","-1.36%"
"08/01/2018","2,315.48","2,304.04","2,315.48","2,278.54","19.27M","0.58%"
"07/31/2018","2,302.13","2,322.89","2,327.20","2,294.90","22.47M","-1.10%"
"07/30/2018","2,327.77","2,289.23","2,327.77","2,281.26","15.67M","1.62%"
"07/27/2018","2,290.77","2,306.43","2,309.18","2,285.08","13.81M","-0.60%"
"07/26/2018","2,304.67","2,263.96","2,309.86","2,263.96","21.76M","1.94%"
"07/25/2018","2,260.70","2,250.61","2,268.20","2,236.63","15.24M","0.73%"
"07/24/2018","2,244.27","2,209.65","2,249.28","2,209.65","21.41M","1.80%"
"07/23/2018","2,204.53","2,189.20","2,213.88","2,184.77","17.75M","0.99%"
"07/20/2018","2,182.92","2,142.09","2,182.92","2,138.68","24.53M","1.68%"
"07/19/2018","2,146.82","2,137.60","2,150.64","2,127.36","19.91M","-0.11%"
"07/18/2018","2,149.12","2,155.27","2,167.04","2,140.81","15.72M","-0.19%"
"07/17/2018","2,153.21","2,141.57","2,154.62","2,132.06","16.47M","0.90%"
"07/16/2018","2,133.98","2,155.15","2,165.93","2,133.98","9.57M","-1.07%"
"07/13/2018","2,157.14","2,169.37","2,173.75","2,147.66","11.28M","-0.19%"
"07/12/2018","2,161.20","2,160.13","2,169.94","2,157.49","13.20M","0.32%"
"07/11/2018","2,154.28","2,171.87","2,171.87","2,150.88","13.98M","-1.07%"
"07/10/2018","2,177.67","2,154.32","2,194.86","2,144.66","20.83M","1.21%"
"07/09/2018","2,151.70","2,162.62","2,174.69","2,141.14","11.23M","-0.02%"
"07/06/2018","2,152.06","2,158.24","2,165.15","2,148.83","14.27M","-0.21%"
"07/05/2018","2,156.59","2,164.27","2,184.32","2,154.51","13.92M","-1.19%"
"07/04/2018","2,182.51","2,156.43","2,182.51","2,156.39","9.61M","1.03%"
"07/03/2018","2,160.24","2,125.36","2,162.03","2,123.69","12.36M","1.93%"
"07/02/2018","2,119.31","2,119.70","2,125.11","2,097.76","15.84M","-0.76%"
"06/29/2018","2,135.47","2,111.05","2,135.47","2,111.05","21.96M","1.75%"
"06/28/2018","2,098.75","2,141.71","2,141.71","2,096.93","19.64M","-2.08%"
"06/27/2018","2,143.25","2,149.33","2,154.87","2,129.80","19.42M","-0.47%"
"06/26/2018","2,153.40","2,156.24","2,174.11","2,151.81","18.25M","-0.12%"
"06/25/2018","2,155.90","2,154.93","2,177.65","2,149.03","18.59M","-0.32%"
"06/22/2018","2,162.88","2,158.13","2,174.15","2,155.02","21.10M","0.56%"
"06/21/2018","2,150.91","2,159.39","2,167.56","2,127.92","19.89M","-0.15%"
"06/20/2018","2,154.18","2,126.96","2,176.46","2,126.96","16.67M","1.58%"
"06/19/2018","2,120.75","2,137.66","2,137.66","2,108.10","23.46M","-1.41%"
"06/18/2018","2,150.98","2,203.75","2,209.50","2,146.34","15.52M","-2.36%"
"06/15/2018","2,203.01","2,240.09","2,245.12","2,203.01","47.62M","-1.58%"
"06/14/2018","2,238.39","2,232.51","2,247.99","2,219.84","18.22M","-0.02%"
"06/13/2018","2,238.94","2,256.86","2,256.86","2,227.14","23.77M","-0.60%"
"06/12/2018","2,252.39","2,237.53","2,256.63","2,235.84","17.69M","0.80%"
"06/11/2018","2,234.52","2,259.61","2,266.29","2,229.68","13.89M","-0.69%"
"06/08/2018","2,250.06","2,260.53","2,260.53","2,244.42","17.55M","-0.91%"
"06/07/2018","2,270.75","2,267.32","2,287.02","2,260.17","24.58M","0.62%"
"06/06/2018","2,256.67","2,259.34","2,266.11","2,247.02","23.62M","0.03%"
"06/05/2018","2,255.95","2,217.10","2,255.95","2,197.38","24.15M","2.07%"
"06/04/2018","2,210.10","2,198.46","2,221.05","2,198.35","20.71M","0.91%"
"06/01/2018","2,190.26","2,158.00","2,190.26","2,144.73","30.13M","1.54%"
"05/30/2018","2,157.07","2,186.58","2,186.58","2,151.50","159.37M","-1.59%"
"05/29/2018","2,191.95","2,208.65","2,208.65","2,161.35","36.31M","-1.17%"
"05/28/2018","2,217.87","2,214.87","2,232.88","2,204.55","12.35M","0.21%"
"05/25/2018","2,213.24","2,216.49","2,226.00","2,196.02","29.69M","0.00%"
"05/24/2018","2,213.26","2,212.23","2,241.43","2,208.72","30.16M","0.18%"
"05/23/2018","2,209.32","2,242.19","2,242.19","2,200.81","28.55M","-1.75%"
"05/22/2018","2,248.71","2,267.88","2,269.15","2,237.66","19.61M","-0.87%"
"05/21/2018","2,268.39","2,231.47","2,272.61","2,231.47","16.85M","1.71%"
"05/18/2018","2,230.32","2,256.15","2,268.61","2,222.17","21.80M","-1.13%"
"05/17/2018","2,255.78","2,269.54","2,280.22","2,253.60","23.79M","-0.88%"
"05/16/2018","2,275.91","2,278.96","2,278.96","2,254.88","21.01M","-0.02%"
"05/15/2018","2,276.45","2,311.71","2,311.71","2,273.50","37.03M","-1.92%"
"05/14/2018","2,321.09","2,328.58","2,333.07","2,308.97","15.06M","-0.36%"
"05/11/2018","2,329.36","2,303.97","2,329.36","2,299.44","16.77M","1.16%"
"05/10/2018","2,302.71","2,292.11","2,311.55","2,279.41","26.55M","0.95%"
"05/09/2018","2,281.12","2,236.49","2,282.00","2,236.49","22.33M","2.00%"
"05/08/2018","2,236.40","2,215.62","2,236.40","2,210.68","26.74M","1.00%"
"05/07/2018","2,214.36","2,242.80","2,251.42","2,213.06","11.50M","-0.85%"
"05/04/2018","2,233.35","2,280.50","2,280.50","2,227.94","18.29M","-2.56%"
"05/02/2018","2,291.92","2,291.87","2,306.05","2,284.35","15.07M","0.00%"
"04/30/2018","2,291.87","2,277.25","2,298.23","2,277.11","12.11M","0.68%"
"04/27/2018","2,276.41","2,286.49","2,291.15","2,271.05","16.39M","-0.30%"
"04/26/2018","2,283.15","2,257.11","2,284.31","2,253.30","18.87M","1.16%"
"04/25/2018","2,257.00","2,266.88","2,276.97","2,253.15","20.47M","-0.53%"
"04/24/2018","2,269.06","2,296.24","2,315.26","2,269.06","20.94M","-0.98%"
"04/23/2018","2,291.59","2,299.31","2,309.34","2,289.68","17.63M","-0.29%"
"04/20/2018","2,298.20","2,322.32","2,334.22","2,298.20","21.45M","-1.14%"
"04/19/2018","2,324.73","2,310.94","2,341.94","2,308.03","17.01M","0.40%"
"04/18/2018","2,315.50","2,306.43","2,316.06","2,293.11","20.96M","0.33%"
"04/17/2018","2,307.95","2,304.58","2,310.61","2,291.39","16.63M","0.34%"
"04/16/2018","2,300.20","2,311.13","2,313.96","2,291.08","10.68M","-0.44%"
"04/13/2018","2,310.32","2,310.75","2,321.97","2,304.72","18.52M","0.17%"
"04/12/2018","2,306.44","2,270.78","2,310.67","2,267.99","21.92M","1.52%"
"04/11/2018","2,271.93","2,274.22","2,287.53","2,254.20","25.20M","-0.13%"
"04/10/2018","2,274.81","2,280.21","2,287.35","2,253.65","30.39M","0.56%"
"04/09/2018","2,262.16","2,261.72","2,288.20","2,248.23","23.03M","0.15%"
"04/06/2018","2,258.80","2,244.33","2,268.22","2,231.61","16.92M","0.68%"
"04/05/2018","2,243.58","2,222.86","2,247.25","2,222.86","16.92M","1.94%"
"04/04/2018","2,200.99","2,238.25","2,238.25","2,197.99","20.73M","-1.70%"
"04/03/2018","2,239.15","2,211.17","2,249.40","2,199.53","18.92M","1.30%"
"03/29/2018","2,210.38","2,215.94","2,227.06","2,210.26","17.31M","0.30%"
"03/28/2018","2,203.70","2,238.85","2,238.85","2,192.91","28.63M","-1.90%"
"03/27/2018","2,246.32","2,258.98","2,283.33","2,246.32","19.03M","0.25%"
"03/26/2018","2,240.65","2,260.83","2,270.45","2,238.74","16.79M","-0.73%"
"03/23/2018","2,257.22","2,254.88","2,265.16","2,230.87","22.17M","-0.74%"
"03/22/2018","2,274.10","2,313.07","2,329.54","2,266.96","28.59M","-2.01%"
"03/21/2018","2,320.77","2,268.87","2,322.94","2,268.87","26.44M","2.14%"
"03/20/2018","2,272.09","2,250.26","2,278.69","2,237.96","22.18M","1.05%"
"03/19/2018","2,248.53","2,285.14","2,291.00","2,248.53","16.20M","-1.60%"
"03/16/2018","2,285.08","2,320.19","2,324.41","2,280.75","62.26M","-1.58%"
"03/15/2018","2,321.87","2,343.78","2,354.45","2,319.47","21.05M","-0.60%"
"03/14/2018","2,335.97","2,353.74","2,355.06","2,332.48","28.55M","-0.72%"
"03/13/2018","2,353.02","2,379.28","2,380.12","2,349.35","23.99M","-1.08%"
"03/12/2018","2,378.72","2,362.62","2,380.48","2,359.56","17.17M","1.03%"
"03/09/2018","2,354.54","2,322.03","2,354.54","2,295.87","23.88M","1.40%"
"03/08/2018","2,322.09","2,362.53","2,362.53","2,320.21","23.04M","-1.59%"
"03/07/2018","2,359.57","2,327.37","2,363.38","2,317.42","25.35M","0.86%"
"03/06/2018","2,339.51","2,344.54","2,351.07","2,331.30","18.83M","0.40%"
"03/05/2018","2,330.10","2,303.10","2,330.10","2,296.48","14.02M","0.69%"
"03/02/2018","2,314.23","2,327.98","2,330.15","2,298.69","23.19M","-0.89%"
"03/01/2018","2,334.96","2,361.73","2,365.51","2,316.63","30.07M","-1.24%"
"02/28/2018","2,364.32","2,410.71","2,410.71","2,364.32","34.96M","-2.36%"
"02/27/2018","2,421.51","2,417.07","2,429.65","2,411.49","23.94M","0.53%"
"02/26/2018","2,408.63","2,418.02","2,429.68","2,403.09","11.84M","0.10%"
"02/23/2018","2,406.11","2,412.41","2,427.26","2,393.61","16.01M","-0.19%"
"02/22/2018","2,410.69","2,389.87","2,416.42","2,372.06","26.23M","0.22%"
"02/21/2018","2,405.47","2,409.27","2,411.07","2,392.71","18.15M","-0.32%"
"02/20/2018","2,413.23","2,404.56","2,415.33","2,392.16","7.94M","0.20%"
"02/19/2018","2,408.49","2,409.93","2,420.91","2,399.39","7.44M","0.06%"
"02/16/2018","2,406.96","2,445.40","2,448.61","2,396.54","13.45M","-0.69%"
"02/15/2018","2,423.57","2,461.15","2,473.58","2,423.57","17.93M","-1.07%"
"02/14/2018","2,449.79","2,439.12","2,449.79","2,413.79","19.55M","0.75%"
"02/13/2018","2,431.67","2,417.65","2,431.67","2,416.23","19.28M","0.71%"
"02/12/2018","2,414.41","2,402.18","2,430.88","2,402.18","15.32M","1.33%"
"02/09/2018","2,382.79","2,396.78","2,409.64","2,375.41","32.36M","-0.98%"
"02/08/2018","2,406.48","2,440.29","2,445.80","2,406.48","21.04M","-1.44%"
"02/07/2018","2,441.67","2,426.89","2,441.67","2,421.19","26.69M","1.23%"
"02/06/2018","2,412.03","2,445.53","2,450.47","2,401.89","32.49M","-3.75%"
"02/05/2018","2,505.98","2,492.39","2,508.70","2,482.56","17.94M","-0.05%"
"02/02/2018","2,507.24","2,526.55","2,530.02","2,502.95","17.74M","-1.06%"
"02/01/2018","2,534.21","2,558.83","2,580.23","2,511.05","17.53M","-0.77%"
"01/31/2018","2,553.81","2,565.29","2,577.48","2,553.81","17.99M","-0.48%"
"01/30/2018","2,566.14","2,581.75","2,581.75","2,557.59","17.76M","-1.05%"
"01/29/2018","2,593.40","2,599.20","2,607.83","2,583.40","14.46M","-0.27%"
"01/26/2018","2,600.48","2,592.23","2,601.99","2,587.26","19.19M","0.43%"
"01/25/2018","2,589.30","2,614.92","2,616.47","2,587.95","20.92M","-1.23%"
"01/24/2018","2,621.59","2,629.40","2,630.21","2,606.34","19.31M","-0.33%"
"01/23/2018","2,630.37","2,629.53","2,650.16","2,613.07","28.51M","0.36%"
"01/22/2018","2,620.87","2,600.44","2,621.93","2,599.95","17.12M","0.73%"
"01/19/2018","2,601.82","2,592.75","2,604.46","2,589.89","14.91M","0.41%"
"01/18/2018","2,591.22","2,604.79","2,610.63","2,591.22","17.71M","-0.35%"
"01/17/2018","2,600.37","2,587.72","2,606.59","2,584.69","20.61M","0.36%"
"01/16/2018","2,591.10","2,541.61","2,602.34","2,529.68","30.69M","1.91%"
"01/15/2018","2,542.65","2,535.37","2,546.66","2,523.83","9.11M","0.13%"
"01/12/2018","2,539.29","2,536.81","2,550.79","2,527.02","17.34M","0.19%"
"01/11/2018","2,534.56","2,517.35","2,534.56","2,504.67","24.59M","0.93%"
"01/10/2018","2,511.27","2,531.05","2,531.60","2,499.76","20.88M","-0.68%"
"01/09/2018","2,528.38","2,552.50","2,555.69","2,522.21","23.98M","-0.79%"
"01/08/2018","2,548.61","2,534.53","2,551.32","2,529.45","20.12M","0.75%"
"01/05/2018","2,529.55","2,530.77","2,538.34","2,514.09","24.86M","-0.14%"
"01/04/2018","2,533.17","2,473.23","2,536.84","2,473.23","30.46M","2.84%"
"01/03/2018","2,463.25","2,463.26","2,474.76","2,430.69","20.68M","0.08%"
"12/29/2017","2,461.21","2,479.48","2,481.71","2,452.07","14.24M","-0.77%"
"12/28/2017","2,480.25","2,475.48","2,484.41","2,464.31","14.43M","-0.02%"
"12/27/2017","2,480.63","2,445.51","2,480.63","2,445.51","16.98M","1.43%"
"12/22/2017","2,445.65","2,462.69","2,468.27","2,445.65","10.11M","-0.73%"
"12/21/2017","2,463.59","2,460.57","2,467.89","2,450.37","14.93M","0.17%"
"12/20/2017","2,459.33","2,455.50","2,473.47","2,453.77","16.78M","0.14%"
"12/19/2017","2,455.99","2,465.96","2,478.97","2,455.99","14.65M","-0.41%"
"12/18/2017","2,466.08","2,420.28","2,466.08","2,420.28","16.87M","2.03%"
"12/15/2017","2,416.95","2,430.72","2,432.48","2,402.95","39.45M","-0.73%"
"12/14/2017","2,434.61","2,405.42","2,434.61","2,404.08","25.03M","1.04%"
"12/13/2017","2,409.46","2,411.34","2,415.97","2,400.94","16.89M","-0.17%"
"12/12/2017","2,413.68","2,385.06","2,413.68","2,375.20","23.13M","1.12%"
"12/11/2017","2,386.93","2,410.81","2,417.30","2,381.80","13.45M","-0.91%"
"12/08/2017","2,408.83","2,400.60","2,426.90","2,397.88","24.55M","0.65%"
"12/07/2017","2,393.34","2,396.49","2,414.00","2,378.22","30.21M","-0.06%"
"12/06/2017","2,394.67","2,400.90","2,405.69","2,383.18","28.56M","-0.54%"
"12/05/2017","2,407.72","2,403.25","2,423.52","2,396.60","16.61M","0.15%"
"12/04/2017","2,404.15","2,392.69","2,424.97","2,370.52","18.50M","0.60%"
"12/01/2017","2,389.92","2,411.13","2,430.44","2,376.91","20.57M","-0.78%"
"11/30/2017","2,408.69","2,436.48","2,449.14","2,408.69","44.73M","-1.13%"
"11/29/2017","2,436.24","2,491.96","2,506.20","2,436.24","17.02M","-1.99%"
"11/28/2017","2,485.71","2,494.79","2,498.45","2,473.94","18.23M","-0.46%"
"11/27/2017","2,497.15","2,477.97","2,504.29","2,471.74","13.57M","0.72%"
"11/24/2017","2,479.25","2,502.59","2,518.04","2,478.62","11.57M","-0.99%"
"11/23/2017","2,503.93","2,482.04","2,514.94","2,473.79","11.57M","0.58%"
"11/22/2017","2,489.50","2,490.63","2,500.37","2,472.85","18.17M","0.02%"
"11/21/2017","2,489.08","2,469.21","2,496.62","2,465.91","21.24M","0.85%"
"11/20/2017","2,468.09","2,438.15","2,470.34","2,431.37","14.08M","0.99%"
"11/17/2017","2,443.83","2,412.64","2,445.70","2,410.81","13.23M","1.36%"
"11/16/2017","2,411.11","2,428.52","2,438.67","2,409.42","24.88M","-0.32%"
"11/15/2017","2,418.96","2,460.26","2,460.26","2,412.78","17.08M","-1.84%"
"11/14/2017","2,464.35","2,464.53","2,477.10","2,456.17","20.01M","0.40%"
"11/13/2017","2,454.60","2,458.90","2,472.26","2,442.08","26.69M","-0.12%"
"11/10/2017","2,457.62","2,477.93","2,482.26","2,456.04","26.89M","-0.83%"
"11/09/2017","2,478.21","2,513.25","2,513.88","2,466.03","20.89M","-1.40%"
"11/08/2017","2,513.34","2,545.38","2,548.95","2,512.40","20.13M","-0.91%"
"11/07/2017","2,536.37","2,521.05","2,566.59","2,521.05","23.71M","0.84%"
"11/06/2017","2,515.34","2,497.52","2,522.12","2,486.33","14.10M","0.83%"
"11/03/2017","2,494.52","2,503.49","2,509.59","2,483.21","16.36M","-0.28%"
"11/02/2017","2,501.40","2,524.52","2,532.85","2,496.85","15.11M","-0.93%"
"10/31/2017","2,524.90","2,514.24","2,524.90","2,504.11","15.67M","0.31%"
"10/30/2017","2,517.03","2,490.80","2,521.41","2,490.80","12.46M","1.15%"
"10/27/2017","2,488.50","2,462.46","2,492.93","2,454.83","25.52M","1.32%"
"10/26/2017","2,456.17","2,452.47","2,463.63","2,441.88","30.67M","0.26%"
"10/25/2017","2,449.89","2,449.02","2,466.39","2,443.27","13.71M","0.06%"
"10/24/2017","2,448.45","2,468.98","2,474.35","2,447.09","20.89M","-1.01%"
"10/23/2017","2,473.42","2,466.64","2,487.81","2,466.64","14.76M","0.32%"
"10/20/2017","2,465.51","2,473.82","2,486.56","2,457.52","19.16M","-0.08%"
"10/19/2017","2,467.49","2,490.24","2,501.36","2,465.78","20.08M","-1.39%"
"10/18/2017","2,502.34","2,518.16","2,526.25","2,502.34","18.13M","-0.48%"
"10/17/2017","2,514.36","2,534.17","2,538.75","2,514.36","20.08M","-0.80%"
"10/16/2017","2,534.52","2,528.44","2,546.95","2,528.44","15.73M","0.25%"
"10/13/2017","2,528.16","2,538.56","2,546.32","2,528.16","14.28M","-0.38%"
"10/12/2017","2,537.69","2,557.48","2,566.02","2,536.52","21.37M","-0.55%"
"10/11/2017","2,551.78","2,520.81","2,556.95","2,519.87","32.74M","1.40%"
"10/10/2017","2,516.49","2,506.81","2,519.73","2,503.89","15.67M","0.69%"
"10/09/2017","2,499.35","2,483.61","2,499.35","2,479.67","11.98M","0.80%"
"10/06/2017","2,479.46","2,466.00","2,485.35","2,463.56","20.00M","0.65%"
"10/05/2017","2,463.45","2,444.16","2,469.80","2,439.73","17.93M","0.79%"
"10/04/2017","2,444.19","2,470.39","2,489.93","2,443.82","25.13M","-1.03%"
"10/03/2017","2,469.51","2,471.22","2,488.67","2,465.90","19.84M","0.00%"
"10/02/2017","2,469.58","2,459.84","2,480.47","2,456.08","15.27M","0.66%"
"09/29/2017","2,453.46","2,430.17","2,462.04","2,430.17","19.54M","1.09%"
"09/28/2017","2,427.04","2,430.81","2,440.40","2,422.97","18.05M","-0.28%"
"09/27/2017","2,433.82","2,447.67","2,456.47","2,430.03","12.15M","-0.39%"
"09/26/2017","2,443.34","2,452.04","2,461.48","2,437.15","14.17M","-0.40%"
"09/25/2017","2,453.15","2,479.08","2,485.20","2,453.15","12.08M","-1.11%"
"09/22/2017","2,480.73","2,464.57","2,481.28","2,460.28","16.70M","0.49%"
"09/21/2017","2,468.72","2,501.16","2,501.16","2,464.53","18.55M","-1.24%"
"09/20/2017","2,499.63","2,505.52","2,518.10","2,480.20","12.88M","-0.13%"
"09/19/2017","2,502.81","2,495.79","2,512.63","2,495.79","16.35M","0.04%"
"09/18/2017","2,501.75","2,503.74","2,525.41","2,497.10","15.09M","0.14%"
"09/15/2017","2,498.32","2,507.00","2,514.27","2,492.89","44.02M","-0.36%"
"09/14/2017","2,507.43","2,502.15","2,511.08","2,498.32","20.55M","0.29%"
"09/13/2017","2,500.16","2,507.73","2,522.25","2,499.45","18.01M","-0.23%"
"09/12/2017","2,505.88","2,518.15","2,536.08","2,500.09","18.66M","-0.30%"
"09/11/2017","2,513.44","2,489.43","2,524.21","2,489.43","17.10M","1.20%"
"09/08/2017","2,483.58","2,488.67","2,499.63","2,479.83","18.17M","-0.33%"
"09/07/2017","2,491.79","2,511.82","2,528.65","2,482.13","24.76M","-0.82%"
"09/06/2017","2,512.40","2,512.11","2,528.30","2,506.30","18.70M","-0.20%"
"09/05/2017","2,517.45","2,521.04","2,550.74","2,513.24","20.40M","-0.08%"
"09/04/2017","2,519.42","2,513.38","2,525.72","2,508.27","15.06M","-0.32%"
"09/01/2017","2,527.62","2,512.46","2,528.82","2,508.86","15.90M","0.45%"
"08/31/2017","2,516.26","2,520.23","2,532.83","2,501.59","26.15M","-0.33%"
"08/30/2017","2,524.57","2,507.29","2,537.24","2,503.35","24.31M","1.08%"
"08/29/2017","2,497.58","2,525.41","2,525.41","2,479.35","23.90M","-1.33%"
"08/28/2017","2,531.31","2,474.13","2,534.04","2,470.06","21.49M","2.41%"
"08/25/2017","2,471.74","2,464.81","2,481.63","2,459.27","19.64M","0.63%"
"08/24/2017","2,456.27","2,395.30","2,456.82","2,395.30","28.82M","2.73%"
"08/23/2017","2,391.06","2,387.52","2,395.62","2,374.66","14.97M","0.16%"
"08/22/2017","2,387.24","2,380.47","2,393.15","2,376.43","18.20M","0.42%"
"08/21/2017","2,377.28","2,358.89","2,378.20","2,350.86","18.08M","0.74%"
"08/18/2017","2,359.87","2,346.80","2,359.87","2,338.60","18.98M","0.28%"
"08/17/2017","2,353.18","2,378.87","2,381.49","2,353.18","22.42M","-1.18%"
"08/16/2017","2,381.18","2,378.88","2,401.17","2,378.88","24.49M","0.19%"
"08/14/2017","2,376.66","2,375.77","2,388.28","2,374.89","12.26M","0.21%"
"08/11/2017","2,371.72","2,373.71","2,379.21","2,364.30","17.59M","-0.46%"
"08/10/2017","2,382.67","2,403.19","2,412.20","2,378.92","20.44M","-1.06%"
"08/09/2017","2,408.11","2,420.38","2,420.38","2,391.26","18.51M","-0.70%"
"08/08/2017","2,425.02","2,387.51","2,425.02","2,383.14","17.92M","1.54%"
"08/07/2017","2,388.21","2,380.96","2,391.39","2,376.42","12.89M","0.34%"
"08/04/2017","2,380.16","2,365.84","2,385.36","2,365.84","14.22M","0.62%"
"08/03/2017","2,365.48","2,365.65","2,374.80","2,353.22","19.91M","-0.02%"
"08/02/2017","2,366.06","2,387.69","2,397.40","2,363.84","23.66M","-0.85%"
"08/01/2017","2,386.40","2,377.03","2,387.16","2,366.02","21.99M","0.52%"
"07/31/2017","2,374.17","2,357.45","2,388.25","2,356.82","27.54M","0.58%"
"07/28/2017","2,360.42","2,344.85","2,360.83","2,331.71","23.28M","0.40%"
"07/27/2017","2,350.91","2,361.54","2,363.85","2,343.57","19.42M","-0.40%"
"07/26/2017","2,360.26","2,344.28","2,363.74","2,344.28","16.09M","0.81%"
"07/25/2017","2,341.36","2,337.80","2,346.12","2,328.87","25.05M","0.29%"
"07/24/2017","2,334.69","2,344.63","2,345.94","2,329.49","13.87M","-0.36%"
"07/21/2017","2,343.10","2,356.90","2,370.28","2,342.42","20.64M","-0.65%"
"07/20/2017","2,358.50","2,375.73","2,387.10","2,357.35","24.81M","-0.67%"
"07/19/2017","2,374.31","2,364.00","2,378.42","2,362.34","22.26M","0.57%"
"07/18/2017","2,360.75","2,367.99","2,381.08","2,355.40","18.68M","-0.48%"
"07/17/2017","2,372.17","2,353.46","2,379.20","2,353.46","18.29M","0.92%"
"07/14/2017","2,350.43","2,349.47","2,351.05","2,333.11","20.60M","-0.02%"
"07/13/2017","2,350.83","2,335.49","2,350.83","2,333.08","32.08M","0.40%"
"07/12/2017","2,341.54","2,297.08","2,343.27","2,297.08","30.80M","1.91%"
"07/11/2017","2,297.73","2,303.48","2,312.57","2,294.20","17.64M","-0.13%"
"07/10/2017","2,300.66","2,305.52","2,316.01","2,290.47","13.26M","0.21%"
"07/07/2017","2,295.82","2,299.26","2,306.23","2,290.98","13.06M","-0.21%"
"07/06/2017","2,300.74","2,309.29","2,323.94","2,288.76","13.31M","-0.29%"
"07/05/2017","2,307.49","2,298.75","2,307.87","2,294.14","19.00M","0.58%"
"07/04/2017","2,294.27","2,317.64","2,317.64","2,293.08","12.07M","-1.27%"
"07/03/2017","2,323.74","2,305.25","2,323.74","2,301.55","10.84M","1.04%"
"06/30/2017","2,299.80","2,324.71","2,329.24","2,297.08","20.12M","-1.26%"
"06/29/2017","2,329.26","2,334.50","2,350.41","2,315.39","15.56M","0.07%"
"06/28/2017","2,327.68","2,343.41","2,343.41","2,322.38","18.70M","-0.74%"
"06/27/2017","2,345.05","2,334.82","2,355.53","2,332.27","23.10M","0.31%"
"06/26/2017","2,337.69","2,313.84","2,351.61","2,313.84","16.79M","1.44%"
"06/23/2017","2,304.48","2,305.70","2,317.13","2,302.88","21.77M","-0.16%"
"06/22/2017","2,308.16","2,313.60","2,323.43","2,300.68","18.95M","-0.47%"
"06/21/2017","2,319.13","2,295.92","2,319.13","2,280.63","28.21M","0.71%"
"06/20/2017","2,302.83","2,327.84","2,327.84","2,297.65","19.69M","-1.35%"
"06/19/2017","2,334.27","2,312.63","2,337.06","2,312.63","26.72M","1.29%"
"06/16/2017","2,304.50","2,293.17","2,315.37","2,290.96","35.24M","0.37%"
"06/14/2017","2,295.99","2,301.42","2,311.02","2,288.64","23.32M","-0.28%"
"06/13/2017","2,302.41","2,297.30","2,310.42","2,284.71","16.78M","0.32%"
"06/12/2017","2,295.01","2,329.90","2,329.90","2,288.64","16.47M","-1.53%"
"06/09/2017","2,330.72","2,339.71","2,355.79","2,330.72","20.80M","-0.41%"
"06/08/2017","2,340.23","2,310.69","2,343.56","2,300.75","24.47M","1.37%"
"06/07/2017","2,308.64","2,308.36","2,328.34","2,305.34","27.35M","0.22%"
"06/06/2017","2,303.68","2,270.87","2,307.50","2,257.98","19.90M","1.22%"
"06/05/2017","2,276.01","2,301.67","2,302.40","2,271.97","16.07M","-1.18%"
"06/02/2017","2,303.21","2,292.38","2,303.21","2,289.42","19.61M","1.10%"
"06/01/2017","2,278.26","2,283.62","2,289.82","2,267.37","25.96M","-0.13%"
"05/31/2017","2,281.18","2,292.96","2,317.62","2,277.06","49.62M","-0.48%"
"05/30/2017","2,292.27","2,315.74","2,315.74","2,286.41","17.73M","-1.35%"
"05/29/2017","2,323.58","2,326.69","2,331.27","2,314.70","6.71M","-0.12%"
"05/26/2017","2,326.28","2,353.12","2,354.58","2,326.28","16.85M","-1.36%"
"05/25/2017","2,358.41","2,339.54","2,363.03","2,339.54","31.90M","1.44%"
"05/24/2017","2,324.99","2,305.98","2,324.99","2,292.01","23.59M","0.74%"
"05/23/2017","2,307.84","2,339.18","2,342.23","2,305.86","18.97M","-1.51%"
"05/22/2017","2,343.13","2,336.02","2,346.84","2,304.80","20.46M","0.62%"
"05/19/2017","2,328.70","2,297.16","2,334.82","2,292.35","21.63M","1.46%"
"05/18/2017","2,295.14","2,299.09","2,311.20","2,263.06","22.98M","-0.31%"
"05/17/2017","2,302.21","2,330.87","2,337.51","2,301.12","28.73M","-1.63%"
"05/16/2017","2,340.34","2,375.63","2,380.39","2,323.57","23.04M","-1.55%"
"05/15/2017","2,377.15","2,378.39","2,388.70","2,361.82","16.60M","0.37%"
"05/12/2017","2,368.50","2,367.93","2,374.62","2,358.91","28.75M","0.15%"
"05/11/2017","2,364.93","2,381.66","2,408.99","2,361.00","34.95M","-0.64%"
"05/10/2017","2,380.25","2,409.88","2,419.08","2,375.44","23.43M","-1.38%"
"05/09/2017","2,413.53","2,378.66","2,414.73","2,376.17","23.81M","1.66%"
"05/08/2017","2,374.23","2,389.80","2,394.29","2,360.64","19.66M","-0.33%"
"05/05/2017","2,382.17","2,367.91","2,385.44","2,349.24","26.51M","0.05%"
"05/04/2017","2,381.00","2,395.19","2,422.31","2,365.66","39.73M","-0.46%"
"05/02/2017","2,392.09","2,381.68","2,398.73","2,381.68","19.79M","0.64%"
"04/28/2017","2,376.87","2,384.53","2,399.24","2,368.94","27.64M","-0.25%"
"04/27/2017","2,382.78","2,378.56","2,393.45","2,371.98","26.21M","-0.05%"
"04/26/2017","2,383.97","2,354.17","2,387.66","2,342.28","30.80M","1.31%"
"04/25/2017","2,353.17","2,300.42","2,353.17","2,300.42","25.37M","2.45%"
"04/24/2017","2,296.90","2,283.16","2,304.25","2,283.16","19.95M","1.45%"
"04/21/2017","2,264.07","2,287.86","2,300.71","2,259.11","25.88M","-0.95%"
"04/20/2017","2,285.82","2,273.77","2,291.55","2,267.55","27.11M","0.49%"
"04/19/2017","2,274.69","2,243.91","2,276.46","2,243.38","29.98M","1.67%"
"04/18/2017","2,237.36","2,237.96","2,259.53","2,231.06","25.38M","0.17%"
"04/13/2017","2,233.63","2,216.92","2,238.09","2,214.26","21.12M","0.88%"
"04/12/2017","2,214.06","2,223.29","2,238.45","2,212.60","22.53M","-0.35%"
"04/11/2017","2,221.82","2,241.61","2,253.02","2,206.89","23.44M","-0.99%"
"04/10/2017","2,244.02","2,250.93","2,255.25","2,243.26","12.88M","-0.19%"
"04/07/2017","2,248.33","2,250.06","2,255.72","2,233.49","17.34M","-0.27%"
"04/06/2017","2,254.47","2,243.86","2,254.47","2,228.48","16.51M","0.04%"
"04/05/2017","2,253.64","2,238.79","2,262.18","2,237.34","19.89M","0.64%"
"04/04/2017","2,239.30","2,215.65","2,245.98","2,212.81","16.06M","0.87%"
"04/03/2017","2,219.88","2,188.57","2,223.94","2,188.57","15.15M","2.02%"
"03/31/2017","2,175.96","2,203.46","2,206.23","2,175.96","25.58M","-1.50%"
"03/30/2017","2,209.10","2,218.61","2,221.62","2,187.93","22.10M","-0.24%"
"03/29/2017","2,214.45","2,235.73","2,246.31","2,202.80","22.06M","-0.49%"
"03/28/2017","2,225.41","2,209.06","2,225.41","2,208.01","20.40M","1.07%"
"03/27/2017","2,201.88","2,215.30","2,215.30","2,189.23","15.55M","-1.47%"
"03/24/2017","2,234.82","2,235.16","2,245.11","2,222.71","14.35M","-0.02%"
"03/23/2017","2,235.33","2,216.35","2,236.92","2,213.96","24.46M","0.52%"
"03/22/2017","2,223.84","2,230.81","2,230.81","2,204.96","25.58M","-1.28%"
"03/21/2017","2,252.57","2,280.19","2,301.34","2,243.34","25.94M","-1.27%"
"03/20/2017","2,281.45","2,294.85","2,295.07","2,265.28","16.58M","-0.68%"
"03/17/2017","2,296.97","2,285.74","2,308.92","2,284.23","62.88M","0.58%"
"03/16/2017","2,283.70","2,246.85","2,285.17","2,246.85","30.88M","2.41%"
"03/15/2017","2,229.87","2,244.71","2,246.33","2,228.72","26.09M","-0.38%"
"03/14/2017","2,238.38","2,242.95","2,249.26","2,228.74","35.07M","-0.19%"
"03/13/2017","2,242.55","2,200.20","2,242.55","2,200.20","21.40M","1.93%"
"03/10/2017","2,200.03","2,195.42","2,224.01","2,195.42","24.59M","0.47%"
"03/09/2017","2,189.66","2,215.88","2,215.88","2,167.04","33.50M","-1.07%"
"03/08/2017","2,213.24","2,196.62","2,216.67","2,196.62","24.39M","0.56%"
"03/07/2017","2,200.98","2,212.81","2,217.31","2,198.21","27.29M","-0.74%"
"03/06/2017","2,217.41","2,232.66","2,240.03","2,211.05","23.45M","-0.70%"
"03/03/2017","2,232.98","2,244.31","2,248.09","2,228.38","35.07M","-0.95%"
"03/02/2017","2,254.51","2,256.56","2,269.47","2,241.45","38.92M","0.02%"
"03/01/2017","2,253.96","2,195.25","2,259.60","2,195.25","33.22M","2.86%"
"02/28/2017","2,191.25","2,214.22","2,216.98","2,187.79","32.15M","-0.86%"
"02/27/2017","2,210.26","2,212.87","2,223.76","2,199.40","18.27M","-0.08%"
"02/24/2017","2,212.04","2,252.39","2,253.93","2,202.39","29.66M","-1.95%"
"02/23/2017","2,256.01","2,249.81","2,272.01","2,241.82","26.06M","0.22%"
"02/22/2017","2,251.02","2,252.57","2,260.77","2,231.02","26.21M","0.11%"
"02/21/2017","2,248.52","2,192.53","2,248.52","2,192.18","27.48M","2.54%"
"02/20/2017","2,192.79","2,193.39","2,200.49","2,186.28","14.25M","0.21%"
"02/17/2017","2,188.30","2,214.85","2,219.09","2,181.51","32.85M","-1.22%"
"02/16/2017","2,215.36","2,185.44","2,225.04","2,176.09","50.31M","1.42%"
"02/15/2017","2,184.33","2,180.23","2,191.14","2,162.71","46.52M","0.49%"
"02/14/2017","2,173.76","2,181.34","2,186.18","2,160.90","64.24M","-0.27%"
"02/13/2017","2,179.66","2,161.17","2,186.24","2,157.79","30.74M","1.15%"
"02/10/2017","2,154.79","2,144.56","2,159.87","2,144.56","40.92M","1.05%"
"02/09/2017","2,132.40","2,092.88","2,138.41","2,090.98","38.87M","2.34%"
"02/08/2017","2,083.65","2,087.15","2,091.32","2,075.54","25.64M","-0.14%"
"02/07/2017","2,086.54","2,089.06","2,096.61","2,078.29","16.99M","-0.15%"
"02/06/2017","2,089.61","2,078.45","2,096.99","2,072.75","20.35M","0.65%"
"02/03/2017","2,076.12","2,065.59","2,076.26","2,060.17","19.57M","0.53%"
"02/02/2017","2,065.14","2,078.01","2,079.66","2,062.38","18.04M","-0.67%"
"02/01/2017","2,079.10","2,065.94","2,090.58","2,065.94","23.56M","1.08%"
"01/31/2017","2,056.83","2,052.23","2,074.86","2,051.06","23.02M","0.26%"
"01/30/2017","2,051.49","2,082.83","2,088.55","2,051.49","16.55M","-1.56%"
"01/27/2017","2,084.05","2,078.43","2,087.72","2,064.85","24.07M","0.18%"
"01/26/2017","2,080.40","2,086.78","2,101.66","2,074.26","57.20M","0.06%"
"01/25/2017","2,079.15","2,015.01","2,080.98","2,015.01","31.11M","3.28%"
"01/24/2017","2,013.17","1,994.53","2,013.45","1,985.66","22.83M","1.10%"
"01/23/2017","1,991.36","2,004.04","2,007.59","1,991.36","14.32M","-0.73%"
"01/20/2017","2,006.01","2,015.31","2,027.35","2,006.01","22.93M","-0.47%"
"01/19/2017","2,015.47","2,005.60","2,020.12","2,005.49","17.61M","0.49%"
"01/18/2017","2,005.65","2,018.57","2,021.84","2,005.65","25.38M","-0.48%"
"01/17/2017","2,015.28","2,026.40","2,026.40","2,012.61","18.01M","-0.49%"
"01/16/2017","2,025.25","2,013.32","2,033.73","2,002.09","19.71M","0.46%"
"01/13/2017","2,015.89","2,023.01","2,027.02","2,007.24","22.31M","-0.35%"
"01/12/2017","2,022.95","2,029.68","2,044.59","2,015.98","31.73M","-0.38%"
"01/11/2017","2,030.64","2,024.89","2,033.43","2,010.45","33.75M","0.35%"
"01/10/2017","2,023.64","2,007.40","2,034.03","2,007.40","28.96M","0.72%"
"01/09/2017","2,009.19","1,999.15","2,009.19","1,991.08","24.81M","0.52%"
"01/05/2017","1,998.76","1,994.72","2,007.15","1,986.53","27.69M","-0.06%"
"01/04/2017","1,999.93","1,991.97","2,001.91","1,981.29","25.64M","0.52%"
"01/03/2017","1,989.64","1,961.73","1,990.40","1,961.73","25.91M","1.68%"
"01/02/2017","1,956.72","1,947.54","1,963.54","1,937.24","7.93M","0.45%"
"12/30/2016","1,947.92","1,948.89","1,957.17","1,945.23","16.15M","0.08%"
"12/29/2016","1,946.32","1,934.69","1,946.32","1,931.44","15.66M","0.70%"
"12/28/2016","1,932.75","1,935.38","1,945.77","1,924.02","18.11M","-0.20%"
"12/27/2016","1,936.72","1,933.10","1,939.56","1,930.21","6.56M","0.16%"
"12/23/2016","1,933.60","1,942.49","1,955.42","1,927.03","12.81M","-0.52%"
"12/22/2016","1,943.73","1,927.70","1,944.84","1,914.23","25.24M","0.82%"
"12/21/2016","1,927.90","1,941.74","1,952.86","1,925.43","26.56M","-0.65%"
"12/20/2016","1,940.46","1,929.47","1,948.40","1,929.47","36.35M","0.82%"
"12/19/2016","1,924.67","1,915.46","1,929.48","1,893.02","28.45M","0.32%"
"12/16/2016","1,918.54","1,913.05","1,927.90","1,903.57","59.53M","0.39%"
"12/15/2016","1,911.16","1,931.36","1,932.39","1,909.35","23.93M","-1.23%"
"12/14/2016","1,934.87","1,917.77","1,935.51","1,904.54","41.19M","0.80%"
"12/13/2016","1,919.49","1,886.78","1,919.67","1,885.20","39.88M","1.96%"
"12/12/2016","1,882.58","1,904.31","1,904.52","1,875.67","26.64M","-0.90%"
"12/09/2016","1,899.76","1,916.66","1,918.27","1,888.59","44.10M","-1.11%"
"12/08/2016","1,921.08","1,898.82","1,924.22","1,885.42","58.33M","1.67%"
"12/07/2016","1,889.51","1,877.73","1,900.64","1,874.68","53.04M","0.69%"
"12/06/2016","1,876.56","1,846.82","1,878.76","1,843.64","36.98M","1.67%"
"12/05/2016","1,845.66","1,788.93","1,845.66","1,788.93","24.30M","3.48%"
"12/02/2016","1,783.57","1,787.79","1,790.90","1,777.56","26.54M","-0.02%"
"12/01/2016","1,783.94","1,802.89","1,802.89","1,781.72","28.04M","-0.79%"
"11/30/2016","1,798.22","1,783.45","1,808.78","1,783.06","80.90M","1.02%"
"11/29/2016","1,780.04","1,777.84","1,785.08","1,771.13","29.19M","0.21%"
"11/28/2016","1,776.30","1,794.64","1,796.61","1,774.67","24.66M","-1.11%"
"11/25/2016","1,796.30","1,810.46","1,812.80","1,785.16","30.84M","-0.61%"
"11/24/2016","1,807.27","1,798.00","1,811.99","1,795.48","19.37M","0.59%"
"11/23/2016","1,796.63","1,772.69","1,796.63","1,772.66","34.56M","1.18%"
"11/22/2016","1,775.66","1,765.41","1,779.86","1,765.41","27.84M","1.10%"
"11/21/2016","1,756.35","1,731.39","1,757.81","1,731.39","31.94M","1.77%"
"11/18/2016","1,725.74","1,736.82","1,741.60","1,717.55","24.38M","-0.96%"
"11/17/2016","1,742.39","1,761.95","1,766.31","1,739.73","23.77M","-0.92%"
"11/16/2016","1,758.54","1,757.61","1,769.29","1,750.08","33.53M","0.26%"
"11/15/2016","1,754.02","1,757.25","1,767.71","1,746.95","36.26M","0.01%"
"11/14/2016","1,753.86","1,794.23","1,805.30","1,753.86","41.09M","-2.39%"
"11/10/2016","1,796.75","1,800.19","1,831.76","1,796.75","44.10M","0.34%"
"11/09/2016","1,790.66","1,761.64","1,790.66","1,748.46","26.99M","0.42%"
"11/08/2016","1,783.22","1,767.24","1,783.22","1,767.24","20.60M","1.22%"
"11/07/2016","1,761.79","1,773.16","1,788.47","1,755.40","25.20M","0.20%"
"11/04/2016","1,758.22","1,765.48","1,766.13","1,757.07","17.56M","-0.52%"
"11/03/2016","1,767.37","1,764.66","1,773.49","1,756.86","32.70M","0.10%"
"11/02/2016","1,765.62","1,804.87","1,804.87","1,759.01","40.38M","-2.70%"
"10/31/2016","1,814.66","1,816.88","1,831.49","1,809.89","27.83M","-0.17%"
"10/28/2016","1,817.79","1,795.14","1,817.79","1,783.82","28.73M","1.25%"
"10/27/2016","1,795.33","1,780.78","1,798.42","1,779.74","32.62M","0.88%"
"10/26/2016","1,779.73","1,785.14","1,790.94","1,771.44","25.29M","-0.33%"
"10/25/2016","1,785.59","1,782.68","1,800.00","1,782.68","32.36M","0.16%"
"10/24/2016","1,782.79","1,753.46","1,784.95","1,753.46","22.77M","1.74%"
"10/21/2016","1,752.25","1,751.18","1,760.14","1,749.32","27.48M","0.19%"
"10/20/2016","1,748.99","1,751.16","1,758.76","1,747.85","26.82M","0.26%"
"10/19/2016","1,744.53","1,722.43","1,750.44","1,720.63","41.47M","1.35%"
"10/18/2016","1,721.21","1,720.14","1,731.22","1,711.86","29.06M","0.41%"
"10/17/2016","1,714.20","1,717.26","1,728.36","1,711.92","23.66M","-0.32%"
"10/14/2016","1,719.64","1,732.81","1,737.65","1,719.64","20.42M","-0.46%"
"10/13/2016","1,727.55","1,751.92","1,751.92","1,726.80","29.48M","-1.87%"
"10/12/2016","1,760.43","1,753.78","1,760.43","1,743.75","23.22M","0.19%"
"10/11/2016","1,757.04","1,767.37","1,770.34","1,754.76","21.13M","-0.50%"
"10/10/2016","1,765.95","1,757.71","1,769.84","1,755.77","16.02M","0.81%"
"10/07/2016","1,751.72","1,762.35","1,762.35","1,748.30","26.87M","-0.58%"
"10/06/2016","1,761.90","1,762.95","1,763.83","1,750.87","28.44M","-0.02%"
"10/05/2016","1,762.23","1,755.28","1,769.20","1,743.50","32.01M","0.47%"
"10/04/2016","1,754.04","1,728.57","1,756.87","1,728.57","31.05M","1.66%"
"10/03/2016","1,725.44","1,713.16","1,728.59","1,711.02","16.79M","0.93%"
"09/30/2016","1,709.51","1,723.24","1,732.52","1,709.51","32.98M","-1.21%"
"09/29/2016","1,730.45","1,730.66","1,735.49","1,715.78","23.44M","-0.24%"
"09/28/2016","1,734.59","1,734.12","1,743.40","1,728.35","27.49M","0.10%"
"09/27/2016","1,732.81","1,741.68","1,743.86","1,716.97","25.57M","-0.42%"
"09/26/2016","1,740.05","1,756.50","1,756.50","1,730.04","20.59M","-1.27%"
"09/23/2016","1,762.48","1,774.40","1,774.40","1,748.18","31.64M","-0.77%"
"09/22/2016","1,776.22","1,762.09","1,776.22","1,748.65","59.12M","1.01%"
"09/21/2016","1,758.47","1,755.52","1,761.41","1,753.22","23.70M","0.16%"
"09/20/2016","1,755.59","1,748.71","1,755.59","1,741.64","19.57M","0.33%"
"09/19/2016","1,749.78","1,740.57","1,761.70","1,740.57","18.82M","0.89%"
"09/16/2016","1,734.26","1,745.20","1,747.91","1,734.17","37.83M","-0.67%"
"09/15/2016","1,745.97","1,736.24","1,745.97","1,735.85","15.24M","0.53%"
"09/14/2016","1,736.68","1,730.91","1,742.23","1,725.57","15.31M","0.52%"
"09/13/2016","1,727.69","1,736.54","1,745.40","1,718.56","29.38M","-0.21%"
"09/12/2016","1,731.37","1,746.60","1,746.60","1,710.61","24.29M","-1.30%"
"09/09/2016","1,754.12","1,792.55","1,792.62","1,753.12","22.61M","-2.19%"
"09/08/2016","1,793.48","1,811.76","1,818.94","1,789.59","24.96M","-0.91%"
"09/07/2016","1,810.02","1,792.71","1,815.28","1,792.71","24.69M","1.07%"
"09/06/2016","1,790.83","1,792.02","1,799.76","1,774.73","25.53M","0.16%"
"09/05/2016","1,788.02","1,770.85","1,794.50","1,770.72","25.95M","1.16%"
"09/02/2016","1,767.55","1,760.27","1,769.58","1,753.65","23.94M","0.33%"
"09/01/2016","1,761.68","1,796.61","1,803.95","1,759.68","28.89M","-1.78%"
"08/31/2016","1,793.56","1,797.35","1,797.35","1,788.79","30.39M","-0.26%"
"08/30/2016","1,798.23","1,776.41","1,802.87","1,771.51","23.20M","1.17%"
"08/29/2016","1,777.35","1,772.66","1,782.10","1,770.56","11.95M","0.08%"
"08/26/2016","1,775.90","1,783.26","1,784.47","1,772.70","15.74M","-0.32%"
"08/25/2016","1,781.68","1,788.99","1,788.99","1,773.67","19.84M","-0.26%"
"08/24/2016","1,786.32","1,787.89","1,792.40","1,774.07","25.22M","-0.24%"
"08/23/2016","1,790.60","1,793.48","1,804.55","1,779.58","27.66M","-0.54%"
"08/22/2016","1,800.34","1,799.87","1,811.69","1,793.96","17.95M","0.01%"
"08/19/2016","1,800.17","1,824.95","1,825.89","1,797.51","21.53M","-1.14%"
"08/18/2016","1,821.01","1,824.61","1,830.47","1,808.68","20.97M","-0.19%"
"08/17/2016","1,824.40","1,847.28","1,848.64","1,821.22","22.44M","-1.22%"
"08/16/2016","1,846.86","1,856.22","1,856.76","1,844.83","19.98M","-0.58%"
"08/12/2016","1,857.70","1,863.79","1,869.53","1,854.84","17.06M","-0.38%"
"08/11/2016","1,864.70","1,850.84","1,864.93","1,844.97","21.00M","0.66%"
"08/10/2016","1,852.54","1,845.78","1,852.54","1,838.78","15.77M","0.29%"
"08/09/2016","1,847.15","1,836.65","1,850.53","1,823.54","19.89M","0.55%"
"08/08/2016","1,837.05","1,828.23","1,838.91","1,826.49","14.87M","0.64%"
"08/05/2016","1,825.45","1,822.66","1,828.79","1,811.16","16.31M","0.29%"
"08/04/2016","1,820.24","1,791.12","1,820.24","1,791.12","27.45M","1.68%"
"08/03/2016","1,790.09","1,806.56","1,810.12","1,787.69","21.69M","-0.75%"
"08/02/2016","1,803.63","1,777.79","1,819.49","1,775.63","45.08M","2.36%"
"08/01/2016","1,762.12","1,760.37","1,773.96","1,749.18","17.91M","0.14%"
"07/29/2016","1,759.74","1,792.92","1,792.92","1,756.72","33.09M","-1.61%"
"07/28/2016","1,788.51","1,791.55","1,797.62","1,783.83","24.76M","-0.51%"
"07/27/2016","1,797.63","1,800.65","1,803.09","1,786.66","26.95M","-0.35%"
"07/26/2016","1,803.96","1,812.16","1,812.48","1,798.27","19.91M","-0.59%"
"07/25/2016","1,814.75","1,798.64","1,819.01","1,798.64","19.08M","1.21%"
"07/22/2016","1,792.97","1,800.87","1,800.87","1,784.74","18.18M","-0.59%"
"07/21/2016","1,803.68","1,800.15","1,804.13","1,791.87","17.70M","0.18%"
"07/20/2016","1,800.41","1,797.25","1,800.65","1,785.65","19.95M","0.44%"
"07/19/2016","1,792.47","1,787.40","1,792.47","1,774.74","20.09M","0.24%"
"07/18/2016","1,788.12","1,764.85","1,792.32","1,763.65","22.04M","1.63%"
"07/15/2016","1,759.41","1,746.76","1,768.15","1,743.03","31.12M","0.81%"
"07/14/2016","1,745.34","1,740.03","1,746.53","1,729.82","27.72M","0.07%"
"07/13/2016","1,744.15","1,747.31","1,761.65","1,736.20","40.17M","-0.58%"
"07/12/2016","1,754.38","1,747.85","1,763.54","1,744.51","30.04M","0.51%"
"07/11/2016","1,745.43","1,719.81","1,745.43","1,719.81","27.14M","2.35%"
"07/08/2016","1,705.43","1,714.84","1,723.86","1,705.43","22.34M","-0.47%"
"07/07/2016","1,713.51","1,697.51","1,726.74","1,697.51","25.93M","1.40%"
"07/06/2016","1,689.92","1,716.30","1,717.40","1,686.81","30.21M","-1.52%"
"07/05/2016","1,715.95","1,722.62","1,731.95","1,715.95","21.40M","-0.50%"
"07/04/2016","1,724.50","1,728.89","1,735.41","1,697.33","25.85M","-1.15%"
"07/01/2016","1,744.56","1,756.47","1,762.69","1,730.44","25.21M","-0.35%"
"06/30/2016","1,750.69","1,751.77","1,755.82","1,735.15","40.35M","-0.31%"
"06/29/2016","1,756.20","1,756.86","1,762.05","1,743.01","35.94M","0.25%"
"06/28/2016","1,751.81","1,753.04","1,762.69","1,739.30","59.28M","1.13%"
"06/27/2016","1,732.19","1,759.88","1,761.63","1,732.19","28.30M","-2.12%"
"06/24/2016","1,769.67","1,676.13","1,770.02","1,641.85","38.21M","-4.53%"
"06/23/2016","1,853.71","1,820.28","1,853.71","1,814.28","27.38M","1.68%"
"06/22/2016","1,823.03","1,801.47","1,824.42","1,791.52","32.07M","1.13%"
"06/21/2016","1,802.61","1,775.08","1,802.61","1,767.87","29.70M","0.49%"
"06/20/2016","1,793.83","1,764.76","1,798.82","1,764.76","21.83M","2.24%"
"06/17/2016","1,754.45","1,739.54","1,755.92","1,739.54","43.93M","1.21%"
"06/16/2016","1,733.48","1,758.15","1,758.15","1,723.35","43.30M","-2.22%"
"06/15/2016","1,772.91","1,766.96","1,779.14","1,762.91","25.07M","0.58%"
"06/14/2016","1,762.61","1,777.15","1,777.15","1,749.29","22.92M","-0.98%"
"06/13/2016","1,780.01","1,770.85","1,783.55","1,756.42","16.46M","-0.11%"
"06/10/2016","1,782.02","1,815.50","1,816.92","1,777.73","19.77M","-1.77%"
"06/09/2016","1,814.14","1,842.55","1,844.58","1,811.80","22.31M","-1.61%"
"06/08/2016","1,843.85","1,833.06","1,852.85","1,811.33","30.76M","0.60%"
"06/07/2016","1,832.79","1,799.46","1,834.41","1,799.46","24.80M","1.98%"
"06/06/2016","1,797.27","1,797.23","1,806.95","1,780.55","13.36M","0.21%"
"06/03/2016","1,793.43","1,760.19","1,797.04","1,759.44","30.96M","1.77%"
"06/02/2016","1,762.28","1,759.87","1,773.76","1,748.22","28.05M","0.16%"
"06/01/2016","1,759.49","1,809.97","1,809.97","1,753.86","30.31M","-2.70%"
"05/31/2016","1,808.24","1,844.22","1,853.41","1,808.24","44.85M","-1.82%"
"05/30/2016","1,841.79","1,840.91","1,848.66","1,830.39","10.15M","0.14%"
"05/27/2016","1,839.22","1,849.78","1,856.87","1,839.22","23.79M","-0.54%"
"05/25/2016","1,849.27","1,837.25","1,860.40","1,837.25","27.79M","0.99%"
"05/24/2016","1,831.15","1,817.47","1,836.71","1,811.70","29.14M","0.67%"
"05/23/2016","1,818.97","1,805.88","1,824.78","1,796.31","19.28M","0.70%"
"05/20/2016","1,806.38","1,800.76","1,815.41","1,789.92","22.38M","0.36%"
"05/19/2016","1,799.90","1,844.07","1,844.07","1,796.24","25.50M","-2.28%"
"05/18/2016","1,841.84","1,845.98","1,853.37","1,832.42","23.68M","-0.25%"
"05/17/2016","1,846.50","1,859.85","1,872.99","1,845.88","28.18M","-0.39%"
"05/16/2016","1,853.78","1,829.37","1,861.37","1,829.37","18.54M","2.12%"
"05/13/2016","1,815.38","1,812.82","1,829.07","1,807.73","16.57M","-0.04%"
"05/12/2016","1,816.09","1,817.25","1,837.10","1,812.61","18.59M","-0.11%"
"05/11/2016","1,818.02","1,823.50","1,830.58","1,814.43","23.93M","-0.39%"
"05/10/2016","1,825.17","1,845.54","1,854.26","1,818.34","23.84M","-1.26%"
"05/09/2016","1,848.45","1,859.84","1,861.17","1,845.74","21.18M","-0.23%"
"05/06/2016","1,852.71","1,838.83","1,860.42","1,827.42","20.06M","0.82%"
"05/05/2016","1,837.71","1,865.17","1,865.17","1,836.01","18.25M","-1.48%"
"05/04/2016","1,865.25","1,890.87","1,893.40","1,859.68","29.68M","-1.81%"
"05/02/2016","1,899.72","1,898.93","1,914.12","1,890.59","6.98M","0.16%"
"04/29/2016","1,896.64","1,899.32","1,899.32","1,878.90","24.49M","-0.07%"
"04/28/2016","1,897.98","1,885.19","1,900.33","1,875.46","20.05M","0.29%"
"04/27/2016","1,892.48","1,913.09","1,921.03","1,887.83","15.02M","-1.25%"
"04/26/2016","1,916.35","1,925.44","1,931.05","1,911.12","20.74M","-0.47%"
"04/25/2016","1,925.34","1,940.55","1,940.55","1,917.29","11.72M","-0.91%"
"04/22/2016","1,943.03","1,949.60","1,951.47","1,928.02","19.99M","-0.38%"
"04/21/2016","1,950.38","1,966.84","1,973.01","1,938.82","23.39M","-0.64%"
"04/20/2016","1,962.88","1,963.66","1,965.73","1,949.13","24.78M","-0.10%"
"04/19/2016","1,964.84","1,946.09","1,969.91","1,946.09","19.42M","0.95%"
"04/18/2016","1,946.34","1,932.52","1,946.34","1,919.54","18.25M","0.33%"
"04/15/2016","1,939.95","1,952.47","1,952.80","1,928.14","16.93M","-0.60%"
"04/14/2016","1,951.75","1,941.15","1,954.76","1,935.69","20.93M","0.38%"
"04/13/2016","1,944.36","1,918.51","1,947.49","1,918.51","23.01M","1.92%"
"04/12/2016","1,907.72","1,915.38","1,917.61","1,891.76","13.64M","-0.34%"
"04/11/2016","1,914.22","1,919.03","1,932.79","1,907.85","13.90M","-0.27%"
"04/08/2016","1,919.42","1,911.93","1,920.37","1,901.55","18.46M","0.75%"
"04/07/2016","1,905.10","1,928.52","1,936.31","1,892.25","24.31M","-0.75%"
"04/06/2016","1,919.59","1,939.74","1,943.44","1,911.10","22.71M","-0.74%"
"04/05/2016","1,933.84","1,976.23","1,976.23","1,933.84","28.32M","-2.63%"
"04/04/2016","1,986.14","1,970.39","1,988.78","1,962.47","14.42M","0.65%"
"04/01/2016","1,973.24","1,985.37","1,986.04","1,959.62","21.80M","-1.22%"
"03/31/2016","1,997.69","1,982.94","1,997.69","1,976.64","34.09M","-0.11%"
"03/30/2016","1,999.93","1,962.38","1,999.93","1,962.28","27.56M","2.36%"
"03/29/2016","1,953.84","1,939.41","1,959.90","1,939.41","23.64M","0.91%"
"03/24/2016","1,936.19","1,933.12","1,936.19","1,912.07","20.96M","0.03%"
"03/23/2016","1,935.61","1,959.07","1,969.36","1,926.23","26.51M","-1.39%"
"03/22/2016","1,962.98","1,948.94","1,962.98","1,932.53","30.15M","0.53%"
"03/21/2016","1,952.63","1,951.90","1,957.67","1,939.50","28.09M","-0.48%"
"03/18/2016","1,961.97","1,944.75","1,962.89","1,939.05","62.65M","0.91%"
"03/17/2016","1,944.21","1,907.65","1,951.48","1,907.65","41.31M","2.02%"
"03/16/2016","1,905.69","1,909.60","1,916.39","1,891.13","38.33M","-0.02%"
"03/15/2016","1,906.08","1,909.88","1,915.57","1,899.85","23.38M","-0.40%"
"03/14/2016","1,913.83","1,917.09","1,928.37","1,902.88","26.63M","0.15%"
"03/11/2016","1,910.87","1,892.86","1,917.70","1,892.86","22.30M","1.25%"
"03/10/2016","1,887.31","1,876.34","1,907.36","1,873.47","31.16M","0.46%"
"03/09/2016","1,878.59","1,875.09","1,879.48","1,864.88","24.34M","0.11%"
"03/08/2016","1,876.49","1,887.19","1,895.33","1,868.78","26.71M","-1.00%"
"03/07/2016","1,895.41","1,874.03","1,895.41","1,868.64","30.47M","1.17%"
"03/04/2016","1,873.51","1,877.60","1,882.83","1,859.50","32.70M","-0.19%"
"03/03/2016","1,877.15","1,828.14","1,877.15","1,823.13","34.23M","2.85%"
"03/02/2016","1,825.15","1,830.28","1,841.90","1,807.12","23.43M","0.00%"
"03/01/2016","1,825.07","1,826.93","1,830.34","1,796.24","23.05M","0.05%"
"02/29/2016","1,824.08","1,836.93","1,837.34","1,811.86","29.88M","-1.11%"
"02/26/2016","1,844.57","1,845.08","1,863.49","1,841.55","26.53M","0.35%"
"02/25/2016","1,838.17","1,826.34","1,844.88","1,822.54","20.83M","1.09%"
"02/24/2016","1,818.37","1,844.44","1,849.03","1,814.33","24.68M","-1.44%"
"02/23/2016","1,844.96","1,847.90","1,862.13","1,838.35","17.83M","-0.79%"
"02/22/2016","1,859.73","1,849.60","1,881.08","1,849.60","20.07M","1.01%"
"02/19/2016","1,841.06","1,848.09","1,852.98","1,835.19","25.89M","-0.69%"
"02/18/2016","1,853.76","1,847.00","1,878.14","1,841.81","38.64M","0.31%"
"02/17/2016","1,847.95","1,786.14","1,847.95","1,786.14","49.64M","3.59%"
"02/16/2016","1,783.93","1,788.14","1,791.30","1,765.47","28.76M","-0.23%"
"02/15/2016","1,787.98","1,780.23","1,798.25","1,779.97","20.10M","1.27%"
"02/12/2016","1,765.53","1,758.10","1,782.03","1,757.28","16.90M","0.38%"
"02/11/2016","1,758.93","1,759.51","1,766.82","1,730.66","23.39M","-0.12%"
"02/10/2016","1,760.99","1,772.40","1,792.10","1,760.99","27.08M","-0.37%"
"02/09/2016","1,767.45","1,766.02","1,774.76","1,746.44","22.51M","-0.13%"
"02/08/2016","1,769.71","1,790.32","1,792.73","1,759.20","15.48M","-1.18%"
"02/05/2016","1,790.87","1,789.26","1,805.25","1,782.58","22.59M","0.12%"
"02/04/2016","1,788.65","1,748.87","1,788.65","1,748.87","30.94M","2.85%"
"02/03/2016","1,739.08","1,734.44","1,750.02","1,726.09","28.15M","0.43%"
"02/02/2016","1,731.64","1,776.26","1,779.17","1,730.19","23.28M","-2.58%"
"02/01/2016","1,777.54","1,781.67","1,781.67","1,760.71","19.58M","-0.15%"
"01/29/2016","1,780.25","1,763.09","1,780.25","1,756.04","37.47M","1.42%"
"01/28/2016","1,755.39","1,726.30","1,764.45","1,726.30","29.66M","1.54%"
"01/27/2016","1,728.84","1,710.66","1,728.84","1,710.66","23.47M","0.90%"
"01/26/2016","1,713.36","1,714.31","1,728.32","1,705.89","24.10M","-0.94%"
"01/25/2016","1,729.62","1,730.44","1,738.16","1,716.86","23.92M","0.14%"
"01/22/2016","1,727.22","1,696.79","1,730.10","1,696.79","39.49M","2.58%"
"01/21/2016","1,683.81","1,682.42","1,710.20","1,657.43","31.21M","0.55%"
"01/20/2016","1,674.57","1,680.19","1,711.54","1,657.66","47.93M","-1.06%"
"01/19/2016","1,692.52","1,694.97","1,716.76","1,692.52","27.63M","0.79%"
"01/18/2016","1,679.22","1,712.35","1,725.11","1,678.78","23.64M","-3.21%"
"01/15/2016","1,734.87","1,766.35","1,769.67","1,734.87","24.94M","-2.37%"
"01/14/2016","1,776.96","1,760.50","1,776.96","1,737.47","27.29M","0.25%"
"01/13/2016","1,772.48","1,758.21","1,784.09","1,756.88","32.21M","1.26%"
"01/12/2016","1,750.51","1,712.16","1,756.44","1,712.16","24.73M","2.74%"
"01/11/2016","1,703.78","1,721.38","1,727.15","1,698.68","25.41M","-1.24%"
"01/08/2016","1,725.14","1,750.93","1,758.19","1,715.08","27.07M","-1.16%"
"01/07/2016","1,745.46","1,763.59","1,766.85","1,739.78","36.00M","-2.60%"
"01/05/2016","1,792.01","1,811.27","1,819.82","1,777.00","21.41M","-0.69%"
"01/04/2016","1,804.42","1,832.40","1,832.40","1,799.78","14.42M","-2.94%"
"12/30/2015","1,859.15","1,891.75","1,899.60","1,858.61","21.18M","-1.80%"
"12/29/2015","1,893.32","1,879.39","1,907.91","1,879.39","15.19M","0.91%"
"12/28/2015","1,876.33","1,874.62","1,881.95","1,869.91","11.72M","-0.18%"
"12/23/2015","1,879.75","1,880.50","1,887.49","1,873.16","13.31M","0.32%"
"12/22/2015","1,873.78","1,866.89","1,876.86","1,854.50","23.43M","0.41%"
"12/21/2015","1,866.19","1,854.45","1,877.28","1,851.00","20.34M","0.39%"
"12/18/2015","1,858.87","1,832.70","1,869.75","1,825.35","54.14M","0.99%"
"12/17/2015","1,840.57","1,808.52","1,864.69","1,808.52","51.91M","2.05%"
"12/16/2015","1,803.68","1,775.68","1,811.64","1,770.59","27.98M","1.79%"
"12/15/2015","1,771.99","1,757.73","1,778.37","1,757.42","25.41M","0.98%"
"12/14/2015","1,754.74","1,759.14","1,769.51","1,745.97","24.71M","-0.15%"
"12/11/2015","1,757.37","1,811.51","1,825.03","1,755.66","40.78M","-2.31%"
"12/10/2015","1,798.86","1,775.94","1,810.02","1,775.94","44.50M","1.45%"
"12/09/2015","1,773.21","1,816.59","1,823.34","1,769.60","41.04M","-2.30%"
"12/08/2015","1,814.88","1,862.91","1,877.22","1,811.23","39.02M","-2.68%"
"12/07/2015","1,864.92","1,870.57","1,890.72","1,863.06","27.72M","-0.18%"
"12/04/2015","1,868.24","1,858.40","1,868.24","1,807.89","48.50M","0.01%"
"12/03/2015","1,867.96","1,884.46","1,902.10","1,862.52","50.22M","-0.98%"
"12/02/2015","1,886.50","1,921.82","1,924.12","1,875.13","30.23M","-1.95%"
"12/01/2015","1,923.94","1,930.20","1,944.65","1,918.39","23.61M","-0.09%"
"11/30/2015","1,925.72","1,934.54","1,943.86","1,919.88","55.79M","-0.53%"
"11/27/2015","1,936.05","1,962.26","1,962.26","1,931.30","20.05M","-1.42%"
"11/26/2015","1,963.89","1,945.77","1,964.64","1,944.45","21.61M","1.06%"
"11/25/2015","1,943.30","1,947.12","1,964.07","1,934.58","28.02M","-0.04%"
"11/24/2015","1,943.99","1,983.03","1,984.11","1,929.84","22.98M","-1.95%"
"11/23/2015","1,982.57","2,018.63","2,018.63","1,959.84","23.80M","-1.95%"
"11/20/2015","2,021.99","2,011.70","2,025.06","2,009.40","13.93M","0.61%"
"11/19/2015","2,009.73","2,033.94","2,033.94","2,005.91","20.10M","-0.70%"
"11/18/2015","2,023.98","2,004.13","2,026.35","1,993.37","30.61M","0.81%"
"11/17/2015","2,007.62","1,973.98","2,010.86","1,973.98","24.98M","1.84%"
"11/16/2015","1,971.43","1,972.90","1,984.91","1,960.36","21.20M","-0.38%"
"11/13/2015","1,978.87","2,006.62","2,011.12","1,977.99","27.61M","-1.73%"
"11/12/2015","2,013.67","2,029.20","2,036.53","2,004.30","27.27M","-0.41%"
"11/10/2015","2,021.92","2,012.57","2,033.20","2,004.70","31.51M","0.44%"
"11/09/2015","2,012.97","2,023.65","2,028.66","1,997.23","16.22M","-0.34%"
"11/06/2015","2,019.78","2,040.32","2,044.87","2,015.31","34.04M","-1.05%"
"11/05/2015","2,041.24","2,058.67","2,063.97","2,041.24","18.92M","-1.06%"
"11/04/2015","2,063.08","2,063.18","2,082.64","2,052.25","24.75M","0.08%"
"11/03/2015","2,061.38","2,079.14","2,083.74","2,060.15","16.35M","-0.76%"
"11/02/2015","2,077.09","2,061.56","2,081.58","2,055.00","14.40M","0.83%"
"10/30/2015","2,060.03","2,059.50","2,064.57","2,042.72","24.98M","0.03%"
"10/29/2015","2,059.34","2,098.37","2,102.64","2,054.34","25.11M","-2.20%"
"10/28/2015","2,105.63","2,108.61","2,108.61","2,093.71","21.02M","-0.35%"
"10/27/2015","2,113.06","2,108.50","2,114.54","2,099.70","21.82M","0.11%"
"10/26/2015","2,110.74","2,093.76","2,125.08","2,087.42","21.24M","0.16%"
"10/23/2015","2,107.43","2,108.45","2,123.32","2,103.20","21.30M","0.06%"
"10/22/2015","2,106.27","2,101.44","2,116.42","2,094.40","22.62M","0.03%"
"10/21/2015","2,105.65","2,119.00","2,122.06","2,100.66","23.40M","-0.53%"
"10/20/2015","2,116.81","2,108.15","2,119.62","2,103.26","21.78M","0.27%"
"10/19/2015","2,111.04","2,124.66","2,134.36","2,107.63","17.39M","-0.51%"
"10/16/2015","2,121.94","2,146.31","2,152.37","2,121.94","27.07M","-0.68%"
"10/15/2015","2,136.42","2,125.36","2,142.00","2,125.36","18.01M","0.82%"
"10/14/2015","2,118.97","2,115.39","2,136.06","2,105.46","22.69M","-0.21%"
"10/13/2015","2,123.43","2,129.58","2,129.58","2,108.16","24.78M","-0.47%"
"10/12/2015","2,133.56","2,147.86","2,152.93","2,125.08","24.32M","-0.45%"
"10/09/2015","2,143.28","2,129.49","2,147.11","2,129.03","30.48M","0.79%"
"10/08/2015","2,126.48","2,104.00","2,131.35","2,096.24","36.55M","0.76%"
"10/07/2015","2,110.39","2,106.04","2,116.03","2,092.35","31.23M","0.36%"
"10/06/2015","2,102.87","2,089.63","2,109.58","2,079.12","28.05M","0.70%"
"10/05/2015","2,088.27","2,046.23","2,095.95","2,046.23","22.87M","2.55%"
"10/02/2015","2,036.32","2,053.15","2,061.12","2,025.98","19.86M","-0.66%"
"10/01/2015","2,049.93","2,074.84","2,078.07","2,043.05","22.10M","-0.80%"
"09/30/2015","2,066.37","2,052.89","2,067.06","2,042.23","28.40M","1.14%"
"09/29/2015","2,043.00","2,031.63","2,050.89","2,008.92","21.98M","-0.80%"
"09/28/2015","2,059.41","2,092.84","2,097.68","2,054.20","13.95M","-1.55%"
"09/25/2015","2,091.73","2,093.29","2,107.52","2,087.66","16.93M","0.42%"
"09/24/2015","2,082.95","2,110.49","2,120.15","2,070.21","30.84M","-1.13%"
"09/23/2015","2,106.80","2,128.39","2,139.45","2,102.51","19.94M","-1.45%"
"09/22/2015","2,137.88","2,178.38","2,181.98","2,131.39","18.37M","-1.85%"
"09/21/2015","2,178.27","2,166.54","2,180.91","2,162.07","14.55M","0.46%"
"09/18/2015","2,168.19","2,199.43","2,199.43","2,148.57","38.81M","-1.42%"
"09/17/2015","2,199.46","2,179.71","2,202.05","2,177.94","25.99M","0.81%"
"09/16/2015","2,181.80","2,187.90","2,192.36","2,168.89","20.61M","-0.19%"
"09/15/2015","2,185.88","2,182.07","2,187.22","2,170.87","20.55M","0.13%"
"09/14/2015","2,183.05","2,175.24","2,183.71","2,163.73","17.59M","-0.11%"
"09/11/2015","2,185.46","2,185.48","2,194.72","2,178.80","18.69M","0.02%"
"09/10/2015","2,184.96","2,140.69","2,184.96","2,139.25","27.99M","1.98%"
"09/09/2015","2,142.53","2,153.54","2,168.98","2,142.53","38.26M","0.35%"
"09/08/2015","2,135.15","2,137.37","2,153.52","2,133.73","21.35M","0.13%"
"09/07/2015","2,132.36","2,154.74","2,162.86","2,132.36","10.65M","-0.66%"
"09/04/2015","2,146.47","2,150.62","2,153.70","2,131.59","23.98M","-0.40%"
"09/03/2015","2,155.07","2,115.73","2,156.71","2,115.73","23.07M","2.25%"
"09/02/2015","2,107.58","2,119.03","2,124.52","2,106.99","22.53M","-0.39%"
"09/01/2015","2,115.75","2,149.00","2,149.00","2,111.20","22.30M","-2.22%"
"08/31/2015","2,163.71","2,142.45","2,163.71","2,131.09","30.15M","0.87%"
"08/28/2015","2,145.12","2,126.23","2,145.12","2,108.53","25.71M","1.29%"
"08/27/2015","2,117.83","2,091.04","2,118.29","2,091.04","28.66M","2.09%"
"08/26/2015","2,074.49","2,054.43","2,082.36","2,046.62","30.96M","0.19%"
"08/25/2015","2,070.56","2,053.54","2,112.09","2,049.22","34.63M","0.69%"
"08/24/2015","2,056.38","2,139.45","2,139.45","2,014.69","43.97M","-5.66%"
"08/21/2015","2,179.73","2,181.55","2,196.20","2,167.62","25.96M","-0.96%"
"08/20/2015","2,200.86","2,189.96","2,206.93","2,183.58","28.09M","0.40%"
"08/19/2015","2,192.14","2,179.98","2,194.79","2,167.16","33.01M","1.04%"
"08/18/2015","2,169.59","2,171.63","2,179.62","2,160.07","27.97M","-0.21%"
"08/17/2015","2,174.11","2,200.35","2,205.62","2,169.82","19.79M","-1.10%"
"08/14/2015","2,198.22","2,224.61","2,234.45","2,193.79","17.19M","-1.19%"
"08/13/2015","2,224.74","2,203.68","2,226.91","2,203.68","21.53M","1.12%"
"08/12/2015","2,200.08","2,217.08","2,217.08","2,182.62","19.50M","-0.88%"
"08/11/2015","2,219.57","2,221.86","2,237.35","2,212.88","16.68M","-0.12%"
"08/10/2015","2,222.25","2,203.61","2,222.25","2,197.04","9.70M","1.16%"
"08/07/2015","2,196.78","2,196.01","2,211.09","2,188.72","17.70M","0.03%"
"08/06/2015","2,196.22","2,241.44","2,241.44","2,188.54","30.83M","-2.76%"
"08/05/2015","2,258.62","2,228.26","2,258.62","2,224.80","17.29M","1.38%"
"08/04/2015","2,227.98","2,228.64","2,231.86","2,216.04","13.75M","-0.10%"
"08/03/2015","2,230.28","2,221.27","2,231.97","2,216.55","9.71M","0.12%"
"07/31/2015","2,227.51","2,193.59","2,227.51","2,184.81","23.60M","1.76%"
"07/30/2015","2,188.92","2,216.29","2,224.30","2,180.60","16.74M","-1.04%"
"07/29/2015","2,212.02","2,200.40","2,236.20","2,192.17","20.60M","0.81%"
"07/28/2015","2,194.24","2,192.86","2,209.13","2,190.46","23.56M","0.24%"
"07/27/2015","2,189.08","2,190.80","2,193.31","2,158.69","17.70M","0.06%"
"07/24/2015","2,187.67","2,195.82","2,208.43","2,183.02","18.46M","-0.60%"
"07/23/2015","2,200.84","2,175.41","2,202.60","2,170.00","21.95M","0.69%"
"07/22/2015","2,185.83","2,247.23","2,247.23","2,182.34","21.95M","-2.84%"
"07/21/2015","2,249.67","2,249.27","2,257.91","2,228.47","13.73M","0.22%"
"07/20/2015","2,244.63","2,282.98","2,288.47","2,244.30","12.79M","-1.77%"
"07/17/2015","2,285.03","2,300.10","2,303.66","2,281.13","15.72M","-0.59%"
"07/16/2015","2,298.54","2,264.61","2,298.54","2,259.34","23.86M","1.81%"
"07/15/2015","2,257.62","2,262.78","2,264.17","2,240.78","12.67M","-0.10%"
"07/14/2015","2,259.98","2,269.40","2,270.06","2,247.96","13.76M","-0.40%"
"07/13/2015","2,269.00","2,275.22","2,289.16","2,263.44","12.95M","-0.08%"
"07/10/2015","2,270.84","2,244.68","2,279.19","2,240.97","19.55M","1.80%"
"07/09/2015","2,230.65","2,219.76","2,230.65","2,210.14","17.06M","0.64%"
"07/08/2015","2,216.39","2,219.58","2,229.92","2,203.06","27.71M","-0.10%"
"07/07/2015","2,218.64","2,272.83","2,286.31","2,218.25","18.75M","-2.35%"
"07/06/2015","2,272.09","2,263.47","2,279.27","2,249.00","16.30M","-0.27%"
"07/03/2015","2,278.17","2,295.87","2,299.45","2,264.91","8.79M","-0.71%"
"07/02/2015","2,294.37","2,298.50","2,307.90","2,285.41","21.03M","0.06%"
"07/01/2015","2,293.03","2,320.06","2,334.15","2,293.03","16.82M","-1.07%"
"06/30/2015","2,317.84","2,288.77","2,325.34","2,283.13","24.77M","1.16%"
"06/29/2015","2,291.23","2,285.50","2,303.38","2,246.47","13.90M","-1.82%"
"06/26/2015","2,333.82","2,352.13","2,352.73","2,333.82","17.86M","-0.89%"
"06/25/2015","2,354.74","2,345.61","2,369.41","2,344.59","19.66M","0.25%"
"06/24/2015","2,348.97","2,340.37","2,352.56","2,332.76","15.12M","0.33%"
"06/23/2015","2,341.26","2,355.85","2,361.06","2,341.26","13.12M","-0.38%"
"06/22/2015","2,350.09","2,312.13","2,352.58","2,312.13","13.24M","2.21%"
"06/19/2015","2,299.35","2,328.66","2,331.87","2,299.35","36.44M","-1.50%"
"06/18/2015","2,334.36","2,315.57","2,335.94","2,304.33","22.25M","0.56%"
"06/17/2015","2,321.39","2,357.51","2,368.57","2,316.85","22.59M","-1.50%"
"06/16/2015","2,356.77","2,356.77","2,363.14","2,347.51","19.96M","-0.05%"
"06/15/2015","2,358.03","2,353.17","2,372.20","2,346.76","11.75M","-0.03%"
"06/12/2015","2,358.73","2,384.63","2,384.63","2,358.73","12.69M","-1.05%"
"06/11/2015","2,383.87","2,387.95","2,393.72","2,377.41","15.53M","-0.03%"
"06/10/2015","2,384.49","2,339.70","2,388.16","2,338.84","31.15M","1.96%"
"06/09/2015","2,338.65","2,356.16","2,372.94","2,338.65","22.57M","-0.66%"
"06/08/2015","2,354.26","2,365.68","2,375.28","2,354.26","16.42M","-0.48%"
"06/05/2015","2,365.58","2,387.28","2,387.28","2,361.62","20.01M","-0.98%"
"06/03/2015","2,388.93","2,411.41","2,415.52","2,386.07","20.50M","-0.82%"
"06/02/2015","2,408.73","2,437.04","2,437.04","2,405.78","19.20M","-1.16%"
"06/01/2015","2,437.09","2,441.39","2,449.64","2,430.10","15.81M","-0.03%"
"05/29/2015","2,437.81","2,442.55","2,458.64","2,437.81","32.55M","-0.14%"
"05/28/2015","2,441.15","2,462.81","2,463.12","2,441.15","12.68M","-0.80%"
"05/27/2015","2,460.74","2,451.44","2,461.84","2,439.99","31.63M","0.49%"
"05/26/2015","2,448.81","2,459.98","2,470.04","2,447.05","19.13M","-0.98%"
"05/25/2015","2,473.17","2,501.45","2,501.45","2,462.61","10.23M","-1.73%"
"05/22/2015","2,516.76","2,522.37","2,523.43","2,505.41","16.80M","-0.32%"
"05/21/2015","2,524.83","2,518.85","2,526.83","2,508.80","14.25M","0.15%"
"05/20/2015","2,521.07","2,524.07","2,524.07","2,501.33","19.66M","-0.09%"
"05/19/2015","2,523.35","2,525.73","2,537.53","2,522.17","16.84M","-0.01%"
"05/18/2015","2,523.59","2,521.14","2,534.16","2,515.08","12.65M","0.35%"
"05/15/2015","2,514.84","2,515.54","2,528.07","2,511.79","16.03M","0.05%"
"05/14/2015","2,513.58","2,535.55","2,536.72","2,512.65","26.05M","-1.05%"
"05/13/2015","2,540.26","2,537.11","2,550.84","2,533.78","26.52M","-0.09%"
"05/12/2015","2,542.65","2,537.79","2,542.65","2,511.20","19.83M","0.30%"
"05/11/2015","2,535.10","2,546.05","2,547.78","2,535.10","15.72M","-0.46%"
"05/08/2015","2,546.78","2,525.11","2,555.79","2,525.11","21.39M","0.96%"
"05/07/2015","2,522.61","2,522.86","2,527.64","2,495.31","22.02M","-0.08%"
"05/06/2015","2,524.54","2,503.35","2,526.50","2,498.76","31.63M","0.66%"
"05/05/2015","2,507.95","2,523.00","2,528.14","2,499.51","16.90M","-0.60%"
"05/04/2015","2,523.09","2,519.97","2,536.86","2,517.05","15.01M","0.34%"
"04/30/2015","2,514.63","2,518.69","2,529.38","2,508.27","24.48M","-0.28%"
"04/29/2015","2,521.57","2,549.16","2,556.40","2,516.77","20.02M","-1.08%"
"04/28/2015","2,548.98","2,547.24","2,557.19","2,539.80","29.73M","-0.02%"
"04/27/2015","2,549.40","2,520.88","2,558.58","2,518.99","27.15M","1.20%"
"04/24/2015","2,519.20","2,524.02","2,531.29","2,508.31","20.85M","-0.14%"
"04/23/2015","2,522.78","2,529.38","2,534.00","2,506.45","18.56M","0.10%"
"04/22/2015","2,520.38","2,510.36","2,526.18","2,500.87","25.19M","0.43%"
"04/21/2015","2,509.50","2,513.88","2,528.43","2,498.52","23.04M","0.17%"
"04/20/2015","2,505.34","2,468.91","2,510.26","2,468.91","20.14M","1.68%"
"04/17/2015","2,463.96","2,500.19","2,512.67","2,463.96","26.27M","-1.59%"
"04/16/2015","2,503.65","2,476.35","2,503.65","2,476.35","26.88M","1.14%"
"04/15/2015","2,475.33","2,432.55","2,475.59","2,432.55","23.01M","1.66%"
"04/14/2015","2,434.89","2,441.59","2,442.98","2,424.39","16.02M","-0.31%"
"04/13/2015","2,442.47","2,441.37","2,444.53","2,433.40","17.33M","-0.05%"
"04/10/2015","2,443.62","2,443.83","2,451.52","2,434.95","21.88M","0.07%"
"04/09/2015","2,441.89","2,423.81","2,441.89","2,423.16","23.14M","0.70%"
"04/08/2015","2,424.82","2,422.16","2,432.94","2,419.01","26.44M","0.17%"
"04/07/2015","2,420.78","2,407.50","2,431.60","2,405.10","18.97M","0.84%"
"04/02/2015","2,400.65","2,394.37","2,400.89","2,388.50","16.43M","0.33%"
"04/01/2015","2,392.70","2,390.61","2,401.28","2,388.15","26.61M","-0.14%"
"03/31/2015","2,395.94","2,394.45","2,403.11","2,384.93","21.56M","-0.02%"
"03/30/2015","2,396.44","2,383.57","2,400.30","2,383.56","21.73M","0.98%"
"03/27/2015","2,373.18","2,379.49","2,389.83","2,373.18","20.00M","-0.14%"
"03/26/2015","2,376.39","2,383.55","2,388.93","2,372.07","17.81M","-0.79%"
"03/25/2015","2,395.40","2,408.49","2,413.20","2,395.02","24.95M","-0.70%"
"03/24/2015","2,412.32","2,405.98","2,414.78","2,399.83","17.22M","-0.09%"
"03/23/2015","2,414.39","2,410.35","2,414.39","2,393.51","11.45M","0.28%"
"03/20/2015","2,407.70","2,387.65","2,411.05","2,383.97","59.87M","0.96%"
"03/19/2015","2,384.78","2,352.78","2,384.78","2,352.78","26.21M","1.72%"
"03/18/2015","2,344.36","2,333.12","2,348.91","2,332.43","18.99M","0.60%"
"03/17/2015","2,330.39","2,315.57","2,339.17","2,311.04","18.07M","0.84%"
"03/16/2015","2,311.04","2,306.79","2,317.87","2,301.25","15.57M","0.33%"
"03/13/2015","2,303.40","2,329.03","2,330.76","2,297.37","19.48M","-1.13%"
"03/12/2015","2,329.81","2,334.70","2,336.81","2,318.23","21.03M","0.20%"
"03/11/2015","2,325.12","2,317.97","2,325.54","2,309.01","18.01M","0.53%"
"03/10/2015","2,312.96","2,343.04","2,347.52","2,312.55","18.51M","-1.33%"
"03/09/2015","2,344.12","2,341.26","2,357.32","2,337.28","16.93M","-0.08%"
"03/06/2015","2,345.93","2,358.87","2,361.73","2,340.36","20.28M","-0.42%"
"03/05/2015","2,355.75","2,346.01","2,359.92","2,346.01","36.75M","0.76%"
"03/04/2015","2,338.00","2,323.71","2,343.50","2,307.09","22.09M","0.64%"
"03/03/2015","2,323.09","2,354.20","2,357.91","2,323.09","18.59M","-1.49%"
"03/02/2015","2,358.25","2,371.78","2,373.03","2,349.94","18.66M","-0.37%"
"02/27/2015","2,367.10","2,361.45","2,368.58","2,355.17","29.22M","0.26%"
"02/26/2015","2,361.01","2,350.47","2,361.01","2,345.31","19.13M","0.27%"
"02/25/2015","2,354.65","2,366.87","2,369.24","2,350.07","17.86M","-0.38%"
"02/24/2015","2,363.61","2,364.12","2,366.27","2,346.30","21.83M","-0.08%"
"02/23/2015","2,365.58","2,359.47","2,365.58","2,354.46","19.07M","0.71%"
"02/20/2015","2,348.94","2,349.94","2,355.73","2,344.31","10.02M","0.04%"
"02/19/2015","2,348.06","2,351.85","2,358.28","2,342.45","15.91M","0.06%"
"02/18/2015","2,346.71","2,369.74","2,371.42","2,346.71","17.78M","-0.58%"
"02/17/2015","2,360.31","2,360.91","2,368.17","2,351.81","23.94M","-0.07%"
"02/16/2015","2,362.00","2,350.22","2,366.45","2,350.09","13.40M","0.64%"
"02/13/2015","2,346.95","2,344.81","2,346.95","2,335.86","20.39M","0.37%"
"02/12/2015","2,338.37","2,329.33","2,343.94","2,324.38","16.52M","0.64%"
"02/11/2015","2,323.50","2,345.33","2,346.36","2,321.56","33.76M","-0.71%"
"02/10/2015","2,340.12","2,342.25","2,351.08","2,337.28","16.13M","0.01%"
"02/09/2015","2,339.79","2,347.74","2,350.31","2,331.72","16.31M","-0.62%"
"02/06/2015","2,354.47","2,344.11","2,356.42","2,340.11","24.24M","0.55%"
"02/05/2015","2,341.58","2,337.47","2,341.58","2,324.81","25.22M","0.00%"
"02/04/2015","2,341.68","2,337.00","2,341.68","2,327.49","19.55M","0.27%"
"02/03/2015","2,335.42","2,333.87","2,343.18","2,316.67","25.64M","0.23%"
"02/02/2015","2,330.14","2,344.22","2,350.55","2,307.78","19.88M","-0.46%"
"01/30/2015","2,341.00","2,345.43","2,350.44","2,335.20","19.33M","0.01%"
"01/29/2015","2,340.77","2,321.40","2,346.48","2,312.80","23.26M","0.93%"
"01/28/2015","2,319.18","2,318.69","2,331.89","2,296.26","28.58M","0.40%"
"01/27/2015","2,309.86","2,313.16","2,332.78","2,296.03","25.61M","0.11%"
"01/26/2015","2,307.29","2,305.30","2,313.08","2,292.12","18.80M","-0.53%"
"01/23/2015","2,319.59","2,322.49","2,334.65","2,315.14","21.43M","0.01%"
"01/22/2015","2,319.45","2,292.99","2,326.60","2,292.74","22.92M","1.38%"
"01/21/2015","2,287.86","2,249.92","2,287.86","2,245.26","19.65M","2.03%"
"01/20/2015","2,242.42","2,265.71","2,275.27","2,242.42","18.09M","-0.56%"
"01/19/2015","2,255.12","2,256.97","2,265.61","2,232.01","17.61M","0.12%"
"01/16/2015","2,252.33","2,254.33","2,273.11","2,225.93","31.68M","-0.57%"
"01/15/2015","2,265.21","2,349.68","2,353.28","2,259.09","51.25M","-3.06%"
"01/14/2015","2,336.66","2,349.17","2,351.04","2,324.22","25.66M","-1.31%"
"01/13/2015","2,367.65","2,327.62","2,376.33","2,327.53","24.95M","1.61%"
"01/12/2015","2,330.04","2,336.38","2,349.43","2,317.18","12.72M","-0.31%"
"01/09/2015","2,337.21","2,357.49","2,360.31","2,329.68","17.74M","-1.03%"
"01/08/2015","2,361.48","2,317.92","2,361.48","2,317.62","23.98M","2.34%"
"01/07/2015","2,307.46","2,273.35","2,320.40","2,267.02","22.68M","1.89%"
"01/05/2015","2,264.75","2,304.64","2,307.52","2,264.75","13.52M","-1.93%"
"01/02/2015","2,309.39","2,323.30","2,323.93","2,306.40","6.49M","-0.28%"