feature,raw_feature,category,source_frequency,transform,lag_months,leakage_safe
cash_settlement_usd_per_ton,cash_settlement_usd_per_ton,target,monthly,target,0,False
target_lag_1,cash_settlement_usd_per_ton,target_history,monthly,lag,1,True
target_lag_2,cash_settlement_usd_per_ton,target_history,monthly,lag,2,True
target_lag_3,cash_settlement_usd_per_ton,target_history,monthly,lag,3,True
target_lag_6,cash_settlement_usd_per_ton,target_history,monthly,lag,6,True
target_lag_12,cash_settlement_usd_per_ton,target_history,monthly,lag,12,True
target_return_1m,cash_settlement_usd_per_ton,target_history,monthly,pct_change,2,True
target_return_3m,cash_settlement_usd_per_ton,target_history,monthly,pct_change,4,True
target_return_12m,cash_settlement_usd_per_ton,target_history,monthly,pct_change,13,True
target_rolling_mean_3,cash_settlement_usd_per_ton,target_history,monthly,rolling_mean,1,True
target_rolling_std_3,cash_settlement_usd_per_ton,target_history,monthly,rolling_std,1,True
target_rolling_mean_6,cash_settlement_usd_per_ton,target_history,monthly,rolling_mean,1,True
target_rolling_std_6,cash_settlement_usd_per_ton,target_history,monthly,rolling_std,1,True
target_rolling_mean_12,cash_settlement_usd_per_ton,target_history,monthly,rolling_mean,1,True
target_rolling_std_12,cash_settlement_usd_per_ton,target_history,monthly,rolling_std,1,True
copper_stock_ton_lag_1,copper_stock_ton,copper_market,daily,lag,1,True
copper_stock_ton_lag_3,copper_stock_ton,copper_market,daily,lag,3,True
copper_stock_ton_lag_6,copper_stock_ton,copper_market,daily,lag,6,True
copper_stock_ton_lag_12,copper_stock_ton,copper_market,daily,lag,12,True
copper_stock_ton_change_1m,copper_stock_ton,copper_market,daily,absolute_change,1,True
copper_stock_ton_pct_change_1m,copper_stock_ton,copper_market,daily,pct_change,1,True
copper_stock_ton_pct_change_3m,copper_stock_ton,copper_market,daily,pct_change,3,True
copper_stock_ton_pct_change_12m,copper_stock_ton,copper_market,daily,pct_change,12,True
shfe_close_cny_per_ton_lag_1,shfe_close_cny_per_ton,copper_market,daily,lag,1,True
shfe_close_cny_per_ton_lag_3,shfe_close_cny_per_ton,copper_market,daily,lag,3,True
shfe_close_cny_per_ton_lag_6,shfe_close_cny_per_ton,copper_market,daily,lag,6,True
shfe_close_cny_per_ton_lag_12,shfe_close_cny_per_ton,copper_market,daily,lag,12,True
shfe_close_cny_per_ton_change_1m,shfe_close_cny_per_ton,copper_market,daily,absolute_change,1,True
shfe_close_cny_per_ton_pct_change_1m,shfe_close_cny_per_ton,copper_market,daily,pct_change,1,True
shfe_close_cny_per_ton_pct_change_3m,shfe_close_cny_per_ton,copper_market,daily,pct_change,3,True
shfe_close_cny_per_ton_pct_change_12m,shfe_close_cny_per_ton,copper_market,daily,pct_change,12,True
shfe_open_interest_change_lag_1,shfe_open_interest_change,copper_market,daily,lag,1,True
shfe_open_interest_change_lag_3,shfe_open_interest_change,copper_market,daily,lag,3,True
shfe_open_interest_change_lag_6,shfe_open_interest_change,copper_market,daily,lag,6,True
shfe_open_interest_change_lag_12,shfe_open_interest_change,copper_market,daily,lag,12,True
shfe_open_interest_change_change_1m,shfe_open_interest_change,copper_market,daily,absolute_change,1,True
shfe_open_interest_change_pct_change_1m,shfe_open_interest_change,copper_market,daily,pct_change,1,True
shfe_open_interest_change_pct_change_3m,shfe_open_interest_change,copper_market,daily,pct_change,3,True
shfe_open_interest_change_pct_change_12m,shfe_open_interest_change,copper_market,daily,pct_change,12,True
shfe_open_interest_lots_lag_1,shfe_open_interest_lots,copper_market,daily,lag,1,True
shfe_open_interest_lots_lag_3,shfe_open_interest_lots,copper_market,daily,lag,3,True
shfe_open_interest_lots_lag_6,shfe_open_interest_lots,copper_market,daily,lag,6,True
shfe_open_interest_lots_lag_12,shfe_open_interest_lots,copper_market,daily,lag,12,True
shfe_open_interest_lots_change_1m,shfe_open_interest_lots,copper_market,daily,absolute_change,1,True
shfe_open_interest_lots_pct_change_1m,shfe_open_interest_lots,copper_market,daily,pct_change,1,True
shfe_open_interest_lots_pct_change_3m,shfe_open_interest_lots,copper_market,daily,pct_change,3,True
shfe_open_interest_lots_pct_change_12m,shfe_open_interest_lots,copper_market,daily,pct_change,12,True
shfe_pre_settlement_cny_per_ton_lag_1,shfe_pre_settlement_cny_per_ton,copper_market,daily,lag,1,True
shfe_pre_settlement_cny_per_ton_lag_3,shfe_pre_settlement_cny_per_ton,copper_market,daily,lag,3,True
shfe_pre_settlement_cny_per_ton_lag_6,shfe_pre_settlement_cny_per_ton,copper_market,daily,lag,6,True
shfe_pre_settlement_cny_per_ton_lag_12,shfe_pre_settlement_cny_per_ton,copper_market,daily,lag,12,True
shfe_pre_settlement_cny_per_ton_change_1m,shfe_pre_settlement_cny_per_ton,copper_market,daily,absolute_change,1,True
shfe_pre_settlement_cny_per_ton_pct_change_1m,shfe_pre_settlement_cny_per_ton,copper_market,daily,pct_change,1,True
shfe_pre_settlement_cny_per_ton_pct_change_3m,shfe_pre_settlement_cny_per_ton,copper_market,daily,pct_change,3,True
shfe_pre_settlement_cny_per_ton_pct_change_12m,shfe_pre_settlement_cny_per_ton,copper_market,daily,pct_change,12,True
shfe_settlement_cny_per_ton_lag_1,shfe_settlement_cny_per_ton,copper_market,daily,lag,1,True
shfe_settlement_cny_per_ton_lag_3,shfe_settlement_cny_per_ton,copper_market,daily,lag,3,True
shfe_settlement_cny_per_ton_lag_6,shfe_settlement_cny_per_ton,copper_market,daily,lag,6,True
shfe_settlement_cny_per_ton_lag_12,shfe_settlement_cny_per_ton,copper_market,daily,lag,12,True
shfe_settlement_cny_per_ton_change_1m,shfe_settlement_cny_per_ton,copper_market,daily,absolute_change,1,True
shfe_settlement_cny_per_ton_pct_change_1m,shfe_settlement_cny_per_ton,copper_market,daily,pct_change,1,True
shfe_settlement_cny_per_ton_pct_change_3m,shfe_settlement_cny_per_ton,copper_market,daily,pct_change,3,True
shfe_settlement_cny_per_ton_pct_change_12m,shfe_settlement_cny_per_ton,copper_market,daily,pct_change,12,True
shfe_turnover_lag_1,shfe_turnover,copper_market,daily,lag,1,True
shfe_turnover_lag_3,shfe_turnover,copper_market,daily,lag,3,True
shfe_turnover_lag_6,shfe_turnover,copper_market,daily,lag,6,True
shfe_turnover_lag_12,shfe_turnover,copper_market,daily,lag,12,True
shfe_turnover_change_1m,shfe_turnover,copper_market,daily,absolute_change,1,True
shfe_turnover_pct_change_1m,shfe_turnover,copper_market,daily,pct_change,1,True
shfe_turnover_pct_change_3m,shfe_turnover,copper_market,daily,pct_change,3,True
shfe_turnover_pct_change_12m,shfe_turnover,copper_market,daily,pct_change,12,True
shfe_volume_lots_lag_1,shfe_volume_lots,copper_market,daily,lag,1,True
shfe_volume_lots_lag_3,shfe_volume_lots,copper_market,daily,lag,3,True
shfe_volume_lots_lag_6,shfe_volume_lots,copper_market,daily,lag,6,True
shfe_volume_lots_lag_12,shfe_volume_lots,copper_market,daily,lag,12,True
shfe_volume_lots_change_1m,shfe_volume_lots,copper_market,daily,absolute_change,1,True
shfe_volume_lots_pct_change_1m,shfe_volume_lots,copper_market,daily,pct_change,1,True
shfe_volume_lots_pct_change_3m,shfe_volume_lots,copper_market,daily,pct_change,3,True
shfe_volume_lots_pct_change_12m,shfe_volume_lots,copper_market,daily,pct_change,12,True
aluminum_cash_usd_per_ton_lag_1,aluminum_cash_usd_per_ton,other_metals,daily,lag,1,True
aluminum_cash_usd_per_ton_lag_3,aluminum_cash_usd_per_ton,other_metals,daily,lag,3,True
aluminum_cash_usd_per_ton_lag_6,aluminum_cash_usd_per_ton,other_metals,daily,lag,6,True
aluminum_cash_usd_per_ton_lag_12,aluminum_cash_usd_per_ton,other_metals,daily,lag,12,True
aluminum_cash_usd_per_ton_change_1m,aluminum_cash_usd_per_ton,other_metals,daily,absolute_change,1,True
aluminum_cash_usd_per_ton_pct_change_1m,aluminum_cash_usd_per_ton,other_metals,daily,pct_change,1,True
aluminum_cash_usd_per_ton_pct_change_3m,aluminum_cash_usd_per_ton,other_metals,daily,pct_change,3,True
aluminum_cash_usd_per_ton_pct_change_12m,aluminum_cash_usd_per_ton,other_metals,daily,pct_change,12,True
aluminum_stock_ton_lag_1,aluminum_stock_ton,other_metals,daily,lag,1,True
aluminum_stock_ton_lag_3,aluminum_stock_ton,other_metals,daily,lag,3,True
aluminum_stock_ton_lag_6,aluminum_stock_ton,other_metals,daily,lag,6,True
aluminum_stock_ton_lag_12,aluminum_stock_ton,other_metals,daily,lag,12,True
aluminum_stock_ton_change_1m,aluminum_stock_ton,other_metals,daily,absolute_change,1,True
aluminum_stock_ton_pct_change_1m,aluminum_stock_ton,other_metals,daily,pct_change,1,True
aluminum_stock_ton_pct_change_3m,aluminum_stock_ton,other_metals,daily,pct_change,3,True
aluminum_stock_ton_pct_change_12m,aluminum_stock_ton,other_metals,daily,pct_change,12,True
lead_cash_usd_per_ton_lag_1,lead_cash_usd_per_ton,other_metals,daily,lag,1,True
lead_cash_usd_per_ton_lag_3,lead_cash_usd_per_ton,other_metals,daily,lag,3,True
lead_cash_usd_per_ton_lag_6,lead_cash_usd_per_ton,other_metals,daily,lag,6,True
lead_cash_usd_per_ton_lag_12,lead_cash_usd_per_ton,other_metals,daily,lag,12,True
lead_cash_usd_per_ton_change_1m,lead_cash_usd_per_ton,other_metals,daily,absolute_change,1,True
lead_cash_usd_per_ton_pct_change_1m,lead_cash_usd_per_ton,other_metals,daily,pct_change,1,True
lead_cash_usd_per_ton_pct_change_3m,lead_cash_usd_per_ton,other_metals,daily,pct_change,3,True
lead_cash_usd_per_ton_pct_change_12m,lead_cash_usd_per_ton,other_metals,daily,pct_change,12,True
lead_stock_ton_lag_1,lead_stock_ton,other_metals,daily,lag,1,True
lead_stock_ton_lag_3,lead_stock_ton,other_metals,daily,lag,3,True
lead_stock_ton_lag_6,lead_stock_ton,other_metals,daily,lag,6,True
lead_stock_ton_lag_12,lead_stock_ton,other_metals,daily,lag,12,True
lead_stock_ton_change_1m,lead_stock_ton,other_metals,daily,absolute_change,1,True
lead_stock_ton_pct_change_1m,lead_stock_ton,other_metals,daily,pct_change,1,True
lead_stock_ton_pct_change_3m,lead_stock_ton,other_metals,daily,pct_change,3,True
lead_stock_ton_pct_change_12m,lead_stock_ton,other_metals,daily,pct_change,12,True
nickel_cash_usd_per_ton_lag_1,nickel_cash_usd_per_ton,other_metals,daily,lag,1,True
nickel_cash_usd_per_ton_lag_3,nickel_cash_usd_per_ton,other_metals,daily,lag,3,True
nickel_cash_usd_per_ton_lag_6,nickel_cash_usd_per_ton,other_metals,daily,lag,6,True
nickel_cash_usd_per_ton_lag_12,nickel_cash_usd_per_ton,other_metals,daily,lag,12,True
nickel_cash_usd_per_ton_change_1m,nickel_cash_usd_per_ton,other_metals,daily,absolute_change,1,True
nickel_cash_usd_per_ton_pct_change_1m,nickel_cash_usd_per_ton,other_metals,daily,pct_change,1,True
nickel_cash_usd_per_ton_pct_change_3m,nickel_cash_usd_per_ton,other_metals,daily,pct_change,3,True
nickel_cash_usd_per_ton_pct_change_12m,nickel_cash_usd_per_ton,other_metals,daily,pct_change,12,True
nickel_stock_ton_lag_1,nickel_stock_ton,other_metals,daily,lag,1,True
nickel_stock_ton_lag_3,nickel_stock_ton,other_metals,daily,lag,3,True
nickel_stock_ton_lag_6,nickel_stock_ton,other_metals,daily,lag,6,True
nickel_stock_ton_lag_12,nickel_stock_ton,other_metals,daily,lag,12,True
nickel_stock_ton_change_1m,nickel_stock_ton,other_metals,daily,absolute_change,1,True
nickel_stock_ton_pct_change_1m,nickel_stock_ton,other_metals,daily,pct_change,1,True
nickel_stock_ton_pct_change_3m,nickel_stock_ton,other_metals,daily,pct_change,3,True
nickel_stock_ton_pct_change_12m,nickel_stock_ton,other_metals,daily,pct_change,12,True
tin_cash_usd_per_ton_lag_1,tin_cash_usd_per_ton,other_metals,daily,lag,1,True
tin_cash_usd_per_ton_lag_3,tin_cash_usd_per_ton,other_metals,daily,lag,3,True
tin_cash_usd_per_ton_lag_6,tin_cash_usd_per_ton,other_metals,daily,lag,6,True
tin_cash_usd_per_ton_lag_12,tin_cash_usd_per_ton,other_metals,daily,lag,12,True
tin_cash_usd_per_ton_change_1m,tin_cash_usd_per_ton,other_metals,daily,absolute_change,1,True
tin_cash_usd_per_ton_pct_change_1m,tin_cash_usd_per_ton,other_metals,daily,pct_change,1,True
tin_cash_usd_per_ton_pct_change_3m,tin_cash_usd_per_ton,other_metals,daily,pct_change,3,True
tin_cash_usd_per_ton_pct_change_12m,tin_cash_usd_per_ton,other_metals,daily,pct_change,12,True
tin_stock_ton_lag_1,tin_stock_ton,other_metals,daily,lag,1,True
tin_stock_ton_lag_3,tin_stock_ton,other_metals,daily,lag,3,True
tin_stock_ton_lag_6,tin_stock_ton,other_metals,daily,lag,6,True
tin_stock_ton_lag_12,tin_stock_ton,other_metals,daily,lag,12,True
tin_stock_ton_change_1m,tin_stock_ton,other_metals,daily,absolute_change,1,True
tin_stock_ton_pct_change_1m,tin_stock_ton,other_metals,daily,pct_change,1,True
tin_stock_ton_pct_change_3m,tin_stock_ton,other_metals,daily,pct_change,3,True
tin_stock_ton_pct_change_12m,tin_stock_ton,other_metals,daily,pct_change,12,True
zinc_cash_usd_per_ton_lag_1,zinc_cash_usd_per_ton,other_metals,daily,lag,1,True
zinc_cash_usd_per_ton_lag_3,zinc_cash_usd_per_ton,other_metals,daily,lag,3,True
zinc_cash_usd_per_ton_lag_6,zinc_cash_usd_per_ton,other_metals,daily,lag,6,True
zinc_cash_usd_per_ton_lag_12,zinc_cash_usd_per_ton,other_metals,daily,lag,12,True
zinc_cash_usd_per_ton_change_1m,zinc_cash_usd_per_ton,other_metals,daily,absolute_change,1,True
zinc_cash_usd_per_ton_pct_change_1m,zinc_cash_usd_per_ton,other_metals,daily,pct_change,1,True
zinc_cash_usd_per_ton_pct_change_3m,zinc_cash_usd_per_ton,other_metals,daily,pct_change,3,True
zinc_cash_usd_per_ton_pct_change_12m,zinc_cash_usd_per_ton,other_metals,daily,pct_change,12,True
zinc_stock_ton_lag_1,zinc_stock_ton,other_metals,daily,lag,1,True
zinc_stock_ton_lag_3,zinc_stock_ton,other_metals,daily,lag,3,True
zinc_stock_ton_lag_6,zinc_stock_ton,other_metals,daily,lag,6,True
zinc_stock_ton_lag_12,zinc_stock_ton,other_metals,daily,lag,12,True
zinc_stock_ton_change_1m,zinc_stock_ton,other_metals,daily,absolute_change,1,True
zinc_stock_ton_pct_change_1m,zinc_stock_ton,other_metals,daily,pct_change,1,True
zinc_stock_ton_pct_change_3m,zinc_stock_ton,other_metals,daily,pct_change,3,True
zinc_stock_ton_pct_change_12m,zinc_stock_ton,other_metals,daily,pct_change,12,True
palladium_usd_per_troy_ounce_lag_1,palladium_usd_per_troy_ounce,other_metals,daily,lag,1,True
palladium_usd_per_troy_ounce_lag_3,palladium_usd_per_troy_ounce,other_metals,daily,lag,3,True
palladium_usd_per_troy_ounce_lag_6,palladium_usd_per_troy_ounce,other_metals,daily,lag,6,True
palladium_usd_per_troy_ounce_lag_12,palladium_usd_per_troy_ounce,other_metals,daily,lag,12,True
palladium_usd_per_troy_ounce_change_1m,palladium_usd_per_troy_ounce,other_metals,daily,absolute_change,1,True
palladium_usd_per_troy_ounce_pct_change_1m,palladium_usd_per_troy_ounce,other_metals,daily,pct_change,1,True
palladium_usd_per_troy_ounce_pct_change_3m,palladium_usd_per_troy_ounce,other_metals,daily,pct_change,3,True
palladium_usd_per_troy_ounce_pct_change_12m,palladium_usd_per_troy_ounce,other_metals,daily,pct_change,12,True
coal_australia_usd_per_ton_lag_1,coal_australia_usd_per_ton,commodities,monthly,lag,1,True
coal_australia_usd_per_ton_lag_3,coal_australia_usd_per_ton,commodities,monthly,lag,3,True
coal_australia_usd_per_ton_lag_6,coal_australia_usd_per_ton,commodities,monthly,lag,6,True
coal_australia_usd_per_ton_lag_12,coal_australia_usd_per_ton,commodities,monthly,lag,12,True
coal_australia_usd_per_ton_change_1m,coal_australia_usd_per_ton,commodities,monthly,absolute_change,1,True
coal_australia_usd_per_ton_pct_change_1m,coal_australia_usd_per_ton,commodities,monthly,pct_change,1,True
coal_australia_usd_per_ton_pct_change_3m,coal_australia_usd_per_ton,commodities,monthly,pct_change,3,True
coal_australia_usd_per_ton_pct_change_12m,coal_australia_usd_per_ton,commodities,monthly,pct_change,12,True
gold_usd_per_troy_ounce_lag_1,gold_usd_per_troy_ounce,commodities,monthly,lag,1,True
gold_usd_per_troy_ounce_lag_3,gold_usd_per_troy_ounce,commodities,monthly,lag,3,True
gold_usd_per_troy_ounce_lag_6,gold_usd_per_troy_ounce,commodities,monthly,lag,6,True
gold_usd_per_troy_ounce_lag_12,gold_usd_per_troy_ounce,commodities,monthly,lag,12,True
gold_usd_per_troy_ounce_change_1m,gold_usd_per_troy_ounce,commodities,monthly,absolute_change,1,True
gold_usd_per_troy_ounce_pct_change_1m,gold_usd_per_troy_ounce,commodities,monthly,pct_change,1,True
gold_usd_per_troy_ounce_pct_change_3m,gold_usd_per_troy_ounce,commodities,monthly,pct_change,3,True
gold_usd_per_troy_ounce_pct_change_12m,gold_usd_per_troy_ounce,commodities,monthly,pct_change,12,True
iron_ore_usd_per_dmtu_lag_1,iron_ore_usd_per_dmtu,commodities,monthly,lag,1,True
iron_ore_usd_per_dmtu_lag_3,iron_ore_usd_per_dmtu,commodities,monthly,lag,3,True
iron_ore_usd_per_dmtu_lag_6,iron_ore_usd_per_dmtu,commodities,monthly,lag,6,True
iron_ore_usd_per_dmtu_lag_12,iron_ore_usd_per_dmtu,commodities,monthly,lag,12,True
iron_ore_usd_per_dmtu_change_1m,iron_ore_usd_per_dmtu,commodities,monthly,absolute_change,1,True
iron_ore_usd_per_dmtu_pct_change_1m,iron_ore_usd_per_dmtu,commodities,monthly,pct_change,1,True
iron_ore_usd_per_dmtu_pct_change_3m,iron_ore_usd_per_dmtu,commodities,monthly,pct_change,3,True
iron_ore_usd_per_dmtu_pct_change_12m,iron_ore_usd_per_dmtu,commodities,monthly,pct_change,12,True
platinum_usd_per_troy_ounce_lag_1,platinum_usd_per_troy_ounce,commodities,monthly,lag,1,True
platinum_usd_per_troy_ounce_lag_3,platinum_usd_per_troy_ounce,commodities,monthly,lag,3,True
platinum_usd_per_troy_ounce_lag_6,platinum_usd_per_troy_ounce,commodities,monthly,lag,6,True
platinum_usd_per_troy_ounce_lag_12,platinum_usd_per_troy_ounce,commodities,monthly,lag,12,True
platinum_usd_per_troy_ounce_change_1m,platinum_usd_per_troy_ounce,commodities,monthly,absolute_change,1,True
platinum_usd_per_troy_ounce_pct_change_1m,platinum_usd_per_troy_ounce,commodities,monthly,pct_change,1,True
platinum_usd_per_troy_ounce_pct_change_3m,platinum_usd_per_troy_ounce,commodities,monthly,pct_change,3,True
platinum_usd_per_troy_ounce_pct_change_12m,platinum_usd_per_troy_ounce,commodities,monthly,pct_change,12,True
silver_usd_per_troy_ounce_lag_1,silver_usd_per_troy_ounce,commodities,monthly,lag,1,True
silver_usd_per_troy_ounce_lag_3,silver_usd_per_troy_ounce,commodities,monthly,lag,3,True
silver_usd_per_troy_ounce_lag_6,silver_usd_per_troy_ounce,commodities,monthly,lag,6,True
silver_usd_per_troy_ounce_lag_12,silver_usd_per_troy_ounce,commodities,monthly,lag,12,True
silver_usd_per_troy_ounce_change_1m,silver_usd_per_troy_ounce,commodities,monthly,absolute_change,1,True
silver_usd_per_troy_ounce_pct_change_1m,silver_usd_per_troy_ounce,commodities,monthly,pct_change,1,True
silver_usd_per_troy_ounce_pct_change_3m,silver_usd_per_troy_ounce,commodities,monthly,pct_change,3,True
silver_usd_per_troy_ounce_pct_change_12m,silver_usd_per_troy_ounce,commodities,monthly,pct_change,12,True
wti_usd_per_barrel_lag_1,wti_usd_per_barrel,commodities,monthly,lag,1,True
wti_usd_per_barrel_lag_3,wti_usd_per_barrel,commodities,monthly,lag,3,True
wti_usd_per_barrel_lag_6,wti_usd_per_barrel,commodities,monthly,lag,6,True
wti_usd_per_barrel_lag_12,wti_usd_per_barrel,commodities,monthly,lag,12,True
wti_usd_per_barrel_change_1m,wti_usd_per_barrel,commodities,monthly,absolute_change,1,True
wti_usd_per_barrel_pct_change_1m,wti_usd_per_barrel,commodities,monthly,pct_change,1,True
wti_usd_per_barrel_pct_change_3m,wti_usd_per_barrel,commodities,monthly,pct_change,3,True
wti_usd_per_barrel_pct_change_12m,wti_usd_per_barrel,commodities,monthly,pct_change,12,True
china_electricity_generation_100m_kwh_lag_1,china_electricity_generation_100m_kwh,china,monthly,lag,1,True
china_electricity_generation_100m_kwh_lag_3,china_electricity_generation_100m_kwh,china,monthly,lag,3,True
china_electricity_generation_100m_kwh_lag_6,china_electricity_generation_100m_kwh,china,monthly,lag,6,True
china_electricity_generation_100m_kwh_lag_12,china_electricity_generation_100m_kwh,china,monthly,lag,12,True
china_electricity_generation_100m_kwh_change_1m,china_electricity_generation_100m_kwh,china,monthly,absolute_change,1,True
china_electricity_generation_100m_kwh_pct_change_1m,china_electricity_generation_100m_kwh,china,monthly,pct_change,1,True
china_electricity_generation_100m_kwh_pct_change_3m,china_electricity_generation_100m_kwh,china,monthly,pct_change,3,True
china_electricity_generation_100m_kwh_pct_change_12m,china_electricity_generation_100m_kwh,china,monthly,pct_change,12,True
china_fixed_asset_investment_yoy_pct_lag_1,china_fixed_asset_investment_yoy_pct,china,monthly,lag,1,True
china_fixed_asset_investment_yoy_pct_lag_3,china_fixed_asset_investment_yoy_pct,china,monthly,lag,3,True
china_fixed_asset_investment_yoy_pct_lag_6,china_fixed_asset_investment_yoy_pct,china,monthly,lag,6,True
china_fixed_asset_investment_yoy_pct_lag_12,china_fixed_asset_investment_yoy_pct,china,monthly,lag,12,True
china_fixed_asset_investment_yoy_pct_change_1m,china_fixed_asset_investment_yoy_pct,china,monthly,absolute_change,1,True
china_fixed_asset_investment_yoy_pct_pct_change_1m,china_fixed_asset_investment_yoy_pct,china,monthly,pct_change,1,True
china_fixed_asset_investment_yoy_pct_pct_change_3m,china_fixed_asset_investment_yoy_pct,china,monthly,pct_change,3,True
china_fixed_asset_investment_yoy_pct_pct_change_12m,china_fixed_asset_investment_yoy_pct,china,monthly,pct_change,12,True
china_industrial_value_added_yoy_pct_lag_1,china_industrial_value_added_yoy_pct,china,monthly,lag,1,True
china_industrial_value_added_yoy_pct_lag_3,china_industrial_value_added_yoy_pct,china,monthly,lag,3,True
china_industrial_value_added_yoy_pct_lag_6,china_industrial_value_added_yoy_pct,china,monthly,lag,6,True
china_industrial_value_added_yoy_pct_lag_12,china_industrial_value_added_yoy_pct,china,monthly,lag,12,True
china_industrial_value_added_yoy_pct_change_1m,china_industrial_value_added_yoy_pct,china,monthly,absolute_change,1,True
china_industrial_value_added_yoy_pct_pct_change_1m,china_industrial_value_added_yoy_pct,china,monthly,pct_change,1,True
china_industrial_value_added_yoy_pct_pct_change_3m,china_industrial_value_added_yoy_pct,china,monthly,pct_change,3,True
china_industrial_value_added_yoy_pct_pct_change_12m,china_industrial_value_added_yoy_pct,china,monthly,pct_change,12,True
china_ppi_yoy_pct_lag_1,china_ppi_yoy_pct,china,monthly,lag,1,True
china_ppi_yoy_pct_lag_3,china_ppi_yoy_pct,china,monthly,lag,3,True
china_ppi_yoy_pct_lag_6,china_ppi_yoy_pct,china,monthly,lag,6,True
china_ppi_yoy_pct_lag_12,china_ppi_yoy_pct,china,monthly,lag,12,True
china_ppi_yoy_pct_change_1m,china_ppi_yoy_pct,china,monthly,absolute_change,1,True
china_ppi_yoy_pct_pct_change_1m,china_ppi_yoy_pct,china,monthly,pct_change,1,True
china_ppi_yoy_pct_pct_change_3m,china_ppi_yoy_pct,china,monthly,pct_change,3,True
china_ppi_yoy_pct_pct_change_12m,china_ppi_yoy_pct,china,monthly,pct_change,12,True
china_real_estate_investment_yoy_pct_lag_1,china_real_estate_investment_yoy_pct,china,monthly,lag,1,True
china_real_estate_investment_yoy_pct_lag_3,china_real_estate_investment_yoy_pct,china,monthly,lag,3,True
china_real_estate_investment_yoy_pct_lag_6,china_real_estate_investment_yoy_pct,china,monthly,lag,6,True
china_real_estate_investment_yoy_pct_lag_12,china_real_estate_investment_yoy_pct,china,monthly,lag,12,True
china_real_estate_investment_yoy_pct_change_1m,china_real_estate_investment_yoy_pct,china,monthly,absolute_change,1,True
china_real_estate_investment_yoy_pct_pct_change_1m,china_real_estate_investment_yoy_pct,china,monthly,pct_change,1,True
china_real_estate_investment_yoy_pct_pct_change_3m,china_real_estate_investment_yoy_pct,china,monthly,pct_change,3,True
china_real_estate_investment_yoy_pct_pct_change_12m,china_real_estate_investment_yoy_pct,china,monthly,pct_change,12,True
china_refined_copper_production_ton_lag_1,china_refined_copper_production_ton,china,monthly,lag,1,True
china_refined_copper_production_ton_lag_3,china_refined_copper_production_ton,china,monthly,lag,3,True
china_refined_copper_production_ton_lag_6,china_refined_copper_production_ton,china,monthly,lag,6,True
china_refined_copper_production_ton_lag_12,china_refined_copper_production_ton,china,monthly,lag,12,True
china_refined_copper_production_ton_change_1m,china_refined_copper_production_ton,china,monthly,absolute_change,1,True
china_refined_copper_production_ton_pct_change_1m,china_refined_copper_production_ton,china,monthly,pct_change,1,True
china_refined_copper_production_ton_pct_change_3m,china_refined_copper_production_ton,china,monthly,pct_change,3,True
china_refined_copper_production_ton_pct_change_12m,china_refined_copper_production_ton,china,monthly,pct_change,12,True
brent_oil_usd_lag_1,brent_oil_usd,macro_fred,monthly,lag,1,True
brent_oil_usd_lag_3,brent_oil_usd,macro_fred,monthly,lag,3,True
brent_oil_usd_lag_6,brent_oil_usd,macro_fred,monthly,lag,6,True
brent_oil_usd_lag_12,brent_oil_usd,macro_fred,monthly,lag,12,True
brent_oil_usd_change_1m,brent_oil_usd,macro_fred,monthly,absolute_change,1,True
brent_oil_usd_pct_change_1m,brent_oil_usd,macro_fred,monthly,pct_change,1,True
brent_oil_usd_pct_change_3m,brent_oil_usd,macro_fred,monthly,pct_change,3,True
brent_oil_usd_pct_change_12m,brent_oil_usd,macro_fred,monthly,pct_change,12,True
dollar_index_lag_1,dollar_index,macro_fred,monthly,lag,1,True
dollar_index_lag_3,dollar_index,macro_fred,monthly,lag,3,True
dollar_index_lag_6,dollar_index,macro_fred,monthly,lag,6,True
dollar_index_lag_12,dollar_index,macro_fred,monthly,lag,12,True
dollar_index_change_1m,dollar_index,macro_fred,monthly,absolute_change,1,True
dollar_index_pct_change_1m,dollar_index,macro_fred,monthly,pct_change,1,True
dollar_index_pct_change_3m,dollar_index,macro_fred,monthly,pct_change,3,True
dollar_index_pct_change_12m,dollar_index,macro_fred,monthly,pct_change,12,True
eur_usd_lag_1,eur_usd,macro_fred,monthly,lag,1,True
eur_usd_lag_3,eur_usd,macro_fred,monthly,lag,3,True
eur_usd_lag_6,eur_usd,macro_fred,monthly,lag,6,True
eur_usd_lag_12,eur_usd,macro_fred,monthly,lag,12,True
eur_usd_change_1m,eur_usd,macro_fred,monthly,absolute_change,1,True
eur_usd_pct_change_1m,eur_usd,macro_fred,monthly,pct_change,1,True
eur_usd_pct_change_3m,eur_usd,macro_fred,monthly,pct_change,3,True
eur_usd_pct_change_12m,eur_usd,macro_fred,monthly,pct_change,12,True
euro_area_hicp_lag_1,euro_area_hicp,macro_fred,monthly,lag,1,True
euro_area_hicp_lag_3,euro_area_hicp,macro_fred,monthly,lag,3,True
euro_area_hicp_lag_6,euro_area_hicp,macro_fred,monthly,lag,6,True
euro_area_hicp_lag_12,euro_area_hicp,macro_fred,monthly,lag,12,True
euro_area_hicp_change_1m,euro_area_hicp,macro_fred,monthly,absolute_change,1,True
euro_area_hicp_pct_change_1m,euro_area_hicp,macro_fred,monthly,pct_change,1,True
euro_area_hicp_pct_change_3m,euro_area_hicp,macro_fred,monthly,pct_change,3,True
euro_area_hicp_pct_change_12m,euro_area_hicp,macro_fred,monthly,pct_change,12,True
fed_interest_rate_lag_1,fed_interest_rate,macro_fred,monthly,lag,1,True
fed_interest_rate_lag_3,fed_interest_rate,macro_fred,monthly,lag,3,True
fed_interest_rate_lag_6,fed_interest_rate,macro_fred,monthly,lag,6,True
fed_interest_rate_lag_12,fed_interest_rate,macro_fred,monthly,lag,12,True
fed_interest_rate_change_1m,fed_interest_rate,macro_fred,monthly,absolute_change,1,True
fed_interest_rate_pct_change_1m,fed_interest_rate,macro_fred,monthly,pct_change,1,True
fed_interest_rate_pct_change_3m,fed_interest_rate,macro_fred,monthly,pct_change,3,True
fed_interest_rate_pct_change_12m,fed_interest_rate,macro_fred,monthly,pct_change,12,True
germany_10y_bund_yield_lag_1,germany_10y_bund_yield,macro_fred,monthly,lag,1,True
germany_10y_bund_yield_lag_3,germany_10y_bund_yield,macro_fred,monthly,lag,3,True
germany_10y_bund_yield_lag_6,germany_10y_bund_yield,macro_fred,monthly,lag,6,True
germany_10y_bund_yield_lag_12,germany_10y_bund_yield,macro_fred,monthly,lag,12,True
germany_10y_bund_yield_change_1m,germany_10y_bund_yield,macro_fred,monthly,absolute_change,1,True
germany_10y_bund_yield_pct_change_1m,germany_10y_bund_yield,macro_fred,monthly,pct_change,1,True
germany_10y_bund_yield_pct_change_3m,germany_10y_bund_yield,macro_fred,monthly,pct_change,3,True
germany_10y_bund_yield_pct_change_12m,germany_10y_bund_yield,macro_fred,monthly,pct_change,12,True
germany_exports_lag_1,germany_exports,macro_fred,monthly,lag,1,True
germany_exports_lag_3,germany_exports,macro_fred,monthly,lag,3,True
germany_exports_lag_6,germany_exports,macro_fred,monthly,lag,6,True
germany_exports_lag_12,germany_exports,macro_fred,monthly,lag,12,True
germany_exports_change_1m,germany_exports,macro_fred,monthly,absolute_change,1,True
germany_exports_pct_change_1m,germany_exports,macro_fred,monthly,pct_change,1,True
germany_exports_pct_change_3m,germany_exports,macro_fred,monthly,pct_change,3,True
germany_exports_pct_change_12m,germany_exports,macro_fred,monthly,pct_change,12,True
germany_manufacturing_order_books_lag_1,germany_manufacturing_order_books,macro_fred,monthly,lag,1,True
germany_manufacturing_order_books_lag_3,germany_manufacturing_order_books,macro_fred,monthly,lag,3,True
germany_manufacturing_order_books_lag_6,germany_manufacturing_order_books,macro_fred,monthly,lag,6,True
germany_manufacturing_order_books_lag_12,germany_manufacturing_order_books,macro_fred,monthly,lag,12,True
germany_manufacturing_order_books_change_1m,germany_manufacturing_order_books,macro_fred,monthly,absolute_change,1,True
germany_manufacturing_order_books_pct_change_1m,germany_manufacturing_order_books,macro_fred,monthly,pct_change,1,True
germany_manufacturing_order_books_pct_change_3m,germany_manufacturing_order_books,macro_fred,monthly,pct_change,3,True
germany_manufacturing_order_books_pct_change_12m,germany_manufacturing_order_books,macro_fred,monthly,pct_change,12,True
india_10y_yield_lag_1,india_10y_yield,macro_fred,monthly,lag,1,True
india_10y_yield_lag_3,india_10y_yield,macro_fred,monthly,lag,3,True
india_10y_yield_lag_6,india_10y_yield,macro_fred,monthly,lag,6,True
india_10y_yield_lag_12,india_10y_yield,macro_fred,monthly,lag,12,True
india_10y_yield_change_1m,india_10y_yield,macro_fred,monthly,absolute_change,1,True
india_10y_yield_pct_change_1m,india_10y_yield,macro_fred,monthly,pct_change,1,True
india_10y_yield_pct_change_3m,india_10y_yield,macro_fred,monthly,pct_change,3,True
india_10y_yield_pct_change_12m,india_10y_yield,macro_fred,monthly,pct_change,12,True
india_call_money_rate_lag_1,india_call_money_rate,macro_fred,monthly,lag,1,True
india_call_money_rate_lag_3,india_call_money_rate,macro_fred,monthly,lag,3,True
india_call_money_rate_lag_6,india_call_money_rate,macro_fred,monthly,lag,6,True
india_call_money_rate_lag_12,india_call_money_rate,macro_fred,monthly,lag,12,True
india_call_money_rate_change_1m,india_call_money_rate,macro_fred,monthly,absolute_change,1,True
india_call_money_rate_pct_change_1m,india_call_money_rate,macro_fred,monthly,pct_change,1,True
india_call_money_rate_pct_change_3m,india_call_money_rate,macro_fred,monthly,pct_change,3,True
india_call_money_rate_pct_change_12m,india_call_money_rate,macro_fred,monthly,pct_change,12,True
india_industrial_production_lag_1,india_industrial_production,macro_fred,monthly,lag,1,True
india_industrial_production_lag_3,india_industrial_production,macro_fred,monthly,lag,3,True
india_industrial_production_lag_6,india_industrial_production,macro_fred,monthly,lag,6,True
india_industrial_production_lag_12,india_industrial_production,macro_fred,monthly,lag,12,True
india_industrial_production_change_1m,india_industrial_production,macro_fred,monthly,absolute_change,1,True
india_industrial_production_pct_change_1m,india_industrial_production,macro_fred,monthly,pct_change,1,True
india_industrial_production_pct_change_3m,india_industrial_production,macro_fred,monthly,pct_change,3,True
india_industrial_production_pct_change_12m,india_industrial_production,macro_fred,monthly,pct_change,12,True
indonesia_call_money_rate_lag_1,indonesia_call_money_rate,macro_fred,monthly,lag,1,True
indonesia_call_money_rate_lag_3,indonesia_call_money_rate,macro_fred,monthly,lag,3,True
indonesia_call_money_rate_lag_6,indonesia_call_money_rate,macro_fred,monthly,lag,6,True
indonesia_call_money_rate_lag_12,indonesia_call_money_rate,macro_fred,monthly,lag,12,True
indonesia_call_money_rate_change_1m,indonesia_call_money_rate,macro_fred,monthly,absolute_change,1,True
indonesia_call_money_rate_pct_change_1m,indonesia_call_money_rate,macro_fred,monthly,pct_change,1,True
indonesia_call_money_rate_pct_change_3m,indonesia_call_money_rate,macro_fred,monthly,pct_change,3,True
indonesia_call_money_rate_pct_change_12m,indonesia_call_money_rate,macro_fred,monthly,pct_change,12,True
indonesia_exports_lag_1,indonesia_exports,macro_fred,monthly,lag,1,True
indonesia_exports_lag_3,indonesia_exports,macro_fred,monthly,lag,3,True
indonesia_exports_lag_6,indonesia_exports,macro_fred,monthly,lag,6,True
indonesia_exports_lag_12,indonesia_exports,macro_fred,monthly,lag,12,True
indonesia_exports_change_1m,indonesia_exports,macro_fred,monthly,absolute_change,1,True
indonesia_exports_pct_change_1m,indonesia_exports,macro_fred,monthly,pct_change,1,True
indonesia_exports_pct_change_3m,indonesia_exports,macro_fred,monthly,pct_change,3,True
indonesia_exports_pct_change_12m,indonesia_exports,macro_fred,monthly,pct_change,12,True
indonesia_reer_lag_1,indonesia_reer,macro_fred,monthly,lag,1,True
indonesia_reer_lag_3,indonesia_reer,macro_fred,monthly,lag,3,True
indonesia_reer_lag_6,indonesia_reer,macro_fred,monthly,lag,6,True
indonesia_reer_lag_12,indonesia_reer,macro_fred,monthly,lag,12,True
indonesia_reer_change_1m,indonesia_reer,macro_fred,monthly,absolute_change,1,True
indonesia_reer_pct_change_1m,indonesia_reer,macro_fred,monthly,pct_change,1,True
indonesia_reer_pct_change_3m,indonesia_reer,macro_fred,monthly,pct_change,3,True
indonesia_reer_pct_change_12m,indonesia_reer,macro_fred,monthly,pct_change,12,True
japan_10y_yield_lag_1,japan_10y_yield,macro_fred,monthly,lag,1,True
japan_10y_yield_lag_3,japan_10y_yield,macro_fred,monthly,lag,3,True
japan_10y_yield_lag_6,japan_10y_yield,macro_fred,monthly,lag,6,True
japan_10y_yield_lag_12,japan_10y_yield,macro_fred,monthly,lag,12,True
japan_10y_yield_change_1m,japan_10y_yield,macro_fred,monthly,absolute_change,1,True
japan_10y_yield_pct_change_1m,japan_10y_yield,macro_fred,monthly,pct_change,1,True
japan_10y_yield_pct_change_3m,japan_10y_yield,macro_fred,monthly,pct_change,3,True
japan_10y_yield_pct_change_12m,japan_10y_yield,macro_fred,monthly,pct_change,12,True
japan_manufacturing_growth_lag_1,japan_manufacturing_growth,macro_fred,monthly,lag,1,True
japan_manufacturing_growth_lag_3,japan_manufacturing_growth,macro_fred,monthly,lag,3,True
japan_manufacturing_growth_lag_6,japan_manufacturing_growth,macro_fred,monthly,lag,6,True
japan_manufacturing_growth_lag_12,japan_manufacturing_growth,macro_fred,monthly,lag,12,True
japan_manufacturing_growth_change_1m,japan_manufacturing_growth,macro_fred,monthly,absolute_change,1,True
japan_manufacturing_growth_pct_change_1m,japan_manufacturing_growth,macro_fred,monthly,pct_change,1,True
japan_manufacturing_growth_pct_change_3m,japan_manufacturing_growth,macro_fred,monthly,pct_change,3,True
japan_manufacturing_growth_pct_change_12m,japan_manufacturing_growth,macro_fred,monthly,pct_change,12,True
korea_10y_yield_lag_1,korea_10y_yield,macro_fred,monthly,lag,1,True
korea_10y_yield_lag_3,korea_10y_yield,macro_fred,monthly,lag,3,True
korea_10y_yield_lag_6,korea_10y_yield,macro_fred,monthly,lag,6,True
korea_10y_yield_lag_12,korea_10y_yield,macro_fred,monthly,lag,12,True
korea_10y_yield_change_1m,korea_10y_yield,macro_fred,monthly,absolute_change,1,True
korea_10y_yield_pct_change_1m,korea_10y_yield,macro_fred,monthly,pct_change,1,True
korea_10y_yield_pct_change_3m,korea_10y_yield,macro_fred,monthly,pct_change,3,True
korea_10y_yield_pct_change_12m,korea_10y_yield,macro_fred,monthly,pct_change,12,True
korea_call_money_rate_lag_1,korea_call_money_rate,macro_fred,monthly,lag,1,True
korea_call_money_rate_lag_3,korea_call_money_rate,macro_fred,monthly,lag,3,True
korea_call_money_rate_lag_6,korea_call_money_rate,macro_fred,monthly,lag,6,True
korea_call_money_rate_lag_12,korea_call_money_rate,macro_fred,monthly,lag,12,True
korea_call_money_rate_change_1m,korea_call_money_rate,macro_fred,monthly,absolute_change,1,True
korea_call_money_rate_pct_change_1m,korea_call_money_rate,macro_fred,monthly,pct_change,1,True
korea_call_money_rate_pct_change_3m,korea_call_money_rate,macro_fred,monthly,pct_change,3,True
korea_call_money_rate_pct_change_12m,korea_call_money_rate,macro_fred,monthly,pct_change,12,True
korea_exports_lag_1,korea_exports,macro_fred,monthly,lag,1,True
korea_exports_lag_3,korea_exports,macro_fred,monthly,lag,3,True
korea_exports_lag_6,korea_exports,macro_fred,monthly,lag,6,True
korea_exports_lag_12,korea_exports,macro_fred,monthly,lag,12,True
korea_exports_change_1m,korea_exports,macro_fred,monthly,absolute_change,1,True
korea_exports_pct_change_1m,korea_exports,macro_fred,monthly,pct_change,1,True
korea_exports_pct_change_3m,korea_exports,macro_fred,monthly,pct_change,3,True
korea_exports_pct_change_12m,korea_exports,macro_fred,monthly,pct_change,12,True
korea_industrial_production_lag_1,korea_industrial_production,macro_fred,monthly,lag,1,True
korea_industrial_production_lag_3,korea_industrial_production,macro_fred,monthly,lag,3,True
korea_industrial_production_lag_6,korea_industrial_production,macro_fred,monthly,lag,6,True
korea_industrial_production_lag_12,korea_industrial_production,macro_fred,monthly,lag,12,True
korea_industrial_production_change_1m,korea_industrial_production,macro_fred,monthly,absolute_change,1,True
korea_industrial_production_pct_change_1m,korea_industrial_production,macro_fred,monthly,pct_change,1,True
korea_industrial_production_pct_change_3m,korea_industrial_production,macro_fred,monthly,pct_change,3,True
korea_industrial_production_pct_change_12m,korea_industrial_production,macro_fred,monthly,pct_change,12,True
m2_money_supply_lag_1,m2_money_supply,macro_fred,monthly,lag,1,True
m2_money_supply_lag_3,m2_money_supply,macro_fred,monthly,lag,3,True
m2_money_supply_lag_6,m2_money_supply,macro_fred,monthly,lag,6,True
m2_money_supply_lag_12,m2_money_supply,macro_fred,monthly,lag,12,True
m2_money_supply_change_1m,m2_money_supply,macro_fred,monthly,absolute_change,1,True
m2_money_supply_pct_change_1m,m2_money_supply,macro_fred,monthly,pct_change,1,True
m2_money_supply_pct_change_3m,m2_money_supply,macro_fred,monthly,pct_change,3,True
m2_money_supply_pct_change_12m,m2_money_supply,macro_fred,monthly,pct_change,12,True
natural_gas_usd_lag_1,natural_gas_usd,macro_fred,monthly,lag,1,True
natural_gas_usd_lag_3,natural_gas_usd,macro_fred,monthly,lag,3,True
natural_gas_usd_lag_6,natural_gas_usd,macro_fred,monthly,lag,6,True
natural_gas_usd_lag_12,natural_gas_usd,macro_fred,monthly,lag,12,True
natural_gas_usd_change_1m,natural_gas_usd,macro_fred,monthly,absolute_change,1,True
natural_gas_usd_pct_change_1m,natural_gas_usd,macro_fred,monthly,pct_change,1,True
natural_gas_usd_pct_change_3m,natural_gas_usd,macro_fred,monthly,pct_change,3,True
natural_gas_usd_pct_change_12m,natural_gas_usd,macro_fred,monthly,pct_change,12,True
us_10y_2y_spread_lag_1,us_10y_2y_spread,macro_fred,monthly,lag,1,True
us_10y_2y_spread_lag_3,us_10y_2y_spread,macro_fred,monthly,lag,3,True
us_10y_2y_spread_lag_6,us_10y_2y_spread,macro_fred,monthly,lag,6,True
us_10y_2y_spread_lag_12,us_10y_2y_spread,macro_fred,monthly,lag,12,True
us_10y_2y_spread_change_1m,us_10y_2y_spread,macro_fred,monthly,absolute_change,1,True
us_10y_2y_spread_pct_change_1m,us_10y_2y_spread,macro_fred,monthly,pct_change,1,True
us_10y_2y_spread_pct_change_3m,us_10y_2y_spread,macro_fred,monthly,pct_change,3,True
us_10y_2y_spread_pct_change_12m,us_10y_2y_spread,macro_fred,monthly,pct_change,12,True
us_10y_treasury_yield_lag_1,us_10y_treasury_yield,macro_fred,monthly,lag,1,True
us_10y_treasury_yield_lag_3,us_10y_treasury_yield,macro_fred,monthly,lag,3,True
us_10y_treasury_yield_lag_6,us_10y_treasury_yield,macro_fred,monthly,lag,6,True
us_10y_treasury_yield_lag_12,us_10y_treasury_yield,macro_fred,monthly,lag,12,True
us_10y_treasury_yield_change_1m,us_10y_treasury_yield,macro_fred,monthly,absolute_change,1,True
us_10y_treasury_yield_pct_change_1m,us_10y_treasury_yield,macro_fred,monthly,pct_change,1,True
us_10y_treasury_yield_pct_change_3m,us_10y_treasury_yield,macro_fred,monthly,pct_change,3,True
us_10y_treasury_yield_pct_change_12m,us_10y_treasury_yield,macro_fred,monthly,pct_change,12,True
us_2y_yield_lag_1,us_2y_yield,macro_fred,monthly,lag,1,True
us_2y_yield_lag_3,us_2y_yield,macro_fred,monthly,lag,3,True
us_2y_yield_lag_6,us_2y_yield,macro_fred,monthly,lag,6,True
us_2y_yield_lag_12,us_2y_yield,macro_fred,monthly,lag,12,True
us_2y_yield_change_1m,us_2y_yield,macro_fred,monthly,absolute_change,1,True
us_2y_yield_pct_change_1m,us_2y_yield,macro_fred,monthly,pct_change,1,True
us_2y_yield_pct_change_3m,us_2y_yield,macro_fred,monthly,pct_change,3,True
us_2y_yield_pct_change_12m,us_2y_yield,macro_fred,monthly,pct_change,12,True
us_cpi_index_lag_1,us_cpi_index,macro_fred,monthly,lag,1,True
us_cpi_index_lag_3,us_cpi_index,macro_fred,monthly,lag,3,True
us_cpi_index_lag_6,us_cpi_index,macro_fred,monthly,lag,6,True
us_cpi_index_lag_12,us_cpi_index,macro_fred,monthly,lag,12,True
us_cpi_index_change_1m,us_cpi_index,macro_fred,monthly,absolute_change,1,True
us_cpi_index_pct_change_1m,us_cpi_index,macro_fred,monthly,pct_change,1,True
us_cpi_index_pct_change_3m,us_cpi_index,macro_fred,monthly,pct_change,3,True
us_cpi_index_pct_change_12m,us_cpi_index,macro_fred,monthly,pct_change,12,True
us_housing_starts_lag_1,us_housing_starts,macro_fred,monthly,lag,1,True
us_housing_starts_lag_3,us_housing_starts,macro_fred,monthly,lag,3,True
us_housing_starts_lag_6,us_housing_starts,macro_fred,monthly,lag,6,True
us_housing_starts_lag_12,us_housing_starts,macro_fred,monthly,lag,12,True
us_housing_starts_change_1m,us_housing_starts,macro_fred,monthly,absolute_change,1,True
us_housing_starts_pct_change_1m,us_housing_starts,macro_fred,monthly,pct_change,1,True
us_housing_starts_pct_change_3m,us_housing_starts,macro_fred,monthly,pct_change,3,True
us_housing_starts_pct_change_12m,us_housing_starts,macro_fred,monthly,pct_change,12,True
us_industrial_production_lag_1,us_industrial_production,macro_fred,monthly,lag,1,True
us_industrial_production_lag_3,us_industrial_production,macro_fred,monthly,lag,3,True
us_industrial_production_lag_6,us_industrial_production,macro_fred,monthly,lag,6,True
us_industrial_production_lag_12,us_industrial_production,macro_fred,monthly,lag,12,True
us_industrial_production_change_1m,us_industrial_production,macro_fred,monthly,absolute_change,1,True
us_industrial_production_pct_change_1m,us_industrial_production,macro_fred,monthly,pct_change,1,True
us_industrial_production_pct_change_3m,us_industrial_production,macro_fred,monthly,pct_change,3,True
us_industrial_production_pct_change_12m,us_industrial_production,macro_fred,monthly,pct_change,12,True
us_ppi_lag_1,us_ppi,macro_fred,monthly,lag,1,True
us_ppi_lag_3,us_ppi,macro_fred,monthly,lag,3,True
us_ppi_lag_6,us_ppi,macro_fred,monthly,lag,6,True
us_ppi_lag_12,us_ppi,macro_fred,monthly,lag,12,True
us_ppi_change_1m,us_ppi,macro_fred,monthly,absolute_change,1,True
us_ppi_pct_change_1m,us_ppi,macro_fred,monthly,pct_change,1,True
us_ppi_pct_change_3m,us_ppi,macro_fred,monthly,pct_change,3,True
us_ppi_pct_change_12m,us_ppi,macro_fred,monthly,pct_change,12,True
usd_cny_lag_1,usd_cny,macro_fred,monthly,lag,1,True
usd_cny_lag_3,usd_cny,macro_fred,monthly,lag,3,True
usd_cny_lag_6,usd_cny,macro_fred,monthly,lag,6,True
usd_cny_lag_12,usd_cny,macro_fred,monthly,lag,12,True
usd_cny_change_1m,usd_cny,macro_fred,monthly,absolute_change,1,True
usd_cny_pct_change_1m,usd_cny,macro_fred,monthly,pct_change,1,True
usd_cny_pct_change_3m,usd_cny,macro_fred,monthly,pct_change,3,True
usd_cny_pct_change_12m,usd_cny,macro_fred,monthly,pct_change,12,True
usd_gbp_lag_1,usd_gbp,macro_fred,monthly,lag,1,True
usd_gbp_lag_3,usd_gbp,macro_fred,monthly,lag,3,True
usd_gbp_lag_6,usd_gbp,macro_fred,monthly,lag,6,True
usd_gbp_lag_12,usd_gbp,macro_fred,monthly,lag,12,True
usd_gbp_change_1m,usd_gbp,macro_fred,monthly,absolute_change,1,True
usd_gbp_pct_change_1m,usd_gbp,macro_fred,monthly,pct_change,1,True
usd_gbp_pct_change_3m,usd_gbp,macro_fred,monthly,pct_change,3,True
usd_gbp_pct_change_12m,usd_gbp,macro_fred,monthly,pct_change,12,True
usd_idr_lag_1,usd_idr,macro_fred,monthly,lag,1,True
usd_idr_lag_3,usd_idr,macro_fred,monthly,lag,3,True
usd_idr_lag_6,usd_idr,macro_fred,monthly,lag,6,True
usd_idr_lag_12,usd_idr,macro_fred,monthly,lag,12,True
usd_idr_change_1m,usd_idr,macro_fred,monthly,absolute_change,1,True
usd_idr_pct_change_1m,usd_idr,macro_fred,monthly,pct_change,1,True
usd_idr_pct_change_3m,usd_idr,macro_fred,monthly,pct_change,3,True
usd_idr_pct_change_12m,usd_idr,macro_fred,monthly,pct_change,12,True
usd_inr_lag_1,usd_inr,macro_fred,monthly,lag,1,True
usd_inr_lag_3,usd_inr,macro_fred,monthly,lag,3,True
usd_inr_lag_6,usd_inr,macro_fred,monthly,lag,6,True
usd_inr_lag_12,usd_inr,macro_fred,monthly,lag,12,True
usd_inr_change_1m,usd_inr,macro_fred,monthly,absolute_change,1,True
usd_inr_pct_change_1m,usd_inr,macro_fred,monthly,pct_change,1,True
usd_inr_pct_change_3m,usd_inr,macro_fred,monthly,pct_change,3,True
usd_inr_pct_change_12m,usd_inr,macro_fred,monthly,pct_change,12,True
usd_jpy_lag_1,usd_jpy,macro_fred,monthly,lag,1,True
usd_jpy_lag_3,usd_jpy,macro_fred,monthly,lag,3,True
usd_jpy_lag_6,usd_jpy,macro_fred,monthly,lag,6,True
usd_jpy_lag_12,usd_jpy,macro_fred,monthly,lag,12,True
usd_jpy_change_1m,usd_jpy,macro_fred,monthly,absolute_change,1,True
usd_jpy_pct_change_1m,usd_jpy,macro_fred,monthly,pct_change,1,True
usd_jpy_pct_change_3m,usd_jpy,macro_fred,monthly,pct_change,3,True
usd_jpy_pct_change_12m,usd_jpy,macro_fred,monthly,pct_change,12,True
usd_krw_lag_1,usd_krw,macro_fred,monthly,lag,1,True
usd_krw_lag_3,usd_krw,macro_fred,monthly,lag,3,True
usd_krw_lag_6,usd_krw,macro_fred,monthly,lag,6,True
usd_krw_lag_12,usd_krw,macro_fred,monthly,lag,12,True
usd_krw_change_1m,usd_krw,macro_fred,monthly,absolute_change,1,True
usd_krw_pct_change_1m,usd_krw,macro_fred,monthly,pct_change,1,True
usd_krw_pct_change_3m,usd_krw,macro_fred,monthly,pct_change,3,True
usd_krw_pct_change_12m,usd_krw,macro_fred,monthly,pct_change,12,True
vix_index_lag_1,vix_index,macro_fred,monthly,lag,1,True
vix_index_lag_3,vix_index,macro_fred,monthly,lag,3,True
vix_index_lag_6,vix_index,macro_fred,monthly,lag,6,True
vix_index_lag_12,vix_index,macro_fred,monthly,lag,12,True
vix_index_change_1m,vix_index,macro_fred,monthly,absolute_change,1,True
vix_index_pct_change_1m,vix_index,macro_fred,monthly,pct_change,1,True
vix_index_pct_change_3m,vix_index,macro_fred,monthly,pct_change,3,True
vix_index_pct_change_12m,vix_index,macro_fred,monthly,pct_change,12,True
boj_call_rate_lag_1,boj_call_rate,global_macro,monthly,lag,1,True
boj_call_rate_lag_3,boj_call_rate,global_macro,monthly,lag,3,True
boj_call_rate_lag_6,boj_call_rate,global_macro,monthly,lag,6,True
boj_call_rate_lag_12,boj_call_rate,global_macro,monthly,lag,12,True
boj_call_rate_change_1m,boj_call_rate,global_macro,monthly,absolute_change,1,True
boj_call_rate_pct_change_1m,boj_call_rate,global_macro,monthly,pct_change,1,True
boj_call_rate_pct_change_3m,boj_call_rate,global_macro,monthly,pct_change,3,True
boj_call_rate_pct_change_12m,boj_call_rate,global_macro,monthly,pct_change,12,True
drc_inflation_mom_lag_1,drc_inflation_mom,global_macro,monthly,lag,1,True
drc_inflation_mom_lag_3,drc_inflation_mom,global_macro,monthly,lag,3,True
drc_inflation_mom_lag_6,drc_inflation_mom,global_macro,monthly,lag,6,True
drc_inflation_mom_lag_12,drc_inflation_mom,global_macro,monthly,lag,12,True
drc_inflation_mom_change_1m,drc_inflation_mom,global_macro,monthly,absolute_change,1,True
drc_inflation_mom_pct_change_1m,drc_inflation_mom,global_macro,monthly,pct_change,1,True
drc_inflation_mom_pct_change_3m,drc_inflation_mom,global_macro,monthly,pct_change,3,True
drc_inflation_mom_pct_change_12m,drc_inflation_mom,global_macro,monthly,pct_change,12,True
drc_policy_rate_lag_1,drc_policy_rate,global_macro,monthly,lag,1,True
drc_policy_rate_lag_3,drc_policy_rate,global_macro,monthly,lag,3,True
drc_policy_rate_lag_6,drc_policy_rate,global_macro,monthly,lag,6,True
drc_policy_rate_lag_12,drc_policy_rate,global_macro,monthly,lag,12,True
drc_policy_rate_change_1m,drc_policy_rate,global_macro,monthly,absolute_change,1,True
drc_policy_rate_pct_change_1m,drc_policy_rate,global_macro,monthly,pct_change,1,True
drc_policy_rate_pct_change_3m,drc_policy_rate,global_macro,monthly,pct_change,3,True
drc_policy_rate_pct_change_12m,drc_policy_rate,global_macro,monthly,pct_change,12,True
ecb_policy_rate_lag_1,ecb_policy_rate,global_macro,monthly,lag,1,True
ecb_policy_rate_lag_3,ecb_policy_rate,global_macro,monthly,lag,3,True
ecb_policy_rate_lag_6,ecb_policy_rate,global_macro,monthly,lag,6,True
ecb_policy_rate_lag_12,ecb_policy_rate,global_macro,monthly,lag,12,True
ecb_policy_rate_change_1m,ecb_policy_rate,global_macro,monthly,absolute_change,1,True
ecb_policy_rate_pct_change_1m,ecb_policy_rate,global_macro,monthly,pct_change,1,True
ecb_policy_rate_pct_change_3m,ecb_policy_rate,global_macro,monthly,pct_change,3,True
ecb_policy_rate_pct_change_12m,ecb_policy_rate,global_macro,monthly,pct_change,12,True
euro_area_construction_output_lag_1,euro_area_construction_output,global_macro,monthly,lag,1,True
euro_area_construction_output_lag_3,euro_area_construction_output,global_macro,monthly,lag,3,True
euro_area_construction_output_lag_6,euro_area_construction_output,global_macro,monthly,lag,6,True
euro_area_construction_output_lag_12,euro_area_construction_output,global_macro,monthly,lag,12,True
euro_area_construction_output_change_1m,euro_area_construction_output,global_macro,monthly,absolute_change,1,True
euro_area_construction_output_pct_change_1m,euro_area_construction_output,global_macro,monthly,pct_change,1,True
euro_area_construction_output_pct_change_3m,euro_area_construction_output,global_macro,monthly,pct_change,3,True
euro_area_construction_output_pct_change_12m,euro_area_construction_output,global_macro,monthly,pct_change,12,True
euro_area_copper_production_ppi_lag_1,euro_area_copper_production_ppi,global_macro,monthly,lag,1,True
euro_area_copper_production_ppi_lag_3,euro_area_copper_production_ppi,global_macro,monthly,lag,3,True
euro_area_copper_production_ppi_lag_6,euro_area_copper_production_ppi,global_macro,monthly,lag,6,True
euro_area_copper_production_ppi_lag_12,euro_area_copper_production_ppi,global_macro,monthly,lag,12,True
euro_area_copper_production_ppi_change_1m,euro_area_copper_production_ppi,global_macro,monthly,absolute_change,1,True
euro_area_copper_production_ppi_pct_change_1m,euro_area_copper_production_ppi,global_macro,monthly,pct_change,1,True
euro_area_copper_production_ppi_pct_change_3m,euro_area_copper_production_ppi,global_macro,monthly,pct_change,3,True
euro_area_copper_production_ppi_pct_change_12m,euro_area_copper_production_ppi,global_macro,monthly,pct_change,12,True
euro_area_industrial_production_lag_1,euro_area_industrial_production,global_macro,monthly,lag,1,True
euro_area_industrial_production_lag_3,euro_area_industrial_production,global_macro,monthly,lag,3,True
euro_area_industrial_production_lag_6,euro_area_industrial_production,global_macro,monthly,lag,6,True
euro_area_industrial_production_lag_12,euro_area_industrial_production,global_macro,monthly,lag,12,True
euro_area_industrial_production_change_1m,euro_area_industrial_production,global_macro,monthly,absolute_change,1,True
euro_area_industrial_production_pct_change_1m,euro_area_industrial_production,global_macro,monthly,pct_change,1,True
euro_area_industrial_production_pct_change_3m,euro_area_industrial_production,global_macro,monthly,pct_change,3,True
euro_area_industrial_production_pct_change_12m,euro_area_industrial_production,global_macro,monthly,pct_change,12,True
euro_area_ppi_lag_1,euro_area_ppi,global_macro,monthly,lag,1,True
euro_area_ppi_lag_3,euro_area_ppi,global_macro,monthly,lag,3,True
euro_area_ppi_lag_6,euro_area_ppi,global_macro,monthly,lag,6,True
euro_area_ppi_lag_12,euro_area_ppi,global_macro,monthly,lag,12,True
euro_area_ppi_change_1m,euro_area_ppi,global_macro,monthly,absolute_change,1,True
euro_area_ppi_pct_change_1m,euro_area_ppi,global_macro,monthly,pct_change,1,True
euro_area_ppi_pct_change_3m,euro_area_ppi,global_macro,monthly,pct_change,3,True
euro_area_ppi_pct_change_12m,euro_area_ppi,global_macro,monthly,pct_change,12,True
indonesia_inflation_mom_lag_1,indonesia_inflation_mom,global_macro,monthly,lag,1,True
indonesia_inflation_mom_lag_3,indonesia_inflation_mom,global_macro,monthly,lag,3,True
indonesia_inflation_mom_lag_6,indonesia_inflation_mom,global_macro,monthly,lag,6,True
indonesia_inflation_mom_lag_12,indonesia_inflation_mom,global_macro,monthly,lag,12,True
indonesia_inflation_mom_change_1m,indonesia_inflation_mom,global_macro,monthly,absolute_change,1,True
indonesia_inflation_mom_pct_change_1m,indonesia_inflation_mom,global_macro,monthly,pct_change,1,True
indonesia_inflation_mom_pct_change_3m,indonesia_inflation_mom,global_macro,monthly,pct_change,3,True
indonesia_inflation_mom_pct_change_12m,indonesia_inflation_mom,global_macro,monthly,pct_change,12,True
japan_cpi_lag_1,japan_cpi,global_macro,monthly,lag,1,True
japan_cpi_lag_3,japan_cpi,global_macro,monthly,lag,3,True
japan_cpi_lag_6,japan_cpi,global_macro,monthly,lag,6,True
japan_cpi_lag_12,japan_cpi,global_macro,monthly,lag,12,True
japan_cpi_change_1m,japan_cpi,global_macro,monthly,absolute_change,1,True
japan_cpi_pct_change_1m,japan_cpi,global_macro,monthly,pct_change,1,True
japan_cpi_pct_change_3m,japan_cpi,global_macro,monthly,pct_change,3,True
japan_cpi_pct_change_12m,japan_cpi,global_macro,monthly,pct_change,12,True
japan_industrial_production_lag_1,japan_industrial_production,global_macro,monthly,lag,1,True
japan_industrial_production_lag_3,japan_industrial_production,global_macro,monthly,lag,3,True
japan_industrial_production_lag_6,japan_industrial_production,global_macro,monthly,lag,6,True
japan_industrial_production_lag_12,japan_industrial_production,global_macro,monthly,lag,12,True
japan_industrial_production_change_1m,japan_industrial_production,global_macro,monthly,absolute_change,1,True
japan_industrial_production_pct_change_1m,japan_industrial_production,global_macro,monthly,pct_change,1,True
japan_industrial_production_pct_change_3m,japan_industrial_production,global_macro,monthly,pct_change,3,True
japan_industrial_production_pct_change_12m,japan_industrial_production,global_macro,monthly,pct_change,12,True
japan_ppi_lag_1,japan_ppi,global_macro,monthly,lag,1,True
japan_ppi_lag_3,japan_ppi,global_macro,monthly,lag,3,True
japan_ppi_lag_6,japan_ppi,global_macro,monthly,lag,6,True
japan_ppi_lag_12,japan_ppi,global_macro,monthly,lag,12,True
japan_ppi_change_1m,japan_ppi,global_macro,monthly,absolute_change,1,True
japan_ppi_pct_change_1m,japan_ppi,global_macro,monthly,pct_change,1,True
japan_ppi_pct_change_3m,japan_ppi,global_macro,monthly,pct_change,3,True
japan_ppi_pct_change_12m,japan_ppi,global_macro,monthly,pct_change,12,True
usd_cdf_lag_1,usd_cdf,global_macro,monthly,lag,1,True
usd_cdf_lag_3,usd_cdf,global_macro,monthly,lag,3,True
usd_cdf_lag_6,usd_cdf,global_macro,monthly,lag,6,True
usd_cdf_lag_12,usd_cdf,global_macro,monthly,lag,12,True
usd_cdf_change_1m,usd_cdf,global_macro,monthly,absolute_change,1,True
usd_cdf_pct_change_1m,usd_cdf,global_macro,monthly,pct_change,1,True
usd_cdf_pct_change_3m,usd_cdf,global_macro,monthly,pct_change,3,True
usd_cdf_pct_change_12m,usd_cdf,global_macro,monthly,pct_change,12,True
g20_composite_leading_indicator_lag_1,g20_composite_leading_indicator,leading_indicators,monthly,lag,1,True
g20_composite_leading_indicator_lag_3,g20_composite_leading_indicator,leading_indicators,monthly,lag,3,True
g20_composite_leading_indicator_lag_6,g20_composite_leading_indicator,leading_indicators,monthly,lag,6,True
g20_composite_leading_indicator_lag_12,g20_composite_leading_indicator,leading_indicators,monthly,lag,12,True
g20_composite_leading_indicator_change_1m,g20_composite_leading_indicator,leading_indicators,monthly,absolute_change,1,True
g20_composite_leading_indicator_pct_change_1m,g20_composite_leading_indicator,leading_indicators,monthly,pct_change,1,True
g20_composite_leading_indicator_pct_change_3m,g20_composite_leading_indicator,leading_indicators,monthly,pct_change,3,True
g20_composite_leading_indicator_pct_change_12m,g20_composite_leading_indicator,leading_indicators,monthly,pct_change,12,True
turkey_capacity_basic_metals_percent_lag_1,turkey_capacity_basic_metals_percent,turkey,monthly,lag,1,True
turkey_capacity_basic_metals_percent_lag_3,turkey_capacity_basic_metals_percent,turkey,monthly,lag,3,True
turkey_capacity_basic_metals_percent_lag_6,turkey_capacity_basic_metals_percent,turkey,monthly,lag,6,True
turkey_capacity_basic_metals_percent_lag_12,turkey_capacity_basic_metals_percent,turkey,monthly,lag,12,True
turkey_capacity_basic_metals_percent_change_1m,turkey_capacity_basic_metals_percent,turkey,monthly,absolute_change,1,True
turkey_capacity_basic_metals_percent_pct_change_1m,turkey_capacity_basic_metals_percent,turkey,monthly,pct_change,1,True
turkey_capacity_basic_metals_percent_pct_change_3m,turkey_capacity_basic_metals_percent,turkey,monthly,pct_change,3,True
turkey_capacity_basic_metals_percent_pct_change_12m,turkey_capacity_basic_metals_percent,turkey,monthly,pct_change,12,True
turkey_capacity_electrical_equipment_percent_lag_1,turkey_capacity_electrical_equipment_percent,turkey,monthly,lag,1,True
turkey_capacity_electrical_equipment_percent_lag_3,turkey_capacity_electrical_equipment_percent,turkey,monthly,lag,3,True
turkey_capacity_electrical_equipment_percent_lag_6,turkey_capacity_electrical_equipment_percent,turkey,monthly,lag,6,True
turkey_capacity_electrical_equipment_percent_lag_12,turkey_capacity_electrical_equipment_percent,turkey,monthly,lag,12,True
turkey_capacity_electrical_equipment_percent_change_1m,turkey_capacity_electrical_equipment_percent,turkey,monthly,absolute_change,1,True
turkey_capacity_electrical_equipment_percent_pct_change_1m,turkey_capacity_electrical_equipment_percent,turkey,monthly,pct_change,1,True
turkey_capacity_electrical_equipment_percent_pct_change_3m,turkey_capacity_electrical_equipment_percent,turkey,monthly,pct_change,3,True
turkey_capacity_electrical_equipment_percent_pct_change_12m,turkey_capacity_electrical_equipment_percent,turkey,monthly,pct_change,12,True
turkey_capacity_fabricated_metals_percent_lag_1,turkey_capacity_fabricated_metals_percent,turkey,monthly,lag,1,True
turkey_capacity_fabricated_metals_percent_lag_3,turkey_capacity_fabricated_metals_percent,turkey,monthly,lag,3,True
turkey_capacity_fabricated_metals_percent_lag_6,turkey_capacity_fabricated_metals_percent,turkey,monthly,lag,6,True
turkey_capacity_fabricated_metals_percent_lag_12,turkey_capacity_fabricated_metals_percent,turkey,monthly,lag,12,True
turkey_capacity_fabricated_metals_percent_change_1m,turkey_capacity_fabricated_metals_percent,turkey,monthly,absolute_change,1,True
turkey_capacity_fabricated_metals_percent_pct_change_1m,turkey_capacity_fabricated_metals_percent,turkey,monthly,pct_change,1,True
turkey_capacity_fabricated_metals_percent_pct_change_3m,turkey_capacity_fabricated_metals_percent,turkey,monthly,pct_change,3,True
turkey_capacity_fabricated_metals_percent_pct_change_12m,turkey_capacity_fabricated_metals_percent,turkey,monthly,pct_change,12,True
turkey_capacity_intermediate_goods_percent_lag_1,turkey_capacity_intermediate_goods_percent,turkey,monthly,lag,1,True
turkey_capacity_intermediate_goods_percent_lag_3,turkey_capacity_intermediate_goods_percent,turkey,monthly,lag,3,True
turkey_capacity_intermediate_goods_percent_lag_6,turkey_capacity_intermediate_goods_percent,turkey,monthly,lag,6,True
turkey_capacity_intermediate_goods_percent_lag_12,turkey_capacity_intermediate_goods_percent,turkey,monthly,lag,12,True
turkey_capacity_intermediate_goods_percent_change_1m,turkey_capacity_intermediate_goods_percent,turkey,monthly,absolute_change,1,True
turkey_capacity_intermediate_goods_percent_pct_change_1m,turkey_capacity_intermediate_goods_percent,turkey,monthly,pct_change,1,True
turkey_capacity_intermediate_goods_percent_pct_change_3m,turkey_capacity_intermediate_goods_percent,turkey,monthly,pct_change,3,True
turkey_capacity_intermediate_goods_percent_pct_change_12m,turkey_capacity_intermediate_goods_percent,turkey,monthly,pct_change,12,True
turkey_capacity_investment_goods_percent_lag_1,turkey_capacity_investment_goods_percent,turkey,monthly,lag,1,True
turkey_capacity_investment_goods_percent_lag_3,turkey_capacity_investment_goods_percent,turkey,monthly,lag,3,True
turkey_capacity_investment_goods_percent_lag_6,turkey_capacity_investment_goods_percent,turkey,monthly,lag,6,True
turkey_capacity_investment_goods_percent_lag_12,turkey_capacity_investment_goods_percent,turkey,monthly,lag,12,True
turkey_capacity_investment_goods_percent_change_1m,turkey_capacity_investment_goods_percent,turkey,monthly,absolute_change,1,True
turkey_capacity_investment_goods_percent_pct_change_1m,turkey_capacity_investment_goods_percent,turkey,monthly,pct_change,1,True
turkey_capacity_investment_goods_percent_pct_change_3m,turkey_capacity_investment_goods_percent,turkey,monthly,pct_change,3,True
turkey_capacity_investment_goods_percent_pct_change_12m,turkey_capacity_investment_goods_percent,turkey,monthly,pct_change,12,True
turkey_capacity_machinery_percent_lag_1,turkey_capacity_machinery_percent,turkey,monthly,lag,1,True
turkey_capacity_machinery_percent_lag_3,turkey_capacity_machinery_percent,turkey,monthly,lag,3,True
turkey_capacity_machinery_percent_lag_6,turkey_capacity_machinery_percent,turkey,monthly,lag,6,True
turkey_capacity_machinery_percent_lag_12,turkey_capacity_machinery_percent,turkey,monthly,lag,12,True
turkey_capacity_machinery_percent_change_1m,turkey_capacity_machinery_percent,turkey,monthly,absolute_change,1,True
turkey_capacity_machinery_percent_pct_change_1m,turkey_capacity_machinery_percent,turkey,monthly,pct_change,1,True
turkey_capacity_machinery_percent_pct_change_3m,turkey_capacity_machinery_percent,turkey,monthly,pct_change,3,True
turkey_capacity_machinery_percent_pct_change_12m,turkey_capacity_machinery_percent,turkey,monthly,pct_change,12,True
turkey_capacity_motor_vehicles_percent_lag_1,turkey_capacity_motor_vehicles_percent,turkey,monthly,lag,1,True
turkey_capacity_motor_vehicles_percent_lag_3,turkey_capacity_motor_vehicles_percent,turkey,monthly,lag,3,True
turkey_capacity_motor_vehicles_percent_lag_6,turkey_capacity_motor_vehicles_percent,turkey,monthly,lag,6,True
turkey_capacity_motor_vehicles_percent_lag_12,turkey_capacity_motor_vehicles_percent,turkey,monthly,lag,12,True
turkey_capacity_motor_vehicles_percent_change_1m,turkey_capacity_motor_vehicles_percent,turkey,monthly,absolute_change,1,True
turkey_capacity_motor_vehicles_percent_pct_change_1m,turkey_capacity_motor_vehicles_percent,turkey,monthly,pct_change,1,True
turkey_capacity_motor_vehicles_percent_pct_change_3m,turkey_capacity_motor_vehicles_percent,turkey,monthly,pct_change,3,True
turkey_capacity_motor_vehicles_percent_pct_change_12m,turkey_capacity_motor_vehicles_percent,turkey,monthly,pct_change,12,True
turkey_consumer_confidence_index_lag_1,turkey_consumer_confidence_index,turkey,monthly,lag,1,True
turkey_consumer_confidence_index_lag_3,turkey_consumer_confidence_index,turkey,monthly,lag,3,True
turkey_consumer_confidence_index_lag_6,turkey_consumer_confidence_index,turkey,monthly,lag,6,True
turkey_consumer_confidence_index_lag_12,turkey_consumer_confidence_index,turkey,monthly,lag,12,True
turkey_consumer_confidence_index_change_1m,turkey_consumer_confidence_index,turkey,monthly,absolute_change,1,True
turkey_consumer_confidence_index_pct_change_1m,turkey_consumer_confidence_index,turkey,monthly,pct_change,1,True
turkey_consumer_confidence_index_pct_change_3m,turkey_consumer_confidence_index,turkey,monthly,pct_change,3,True
turkey_consumer_confidence_index_pct_change_12m,turkey_consumer_confidence_index,turkey,monthly,pct_change,12,True
turkey_cpi_index_lag_1,turkey_cpi_index,turkey,monthly,lag,1,True
turkey_cpi_index_lag_3,turkey_cpi_index,turkey,monthly,lag,3,True
turkey_cpi_index_lag_6,turkey_cpi_index,turkey,monthly,lag,6,True
turkey_cpi_index_lag_12,turkey_cpi_index,turkey,monthly,lag,12,True
turkey_cpi_index_change_1m,turkey_cpi_index,turkey,monthly,absolute_change,1,True
turkey_cpi_index_pct_change_1m,turkey_cpi_index,turkey,monthly,pct_change,1,True
turkey_cpi_index_pct_change_3m,turkey_cpi_index,turkey,monthly,pct_change,3,True
turkey_cpi_index_pct_change_12m,turkey_cpi_index,turkey,monthly,pct_change,12,True
turkey_domestic_ppi_index_lag_1,turkey_domestic_ppi_index,turkey,monthly,lag,1,True
turkey_domestic_ppi_index_lag_3,turkey_domestic_ppi_index,turkey,monthly,lag,3,True
turkey_domestic_ppi_index_lag_6,turkey_domestic_ppi_index,turkey,monthly,lag,6,True
turkey_domestic_ppi_index_lag_12,turkey_domestic_ppi_index,turkey,monthly,lag,12,True
turkey_domestic_ppi_index_change_1m,turkey_domestic_ppi_index,turkey,monthly,absolute_change,1,True
turkey_domestic_ppi_index_pct_change_1m,turkey_domestic_ppi_index,turkey,monthly,pct_change,1,True
turkey_domestic_ppi_index_pct_change_3m,turkey_domestic_ppi_index,turkey,monthly,pct_change,3,True
turkey_domestic_ppi_index_pct_change_12m,turkey_domestic_ppi_index,turkey,monthly,pct_change,12,True
turkey_eur_try_monthly_average_lag_1,turkey_eur_try_monthly_average,turkey,monthly,lag,1,True
turkey_eur_try_monthly_average_lag_3,turkey_eur_try_monthly_average,turkey,monthly,lag,3,True
turkey_eur_try_monthly_average_lag_6,turkey_eur_try_monthly_average,turkey,monthly,lag,6,True
turkey_eur_try_monthly_average_lag_12,turkey_eur_try_monthly_average,turkey,monthly,lag,12,True
turkey_eur_try_monthly_average_change_1m,turkey_eur_try_monthly_average,turkey,monthly,absolute_change,1,True
turkey_eur_try_monthly_average_pct_change_1m,turkey_eur_try_monthly_average,turkey,monthly,pct_change,1,True
turkey_eur_try_monthly_average_pct_change_3m,turkey_eur_try_monthly_average,turkey,monthly,pct_change,3,True
turkey_eur_try_monthly_average_pct_change_12m,turkey_eur_try_monthly_average,turkey,monthly,pct_change,12,True
turkey_exports_usd_lag_1,turkey_exports_usd,turkey,monthly,lag,1,True
turkey_exports_usd_lag_3,turkey_exports_usd,turkey,monthly,lag,3,True
turkey_exports_usd_lag_6,turkey_exports_usd,turkey,monthly,lag,6,True
turkey_exports_usd_lag_12,turkey_exports_usd,turkey,monthly,lag,12,True
turkey_exports_usd_change_1m,turkey_exports_usd,turkey,monthly,absolute_change,1,True
turkey_exports_usd_pct_change_1m,turkey_exports_usd,turkey,monthly,pct_change,1,True
turkey_exports_usd_pct_change_3m,turkey_exports_usd,turkey,monthly,pct_change,3,True
turkey_exports_usd_pct_change_12m,turkey_exports_usd,turkey,monthly,pct_change,12,True
turkey_foreign_trade_balance_usd_lag_1,turkey_foreign_trade_balance_usd,turkey,monthly,lag,1,True
turkey_foreign_trade_balance_usd_lag_3,turkey_foreign_trade_balance_usd,turkey,monthly,lag,3,True
turkey_foreign_trade_balance_usd_lag_6,turkey_foreign_trade_balance_usd,turkey,monthly,lag,6,True
turkey_foreign_trade_balance_usd_lag_12,turkey_foreign_trade_balance_usd,turkey,monthly,lag,12,True
turkey_foreign_trade_balance_usd_change_1m,turkey_foreign_trade_balance_usd,turkey,monthly,absolute_change,1,True
turkey_foreign_trade_balance_usd_pct_change_1m,turkey_foreign_trade_balance_usd,turkey,monthly,pct_change,1,True
turkey_foreign_trade_balance_usd_pct_change_3m,turkey_foreign_trade_balance_usd,turkey,monthly,pct_change,3,True
turkey_foreign_trade_balance_usd_pct_change_12m,turkey_foreign_trade_balance_usd,turkey,monthly,pct_change,12,True
turkey_imports_usd_lag_1,turkey_imports_usd,turkey,monthly,lag,1,True
turkey_imports_usd_lag_3,turkey_imports_usd,turkey,monthly,lag,3,True
turkey_imports_usd_lag_6,turkey_imports_usd,turkey,monthly,lag,6,True
turkey_imports_usd_lag_12,turkey_imports_usd,turkey,monthly,lag,12,True
turkey_imports_usd_change_1m,turkey_imports_usd,turkey,monthly,absolute_change,1,True
turkey_imports_usd_pct_change_1m,turkey_imports_usd,turkey,monthly,pct_change,1,True
turkey_imports_usd_pct_change_3m,turkey_imports_usd,turkey,monthly,pct_change,3,True
turkey_imports_usd_pct_change_12m,turkey_imports_usd,turkey,monthly,pct_change,12,True
turkey_manufacturing_capacity_utilization_percent_lag_1,turkey_manufacturing_capacity_utilization_percent,turkey,monthly,lag,1,True
turkey_manufacturing_capacity_utilization_percent_lag_3,turkey_manufacturing_capacity_utilization_percent,turkey,monthly,lag,3,True
turkey_manufacturing_capacity_utilization_percent_lag_6,turkey_manufacturing_capacity_utilization_percent,turkey,monthly,lag,6,True
turkey_manufacturing_capacity_utilization_percent_lag_12,turkey_manufacturing_capacity_utilization_percent,turkey,monthly,lag,12,True
turkey_manufacturing_capacity_utilization_percent_change_1m,turkey_manufacturing_capacity_utilization_percent,turkey,monthly,absolute_change,1,True
turkey_manufacturing_capacity_utilization_percent_pct_change_1m,turkey_manufacturing_capacity_utilization_percent,turkey,monthly,pct_change,1,True
turkey_manufacturing_capacity_utilization_percent_pct_change_3m,turkey_manufacturing_capacity_utilization_percent,turkey,monthly,pct_change,3,True
turkey_manufacturing_capacity_utilization_percent_pct_change_12m,turkey_manufacturing_capacity_utilization_percent,turkey,monthly,pct_change,12,True
turkey_ppi_basic_metals_index_lag_1,turkey_ppi_basic_metals_index,turkey,monthly,lag,1,True
turkey_ppi_basic_metals_index_lag_3,turkey_ppi_basic_metals_index,turkey,monthly,lag,3,True
turkey_ppi_basic_metals_index_lag_6,turkey_ppi_basic_metals_index,turkey,monthly,lag,6,True
turkey_ppi_basic_metals_index_lag_12,turkey_ppi_basic_metals_index,turkey,monthly,lag,12,True
turkey_ppi_basic_metals_index_change_1m,turkey_ppi_basic_metals_index,turkey,monthly,absolute_change,1,True
turkey_ppi_basic_metals_index_pct_change_1m,turkey_ppi_basic_metals_index,turkey,monthly,pct_change,1,True
turkey_ppi_basic_metals_index_pct_change_3m,turkey_ppi_basic_metals_index,turkey,monthly,pct_change,3,True
turkey_ppi_basic_metals_index_pct_change_12m,turkey_ppi_basic_metals_index,turkey,monthly,pct_change,12,True
turkey_ppi_electrical_equipment_index_lag_1,turkey_ppi_electrical_equipment_index,turkey,monthly,lag,1,True
turkey_ppi_electrical_equipment_index_lag_3,turkey_ppi_electrical_equipment_index,turkey,monthly,lag,3,True
turkey_ppi_electrical_equipment_index_lag_6,turkey_ppi_electrical_equipment_index,turkey,monthly,lag,6,True
turkey_ppi_electrical_equipment_index_lag_12,turkey_ppi_electrical_equipment_index,turkey,monthly,lag,12,True
turkey_ppi_electrical_equipment_index_change_1m,turkey_ppi_electrical_equipment_index,turkey,monthly,absolute_change,1,True
turkey_ppi_electrical_equipment_index_pct_change_1m,turkey_ppi_electrical_equipment_index,turkey,monthly,pct_change,1,True
turkey_ppi_electrical_equipment_index_pct_change_3m,turkey_ppi_electrical_equipment_index,turkey,monthly,pct_change,3,True
turkey_ppi_electrical_equipment_index_pct_change_12m,turkey_ppi_electrical_equipment_index,turkey,monthly,pct_change,12,True
turkey_ppi_household_appliances_index_lag_1,turkey_ppi_household_appliances_index,turkey,monthly,lag,1,True
turkey_ppi_household_appliances_index_lag_3,turkey_ppi_household_appliances_index,turkey,monthly,lag,3,True
turkey_ppi_household_appliances_index_lag_6,turkey_ppi_household_appliances_index,turkey,monthly,lag,6,True
turkey_ppi_household_appliances_index_lag_12,turkey_ppi_household_appliances_index,turkey,monthly,lag,12,True
turkey_ppi_household_appliances_index_change_1m,turkey_ppi_household_appliances_index,turkey,monthly,absolute_change,1,True
turkey_ppi_household_appliances_index_pct_change_1m,turkey_ppi_household_appliances_index,turkey,monthly,pct_change,1,True
turkey_ppi_household_appliances_index_pct_change_3m,turkey_ppi_household_appliances_index,turkey,monthly,pct_change,3,True
turkey_ppi_household_appliances_index_pct_change_12m,turkey_ppi_household_appliances_index,turkey,monthly,pct_change,12,True
turkey_ppi_metal_ores_index_lag_1,turkey_ppi_metal_ores_index,turkey,monthly,lag,1,True
turkey_ppi_metal_ores_index_lag_3,turkey_ppi_metal_ores_index,turkey,monthly,lag,3,True
turkey_ppi_metal_ores_index_lag_6,turkey_ppi_metal_ores_index,turkey,monthly,lag,6,True
turkey_ppi_metal_ores_index_lag_12,turkey_ppi_metal_ores_index,turkey,monthly,lag,12,True
turkey_ppi_metal_ores_index_change_1m,turkey_ppi_metal_ores_index,turkey,monthly,absolute_change,1,True
turkey_ppi_metal_ores_index_pct_change_1m,turkey_ppi_metal_ores_index,turkey,monthly,pct_change,1,True
turkey_ppi_metal_ores_index_pct_change_3m,turkey_ppi_metal_ores_index,turkey,monthly,pct_change,3,True
turkey_ppi_metal_ores_index_pct_change_12m,turkey_ppi_metal_ores_index,turkey,monthly,pct_change,12,True
turkey_ppi_motor_vehicles_index_lag_1,turkey_ppi_motor_vehicles_index,turkey,monthly,lag,1,True
turkey_ppi_motor_vehicles_index_lag_3,turkey_ppi_motor_vehicles_index,turkey,monthly,lag,3,True
turkey_ppi_motor_vehicles_index_lag_6,turkey_ppi_motor_vehicles_index,turkey,monthly,lag,6,True
turkey_ppi_motor_vehicles_index_lag_12,turkey_ppi_motor_vehicles_index,turkey,monthly,lag,12,True
turkey_ppi_motor_vehicles_index_change_1m,turkey_ppi_motor_vehicles_index,turkey,monthly,absolute_change,1,True
turkey_ppi_motor_vehicles_index_pct_change_1m,turkey_ppi_motor_vehicles_index,turkey,monthly,pct_change,1,True
turkey_ppi_motor_vehicles_index_pct_change_3m,turkey_ppi_motor_vehicles_index,turkey,monthly,pct_change,3,True
turkey_ppi_motor_vehicles_index_pct_change_12m,turkey_ppi_motor_vehicles_index,turkey,monthly,pct_change,12,True
turkey_ppi_nonferrous_metal_ores_index_lag_1,turkey_ppi_nonferrous_metal_ores_index,turkey,monthly,lag,1,True
turkey_ppi_nonferrous_metal_ores_index_lag_3,turkey_ppi_nonferrous_metal_ores_index,turkey,monthly,lag,3,True
turkey_ppi_nonferrous_metal_ores_index_lag_6,turkey_ppi_nonferrous_metal_ores_index,turkey,monthly,lag,6,True
turkey_ppi_nonferrous_metal_ores_index_lag_12,turkey_ppi_nonferrous_metal_ores_index,turkey,monthly,lag,12,True
turkey_ppi_nonferrous_metal_ores_index_change_1m,turkey_ppi_nonferrous_metal_ores_index,turkey,monthly,absolute_change,1,True
turkey_ppi_nonferrous_metal_ores_index_pct_change_1m,turkey_ppi_nonferrous_metal_ores_index,turkey,monthly,pct_change,1,True
turkey_ppi_nonferrous_metal_ores_index_pct_change_3m,turkey_ppi_nonferrous_metal_ores_index,turkey,monthly,pct_change,3,True
turkey_ppi_nonferrous_metal_ores_index_pct_change_12m,turkey_ppi_nonferrous_metal_ores_index,turkey,monthly,pct_change,12,True
turkey_ppi_nonferrous_metals_index_lag_1,turkey_ppi_nonferrous_metals_index,turkey,monthly,lag,1,True
turkey_ppi_nonferrous_metals_index_lag_3,turkey_ppi_nonferrous_metals_index,turkey,monthly,lag,3,True
turkey_ppi_nonferrous_metals_index_lag_6,turkey_ppi_nonferrous_metals_index,turkey,monthly,lag,6,True
turkey_ppi_nonferrous_metals_index_lag_12,turkey_ppi_nonferrous_metals_index,turkey,monthly,lag,12,True
turkey_ppi_nonferrous_metals_index_change_1m,turkey_ppi_nonferrous_metals_index,turkey,monthly,absolute_change,1,True
turkey_ppi_nonferrous_metals_index_pct_change_1m,turkey_ppi_nonferrous_metals_index,turkey,monthly,pct_change,1,True
turkey_ppi_nonferrous_metals_index_pct_change_3m,turkey_ppi_nonferrous_metals_index,turkey,monthly,pct_change,3,True
turkey_ppi_nonferrous_metals_index_pct_change_12m,turkey_ppi_nonferrous_metals_index,turkey,monthly,pct_change,12,True
turkey_ppi_wire_cable_index_lag_1,turkey_ppi_wire_cable_index,turkey,monthly,lag,1,True
turkey_ppi_wire_cable_index_lag_3,turkey_ppi_wire_cable_index,turkey,monthly,lag,3,True
turkey_ppi_wire_cable_index_lag_6,turkey_ppi_wire_cable_index,turkey,monthly,lag,6,True
turkey_ppi_wire_cable_index_lag_12,turkey_ppi_wire_cable_index,turkey,monthly,lag,12,True
turkey_ppi_wire_cable_index_change_1m,turkey_ppi_wire_cable_index,turkey,monthly,absolute_change,1,True
turkey_ppi_wire_cable_index_pct_change_1m,turkey_ppi_wire_cable_index,turkey,monthly,pct_change,1,True
turkey_ppi_wire_cable_index_pct_change_3m,turkey_ppi_wire_cable_index,turkey,monthly,pct_change,3,True
turkey_ppi_wire_cable_index_pct_change_12m,turkey_ppi_wire_cable_index,turkey,monthly,pct_change,12,True
turkey_real_sector_confidence_index_lag_1,turkey_real_sector_confidence_index,turkey,monthly,lag,1,True
turkey_real_sector_confidence_index_lag_3,turkey_real_sector_confidence_index,turkey,monthly,lag,3,True
turkey_real_sector_confidence_index_lag_6,turkey_real_sector_confidence_index,turkey,monthly,lag,6,True
turkey_real_sector_confidence_index_lag_12,turkey_real_sector_confidence_index,turkey,monthly,lag,12,True
turkey_real_sector_confidence_index_change_1m,turkey_real_sector_confidence_index,turkey,monthly,absolute_change,1,True
turkey_real_sector_confidence_index_pct_change_1m,turkey_real_sector_confidence_index,turkey,monthly,pct_change,1,True
turkey_real_sector_confidence_index_pct_change_3m,turkey_real_sector_confidence_index,turkey,monthly,pct_change,3,True
turkey_real_sector_confidence_index_pct_change_12m,turkey_real_sector_confidence_index,turkey,monthly,pct_change,12,True
turkey_unemployment_rate_percent_lag_1,turkey_unemployment_rate_percent,turkey,monthly,lag,1,True
turkey_unemployment_rate_percent_lag_3,turkey_unemployment_rate_percent,turkey,monthly,lag,3,True
turkey_unemployment_rate_percent_lag_6,turkey_unemployment_rate_percent,turkey,monthly,lag,6,True
turkey_unemployment_rate_percent_lag_12,turkey_unemployment_rate_percent,turkey,monthly,lag,12,True
turkey_unemployment_rate_percent_change_1m,turkey_unemployment_rate_percent,turkey,monthly,absolute_change,1,True
turkey_unemployment_rate_percent_pct_change_1m,turkey_unemployment_rate_percent,turkey,monthly,pct_change,1,True
turkey_unemployment_rate_percent_pct_change_3m,turkey_unemployment_rate_percent,turkey,monthly,pct_change,3,True
turkey_unemployment_rate_percent_pct_change_12m,turkey_unemployment_rate_percent,turkey,monthly,pct_change,12,True
turkey_usd_try_monthly_average_lag_1,turkey_usd_try_monthly_average,turkey,monthly,lag,1,True
turkey_usd_try_monthly_average_lag_3,turkey_usd_try_monthly_average,turkey,monthly,lag,3,True
turkey_usd_try_monthly_average_lag_6,turkey_usd_try_monthly_average,turkey,monthly,lag,6,True
turkey_usd_try_monthly_average_lag_12,turkey_usd_try_monthly_average,turkey,monthly,lag,12,True
turkey_usd_try_monthly_average_change_1m,turkey_usd_try_monthly_average,turkey,monthly,absolute_change,1,True
turkey_usd_try_monthly_average_pct_change_1m,turkey_usd_try_monthly_average,turkey,monthly,pct_change,1,True
turkey_usd_try_monthly_average_pct_change_3m,turkey_usd_try_monthly_average,turkey,monthly,pct_change,3,True
turkey_usd_try_monthly_average_pct_change_12m,turkey_usd_try_monthly_average,turkey,monthly,pct_change,12,True
global_economic_policy_uncertainty_index_lag_1,global_economic_policy_uncertainty_index,risk,monthly,lag,1,True
global_economic_policy_uncertainty_index_lag_3,global_economic_policy_uncertainty_index,risk,monthly,lag,3,True
global_economic_policy_uncertainty_index_lag_6,global_economic_policy_uncertainty_index,risk,monthly,lag,6,True
global_economic_policy_uncertainty_index_lag_12,global_economic_policy_uncertainty_index,risk,monthly,lag,12,True
global_economic_policy_uncertainty_index_change_1m,global_economic_policy_uncertainty_index,risk,monthly,absolute_change,1,True
global_economic_policy_uncertainty_index_pct_change_1m,global_economic_policy_uncertainty_index,risk,monthly,pct_change,1,True
global_economic_policy_uncertainty_index_pct_change_3m,global_economic_policy_uncertainty_index,risk,monthly,pct_change,3,True
global_economic_policy_uncertainty_index_pct_change_12m,global_economic_policy_uncertainty_index,risk,monthly,pct_change,12,True
global_economic_policy_uncertainty_ppp_index_lag_1,global_economic_policy_uncertainty_ppp_index,risk,monthly,lag,1,True
global_economic_policy_uncertainty_ppp_index_lag_3,global_economic_policy_uncertainty_ppp_index,risk,monthly,lag,3,True
global_economic_policy_uncertainty_ppp_index_lag_6,global_economic_policy_uncertainty_ppp_index,risk,monthly,lag,6,True
global_economic_policy_uncertainty_ppp_index_lag_12,global_economic_policy_uncertainty_ppp_index,risk,monthly,lag,12,True
global_economic_policy_uncertainty_ppp_index_change_1m,global_economic_policy_uncertainty_ppp_index,risk,monthly,absolute_change,1,True
global_economic_policy_uncertainty_ppp_index_pct_change_1m,global_economic_policy_uncertainty_ppp_index,risk,monthly,pct_change,1,True
global_economic_policy_uncertainty_ppp_index_pct_change_3m,global_economic_policy_uncertainty_ppp_index,risk,monthly,pct_change,3,True
global_economic_policy_uncertainty_ppp_index_pct_change_12m,global_economic_policy_uncertainty_ppp_index,risk,monthly,pct_change,12,True
geopolitical_acts_index_lag_1,geopolitical_acts_index,risk,monthly,lag,1,True
geopolitical_acts_index_lag_3,geopolitical_acts_index,risk,monthly,lag,3,True
geopolitical_acts_index_lag_6,geopolitical_acts_index,risk,monthly,lag,6,True
geopolitical_acts_index_lag_12,geopolitical_acts_index,risk,monthly,lag,12,True
geopolitical_acts_index_change_1m,geopolitical_acts_index,risk,monthly,absolute_change,1,True
geopolitical_acts_index_pct_change_1m,geopolitical_acts_index,risk,monthly,pct_change,1,True
geopolitical_acts_index_pct_change_3m,geopolitical_acts_index,risk,monthly,pct_change,3,True
geopolitical_acts_index_pct_change_12m,geopolitical_acts_index,risk,monthly,pct_change,12,True
geopolitical_risk_index_lag_1,geopolitical_risk_index,risk,monthly,lag,1,True
geopolitical_risk_index_lag_3,geopolitical_risk_index,risk,monthly,lag,3,True
geopolitical_risk_index_lag_6,geopolitical_risk_index,risk,monthly,lag,6,True
geopolitical_risk_index_lag_12,geopolitical_risk_index,risk,monthly,lag,12,True
geopolitical_risk_index_change_1m,geopolitical_risk_index,risk,monthly,absolute_change,1,True
geopolitical_risk_index_pct_change_1m,geopolitical_risk_index,risk,monthly,pct_change,1,True
geopolitical_risk_index_pct_change_3m,geopolitical_risk_index,risk,monthly,pct_change,3,True
geopolitical_risk_index_pct_change_12m,geopolitical_risk_index,risk,monthly,pct_change,12,True
geopolitical_threats_index_lag_1,geopolitical_threats_index,risk,monthly,lag,1,True
geopolitical_threats_index_lag_3,geopolitical_threats_index,risk,monthly,lag,3,True
geopolitical_threats_index_lag_6,geopolitical_threats_index,risk,monthly,lag,6,True
geopolitical_threats_index_lag_12,geopolitical_threats_index,risk,monthly,lag,12,True
geopolitical_threats_index_change_1m,geopolitical_threats_index,risk,monthly,absolute_change,1,True
geopolitical_threats_index_pct_change_1m,geopolitical_threats_index,risk,monthly,pct_change,1,True
geopolitical_threats_index_pct_change_3m,geopolitical_threats_index,risk,monthly,pct_change,3,True
geopolitical_threats_index_pct_change_12m,geopolitical_threats_index,risk,monthly,pct_change,12,True
baltic_dry_index_lag_1,baltic_dry_index,shipping,daily,lag,1,True
baltic_dry_index_lag_3,baltic_dry_index,shipping,daily,lag,3,True
baltic_dry_index_lag_6,baltic_dry_index,shipping,daily,lag,6,True
baltic_dry_index_lag_12,baltic_dry_index,shipping,daily,lag,12,True
baltic_dry_index_change_1m,baltic_dry_index,shipping,daily,absolute_change,1,True
baltic_dry_index_pct_change_1m,baltic_dry_index,shipping,daily,pct_change,1,True
baltic_dry_index_pct_change_3m,baltic_dry_index,shipping,daily,pct_change,3,True
baltic_dry_index_pct_change_12m,baltic_dry_index,shipping,daily,pct_change,12,True
china_copper_related_dry_bulk_export_lag_1,china_copper_related_dry_bulk_export,shipping,daily,lag,1,True
china_copper_related_dry_bulk_export_lag_3,china_copper_related_dry_bulk_export,shipping,daily,lag,3,True
china_copper_related_dry_bulk_export_lag_6,china_copper_related_dry_bulk_export,shipping,daily,lag,6,True
china_copper_related_dry_bulk_export_lag_12,china_copper_related_dry_bulk_export,shipping,daily,lag,12,True
china_copper_related_dry_bulk_export_change_1m,china_copper_related_dry_bulk_export,shipping,daily,absolute_change,1,True
china_copper_related_dry_bulk_export_pct_change_1m,china_copper_related_dry_bulk_export,shipping,daily,pct_change,1,True
china_copper_related_dry_bulk_export_pct_change_3m,china_copper_related_dry_bulk_export,shipping,daily,pct_change,3,True
china_copper_related_dry_bulk_export_pct_change_12m,china_copper_related_dry_bulk_export,shipping,daily,pct_change,12,True
china_copper_related_dry_bulk_import_lag_1,china_copper_related_dry_bulk_import,shipping,daily,lag,1,True
china_copper_related_dry_bulk_import_lag_3,china_copper_related_dry_bulk_import,shipping,daily,lag,3,True
china_copper_related_dry_bulk_import_lag_6,china_copper_related_dry_bulk_import,shipping,daily,lag,6,True
china_copper_related_dry_bulk_import_lag_12,china_copper_related_dry_bulk_import,shipping,daily,lag,12,True
china_copper_related_dry_bulk_import_change_1m,china_copper_related_dry_bulk_import,shipping,daily,absolute_change,1,True
china_copper_related_dry_bulk_import_pct_change_1m,china_copper_related_dry_bulk_import,shipping,daily,pct_change,1,True
china_copper_related_dry_bulk_import_pct_change_3m,china_copper_related_dry_bulk_import,shipping,daily,pct_change,3,True
china_copper_related_dry_bulk_import_pct_change_12m,china_copper_related_dry_bulk_import,shipping,daily,pct_change,12,True
china_copper_related_dry_bulk_portcalls_lag_1,china_copper_related_dry_bulk_portcalls,shipping,daily,lag,1,True
china_copper_related_dry_bulk_portcalls_lag_3,china_copper_related_dry_bulk_portcalls,shipping,daily,lag,3,True
china_copper_related_dry_bulk_portcalls_lag_6,china_copper_related_dry_bulk_portcalls,shipping,daily,lag,6,True
china_copper_related_dry_bulk_portcalls_lag_12,china_copper_related_dry_bulk_portcalls,shipping,daily,lag,12,True
china_copper_related_dry_bulk_portcalls_change_1m,china_copper_related_dry_bulk_portcalls,shipping,daily,absolute_change,1,True
china_copper_related_dry_bulk_portcalls_pct_change_1m,china_copper_related_dry_bulk_portcalls,shipping,daily,pct_change,1,True
china_copper_related_dry_bulk_portcalls_pct_change_3m,china_copper_related_dry_bulk_portcalls,shipping,daily,pct_change,3,True
china_copper_related_dry_bulk_portcalls_pct_change_12m,china_copper_related_dry_bulk_portcalls,shipping,daily,pct_change,12,True
china_copper_related_portcalls_lag_1,china_copper_related_portcalls,shipping,daily,lag,1,True
china_copper_related_portcalls_lag_3,china_copper_related_portcalls,shipping,daily,lag,3,True
china_copper_related_portcalls_lag_6,china_copper_related_portcalls,shipping,daily,lag,6,True
china_copper_related_portcalls_lag_12,china_copper_related_portcalls,shipping,daily,lag,12,True
china_copper_related_portcalls_change_1m,china_copper_related_portcalls,shipping,daily,absolute_change,1,True
china_copper_related_portcalls_pct_change_1m,china_copper_related_portcalls,shipping,daily,pct_change,1,True
china_copper_related_portcalls_pct_change_3m,china_copper_related_portcalls,shipping,daily,pct_change,3,True
china_copper_related_portcalls_pct_change_12m,china_copper_related_portcalls,shipping,daily,pct_change,12,True
copper_supply_dry_bulk_export_lag_1,copper_supply_dry_bulk_export,shipping,daily,lag,1,True
copper_supply_dry_bulk_export_lag_3,copper_supply_dry_bulk_export,shipping,daily,lag,3,True
copper_supply_dry_bulk_export_lag_6,copper_supply_dry_bulk_export,shipping,daily,lag,6,True
copper_supply_dry_bulk_export_lag_12,copper_supply_dry_bulk_export,shipping,daily,lag,12,True
copper_supply_dry_bulk_export_change_1m,copper_supply_dry_bulk_export,shipping,daily,absolute_change,1,True
copper_supply_dry_bulk_export_pct_change_1m,copper_supply_dry_bulk_export,shipping,daily,pct_change,1,True
copper_supply_dry_bulk_export_pct_change_3m,copper_supply_dry_bulk_export,shipping,daily,pct_change,3,True
copper_supply_dry_bulk_export_pct_change_12m,copper_supply_dry_bulk_export,shipping,daily,pct_change,12,True
copper_supply_dry_bulk_import_lag_1,copper_supply_dry_bulk_import,shipping,daily,lag,1,True
copper_supply_dry_bulk_import_lag_3,copper_supply_dry_bulk_import,shipping,daily,lag,3,True
copper_supply_dry_bulk_import_lag_6,copper_supply_dry_bulk_import,shipping,daily,lag,6,True
copper_supply_dry_bulk_import_lag_12,copper_supply_dry_bulk_import,shipping,daily,lag,12,True
copper_supply_dry_bulk_import_change_1m,copper_supply_dry_bulk_import,shipping,daily,absolute_change,1,True
copper_supply_dry_bulk_import_pct_change_1m,copper_supply_dry_bulk_import,shipping,daily,pct_change,1,True
copper_supply_dry_bulk_import_pct_change_3m,copper_supply_dry_bulk_import,shipping,daily,pct_change,3,True
copper_supply_dry_bulk_import_pct_change_12m,copper_supply_dry_bulk_import,shipping,daily,pct_change,12,True
copper_supply_dry_bulk_portcalls_lag_1,copper_supply_dry_bulk_portcalls,shipping,daily,lag,1,True
copper_supply_dry_bulk_portcalls_lag_3,copper_supply_dry_bulk_portcalls,shipping,daily,lag,3,True
copper_supply_dry_bulk_portcalls_lag_6,copper_supply_dry_bulk_portcalls,shipping,daily,lag,6,True
copper_supply_dry_bulk_portcalls_lag_12,copper_supply_dry_bulk_portcalls,shipping,daily,lag,12,True
copper_supply_dry_bulk_portcalls_change_1m,copper_supply_dry_bulk_portcalls,shipping,daily,absolute_change,1,True
copper_supply_dry_bulk_portcalls_pct_change_1m,copper_supply_dry_bulk_portcalls,shipping,daily,pct_change,1,True
copper_supply_dry_bulk_portcalls_pct_change_3m,copper_supply_dry_bulk_portcalls,shipping,daily,pct_change,3,True
copper_supply_dry_bulk_portcalls_pct_change_12m,copper_supply_dry_bulk_portcalls,shipping,daily,pct_change,12,True
copper_supply_portcalls_lag_1,copper_supply_portcalls,shipping,daily,lag,1,True
copper_supply_portcalls_lag_3,copper_supply_portcalls,shipping,daily,lag,3,True
copper_supply_portcalls_lag_6,copper_supply_portcalls,shipping,daily,lag,6,True
copper_supply_portcalls_lag_12,copper_supply_portcalls,shipping,daily,lag,12,True
copper_supply_portcalls_change_1m,copper_supply_portcalls,shipping,daily,absolute_change,1,True
copper_supply_portcalls_pct_change_1m,copper_supply_portcalls,shipping,daily,pct_change,1,True
copper_supply_portcalls_pct_change_3m,copper_supply_portcalls,shipping,daily,pct_change,3,True
copper_supply_portcalls_pct_change_12m,copper_supply_portcalls,shipping,daily,pct_change,12,True
global_cargo_portcalls_lag_1,global_cargo_portcalls,shipping,daily,lag,1,True
global_cargo_portcalls_lag_3,global_cargo_portcalls,shipping,daily,lag,3,True
global_cargo_portcalls_lag_6,global_cargo_portcalls,shipping,daily,lag,6,True
global_cargo_portcalls_lag_12,global_cargo_portcalls,shipping,daily,lag,12,True
global_cargo_portcalls_change_1m,global_cargo_portcalls,shipping,daily,absolute_change,1,True
global_cargo_portcalls_pct_change_1m,global_cargo_portcalls,shipping,daily,pct_change,1,True
global_cargo_portcalls_pct_change_3m,global_cargo_portcalls,shipping,daily,pct_change,3,True
global_cargo_portcalls_pct_change_12m,global_cargo_portcalls,shipping,daily,pct_change,12,True
global_container_export_lag_1,global_container_export,shipping,daily,lag,1,True
global_container_export_lag_3,global_container_export,shipping,daily,lag,3,True
global_container_export_lag_6,global_container_export,shipping,daily,lag,6,True
global_container_export_lag_12,global_container_export,shipping,daily,lag,12,True
global_container_export_change_1m,global_container_export,shipping,daily,absolute_change,1,True
global_container_export_pct_change_1m,global_container_export,shipping,daily,pct_change,1,True
global_container_export_pct_change_3m,global_container_export,shipping,daily,pct_change,3,True
global_container_export_pct_change_12m,global_container_export,shipping,daily,pct_change,12,True
global_container_import_lag_1,global_container_import,shipping,daily,lag,1,True
global_container_import_lag_3,global_container_import,shipping,daily,lag,3,True
global_container_import_lag_6,global_container_import,shipping,daily,lag,6,True
global_container_import_lag_12,global_container_import,shipping,daily,lag,12,True
global_container_import_change_1m,global_container_import,shipping,daily,absolute_change,1,True
global_container_import_pct_change_1m,global_container_import,shipping,daily,pct_change,1,True
global_container_import_pct_change_3m,global_container_import,shipping,daily,pct_change,3,True
global_container_import_pct_change_12m,global_container_import,shipping,daily,pct_change,12,True
global_container_portcalls_lag_1,global_container_portcalls,shipping,daily,lag,1,True
global_container_portcalls_lag_3,global_container_portcalls,shipping,daily,lag,3,True
global_container_portcalls_lag_6,global_container_portcalls,shipping,daily,lag,6,True
global_container_portcalls_lag_12,global_container_portcalls,shipping,daily,lag,12,True
global_container_portcalls_change_1m,global_container_portcalls,shipping,daily,absolute_change,1,True
global_container_portcalls_pct_change_1m,global_container_portcalls,shipping,daily,pct_change,1,True
global_container_portcalls_pct_change_3m,global_container_portcalls,shipping,daily,pct_change,3,True
global_container_portcalls_pct_change_12m,global_container_portcalls,shipping,daily,pct_change,12,True
global_dry_bulk_export_lag_1,global_dry_bulk_export,shipping,daily,lag,1,True
global_dry_bulk_export_lag_3,global_dry_bulk_export,shipping,daily,lag,3,True
global_dry_bulk_export_lag_6,global_dry_bulk_export,shipping,daily,lag,6,True
global_dry_bulk_export_lag_12,global_dry_bulk_export,shipping,daily,lag,12,True
global_dry_bulk_export_change_1m,global_dry_bulk_export,shipping,daily,absolute_change,1,True
global_dry_bulk_export_pct_change_1m,global_dry_bulk_export,shipping,daily,pct_change,1,True
global_dry_bulk_export_pct_change_3m,global_dry_bulk_export,shipping,daily,pct_change,3,True
global_dry_bulk_export_pct_change_12m,global_dry_bulk_export,shipping,daily,pct_change,12,True
global_dry_bulk_import_lag_1,global_dry_bulk_import,shipping,daily,lag,1,True
global_dry_bulk_import_lag_3,global_dry_bulk_import,shipping,daily,lag,3,True
global_dry_bulk_import_lag_6,global_dry_bulk_import,shipping,daily,lag,6,True
global_dry_bulk_import_lag_12,global_dry_bulk_import,shipping,daily,lag,12,True
global_dry_bulk_import_change_1m,global_dry_bulk_import,shipping,daily,absolute_change,1,True
global_dry_bulk_import_pct_change_1m,global_dry_bulk_import,shipping,daily,pct_change,1,True
global_dry_bulk_import_pct_change_3m,global_dry_bulk_import,shipping,daily,pct_change,3,True
global_dry_bulk_import_pct_change_12m,global_dry_bulk_import,shipping,daily,pct_change,12,True
global_dry_bulk_portcalls_lag_1,global_dry_bulk_portcalls,shipping,daily,lag,1,True
global_dry_bulk_portcalls_lag_3,global_dry_bulk_portcalls,shipping,daily,lag,3,True
global_dry_bulk_portcalls_lag_6,global_dry_bulk_portcalls,shipping,daily,lag,6,True
global_dry_bulk_portcalls_lag_12,global_dry_bulk_portcalls,shipping,daily,lag,12,True
global_dry_bulk_portcalls_change_1m,global_dry_bulk_portcalls,shipping,daily,absolute_change,1,True
global_dry_bulk_portcalls_pct_change_1m,global_dry_bulk_portcalls,shipping,daily,pct_change,1,True
global_dry_bulk_portcalls_pct_change_3m,global_dry_bulk_portcalls,shipping,daily,pct_change,3,True
global_dry_bulk_portcalls_pct_change_12m,global_dry_bulk_portcalls,shipping,daily,pct_change,12,True
global_export_lag_1,global_export,shipping,daily,lag,1,True
global_export_lag_3,global_export,shipping,daily,lag,3,True
global_export_lag_6,global_export,shipping,daily,lag,6,True
global_export_lag_12,global_export,shipping,daily,lag,12,True
global_export_change_1m,global_export,shipping,daily,absolute_change,1,True
global_export_pct_change_1m,global_export,shipping,daily,pct_change,1,True
global_export_pct_change_3m,global_export,shipping,daily,pct_change,3,True
global_export_pct_change_12m,global_export,shipping,daily,pct_change,12,True
global_import_lag_1,global_import,shipping,daily,lag,1,True
global_import_lag_3,global_import,shipping,daily,lag,3,True
global_import_lag_6,global_import,shipping,daily,lag,6,True
global_import_lag_12,global_import,shipping,daily,lag,12,True
global_import_change_1m,global_import,shipping,daily,absolute_change,1,True
global_import_pct_change_1m,global_import,shipping,daily,pct_change,1,True
global_import_pct_change_3m,global_import,shipping,daily,pct_change,3,True
global_import_pct_change_12m,global_import,shipping,daily,pct_change,12,True
global_portcalls_lag_1,global_portcalls,shipping,daily,lag,1,True
global_portcalls_lag_3,global_portcalls,shipping,daily,lag,3,True
global_portcalls_lag_6,global_portcalls,shipping,daily,lag,6,True
global_portcalls_lag_12,global_portcalls,shipping,daily,lag,12,True
global_portcalls_change_1m,global_portcalls,shipping,daily,absolute_change,1,True
global_portcalls_pct_change_1m,global_portcalls,shipping,daily,pct_change,1,True
global_portcalls_pct_change_3m,global_portcalls,shipping,daily,pct_change,3,True
global_portcalls_pct_change_12m,global_portcalls,shipping,daily,pct_change,12,True
australia_asx200_lag_1,australia_asx200,equities_indices,monthly,lag,1,True
australia_asx200_lag_3,australia_asx200,equities_indices,monthly,lag,3,True
australia_asx200_lag_6,australia_asx200,equities_indices,monthly,lag,6,True
australia_asx200_lag_12,australia_asx200,equities_indices,monthly,lag,12,True
australia_asx200_change_1m,australia_asx200,equities_indices,monthly,absolute_change,1,True
australia_asx200_pct_change_1m,australia_asx200,equities_indices,monthly,pct_change,1,True
australia_asx200_pct_change_3m,australia_asx200,equities_indices,monthly,pct_change,3,True
australia_asx200_pct_change_12m,australia_asx200,equities_indices,monthly,pct_change,12,True
canada_tsx_composite_lag_1,canada_tsx_composite,equities_indices,monthly,lag,1,True
canada_tsx_composite_lag_3,canada_tsx_composite,equities_indices,monthly,lag,3,True
canada_tsx_composite_lag_6,canada_tsx_composite,equities_indices,monthly,lag,6,True
canada_tsx_composite_lag_12,canada_tsx_composite,equities_indices,monthly,lag,12,True
canada_tsx_composite_change_1m,canada_tsx_composite,equities_indices,monthly,absolute_change,1,True
canada_tsx_composite_pct_change_1m,canada_tsx_composite,equities_indices,monthly,pct_change,1,True
canada_tsx_composite_pct_change_3m,canada_tsx_composite,equities_indices,monthly,pct_change,3,True
canada_tsx_composite_pct_change_12m,canada_tsx_composite,equities_indices,monthly,pct_change,12,True
chile_ipsa_lag_1,chile_ipsa,equities_indices,monthly,lag,1,True
chile_ipsa_lag_3,chile_ipsa,equities_indices,monthly,lag,3,True
chile_ipsa_lag_6,chile_ipsa,equities_indices,monthly,lag,6,True
chile_ipsa_lag_12,chile_ipsa,equities_indices,monthly,lag,12,True
chile_ipsa_change_1m,chile_ipsa,equities_indices,monthly,absolute_change,1,True
chile_ipsa_pct_change_1m,chile_ipsa,equities_indices,monthly,pct_change,1,True
chile_ipsa_pct_change_3m,chile_ipsa,equities_indices,monthly,pct_change,3,True
chile_ipsa_pct_change_12m,chile_ipsa,equities_indices,monthly,pct_change,12,True
china_csi300_lag_1,china_csi300,equities_indices,monthly,lag,1,True
china_csi300_lag_3,china_csi300,equities_indices,monthly,lag,3,True
china_csi300_lag_6,china_csi300,equities_indices,monthly,lag,6,True
china_csi300_lag_12,china_csi300,equities_indices,monthly,lag,12,True
china_csi300_change_1m,china_csi300,equities_indices,monthly,absolute_change,1,True
china_csi300_pct_change_1m,china_csi300,equities_indices,monthly,pct_change,1,True
china_csi300_pct_change_3m,china_csi300,equities_indices,monthly,pct_change,3,True
china_csi300_pct_change_12m,china_csi300,equities_indices,monthly,pct_change,12,True
germany_dax_lag_1,germany_dax,equities_indices,monthly,lag,1,True
germany_dax_lag_3,germany_dax,equities_indices,monthly,lag,3,True
germany_dax_lag_6,germany_dax,equities_indices,monthly,lag,6,True
germany_dax_lag_12,germany_dax,equities_indices,monthly,lag,12,True
germany_dax_change_1m,germany_dax,equities_indices,monthly,absolute_change,1,True
germany_dax_pct_change_1m,germany_dax,equities_indices,monthly,pct_change,1,True
germany_dax_pct_change_3m,germany_dax,equities_indices,monthly,pct_change,3,True
germany_dax_pct_change_12m,germany_dax,equities_indices,monthly,pct_change,12,True
hong_kong_hang_seng_lag_1,hong_kong_hang_seng,equities_indices,monthly,lag,1,True
hong_kong_hang_seng_lag_3,hong_kong_hang_seng,equities_indices,monthly,lag,3,True
hong_kong_hang_seng_lag_6,hong_kong_hang_seng,equities_indices,monthly,lag,6,True
hong_kong_hang_seng_lag_12,hong_kong_hang_seng,equities_indices,monthly,lag,12,True
hong_kong_hang_seng_change_1m,hong_kong_hang_seng,equities_indices,monthly,absolute_change,1,True
hong_kong_hang_seng_pct_change_1m,hong_kong_hang_seng,equities_indices,monthly,pct_change,1,True
hong_kong_hang_seng_pct_change_3m,hong_kong_hang_seng,equities_indices,monthly,pct_change,3,True
hong_kong_hang_seng_pct_change_12m,hong_kong_hang_seng,equities_indices,monthly,pct_change,12,True
india_nifty50_lag_1,india_nifty50,equities_indices,monthly,lag,1,True
india_nifty50_lag_3,india_nifty50,equities_indices,monthly,lag,3,True
india_nifty50_lag_6,india_nifty50,equities_indices,monthly,lag,6,True
india_nifty50_lag_12,india_nifty50,equities_indices,monthly,lag,12,True
india_nifty50_change_1m,india_nifty50,equities_indices,monthly,absolute_change,1,True
india_nifty50_pct_change_1m,india_nifty50,equities_indices,monthly,pct_change,1,True
india_nifty50_pct_change_3m,india_nifty50,equities_indices,monthly,pct_change,3,True
india_nifty50_pct_change_12m,india_nifty50,equities_indices,monthly,pct_change,12,True
indonesia_jakarta_composite_lag_1,indonesia_jakarta_composite,equities_indices,monthly,lag,1,True
indonesia_jakarta_composite_lag_3,indonesia_jakarta_composite,equities_indices,monthly,lag,3,True
indonesia_jakarta_composite_lag_6,indonesia_jakarta_composite,equities_indices,monthly,lag,6,True
indonesia_jakarta_composite_lag_12,indonesia_jakarta_composite,equities_indices,monthly,lag,12,True
indonesia_jakarta_composite_change_1m,indonesia_jakarta_composite,equities_indices,monthly,absolute_change,1,True
indonesia_jakarta_composite_pct_change_1m,indonesia_jakarta_composite,equities_indices,monthly,pct_change,1,True
indonesia_jakarta_composite_pct_change_3m,indonesia_jakarta_composite,equities_indices,monthly,pct_change,3,True
indonesia_jakarta_composite_pct_change_12m,indonesia_jakarta_composite,equities_indices,monthly,pct_change,12,True
japan_nikkei225_lag_1,japan_nikkei225,equities_indices,monthly,lag,1,True
japan_nikkei225_lag_3,japan_nikkei225,equities_indices,monthly,lag,3,True
japan_nikkei225_lag_6,japan_nikkei225,equities_indices,monthly,lag,6,True
japan_nikkei225_lag_12,japan_nikkei225,equities_indices,monthly,lag,12,True
japan_nikkei225_change_1m,japan_nikkei225,equities_indices,monthly,absolute_change,1,True
japan_nikkei225_pct_change_1m,japan_nikkei225,equities_indices,monthly,pct_change,1,True
japan_nikkei225_pct_change_3m,japan_nikkei225,equities_indices,monthly,pct_change,3,True
japan_nikkei225_pct_change_12m,japan_nikkei225,equities_indices,monthly,pct_change,12,True
peru_bvl_general_lag_1,peru_bvl_general,equities_indices,monthly,lag,1,True
peru_bvl_general_lag_3,peru_bvl_general,equities_indices,monthly,lag,3,True
peru_bvl_general_lag_6,peru_bvl_general,equities_indices,monthly,lag,6,True
peru_bvl_general_lag_12,peru_bvl_general,equities_indices,monthly,lag,12,True
peru_bvl_general_change_1m,peru_bvl_general,equities_indices,monthly,absolute_change,1,True
peru_bvl_general_pct_change_1m,peru_bvl_general,equities_indices,monthly,pct_change,1,True
peru_bvl_general_pct_change_3m,peru_bvl_general,equities_indices,monthly,pct_change,3,True
peru_bvl_general_pct_change_12m,peru_bvl_general,equities_indices,monthly,pct_change,12,True
poland_wig20_lag_1,poland_wig20,equities_indices,monthly,lag,1,True
poland_wig20_lag_3,poland_wig20,equities_indices,monthly,lag,3,True
poland_wig20_lag_6,poland_wig20,equities_indices,monthly,lag,6,True
poland_wig20_lag_12,poland_wig20,equities_indices,monthly,lag,12,True
poland_wig20_change_1m,poland_wig20,equities_indices,monthly,absolute_change,1,True
poland_wig20_pct_change_1m,poland_wig20,equities_indices,monthly,pct_change,1,True
poland_wig20_pct_change_3m,poland_wig20,equities_indices,monthly,pct_change,3,True
poland_wig20_pct_change_12m,poland_wig20,equities_indices,monthly,pct_change,12,True
south_korea_kospi_lag_1,south_korea_kospi,equities_indices,monthly,lag,1,True
south_korea_kospi_lag_3,south_korea_kospi,equities_indices,monthly,lag,3,True
south_korea_kospi_lag_6,south_korea_kospi,equities_indices,monthly,lag,6,True
south_korea_kospi_lag_12,south_korea_kospi,equities_indices,monthly,lag,12,True
south_korea_kospi_change_1m,south_korea_kospi,equities_indices,monthly,absolute_change,1,True
south_korea_kospi_pct_change_1m,south_korea_kospi,equities_indices,monthly,pct_change,1,True
south_korea_kospi_pct_change_3m,south_korea_kospi,equities_indices,monthly,pct_change,3,True
south_korea_kospi_pct_change_12m,south_korea_kospi,equities_indices,monthly,pct_change,12,True
turkey_bist100_lag_1,turkey_bist100,equities_indices,monthly,lag,1,True
turkey_bist100_lag_3,turkey_bist100,equities_indices,monthly,lag,3,True
turkey_bist100_lag_6,turkey_bist100,equities_indices,monthly,lag,6,True
turkey_bist100_lag_12,turkey_bist100,equities_indices,monthly,lag,12,True
turkey_bist100_change_1m,turkey_bist100,equities_indices,monthly,absolute_change,1,True
turkey_bist100_pct_change_1m,turkey_bist100,equities_indices,monthly,pct_change,1,True
turkey_bist100_pct_change_3m,turkey_bist100,equities_indices,monthly,pct_change,3,True
turkey_bist100_pct_change_12m,turkey_bist100,equities_indices,monthly,pct_change,12,True
uk_ftse100_lag_1,uk_ftse100,equities_indices,monthly,lag,1,True
uk_ftse100_lag_3,uk_ftse100,equities_indices,monthly,lag,3,True
uk_ftse100_lag_6,uk_ftse100,equities_indices,monthly,lag,6,True
uk_ftse100_lag_12,uk_ftse100,equities_indices,monthly,lag,12,True
uk_ftse100_change_1m,uk_ftse100,equities_indices,monthly,absolute_change,1,True
uk_ftse100_pct_change_1m,uk_ftse100,equities_indices,monthly,pct_change,1,True
uk_ftse100_pct_change_3m,uk_ftse100,equities_indices,monthly,pct_change,3,True
uk_ftse100_pct_change_12m,uk_ftse100,equities_indices,monthly,pct_change,12,True
usa_dow_jones_lag_1,usa_dow_jones,equities_indices,monthly,lag,1,True
usa_dow_jones_lag_3,usa_dow_jones,equities_indices,monthly,lag,3,True
usa_dow_jones_lag_6,usa_dow_jones,equities_indices,monthly,lag,6,True
usa_dow_jones_lag_12,usa_dow_jones,equities_indices,monthly,lag,12,True
usa_dow_jones_change_1m,usa_dow_jones,equities_indices,monthly,absolute_change,1,True
usa_dow_jones_pct_change_1m,usa_dow_jones,equities_indices,monthly,pct_change,1,True
usa_dow_jones_pct_change_3m,usa_dow_jones,equities_indices,monthly,pct_change,3,True
usa_dow_jones_pct_change_12m,usa_dow_jones,equities_indices,monthly,pct_change,12,True
usa_nasdaq_composite_lag_1,usa_nasdaq_composite,equities_indices,monthly,lag,1,True
usa_nasdaq_composite_lag_3,usa_nasdaq_composite,equities_indices,monthly,lag,3,True
usa_nasdaq_composite_lag_6,usa_nasdaq_composite,equities_indices,monthly,lag,6,True
usa_nasdaq_composite_lag_12,usa_nasdaq_composite,equities_indices,monthly,lag,12,True
usa_nasdaq_composite_change_1m,usa_nasdaq_composite,equities_indices,monthly,absolute_change,1,True
usa_nasdaq_composite_pct_change_1m,usa_nasdaq_composite,equities_indices,monthly,pct_change,1,True
usa_nasdaq_composite_pct_change_3m,usa_nasdaq_composite,equities_indices,monthly,pct_change,3,True
usa_nasdaq_composite_pct_change_12m,usa_nasdaq_composite,equities_indices,monthly,pct_change,12,True
usa_sp500_lag_1,usa_sp500,equities_indices,monthly,lag,1,True
usa_sp500_lag_3,usa_sp500,equities_indices,monthly,lag,3,True
usa_sp500_lag_6,usa_sp500,equities_indices,monthly,lag,6,True
usa_sp500_lag_12,usa_sp500,equities_indices,monthly,lag,12,True
usa_sp500_change_1m,usa_sp500,equities_indices,monthly,absolute_change,1,True
usa_sp500_pct_change_1m,usa_sp500,equities_indices,monthly,pct_change,1,True
usa_sp500_pct_change_3m,usa_sp500,equities_indices,monthly,pct_change,3,True
usa_sp500_pct_change_12m,usa_sp500,equities_indices,monthly,pct_change,12,True
australia_asx200_bhp_lag_1,australia_asx200_bhp,equities_companies,monthly,lag,1,True
australia_asx200_bhp_lag_3,australia_asx200_bhp,equities_companies,monthly,lag,3,True
australia_asx200_bhp_lag_6,australia_asx200_bhp,equities_companies,monthly,lag,6,True
australia_asx200_bhp_lag_12,australia_asx200_bhp,equities_companies,monthly,lag,12,True
australia_asx200_bhp_change_1m,australia_asx200_bhp,equities_companies,monthly,absolute_change,1,True
australia_asx200_bhp_pct_change_1m,australia_asx200_bhp,equities_companies,monthly,pct_change,1,True
australia_asx200_bhp_pct_change_3m,australia_asx200_bhp,equities_companies,monthly,pct_change,3,True
australia_asx200_bhp_pct_change_12m,australia_asx200_bhp,equities_companies,monthly,pct_change,12,True
australia_asx200_rio_tinto_lag_1,australia_asx200_rio_tinto,equities_companies,monthly,lag,1,True
australia_asx200_rio_tinto_lag_3,australia_asx200_rio_tinto,equities_companies,monthly,lag,3,True
australia_asx200_rio_tinto_lag_6,australia_asx200_rio_tinto,equities_companies,monthly,lag,6,True
australia_asx200_rio_tinto_lag_12,australia_asx200_rio_tinto,equities_companies,monthly,lag,12,True
australia_asx200_rio_tinto_change_1m,australia_asx200_rio_tinto,equities_companies,monthly,absolute_change,1,True
australia_asx200_rio_tinto_pct_change_1m,australia_asx200_rio_tinto,equities_companies,monthly,pct_change,1,True
australia_asx200_rio_tinto_pct_change_3m,australia_asx200_rio_tinto,equities_companies,monthly,pct_change,3,True
australia_asx200_rio_tinto_pct_change_12m,australia_asx200_rio_tinto,equities_companies,monthly,pct_change,12,True
canada_tsx_composite_capstone_copper_lag_1,canada_tsx_composite_capstone_copper,equities_companies,monthly,lag,1,True
canada_tsx_composite_capstone_copper_lag_3,canada_tsx_composite_capstone_copper,equities_companies,monthly,lag,3,True
canada_tsx_composite_capstone_copper_lag_6,canada_tsx_composite_capstone_copper,equities_companies,monthly,lag,6,True
canada_tsx_composite_capstone_copper_lag_12,canada_tsx_composite_capstone_copper,equities_companies,monthly,lag,12,True
canada_tsx_composite_capstone_copper_change_1m,canada_tsx_composite_capstone_copper,equities_companies,monthly,absolute_change,1,True
canada_tsx_composite_capstone_copper_pct_change_1m,canada_tsx_composite_capstone_copper,equities_companies,monthly,pct_change,1,True
canada_tsx_composite_capstone_copper_pct_change_3m,canada_tsx_composite_capstone_copper,equities_companies,monthly,pct_change,3,True
canada_tsx_composite_capstone_copper_pct_change_12m,canada_tsx_composite_capstone_copper,equities_companies,monthly,pct_change,12,True
canada_tsx_composite_first_quantum_minerals_lag_1,canada_tsx_composite_first_quantum_minerals,equities_companies,monthly,lag,1,True
canada_tsx_composite_first_quantum_minerals_lag_3,canada_tsx_composite_first_quantum_minerals,equities_companies,monthly,lag,3,True
canada_tsx_composite_first_quantum_minerals_lag_6,canada_tsx_composite_first_quantum_minerals,equities_companies,monthly,lag,6,True
canada_tsx_composite_first_quantum_minerals_lag_12,canada_tsx_composite_first_quantum_minerals,equities_companies,monthly,lag,12,True
canada_tsx_composite_first_quantum_minerals_change_1m,canada_tsx_composite_first_quantum_minerals,equities_companies,monthly,absolute_change,1,True
canada_tsx_composite_first_quantum_minerals_pct_change_1m,canada_tsx_composite_first_quantum_minerals,equities_companies,monthly,pct_change,1,True
canada_tsx_composite_first_quantum_minerals_pct_change_3m,canada_tsx_composite_first_quantum_minerals,equities_companies,monthly,pct_change,3,True
canada_tsx_composite_first_quantum_minerals_pct_change_12m,canada_tsx_composite_first_quantum_minerals,equities_companies,monthly,pct_change,12,True
canada_tsx_composite_hudbay_minerals_lag_1,canada_tsx_composite_hudbay_minerals,equities_companies,monthly,lag,1,True
canada_tsx_composite_hudbay_minerals_lag_3,canada_tsx_composite_hudbay_minerals,equities_companies,monthly,lag,3,True
canada_tsx_composite_hudbay_minerals_lag_6,canada_tsx_composite_hudbay_minerals,equities_companies,monthly,lag,6,True
canada_tsx_composite_hudbay_minerals_lag_12,canada_tsx_composite_hudbay_minerals,equities_companies,monthly,lag,12,True
canada_tsx_composite_hudbay_minerals_change_1m,canada_tsx_composite_hudbay_minerals,equities_companies,monthly,absolute_change,1,True
canada_tsx_composite_hudbay_minerals_pct_change_1m,canada_tsx_composite_hudbay_minerals,equities_companies,monthly,pct_change,1,True
canada_tsx_composite_hudbay_minerals_pct_change_3m,canada_tsx_composite_hudbay_minerals,equities_companies,monthly,pct_change,3,True
canada_tsx_composite_hudbay_minerals_pct_change_12m,canada_tsx_composite_hudbay_minerals,equities_companies,monthly,pct_change,12,True
canada_tsx_composite_lundin_mining_lag_1,canada_tsx_composite_lundin_mining,equities_companies,monthly,lag,1,True
canada_tsx_composite_lundin_mining_lag_3,canada_tsx_composite_lundin_mining,equities_companies,monthly,lag,3,True
canada_tsx_composite_lundin_mining_lag_6,canada_tsx_composite_lundin_mining,equities_companies,monthly,lag,6,True
canada_tsx_composite_lundin_mining_lag_12,canada_tsx_composite_lundin_mining,equities_companies,monthly,lag,12,True
canada_tsx_composite_lundin_mining_change_1m,canada_tsx_composite_lundin_mining,equities_companies,monthly,absolute_change,1,True
canada_tsx_composite_lundin_mining_pct_change_1m,canada_tsx_composite_lundin_mining,equities_companies,monthly,pct_change,1,True
canada_tsx_composite_lundin_mining_pct_change_3m,canada_tsx_composite_lundin_mining,equities_companies,monthly,pct_change,3,True
canada_tsx_composite_lundin_mining_pct_change_12m,canada_tsx_composite_lundin_mining,equities_companies,monthly,pct_change,12,True
canada_tsx_composite_teck_resources_lag_1,canada_tsx_composite_teck_resources,equities_companies,monthly,lag,1,True
canada_tsx_composite_teck_resources_lag_3,canada_tsx_composite_teck_resources,equities_companies,monthly,lag,3,True
canada_tsx_composite_teck_resources_lag_6,canada_tsx_composite_teck_resources,equities_companies,monthly,lag,6,True
canada_tsx_composite_teck_resources_lag_12,canada_tsx_composite_teck_resources,equities_companies,monthly,lag,12,True
canada_tsx_composite_teck_resources_change_1m,canada_tsx_composite_teck_resources,equities_companies,monthly,absolute_change,1,True
canada_tsx_composite_teck_resources_pct_change_1m,canada_tsx_composite_teck_resources,equities_companies,monthly,pct_change,1,True
canada_tsx_composite_teck_resources_pct_change_3m,canada_tsx_composite_teck_resources,equities_companies,monthly,pct_change,3,True
canada_tsx_composite_teck_resources_pct_change_12m,canada_tsx_composite_teck_resources,equities_companies,monthly,pct_change,12,True
china_csi300_jiangxi_copper_lag_1,china_csi300_jiangxi_copper,equities_companies,monthly,lag,1,True
china_csi300_jiangxi_copper_lag_3,china_csi300_jiangxi_copper,equities_companies,monthly,lag,3,True
china_csi300_jiangxi_copper_lag_6,china_csi300_jiangxi_copper,equities_companies,monthly,lag,6,True
china_csi300_jiangxi_copper_lag_12,china_csi300_jiangxi_copper,equities_companies,monthly,lag,12,True
china_csi300_jiangxi_copper_change_1m,china_csi300_jiangxi_copper,equities_companies,monthly,absolute_change,1,True
china_csi300_jiangxi_copper_pct_change_1m,china_csi300_jiangxi_copper,equities_companies,monthly,pct_change,1,True
china_csi300_jiangxi_copper_pct_change_3m,china_csi300_jiangxi_copper,equities_companies,monthly,pct_change,3,True
china_csi300_jiangxi_copper_pct_change_12m,china_csi300_jiangxi_copper,equities_companies,monthly,pct_change,12,True
germany_dax_aurubis_lag_1,germany_dax_aurubis,equities_companies,monthly,lag,1,True
germany_dax_aurubis_lag_3,germany_dax_aurubis,equities_companies,monthly,lag,3,True
germany_dax_aurubis_lag_6,germany_dax_aurubis,equities_companies,monthly,lag,6,True
germany_dax_aurubis_lag_12,germany_dax_aurubis,equities_companies,monthly,lag,12,True
germany_dax_aurubis_change_1m,germany_dax_aurubis,equities_companies,monthly,absolute_change,1,True
germany_dax_aurubis_pct_change_1m,germany_dax_aurubis,equities_companies,monthly,pct_change,1,True
germany_dax_aurubis_pct_change_3m,germany_dax_aurubis,equities_companies,monthly,pct_change,3,True
germany_dax_aurubis_pct_change_12m,germany_dax_aurubis,equities_companies,monthly,pct_change,12,True
hong_kong_hang_seng_zijin_mining_lag_1,hong_kong_hang_seng_zijin_mining,equities_companies,monthly,lag,1,True
hong_kong_hang_seng_zijin_mining_lag_3,hong_kong_hang_seng_zijin_mining,equities_companies,monthly,lag,3,True
hong_kong_hang_seng_zijin_mining_lag_6,hong_kong_hang_seng_zijin_mining,equities_companies,monthly,lag,6,True
hong_kong_hang_seng_zijin_mining_lag_12,hong_kong_hang_seng_zijin_mining,equities_companies,monthly,lag,12,True
hong_kong_hang_seng_zijin_mining_change_1m,hong_kong_hang_seng_zijin_mining,equities_companies,monthly,absolute_change,1,True
hong_kong_hang_seng_zijin_mining_pct_change_1m,hong_kong_hang_seng_zijin_mining,equities_companies,monthly,pct_change,1,True
hong_kong_hang_seng_zijin_mining_pct_change_3m,hong_kong_hang_seng_zijin_mining,equities_companies,monthly,pct_change,3,True
hong_kong_hang_seng_zijin_mining_pct_change_12m,hong_kong_hang_seng_zijin_mining,equities_companies,monthly,pct_change,12,True
poland_wig20_kghm_lag_1,poland_wig20_kghm,equities_companies,monthly,lag,1,True
poland_wig20_kghm_lag_3,poland_wig20_kghm,equities_companies,monthly,lag,3,True
poland_wig20_kghm_lag_6,poland_wig20_kghm,equities_companies,monthly,lag,6,True
poland_wig20_kghm_lag_12,poland_wig20_kghm,equities_companies,monthly,lag,12,True
poland_wig20_kghm_change_1m,poland_wig20_kghm,equities_companies,monthly,absolute_change,1,True
poland_wig20_kghm_pct_change_1m,poland_wig20_kghm,equities_companies,monthly,pct_change,1,True
poland_wig20_kghm_pct_change_3m,poland_wig20_kghm,equities_companies,monthly,pct_change,3,True
poland_wig20_kghm_pct_change_12m,poland_wig20_kghm,equities_companies,monthly,pct_change,12,True
uk_ftse100_antofagasta_lag_1,uk_ftse100_antofagasta,equities_companies,monthly,lag,1,True
uk_ftse100_antofagasta_lag_3,uk_ftse100_antofagasta,equities_companies,monthly,lag,3,True
uk_ftse100_antofagasta_lag_6,uk_ftse100_antofagasta,equities_companies,monthly,lag,6,True
uk_ftse100_antofagasta_lag_12,uk_ftse100_antofagasta,equities_companies,monthly,lag,12,True
uk_ftse100_antofagasta_change_1m,uk_ftse100_antofagasta,equities_companies,monthly,absolute_change,1,True
uk_ftse100_antofagasta_pct_change_1m,uk_ftse100_antofagasta,equities_companies,monthly,pct_change,1,True
uk_ftse100_antofagasta_pct_change_3m,uk_ftse100_antofagasta,equities_companies,monthly,pct_change,3,True
uk_ftse100_antofagasta_pct_change_12m,uk_ftse100_antofagasta,equities_companies,monthly,pct_change,12,True
uk_ftse100_glencore_lag_1,uk_ftse100_glencore,equities_companies,monthly,lag,1,True
uk_ftse100_glencore_lag_3,uk_ftse100_glencore,equities_companies,monthly,lag,3,True
uk_ftse100_glencore_lag_6,uk_ftse100_glencore,equities_companies,monthly,lag,6,True
uk_ftse100_glencore_lag_12,uk_ftse100_glencore,equities_companies,monthly,lag,12,True
uk_ftse100_glencore_change_1m,uk_ftse100_glencore,equities_companies,monthly,absolute_change,1,True
uk_ftse100_glencore_pct_change_1m,uk_ftse100_glencore,equities_companies,monthly,pct_change,1,True
uk_ftse100_glencore_pct_change_3m,uk_ftse100_glencore,equities_companies,monthly,pct_change,3,True
uk_ftse100_glencore_pct_change_12m,uk_ftse100_glencore,equities_companies,monthly,pct_change,12,True
usa_nyse_hecla_mining_lag_1,usa_nyse_hecla_mining,equities_companies,monthly,lag,1,True
usa_nyse_hecla_mining_lag_3,usa_nyse_hecla_mining,equities_companies,monthly,lag,3,True
usa_nyse_hecla_mining_lag_6,usa_nyse_hecla_mining,equities_companies,monthly,lag,6,True
usa_nyse_hecla_mining_lag_12,usa_nyse_hecla_mining,equities_companies,monthly,lag,12,True
usa_nyse_hecla_mining_change_1m,usa_nyse_hecla_mining,equities_companies,monthly,absolute_change,1,True
usa_nyse_hecla_mining_pct_change_1m,usa_nyse_hecla_mining,equities_companies,monthly,pct_change,1,True
usa_nyse_hecla_mining_pct_change_3m,usa_nyse_hecla_mining,equities_companies,monthly,pct_change,3,True
usa_nyse_hecla_mining_pct_change_12m,usa_nyse_hecla_mining,equities_companies,monthly,pct_change,12,True
usa_nyse_mp_materials_lag_1,usa_nyse_mp_materials,equities_companies,monthly,lag,1,True
usa_nyse_mp_materials_lag_3,usa_nyse_mp_materials,equities_companies,monthly,lag,3,True
usa_nyse_mp_materials_lag_6,usa_nyse_mp_materials,equities_companies,monthly,lag,6,True
usa_nyse_mp_materials_lag_12,usa_nyse_mp_materials,equities_companies,monthly,lag,12,True
usa_nyse_mp_materials_change_1m,usa_nyse_mp_materials,equities_companies,monthly,absolute_change,1,True
usa_nyse_mp_materials_pct_change_1m,usa_nyse_mp_materials,equities_companies,monthly,pct_change,1,True
usa_nyse_mp_materials_pct_change_3m,usa_nyse_mp_materials,equities_companies,monthly,pct_change,3,True
usa_nyse_mp_materials_pct_change_12m,usa_nyse_mp_materials,equities_companies,monthly,pct_change,12,True
usa_sp500_freeport_mcmoran_lag_1,usa_sp500_freeport_mcmoran,equities_companies,monthly,lag,1,True
usa_sp500_freeport_mcmoran_lag_3,usa_sp500_freeport_mcmoran,equities_companies,monthly,lag,3,True
usa_sp500_freeport_mcmoran_lag_6,usa_sp500_freeport_mcmoran,equities_companies,monthly,lag,6,True
usa_sp500_freeport_mcmoran_lag_12,usa_sp500_freeport_mcmoran,equities_companies,monthly,lag,12,True
usa_sp500_freeport_mcmoran_change_1m,usa_sp500_freeport_mcmoran,equities_companies,monthly,absolute_change,1,True
usa_sp500_freeport_mcmoran_pct_change_1m,usa_sp500_freeport_mcmoran,equities_companies,monthly,pct_change,1,True
usa_sp500_freeport_mcmoran_pct_change_3m,usa_sp500_freeport_mcmoran,equities_companies,monthly,pct_change,3,True
usa_sp500_freeport_mcmoran_pct_change_12m,usa_sp500_freeport_mcmoran,equities_companies,monthly,pct_change,12,True
usa_sp500_southern_copper_lag_1,usa_sp500_southern_copper,equities_companies,monthly,lag,1,True
usa_sp500_southern_copper_lag_3,usa_sp500_southern_copper,equities_companies,monthly,lag,3,True
usa_sp500_southern_copper_lag_6,usa_sp500_southern_copper,equities_companies,monthly,lag,6,True
usa_sp500_southern_copper_lag_12,usa_sp500_southern_copper,equities_companies,monthly,lag,12,True
usa_sp500_southern_copper_change_1m,usa_sp500_southern_copper,equities_companies,monthly,absolute_change,1,True
usa_sp500_southern_copper_pct_change_1m,usa_sp500_southern_copper,equities_companies,monthly,pct_change,1,True
usa_sp500_southern_copper_pct_change_3m,usa_sp500_southern_copper,equities_companies,monthly,pct_change,3,True
usa_sp500_southern_copper_pct_change_12m,usa_sp500_southern_copper,equities_companies,monthly,pct_change,12,True
peru_diesel_price_index_lag_1,peru_diesel_price_index,peru_cost_drivers,monthly,lag,1,True
peru_diesel_price_index_lag_3,peru_diesel_price_index,peru_cost_drivers,monthly,lag,3,True
peru_diesel_price_index_lag_6,peru_diesel_price_index,peru_cost_drivers,monthly,lag,6,True
peru_diesel_price_index_lag_12,peru_diesel_price_index,peru_cost_drivers,monthly,lag,12,True
peru_diesel_price_index_change_1m,peru_diesel_price_index,peru_cost_drivers,monthly,absolute_change,1,True
peru_diesel_price_index_pct_change_1m,peru_diesel_price_index,peru_cost_drivers,monthly,pct_change,1,True
peru_diesel_price_index_pct_change_3m,peru_diesel_price_index,peru_cost_drivers,monthly,pct_change,3,True
peru_diesel_price_index_pct_change_12m,peru_diesel_price_index,peru_cost_drivers,monthly,pct_change,12,True
peru_formal_private_income_pen_lag_1,peru_formal_private_income_pen,peru_cost_drivers,monthly,lag,1,True
peru_formal_private_income_pen_lag_3,peru_formal_private_income_pen,peru_cost_drivers,monthly,lag,3,True
peru_formal_private_income_pen_lag_6,peru_formal_private_income_pen,peru_cost_drivers,monthly,lag,6,True
peru_formal_private_income_pen_lag_12,peru_formal_private_income_pen,peru_cost_drivers,monthly,lag,12,True
peru_formal_private_income_pen_change_1m,peru_formal_private_income_pen,peru_cost_drivers,monthly,absolute_change,1,True
peru_formal_private_income_pen_pct_change_1m,peru_formal_private_income_pen,peru_cost_drivers,monthly,pct_change,1,True
peru_formal_private_income_pen_pct_change_3m,peru_formal_private_income_pen,peru_cost_drivers,monthly,pct_change,3,True
peru_formal_private_income_pen_pct_change_12m,peru_formal_private_income_pen,peru_cost_drivers,monthly,pct_change,12,True
peru_industrial_electricity_tariff_index_lag_1,peru_industrial_electricity_tariff_index,peru_cost_drivers,monthly,lag,1,True
peru_industrial_electricity_tariff_index_lag_3,peru_industrial_electricity_tariff_index,peru_cost_drivers,monthly,lag,3,True
peru_industrial_electricity_tariff_index_lag_6,peru_industrial_electricity_tariff_index,peru_cost_drivers,monthly,lag,6,True
peru_industrial_electricity_tariff_index_lag_12,peru_industrial_electricity_tariff_index,peru_cost_drivers,monthly,lag,12,True
peru_industrial_electricity_tariff_index_change_1m,peru_industrial_electricity_tariff_index,peru_cost_drivers,monthly,absolute_change,1,True
peru_industrial_electricity_tariff_index_pct_change_1m,peru_industrial_electricity_tariff_index,peru_cost_drivers,monthly,pct_change,1,True
peru_industrial_electricity_tariff_index_pct_change_3m,peru_industrial_electricity_tariff_index,peru_cost_drivers,monthly,pct_change,3,True
peru_industrial_electricity_tariff_index_pct_change_12m,peru_industrial_electricity_tariff_index,peru_cost_drivers,monthly,pct_change,12,True
peru_usd_pen_lag_1,peru_usd_pen,peru_cost_drivers,monthly,lag,1,True
peru_usd_pen_lag_3,peru_usd_pen,peru_cost_drivers,monthly,lag,3,True
peru_usd_pen_lag_6,peru_usd_pen,peru_cost_drivers,monthly,lag,6,True
peru_usd_pen_lag_12,peru_usd_pen,peru_cost_drivers,monthly,lag,12,True
peru_usd_pen_change_1m,peru_usd_pen,peru_cost_drivers,monthly,absolute_change,1,True
peru_usd_pen_pct_change_1m,peru_usd_pen,peru_cost_drivers,monthly,pct_change,1,True
peru_usd_pen_pct_change_3m,peru_usd_pen,peru_cost_drivers,monthly,pct_change,3,True
peru_usd_pen_pct_change_12m,peru_usd_pen,peru_cost_drivers,monthly,pct_change,12,True
