"Tarih","Şimdi","Açılış","Yüksek","Düşük","Hac.","Fark %"
"01.09.2026","3.157,00","3.157,00","3.157,00","3.157,00","","-0,91%"
"28.08.2026","3.186,00","3.186,00","3.186,00","3.186,00","","2,54%"
"27.08.2026","3.107,00","3.107,00","3.107,00","3.107,00","","1,67%"
"26.08.2026","3.056,00","3.056,00","3.056,00","3.056,00","","4,44%"
"25.08.2026","2.926,00","2.926,00","2.926,00","2.926,00","","1,53%"
"24.08.2026","2.882,00","2.882,00","2.882,00","2.882,00","","1,44%"
"21.08.2026","2.841,00","2.841,00","2.841,00","2.841,00","","1,79%"
"20.08.2026","2.791,00","2.791,00","2.791,00","2.791,00","","0,54%"
"19.08.2026","2.776,00","2.776,00","2.776,00","2.776,00","","-1,39%"
"18.08.2026","2.815,00","2.815,00","2.815,00","2.815,00","","-2,19%"
"17.08.2026","2.878,00","2.878,00","2.878,00","2.878,00","","0,52%"
"14.08.2026","2.863,00","2.863,00","2.863,00","2.863,00","","0,67%"
"13.08.2026","2.844,00","2.844,00","2.844,00","2.844,00","","-3,23%"
"12.08.2026","2.939,00","2.939,00","2.939,00","2.939,00","","-3,51%"
"11.08.2026","3.046,00","3.046,00","3.046,00","3.046,00","","-1,20%"
"10.08.2026","3.083,00","3.083,00","3.083,00","3.083,00","","-0,19%"
"07.08.2026","3.089,00","3.089,00","3.089,00","3.089,00","","1,05%"
"06.08.2026","3.057,00","3.057,00","3.057,00","3.057,00","","-0,20%"
"05.08.2026","3.063,00","3.063,00","3.063,00","3.063,00","","4,33%"
"04.08.2026","2.936,00","2.936,00","2.936,00","2.936,00","","3,27%"
"03.08.2026","2.843,00","2.843,00","2.843,00","2.843,00","","4,06%"
"31.07.2026","2.732,00","2.732,00","2.732,00","2.732,00","","2,21%"
"30.07.2026","2.673,00","2.673,00","2.673,00","2.673,00","","1,56%"
"29.07.2026","2.632,00","2.632,00","2.632,00","2.632,00","","-1,20%"
"28.07.2026","2.664,00","2.664,00","2.664,00","2.664,00","","-1,19%"
"27.07.2026","2.696,00","2.696,00","2.696,00","2.696,00","","-1,71%"
"24.07.2026","2.743,00","2.743,00","2.743,00","2.743,00","","0,66%"
"23.07.2026","2.725,00","2.725,00","2.725,00","2.725,00","","0,37%"
"22.07.2026","2.715,00","2.715,00","2.715,00","2.715,00","","1,69%"
"21.07.2026","2.670,00","2.670,00","2.670,00","2.670,00","","-0,04%"
"20.07.2026","2.671,00","2.671,00","2.671,00","2.671,00","","-2,94%"
"17.07.2026","2.752,00","2.752,00","2.752,00","2.752,00","","-3,10%"
"16.07.2026","2.840,00","2.840,00","2.840,00","2.840,00","","-3,04%"
"15.07.2026","2.929,00","2.929,00","2.929,00","2.929,00","","-1,71%"
"14.07.2026","2.980,00","2.980,00","2.980,00","2.980,00","","0,68%"
"13.07.2026","2.960,00","2.960,00","2.960,00","2.960,00","","0,54%"
"10.07.2026","2.944,00","2.944,00","2.944,00","2.944,00","","1,17%"
"09.07.2026","2.910,00","2.910,00","2.910,00","2.910,00","","1,36%"
"08.07.2026","2.871,00","2.871,00","2.871,00","2.871,00","","-0,14%"
"07.07.2026","2.875,00","2.875,00","2.875,00","2.875,00","","2,79%"
"06.07.2026","2.797,00","2.797,00","2.797,00","2.797,00","","2,94%"
"03.07.2026","2.717,00","2.717,00","2.717,00","2.717,00","","2,53%"
"02.07.2026","2.650,00","2.650,00","2.650,00","2.650,00","","3,43%"
"01.07.2026","2.562,00","2.562,00","2.562,00","2.562,00","","2,44%"
"30.06.2026","2.501,00","2.501,00","2.501,00","2.501,00","","0,44%"
"29.06.2026","2.490,00","2.490,00","2.490,00","2.490,00","","-1,35%"
"26.06.2026","2.524,00","2.524,00","2.524,00","2.524,00","","-2,59%"
"25.06.2026","2.591,00","2.591,00","2.591,00","2.591,00","","-1,63%"
"24.06.2026","2.634,00","2.634,00","2.634,00","2.634,00","","-1,24%"
"23.06.2026","2.667,00","2.667,00","2.667,00","2.667,00","","-0,63%"
"22.06.2026","2.684,00","2.684,00","2.684,00","2.684,00","","-1,40%"
"19.06.2026","2.722,00","2.722,00","2.722,00","2.722,00","","2,37%"
"18.06.2026","2.659,00","2.659,00","2.659,00","2.659,00","","0,23%"
"17.06.2026","2.653,00","2.653,00","2.653,00","2.653,00","","-0,64%"
"16.06.2026","2.670,00","2.670,00","2.670,00","2.670,00","","-1,84%"
"15.06.2026","2.720,00","2.729,00","2.729,00","2.720,00","","-3,48%"
"09.06.2026","2.818,00","2.818,00","2.818,00","2.818,00","","-3,36%"
"08.06.2026","2.916,00","2.916,00","2.916,00","2.916,00","","-2,18%"
"05.06.2026","2.981,00","2.981,00","2.981,00","2.981,00","","-1,84%"
"04.06.2026","3.037,00","3.037,00","3.037,00","3.037,00","","-2,78%"
"03.06.2026","3.124,00","3.124,00","3.124,00","3.124,00","","-2,53%"
"02.06.2026","3.205,00","3.205,00","3.205,00","3.205,00","","-0,53%"
"01.06.2026","3.222,00","3.222,00","3.222,00","3.222,00","","-0,06%"
"29.05.2026","3.224,00","3.224,00","3.224,00","3.224,00","","-0,06%"
"28.05.2026","3.226,00","3.226,00","3.226,00","3.226,00","","3,27%"
"27.05.2026","3.124,00","3.124,00","3.124,00","3.124,00","","1,26%"
"26.05.2026","3.085,00","3.085,00","3.085,00","3.085,00","","3,14%"
"22.05.2026","2.991,00","2.991,00","2.991,00","2.991,00","","0,91%"
"21.05.2026","2.964,00","2.964,00","2.964,00","2.964,00","","-1,36%"
"20.05.2026","3.005,00","3.005,00","3.005,00","3.005,00","","-1,60%"
"19.05.2026","3.054,00","3.054,00","3.054,00","3.054,00","","-1,23%"
"18.05.2026","3.092,00","3.092,00","3.092,00","3.092,00","","-1,87%"
"15.05.2026","3.151,00","3.151,00","3.151,00","3.151,00","","-1,38%"
"14.05.2026","3.195,00","3.195,00","3.195,00","3.195,00","","0,19%"
"13.05.2026","3.189,00","3.189,00","3.189,00","3.189,00","","4,11%"
"12.05.2026","3.063,00","3.063,00","3.063,00","3.063,00","","2,07%"
"11.05.2026","3.001,00","3.001,00","3.001,00","3.001,00","","0,77%"
"08.05.2026","2.978,00","2.978,00","2.978,00","2.978,00","","-1,85%"
"07.05.2026","3.034,00","3.034,00","3.034,00","3.034,00","","1,44%"
"06.05.2026","2.991,00","2.991,00","2.991,00","2.991,00","","5,61%"
"05.05.2026","2.832,00","2.832,00","2.832,00","2.832,00","","3,74%"
"01.05.2026","2.730,00","2.730,00","2.730,00","2.730,00","","1,64%"
"30.04.2026","2.686,00","2.686,00","2.686,00","2.686,00","","0,60%"
"29.04.2026","2.670,00","2.670,00","2.670,00","2.670,00","","-0,26%"
"28.04.2026","2.677,00","2.677,00","2.677,00","2.677,00","","0,41%"
"27.04.2026","2.666,00","2.666,00","2.666,00","2.666,00","","0,04%"
"24.04.2026","2.665,00","2.665,00","2.665,00","2.665,00","","-0,30%"
"23.04.2026","2.673,00","2.673,00","2.673,00","2.673,00","","-0,07%"
"22.04.2026","2.675,00","2.675,00","2.675,00","2.675,00","","1,33%"
"21.04.2026","2.640,00","2.640,00","2.640,00","2.640,00","","0,27%"
"20.04.2026","2.633,00","2.633,00","2.633,00","2.633,00","","2,57%"
"17.04.2026","2.567,00","2.567,00","2.567,00","2.567,00","","1,74%"
"16.04.2026","2.523,00","2.523,00","2.523,00","2.523,00","","1,57%"
"15.04.2026","2.484,00","2.484,00","2.484,00","2.484,00","","5,52%"
"14.04.2026","2.354,00","2.354,00","2.354,00","2.354,00","","4,62%"
"13.04.2026","2.250,00","2.250,00","2.250,00","2.250,00","","2,23%"
"10.04.2026","2.201,00","2.201,00","2.201,00","2.201,00","","1,85%"
"09.04.2026","2.161,00","2.161,00","2.161,00","2.161,00","","1,03%"
"08.04.2026","2.139,00","2.139,00","2.139,00","2.139,00","","2,10%"
"07.04.2026","2.095,00","2.095,00","2.095,00","2.095,00","","1,40%"
"02.04.2026","2.066,00","2.066,00","2.066,00","2.066,00","","1,77%"
"01.04.2026","2.030,00","2.030,00","2.030,00","2.030,00","","1,75%"
"31.03.2026","1.995,00","1.995,00","1.995,00","1.995,00","","-1,09%"
"30.03.2026","2.017,00","2.017,00","2.017,00","2.017,00","","-0,69%"
"27.03.2026","2.031,00","2.031,00","2.031,00","2.031,00","","0,84%"
"26.03.2026","2.014,00","2.014,00","2.014,00","2.014,00","","0,65%"
"25.03.2026","2.001,00","2.001,00","2.001,00","2.001,00","","0,60%"
"24.03.2026","1.989,00","1.989,00","1.989,00","1.989,00","","-2,36%"
"23.03.2026","2.037,00","2.037,00","2.037,00","2.037,00","","-0,92%"
"20.03.2026","2.056,00","2.056,00","2.056,00","2.056,00","","-0,05%"
"19.03.2026","2.057,00","2.057,00","2.057,00","2.057,00","","-0,34%"
"18.03.2026","2.064,00","2.064,00","2.064,00","2.064,00","","1,98%"
"17.03.2026","2.024,00","2.024,00","2.024,00","2.024,00","","-0,69%"
"16.03.2026","2.038,00","2.038,00","2.038,00","2.038,00","","0,49%"
"13.03.2026","2.028,00","2.028,00","2.028,00","2.028,00","","2,84%"
"12.03.2026","1.972,00","1.972,00","1.972,00","1.972,00","","2,39%"
"11.03.2026","1.926,00","1.926,00","1.926,00","1.926,00","","0,36%"
"10.03.2026","1.919,00","1.919,00","1.919,00","1.919,00","","-7,12%"
"09.03.2026","2.066,00","2.066,00","2.066,00","2.066,00","","2,79%"
"06.03.2026","2.010,00","2.010,00","2.010,00","2.010,00","","-5,99%"
"05.03.2026","2.138,00","2.138,00","2.138,00","2.138,00","","-4,25%"
"04.03.2026","2.233,00","2.233,00","2.233,00","2.233,00","","-0,40%"
"03.03.2026","2.242,00","2.242,00","2.242,00","2.242,00","","2,51%"
"02.03.2026","2.187,00","2.187,00","2.187,00","2.187,00","","2,20%"
"27.02.2026","2.140,00","2.140,00","2.140,00","2.140,00","","1,09%"
"26.02.2026","2.117,00","2.117,00","2.117,00","2.117,00","","-0,19%"
"25.02.2026","2.121,00","2.121,00","2.121,00","2.121,00","","-0,38%"
"24.02.2026","2.129,00","2.129,00","2.129,00","2.129,00","","0,80%"
"23.02.2026","2.112,00","2.112,00","2.112,00","2.112,00","","3,38%"
"20.02.2026","2.043,00","2.043,00","2.043,00","2.043,00","","1,19%"
"19.02.2026","2.019,00","2.019,00","2.019,00","2.019,00","","-2,13%"
"18.02.2026","2.063,00","2.063,00","2.063,00","2.063,00","","-1,53%"
"17.02.2026","2.095,00","2.095,00","2.095,00","2.095,00","","-0,24%"
"16.02.2026","2.100,00","2.100,00","2.100,00","2.100,00","","0,82%"
"13.02.2026","2.083,00","2.083,00","2.083,00","2.083,00","","-0,57%"
"12.02.2026","2.095,00","2.095,00","2.095,00","2.095,00","","7,00%"
"11.02.2026","1.958,00","1.958,00","1.958,00","1.958,00","","4,04%"
"10.02.2026","1.882,00","1.882,00","1.882,00","1.882,00","","-0,69%"
"09.02.2026","1.895,00","1.895,00","1.895,00","1.895,00","","-1,46%"
"06.02.2026","1.923,00","1.923,00","1.923,00","1.923,00","","-0,67%"
"05.02.2026","1.936,00","1.936,00","1.936,00","1.936,00","","-0,97%"
"04.02.2026","1.955,00","1.955,00","1.955,00","1.955,00","","-3,60%"
"03.02.2026","2.028,00","2.028,00","2.028,00","2.028,00","","-4,52%"
"02.02.2026","2.124,00","2.124,00","2.124,00","2.124,00","","-1,12%"
"30.01.2026","2.148,00","2.148,00","2.148,00","2.148,00","","7,29%"
"29.01.2026","2.002,00","2.002,00","2.002,00","2.002,00","","-0,69%"
"28.01.2026","2.016,00","2.016,00","2.016,00","2.016,00","","0,85%"
"27.01.2026","1.999,00","1.999,00","1.999,00","1.999,00","","12,30%"
"26.01.2026","1.780,00","1.780,00","1.780,00","1.780,00","","1,02%"
"23.01.2026","1.762,00","1.762,00","1.762,00","1.762,00","","0,06%"
"22.01.2026","1.761,00","1.761,00","1.761,00","1.761,00","","-2,33%"
"21.01.2026","1.803,00","1.803,00","1.803,00","1.803,00","","4,28%"
"20.01.2026","1.729,00","1.729,00","1.729,00","1.729,00","","4,79%"
"19.01.2026","1.650,00","1.650,00","1.650,00","1.650,00","","5,30%"
"16.01.2026","1.567,00","1.567,00","1.567,00","1.567,00","","2,28%"
"15.01.2026","1.532,00","1.532,00","1.532,00","1.532,00","","-2,17%"
"14.01.2026","1.566,00","1.566,00","1.566,00","1.566,00","","-2,61%"
"13.01.2026","1.608,00","1.608,00","1.608,00","1.608,00","","-3,07%"
"12.01.2026","1.659,00","1.659,00","1.659,00","1.659,00","","-1,72%"
"09.01.2026","1.688,00","1.688,00","1.688,00","1.688,00","","-1,75%"
"08.01.2026","1.718,00","1.718,00","1.718,00","1.718,00","","-3,27%"
"07.01.2026","1.776,00","1.776,00","1.776,00","1.776,00","","-2,95%"
"06.01.2026","1.830,00","1.830,00","1.830,00","1.830,00","","-1,13%"
"05.01.2026","1.851,00","1.851,00","1.851,00","1.851,00","","-1,65%"
"02.01.2026","1.882,00","1.882,00","1.882,00","1.882,00","","0,27%"
"24.12.2025","1.877,00","1.877,00","1.877,00","1.877,00","","-0,64%"
"23.12.2025","1.889,00","1.889,00","1.889,00","1.889,00","","-4,55%"
"22.12.2025","1.979,00","1.979,00","1.979,00","1.979,00","","-2,17%"
"19.12.2025","2.023,00","2.023,00","2.023,00","2.023,00","","-2,32%"
"18.12.2025","2.071,00","2.071,00","2.071,00","2.071,00","","-2,36%"
"17.12.2025","2.121,00","2.121,00","2.121,00","2.121,00","","-3,77%"
"16.12.2025","2.204,00","2.204,00","2.204,00","2.204,00","","0,50%"
"15.12.2025","2.193,00","2.193,00","2.193,00","2.193,00","","-0,54%"
"12.12.2025","2.205,00","2.205,00","2.205,00","2.205,00","","-3,88%"
"11.12.2025","2.294,00","2.294,00","2.294,00","2.294,00","","-5,60%"
"10.12.2025","2.430,00","2.430,00","2.430,00","2.430,00","","-4,97%"
"09.12.2025","2.557,00","2.557,00","2.557,00","2.557,00","","-5,09%"
"08.12.2025","2.694,00","2.694,00","2.694,00","2.694,00","","-1,21%"
"05.12.2025","2.727,00","2.727,00","2.727,00","2.727,00","","-3,09%"
"04.12.2025","2.814,00","2.814,00","2.814,00","2.814,00","","-1,09%"
"03.12.2025","2.845,00","2.845,00","2.845,00","2.845,00","","9,42%"
"02.12.2025","2.600,00","2.600,00","2.600,00","2.600,00","","0,66%"
"01.12.2025","2.583,00","2.583,00","2.583,00","2.583,00","","0,90%"
"28.11.2025","2.560,00","2.560,00","2.560,00","2.560,00","","3,23%"
"27.11.2025","2.480,00","2.480,00","2.480,00","2.480,00","","3,29%"
"26.11.2025","2.401,00","2.401,00","2.401,00","2.401,00","","3,98%"
"25.11.2025","2.309,00","2.309,00","2.309,00","2.309,00","","0,61%"
"24.11.2025","2.295,00","2.295,00","2.295,00","2.295,00","","0,88%"
"21.11.2025","2.275,00","2.275,00","2.275,00","2.275,00","","0,22%"
"20.11.2025","2.270,00","2.270,00","2.270,00","2.270,00","","0,44%"
"19.11.2025","2.260,00","2.260,00","2.260,00","2.260,00","","1,99%"
"18.11.2025","2.216,00","2.216,00","2.216,00","2.216,00","","2,93%"
"17.11.2025","2.153,00","2.153,00","2.153,00","2.153,00","","1,32%"
"14.11.2025","2.125,00","2.125,00","2.125,00","2.125,00","","2,31%"
"13.11.2025","2.077,00","2.077,00","2.077,00","2.077,00","","2,32%"
"12.11.2025","2.030,00","2.030,00","2.030,00","2.030,00","","-2,03%"
"11.11.2025","2.072,00","2.072,00","2.072,00","2.072,00","","-0,58%"
"10.11.2025","2.084,00","2.084,00","2.084,00","2.084,00","","-0,95%"
"07.11.2025","2.104,00","2.104,00","2.104,00","2.104,00","","1,99%"
"06.11.2025","2.063,00","2.063,00","2.063,00","2.063,00","","3,00%"
"05.11.2025","2.003,00","2.003,00","2.003,00","2.003,00","","2,30%"
"04.11.2025","1.958,00","1.958,00","1.958,00","1.958,00","","0,67%"
"03.11.2025","1.945,00","1.945,00","1.945,00","1.945,00","","-1,07%"
"31.10.2025","1.966,00","1.966,00","1.966,00","1.966,00","","-0,86%"
"30.10.2025","1.983,00","1.983,00","1.983,00","1.983,00","","1,12%"
"29.10.2025","1.961,00","1.961,00","1.961,00","1.961,00","","0,56%"
"28.10.2025","1.950,00","1.950,00","1.950,00","1.950,00","","-1,32%"
"27.10.2025","1.976,00","1.976,00","1.976,00","1.976,00","","-0,75%"
"24.10.2025","1.991,00","1.991,00","1.991,00","1.991,00","","-3,21%"
"23.10.2025","2.057,00","2.057,00","2.057,00","2.057,00","","-1,77%"
"21.10.2025","2.094,00","2.094,00","2.094,00","2.094,00","","1,11%"
"20.10.2025","2.071,00","2.069,00","2.071,00","2.069,00","","0,10%"
"17.10.2025","2.069,00","2.069,00","2.069,00","2.069,00","","1,12%"
"16.10.2025","2.046,00","2.046,00","2.046,00","2.046,00","","2,45%"
"15.10.2025","1.997,00","1.997,00","1.997,00","1.997,00","","-1,24%"
"14.10.2025","2.022,00","2.022,00","2.022,00","2.022,00","","-5,69%"
"13.10.2025","2.144,00","2.144,00","2.144,00","2.144,00","","10,74%"
"10.10.2025","1.936,00","1.936,00","1.936,00","1.936,00","","0,68%"
"09.10.2025","1.923,00","1.923,00","1.923,00","1.923,00","","-2,04%"
"08.10.2025","1.963,00","1.963,00","1.963,00","1.963,00","","0,82%"
"07.10.2025","1.947,00","1.947,00","1.947,00","1.947,00","","0,78%"
"06.10.2025","1.932,00","1.932,00","1.932,00","1.932,00","","1,63%"
"03.10.2025","1.901,00","1.901,00","1.901,00","1.901,00","","-0,42%"
"02.10.2025","1.909,00","1.909,00","1.909,00","1.909,00","","-3,59%"
"01.10.2025","1.980,00","1.980,00","1.980,00","1.980,00","","-7,22%"
"30.09.2025","2.134,00","2.134,00","2.134,00","2.134,00","","-3,87%"
"29.09.2025","2.220,00","2.220,00","2.220,00","2.220,00","","-1,73%"
"26.09.2025","2.259,00","2.259,00","2.259,00","2.259,00","","-0,31%"
"25.09.2025","2.266,00","2.266,00","2.266,00","2.266,00","","1,16%"
"24.09.2025","2.240,00","2.240,00","2.240,00","2.240,00","","1,82%"
"23.09.2025","2.200,00","2.200,00","2.200,00","2.200,00","","1,29%"
"22.09.2025","2.172,00","2.172,00","2.172,00","2.172,00","","-1,41%"
"19.09.2025","2.203,00","2.203,00","2.203,00","2.203,00","","-0,09%"
"18.09.2025","2.205,00","2.205,00","2.205,00","2.205,00","","1,15%"
"17.09.2025","2.180,00","2.180,00","2.180,00","2.180,00","","1,21%"
"16.09.2025","2.154,00","2.154,00","2.154,00","2.154,00","","0,05%"
"15.09.2025","2.153,00","2.153,00","2.153,00","2.153,00","","1,27%"
"12.09.2025","2.126,00","2.126,00","2.126,00","2.126,00","","0,71%"
"11.09.2025","2.111,00","2.111,00","2.111,00","2.111,00","","-0,05%"
"10.09.2025","2.112,00","2.112,00","2.112,00","2.112,00","","1,59%"
"09.09.2025","2.079,00","2.079,00","2.079,00","2.079,00","","2,97%"
"08.09.2025","2.019,00","2.019,00","2.019,00","2.019,00","","2,02%"
"05.09.2025","1.979,00","1.979,00","1.979,00","1.979,00","","0,82%"
"04.09.2025","1.963,00","1.963,00","1.963,00","1.963,00","","1,19%"
"03.09.2025","1.940,00","1.940,00","1.940,00","1.940,00","","-2,32%"
"02.09.2025","1.986,00","1.986,00","1.986,00","1.986,00","","-1,88%"
"01.09.2025","2.024,00","2.024,00","2.024,00","2.024,00","","-0,05%"
"29.08.2025","2.025,00","2.025,00","2.025,00","2.025,00","","0,40%"
"28.08.2025","2.017,00","2.017,00","2.017,00","2.017,00","","-1,42%"
"27.08.2025","2.046,00","2.046,00","2.046,00","2.046,00","","0,24%"
"26.08.2025","2.041,00","2.041,00","2.041,00","2.041,00","","4,99%"
"22.08.2025","1.944,00","1.944,00","1.944,00","1.944,00","","2,69%"
"21.08.2025","1.893,00","1.893,00","1.893,00","1.893,00","","-1,76%"
"20.08.2025","1.927,00","1.927,00","1.927,00","1.927,00","","-1,88%"
"19.08.2025","1.964,00","1.964,00","1.964,00","1.964,00","","-2,87%"
"18.08.2025","2.022,00","2.022,00","2.022,00","2.022,00","","-1,08%"
"15.08.2025","2.044,00","2.044,00","2.044,00","2.044,00","","0,25%"
"14.08.2025","2.039,00","2.039,00","2.039,00","2.039,00","","0,69%"
"13.08.2025","2.025,00","2.025,00","2.025,00","2.025,00","","0,40%"
"12.08.2025","2.017,00","2.017,00","2.017,00","2.017,00","","-1,03%"
"11.08.2025","2.038,00","2.038,00","2.038,00","2.038,00","","-0,63%"
"08.08.2025","2.051,00","2.051,00","2.051,00","2.051,00","","2,14%"
"07.08.2025","2.008,00","2.008,00","2.008,00","2.008,00","","0,70%"
"06.08.2025","1.994,00","1.994,00","1.994,00","1.994,00","","3,80%"
"05.08.2025","1.921,00","1.921,00","1.921,00","1.921,00","","-2,49%"
"04.08.2025","1.970,00","1.970,00","1.970,00","1.970,00","","-2,38%"
"01.08.2025","2.018,00","2.018,00","2.018,00","2.018,00","","0,75%"
"31.07.2025","2.003,00","2.003,00","2.003,00","2.003,00","","0,40%"
"30.07.2025","1.995,00","1.995,00","1.995,00","1.995,00","","-5,41%"
"29.07.2025","2.109,00","2.109,00","2.109,00","2.109,00","","-5,26%"
"28.07.2025","2.226,00","2.226,00","2.226,00","2.226,00","","-1,37%"
"25.07.2025","2.257,00","2.257,00","2.257,00","2.257,00","","-0,04%"
"24.07.2025","2.258,00","2.258,00","2.258,00","2.258,00","","6,51%"
"23.07.2025","2.120,00","2.120,00","2.120,00","2.120,00","","4,18%"
"22.07.2025","2.035,00","2.035,00","2.035,00","2.035,00","","0,94%"
"21.07.2025","2.016,00","2.016,00","2.016,00","2.016,00","","-1,75%"
"18.07.2025","2.052,00","2.052,00","2.052,00","2.052,00","","1,08%"
"17.07.2025","2.030,00","2.030,00","2.030,00","2.030,00","","6,51%"
"16.07.2025","1.906,00","1.906,00","1.906,00","1.906,00","","2,14%"
"15.07.2025","1.866,00","1.866,00","1.866,00","1.866,00","","4,66%"
"14.07.2025","1.783,00","1.783,00","1.783,00","1.783,00","","7,22%"
"11.07.2025","1.663,00","1.663,00","1.663,00","1.663,00","","13,52%"
"10.07.2025","1.465,00","1.465,00","1.465,00","1.465,00","","2,95%"
"09.07.2025","1.423,00","1.423,00","1.423,00","1.423,00","","-0,56%"
"08.07.2025","1.431,00","1.431,00","1.431,00","1.431,00","","-0,35%"
"07.07.2025","1.436,00","1.436,00","1.436,00","1.436,00","","0,00%"
"04.07.2025","1.436,00","1.436,00","1.436,00","1.436,00","","0,14%"
"03.07.2025","1.434,00","1.434,00","1.434,00","1.434,00","","-0,62%"
"02.07.2025","1.443,00","1.443,00","1.443,00","1.443,00","","-1,03%"
"01.07.2025","1.458,00","1.458,00","1.458,00","1.458,00","","-2,08%"
"30.06.2025","1.489,00","1.489,00","1.489,00","1.489,00","","-2,10%"
"27.06.2025","1.521,00","1.521,00","1.521,00","1.521,00","","-2,06%"
"26.06.2025","1.553,00","1.553,00","1.553,00","1.553,00","","-6,73%"
"25.06.2025","1.665,00","1.665,00","1.665,00","1.665,00","","-0,95%"
"24.06.2025","1.681,00","1.681,00","1.681,00","1.681,00","","0,42%"
"23.06.2025","1.674,00","1.674,00","1.674,00","1.674,00","","-0,89%"
"20.06.2025","1.689,00","1.689,00","1.689,00","1.689,00","","-3,54%"
"19.06.2025","1.751,00","1.751,00","1.751,00","1.751,00","","-6,56%"
"18.06.2025","1.874,00","1.874,00","1.874,00","1.874,00","","-4,00%"
"17.06.2025","1.952,00","1.952,00","1.952,00","1.952,00","","-1,16%"
"16.06.2025","1.975,00","1.975,00","1.975,00","1.975,00","","0,36%"
"13.06.2025","1.968,00","1.968,00","1.968,00","1.968,00","","3,36%"
"12.06.2025","1.904,00","1.904,00","1.904,00","1.904,00","","9,55%"
"11.06.2025","1.738,00","1.738,00","1.738,00","1.738,00","","3,45%"
"10.06.2025","1.680,00","1.680,00","1.680,00","1.680,00","","-0,65%"
"09.06.2025","1.691,00","1.691,00","1.691,00","1.691,00","","3,55%"
"06.06.2025","1.633,00","1.633,00","1.633,00","1.633,00","","0,43%"
"05.06.2025","1.626,00","1.626,00","1.626,00","1.626,00","","9,20%"
"04.06.2025","1.489,00","1.489,00","1.489,00","1.489,00","","4,13%"
"03.06.2025","1.430,00","1.430,00","1.430,00","1.430,00","","0,56%"
"02.06.2025","1.422,00","1.422,00","1.422,00","1.422,00","","0,28%"
"30.05.2025","1.418,00","1.418,00","1.418,00","1.418,00","","4,80%"
"29.05.2025","1.353,00","1.353,00","1.353,00","1.353,00","","3,84%"
"28.05.2025","1.303,00","1.303,00","1.303,00","1.303,00","","0,54%"
"27.05.2025","1.296,00","1.296,00","1.296,00","1.296,00","","-3,28%"
"23.05.2025","1.340,00","1.340,00","1.340,00","1.340,00","","-0,07%"
"22.05.2025","1.341,00","1.341,00","1.341,00","1.341,00","","0,30%"
"21.05.2025","1.337,00","1.337,00","1.337,00","1.337,00","","-0,22%"
"20.05.2025","1.340,00","1.340,00","1.340,00","1.340,00","","-0,52%"
"19.05.2025","1.347,00","1.347,00","1.347,00","1.347,00","","-2,95%"
"16.05.2025","1.388,00","1.388,00","1.388,00","1.388,00","","6,36%"
"15.05.2025","1.305,00","1.305,00","1.305,00","1.305,00","","3,00%"
"14.05.2025","1.267,00","1.267,00","1.267,00","1.267,00","","-1,02%"
"13.05.2025","1.280,00","1.280,00","1.280,00","1.280,00","","-1,84%"
"12.05.2025","1.304,00","1.304,00","1.304,00","1.304,00","","0,38%"
"09.05.2025","1.299,00","1.299,00","1.299,00","1.299,00","","-1,29%"
"08.05.2025","1.316,00","1.316,00","1.316,00","1.316,00","","-4,22%"
"07.05.2025","1.374,00","1.374,00","1.374,00","1.374,00","","-2,28%"
"06.05.2025","1.406,00","1.406,00","1.406,00","1.406,00","","-1,06%"
"02.05.2025","1.421,00","1.421,00","1.421,00","1.421,00","","0,71%"
"01.05.2025","1.411,00","1.411,00","1.411,00","1.411,00","","1,80%"
"30.04.2025","1.386,00","1.386,00","1.386,00","1.386,00","","-0,86%"
"29.04.2025","1.398,00","1.398,00","1.398,00","1.398,00","","-0,36%"
"28.04.2025","1.403,00","1.403,00","1.403,00","1.403,00","","2,18%"
"25.04.2025","1.373,00","1.373,00","1.373,00","1.373,00","","1,48%"
"24.04.2025","1.353,00","1.353,00","1.353,00","1.353,00","","4,08%"
"23.04.2025","1.300,00","1.300,00","1.300,00","1.300,00","","3,09%"
"22.04.2025","1.261,00","1.261,00","1.261,00","1.261,00","","0,00%"
"17.04.2025","1.261,00","1.261,00","1.261,00","1.261,00","","1,61%"
"16.04.2025","1.241,00","1.241,00","1.241,00","1.241,00","","-1,74%"
"15.04.2025","1.263,00","1.263,00","1.263,00","1.263,00","","-1,48%"
"14.04.2025","1.282,00","1.282,00","1.282,00","1.282,00","","0,63%"
"11.04.2025","1.274,00","1.274,00","1.274,00","1.274,00","","0,39%"
"10.04.2025","1.269,00","1.269,00","1.269,00","1.269,00","","0,79%"
"09.04.2025","1.259,00","1.259,00","1.259,00","1.259,00","","-6,18%"
"08.04.2025","1.342,00","1.342,00","1.342,00","1.342,00","","-4,21%"
"07.04.2025","1.401,00","1.401,00","1.401,00","1.401,00","","-5,91%"
"04.04.2025","1.489,00","1.489,00","1.489,00","1.489,00","","-3,31%"
"03.04.2025","1.540,00","1.540,00","1.540,00","1.540,00","","-2,72%"
"02.04.2025","1.583,00","1.583,00","1.583,00","1.583,00","","-0,25%"
"01.04.2025","1.587,00","1.587,00","1.587,00","1.587,00","","-0,69%"
"31.03.2025","1.598,00","1.598,00","1.598,00","1.598,00","","-0,25%"
"28.03.2025","1.602,00","1.602,00","1.602,00","1.602,00","","-1,17%"
"27.03.2025","1.621,00","1.621,00","1.621,00","1.621,00","","-0,80%"
"26.03.2025","1.634,00","1.634,00","1.634,00","1.634,00","","-0,49%"
"25.03.2025","1.642,00","1.642,00","1.642,00","1.642,00","","-0,61%"
"24.03.2025","1.652,00","1.652,00","1.652,00","1.652,00","","0,55%"
"21.03.2025","1.643,00","1.643,00","1.643,00","1.643,00","","0,49%"
"20.03.2025","1.635,00","1.635,00","1.635,00","1.635,00","","-0,12%"
"19.03.2025","1.637,00","1.637,00","1.637,00","1.637,00","","-0,79%"
"18.03.2025","1.650,00","1.650,00","1.650,00","1.650,00","","-0,48%"
"17.03.2025","1.658,00","1.658,00","1.658,00","1.658,00","","-0,66%"
"14.03.2025","1.669,00","1.669,00","1.669,00","1.669,00","","1,15%"
"13.03.2025","1.650,00","1.650,00","1.650,00","1.650,00","","5,84%"
"12.03.2025","1.559,00","1.559,00","1.559,00","1.559,00","","8,57%"
"11.03.2025","1.436,00","1.436,00","1.436,00","1.436,00","","0,84%"
"10.03.2025","1.424,00","1.424,00","1.424,00","1.424,00","","1,71%"
"07.03.2025","1.400,00","1.400,00","1.400,00","1.400,00","","8,86%"
"06.03.2025","1.286,00","1.286,00","1.286,00","1.286,00","","4,72%"
"05.03.2025","1.228,00","1.228,00","1.228,00","1.228,00","","-2,69%"
"04.03.2025","1.262,00","1.262,00","1.262,00","1.262,00","","-1,10%"
"03.03.2025","1.276,00","1.276,00","1.276,00","1.276,00","","3,82%"
"28.02.2025","1.229,00","1.229,00","1.229,00","1.229,00","","6,04%"
"27.02.2025","1.159,00","1.159,00","1.159,00","1.159,00","","4,23%"
"26.02.2025","1.112,00","1.112,00","1.112,00","1.112,00","","7,03%"
"25.02.2025","1.039,00","1.039,00","1.039,00","1.039,00","","3,69%"
"24.02.2025","1.002,00","1.002,00","1.002,00","1.002,00","","2,14%"
"21.02.2025","981,00","981,00","981,00","981,00","","4,25%"
"20.02.2025","941,00","941,00","941,00","941,00","","4,09%"
"19.02.2025","904,00","904,00","904,00","904,00","","7,49%"
"18.02.2025","841,00","841,00","841,00","841,00","","4,34%"
"17.02.2025","806,00","806,00","806,00","806,00","","1,77%"
"14.02.2025","792,00","792,00","792,00","792,00","","1,54%"
"13.02.2025","780,00","780,00","780,00","780,00","","0,52%"
"12.02.2025","776,00","776,00","776,00","776,00","","-3,12%"
"11.02.2025","801,00","801,00","801,00","801,00","","-0,99%"
"10.02.2025","809,00","809,00","809,00","809,00","","-0,74%"
"07.02.2025","815,00","815,00","815,00","815,00","","2,77%"
"06.02.2025","793,00","793,00","793,00","793,00","","2,85%"
"05.02.2025","771,00","771,00","771,00","771,00","","2,39%"
"04.02.2025","753,00","753,00","753,00","753,00","","2,03%"
"03.02.2025","738,00","738,00","738,00","738,00","","0,41%"
"31.01.2025","735,00","735,00","735,00","735,00","","2,80%"
"30.01.2025","715,00","715,00","715,00","715,00","","-1,52%"
"29.01.2025","726,00","726,00","726,00","726,00","","-2,68%"
"28.01.2025","746,00","746,00","746,00","746,00","","-1,97%"
"27.01.2025","761,00","761,00","761,00","761,00","","-2,19%"
"24.01.2025","778,00","778,00","778,00","778,00","","-5,58%"
"23.01.2025","824,00","824,00","824,00","824,00","","-7,73%"
"22.01.2025","893,00","893,00","893,00","893,00","","-3,77%"
"21.01.2025","928,00","928,00","928,00","928,00","","-3,03%"
"20.01.2025","957,00","957,00","957,00","957,00","","-3,04%"
"17.01.2025","987,00","987,00","987,00","987,00","","-3,52%"
"16.01.2025","1.023,00","1.023,00","1.023,00","1.023,00","","-3,76%"
"15.01.2025","1.063,00","1.063,00","1.063,00","1.063,00","","-1,57%"
"14.01.2025","1.080,00","1.080,00","1.080,00","1.080,00","","-1,19%"
"13.01.2025","1.093,00","1.093,00","1.093,00","1.093,00","","4,29%"
"10.01.2025","1.048,00","1.048,00","1.048,00","1.048,00","","8,15%"
"09.01.2025","969,00","969,00","969,00","969,00","","0,31%"
"08.01.2025","966,00","966,00","966,00","966,00","","-4,83%"
"07.01.2025","1.015,00","1.015,00","1.015,00","1.015,00","","-2,68%"
"06.01.2025","1.043,00","1.043,00","1.043,00","1.043,00","","-2,71%"
"03.01.2025","1.072,00","1.072,00","1.072,00","1.072,00","","4,18%"
"02.01.2025","1.029,00","1.029,00","1.029,00","1.029,00","","3,21%"
"24.12.2024","997,00","997,00","997,00","997,00","","0,30%"
"23.12.2024","994,00","994,00","994,00","994,00","","0,40%"
"20.12.2024","990,00","990,00","990,00","990,00","","1,43%"
"19.12.2024","976,00","976,00","976,00","976,00","","-5,06%"
"18.12.2024","1.028,00","1.028,00","1.028,00","1.028,00","","-2,37%"
"17.12.2024","1.053,00","1.053,00","1.053,00","1.053,00","","-1,68%"
"16.12.2024","1.071,00","1.071,00","1.071,00","1.071,00","","1,90%"
"13.12.2024","1.051,00","1.051,00","1.051,00","1.051,00","","-0,38%"
"12.12.2024","1.055,00","1.055,00","1.055,00","1.055,00","","-4,61%"
"11.12.2024","1.106,00","1.106,00","1.106,00","1.106,00","","-4,33%"
"10.12.2024","1.156,00","1.156,00","1.156,00","1.156,00","","-1,03%"
"09.12.2024","1.168,00","1.168,00","1.168,00","1.168,00","","0,09%"
"06.12.2024","1.167,00","1.167,00","1.167,00","1.167,00","","0,60%"
"05.12.2024","1.160,00","1.160,00","1.160,00","1.160,00","","-1,69%"
"04.12.2024","1.180,00","1.180,00","1.180,00","1.180,00","","-4,61%"
"03.12.2024","1.237,00","1.237,00","1.237,00","1.237,00","","-4,70%"
"02.12.2024","1.298,00","1.298,00","1.298,00","1.298,00","","-4,14%"
"29.11.2024","1.354,00","1.354,00","1.354,00","1.354,00","","-4,58%"
"28.11.2024","1.419,00","1.419,00","1.419,00","1.419,00","","-5,96%"
"27.11.2024","1.509,00","1.509,00","1.509,00","1.509,00","","-4,55%"
"26.11.2024","1.581,00","1.581,00","1.581,00","1.581,00","","3,40%"
"25.11.2024","1.529,00","1.529,00","1.529,00","1.529,00","","-0,52%"
"22.11.2024","1.537,00","1.537,00","1.537,00","1.537,00","","-2,47%"
"21.11.2024","1.576,00","1.576,00","1.576,00","1.576,00","","-2,48%"
"20.11.2024","1.616,00","1.616,00","1.616,00","1.616,00","","-0,68%"
"19.11.2024","1.627,00","1.627,00","1.627,00","1.627,00","","-7,35%"
"18.11.2024","1.756,00","1.756,00","1.756,00","1.756,00","","-1,62%"
"15.11.2024","1.785,00","1.785,00","1.785,00","1.785,00","","5,50%"
"14.11.2024","1.692,00","1.692,00","1.692,00","1.692,00","","3,80%"
"13.11.2024","1.630,00","1.630,00","1.630,00","1.630,00","","-0,24%"
"12.11.2024","1.634,00","1.634,00","1.634,00","1.634,00","","4,88%"
"11.11.2024","1.558,00","1.558,00","1.558,00","1.558,00","","4,21%"
"08.11.2024","1.495,00","1.495,00","1.495,00","1.495,00","","3,03%"
"07.11.2024","1.451,00","1.451,00","1.451,00","1.451,00","","1,68%"
"06.11.2024","1.427,00","1.427,00","1.427,00","1.427,00","","1,57%"
"05.11.2024","1.405,00","1.405,00","1.405,00","1.405,00","","2,26%"
"04.11.2024","1.374,00","1.374,00","1.374,00","1.374,00","","-0,29%"
"01.11.2024","1.378,00","1.378,00","1.378,00","1.378,00","","-0,72%"
"31.10.2024","1.388,00","1.388,00","1.388,00","1.388,00","","-0,50%"
"30.10.2024","1.395,00","1.395,00","1.395,00","1.395,00","","-0,50%"
"29.10.2024","1.402,00","1.402,00","1.402,00","1.402,00","","1,45%"
"28.10.2024","1.382,00","1.382,00","1.382,00","1.382,00","","-1,99%"
"25.10.2024","1.410,00","1.410,00","1.410,00","1.410,00","","-0,49%"
"24.10.2024","1.417,00","1.417,00","1.417,00","1.417,00","","-1,94%"
"23.10.2024","1.445,00","1.445,00","1.445,00","1.445,00","","-2,36%"
"22.10.2024","1.480,00","1.480,00","1.480,00","1.480,00","","-4,27%"
"21.10.2024","1.546,00","1.546,00","1.546,00","1.546,00","","-1,90%"
"18.10.2024","1.576,00","1.576,00","1.576,00","1.576,00","","-1,13%"
"17.10.2024","1.594,00","1.594,00","1.594,00","1.594,00","","-4,89%"
"16.10.2024","1.676,00","1.676,00","1.676,00","1.676,00","","-5,10%"
"15.10.2024","1.766,00","1.766,00","1.766,00","1.766,00","","-2,65%"
"14.10.2024","1.814,00","1.814,00","1.814,00","1.814,00","","0,28%"
"11.10.2024","1.809,00","1.809,00","1.809,00","1.809,00","","1,06%"
"10.10.2024","1.790,00","1.790,00","1.790,00","1.790,00","","-0,50%"
"09.10.2024","1.799,00","1.799,00","1.799,00","1.799,00","","-3,28%"
"08.10.2024","1.860,00","1.860,00","1.860,00","1.860,00","","-2,46%"
"07.10.2024","1.907,00","1.907,00","1.907,00","1.907,00","","-1,09%"
"04.10.2024","1.928,00","1.928,00","1.928,00","1.928,00","","-0,67%"
"03.10.2024","1.941,00","1.941,00","1.941,00","1.941,00","","-1,87%"
"02.10.2024","1.978,00","1.978,00","1.978,00","1.978,00","","-2,56%"
"01.10.2024","2.030,00","2.030,00","2.030,00","2.030,00","","-2,59%"
"30.09.2024","2.084,00","2.084,00","2.084,00","2.084,00","","-1,23%"
"27.09.2024","2.110,00","2.110,00","2.110,00","2.110,00","","0,91%"
"26.09.2024","2.091,00","2.091,00","2.091,00","2.091,00","","3,72%"
"25.09.2024","2.016,00","2.016,00","2.016,00","2.016,00","","0,10%"
"24.09.2024","2.014,00","2.014,00","2.014,00","2.014,00","","0,75%"
"23.09.2024","1.999,00","1.999,00","1.999,00","1.999,00","","1,11%"
"20.09.2024","1.977,00","1.977,00","1.977,00","1.977,00","","0,05%"
"19.09.2024","1.976,00","1.976,00","1.976,00","1.976,00","","4,55%"
"18.09.2024","1.890,00","1.890,00","1.890,00","1.890,00","","-0,58%"
"17.09.2024","1.901,00","1.901,00","1.901,00","1.901,00","","0,26%"
"16.09.2024","1.896,00","1.896,00","1.896,00","1.896,00","","0,32%"
"13.09.2024","1.890,00","1.890,00","1.890,00","1.890,00","","-1,92%"
"12.09.2024","1.927,00","1.927,00","1.927,00","1.927,00","","-1,83%"
"11.09.2024","1.963,00","1.963,00","1.963,00","1.963,00","","1,13%"
"10.09.2024","1.941,00","1.941,00","1.941,00","1.941,00","","-0,87%"
"09.09.2024","1.958,00","1.958,00","1.958,00","1.958,00","","0,88%"
"06.09.2024","1.941,00","1.941,00","1.941,00","1.941,00","","1,15%"
"05.09.2024","1.919,00","1.919,00","1.919,00","1.919,00","","0,89%"
"04.09.2024","1.902,00","1.902,00","1.902,00","1.902,00","","-2,31%"
"03.09.2024","1.947,00","1.947,00","1.947,00","1.947,00","","1,46%"
"02.09.2024","1.919,00","1.919,00","1.919,00","1.919,00","","5,79%"
"30.08.2024","1.814,00","1.814,00","1.814,00","1.814,00","","-0,71%"
"29.08.2024","1.827,00","1.827,00","1.827,00","1.827,00","","4,10%"
"28.08.2024","1.755,00","1.755,00","1.755,00","1.755,00","","1,98%"
"27.08.2024","1.721,00","1.721,00","1.721,00","1.721,00","","-2,33%"
"23.08.2024","1.762,00","1.762,00","1.762,00","1.762,00","","-0,34%"
"22.08.2024","1.768,00","1.768,00","1.768,00","1.768,00","","0,51%"
"21.08.2024","1.759,00","1.759,00","1.759,00","1.759,00","","1,38%"
"20.08.2024","1.735,00","1.735,00","1.735,00","1.735,00","","1,58%"
"19.08.2024","1.708,00","1.708,00","1.708,00","1.708,00","","1,01%"
"16.08.2024","1.691,00","1.691,00","1.691,00","1.691,00","","-0,06%"
"15.08.2024","1.692,00","1.692,00","1.692,00","1.692,00","","-2,08%"
"14.08.2024","1.728,00","1.728,00","1.728,00","1.728,00","","3,47%"
"13.08.2024","1.670,00","1.670,00","1.670,00","1.670,00","","0,91%"
"12.08.2024","1.655,00","1.655,00","1.655,00","1.655,00","","-0,90%"
"09.08.2024","1.670,00","1.670,00","1.670,00","1.670,00","","-0,77%"
"08.08.2024","1.683,00","1.683,00","1.683,00","1.683,00","","-0,88%"
"07.08.2024","1.698,00","1.698,00","1.698,00","1.698,00","","0,77%"
"06.08.2024","1.685,00","1.685,00","1.685,00","1.685,00","","0,48%"
"05.08.2024","1.677,00","1.677,00","1.677,00","1.677,00","","0,12%"
"02.08.2024","1.675,00","1.675,00","1.675,00","1.675,00","","0,42%"
"01.08.2024","1.668,00","1.668,00","1.668,00","1.668,00","","-2,34%"
"31.07.2024","1.708,00","1.708,00","1.708,00","1.708,00","","-3,06%"
"30.07.2024","1.762,00","1.762,00","1.762,00","1.762,00","","-1,95%"
"29.07.2024","1.797,00","1.797,00","1.797,00","1.797,00","","-0,61%"
"26.07.2024","1.808,00","1.808,00","1.808,00","1.808,00","","-1,42%"
"25.07.2024","1.834,00","1.834,00","1.834,00","1.834,00","","-1,61%"
"24.07.2024","1.864,00","1.864,00","1.864,00","1.864,00","","-0,27%"
"23.07.2024","1.869,00","1.869,00","1.869,00","1.869,00","","-1,42%"
"22.07.2024","1.896,00","1.896,00","1.896,00","1.896,00","","-0,32%"
"19.07.2024","1.902,00","1.902,00","1.902,00","1.902,00","","-0,52%"
"18.07.2024","1.912,00","1.912,00","1.912,00","1.912,00","","1,16%"
"17.07.2024","1.890,00","1.890,00","1.890,00","1.890,00","","-2,68%"
"16.07.2024","1.942,00","1.942,00","1.942,00","1.942,00","","-2,56%"
"15.07.2024","1.993,00","1.993,00","1.993,00","1.993,00","","-0,20%"
"12.07.2024","1.997,00","1.997,00","1.997,00","1.997,00","","2,57%"
"11.07.2024","1.947,00","1.947,00","1.947,00","1.947,00","","0,41%"
"10.07.2024","1.939,00","1.939,00","1.939,00","1.939,00","","2,38%"
"09.07.2024","1.894,00","1.894,00","1.894,00","1.894,00","","-2,37%"
"08.07.2024","1.940,00","1.940,00","1.940,00","1.940,00","","-1,32%"
"05.07.2024","1.966,00","1.966,00","1.966,00","1.966,00","","-2,72%"
"04.07.2024","2.021,00","2.021,00","2.021,00","2.021,00","","-2,08%"
"03.07.2024","2.064,00","2.064,00","2.064,00","2.064,00","","-5,28%"
"02.07.2024","2.179,00","2.179,00","2.179,00","2.179,00","","0,97%"
"01.07.2024","2.158,00","2.158,00","2.158,00","2.158,00","","5,27%"
"28.06.2024","2.050,00","2.050,00","2.050,00","2.050,00","","0,94%"
"27.06.2024","2.031,00","2.031,00","2.031,00","2.031,00","","3,41%"
"26.06.2024","1.964,00","1.964,00","1.964,00","1.964,00","","1,97%"
"25.06.2024","1.926,00","1.926,00","1.926,00","1.926,00","","-2,38%"
"24.06.2024","1.973,00","1.973,00","1.973,00","1.973,00","","-1,20%"
"21.06.2024","1.997,00","1.997,00","1.997,00","1.997,00","","0,66%"
"20.06.2024","1.984,00","1.984,00","1.984,00","1.984,00","","2,11%"
"19.06.2024","1.943,00","1.943,00","1.943,00","1.943,00","","-0,92%"
"18.06.2024","1.961,00","1.961,00","1.961,00","1.961,00","","0,67%"
"17.06.2024","1.948,00","1.948,00","1.948,00","1.948,00","","0,00%"
"14.06.2024","1.948,00","1.948,00","1.948,00","1.948,00","","0,31%"
"13.06.2024","1.942,00","1.942,00","1.942,00","1.942,00","","5,77%"
"12.06.2024","1.836,00","1.836,00","1.836,00","1.836,00","","0,27%"
"11.06.2024","1.831,00","1.831,00","1.831,00","1.831,00","","-2,76%"
"10.06.2024","1.883,00","1.883,00","1.883,00","1.883,00","","0,11%"
"07.06.2024","1.881,00","1.881,00","1.881,00","1.881,00","","0,64%"
"06.06.2024","1.869,00","1.869,00","1.869,00","1.869,00","","0,92%"
"05.06.2024","1.852,00","1.852,00","1.852,00","1.852,00","","2,15%"
"04.06.2024","1.813,00","1.813,00","1.813,00","1.813,00","","0,28%"
"03.06.2024","1.808,00","1.808,00","1.808,00","1.808,00","","-0,39%"
"31.05.2024","1.815,00","1.815,00","1.815,00","1.815,00","","0,78%"
"30.05.2024","1.801,00","1.801,00","1.801,00","1.801,00","","0,61%"
"29.05.2024","1.790,00","1.790,00","1.790,00","1.790,00","","0,34%"
"28.05.2024","1.784,00","1.784,00","1.784,00","1.784,00","","-0,72%"
"24.05.2024","1.797,00","1.797,00","1.797,00","1.797,00","","0,06%"
"23.05.2024","1.796,00","1.796,00","1.796,00","1.796,00","","-0,44%"
"22.05.2024","1.804,00","1.804,00","1.804,00","1.804,00","","-1,37%"
"21.05.2024","1.829,00","1.829,00","1.829,00","1.829,00","","-0,97%"
"20.05.2024","1.847,00","1.847,00","1.847,00","1.847,00","","0,16%"
"17.05.2024","1.844,00","1.844,00","1.844,00","1.844,00","","1,49%"
"16.05.2024","1.817,00","1.817,00","1.817,00","1.817,00","","-3,81%"
"15.05.2024","1.889,00","1.889,00","1.889,00","1.889,00","","-5,22%"
"14.05.2024","1.993,00","1.993,00","1.993,00","1.993,00","","-3,53%"
"13.05.2024","2.066,00","2.066,00","2.066,00","2.066,00","","-2,96%"
"10.05.2024","2.129,00","2.129,00","2.129,00","2.129,00","","-1,71%"
"09.05.2024","2.166,00","2.166,00","2.166,00","2.166,00","","-1,68%"
"08.05.2024","2.203,00","2.203,00","2.203,00","2.203,00","","5,76%"
"07.05.2024","2.083,00","2.083,00","2.083,00","2.083,00","","11,03%"
"03.05.2024","1.876,00","1.876,00","1.876,00","1.876,00","","5,75%"
"02.05.2024","1.774,00","1.774,00","1.774,00","1.774,00","","5,09%"
"01.05.2024","1.688,00","1.688,00","1.688,00","1.688,00","","0,18%"
"30.04.2024","1.685,00","1.685,00","1.685,00","1.685,00","","0,06%"
"29.04.2024","1.684,00","1.684,00","1.684,00","1.684,00","","-2,15%"
"26.04.2024","1.721,00","1.721,00","1.721,00","1.721,00","","-1,26%"
"25.04.2024","1.743,00","1.743,00","1.743,00","1.743,00","","-1,75%"
"24.04.2024","1.774,00","1.774,00","1.774,00","1.774,00","","-1,66%"
"23.04.2024","1.804,00","1.804,00","1.804,00","1.804,00","","-4,14%"
"22.04.2024","1.882,00","1.882,00","1.882,00","1.882,00","","-1,93%"
"19.04.2024","1.919,00","1.919,00","1.919,00","1.919,00","","0,95%"
"18.04.2024","1.901,00","1.901,00","1.901,00","1.901,00","","3,09%"
"17.04.2024","1.844,00","1.844,00","1.844,00","1.844,00","","3,65%"
"16.04.2024","1.779,00","1.779,00","1.779,00","1.779,00","","2,83%"
"15.04.2024","1.730,00","1.730,00","1.730,00","1.730,00","","0,06%"
"12.04.2024","1.729,00","1.729,00","1.729,00","1.729,00","","2,31%"
"11.04.2024","1.690,00","1.690,00","1.690,00","1.690,00","","6,49%"
"10.04.2024","1.587,00","1.587,00","1.587,00","1.587,00","","1,08%"
"09.04.2024","1.570,00","1.570,00","1.570,00","1.570,00","","-1,51%"
"08.04.2024","1.594,00","1.594,00","1.594,00","1.594,00","","-2,09%"
"05.04.2024","1.628,00","1.628,00","1.628,00","1.628,00","","-2,46%"
"04.04.2024","1.669,00","1.669,00","1.669,00","1.669,00","","-2,45%"
"03.04.2024","1.711,00","1.711,00","1.711,00","1.711,00","","-0,18%"
"02.04.2024","1.714,00","1.714,00","1.714,00","1.714,00","","-5,88%"
"28.03.2024","1.821,00","1.821,00","1.821,00","1.821,00","","-1,30%"
"27.03.2024","1.845,00","1.845,00","1.845,00","1.845,00","","-7,24%"
"26.03.2024","1.989,00","1.989,00","1.989,00","1.989,00","","-6,31%"
"25.03.2024","2.123,00","2.123,00","2.123,00","2.123,00","","-3,32%"
"22.03.2024","2.196,00","2.196,00","2.196,00","2.196,00","","-1,96%"
"21.03.2024","2.240,00","2.240,00","2.240,00","2.240,00","","-1,93%"
"20.03.2024","2.284,00","2.284,00","2.284,00","2.284,00","","-4,52%"
"19.03.2024","2.392,00","2.392,00","2.392,00","2.392,00","","-1,12%"
"18.03.2024","2.419,00","2.419,00","2.419,00","2.419,00","","1,90%"
"15.03.2024","2.374,00","2.374,00","2.374,00","2.374,00","","1,02%"
"14.03.2024","2.350,00","2.350,00","2.350,00","2.350,00","","-0,84%"
"13.03.2024","2.370,00","2.370,00","2.370,00","2.370,00","","2,38%"
"12.03.2024","2.315,00","2.315,00","2.315,00","2.315,00","","-2,61%"
"11.03.2024","2.377,00","2.377,00","2.377,00","2.377,00","","1,36%"
"08.03.2024","2.345,00","2.345,00","2.345,00","2.345,00","","4,18%"
"07.03.2024","2.251,00","2.251,00","2.251,00","2.251,00","","3,45%"
"06.03.2024","2.176,00","2.176,00","2.176,00","2.176,00","","-5,02%"
"05.03.2024","2.291,00","2.291,00","2.291,00","2.291,00","","-0,26%"
"04.03.2024","2.297,00","2.297,00","2.297,00","2.297,00","","4,27%"
"01.03.2024","2.203,00","2.203,00","2.203,00","2.203,00","","4,36%"
"29.02.2024","2.111,00","2.111,00","2.111,00","2.111,00","","3,43%"
"28.02.2024","2.041,00","2.041,00","2.041,00","2.041,00","","7,48%"
"27.02.2024","1.899,00","1.899,00","1.899,00","1.899,00","","1,50%"
"26.02.2024","1.871,00","1.871,00","1.871,00","1.871,00","","0,27%"
"23.02.2024","1.866,00","1.866,00","1.866,00","1.866,00","","6,51%"
"22.02.2024","1.752,00","1.752,00","1.752,00","1.752,00","","4,53%"
"21.02.2024","1.676,00","1.676,00","1.676,00","1.676,00","","2,70%"
"20.02.2024","1.632,00","1.632,00","1.632,00","1.632,00","","0,18%"
"19.02.2024","1.629,00","1.629,00","1.629,00","1.629,00","","1,18%"
"16.02.2024","1.610,00","1.610,00","1.610,00","1.610,00","","1,83%"
"15.02.2024","1.581,00","1.581,00","1.581,00","1.581,00","","-0,06%"
"14.02.2024","1.582,00","1.582,00","1.582,00","1.582,00","","-0,19%"
"13.02.2024","1.585,00","1.585,00","1.585,00","1.585,00","","0,83%"
"12.02.2024","1.572,00","1.572,00","1.572,00","1.572,00","","1,75%"
"09.02.2024","1.545,00","1.545,00","1.545,00","1.545,00","","4,89%"
"08.02.2024","1.473,00","1.473,00","1.473,00","1.473,00","","-0,94%"
"07.02.2024","1.487,00","1.487,00","1.487,00","1.487,00","","-1,91%"
"06.02.2024","1.516,00","1.516,00","1.516,00","1.516,00","","5,57%"
"05.02.2024","1.436,00","1.436,00","1.436,00","1.436,00","","2,06%"
"02.02.2024","1.407,00","1.407,00","1.407,00","1.407,00","","1,37%"
"01.02.2024","1.388,00","1.388,00","1.388,00","1.388,00","","-0,72%"
"31.01.2024","1.398,00","1.398,00","1.398,00","1.398,00","","0,07%"
"30.01.2024","1.397,00","1.397,00","1.397,00","1.397,00","","-4,32%"
"29.01.2024","1.460,00","1.460,00","1.460,00","1.460,00","","-3,82%"
"26.01.2024","1.518,00","1.518,00","1.518,00","1.518,00","","1,27%"
"25.01.2024","1.499,00","1.499,00","1.499,00","1.499,00","","-0,53%"
"24.01.2024","1.507,00","1.507,00","1.507,00","1.507,00","","2,31%"
"23.01.2024","1.473,00","1.473,00","1.473,00","1.473,00","","-2,96%"
"22.01.2024","1.518,00","1.518,00","1.518,00","1.518,00","","1,00%"
"19.01.2024","1.503,00","1.503,00","1.503,00","1.503,00","","10,76%"
"18.01.2024","1.357,00","1.357,00","1.357,00","1.357,00","","3,75%"
"17.01.2024","1.308,00","1.308,00","1.308,00","1.308,00","","-1,21%"
"16.01.2024","1.324,00","1.324,00","1.324,00","1.324,00","","-2,65%"
"15.01.2024","1.360,00","1.360,00","1.360,00","1.360,00","","-6,85%"
"12.01.2024","1.460,00","1.460,00","1.460,00","1.460,00","","-6,05%"
"11.01.2024","1.554,00","1.554,00","1.554,00","1.554,00","","-6,61%"
"10.01.2024","1.664,00","1.664,00","1.664,00","1.664,00","","-11,25%"
"09.01.2024","1.875,00","1.875,00","1.875,00","1.875,00","","-7,27%"
"08.01.2024","2.022,00","2.022,00","2.022,00","2.022,00","","-4,17%"
"05.01.2024","2.110,00","2.110,00","2.110,00","2.110,00","","1,15%"
"04.01.2024","2.086,00","2.086,00","2.086,00","2.086,00","","-0,24%"
"03.01.2024","2.091,00","2.091,00","2.091,00","2.091,00","","-0,10%"
"02.01.2024","2.093,00","2.093,00","2.093,00","2.093,00","","-0,05%"
"22.12.2023","2.094,00","2.094,00","2.094,00","2.094,00","","0,34%"
"21.12.2023","2.087,00","2.087,00","2.087,00","2.087,00","","-2,93%"
"20.12.2023","2.150,00","2.150,00","2.150,00","2.150,00","","-3,11%"
"19.12.2023","2.219,00","2.219,00","2.219,00","2.219,00","","-3,02%"
"18.12.2023","2.288,00","2.288,00","2.288,00","2.288,00","","-2,56%"
"15.12.2023","2.348,00","2.348,00","2.348,00","2.348,00","","-2,61%"
"14.12.2023","2.411,00","2.411,00","2.411,00","2.411,00","","-1,11%"
"13.12.2023","2.438,00","2.438,00","2.438,00","2.438,00","","-4,43%"
"12.12.2023","2.551,00","2.551,00","2.551,00","2.551,00","","1,67%"
"11.12.2023","2.509,00","2.509,00","2.509,00","2.509,00","","1,05%"
"08.12.2023","2.483,00","2.483,00","2.483,00","2.483,00","","-0,48%"
"07.12.2023","2.495,00","2.495,00","2.495,00","2.495,00","","-12,39%"
"06.12.2023","2.848,00","2.848,00","2.848,00","2.848,00","","-9,39%"
"05.12.2023","3.143,00","3.143,00","3.143,00","3.143,00","","-6,07%"
"04.12.2023","3.346,00","3.346,00","3.346,00","3.346,00","","4,82%"
"01.12.2023","3.192,00","3.192,00","3.192,00","3.192,00","","8,68%"
"30.11.2023","2.937,00","2.937,00","2.937,00","2.937,00","","8,94%"
"29.11.2023","2.696,00","2.696,00","2.696,00","2.696,00","","12,76%"
"28.11.2023","2.391,00","2.391,00","2.391,00","2.391,00","","5,84%"
"27.11.2023","2.259,00","2.259,00","2.259,00","2.259,00","","7,47%"
"24.11.2023","2.102,00","2.102,00","2.102,00","2.102,00","","13,32%"
"23.11.2023","1.855,00","1.855,00","1.855,00","1.855,00","","5,70%"
"22.11.2023","1.755,00","1.755,00","1.755,00","1.755,00","","-2,28%"
"21.11.2023","1.796,00","1.796,00","1.796,00","1.796,00","","-1,16%"
"20.11.2023","1.817,00","1.817,00","1.817,00","1.817,00","","-0,16%"
"17.11.2023","1.820,00","1.820,00","1.820,00","1.820,00","","3,53%"
"16.11.2023","1.758,00","1.758,00","1.758,00","1.758,00","","4,15%"
"15.11.2023","1.688,00","1.688,00","1.688,00","1.688,00","","1,56%"
"14.11.2023","1.662,00","1.662,00","1.662,00","1.662,00","","0,42%"
"13.11.2023","1.655,00","1.655,00","1.655,00","1.655,00","","0,73%"
"10.11.2023","1.643,00","1.643,00","1.643,00","1.643,00","","2,82%"
"09.11.2023","1.598,00","1.598,00","1.598,00","1.598,00","","4,44%"
"08.11.2023","1.530,00","1.530,00","1.530,00","1.530,00","","-1,86%"
"07.11.2023","1.559,00","1.559,00","1.559,00","1.559,00","","2,36%"
"06.11.2023","1.523,00","1.523,00","1.523,00","1.523,00","","4,17%"
"03.11.2023","1.462,00","1.462,00","1.462,00","1.462,00","","5,56%"
"02.11.2023","1.385,00","1.385,00","1.385,00","1.385,00","","-1,14%"
"01.11.2023","1.401,00","1.401,00","1.401,00","1.401,00","","-3,98%"
"31.10.2023","1.459,00","1.459,00","1.459,00","1.459,00","","-2,86%"
"30.10.2023","1.502,00","1.502,00","1.502,00","1.502,00","","-3,90%"
"27.10.2023","1.563,00","1.563,00","1.563,00","1.563,00","","-5,96%"
"26.10.2023","1.662,00","1.662,00","1.662,00","1.662,00","","-9,28%"
"25.10.2023","1.832,00","1.832,00","1.832,00","1.832,00","","-6,00%"
"24.10.2023","1.949,00","1.949,00","1.949,00","1.949,00","","-3,37%"
"23.10.2023","2.017,00","2.017,00","2.017,00","2.017,00","","-1,42%"
"20.10.2023","2.046,00","2.046,00","2.046,00","2.046,00","","-1,21%"
"19.10.2023","2.071,00","2.071,00","2.071,00","2.071,00","","-1,62%"
"18.10.2023","2.105,00","2.105,00","2.105,00","2.105,00","","2,28%"
"17.10.2023","2.058,00","2.058,00","2.058,00","2.058,00","","4,36%"
"16.10.2023","1.972,00","1.972,00","1.972,00","1.972,00","","1,39%"
"13.10.2023","1.945,00","1.945,00","1.945,00","1.945,00","","0,52%"
"12.10.2023","1.935,00","1.935,00","1.935,00","1.935,00","","-0,67%"
"11.10.2023","1.948,00","1.948,00","1.948,00","1.948,00","","-1,77%"
"10.10.2023","1.983,00","1.983,00","1.983,00","1.983,00","","-0,40%"
"09.10.2023","1.991,00","1.991,00","1.991,00","1.991,00","","3,21%"
"06.10.2023","1.929,00","1.929,00","1.929,00","1.929,00","","5,58%"
"05.10.2023","1.827,00","1.827,00","1.827,00","1.827,00","","2,76%"
"04.10.2023","1.778,00","1.778,00","1.778,00","1.778,00","","-0,11%"
"03.10.2023","1.780,00","1.780,00","1.780,00","1.780,00","","2,48%"
"02.10.2023","1.737,00","1.737,00","1.737,00","1.737,00","","2,12%"
"29.09.2023","1.701,00","1.701,00","1.701,00","1.701,00","","-0,87%"
"28.09.2023","1.716,00","1.716,00","1.716,00","1.716,00","","-2,05%"
"27.09.2023","1.752,00","1.752,00","1.752,00","1.752,00","","3,42%"
"26.09.2023","1.694,00","1.694,00","1.694,00","1.694,00","","4,96%"
"25.09.2023","1.614,00","1.614,00","1.614,00","1.614,00","","1,32%"
"22.09.2023","1.593,00","1.593,00","1.593,00","1.593,00","","1,53%"
"21.09.2023","1.569,00","1.569,00","1.569,00","1.569,00","","-0,95%"
"20.09.2023","1.584,00","1.584,00","1.584,00","1.584,00","","3,80%"
"19.09.2023","1.526,00","1.526,00","1.526,00","1.526,00","","6,05%"
"18.09.2023","1.439,00","1.439,00","1.439,00","1.439,00","","4,20%"
"15.09.2023","1.381,00","1.381,00","1.381,00","1.381,00","","3,06%"
"14.09.2023","1.340,00","1.340,00","1.340,00","1.340,00","","3,88%"
"13.09.2023","1.290,00","1.290,00","1.290,00","1.290,00","","4,45%"
"12.09.2023","1.235,00","1.235,00","1.235,00","1.235,00","","2,15%"
"11.09.2023","1.209,00","1.209,00","1.209,00","1.209,00","","1,94%"
"08.09.2023","1.186,00","1.186,00","1.186,00","1.186,00","","3,94%"
"07.09.2023","1.141,00","1.141,00","1.141,00","1.141,00","","5,55%"
"06.09.2023","1.081,00","1.081,00","1.081,00","1.081,00","","1,69%"
"05.09.2023","1.063,00","1.063,00","1.063,00","1.063,00","","-1,85%"
"04.09.2023","1.083,00","1.083,00","1.083,00","1.083,00","","1,69%"
"01.09.2023","1.065,00","1.065,00","1.065,00","1.065,00","","-1,93%"
"31.08.2023","1.086,00","1.086,00","1.086,00","1.086,00","","-0,73%"
"30.08.2023","1.094,00","1.094,00","1.094,00","1.094,00","","-1,17%"
"29.08.2023","1.107,00","1.107,00","1.107,00","1.107,00","","2,50%"
"25.08.2023","1.080,00","1.080,00","1.080,00","1.080,00","","-2,70%"
"24.08.2023","1.110,00","1.110,00","1.110,00","1.110,00","","-3,56%"
"23.08.2023","1.151,00","1.151,00","1.151,00","1.151,00","","-3,60%"
"22.08.2023","1.194,00","1.194,00","1.194,00","1.194,00","","-2,37%"
"21.08.2023","1.223,00","1.223,00","1.223,00","1.223,00","","-1,13%"
"18.08.2023","1.237,00","1.237,00","1.237,00","1.237,00","","-0,80%"
"17.08.2023","1.247,00","1.247,00","1.247,00","1.247,00","","1,14%"
"16.08.2023","1.233,00","1.233,00","1.233,00","1.233,00","","5,75%"
"15.08.2023","1.166,00","1.166,00","1.166,00","1.166,00","","2,73%"
"14.08.2023","1.135,00","1.135,00","1.135,00","1.135,00","","0,53%"
"11.08.2023","1.129,00","1.129,00","1.129,00","1.129,00","","-0,70%"
"10.08.2023","1.137,00","1.137,00","1.137,00","1.137,00","","-0,61%"
"09.08.2023","1.144,00","1.144,00","1.144,00","1.144,00","","0,18%"
"08.08.2023","1.142,00","1.142,00","1.142,00","1.142,00","","-0,26%"
"07.08.2023","1.145,00","1.145,00","1.145,00","1.145,00","","0,79%"
"04.08.2023","1.136,00","1.136,00","1.136,00","1.136,00","","0,71%"
"03.08.2023","1.128,00","1.128,00","1.128,00","1.128,00","","0,45%"
"02.08.2023","1.123,00","1.123,00","1.123,00","1.123,00","","-2,35%"
"01.08.2023","1.150,00","1.150,00","1.150,00","1.150,00","","2,04%"
"31.07.2023","1.127,00","1.127,00","1.127,00","1.127,00","","1,53%"
"28.07.2023","1.110,00","1.110,00","1.110,00","1.110,00","","1,19%"
"27.07.2023","1.097,00","1.097,00","1.097,00","1.097,00","","2,81%"
"26.07.2023","1.067,00","1.067,00","1.067,00","1.067,00","","10,91%"
"25.07.2023","962,00","962,00","962,00","962,00","","-0,52%"
"24.07.2023","967,00","967,00","967,00","967,00","","-1,12%"
"21.07.2023","978,00","978,00","978,00","978,00","","0,10%"
"20.07.2023","977,00","977,00","977,00","977,00","","-2,69%"
"19.07.2023","1.004,00","1.004,00","1.004,00","1.004,00","","-3,18%"
"18.07.2023","1.037,00","1.037,00","1.037,00","1.037,00","","-3,36%"
"17.07.2023","1.073,00","1.073,00","1.073,00","1.073,00","","-1,56%"
"14.07.2023","1.090,00","1.090,00","1.090,00","1.090,00","","-1,18%"
"13.07.2023","1.103,00","1.103,00","1.103,00","1.103,00","","1,38%"
"12.07.2023","1.088,00","1.088,00","1.088,00","1.088,00","","5,43%"
"11.07.2023","1.032,00","1.032,00","1.032,00","1.032,00","","0,78%"
"10.07.2023","1.024,00","1.024,00","1.024,00","1.024,00","","1,49%"
"07.07.2023","1.009,00","1.009,00","1.009,00","1.009,00","","1,61%"
"06.07.2023","993,00","993,00","993,00","993,00","","-0,10%"
"05.07.2023","994,00","994,00","994,00","994,00","","-4,79%"
"04.07.2023","1.044,00","1.044,00","1.044,00","1.044,00","","-2,25%"
"03.07.2023","1.068,00","1.068,00","1.068,00","1.068,00","","-2,11%"
"30.06.2023","1.091,00","1.091,00","1.091,00","1.091,00","","-1,89%"
"29.06.2023","1.112,00","1.112,00","1.112,00","1.112,00","","-2,28%"
"28.06.2023","1.138,00","1.138,00","1.138,00","1.138,00","","-3,80%"
"27.06.2023","1.183,00","1.183,00","1.183,00","1.183,00","","-4,06%"
"26.06.2023","1.233,00","1.233,00","1.233,00","1.233,00","","-0,56%"
"23.06.2023","1.240,00","1.240,00","1.240,00","1.240,00","","1,97%"
"22.06.2023","1.216,00","1.216,00","1.216,00","1.216,00","","6,85%"
"21.06.2023","1.138,00","1.138,00","1.138,00","1.138,00","","5,57%"
"20.06.2023","1.078,00","1.078,00","1.078,00","1.078,00","","1,22%"
"19.06.2023","1.065,00","1.065,00","1.065,00","1.065,00","","-1,02%"
"16.06.2023","1.076,00","1.076,00","1.076,00","1.076,00","","-1,65%"
"15.06.2023","1.094,00","1.094,00","1.094,00","1.094,00","","1,39%"
"14.06.2023","1.079,00","1.079,00","1.079,00","1.079,00","","0,47%"
"13.06.2023","1.074,00","1.074,00","1.074,00","1.074,00","","1,70%"
"12.06.2023","1.056,00","1.056,00","1.056,00","1.056,00","","0,09%"
"09.06.2023","1.055,00","1.055,00","1.055,00","1.055,00","","1,44%"
"08.06.2023","1.040,00","1.040,00","1.040,00","1.040,00","","1,96%"
"07.06.2023","1.020,00","1.020,00","1.020,00","1.020,00","","0,39%"
"06.06.2023","1.016,00","1.016,00","1.016,00","1.016,00","","8,20%"
"05.06.2023","939,00","939,00","939,00","939,00","","2,18%"
"02.06.2023","919,00","919,00","919,00","919,00","","-1,92%"
"01.06.2023","937,00","937,00","937,00","937,00","","-4,09%"
"31.05.2023","977,00","977,00","977,00","977,00","","-13,00%"
"30.05.2023","1.123,00","1.123,00","1.123,00","1.123,00","","-4,18%"
"26.05.2023","1.172,00","1.172,00","1.172,00","1.172,00","","-3,54%"
"25.05.2023","1.215,00","1.215,00","1.215,00","1.215,00","","-6,18%"
"24.05.2023","1.295,00","1.295,00","1.295,00","1.295,00","","-3,93%"
"23.05.2023","1.348,00","1.348,00","1.348,00","1.348,00","","-1,25%"
"22.05.2023","1.365,00","1.365,00","1.365,00","1.365,00","","-1,37%"
"19.05.2023","1.384,00","1.384,00","1.384,00","1.384,00","","-1,28%"
"18.05.2023","1.402,00","1.402,00","1.402,00","1.402,00","","-1,61%"
"17.05.2023","1.425,00","1.425,00","1.425,00","1.425,00","","-3,46%"
"16.05.2023","1.476,00","1.476,00","1.476,00","1.476,00","","-3,02%"
"15.05.2023","1.522,00","1.522,00","1.522,00","1.522,00","","-2,31%"
"12.05.2023","1.558,00","1.558,00","1.558,00","1.558,00","","-3,11%"
"11.05.2023","1.608,00","1.608,00","1.608,00","1.608,00","","-1,95%"
"10.05.2023","1.640,00","1.640,00","1.640,00","1.640,00","","2,63%"
"09.05.2023","1.598,00","1.598,00","1.598,00","1.598,00","","2,57%"
"05.05.2023","1.558,00","1.558,00","1.558,00","1.558,00","","0,84%"
"04.05.2023","1.545,00","1.545,00","1.545,00","1.545,00","","-0,83%"
"03.05.2023","1.558,00","1.558,00","1.558,00","1.558,00","","0,39%"
"02.05.2023","1.552,00","1.552,00","1.552,00","1.552,00","","-1,52%"
"28.04.2023","1.576,00","1.576,00","1.576,00","1.576,00","","-0,32%"
"27.04.2023","1.581,00","1.581,00","1.581,00","1.581,00","","2,93%"
"26.04.2023","1.536,00","1.536,00","1.536,00","1.536,00","","1,72%"
"25.04.2023","1.510,00","1.510,00","1.510,00","1.510,00","","-0,46%"
"24.04.2023","1.517,00","1.517,00","1.517,00","1.517,00","","0,86%"
"21.04.2023","1.504,00","1.504,00","1.504,00","1.504,00","","5,03%"
"20.04.2023","1.432,00","1.432,00","1.432,00","1.432,00","","4,37%"
"19.04.2023","1.372,00","1.372,00","1.372,00","1.372,00","","0,29%"
"18.04.2023","1.368,00","1.368,00","1.368,00","1.368,00","","-3,12%"
"17.04.2023","1.412,00","1.412,00","1.412,00","1.412,00","","-1,60%"
"14.04.2023","1.435,00","1.435,00","1.435,00","1.435,00","","-1,91%"
"13.04.2023","1.463,00","1.463,00","1.463,00","1.463,00","","0,00%"
"12.04.2023","1.463,00","1.463,00","1.463,00","1.463,00","","-2,92%"
"11.04.2023","1.507,00","1.507,00","1.507,00","1.507,00","","-3,40%"
"06.04.2023","1.560,00","1.560,00","1.560,00","1.560,00","","2,30%"
"05.04.2023","1.525,00","1.525,00","1.525,00","1.525,00","","3,53%"
"04.04.2023","1.473,00","1.473,00","1.473,00","1.473,00","","4,32%"
"03.04.2023","1.412,00","1.412,00","1.412,00","1.412,00","","1,66%"
"31.03.2023","1.389,00","1.389,00","1.389,00","1.389,00","","-1,00%"
"30.03.2023","1.403,00","1.403,00","1.403,00","1.403,00","","-0,28%"
"29.03.2023","1.407,00","1.407,00","1.407,00","1.407,00","","0,36%"
"28.03.2023","1.402,00","1.402,00","1.402,00","1.402,00","","-3,71%"
"27.03.2023","1.456,00","1.456,00","1.456,00","1.456,00","","-2,22%"
"24.03.2023","1.489,00","1.489,00","1.489,00","1.489,00","","0,34%"
"23.03.2023","1.484,00","1.484,00","1.484,00","1.484,00","","1,92%"
"22.03.2023","1.456,00","1.456,00","1.456,00","1.456,00","","-3,70%"
"21.03.2023","1.512,00","1.512,00","1.512,00","1.512,00","","-1,95%"
"20.03.2023","1.542,00","1.542,00","1.542,00","1.542,00","","0,46%"
"17.03.2023","1.535,00","1.535,00","1.535,00","1.535,00","","-1,60%"
"16.03.2023","1.560,00","1.560,00","1.560,00","1.560,00","","-2,68%"
"15.03.2023","1.603,00","1.603,00","1.603,00","1.603,00","","1,01%"
"14.03.2023","1.587,00","1.587,00","1.587,00","1.587,00","","8,33%"
"13.03.2023","1.465,00","1.465,00","1.465,00","1.465,00","","2,88%"
"10.03.2023","1.424,00","1.424,00","1.424,00","1.424,00","","3,26%"
"09.03.2023","1.379,00","1.379,00","1.379,00","1.379,00","","3,92%"
"08.03.2023","1.327,00","1.327,00","1.327,00","1.327,00","","2,23%"
"07.03.2023","1.298,00","1.298,00","1.298,00","1.298,00","","3,18%"
"06.03.2023","1.258,00","1.258,00","1.258,00","1.258,00","","3,88%"
"03.03.2023","1.211,00","1.211,00","1.211,00","1.211,00","","5,76%"
"02.03.2023","1.145,00","1.145,00","1.145,00","1.145,00","","4,19%"
"01.03.2023","1.099,00","1.099,00","1.099,00","1.099,00","","11,01%"
"28.02.2023","990,00","990,00","990,00","990,00","","5,88%"
"27.02.2023","935,00","935,00","935,00","935,00","","5,89%"
"24.02.2023","883,00","883,00","883,00","883,00","","8,21%"
"23.02.2023","816,00","816,00","816,00","816,00","","21,07%"
"22.02.2023","674,00","674,00","674,00","674,00","","13,47%"
"21.02.2023","594,00","594,00","594,00","594,00","","7,61%"
"20.02.2023","552,00","552,00","552,00","552,00","","2,60%"
"17.02.2023","538,00","538,00","538,00","538,00","","1,51%"
"16.02.2023","530,00","530,00","530,00","530,00","","-2,03%"
"15.02.2023","541,00","541,00","541,00","541,00","","-3,91%"
"14.02.2023","563,00","563,00","563,00","563,00","","-8,60%"
"13.02.2023","616,00","616,00","616,00","616,00","","2,33%"
"10.02.2023","602,00","602,00","602,00","602,00","","1,69%"
"09.02.2023","592,00","592,00","592,00","592,00","","-1,82%"
"08.02.2023","603,00","603,00","603,00","603,00","","0,33%"
"07.02.2023","601,00","601,00","601,00","601,00","","-1,15%"
"06.02.2023","608,00","608,00","608,00","608,00","","-2,09%"
"03.02.2023","621,00","621,00","621,00","621,00","","-2,97%"
"02.02.2023","640,00","640,00","640,00","640,00","","-4,19%"
"01.02.2023","668,00","668,00","668,00","668,00","","-1,91%"
"31.01.2023","681,00","681,00","681,00","681,00","","0,15%"
"30.01.2023","680,00","680,00","680,00","680,00","","0,59%"
"27.01.2023","676,00","676,00","676,00","676,00","","-0,15%"
"26.01.2023","677,00","677,00","677,00","677,00","","-3,70%"
"25.01.2023","703,00","703,00","703,00","703,00","","-2,50%"
"24.01.2023","721,00","721,00","721,00","721,00","","-2,57%"
"23.01.2023","740,00","740,00","740,00","740,00","","-3,01%"
"20.01.2023","763,00","763,00","763,00","763,00","","-4,74%"
"19.01.2023","801,00","801,00","801,00","801,00","","-8,35%"
"18.01.2023","874,00","874,00","874,00","874,00","","-5,10%"
"17.01.2023","921,00","921,00","921,00","921,00","","-2,64%"
"16.01.2023","946,00","946,00","946,00","946,00","","0,00%"
"13.01.2023","946,00","946,00","946,00","946,00","","-3,07%"
"12.01.2023","976,00","976,00","976,00","976,00","","-6,42%"
"11.01.2023","1.043,00","1.043,00","1.043,00","1.043,00","","-4,84%"
"10.01.2023","1.096,00","1.096,00","1.096,00","1.096,00","","-3,78%"
"09.01.2023","1.139,00","1.139,00","1.139,00","1.139,00","","0,80%"
"06.01.2023","1.130,00","1.130,00","1.130,00","1.130,00","","-1,40%"
"05.01.2023","1.146,00","1.146,00","1.146,00","1.146,00","","-2,55%"
"04.01.2023","1.176,00","1.176,00","1.176,00","1.176,00","","-5,92%"
"03.01.2023","1.250,00","1.250,00","1.250,00","1.250,00","","-17,49%"
"23.12.2022","1.515,00","1.515,00","1.515,00","1.515,00","","-8,18%"
"22.12.2022","1.650,00","1.650,00","1.650,00","1.650,00","","-4,24%"
"21.12.2022","1.723,00","1.723,00","1.723,00","1.723,00","","7,96%"
"20.12.2022","1.596,00","1.596,00","1.596,00","1.596,00","","3,10%"
"19.12.2022","1.548,00","1.548,00","1.548,00","1.548,00","","-0,77%"
"16.12.2022","1.560,00","1.560,00","1.560,00","1.560,00","","2,09%"
"15.12.2022","1.528,00","1.528,00","1.528,00","1.528,00","","9,06%"
"14.12.2022","1.401,00","1.401,00","1.401,00","1.401,00","","3,24%"
"13.12.2022","1.357,00","1.357,00","1.357,00","1.357,00","","-0,29%"
"12.12.2022","1.361,00","1.361,00","1.361,00","1.361,00","","-1,80%"
"09.12.2022","1.386,00","0,00","0,00","0,00","","0,07%"
"08.12.2022","1.385,00","1.385,00","1.385,00","1.385,00","","0,87%"
"07.12.2022","1.373,00","1.373,00","1.373,00","1.373,00","","2,46%"
"06.12.2022","1.340,00","1.340,00","1.340,00","1.340,00","","1,28%"
"05.12.2022","1.323,00","1.323,00","1.323,00","1.323,00","","-0,08%"
"02.12.2022","1.324,00","1.324,00","1.324,00","1.324,00","","-1,05%"
"01.12.2022","1.338,00","1.338,00","1.338,00","1.338,00","","-1,25%"
"30.11.2022","1.355,00","1.355,00","1.355,00","1.355,00","","2,11%"
"29.11.2022","1.327,00","1.327,00","1.327,00","1.327,00","","-1,48%"
"28.11.2022","1.347,00","1.347,00","1.347,00","1.347,00","","1,74%"
"25.11.2022","1.324,00","1.324,00","1.324,00","1.324,00","","6,60%"
"24.11.2022","1.242,00","1.242,00","1.242,00","1.242,00","","4,90%"
"23.11.2022","1.184,00","1.184,00","1.184,00","1.184,00","","3,05%"
"22.11.2022","1.149,00","1.149,00","1.149,00","1.149,00","","-2,38%"
"21.11.2022","1.177,00","1.177,00","1.177,00","1.177,00","","-1,01%"
"18.11.2022","1.189,00","1.189,00","1.189,00","1.189,00","","-3,18%"
"17.11.2022","1.228,00","1.228,00","1.228,00","1.228,00","","-4,66%"
"16.11.2022","1.288,00","1.288,00","1.288,00","1.288,00","","-0,92%"
"15.11.2022","1.300,00","1.300,00","1.300,00","1.300,00","","-1,89%"
"14.11.2022","1.325,00","1.325,00","1.325,00","1.325,00","","-2,21%"
"11.11.2022","1.355,00","1.355,00","1.355,00","1.355,00","","-2,52%"
"10.11.2022","1.390,00","1.390,00","1.390,00","1.390,00","","-0,22%"
"09.11.2022","1.393,00","1.393,00","1.393,00","1.393,00","","2,73%"
"08.11.2022","1.356,00","1.356,00","1.356,00","1.356,00","","1,42%"
"07.11.2022","1.337,00","1.337,00","1.337,00","1.337,00","","1,06%"
"04.11.2022","1.323,00","1.323,00","1.323,00","1.323,00","","2,56%"
"03.11.2022","1.290,00","1.290,00","1.290,00","1.290,00","","-2,35%"
"02.11.2022","1.321,00","1.321,00","1.321,00","1.321,00","","-4,07%"
"01.11.2022","1.377,00","1.377,00","1.377,00","1.377,00","","-5,88%"
"31.10.2022","1.463,00","1.463,00","1.463,00","1.463,00","","-4,63%"
"28.10.2022","1.534,00","1.534,00","1.534,00","1.534,00","","-4,84%"
"27.10.2022","1.612,00","1.612,00","1.612,00","1.612,00","","-5,51%"
"26.10.2022","1.706,00","1.706,00","1.706,00","1.706,00","","-2,79%"
"25.10.2022","1.755,00","1.755,00","1.755,00","1.755,00","","-2,34%"
"24.10.2022","1.797,00","1.797,00","1.797,00","1.797,00","","-1,21%"
"21.10.2022","1.819,00","1.819,00","1.819,00","1.819,00","","-0,98%"
"20.10.2022","1.837,00","1.837,00","1.837,00","1.837,00","","-1,82%"
"19.10.2022","1.871,00","1.871,00","1.871,00","1.871,00","","-0,21%"
"18.10.2022","1.875,00","1.875,00","1.875,00","1.875,00","","1,74%"
"17.10.2022","1.843,00","1.843,00","1.843,00","1.843,00","","0,27%"
"14.10.2022","1.838,00","1.838,00","1.838,00","1.838,00","","1,10%"
"13.10.2022","1.818,00","1.818,00","1.818,00","1.818,00","","-2,94%"
"12.10.2022","1.873,00","1.873,00","1.873,00","1.873,00","","-1,63%"
"11.10.2022","1.904,00","1.904,00","1.904,00","1.904,00","","-2,06%"
"10.10.2022","1.944,00","1.944,00","1.944,00","1.944,00","","-0,87%"
"07.10.2022","1.961,00","1.961,00","1.961,00","1.961,00","","-1,56%"
"06.10.2022","1.992,00","1.992,00","1.992,00","1.992,00","","-0,20%"
"05.10.2022","1.996,00","1.996,00","1.996,00","1.996,00","","7,02%"
"04.10.2022","1.865,00","1.865,00","1.865,00","1.865,00","","4,31%"
"03.10.2022","1.788,00","1.788,00","1.788,00","1.788,00","","1,59%"
"30.09.2022","1.760,00","1.760,00","1.760,00","1.760,00","","0,17%"
"29.09.2022","1.757,00","1.757,00","1.757,00","1.757,00","","-2,33%"
"28.09.2022","1.799,00","1.799,00","1.799,00","1.799,00","","-0,44%"
"27.09.2022","1.807,00","1.807,00","1.807,00","1.807,00","","-0,33%"
"26.09.2022","1.813,00","1.813,00","1.813,00","1.813,00","","-0,17%"
"23.09.2022","1.816,00","1.816,00","1.816,00","1.816,00","","5,58%"
"22.09.2022","1.720,00","1.720,00","1.720,00","1.720,00","","-1,49%"
"21.09.2022","1.746,00","1.746,00","1.746,00","1.746,00","","0,98%"
"20.09.2022","1.729,00","1.729,00","1.729,00","1.729,00","","11,33%"
"16.09.2022","1.553,00","1.553,00","1.553,00","1.553,00","","-3,66%"
"15.09.2022","1.612,00","1.612,00","1.612,00","1.612,00","","1,07%"
"14.09.2022","1.595,00","1.595,00","1.595,00","1.595,00","","13,28%"
"13.09.2022","1.408,00","1.408,00","1.408,00","1.408,00","","12,10%"
"12.09.2022","1.256,00","1.256,00","1.256,00","1.256,00","","3,54%"
"09.09.2022","1.213,00","1.213,00","1.213,00","1.213,00","","2,97%"
"08.09.2022","1.178,00","1.178,00","1.178,00","1.178,00","","3,97%"
"07.09.2022","1.133,00","1.133,00","1.133,00","1.133,00","","1,71%"
"06.09.2022","1.114,00","1.114,00","1.114,00","1.114,00","","-1,68%"
"05.09.2022","1.133,00","1.133,00","1.133,00","1.133,00","","4,33%"
"02.09.2022","1.086,00","1.086,00","1.086,00","1.086,00","","8,38%"
"01.09.2022","1.002,00","1.002,00","1.002,00","1.002,00","","3,83%"
"31.08.2022","965,00","965,00","965,00","965,00","","-5,11%"
"30.08.2022","1.017,00","1.017,00","1.017,00","1.017,00","","-6,01%"
"26.08.2022","1.082,00","1.082,00","1.082,00","1.082,00","","-3,65%"
"25.08.2022","1.123,00","1.123,00","1.123,00","1.123,00","","-7,42%"
"24.08.2022","1.213,00","1.213,00","1.213,00","1.213,00","","-4,56%"
"23.08.2022","1.271,00","1.271,00","1.271,00","1.271,00","","0,08%"
"22.08.2022","1.270,00","1.270,00","1.270,00","1.270,00","","-0,70%"
"19.08.2022","1.279,00","1.279,00","1.279,00","1.279,00","","-3,11%"
"18.08.2022","1.320,00","1.320,00","1.320,00","1.320,00","","-5,31%"
"17.08.2022","1.394,00","1.394,00","1.394,00","1.394,00","","0,50%"
"16.08.2022","1.387,00","1.387,00","1.387,00","1.387,00","","-1,21%"
"15.08.2022","1.404,00","1.404,00","1.404,00","1.404,00","","-4,94%"
"12.08.2022","1.477,00","1.477,00","1.477,00","1.477,00","","-5,08%"
"11.08.2022","1.556,00","1.556,00","1.556,00","1.556,00","","-2,26%"
"10.08.2022","1.592,00","1.592,00","1.592,00","1.592,00","","1,79%"
"09.08.2022","1.564,00","1.564,00","1.564,00","1.564,00","","-0,13%"
"08.08.2022","1.566,00","1.566,00","1.566,00","1.566,00","","0,38%"
"05.08.2022","1.560,00","1.560,00","1.560,00","1.560,00","","-2,68%"
"04.08.2022","1.603,00","1.603,00","1.603,00","1.603,00","","-7,39%"
"03.08.2022","1.731,00","1.731,00","1.731,00","1.731,00","","-4,73%"
"02.08.2022","1.817,00","1.817,00","1.817,00","1.817,00","","-2,94%"
"01.08.2022","1.872,00","1.872,00","1.872,00","1.872,00","","-1,21%"
"29.07.2022","1.895,00","1.895,00","1.895,00","1.895,00","","-2,57%"
"28.07.2022","1.945,00","1.945,00","1.945,00","1.945,00","","-3,09%"
"27.07.2022","2.007,00","2.007,00","2.007,00","2.007,00","","-2,62%"
"26.07.2022","2.061,00","2.061,00","2.061,00","2.061,00","","-2,51%"
"25.07.2022","2.114,00","2.114,00","2.114,00","2.114,00","","-1,49%"
"22.07.2022","2.146,00","2.146,00","2.146,00","2.146,00","","1,32%"
"21.07.2022","2.118,00","2.118,00","2.118,00","2.118,00","","0,24%"
"20.07.2022","2.113,00","2.113,00","2.113,00","2.113,00","","-1,49%"
"19.07.2022","2.145,00","2.145,00","2.145,00","2.145,00","","-0,79%"
"18.07.2022","2.162,00","2.162,00","2.162,00","2.162,00","","0,56%"
"15.07.2022","2.150,00","2.150,00","2.150,00","2.150,00","","6,97%"
"14.07.2022","2.010,00","2.010,00","2.010,00","2.010,00","","0,40%"
"13.07.2022","2.002,00","2.002,00","2.002,00","2.002,00","","-0,55%"
"12.07.2022","2.013,00","2.013,00","2.013,00","2.013,00","","-3,27%"
"11.07.2022","2.081,00","2.081,00","2.081,00","2.081,00","","0,68%"
"08.07.2022","2.067,00","2.067,00","2.067,00","2.067,00","","-0,29%"
"07.07.2022","2.073,00","2.073,00","2.073,00","2.073,00","","1,47%"
"06.07.2022","2.043,00","2.043,00","2.043,00","2.043,00","","-2,62%"
"05.07.2022","2.098,00","2.098,00","2.098,00","2.098,00","","-2,83%"
"04.07.2022","2.159,00","2.159,00","2.159,00","2.159,00","","-2,48%"
"01.07.2022","2.214,00","2.214,00","2.214,00","2.214,00","","-1,16%"
"30.06.2022","2.240,00","2.240,00","2.240,00","2.240,00","","2,47%"
"29.06.2022","2.186,00","2.186,00","2.186,00","2.186,00","","-0,82%"
"28.06.2022","2.204,00","2.204,00","2.204,00","2.204,00","","-3,97%"
"27.06.2022","2.295,00","2.295,00","2.295,00","2.295,00","","-1,54%"
"24.06.2022","2.331,00","2.331,00","2.331,00","2.331,00","","-0,98%"
"23.06.2022","2.354,00","2.354,00","2.354,00","2.354,00","","0,21%"
"22.06.2022","2.349,00","2.349,00","2.349,00","2.349,00","","-5,43%"
"21.06.2022","2.484,00","2.484,00","2.484,00","2.484,00","","-4,31%"
"20.06.2022","2.596,00","2.596,00","2.596,00","2.596,00","","0,70%"
"17.06.2022","2.578,00","2.578,00","2.578,00","2.578,00","","4,71%"
"16.06.2022","2.462,00","2.462,00","2.462,00","2.462,00","","3,14%"
"15.06.2022","2.387,00","2.387,00","2.387,00","2.387,00","","4,51%"
"14.06.2022","2.284,00","2.284,00","2.284,00","2.284,00","","1,06%"
"13.06.2022","2.260,00","2.260,00","2.260,00","2.260,00","","-2,59%"
"10.06.2022","2.320,00","2.320,00","2.320,00","2.320,00","","-0,94%"
"09.06.2022","2.342,00","2.342,00","2.342,00","2.342,00","","-2,82%"
"08.06.2022","2.410,00","2.410,00","2.410,00","2.410,00","","-4,14%"
"07.06.2022","2.514,00","2.514,00","2.514,00","2.514,00","","-1,80%"
"06.06.2022","2.560,00","2.560,00","2.560,00","2.560,00","","-2,77%"
"01.06.2022","2.633,00","2.633,00","2.633,00","2.633,00","","2,61%"
"31.05.2022","2.566,00","2.566,00","2.566,00","2.566,00","","-0,19%"
"30.05.2022","2.571,00","2.571,00","2.571,00","2.571,00","","-4,10%"
"27.05.2022","2.681,00","2.681,00","2.681,00","2.681,00","","-8,59%"
"26.05.2022","2.933,00","2.933,00","2.933,00","2.933,00","","-6,20%"
"25.05.2022","3.127,00","3.127,00","3.127,00","3.127,00","","-3,87%"
"24.05.2022","3.253,00","3.253,00","3.253,00","3.253,00","","-3,44%"
"23.05.2022","3.369,00","3.369,00","3.369,00","3.369,00","","0,75%"
"20.05.2022","3.344,00","3.344,00","3.344,00","3.344,00","","1,67%"
"19.05.2022","3.289,00","3.289,00","3.289,00","3.289,00","","3,14%"
"18.05.2022","3.189,00","3.189,00","3.189,00","3.189,00","","3,04%"
"17.05.2022","3.095,00","3.095,00","3.095,00","3.095,00","","0,32%"
"16.05.2022","3.085,00","3.085,00","3.085,00","3.085,00","","-0,61%"
"13.05.2022","3.104,00","3.104,00","3.104,00","3.104,00","","-0,42%"
"12.05.2022","3.117,00","3.117,00","3.117,00","3.117,00","","2,13%"
"11.05.2022","3.052,00","3.052,00","3.052,00","3.052,00","","3,84%"
"10.05.2022","2.939,00","2.939,00","2.939,00","2.939,00","","3,81%"
"09.05.2022","2.831,00","2.831,00","2.831,00","2.831,00","","4,16%"
"06.05.2022","2.718,00","2.718,00","2.718,00","2.718,00","","2,80%"
"05.05.2022","2.644,00","2.644,00","2.644,00","2.644,00","","6,40%"
"04.05.2022","2.485,00","2.485,00","2.485,00","2.485,00","","3,03%"
"03.05.2022","2.412,00","2.412,00","2.412,00","2.412,00","","0,33%"
"29.04.2022","2.404,00","2.404,00","2.404,00","2.404,00","","0,04%"
"28.04.2022","2.403,00","2.403,00","2.403,00","2.403,00","","-0,91%"
"27.04.2022","2.425,00","2.425,00","2.425,00","2.425,00","","0,87%"
"26.04.2022","2.404,00","2.404,00","2.404,00","2.404,00","","2,04%"
"25.04.2022","2.356,00","2.356,00","2.356,00","2.356,00","","2,12%"
"22.04.2022","2.307,00","2.307,00","2.307,00","2.307,00","","3,04%"
"21.04.2022","2.239,00","2.239,00","2.239,00","2.239,00","","4,53%"
"20.04.2022","2.142,00","2.142,00","2.142,00","2.142,00","","1,28%"
"19.04.2022","2.115,00","2.115,00","2.115,00","2.115,00","","-1,03%"
"14.04.2022","2.137,00","2.137,00","2.137,00","2.137,00","","3,34%"
"13.04.2022","2.068,00","2.068,00","2.068,00","2.068,00","","1,62%"
"12.04.2022","2.035,00","2.035,00","2.035,00","2.035,00","","0,20%"
"11.04.2022","2.031,00","2.031,00","2.031,00","2.031,00","","-1,17%"
"08.04.2022","2.055,00","2.055,00","2.055,00","2.055,00","","-0,29%"
"07.04.2022","2.061,00","2.061,00","2.061,00","2.061,00","","-3,15%"
"06.04.2022","2.128,00","2.128,00","2.128,00","2.128,00","","-3,84%"
"05.04.2022","2.213,00","2.213,00","2.213,00","2.213,00","","-4,07%"
"04.04.2022","2.307,00","2.307,00","2.307,00","2.307,00","","-2,12%"
"01.04.2022","2.357,00","2.357,00","2.357,00","2.357,00","","-0,04%"
"31.03.2022","2.358,00","2.358,00","2.358,00","2.358,00","","-0,46%"
"30.03.2022","2.369,00","2.369,00","2.369,00","2.369,00","","-1,99%"
"29.03.2022","2.417,00","2.417,00","2.417,00","2.417,00","","-2,70%"
"28.03.2022","2.484,00","2.484,00","2.484,00","2.484,00","","-2,36%"
"25.03.2022","2.544,00","2.544,00","2.544,00","2.544,00","","-0,90%"
"24.03.2022","2.567,00","2.567,00","2.567,00","2.567,00","","-0,31%"
"23.03.2022","2.575,00","2.575,00","2.575,00","2.575,00","","1,14%"
"22.03.2022","2.546,00","2.546,00","2.546,00","2.546,00","","-1,66%"
"21.03.2022","2.589,00","2.589,00","2.589,00","2.589,00","","-0,61%"
"18.03.2022","2.605,00","2.605,00","2.605,00","2.605,00","","0,66%"
"17.03.2022","2.588,00","2.588,00","2.588,00","2.588,00","","-0,12%"
"16.03.2022","2.591,00","2.591,00","2.591,00","2.591,00","","-3,64%"
"15.03.2022","2.689,00","2.689,00","2.689,00","2.689,00","","-1,39%"
"14.03.2022","2.727,00","2.727,00","2.727,00","2.727,00","","0,33%"
"11.03.2022","2.718,00","2.718,00","2.718,00","2.718,00","","0,52%"
"10.03.2022","2.704,00","2.704,00","2.704,00","2.704,00","","5,71%"
"09.03.2022","2.558,00","2.558,00","2.558,00","2.558,00","","8,76%"
"08.03.2022","2.352,00","2.352,00","2.352,00","2.352,00","","5,23%"
"07.03.2022","2.235,00","2.235,00","2.235,00","2.235,00","","4,05%"
"04.03.2022","2.148,00","2.148,00","2.148,00","2.148,00","","2,09%"
"03.03.2022","2.104,00","2.104,00","2.104,00","2.104,00","","-1,54%"
"02.03.2022","2.137,00","2.137,00","2.137,00","2.137,00","","3,29%"
"01.03.2022","2.069,00","2.069,00","2.069,00","2.069,00","","1,42%"
"28.02.2022","2.040,00","2.040,00","2.040,00","2.040,00","","-1,73%"
"25.02.2022","2.076,00","2.076,00","2.076,00","2.076,00","","-5,08%"
"24.02.2022","2.187,00","2.187,00","2.187,00","2.187,00","","-2,54%"
"23.02.2022","2.244,00","2.244,00","2.244,00","2.244,00","","4,47%"
"22.02.2022","2.148,00","2.148,00","2.148,00","2.148,00","","5,04%"
"21.02.2022","2.045,00","2.045,00","2.045,00","2.045,00","","4,12%"
"18.02.2022","1.964,00","1.964,00","1.964,00","1.964,00","","4,14%"
"17.02.2022","1.886,00","1.886,00","1.886,00","1.886,00","","-0,53%"
"16.02.2022","1.896,00","1.896,00","1.896,00","1.896,00","","-3,66%"
"15.02.2022","1.968,00","1.968,00","1.968,00","1.968,00","","-0,81%"
"14.02.2022","1.984,00","1.984,00","1.984,00","1.984,00","","0,35%"
"11.02.2022","1.977,00","1.977,00","1.977,00","1.977,00","","1,91%"
"10.02.2022","1.940,00","1.940,00","1.940,00","1.940,00","","13,38%"
"09.02.2022","1.711,00","1.711,00","1.711,00","1.711,00","","13,84%"
"08.02.2022","1.503,00","1.503,00","1.503,00","1.503,00","","5,70%"
"07.02.2022","1.422,00","1.422,00","1.422,00","1.422,00","","-0,07%"
"04.02.2022","1.423,00","1.423,00","1.423,00","1.423,00","","-0,14%"
"03.02.2022","1.425,00","1.425,00","1.425,00","1.425,00","","0,42%"
"02.02.2022","1.419,00","1.419,00","1.419,00","1.419,00","","-1,46%"
"01.02.2022","1.440,00","1.440,00","1.440,00","1.440,00","","1,55%"
"31.01.2022","1.418,00","1.418,00","1.418,00","1.418,00","","2,68%"
"28.01.2022","1.381,00","1.381,00","1.381,00","1.381,00","","6,07%"
"27.01.2022","1.302,00","1.302,00","1.302,00","1.302,00","","0,46%"
"26.01.2022","1.296,00","1.296,00","1.296,00","1.296,00","","-3,50%"
"25.01.2022","1.343,00","1.343,00","1.343,00","1.343,00","","-3,45%"
"24.01.2022","1.391,00","1.391,00","1.391,00","1.391,00","","-1,70%"
"21.01.2022","1.415,00","1.415,00","1.415,00","1.415,00","","-4,00%"
"20.01.2022","1.474,00","1.474,00","1.474,00","1.474,00","","-6,11%"
"19.01.2022","1.570,00","1.570,00","1.570,00","1.570,00","","-4,50%"
"18.01.2022","1.644,00","1.644,00","1.644,00","1.644,00","","-5,03%"
"17.01.2022","1.731,00","1.731,00","1.731,00","1.731,00","","-1,87%"
"14.01.2022","1.764,00","1.764,00","1.764,00","1.764,00","","-5,82%"
"13.01.2022","1.873,00","1.873,00","1.873,00","1.873,00","","-7,60%"
"12.01.2022","2.027,00","2.027,00","2.027,00","2.027,00","","-5,76%"
"11.01.2022","2.151,00","2.151,00","2.151,00","2.151,00","","-5,53%"
"10.01.2022","2.277,00","2.277,00","2.277,00","2.277,00","","-0,52%"
"07.01.2022","2.289,00","2.289,00","2.289,00","2.289,00","","-0,30%"
"06.01.2022","2.296,00","2.296,00","2.296,00","2.296,00","","0,31%"
"05.01.2022","2.289,00","2.289,00","2.289,00","2.289,00","","0,18%"
"04.01.2022","2.285,00","2.285,00","2.285,00","2.285,00","","3,07%"
"24.12.2021","2.217,00","2.217,00","2.217,00","2.217,00","","-0,09%"
"23.12.2021","2.219,00","2.219,00","2.219,00","2.219,00","","-0,45%"
"22.12.2021","2.229,00","2.229,00","2.229,00","2.229,00","","-2,83%"
"21.12.2021","2.294,00","2.294,00","2.294,00","2.294,00","","-3,25%"
"20.12.2021","2.371,00","2.371,00","2.371,00","2.371,00","","-0,34%"
"17.12.2021","2.379,00","2.379,00","2.379,00","2.379,00","","-4,76%"
"16.12.2021","2.498,00","2.498,00","2.498,00","2.498,00","","-6,27%"
"15.12.2021","2.665,00","2.665,00","2.665,00","2.665,00","","-9,11%"
"14.12.2021","2.932,00","2.932,00","2.932,00","2.932,00","","-8,83%"
"13.12.2021","3.216,00","3.216,00","3.216,00","3.216,00","","-1,71%"
"10.12.2021","3.272,00","3.272,00","3.272,00","3.272,00","","-2,12%"
"09.12.2021","3.343,00","3.343,00","3.343,00","3.343,00","","-2,34%"
"08.12.2021","3.423,00","3.423,00","3.423,00","3.423,00","","2,12%"
"07.12.2021","3.352,00","3.352,00","3.352,00","3.352,00","","3,62%"
"06.12.2021","3.235,00","3.235,00","3.235,00","3.235,00","","2,02%"
"03.12.2021","3.171,00","3.171,00","3.171,00","3.171,00","","1,80%"
"02.12.2021","3.115,00","3.115,00","3.115,00","3.115,00","","2,23%"
"01.12.2021","3.047,00","3.047,00","3.047,00","3.047,00","","0,96%"
"30.11.2021","3.018,00","3.018,00","3.018,00","3.018,00","","4,76%"
"29.11.2021","2.881,00","2.881,00","2.881,00","2.881,00","","4,12%"
"26.11.2021","2.767,00","2.767,00","2.767,00","2.767,00","","3,32%"
"25.11.2021","2.678,00","2.678,00","2.678,00","2.678,00","","0,90%"
"24.11.2021","2.654,00","2.654,00","2.654,00","2.654,00","","-2,25%"
"23.11.2021","2.715,00","2.715,00","2.715,00","2.715,00","","2,65%"
"22.11.2021","2.645,00","2.645,00","2.645,00","2.645,00","","3,64%"
"19.11.2021","2.552,00","2.552,00","2.552,00","2.552,00","","3,99%"
"18.11.2021","2.454,00","2.454,00","2.454,00","2.454,00","","0,99%"
"17.11.2021","2.430,00","2.430,00","2.430,00","2.430,00","","-6,21%"
"16.11.2021","2.591,00","2.591,00","2.591,00","2.591,00","","-6,09%"
"15.11.2021","2.759,00","2.759,00","2.759,00","2.759,00","","-1,71%"
"12.11.2021","2.807,00","2.807,00","2.807,00","2.807,00","","-1,30%"
"11.11.2021","2.844,00","2.844,00","2.844,00","2.844,00","","-0,59%"
"10.11.2021","2.861,00","2.861,00","2.861,00","2.861,00","","2,00%"
"09.11.2021","2.805,00","2.805,00","2.805,00","2.805,00","","3,20%"
"08.11.2021","2.718,00","2.718,00","2.718,00","2.718,00","","0,11%"
"05.11.2021","2.715,00","2.715,00","2.715,00","2.715,00","","-1,95%"
"04.11.2021","2.769,00","2.769,00","2.769,00","2.769,00","","-4,25%"
"03.11.2021","2.892,00","2.892,00","2.892,00","2.892,00","","-9,26%"
"02.11.2021","3.187,00","3.187,00","3.187,00","3.187,00","","-7,03%"
"01.11.2021","3.428,00","3.428,00","3.428,00","3.428,00","","-2,59%"
"29.10.2021","3.519,00","3.519,00","3.519,00","3.519,00","","-3,06%"
"28.10.2021","3.630,00","3.630,00","3.630,00","3.630,00","","-4,67%"
"27.10.2021","3.808,00","3.808,00","3.808,00","3.808,00","","-6,11%"
"26.10.2021","4.056,00","4.056,00","4.056,00","4.056,00","","-4,72%"
"25.10.2021","4.257,00","4.257,00","4.257,00","4.257,00","","-3,47%"
"22.10.2021","4.410,00","4.410,00","4.410,00","4.410,00","","-5,22%"
"21.10.2021","4.653,00","4.653,00","4.653,00","4.653,00","","-2,06%"
"20.10.2021","4.751,00","4.751,00","4.751,00","4.751,00","","0,78%"
"19.10.2021","4.714,00","4.714,00","4.714,00","4.714,00","","-0,38%"
"18.10.2021","4.732,00","4.732,00","4.732,00","4.732,00","","-2,51%"
"15.10.2021","4.854,00","4.854,00","4.854,00","4.854,00","","-4,11%"
"14.10.2021","5.062,00","5.062,00","5.062,00","5.062,00","","-2,77%"
"13.10.2021","5.206,00","5.206,00","5.206,00","5.206,00","","-3,20%"
"12.10.2021","5.378,00","5.378,00","5.378,00","5.378,00","","-2,00%"
"11.10.2021","5.488,00","5.488,00","5.488,00","5.488,00","","-0,69%"
"08.10.2021","5.526,00","5.526,00","5.526,00","5.526,00","","-2,19%"
"07.10.2021","5.650,00","5.650,00","5.650,00","5.650,00","","0,05%"
"06.10.2021","5.647,00","5.647,00","5.647,00","5.647,00","","4,40%"
"05.10.2021","5.409,00","5.409,00","5.409,00","5.409,00","","2,70%"
"04.10.2021","5.267,00","5.267,00","5.267,00","5.267,00","","1,25%"
"01.10.2021","5.202,00","5.202,00","5.202,00","5.202,00","","0,68%"
"30.09.2021","5.167,00","5.167,00","5.167,00","5.167,00","","-0,58%"
"29.09.2021","5.197,00","5.197,00","5.197,00","5.197,00","","4,74%"
"28.09.2021","4.962,00","4.962,00","4.962,00","4.962,00","","5,19%"
"27.09.2021","4.717,00","4.717,00","4.717,00","4.717,00","","1,57%"
"24.09.2021","4.644,00","4.644,00","4.644,00","4.644,00","","-0,15%"
"23.09.2021","4.651,00","4.651,00","4.651,00","4.651,00","","2,00%"
"22.09.2021","4.560,00","4.560,00","4.560,00","4.560,00","","3,40%"
"21.09.2021","4.410,00","4.410,00","4.410,00","4.410,00","","2,46%"
"20.09.2021","4.304,00","4.304,00","4.304,00","4.304,00","","0,68%"
"17.09.2021","4.275,00","4.275,00","4.275,00","4.275,00","","1,42%"
"16.09.2021","4.215,00","4.215,00","4.215,00","4.215,00","","-0,43%"
"15.09.2021","4.233,00","4.233,00","4.233,00","4.233,00","","0,28%"
"14.09.2021","4.221,00","4.221,00","4.221,00","4.221,00","","1,39%"
"13.09.2021","4.163,00","4.163,00","4.163,00","4.163,00","","7,74%"
"10.09.2021","3.864,00","3.864,00","3.864,00","3.864,00","","6,07%"
"09.09.2021","3.643,00","3.643,00","3.643,00","3.643,00","","0,69%"
"08.09.2021","3.618,00","3.618,00","3.618,00","3.618,00","","-2,40%"
"07.09.2021","3.707,00","3.707,00","3.707,00","3.707,00","","-3,01%"
"06.09.2021","3.822,00","3.822,00","3.822,00","3.822,00","","-3,09%"
"03.09.2021","3.944,00","3.944,00","3.944,00","3.944,00","","-1,42%"
"02.09.2021","4.001,00","4.001,00","4.001,00","4.001,00","","-0,30%"
"01.09.2021","4.013,00","4.013,00","4.013,00","4.013,00","","-2,88%"
"31.08.2021","4.132,00","4.132,00","4.132,00","4.132,00","","-2,43%"
"27.08.2021","4.235,00","4.235,00","4.235,00","4.235,00","","0,95%"
"26.08.2021","4.195,00","4.195,00","4.195,00","4.195,00","","0,05%"
"25.08.2021","4.193,00","4.193,00","4.193,00","4.193,00","","-0,19%"
"24.08.2021","4.201,00","4.201,00","4.201,00","4.201,00","","1,30%"
"23.08.2021","4.147,00","4.147,00","4.147,00","4.147,00","","1,34%"
"20.08.2021","4.092,00","4.092,00","4.092,00","4.092,00","","2,92%"
"19.08.2021","3.976,00","3.976,00","3.976,00","3.976,00","","3,73%"
"18.08.2021","3.833,00","3.833,00","3.833,00","3.833,00","","4,81%"
"17.08.2021","3.657,00","3.657,00","3.657,00","3.657,00","","1,41%"
"16.08.2021","3.606,00","3.606,00","3.606,00","3.606,00","","1,12%"
"13.08.2021","3.566,00","3.566,00","3.566,00","3.566,00","","1,80%"
"12.08.2021","3.503,00","3.503,00","3.503,00","3.503,00","","2,73%"
"11.08.2021","3.410,00","3.410,00","3.410,00","3.410,00","","1,04%"
"10.08.2021","3.375,00","3.375,00","3.375,00","3.375,00","","0,12%"
"09.08.2021","3.371,00","3.371,00","3.371,00","3.371,00","","0,00%"
"06.08.2021","3.371,00","3.371,00","3.371,00","3.371,00","","-0,15%"
"05.08.2021","3.376,00","3.376,00","3.376,00","3.376,00","","1,75%"
"04.08.2021","3.318,00","3.318,00","3.318,00","3.318,00","","1,13%"
"03.08.2021","3.281,00","3.281,00","3.281,00","3.281,00","","-0,03%"
"02.08.2021","3.282,00","3.282,00","3.282,00","3.282,00","","-0,30%"
"30.07.2021","3.292,00","3.292,00","3.292,00","3.292,00","","2,43%"
"29.07.2021","3.214,00","3.214,00","3.214,00","3.214,00","","1,90%"
"28.07.2021","3.154,00","3.154,00","3.154,00","3.154,00","","-0,38%"
"27.07.2021","3.166,00","3.166,00","3.166,00","3.166,00","","-1,37%"
"26.07.2021","3.210,00","3.210,00","3.210,00","3.210,00","","0,34%"
"23.07.2021","3.199,00","3.199,00","3.199,00","3.199,00","","3,09%"
"22.07.2021","3.103,00","3.103,00","3.103,00","3.103,00","","1,47%"
"21.07.2021","3.058,00","3.058,00","3.058,00","3.058,00","","0,16%"
"20.07.2021","3.053,00","3.053,00","3.053,00","3.053,00","","-0,20%"
"19.07.2021","3.059,00","3.059,00","3.059,00","3.059,00","","0,66%"
"16.07.2021","3.039,00","3.039,00","3.039,00","3.039,00","","-1,11%"
"15.07.2021","3.073,00","3.073,00","3.073,00","3.073,00","","-2,10%"
"14.07.2021","3.139,00","3.139,00","3.139,00","3.139,00","","-2,76%"
"13.07.2021","3.228,00","3.228,00","3.228,00","3.228,00","","-2,18%"
"12.07.2021","3.300,00","3.300,00","3.300,00","3.300,00","","0,00%"
"09.07.2021","3.300,00","3.300,00","3.300,00","3.300,00","","0,58%"
"08.07.2021","3.281,00","3.281,00","3.281,00","3.281,00","","1,23%"
"07.07.2021","3.241,00","3.241,00","3.241,00","3.241,00","","1,95%"
"06.07.2021","3.179,00","3.179,00","3.179,00","3.179,00","","-1,40%"
"05.07.2021","3.224,00","3.224,00","3.224,00","3.224,00","","-1,86%"
"02.07.2021","3.285,00","3.285,00","3.285,00","3.285,00","","-1,59%"
"01.07.2021","3.338,00","3.338,00","3.338,00","3.338,00","","-1,33%"
"30.06.2021","3.383,00","3.383,00","3.383,00","3.383,00","","-1,02%"
"29.06.2021","3.418,00","3.418,00","3.418,00","3.418,00","","2,83%"
"28.06.2021","3.324,00","3.324,00","3.324,00","3.324,00","","2,12%"
"25.06.2021","3.255,00","3.255,00","3.255,00","3.255,00","","2,52%"
"24.06.2021","3.175,00","3.175,00","3.175,00","3.175,00","","0,89%"
"23.06.2021","3.147,00","3.147,00","3.147,00","3.147,00","","0,90%"
"22.06.2021","3.119,00","3.119,00","3.119,00","3.119,00","","-2,23%"
"21.06.2021","3.190,00","3.190,00","3.190,00","3.190,00","","-0,87%"
"18.06.2021","3.218,00","3.218,00","3.218,00","3.218,00","","-1,50%"
"17.06.2021","3.267,00","3.267,00","3.267,00","3.267,00","","2,87%"
"16.06.2021","3.176,00","3.176,00","3.176,00","3.176,00","","4,99%"
"15.06.2021","3.025,00","3.025,00","3.025,00","3.025,00","","2,75%"
"14.06.2021","2.944,00","2.944,00","2.944,00","2.944,00","","3,05%"
"11.06.2021","2.857,00","2.857,00","2.857,00","2.857,00","","7,04%"
"10.06.2021","2.669,00","2.669,00","2.669,00","2.669,00","","7,58%"
"09.06.2021","2.481,00","2.481,00","2.481,00","2.481,00","","2,52%"
"08.06.2021","2.420,00","2.420,00","2.420,00","2.420,00","","-0,33%"
"07.06.2021","2.428,00","2.428,00","2.428,00","2.428,00","","-0,41%"
"04.06.2021","2.438,00","2.438,00","2.438,00","2.438,00","","-1,38%"
"03.06.2021","2.472,00","2.472,00","2.472,00","2.472,00","","-2,29%"
"02.06.2021","2.530,00","2.530,00","2.530,00","2.530,00","","-1,48%"
"01.06.2021","2.568,00","2.568,00","2.568,00","2.568,00","","-1,08%"
"28.05.2021","2.596,00","2.596,00","2.596,00","2.596,00","","-3,42%"
"27.05.2021","2.688,00","2.688,00","2.688,00","2.688,00","","-2,40%"
"26.05.2021","2.754,00","2.754,00","2.754,00","2.754,00","","-1,96%"
"25.05.2021","2.809,00","2.809,00","2.809,00","2.809,00","","-2,50%"
"24.05.2021","2.881,00","2.881,00","2.881,00","2.881,00","","0,42%"
"21.05.2021","2.869,00","2.869,00","2.869,00","2.869,00","","1,59%"
"20.05.2021","2.824,00","2.824,00","2.824,00","2.824,00","","0,82%"
"19.05.2021","2.801,00","2.801,00","2.801,00","2.801,00","","0,21%"
"18.05.2021","2.795,00","2.795,00","2.795,00","2.795,00","","-2,14%"
"17.05.2021","2.856,00","2.856,00","2.856,00","2.856,00","","-2,82%"
"14.05.2021","2.939,00","2.939,00","2.939,00","2.939,00","","-4,48%"
"13.05.2021","3.077,00","3.077,00","3.077,00","3.077,00","","-1,98%"
"12.05.2021","3.139,00","3.139,00","3.139,00","3.139,00","","-3,53%"
"11.05.2021","3.254,00","3.254,00","3.254,00","3.254,00","","0,43%"
"10.05.2021","3.240,00","3.240,00","3.240,00","3.240,00","","1,79%"
"07.05.2021","3.183,00","3.183,00","3.183,00","3.183,00","","-0,90%"
"06.05.2021","3.212,00","3.212,00","3.212,00","3.212,00","","-1,65%"
"05.05.2021","3.266,00","3.266,00","3.266,00","3.266,00","","3,45%"
"04.05.2021","3.157,00","3.157,00","3.157,00","3.157,00","","3,41%"
"30.04.2021","3.053,00","3.053,00","3.053,00","3.053,00","","1,53%"
"29.04.2021","3.007,00","3.007,00","3.007,00","3.007,00","","1,69%"
"28.04.2021","2.957,00","2.957,00","2.957,00","2.957,00","","2,35%"
"27.04.2021","2.889,00","2.889,00","2.889,00","2.889,00","","2,88%"
"26.04.2021","2.808,00","2.808,00","2.808,00","2.808,00","","0,72%"
"23.04.2021","2.788,00","2.788,00","2.788,00","2.788,00","","1,38%"
"22.04.2021","2.750,00","2.750,00","2.750,00","2.750,00","","1,48%"
"21.04.2021","2.710,00","2.710,00","2.710,00","2.710,00","","9,63%"
"20.04.2021","2.472,00","2.472,00","2.472,00","2.472,00","","1,64%"
"19.04.2021","2.432,00","2.432,00","2.432,00","2.432,00","","1,97%"
"16.04.2021","2.385,00","2.385,00","2.385,00","2.385,00","","2,67%"
"15.04.2021","2.323,00","2.323,00","2.323,00","2.323,00","","6,66%"
"14.04.2021","2.178,00","2.178,00","2.178,00","2.178,00","","1,78%"
"13.04.2021","2.140,00","2.140,00","2.140,00","2.140,00","","-0,23%"
"12.04.2021","2.145,00","2.145,00","2.145,00","2.145,00","","2,88%"
"09.04.2021","2.085,00","2.085,00","2.085,00","2.085,00","","-0,14%"
"08.04.2021","2.088,00","2.088,00","2.088,00","2.088,00","","-1,83%"
"07.04.2021","2.127,00","2.127,00","2.127,00","2.127,00","","1,67%"
"06.04.2021","2.092,00","2.092,00","2.092,00","2.092,00","","0,97%"
"01.04.2021","2.072,00","2.072,00","2.072,00","2.072,00","","1,27%"
"31.03.2021","2.046,00","2.046,00","2.046,00","2.046,00","","-2,71%"
"30.03.2021","2.103,00","2.103,00","2.103,00","2.103,00","","-2,73%"
"29.03.2021","2.162,00","2.162,00","2.162,00","2.162,00","","-0,73%"
"26.03.2021","2.178,00","2.178,00","2.178,00","2.178,00","","0,28%"
"25.03.2021","2.172,00","2.172,00","2.172,00","2.172,00","","-1,00%"
"24.03.2021","2.194,00","2.194,00","2.194,00","2.194,00","","-3,39%"
"23.03.2021","2.271,00","2.271,00","2.271,00","2.271,00","","-2,07%"
"22.03.2021","2.319,00","2.319,00","2.319,00","2.319,00","","1,67%"
"19.03.2021","2.281,00","2.281,00","2.281,00","2.281,00","","2,98%"
"18.03.2021","2.215,00","2.215,00","2.215,00","2.215,00","","5,23%"
"17.03.2021","2.105,00","2.105,00","2.105,00","2.105,00","","4,36%"
"16.03.2021","2.017,00","2.017,00","2.017,00","2.017,00","","1,71%"
"15.03.2021","1.983,00","1.983,00","1.983,00","1.983,00","","1,17%"
"12.03.2021","1.960,00","1.960,00","1.960,00","1.960,00","","-0,51%"
"11.03.2021","1.970,00","1.970,00","1.970,00","1.970,00","","-0,51%"
"10.03.2021","1.980,00","1.980,00","1.980,00","1.980,00","","4,16%"
"09.03.2021","1.901,00","1.901,00","1.901,00","1.901,00","","2,59%"
"08.03.2021","1.853,00","1.853,00","1.853,00","1.853,00","","1,31%"
"05.03.2021","1.829,00","1.829,00","1.829,00","1.829,00","","2,81%"
"04.03.2021","1.779,00","1.779,00","1.779,00","1.779,00","","0,91%"
"03.03.2021","1.763,00","1.763,00","1.763,00","1.763,00","","5,38%"
"02.03.2021","1.673,00","1.673,00","1.673,00","1.673,00","","1,33%"
"01.03.2021","1.651,00","1.651,00","1.651,00","1.651,00","","-1,43%"
"26.02.2021","1.675,00","1.675,00","1.675,00","1.675,00","","-1,47%"
"25.02.2021","1.700,00","1.700,00","1.700,00","1.700,00","","-0,53%"
"24.02.2021","1.709,00","1.709,00","1.709,00","1.709,00","","-1,04%"
"23.02.2021","1.727,00","1.727,00","1.727,00","1.727,00","","1,05%"
"22.02.2021","1.709,00","1.709,00","1.709,00","1.709,00","","0,65%"
"19.02.2021","1.698,00","1.698,00","1.698,00","1.698,00","","-4,07%"
"18.02.2021","1.770,00","1.770,00","1.770,00","1.770,00","","0,80%"
"17.02.2021","1.756,00","1.756,00","1.756,00","1.756,00","","17,46%"
"16.02.2021","1.495,00","1.495,00","1.495,00","1.495,00","","9,60%"
"15.02.2021","1.364,00","1.364,00","1.364,00","1.364,00","","1,87%"
"12.02.2021","1.339,00","1.339,00","1.339,00","1.339,00","","1,98%"
"11.02.2021","1.313,00","1.313,00","1.313,00","1.313,00","","0,77%"
"10.02.2021","1.303,00","1.303,00","1.303,00","1.303,00","","-0,23%"
"09.02.2021","1.306,00","1.306,00","1.306,00","1.306,00","","-0,84%"
"08.02.2021","1.317,00","1.317,00","1.317,00","1.317,00","","-1,20%"
"05.02.2021","1.333,00","1.333,00","1.333,00","1.333,00","","0,45%"
"04.02.2021","1.327,00","1.327,00","1.327,00","1.327,00","","0,00%"
"03.02.2021","1.327,00","1.327,00","1.327,00","1.327,00","","-3,84%"
"02.02.2021","1.380,00","1.380,00","1.380,00","1.380,00","","-4,43%"
"01.02.2021","1.444,00","1.444,00","1.444,00","1.444,00","","-0,55%"
"29.01.2021","1.452,00","1.452,00","1.452,00","1.452,00","","-1,22%"
"28.01.2021","1.470,00","1.470,00","1.470,00","1.470,00","","-4,55%"
"27.01.2021","1.540,00","1.540,00","1.540,00","1.540,00","","-7,17%"
"26.01.2021","1.659,00","1.659,00","1.659,00","1.659,00","","-6,01%"
"25.01.2021","1.765,00","1.765,00","1.765,00","1.765,00","","-2,49%"
"22.01.2021","1.810,00","1.810,00","1.810,00","1.810,00","","-1,47%"
"21.01.2021","1.837,00","1.837,00","1.837,00","1.837,00","","0,49%"
"20.01.2021","1.828,00","1.828,00","1.828,00","1.828,00","","3,51%"
"19.01.2021","1.766,00","1.766,00","1.766,00","1.766,00","","1,49%"
"18.01.2021","1.740,00","1.740,00","1.740,00","1.740,00","","-0,80%"
"15.01.2021","1.754,00","1.754,00","1.754,00","1.754,00","","-2,12%"
"14.01.2021","1.792,00","1.792,00","1.792,00","1.792,00","","-3,45%"
"13.01.2021","1.856,00","1.856,00","1.856,00","1.856,00","","0,38%"
"12.01.2021","1.849,00","1.849,00","1.849,00","1.849,00","","5,00%"
"11.01.2021","1.761,00","1.761,00","1.761,00","1.761,00","","9,65%"
"08.01.2021","1.606,00","1.606,00","1.606,00","1.606,00","","10,91%"
"07.01.2021","1.448,00","1.448,00","1.448,00","1.448,00","","1,61%"
"06.01.2021","1.425,00","1.425,00","1.425,00","1.425,00","","0,49%"
"05.01.2021","1.418,00","1.418,00","1.418,00","1.418,00","","3,20%"
"04.01.2021","1.374,00","1.374,00","1.374,00","1.374,00","","0,59%"
"24.12.2020","1.366,00","1.366,00","1.366,00","1.366,00","","0,29%"
"23.12.2020","1.362,00","1.362,00","1.362,00","1.362,00","","2,41%"
"22.12.2020","1.330,00","1.330,00","1.330,00","1.330,00","","0,53%"
"21.12.2020","1.323,00","1.323,00","1.323,00","1.323,00","","-0,15%"
"18.12.2020","1.325,00","1.325,00","1.325,00","1.325,00","","1,84%"
"17.12.2020","1.301,00","1.301,00","1.301,00","1.301,00","","0,39%"
"16.12.2020","1.296,00","1.296,00","1.296,00","1.296,00","","1,81%"
"15.12.2020","1.273,00","1.273,00","1.273,00","1.273,00","","3,08%"
"14.12.2020","1.235,00","1.235,00","1.235,00","1.235,00","","1,98%"
"11.12.2020","1.211,00","1.211,00","1.211,00","1.211,00","","4,31%"
"10.12.2020","1.161,00","1.161,00","1.161,00","1.161,00","","3,48%"
"09.12.2020","1.122,00","1.122,00","1.122,00","1.122,00","","0,09%"
"08.12.2020","1.121,00","1.121,00","1.121,00","1.121,00","","-3,53%"
"07.12.2020","1.162,00","1.162,00","1.162,00","1.162,00","","-2,92%"
"04.12.2020","1.197,00","1.197,00","1.197,00","1.197,00","","0,67%"
"03.12.2020","1.189,00","1.189,00","1.189,00","1.189,00","","-1,00%"
"02.12.2020","1.201,00","1.201,00","1.201,00","1.201,00","","-0,83%"
"01.12.2020","1.211,00","1.211,00","1.211,00","1.211,00","","-1,30%"
"30.11.2020","1.227,00","1.227,00","1.227,00","1.227,00","","-0,24%"
"27.11.2020","1.230,00","1.230,00","1.230,00","1.230,00","","0,90%"
"26.11.2020","1.219,00","1.219,00","1.219,00","1.219,00","","1,84%"
"25.11.2020","1.197,00","1.197,00","1.197,00","1.197,00","","1,61%"
"24.11.2020","1.178,00","1.178,00","1.178,00","1.178,00","","0,77%"
"23.11.2020","1.169,00","1.169,00","1.169,00","1.169,00","","1,83%"
"20.11.2020","1.148,00","1.148,00","1.148,00","1.148,00","","1,23%"
"19.11.2020","1.134,00","1.134,00","1.134,00","1.134,00","","1,70%"
"18.11.2020","1.115,00","1.115,00","1.115,00","1.115,00","","0,27%"
"17.11.2020","1.112,00","1.112,00","1.112,00","1.112,00","","0,09%"
"16.11.2020","1.111,00","1.111,00","1.111,00","1.111,00","","-1,16%"
"12.11.2020","1.124,00","1.124,00","1.124,00","1.124,00","","-1,49%"
"11.11.2020","1.141,00","1.141,00","1.141,00","1.141,00","","-4,92%"
"10.11.2020","1.200,00","1.200,00","1.200,00","1.200,00","","-0,58%"
"09.11.2020","1.207,00","1.207,00","1.207,00","1.207,00","","0,92%"
"06.11.2020","1.196,00","1.196,00","1.196,00","1.196,00","","0,17%"
"05.11.2020","1.194,00","1.194,00","1.194,00","1.194,00","","-2,45%"
"04.11.2020","1.224,00","1.224,00","1.224,00","1.224,00","","-3,09%"
"03.11.2020","1.263,00","1.263,00","1.263,00","1.263,00","","-1,64%"
"02.11.2020","1.284,00","1.284,00","1.284,00","1.284,00","","0,08%"
"30.10.2020","1.283,00","1.283,00","1.283,00","1.283,00","","-1,08%"
"29.10.2020","1.297,00","1.297,00","1.297,00","1.297,00","","-6,29%"
"28.10.2020","1.384,00","1.384,00","1.384,00","1.384,00","","-2,05%"
"27.10.2020","1.413,00","1.413,00","1.413,00","1.413,00","","0,78%"
"26.10.2020","1.402,00","1.402,00","1.402,00","1.402,00","","-0,92%"
"23.10.2020","1.415,00","1.415,00","1.415,00","1.415,00","","1,00%"
"22.10.2020","1.401,00","1.401,00","1.401,00","1.401,00","","4,09%"
"21.10.2020","1.346,00","1.346,00","1.346,00","1.346,00","","-0,30%"
"20.10.2020","1.350,00","1.350,00","1.350,00","1.350,00","","-4,19%"
"19.10.2020","1.409,00","1.409,00","1.409,00","1.409,00","","-4,60%"
"16.10.2020","1.477,00","1.477,00","1.477,00","1.477,00","","-5,38%"
"15.10.2020","1.561,00","1.561,00","1.561,00","1.561,00","","-4,64%"
"14.10.2020","1.637,00","1.637,00","1.637,00","1.637,00","","-5,48%"
"13.10.2020","1.732,00","1.732,00","1.732,00","1.732,00","","-4,15%"
"12.10.2020","1.807,00","1.807,00","1.807,00","1.807,00","","-4,49%"
"09.10.2020","1.892,00","1.892,00","1.892,00","1.892,00","","-3,96%"
"08.10.2020","1.970,00","1.970,00","1.970,00","1.970,00","","-3,62%"
"07.10.2020","2.044,00","2.044,00","2.044,00","2.044,00","","-2,53%"
"06.10.2020","2.097,00","2.097,00","2.097,00","2.097,00","","1,26%"
"05.10.2020","2.071,00","2.071,00","2.071,00","2.071,00","","2,52%"
"02.10.2020","2.020,00","2.020,00","2.020,00","2.020,00","","8,08%"
"01.10.2020","1.869,00","1.869,00","1.869,00","1.869,00","","8,35%"
"30.09.2020","1.725,00","1.725,00","1.725,00","1.725,00","","4,04%"
"29.09.2020","1.658,00","1.658,00","1.658,00","1.658,00","","0,24%"
"28.09.2020","1.654,00","1.654,00","1.654,00","1.654,00","","-0,78%"
"25.09.2020","1.667,00","1.667,00","1.667,00","1.667,00","","3,86%"
"24.09.2020","1.605,00","1.605,00","1.605,00","1.605,00","","12,55%"
"23.09.2020","1.426,00","1.426,00","1.426,00","1.426,00","","4,55%"
"22.09.2020","1.364,00","1.364,00","1.364,00","1.364,00","","3,81%"
"21.09.2020","1.314,00","1.314,00","1.314,00","1.314,00","","1,39%"
"18.09.2020","1.296,00","1.296,00","1.296,00","1.296,00","","0,15%"
"17.09.2020","1.294,00","1.294,00","1.294,00","1.294,00","","1,01%"
"16.09.2020","1.281,00","1.281,00","1.281,00","1.281,00","","-0,62%"
"15.09.2020","1.289,00","1.289,00","1.289,00","1.289,00","","0,55%"
"14.09.2020","1.282,00","1.282,00","1.282,00","1.282,00","","1,18%"
"11.09.2020","1.267,00","1.267,00","1.267,00","1.267,00","","-0,16%"
"10.09.2020","1.269,00","1.269,00","1.269,00","1.269,00","","-2,08%"
"09.09.2020","1.296,00","1.296,00","1.296,00","1.296,00","","-2,41%"
"08.09.2020","1.328,00","1.328,00","1.328,00","1.328,00","","-1,56%"
"07.09.2020","1.349,00","1.349,00","1.349,00","1.349,00","","-0,95%"
"04.09.2020","1.362,00","1.362,00","1.362,00","1.362,00","","-2,37%"
"03.09.2020","1.395,00","1.395,00","1.395,00","1.395,00","","-3,46%"
"02.09.2020","1.445,00","1.445,00","1.445,00","1.445,00","","-1,77%"
"01.09.2020","1.471,00","1.471,00","1.471,00","1.471,00","","-1,14%"
"28.08.2020","1.488,00","1.488,00","1.488,00","1.488,00","","-1,06%"
"27.08.2020","1.504,00","1.504,00","1.504,00","1.504,00","","-0,33%"
"26.08.2020","1.509,00","1.509,00","1.509,00","1.509,00","","-0,59%"
"25.08.2020","1.518,00","1.518,00","1.518,00","1.518,00","","1,81%"
"24.08.2020","1.491,00","1.491,00","1.491,00","1.491,00","","0,68%"
"21.08.2020","1.481,00","1.481,00","1.481,00","1.481,00","","-2,44%"
"20.08.2020","1.518,00","1.518,00","1.518,00","1.518,00","","-3,19%"
"19.08.2020","1.568,00","1.568,00","1.568,00","1.568,00","","-1,13%"
"18.08.2020","1.586,00","1.586,00","1.586,00","1.586,00","","-0,75%"
"17.08.2020","1.598,00","1.598,00","1.598,00","1.598,00","","0,19%"
"14.08.2020","1.595,00","1.595,00","1.595,00","1.595,00","","1,14%"
"13.08.2020","1.577,00","1.577,00","1.577,00","1.577,00","","2,40%"
"12.08.2020","1.540,00","1.540,00","1.540,00","1.540,00","","1,99%"
"11.08.2020","1.510,00","1.510,00","1.510,00","1.510,00","","0,27%"
"10.08.2020","1.506,00","1.506,00","1.506,00","1.506,00","","0,33%"
"07.08.2020","1.501,00","1.501,00","1.501,00","1.501,00","","8,38%"
"03.08.2020","1.385,00","1.385,00","1.385,00","1.385,00","","2,59%"
"31.07.2020","1.350,00","1.350,00","1.350,00","1.350,00","","0,15%"
"30.07.2020","1.348,00","1.348,00","1.348,00","1.348,00","","2,35%"
"29.07.2020","1.317,00","1.317,00","1.317,00","1.317,00","","4,19%"
"28.07.2020","1.264,00","1.264,00","1.264,00","1.264,00","","-2,24%"
"27.07.2020","1.293,00","1.293,00","1.293,00","1.293,00","","-1,82%"
"24.07.2020","1.317,00","1.317,00","1.317,00","1.317,00","","-5,12%"
"23.07.2020","1.388,00","1.388,00","1.388,00","1.388,00","","-5,77%"
"22.07.2020","1.473,00","1.473,00","1.473,00","1.473,00","","-7,59%"
"21.07.2020","1.594,00","1.594,00","1.594,00","1.594,00","","-5,01%"
"20.07.2020","1.678,00","1.678,00","1.678,00","1.678,00","","-1,87%"
"17.07.2020","1.710,00","1.710,00","1.710,00","1.710,00","","0,65%"
"16.07.2020","1.699,00","1.699,00","1.699,00","1.699,00","","0,18%"
"15.07.2020","1.696,00","1.696,00","1.696,00","1.696,00","","-2,64%"
"14.07.2020","1.742,00","1.742,00","1.742,00","1.742,00","","-2,79%"
"13.07.2020","1.792,00","1.792,00","1.792,00","1.792,00","","-0,99%"
"10.07.2020","1.810,00","1.810,00","1.810,00","1.810,00","","0,00%"
"09.07.2020","1.810,00","1.810,00","1.810,00","1.810,00","","-2,11%"
"08.07.2020","1.849,00","1.849,00","1.849,00","1.849,00","","-5,13%"
"07.07.2020","1.949,00","1.949,00","1.949,00","1.949,00","","-0,36%"
"06.07.2020","1.956,00","1.956,00","1.956,00","1.956,00","","3,27%"
"03.07.2020","1.894,00","1.894,00","1.894,00","1.894,00","","3,89%"
"02.07.2020","1.823,00","1.823,00","1.823,00","1.823,00","","1,11%"
"01.07.2020","1.803,00","1.803,00","1.803,00","1.803,00","","0,22%"
"30.06.2020","1.799,00","1.799,00","1.799,00","1.799,00","","0,28%"
"29.06.2020","1.794,00","1.794,00","1.794,00","1.794,00","","2,57%"
"26.06.2020","1.749,00","1.749,00","1.749,00","1.749,00","","0,63%"
"25.06.2020","1.738,00","1.738,00","1.738,00","1.738,00","","1,94%"
"24.06.2020","1.705,00","1.705,00","1.705,00","1.705,00","","5,44%"
"23.06.2020","1.617,00","1.617,00","1.617,00","1.617,00","","3,79%"
"22.06.2020","1.558,00","1.558,00","1.558,00","1.558,00","","0,19%"
"19.06.2020","1.555,00","1.555,00","1.555,00","1.555,00","","1,83%"
"18.06.2020","1.527,00","1.527,00","1.527,00","1.527,00","","22,55%"
"17.06.2020","1.246,00","1.246,00","1.246,00","1.246,00","","18,22%"
"16.06.2020","1.054,00","1.054,00","1.054,00","1.054,00","","8,32%"
"15.06.2020","973,00","973,00","973,00","973,00","","5,42%"
"12.06.2020","923,00","923,00","923,00","923,00","","10,01%"
"11.06.2020","839,00","839,00","839,00","839,00","","9,82%"
"10.06.2020","764,00","764,00","764,00","764,00","","7,00%"
"09.06.2020","714,00","714,00","714,00","714,00","","2,29%"
"08.06.2020","698,00","698,00","698,00","698,00","","2,80%"
"05.06.2020","679,00","679,00","679,00","679,00","","7,44%"
"04.06.2020","632,00","632,00","632,00","632,00","","6,76%"
"03.06.2020","592,00","592,00","592,00","592,00","","8,42%"
"02.06.2020","546,00","546,00","546,00","546,00","","5,00%"
"01.06.2020","520,00","520,00","520,00","520,00","","3,17%"
"29.05.2020","504,00","504,00","504,00","504,00","","3,07%"
"28.05.2020","489,00","489,00","489,00","489,00","","-2,59%"
"27.05.2020","502,00","502,00","502,00","502,00","","-0,79%"
"26.05.2020","506,00","506,00","506,00","506,00","","1,61%"
"22.05.2020","498,00","498,00","498,00","498,00","","0,81%"
"21.05.2020","494,00","494,00","494,00","494,00","","3,56%"
"20.05.2020","477,00","477,00","477,00","477,00","","5,30%"
"19.05.2020","453,00","453,00","453,00","453,00","","6,09%"
"18.05.2020","427,00","427,00","427,00","427,00","","4,91%"
"15.05.2020","407,00","407,00","407,00","407,00","","3,56%"
"14.05.2020","393,00","393,00","393,00","393,00","","-1,26%"
"13.05.2020","398,00","398,00","398,00","398,00","","-8,08%"
"12.05.2020","433,00","433,00","433,00","433,00","","-8,65%"
"11.05.2020","474,00","474,00","474,00","474,00","","-7,78%"
"07.05.2020","514,00","514,00","514,00","514,00","","-3,75%"
"06.05.2020","534,00","534,00","534,00","534,00","","-7,13%"
"05.05.2020","575,00","575,00","575,00","575,00","","-3,85%"
"04.05.2020","598,00","598,00","598,00","598,00","","-3,08%"
"01.05.2020","617,00","617,00","617,00","617,00","","-2,83%"
"30.04.2020","635,00","635,00","635,00","635,00","","-1,24%"
"29.04.2020","643,00","643,00","643,00","643,00","","-1,83%"
"28.04.2020","655,00","655,00","655,00","655,00","","-0,91%"
"27.04.2020","661,00","661,00","661,00","661,00","","-0,60%"
"24.04.2020","665,00","665,00","665,00","665,00","","-1,04%"
"23.04.2020","672,00","672,00","672,00","672,00","","-3,17%"
"22.04.2020","694,00","694,00","694,00","694,00","","-4,67%"
"21.04.2020","728,00","728,00","728,00","728,00","","-3,83%"
"20.04.2020","757,00","757,00","757,00","757,00","","0,80%"
"17.04.2020","751,00","751,00","751,00","751,00","","3,44%"
"16.04.2020","726,00","726,00","726,00","726,00","","2,83%"
"15.04.2020","706,00","706,00","706,00","706,00","","3,98%"
"14.04.2020","679,00","679,00","679,00","679,00","","6,93%"
"09.04.2020","635,00","635,00","635,00","635,00","","4,61%"
"08.04.2020","607,00","607,00","607,00","607,00","","1,85%"
"07.04.2020","596,00","596,00","596,00","596,00","","-1,32%"
"06.04.2020","604,00","604,00","604,00","604,00","","-1,95%"
"03.04.2020","616,00","616,00","616,00","616,00","","-1,28%"
"02.04.2020","624,00","624,00","624,00","624,00","","0,00%"
"01.04.2020","624,00","624,00","624,00","624,00","","-0,32%"
"31.03.2020","626,00","626,00","626,00","626,00","","14,23%"
"30.03.2020","548,00","548,00","548,00","548,00","","-1,44%"
"27.03.2020","556,00","556,00","556,00","556,00","","-2,28%"
"26.03.2020","569,00","569,00","569,00","569,00","","-2,23%"
"25.03.2020","582,00","582,00","582,00","582,00","","-3,48%"
"24.03.2020","603,00","603,00","603,00","603,00","","-2,27%"
"23.03.2020","617,00","617,00","617,00","617,00","","-1,28%"
"20.03.2020","625,00","625,00","625,00","625,00","","-0,79%"
"19.03.2020","630,00","630,00","630,00","630,00","","0,16%"
"18.03.2020","629,00","629,00","629,00","629,00","","2,78%"
"17.03.2020","612,00","612,00","612,00","612,00","","-1,77%"
"16.03.2020","623,00","623,00","623,00","623,00","","-1,27%"
"13.03.2020","631,00","631,00","631,00","631,00","","-0,32%"
"12.03.2020","633,00","633,00","633,00","633,00","","0,32%"
"11.03.2020","631,00","631,00","631,00","631,00","","0,64%"
"10.03.2020","627,00","627,00","627,00","627,00","","1,79%"
"09.03.2020","616,00","616,00","616,00","616,00","","-0,16%"
"06.03.2020","617,00","617,00","617,00","617,00","","3,01%"
"05.03.2020","599,00","599,00","599,00","599,00","","6,58%"
"04.03.2020","562,00","562,00","562,00","562,00","","2,37%"
"03.03.2020","549,00","549,00","549,00","549,00","","1,86%"
"02.03.2020","539,00","539,00","539,00","539,00","","0,75%"
"28.02.2020","535,00","535,00","535,00","535,00","","1,13%"
"27.02.2020","529,00","529,00","529,00","529,00","","2,32%"
"26.02.2020","517,00","517,00","517,00","517,00","","1,77%"
"25.02.2020","508,00","508,00","508,00","508,00","","0,40%"
"24.02.2020","506,00","506,00","506,00","506,00","","1,81%"
"21.02.2020","497,00","497,00","497,00","497,00","","3,54%"
"20.02.2020","480,00","480,00","480,00","480,00","","3,23%"
"19.02.2020","465,00","465,00","465,00","465,00","","3,33%"
"18.02.2020","450,00","450,00","450,00","450,00","","3,69%"
"17.02.2020","434,00","434,00","434,00","434,00","","2,12%"
"14.02.2020","425,00","425,00","425,00","425,00","","0,95%"
"13.02.2020","421,00","421,00","421,00","421,00","","0,00%"
"12.02.2020","421,00","421,00","421,00","421,00","","0,72%"
"11.02.2020","418,00","418,00","418,00","418,00","","1,70%"
"10.02.2020","411,00","411,00","411,00","411,00","","-0,96%"
"07.02.2020","415,00","415,00","415,00","415,00","","-3,71%"
"06.02.2020","431,00","431,00","431,00","431,00","","0,23%"
"05.02.2020","430,00","430,00","430,00","430,00","","-5,08%"
"04.02.2020","453,00","453,00","453,00","453,00","","-2,79%"
"03.02.2020","466,00","466,00","466,00","466,00","","-4,31%"
"31.01.2020","487,00","487,00","487,00","487,00","","-2,21%"
"30.01.2020","498,00","498,00","498,00","498,00","","-5,14%"
"29.01.2020","525,00","525,00","525,00","525,00","","-2,60%"
"28.01.2020","539,00","539,00","539,00","539,00","","-1,28%"
"27.01.2020","546,00","546,00","546,00","546,00","","-1,97%"
"24.01.2020","557,00","557,00","557,00","557,00","","-3,30%"
"23.01.2020","576,00","576,00","576,00","576,00","","-7,54%"
"22.01.2020","623,00","623,00","623,00","623,00","","-9,58%"
"21.01.2020","689,00","689,00","689,00","689,00","","-5,49%"
"20.01.2020","729,00","729,00","729,00","729,00","","-3,32%"
"17.01.2020","754,00","754,00","754,00","754,00","","-1,82%"
"16.01.2020","768,00","768,00","768,00","768,00","","0,00%"
"15.01.2020","768,00","768,00","768,00","768,00","","0,66%"
"14.01.2020","763,00","763,00","763,00","763,00","","-0,26%"
"13.01.2020","765,00","765,00","765,00","765,00","","-1,16%"
"10.01.2020","774,00","774,00","774,00","774,00","","0,26%"
"09.01.2020","772,00","772,00","772,00","772,00","","-0,13%"
"08.01.2020","773,00","773,00","773,00","773,00","","-2,28%"
"07.01.2020","791,00","791,00","791,00","791,00","","-6,28%"
"06.01.2020","844,00","844,00","844,00","844,00","","-6,95%"
"03.01.2020","907,00","907,00","907,00","907,00","","-7,07%"
"02.01.2020","976,00","976,00","976,00","976,00","","-10,46%"
"24.12.2019","1.090,00","1.090,00","1.090,00","1.090,00","","-1,18%"
"23.12.2019","1.103,00","1.103,00","1.103,00","1.103,00","","-1,78%"
"20.12.2019","1.123,00","1.123,00","1.123,00","1.123,00","","-2,43%"
"19.12.2019","1.151,00","1.151,00","1.151,00","1.151,00","","-5,73%"
"18.12.2019","1.221,00","1.221,00","1.221,00","1.221,00","","-4,68%"
"17.12.2019","1.281,00","1.281,00","1.281,00","1.281,00","","-2,59%"
"16.12.2019","1.315,00","1.315,00","1.315,00","1.315,00","","-2,95%"
"13.12.2019","1.355,00","1.355,00","1.355,00","1.355,00","","-2,38%"
"12.12.2019","1.388,00","1.388,00","1.388,00","1.388,00","","-4,93%"
"11.12.2019","1.460,00","1.460,00","1.460,00","1.460,00","","-4,45%"
"10.12.2019","1.528,00","1.528,00","1.528,00","1.528,00","","-1,48%"
"09.12.2019","1.551,00","1.551,00","1.551,00","1.551,00","","-0,45%"
"06.12.2019","1.558,00","1.558,00","1.558,00","1.558,00","","-1,08%"
"05.12.2019","1.575,00","1.575,00","1.575,00","1.575,00","","-1,50%"
"04.12.2019","1.599,00","1.599,00","1.599,00","1.599,00","","-0,44%"
"03.12.2019","1.606,00","1.606,00","1.606,00","1.606,00","","2,42%"
"02.12.2019","1.568,00","1.568,00","1.568,00","1.568,00","","2,62%"
"29.11.2019","1.528,00","1.528,00","1.528,00","1.528,00","","4,16%"
"28.11.2019","1.467,00","1.467,00","1.467,00","1.467,00","","1,88%"
"27.11.2019","1.440,00","1.440,00","1.440,00","1.440,00","","0,98%"
"26.11.2019","1.426,00","1.426,00","1.426,00","1.426,00","","5,55%"
"25.11.2019","1.351,00","1.351,00","1.351,00","1.351,00","","5,22%"
"22.11.2019","1.284,00","1.284,00","1.284,00","1.284,00","","2,31%"
"21.11.2019","1.255,00","1.255,00","1.255,00","1.255,00","","-0,40%"
"20.11.2019","1.260,00","1.260,00","1.260,00","1.260,00","","-3,37%"
"19.11.2019","1.304,00","1.304,00","1.304,00","1.304,00","","-2,54%"
"18.11.2019","1.338,00","1.338,00","1.338,00","1.338,00","","-1,40%"
"15.11.2019","1.357,00","1.357,00","1.357,00","1.357,00","","-0,51%"
"14.11.2019","1.364,00","1.364,00","1.364,00","1.364,00","","-0,07%"
"13.11.2019","1.365,00","1.365,00","1.365,00","1.365,00","","0,81%"
"12.11.2019","1.354,00","1.354,00","1.354,00","1.354,00","","0,67%"
"11.11.2019","1.345,00","1.345,00","1.345,00","1.345,00","","-2,39%"
"08.11.2019","1.378,00","1.378,00","1.378,00","1.378,00","","-3,50%"
"07.11.2019","1.428,00","1.428,00","1.428,00","1.428,00","","-6,85%"
"06.11.2019","1.533,00","1.533,00","1.533,00","1.533,00","","-7,43%"
"05.11.2019","1.656,00","1.656,00","1.656,00","1.656,00","","-1,13%"
"04.11.2019","1.675,00","1.675,00","1.675,00","1.675,00","","-1,30%"
"01.11.2019","1.697,00","1.697,00","1.697,00","1.697,00","","-1,96%"
"31.10.2019","1.731,00","1.731,00","1.731,00","1.731,00","","-2,86%"
"30.10.2019","1.782,00","1.782,00","1.782,00","1.782,00","","-1,11%"
"29.10.2019","1.802,00","1.802,00","1.802,00","1.802,00","","-0,06%"
"28.10.2019","1.803,00","1.803,00","1.803,00","1.803,00","","0,11%"
"25.10.2019","1.801,00","1.801,00","1.801,00","1.801,00","","0,90%"
"24.10.2019","1.785,00","1.785,00","1.785,00","1.785,00","","0,34%"
"23.10.2019","1.779,00","1.779,00","1.779,00","1.779,00","","-1,50%"
"22.10.2019","1.806,00","1.806,00","1.806,00","1.806,00","","-2,17%"
"21.10.2019","1.846,00","1.846,00","1.846,00","1.846,00","","-0,49%"
"18.10.2019","1.855,00","1.855,00","1.855,00","1.855,00","","-0,32%"
"17.10.2019","1.861,00","1.861,00","1.861,00","1.861,00","","-1,90%"
"16.10.2019","1.897,00","1.897,00","1.897,00","1.897,00","","-0,05%"
"15.10.2019","1.898,00","1.898,00","1.898,00","1.898,00","","-0,94%"
"14.10.2019","1.916,00","1.916,00","1.916,00","1.916,00","","-0,42%"
"11.10.2019","1.924,00","1.924,00","1.924,00","1.924,00","","-0,26%"
"10.10.2019","1.929,00","1.929,00","1.929,00","1.929,00","","2,99%"
"09.10.2019","1.873,00","1.873,00","1.873,00","1.873,00","","4,00%"
"08.10.2019","1.801,00","1.801,00","1.801,00","1.801,00","","1,75%"
"07.10.2019","1.770,00","1.770,00","1.770,00","1.770,00","","0,17%"
"04.10.2019","1.767,00","1.767,00","1.767,00","1.767,00","","0,57%"
"03.10.2019","1.757,00","1.757,00","1.757,00","1.757,00","","-2,55%"
"02.10.2019","1.803,00","1.803,00","1.803,00","1.803,00","","-0,33%"
"01.10.2019","1.809,00","1.809,00","1.809,00","1.809,00","","-0,77%"
"30.09.2019","1.823,00","1.823,00","1.823,00","1.823,00","","-1,83%"
"27.09.2019","1.857,00","1.857,00","1.857,00","1.857,00","","-5,40%"
"26.09.2019","1.963,00","1.963,00","1.963,00","1.963,00","","-4,38%"
"25.09.2019","2.053,00","2.053,00","2.053,00","2.053,00","","-2,98%"
"24.09.2019","2.116,00","2.116,00","2.116,00","2.116,00","","0,38%"
"23.09.2019","2.108,00","2.108,00","2.108,00","2.108,00","","-1,08%"
"20.09.2019","2.131,00","2.131,00","2.131,00","2.131,00","","-2,78%"
"19.09.2019","2.192,00","2.192,00","2.192,00","2.192,00","","-3,27%"
"18.09.2019","2.266,00","2.266,00","2.266,00","2.266,00","","-0,74%"
"17.09.2019","2.283,00","2.283,00","2.283,00","2.283,00","","-1,21%"
"16.09.2019","2.311,00","2.311,00","2.311,00","2.311,00","","-0,04%"
"13.09.2019","2.312,00","2.312,00","2.312,00","2.312,00","","-0,82%"
"12.09.2019","2.331,00","2.331,00","2.331,00","2.331,00","","-1,48%"
"11.09.2019","2.366,00","2.366,00","2.366,00","2.366,00","","-1,13%"
"10.09.2019","2.393,00","2.393,00","2.393,00","2.393,00","","-1,20%"
"09.09.2019","2.422,00","2.422,00","2.422,00","2.422,00","","-1,62%"
"06.09.2019","2.462,00","2.462,00","2.462,00","2.462,00","","-1,48%"
"05.09.2019","2.499,00","2.499,00","2.499,00","2.499,00","","-0,75%"
"04.09.2019","2.518,00","2.518,00","2.518,00","2.518,00","","0,68%"
"03.09.2019","2.501,00","2.501,00","2.501,00","2.501,00","","2,42%"
"02.09.2019","2.442,00","2.442,00","2.442,00","2.442,00","","2,69%"
"30.08.2019","2.378,00","2.378,00","2.378,00","2.378,00","","4,44%"
"29.08.2019","2.277,00","2.277,00","2.277,00","2.277,00","","0,44%"
"28.08.2019","2.267,00","2.267,00","2.267,00","2.267,00","","2,44%"
"27.08.2019","2.213,00","2.213,00","2.213,00","2.213,00","","2,08%"
"23.08.2019","2.168,00","2.168,00","2.168,00","2.168,00","","2,36%"
"22.08.2019","2.118,00","2.118,00","2.118,00","2.118,00","","2,77%"
"21.08.2019","2.061,00","2.061,00","2.061,00","2.061,00","","0,10%"
"20.08.2019","2.059,00","2.059,00","2.059,00","2.059,00","","-0,39%"
"19.08.2019","2.067,00","2.067,00","2.067,00","2.067,00","","-1,01%"
"16.08.2019","2.088,00","2.088,00","2.088,00","2.088,00","","2,00%"
"15.08.2019","2.047,00","2.047,00","2.047,00","2.047,00","","4,97%"
"14.08.2019","1.950,00","1.950,00","1.950,00","1.950,00","","4,61%"
"13.08.2019","1.864,00","1.864,00","1.864,00","1.864,00","","5,07%"
"12.08.2019","1.774,00","1.774,00","1.774,00","1.774,00","","1,49%"
"09.08.2019","1.748,00","1.748,00","1.748,00","1.748,00","","1,63%"
"08.08.2019","1.720,00","1.720,00","1.720,00","1.720,00","","0,47%"
"07.08.2019","1.712,00","1.712,00","1.712,00","1.712,00","","-1,27%"
"06.08.2019","1.734,00","1.734,00","1.734,00","1.734,00","","-2,25%"
"05.08.2019","1.774,00","1.774,00","1.774,00","1.774,00","","-0,78%"
"02.08.2019","1.788,00","1.788,00","1.788,00","1.788,00","","-1,32%"
"01.08.2019","1.812,00","1.812,00","1.812,00","1.812,00","","-3,00%"
"31.07.2019","1.868,00","1.868,00","1.868,00","1.868,00","","-1,63%"
"30.07.2019","1.899,00","1.899,00","1.899,00","1.899,00","","-1,20%"
"29.07.2019","1.922,00","1.922,00","1.922,00","1.922,00","","-0,77%"
"26.07.2019","1.937,00","1.937,00","1.937,00","1.937,00","","-0,51%"
"25.07.2019","1.947,00","1.947,00","1.947,00","1.947,00","","-3,33%"
"24.07.2019","2.014,00","2.014,00","2.014,00","2.014,00","","-6,97%"
"23.07.2019","2.165,00","2.165,00","2.165,00","2.165,00","","-1,19%"
"22.07.2019","2.191,00","2.191,00","2.191,00","2.191,00","","0,97%"
"19.07.2019","2.170,00","2.170,00","2.170,00","2.170,00","","1,88%"
"18.07.2019","2.130,00","2.130,00","2.130,00","2.130,00","","3,20%"
"17.07.2019","2.064,00","2.064,00","2.064,00","2.064,00","","2,64%"
"16.07.2019","2.011,00","2.011,00","2.011,00","2.011,00","","4,30%"
"15.07.2019","1.928,00","1.928,00","1.928,00","1.928,00","","3,38%"
"12.07.2019","1.865,00","1.865,00","1.865,00","1.865,00","","2,70%"
"11.07.2019","1.816,00","1.816,00","1.816,00","1.816,00","","2,19%"
"10.07.2019","1.777,00","1.777,00","1.777,00","1.777,00","","1,02%"
"09.07.2019","1.759,00","1.759,00","1.759,00","1.759,00","","1,97%"
"08.07.2019","1.725,00","1.725,00","1.725,00","1.725,00","","-0,86%"
"05.07.2019","1.740,00","1.740,00","1.740,00","1.740,00","","2,35%"
"04.07.2019","1.700,00","1.700,00","1.700,00","1.700,00","","9,75%"
"03.07.2019","1.549,00","1.549,00","1.549,00","1.549,00","","7,12%"
"02.07.2019","1.446,00","1.446,00","1.446,00","1.446,00","","4,71%"
"01.07.2019","1.381,00","1.381,00","1.381,00","1.381,00","","1,99%"
"28.06.2019","1.354,00","1.354,00","1.354,00","1.354,00","","1,04%"
"27.06.2019","1.340,00","1.340,00","1.340,00","1.340,00","","1,75%"
"26.06.2019","1.317,00","1.317,00","1.317,00","1.317,00","","2,89%"
"25.06.2019","1.280,00","1.280,00","1.280,00","1.280,00","","1,75%"
"24.06.2019","1.258,00","1.258,00","1.258,00","1.258,00","","1,53%"
"21.06.2019","1.239,00","1.239,00","1.239,00","1.239,00","","3,77%"
"20.06.2019","1.194,00","1.194,00","1.194,00","1.194,00","","1,27%"
"19.06.2019","1.179,00","1.179,00","1.179,00","1.179,00","","3,88%"
"18.06.2019","1.135,00","1.135,00","1.135,00","1.135,00","","3,84%"
"17.06.2019","1.093,00","1.093,00","1.093,00","1.093,00","","0,74%"
"14.06.2019","1.085,00","1.085,00","1.085,00","1.085,00","","2,17%"
"13.06.2019","1.062,00","1.062,00","1.062,00","1.062,00","","-1,67%"
"12.06.2019","1.080,00","1.080,00","1.080,00","1.080,00","","-2,26%"
"11.06.2019","1.105,00","1.105,00","1.105,00","1.105,00","","-1,78%"
"10.06.2019","1.125,00","1.125,00","1.125,00","1.125,00","","-1,14%"
"07.06.2019","1.138,00","1.138,00","1.138,00","1.138,00","","0,00%"
"06.06.2019","1.138,00","1.138,00","1.138,00","1.138,00","","-0,26%"
"05.06.2019","1.141,00","1.141,00","1.141,00","1.141,00","","1,69%"
"04.06.2019","1.122,00","1.122,00","1.122,00","1.122,00","","1,72%"
"03.06.2019","1.103,00","1.103,00","1.103,00","1.103,00","","0,64%"
"31.05.2019","1.096,00","1.096,00","1.096,00","1.096,00","","-0,09%"
"30.05.2019","1.097,00","1.097,00","1.097,00","1.097,00","","-0,90%"
"29.05.2019","1.107,00","1.107,00","1.107,00","1.107,00","","2,31%"
"28.05.2019","1.082,00","1.082,00","1.082,00","1.082,00","","1,50%"
"24.05.2019","1.066,00","1.066,00","1.066,00","1.066,00","","-0,19%"
"23.05.2019","1.068,00","1.068,00","1.068,00","1.068,00","","0,85%"
"22.05.2019","1.059,00","1.059,00","1.059,00","1.059,00","","0,95%"
"21.05.2019","1.049,00","1.049,00","1.049,00","1.049,00","","0,77%"
"20.05.2019","1.041,00","1.041,00","1.041,00","1.041,00","","0,10%"
"17.05.2019","1.040,00","1.040,00","1.040,00","1.040,00","","0,78%"
"16.05.2019","1.032,00","1.032,00","1.032,00","1.032,00","","0,00%"
"15.05.2019","1.032,00","1.032,00","1.032,00","1.032,00","","-1,05%"
"14.05.2019","1.043,00","1.043,00","1.043,00","1.043,00","","1,66%"
"13.05.2019","1.026,00","1.026,00","1.026,00","1.026,00","","1,28%"
"10.05.2019","1.013,00","1.013,00","1.013,00","1.013,00","","4,00%"
"09.05.2019","974,00","974,00","974,00","974,00","","3,62%"
"08.05.2019","940,00","940,00","940,00","940,00","","0,43%"
"07.05.2019","936,00","936,00","936,00","936,00","","-4,97%"
"03.05.2019","985,00","985,00","985,00","985,00","","-4,55%"
"02.05.2019","1.032,00","1.032,00","1.032,00","1.032,00","","0,10%"
"01.05.2019","1.031,00","1.031,00","1.031,00","1.031,00","","1,98%"
"30.04.2019","1.011,00","1.011,00","1.011,00","1.011,00","","10,73%"
"29.04.2019","913,00","913,00","913,00","913,00","","2,70%"
"26.04.2019","889,00","889,00","889,00","889,00","","2,30%"
"25.04.2019","869,00","869,00","869,00","869,00","","2,24%"
"24.04.2019","850,00","850,00","850,00","850,00","","3,53%"
"23.04.2019","821,00","821,00","821,00","821,00","","3,92%"
"18.04.2019","790,00","790,00","790,00","790,00","","3,00%"
"17.04.2019","767,00","767,00","767,00","767,00","","2,40%"
"16.04.2019","749,00","749,00","749,00","749,00","","1,49%"
"15.04.2019","738,00","738,00","738,00","738,00","","1,65%"
"12.04.2019","726,00","726,00","726,00","726,00","","-0,27%"
"11.04.2019","728,00","728,00","728,00","728,00","","-0,82%"
"10.04.2019","734,00","734,00","734,00","734,00","","1,24%"
"09.04.2019","725,00","725,00","725,00","725,00","","1,54%"
"08.04.2019","714,00","714,00","714,00","714,00","","0,42%"
"05.04.2019","711,00","711,00","711,00","711,00","","1,72%"
"04.04.2019","699,00","699,00","699,00","699,00","","4,02%"
"03.04.2019","672,00","672,00","672,00","672,00","","-0,30%"
"02.04.2019","674,00","674,00","674,00","674,00","","-1,61%"
"01.04.2019","685,00","685,00","685,00","685,00","","-0,58%"
"29.03.2019","689,00","689,00","689,00","689,00","","-0,43%"
"28.03.2019","692,00","692,00","692,00","692,00","","0,29%"
"27.03.2019","690,00","690,00","690,00","690,00","","1,02%"
"26.03.2019","683,00","683,00","683,00","683,00","","-0,87%"
"25.03.2019","689,00","689,00","689,00","689,00","","-0,14%"
"22.03.2019","690,00","690,00","690,00","690,00","","-0,72%"
"21.03.2019","695,00","695,00","695,00","695,00","","-1,97%"
"20.03.2019","709,00","709,00","709,00","709,00","","-0,42%"
"19.03.2019","712,00","712,00","712,00","712,00","","-1,25%"
"18.03.2019","721,00","721,00","721,00","721,00","","-1,23%"
"15.03.2019","730,00","730,00","730,00","730,00","","7,83%"
"14.03.2019","677,00","677,00","677,00","677,00","","3,52%"
"13.03.2019","654,00","654,00","654,00","654,00","","1,08%"
"12.03.2019","647,00","647,00","647,00","647,00","","0,31%"
"11.03.2019","645,00","645,00","645,00","645,00","","-0,62%"
"08.03.2019","649,00","649,00","649,00","649,00","","-1,22%"
"07.03.2019","657,00","657,00","657,00","657,00","","-1,05%"
"06.03.2019","664,00","664,00","664,00","664,00","","0,15%"
"05.03.2019","663,00","663,00","663,00","663,00","","-0,90%"
"04.03.2019","669,00","669,00","669,00","669,00","","0,75%"
"01.03.2019","664,00","664,00","664,00","664,00","","0,91%"
"28.02.2019","658,00","658,00","658,00","658,00","","1,08%"
"27.02.2019","651,00","651,00","651,00","651,00","","0,31%"
"26.02.2019","649,00","649,00","649,00","649,00","","1,88%"
"25.02.2019","637,00","637,00","637,00","637,00","","0,47%"
"22.02.2019","634,00","634,00","634,00","634,00","","0,63%"
"21.02.2019","630,00","630,00","630,00","630,00","","1,29%"
"20.02.2019","622,00","622,00","622,00","622,00","","-2,05%"
"19.02.2019","635,00","635,00","635,00","635,00","","-1,24%"
"18.02.2019","643,00","643,00","643,00","643,00","","0,63%"
"15.02.2019","639,00","639,00","639,00","639,00","","1,75%"
"14.02.2019","628,00","628,00","628,00","628,00","","3,29%"
"13.02.2019","608,00","608,00","608,00","608,00","","1,67%"
"12.02.2019","598,00","598,00","598,00","598,00","","0,50%"
"11.02.2019","595,00","595,00","595,00","595,00","","-1,00%"
"08.02.2019","601,00","601,00","601,00","601,00","","-1,48%"
"07.02.2019","610,00","610,00","610,00","610,00","","-3,02%"
"06.02.2019","629,00","629,00","629,00","629,00","","0,00%"
"05.02.2019","629,00","629,00","629,00","629,00","","-0,79%"
"04.02.2019","634,00","634,00","634,00","634,00","","-1,71%"
"01.02.2019","645,00","645,00","645,00","645,00","","-3,44%"
"31.01.2019","668,00","668,00","668,00","668,00","","-7,35%"
"30.01.2019","721,00","721,00","721,00","721,00","","-9,54%"
"29.01.2019","797,00","797,00","797,00","797,00","","-6,46%"
"28.01.2019","852,00","852,00","852,00","852,00","","-5,86%"
"25.01.2019","905,00","905,00","905,00","905,00","","-3,62%"
"24.01.2019","939,00","939,00","939,00","939,00","","-4,38%"
"23.01.2019","982,00","982,00","982,00","982,00","","-5,21%"
"22.01.2019","1.036,00","1.036,00","1.036,00","1.036,00","","-5,13%"
"21.01.2019","1.092,00","1.092,00","1.092,00","1.092,00","","-1,80%"
"18.01.2019","1.112,00","1.112,00","1.112,00","1.112,00","","3,25%"
"17.01.2019","1.077,00","1.077,00","1.077,00","1.077,00","","2,09%"
"16.01.2019","1.055,00","1.055,00","1.055,00","1.055,00","","-3,74%"
"15.01.2019","1.096,00","1.096,00","1.096,00","1.096,00","","-4,45%"
"14.01.2019","1.147,00","1.147,00","1.147,00","1.147,00","","-1,88%"
"11.01.2019","1.169,00","1.169,00","1.169,00","1.169,00","","-1,68%"
"10.01.2019","1.189,00","1.189,00","1.189,00","1.189,00","","-3,96%"
"09.01.2019","1.238,00","1.238,00","1.238,00","1.238,00","","-1,90%"
"08.01.2019","1.262,00","1.262,00","1.262,00","1.262,00","","1,20%"
"07.01.2019","1.247,00","1.247,00","1.247,00","1.247,00","","-1,03%"
"04.01.2019","1.260,00","1.260,00","1.260,00","1.260,00","","-0,55%"
"03.01.2019","1.267,00","1.267,00","1.267,00","1.267,00","","-1,17%"
"02.01.2019","1.282,00","1.282,00","1.282,00","1.282,00","","0,87%"
"24.12.2018","1.271,00","1.271,00","1.271,00","1.271,00","","-0,63%"
"21.12.2018","1.279,00","1.279,00","1.279,00","1.279,00","","-2,96%"
"20.12.2018","1.318,00","1.318,00","1.318,00","1.318,00","","-4,35%"
"19.12.2018","1.378,00","1.378,00","1.378,00","1.378,00","","-1,22%"
"18.12.2018","1.395,00","1.395,00","1.395,00","1.395,00","","-0,78%"
"17.12.2018","1.406,00","1.406,00","1.406,00","1.406,00","","0,36%"
"14.12.2018","1.401,00","1.401,00","1.401,00","1.401,00","","2,64%"
"13.12.2018","1.365,00","1.365,00","1.365,00","1.365,00","","0,89%"
"12.12.2018","1.353,00","1.353,00","1.353,00","1.353,00","","-0,81%"
"11.12.2018","1.364,00","1.364,00","1.364,00","1.364,00","","-1,52%"
"10.12.2018","1.385,00","1.385,00","1.385,00","1.385,00","","0,95%"
"07.12.2018","1.372,00","1.372,00","1.372,00","1.372,00","","2,46%"
"06.12.2018","1.339,00","1.339,00","1.339,00","1.339,00","","3,32%"
"05.12.2018","1.296,00","1.296,00","1.296,00","1.296,00","","4,77%"
"04.12.2018","1.237,00","1.237,00","1.237,00","1.237,00","","2,83%"
"03.12.2018","1.203,00","1.203,00","1.203,00","1.203,00","","-2,27%"
"30.11.2018","1.231,00","1.231,00","1.231,00","1.231,00","","-3,90%"
"29.11.2018","1.281,00","1.281,00","1.281,00","1.281,00","","-3,68%"
"28.11.2018","1.330,00","1.330,00","1.330,00","1.330,00","","-0,67%"
"27.11.2018","1.339,00","1.339,00","1.339,00","1.339,00","","10,02%"
"26.11.2018","1.217,00","1.217,00","1.217,00","1.217,00","","11,34%"
"23.11.2018","1.093,00","1.093,00","1.093,00","1.093,00","","7,37%"
"22.11.2018","1.018,00","1.018,00","1.018,00","1.018,00","","0,99%"
"21.11.2018","1.008,00","1.008,00","1.008,00","1.008,00","","0,50%"
"20.11.2018","1.003,00","1.003,00","1.003,00","1.003,00","","-1,96%"
"19.11.2018","1.023,00","1.023,00","1.023,00","1.023,00","","-0,78%"
"16.11.2018","1.031,00","1.031,00","1.031,00","1.031,00","","1,08%"
"15.11.2018","1.020,00","1.020,00","1.020,00","1.020,00","","1,09%"
"14.11.2018","1.009,00","1.009,00","1.009,00","1.009,00","","-5,17%"
"13.11.2018","1.064,00","1.064,00","1.064,00","1.064,00","","-5,42%"
"12.11.2018","1.125,00","1.125,00","1.125,00","1.125,00","","-1,92%"
"09.11.2018","1.147,00","1.147,00","1.147,00","1.147,00","","-6,82%"
"08.11.2018","1.231,00","1.231,00","1.231,00","1.231,00","","-5,60%"
"07.11.2018","1.304,00","1.304,00","1.304,00","1.304,00","","-6,52%"
"06.11.2018","1.395,00","1.395,00","1.395,00","1.395,00","","-2,31%"
"05.11.2018","1.428,00","1.428,00","1.428,00","1.428,00","","-1,99%"
"02.11.2018","1.457,00","1.457,00","1.457,00","1.457,00","","-0,88%"
"01.11.2018","1.470,00","1.470,00","1.470,00","1.470,00","","-1,34%"
"31.10.2018","1.490,00","1.490,00","1.490,00","1.490,00","","-1,52%"
"30.10.2018","1.513,00","1.513,00","1.513,00","1.513,00","","-0,59%"
"29.10.2018","1.522,00","1.522,00","1.522,00","1.522,00","","0,20%"
"26.10.2018","1.519,00","1.519,00","1.519,00","1.519,00","","0,20%"
"25.10.2018","1.516,00","1.516,00","1.516,00","1.516,00","","-1,94%"
"24.10.2018","1.546,00","1.546,00","1.546,00","1.546,00","","-1,97%"
"23.10.2018","1.577,00","1.577,00","1.577,00","1.577,00","","-0,13%"
"22.10.2018","1.579,00","1.579,00","1.579,00","1.579,00","","0,19%"
"19.10.2018","1.576,00","1.576,00","1.576,00","1.576,00","","0,70%"
"18.10.2018","1.565,00","1.565,00","1.565,00","1.565,00","","0,71%"
"17.10.2018","1.554,00","1.554,00","1.554,00","1.554,00","","-1,52%"
"16.10.2018","1.578,00","1.578,00","1.578,00","1.578,00","","-0,38%"
"15.10.2018","1.584,00","1.584,00","1.584,00","1.584,00","","0,32%"
"12.10.2018","1.579,00","1.579,00","1.579,00","1.579,00","","4,22%"
"11.10.2018","1.515,00","1.515,00","1.515,00","1.515,00","","1,47%"
"10.10.2018","1.493,00","1.493,00","1.493,00","1.493,00","","-0,67%"
"09.10.2018","1.503,00","1.503,00","1.503,00","1.503,00","","-1,76%"
"08.10.2018","1.530,00","1.530,00","1.530,00","1.530,00","","-0,39%"
"05.10.2018","1.536,00","1.536,00","1.536,00","1.536,00","","-1,16%"
"04.10.2018","1.554,00","1.554,00","1.554,00","1.554,00","","-1,27%"
"03.10.2018","1.574,00","1.574,00","1.574,00","1.574,00","","0,25%"
"02.10.2018","1.570,00","1.570,00","1.570,00","1.570,00","","0,96%"
"01.10.2018","1.555,00","1.555,00","1.555,00","1.555,00","","0,97%"
"28.09.2018","1.540,00","1.540,00","1.540,00","1.540,00","","1,05%"
"27.09.2018","1.524,00","1.524,00","1.524,00","1.524,00","","1,40%"
"26.09.2018","1.503,00","1.503,00","1.503,00","1.503,00","","3,66%"
"25.09.2018","1.450,00","1.450,00","1.450,00","1.450,00","","1,12%"
"24.09.2018","1.434,00","1.434,00","1.434,00","1.434,00","","1,49%"
"21.09.2018","1.413,00","1.413,00","1.413,00","1.413,00","","1,22%"
"20.09.2018","1.396,00","1.396,00","1.396,00","1.396,00","","1,68%"
"19.09.2018","1.373,00","1.373,00","1.373,00","1.373,00","","1,25%"
"18.09.2018","1.356,00","1.356,00","1.356,00","1.356,00","","-0,07%"
"17.09.2018","1.357,00","1.357,00","1.357,00","1.357,00","","-0,66%"
"14.09.2018","1.366,00","1.366,00","1.366,00","1.366,00","","-1,16%"
"13.09.2018","1.382,00","1.382,00","1.382,00","1.382,00","","-2,06%"
"12.09.2018","1.411,00","1.411,00","1.411,00","1.411,00","","-1,95%"
"11.09.2018","1.439,00","1.439,00","1.439,00","1.439,00","","-2,90%"
"10.09.2018","1.482,00","1.482,00","1.482,00","1.482,00","","-0,54%"
"07.09.2018","1.490,00","1.490,00","1.490,00","1.490,00","","0,40%"
"06.09.2018","1.484,00","1.484,00","1.484,00","1.484,00","","0,47%"
"05.09.2018","1.477,00","1.477,00","1.477,00","1.477,00","","-2,38%"
"04.09.2018","1.513,00","1.513,00","1.513,00","1.513,00","","-2,83%"
"03.09.2018","1.557,00","1.557,00","1.557,00","1.557,00","","-1,39%"
"31.08.2018","1.579,00","1.579,00","1.579,00","1.579,00","","-2,17%"
"30.08.2018","1.614,00","1.614,00","1.614,00","1.614,00","","-2,83%"
"29.08.2018","1.661,00","1.661,00","1.661,00","1.661,00","","-1,37%"
"28.08.2018","1.684,00","1.684,00","1.684,00","1.684,00","","-0,77%"
"24.08.2018","1.697,00","1.697,00","1.697,00","1.697,00","","-0,70%"
"23.08.2018","1.709,00","1.709,00","1.709,00","1.709,00","","-1,50%"
"22.08.2018","1.735,00","1.735,00","1.735,00","1.735,00","","-0,06%"
"21.08.2018","1.736,00","1.736,00","1.736,00","1.736,00","","0,52%"
"20.08.2018","1.727,00","1.727,00","1.727,00","1.727,00","","0,23%"
"17.08.2018","1.723,00","1.723,00","1.723,00","1.723,00","","0,17%"
"16.08.2018","1.720,00","1.720,00","1.720,00","1.720,00","","-0,41%"
"15.08.2018","1.727,00","1.727,00","1.727,00","1.727,00","","0,12%"
"14.08.2018","1.725,00","1.725,00","1.725,00","1.725,00","","0,94%"
"13.08.2018","1.709,00","1.709,00","1.709,00","1.709,00","","1,06%"
"10.08.2018","1.691,00","1.691,00","1.691,00","1.691,00","","-0,18%"
"09.08.2018","1.694,00","1.694,00","1.694,00","1.694,00","","-0,59%"
"08.08.2018","1.704,00","1.704,00","1.704,00","1.704,00","","-1,62%"
"07.08.2018","1.732,00","1.732,00","1.732,00","1.732,00","","-2,31%"
"06.08.2018","1.773,00","1.773,00","1.773,00","1.773,00","","0,00%"
"03.08.2018","1.773,00","1.773,00","1.773,00","1.773,00","","0,97%"
"02.08.2018","1.756,00","1.756,00","1.756,00","1.756,00","","-0,23%"
"01.08.2018","1.760,00","1.760,00","1.760,00","1.760,00","","0,74%"
"31.07.2018","1.747,00","1.747,00","1.747,00","1.747,00","","2,58%"
"30.07.2018","1.703,00","1.703,00","1.703,00","1.703,00","","1,61%"
"27.07.2018","1.676,00","1.676,00","1.676,00","1.676,00","","-1,87%"
"26.07.2018","1.708,00","1.708,00","1.708,00","1.708,00","","-3,61%"
"25.07.2018","1.772,00","1.772,00","1.772,00","1.772,00","","-0,11%"
"24.07.2018","1.774,00","1.774,00","1.774,00","1.774,00","","3,26%"
"23.07.2018","1.718,00","1.718,00","1.718,00","1.718,00","","1,72%"
"20.07.2018","1.689,00","1.689,00","1.689,00","1.689,00","","1,93%"
"19.07.2018","1.657,00","1.657,00","1.657,00","1.657,00","","-1,84%"
"18.07.2018","1.688,00","1.688,00","1.688,00","1.688,00","","-1,92%"
"17.07.2018","1.721,00","1.721,00","1.721,00","1.721,00","","1,53%"
"16.07.2018","1.695,00","1.695,00","1.695,00","1.695,00","","1,74%"
"13.07.2018","1.666,00","1.666,00","1.666,00","1.666,00","","2,08%"
"12.07.2018","1.632,00","1.632,00","1.632,00","1.632,00","","2,90%"
"11.07.2018","1.586,00","1.586,00","1.586,00","1.586,00","","1,99%"
"10.07.2018","1.555,00","1.555,00","1.555,00","1.555,00","","-3,36%"
"09.07.2018","1.609,00","1.609,00","1.609,00","1.609,00","","-0,80%"
"06.07.2018","1.622,00","1.622,00","1.622,00","1.622,00","","0,62%"
"05.07.2018","1.612,00","1.612,00","1.612,00","1.612,00","","2,87%"
"04.07.2018","1.567,00","1.567,00","1.567,00","1.567,00","","6,17%"
"03.07.2018","1.476,00","1.476,00","1.476,00","1.476,00","","3,80%"
"02.07.2018","1.422,00","1.422,00","1.422,00","1.422,00","","2,67%"
"29.06.2018","1.385,00","1.385,00","1.385,00","1.385,00","","4,21%"
"28.06.2018","1.329,00","1.329,00","1.329,00","1.329,00","","1,53%"
"27.06.2018","1.309,00","1.309,00","1.309,00","1.309,00","","-1,06%"
"26.06.2018","1.323,00","1.323,00","1.323,00","1.323,00","","-0,75%"
"25.06.2018","1.333,00","1.333,00","1.333,00","1.333,00","","-0,60%"
"22.06.2018","1.341,00","1.341,00","1.341,00","1.341,00","","-0,45%"
"21.06.2018","1.347,00","1.347,00","1.347,00","1.347,00","","-1,89%"
"20.06.2018","1.373,00","1.373,00","1.373,00","1.373,00","","-3,24%"
"19.06.2018","1.419,00","1.419,00","1.419,00","1.419,00","","-1,60%"
"18.06.2018","1.442,00","1.442,00","1.442,00","1.442,00","","-0,21%"
"15.06.2018","1.445,00","1.445,00","1.445,00","1.445,00","","0,84%"
"14.06.2018","1.433,00","1.433,00","1.433,00","1.433,00","","2,07%"
"13.06.2018","1.404,00","1.404,00","1.404,00","1.404,00","","1,01%"
"12.06.2018","1.390,00","1.390,00","1.390,00","1.390,00","","0,22%"
"11.06.2018","1.387,00","1.387,00","1.387,00","1.387,00","","-0,29%"
"08.06.2018","1.391,00","1.391,00","1.391,00","1.391,00","","-0,29%"
"07.06.2018","1.395,00","1.395,00","1.395,00","1.395,00","","4,10%"
"06.06.2018","1.340,00","1.340,00","1.340,00","1.340,00","","7,29%"
"05.06.2018","1.249,00","1.249,00","1.249,00","1.249,00","","4,69%"
"04.06.2018","1.193,00","1.193,00","1.193,00","1.193,00","","3,20%"
"01.06.2018","1.156,00","1.156,00","1.156,00","1.156,00","","6,06%"
"31.05.2018","1.090,00","1.090,00","1.090,00","1.090,00","","4,61%"
"30.05.2018","1.042,00","1.042,00","1.042,00","1.042,00","","-1,42%"
"29.05.2018","1.057,00","1.057,00","1.057,00","1.057,00","","-1,86%"
"25.05.2018","1.077,00","1.077,00","1.077,00","1.077,00","","-2,89%"
"24.05.2018","1.109,00","1.109,00","1.109,00","1.109,00","","-4,56%"
"23.05.2018","1.162,00","1.162,00","1.162,00","1.162,00","","-3,09%"
"22.05.2018","1.199,00","1.199,00","1.199,00","1.199,00","","-3,23%"
"21.05.2018","1.239,00","1.239,00","1.239,00","1.239,00","","-2,67%"
"18.05.2018","1.273,00","1.273,00","1.273,00","1.273,00","","-2,45%"
"17.05.2018","1.305,00","1.305,00","1.305,00","1.305,00","","-6,99%"
"16.05.2018","1.403,00","1.403,00","1.403,00","1.403,00","","-4,43%"
"15.05.2018","1.468,00","1.468,00","1.468,00","1.468,00","","-0,54%"
"14.05.2018","1.476,00","1.476,00","1.476,00","1.476,00","","0,27%"
"11.05.2018","1.472,00","1.472,00","1.472,00","1.472,00","","1,31%"
"10.05.2018","1.453,00","1.453,00","1.453,00","1.453,00","","-0,82%"
"09.05.2018","1.465,00","1.465,00","1.465,00","1.465,00","","2,30%"
"08.05.2018","1.432,00","1.432,00","1.432,00","1.432,00","","3,47%"
"04.05.2018","1.384,00","1.384,00","1.384,00","1.384,00","","0,58%"
"03.05.2018","1.376,00","1.376,00","1.376,00","1.376,00","","2,23%"
"02.05.2018","1.346,00","1.346,00","1.346,00","1.346,00","","1,43%"
"01.05.2018","1.327,00","1.327,00","1.327,00","1.327,00","","-1,04%"
"30.04.2018","1.341,00","1.341,00","1.341,00","1.341,00","","-1,47%"
"27.04.2018","1.361,00","1.361,00","1.361,00","1.361,00","","-1,02%"
"26.04.2018","1.375,00","1.375,00","1.375,00","1.375,00","","-0,07%"
"25.04.2018","1.376,00","1.376,00","1.376,00","1.376,00","","3,46%"
"24.04.2018","1.330,00","1.330,00","1.330,00","1.330,00","","1,84%"
"23.04.2018","1.306,00","1.306,00","1.306,00","1.306,00","","1,95%"
"20.04.2018","1.281,00","1.281,00","1.281,00","1.281,00","","6,66%"
"19.04.2018","1.201,00","1.201,00","1.201,00","1.201,00","","6,85%"
"18.04.2018","1.124,00","1.124,00","1.124,00","1.124,00","","6,84%"
"17.04.2018","1.052,00","1.052,00","1.052,00","1.052,00","","2,63%"
"16.04.2018","1.025,00","1.025,00","1.025,00","1.025,00","","1,08%"
"13.04.2018","1.014,00","1.014,00","1.014,00","1.014,00","","2,11%"
"12.04.2018","993,00","993,00","993,00","993,00","","1,43%"
"11.04.2018","979,00","979,00","979,00","979,00","","0,51%"
"10.04.2018","974,00","974,00","974,00","974,00","","2,31%"
"09.04.2018","952,00","952,00","952,00","952,00","","0,42%"
"06.04.2018","948,00","948,00","948,00","948,00","","-0,52%"
"05.04.2018","953,00","953,00","953,00","953,00","","-2,46%"
"04.04.2018","977,00","977,00","977,00","977,00","","-3,84%"
"03.04.2018","1.016,00","1.016,00","1.016,00","1.016,00","","-3,70%"
"29.03.2018","1.055,00","1.055,00","1.055,00","1.055,00","","-2,31%"
"28.03.2018","1.080,00","1.080,00","1.080,00","1.080,00","","-3,31%"
"27.03.2018","1.117,00","1.117,00","1.117,00","1.117,00","","-0,80%"
"26.03.2018","1.126,00","1.126,00","1.126,00","1.126,00","","0,36%"
"23.03.2018","1.122,00","1.122,00","1.122,00","1.122,00","","0,45%"
"22.03.2018","1.117,00","1.117,00","1.117,00","1.117,00","","0,00%"
"21.03.2018","1.117,00","1.117,00","1.117,00","1.117,00","","-0,45%"
"20.03.2018","1.122,00","1.122,00","1.122,00","1.122,00","","-1,23%"
"19.03.2018","1.136,00","1.136,00","1.136,00","1.136,00","","-0,61%"
"16.03.2018","1.143,00","1.143,00","1.143,00","1.143,00","","-0,61%"
"15.03.2018","1.150,00","1.150,00","1.150,00","1.150,00","","-1,63%"
"14.03.2018","1.169,00","1.169,00","1.169,00","1.169,00","","-0,85%"
"13.03.2018","1.179,00","1.179,00","1.179,00","1.179,00","","-1,09%"
"12.03.2018","1.192,00","1.192,00","1.192,00","1.192,00","","-0,75%"
"09.03.2018","1.201,00","1.201,00","1.201,00","1.201,00","","0,33%"
"08.03.2018","1.197,00","1.197,00","1.197,00","1.197,00","","0,50%"
"07.03.2018","1.191,00","1.191,00","1.191,00","1.191,00","","-1,73%"
"06.03.2018","1.212,00","1.212,00","1.212,00","1.212,00","","0,17%"
"05.03.2018","1.210,00","1.210,00","1.210,00","1.210,00","","0,25%"
"02.03.2018","1.207,00","1.207,00","1.207,00","1.207,00","","0,92%"
"01.03.2018","1.196,00","1.196,00","1.196,00","1.196,00","","0,34%"
"28.02.2018","1.192,00","1.192,00","1.192,00","1.192,00","","0,34%"
"27.02.2018","1.188,00","1.188,00","1.188,00","1.188,00","","-0,25%"
"26.02.2018","1.191,00","1.191,00","1.191,00","1.191,00","","0,51%"
"23.02.2018","1.185,00","1.185,00","1.185,00","1.185,00","","1,54%"
"22.02.2018","1.167,00","1.167,00","1.167,00","1.167,00","","1,83%"
"21.02.2018","1.146,00","1.146,00","1.146,00","1.146,00","","2,60%"
"20.02.2018","1.117,00","1.117,00","1.117,00","1.117,00","","2,76%"
"19.02.2018","1.087,00","1.087,00","1.087,00","1.087,00","","0,28%"
"16.02.2018","1.084,00","1.084,00","1.084,00","1.084,00","","-0,46%"
"15.02.2018","1.089,00","1.089,00","1.089,00","1.089,00","","-0,55%"
"14.02.2018","1.095,00","1.095,00","1.095,00","1.095,00","","-1,71%"
"13.02.2018","1.114,00","1.114,00","1.114,00","1.114,00","","-0,80%"
"12.02.2018","1.123,00","1.123,00","1.123,00","1.123,00","","-0,18%"
"09.02.2018","1.125,00","1.125,00","1.125,00","1.125,00","","1,72%"
"08.02.2018","1.106,00","1.106,00","1.106,00","1.106,00","","0,82%"
"07.02.2018","1.097,00","1.097,00","1.097,00","1.097,00","","0,18%"
"06.02.2018","1.095,00","1.095,00","1.095,00","1.095,00","","1,20%"
"05.02.2018","1.082,00","1.082,00","1.082,00","1.082,00","","-1,19%"
"02.02.2018","1.095,00","1.095,00","1.095,00","1.095,00","","-1,71%"
"01.02.2018","1.114,00","1.114,00","1.114,00","1.114,00","","-3,30%"
"31.01.2018","1.152,00","1.152,00","1.152,00","1.152,00","","-3,27%"
"30.01.2018","1.191,00","1.191,00","1.191,00","1.191,00","","-1,89%"
"29.01.2018","1.214,00","1.214,00","1.214,00","1.214,00","","-0,41%"
"26.01.2018","1.219,00","1.219,00","1.219,00","1.219,00","","0,16%"
"25.01.2018","1.217,00","1.217,00","1.217,00","1.217,00","","1,42%"
"24.01.2018","1.200,00","1.200,00","1.200,00","1.200,00","","3,72%"
"23.01.2018","1.157,00","1.157,00","1.157,00","1.157,00","","2,48%"
"22.01.2018","1.129,00","1.129,00","1.129,00","1.129,00","","0,36%"
"19.01.2018","1.125,00","1.125,00","1.125,00","1.125,00","","-1,23%"
"18.01.2018","1.139,00","1.139,00","1.139,00","1.139,00","","-2,15%"
"17.01.2018","1.164,00","1.164,00","1.164,00","1.164,00","","-4,67%"
"16.01.2018","1.221,00","1.221,00","1.221,00","1.221,00","","-3,40%"
"15.01.2018","1.264,00","1.264,00","1.264,00","1.264,00","","-1,17%"
"12.01.2018","1.279,00","1.279,00","1.279,00","1.279,00","","-1,84%"
"11.01.2018","1.303,00","1.303,00","1.303,00","1.303,00","","-4,61%"
"10.01.2018","1.366,00","1.366,00","1.366,00","1.366,00","","-2,08%"
"09.01.2018","1.395,00","1.395,00","1.395,00","1.395,00","","0,72%"
"08.01.2018","1.385,00","1.385,00","1.385,00","1.385,00","","1,02%"
"05.01.2018","1.371,00","1.371,00","1.371,00","1.371,00","","2,24%"
"04.01.2018","1.341,00","1.341,00","1.341,00","1.341,00","","6,26%"
"03.01.2018","1.262,00","1.262,00","1.262,00","1.262,00","","2,60%"
"02.01.2018","1.230,00","1.230,00","1.230,00","1.230,00","","-9,96%"
"22.12.2017","1.366,00","1.366,00","1.366,00","1.366,00","","-4,48%"
"21.12.2017","1.430,00","1.430,00","1.430,00","1.430,00","","-3,12%"
"20.12.2017","1.476,00","1.476,00","1.476,00","1.476,00","","-4,59%"
"19.12.2017","1.547,00","1.547,00","1.547,00","1.547,00","","-2,58%"
"18.12.2017","1.588,00","1.588,00","1.588,00","1.588,00","","-1,91%"
"15.12.2017","1.619,00","1.619,00","1.619,00","1.619,00","","-2,94%"
"14.12.2017","1.668,00","1.668,00","1.668,00","1.668,00","","-3,58%"
"13.12.2017","1.730,00","1.730,00","1.730,00","1.730,00","","-0,75%"
"12.12.2017","1.743,00","1.743,00","1.743,00","1.743,00","","0,93%"
"11.12.2017","1.727,00","1.727,00","1.727,00","1.727,00","","1,47%"
"08.12.2017","1.702,00","1.702,00","1.702,00","1.702,00","","1,37%"
"07.12.2017","1.679,00","1.679,00","1.679,00","1.679,00","","0,54%"
"06.12.2017","1.670,00","1.670,00","1.670,00","1.670,00","","0,24%"
"05.12.2017","1.666,00","1.666,00","1.666,00","1.666,00","","0,24%"
"04.12.2017","1.662,00","1.662,00","1.662,00","1.662,00","","2,21%"
"01.12.2017","1.626,00","1.626,00","1.626,00","1.626,00","","3,04%"
"30.11.2017","1.578,00","1.578,00","1.578,00","1.578,00","","2,73%"
"29.11.2017","1.536,00","1.536,00","1.536,00","1.536,00","","1,99%"
"28.11.2017","1.506,00","1.506,00","1.506,00","1.506,00","","1,96%"
"27.11.2017","1.477,00","1.477,00","1.477,00","1.477,00","","1,30%"
"24.11.2017","1.458,00","1.458,00","1.458,00","1.458,00","","0,90%"
"23.11.2017","1.445,00","1.445,00","1.445,00","1.445,00","","2,26%"
"22.11.2017","1.413,00","1.413,00","1.413,00","1.413,00","","1,22%"
"21.11.2017","1.396,00","1.396,00","1.396,00","1.396,00","","0,79%"
"20.11.2017","1.385,00","1.385,00","1.385,00","1.385,00","","1,02%"
"17.11.2017","1.371,00","1.371,00","1.371,00","1.371,00","","0,73%"
"16.11.2017","1.361,00","1.361,00","1.361,00","1.361,00","","-0,95%"
"15.11.2017","1.374,00","1.374,00","1.374,00","1.374,00","","-2,21%"
"14.11.2017","1.405,00","1.405,00","1.405,00","1.405,00","","-2,77%"
"13.11.2017","1.445,00","1.445,00","1.445,00","1.445,00","","-1,30%"
"10.11.2017","1.464,00","1.464,00","1.464,00","1.464,00","","-1,15%"
"09.11.2017","1.481,00","1.481,00","1.481,00","1.481,00","","-0,34%"
"08.11.2017","1.486,00","1.486,00","1.486,00","1.486,00","","0,61%"
"07.11.2017","1.477,00","1.477,00","1.477,00","1.477,00","","0,27%"
"06.11.2017","1.473,00","1.473,00","1.473,00","1.473,00","","-0,20%"
"03.11.2017","1.476,00","1.476,00","1.476,00","1.476,00","","-0,40%"
"02.11.2017","1.482,00","1.482,00","1.482,00","1.482,00","","-0,94%"
"01.11.2017","1.496,00","1.496,00","1.496,00","1.496,00","","-1,71%"
"31.10.2017","1.522,00","1.522,00","1.522,00","1.522,00","","-0,78%"
"30.10.2017","1.534,00","1.534,00","1.534,00","1.534,00","","-0,78%"
"27.10.2017","1.546,00","1.546,00","1.546,00","1.546,00","","-0,58%"
"26.10.2017","1.555,00","1.555,00","1.555,00","1.555,00","","-1,14%"
"25.10.2017","1.573,00","1.573,00","1.573,00","1.573,00","","-0,94%"
"24.10.2017","1.588,00","1.588,00","1.588,00","1.588,00","","0,13%"
"23.10.2017","1.586,00","1.586,00","1.586,00","1.586,00","","0,51%"
"20.10.2017","1.578,00","1.578,00","1.578,00","1.578,00","","-0,25%"
"19.10.2017","1.582,00","1.582,00","1.582,00","1.582,00","","1,02%"
"18.10.2017","1.566,00","1.566,00","1.566,00","1.566,00","","0,90%"
"17.10.2017","1.552,00","1.552,00","1.552,00","1.552,00","","1,90%"
"16.10.2017","1.523,00","1.523,00","1.523,00","1.523,00","","2,56%"
"13.10.2017","1.485,00","1.485,00","1.485,00","1.485,00","","1,85%"
"12.10.2017","1.458,00","1.458,00","1.458,00","1.458,00","","1,74%"
"11.10.2017","1.433,00","1.433,00","1.433,00","1.433,00","","1,06%"
"10.10.2017","1.418,00","1.418,00","1.418,00","1.418,00","","0,50%"
"09.10.2017","1.411,00","1.411,00","1.411,00","1.411,00","","0,43%"
"06.10.2017","1.405,00","1.405,00","1.405,00","1.405,00","","1,66%"
"05.10.2017","1.382,00","1.382,00","1.382,00","1.382,00","","4,70%"
"04.10.2017","1.320,00","1.320,00","1.320,00","1.320,00","","0,92%"
"03.10.2017","1.308,00","1.308,00","1.308,00","1.308,00","","-1,51%"
"02.10.2017","1.328,00","1.328,00","1.328,00","1.328,00","","-2,06%"
"29.09.2017","1.356,00","1.356,00","1.356,00","1.356,00","","-2,52%"
"28.09.2017","1.391,00","1.391,00","1.391,00","1.391,00","","-2,66%"
"27.09.2017","1.429,00","1.429,00","1.429,00","1.429,00","","-3,18%"
"26.09.2017","1.476,00","1.476,00","1.476,00","1.476,00","","-1,80%"
"25.09.2017","1.503,00","1.503,00","1.503,00","1.503,00","","0,07%"
"22.09.2017","1.502,00","1.502,00","1.502,00","1.502,00","","2,18%"
"21.09.2017","1.470,00","1.470,00","1.470,00","1.470,00","","1,45%"
"20.09.2017","1.449,00","1.449,00","1.449,00","1.449,00","","2,40%"
"19.09.2017","1.415,00","1.415,00","1.415,00","1.415,00","","1,22%"
"18.09.2017","1.398,00","1.398,00","1.398,00","1.398,00","","0,94%"
"15.09.2017","1.385,00","1.385,00","1.385,00","1.385,00","","1,76%"
"14.09.2017","1.361,00","1.361,00","1.361,00","1.361,00","","1,80%"
"13.09.2017","1.337,00","1.337,00","1.337,00","1.337,00","","-0,52%"
"12.09.2017","1.344,00","1.344,00","1.344,00","1.344,00","","-0,81%"
"11.09.2017","1.355,00","1.355,00","1.355,00","1.355,00","","1,73%"
"08.09.2017","1.332,00","1.332,00","1.332,00","1.332,00","","2,78%"
"07.09.2017","1.296,00","1.296,00","1.296,00","1.296,00","","3,68%"
"06.09.2017","1.250,00","1.250,00","1.250,00","1.250,00","","2,88%"
"05.09.2017","1.215,00","1.215,00","1.215,00","1.215,00","","2,36%"
"04.09.2017","1.187,00","1.187,00","1.187,00","1.187,00","","0,34%"
"01.09.2017","1.183,00","1.183,00","1.183,00","1.183,00","","-0,08%"
"31.08.2017","1.184,00","1.184,00","1.184,00","1.184,00","","0,25%"
"30.08.2017","1.181,00","1.181,00","1.181,00","1.181,00","","-1,83%"
"29.08.2017","1.203,00","1.203,00","1.203,00","1.203,00","","-0,50%"
"25.08.2017","1.209,00","1.209,00","1.209,00","1.209,00","","0,75%"
"24.08.2017","1.200,00","1.200,00","1.200,00","1.200,00","","-1,80%"
"23.08.2017","1.222,00","1.222,00","1.222,00","1.222,00","","-2,16%"
"22.08.2017","1.249,00","1.249,00","1.249,00","1.249,00","","-1,34%"
"21.08.2017","1.266,00","1.266,00","1.266,00","1.266,00","","0,48%"
"18.08.2017","1.260,00","1.260,00","1.260,00","1.260,00","","1,04%"
"17.08.2017","1.247,00","1.247,00","1.247,00","1.247,00","","3,31%"
"16.08.2017","1.207,00","1.207,00","1.207,00","1.207,00","","3,25%"
"15.08.2017","1.169,00","1.169,00","1.169,00","1.169,00","","1,21%"
"14.08.2017","1.155,00","1.155,00","1.155,00","1.155,00","","1,49%"
"11.08.2017","1.138,00","1.138,00","1.138,00","1.138,00","","4,21%"
"10.08.2017","1.092,00","1.092,00","1.092,00","1.092,00","","4,00%"
"09.08.2017","1.050,00","1.050,00","1.050,00","1.050,00","","1,16%"
"08.08.2017","1.038,00","1.038,00","1.038,00","1.038,00","","0,19%"
"07.08.2017","1.036,00","1.036,00","1.036,00","1.036,00","","0,39%"
"04.08.2017","1.032,00","1.032,00","1.032,00","1.032,00","","0,88%"
"03.08.2017","1.023,00","1.023,00","1.023,00","1.023,00","","3,02%"
"02.08.2017","993,00","993,00","993,00","993,00","","2,90%"
"01.08.2017","965,00","965,00","965,00","965,00","","2,01%"
"31.07.2017","946,00","946,00","946,00","946,00","","1,39%"
"28.07.2017","933,00","933,00","933,00","933,00","","-0,96%"
"27.07.2017","942,00","942,00","942,00","942,00","","-2,69%"
"26.07.2017","968,00","968,00","968,00","968,00","","-1,22%"
"25.07.2017","980,00","980,00","980,00","980,00","","0,31%"
"24.07.2017","977,00","977,00","977,00","977,00","","0,00%"
"21.07.2017","977,00","977,00","977,00","977,00","","1,35%"
"20.07.2017","964,00","964,00","964,00","964,00","","1,69%"
"19.07.2017","948,00","948,00","948,00","948,00","","1,72%"
"18.07.2017","932,00","932,00","932,00","932,00","","2,19%"
"17.07.2017","912,00","912,00","912,00","912,00","","1,33%"
"14.07.2017","900,00","900,00","900,00","900,00","","1,35%"
"13.07.2017","888,00","888,00","888,00","888,00","","3,38%"
"12.07.2017","859,00","859,00","859,00","859,00","","3,49%"
"11.07.2017","830,00","830,00","830,00","830,00","","1,22%"
"10.07.2017","820,00","820,00","820,00","820,00","","-0,24%"
"07.07.2017","822,00","822,00","822,00","822,00","","-0,84%"
"06.07.2017","829,00","829,00","829,00","829,00","","-2,13%"
"05.07.2017","847,00","847,00","847,00","847,00","","-2,76%"
"04.07.2017","871,00","871,00","871,00","871,00","","-1,25%"
"03.07.2017","882,00","882,00","882,00","882,00","","-2,11%"
"30.06.2017","901,00","901,00","901,00","901,00","","-2,07%"
"29.06.2017","920,00","920,00","920,00","920,00","","-0,97%"
"28.06.2017","929,00","929,00","929,00","929,00","","2,88%"
"27.06.2017","903,00","903,00","903,00","903,00","","2,15%"
"26.06.2017","884,00","884,00","884,00","884,00","","1,61%"
"23.06.2017","870,00","870,00","870,00","870,00","","1,75%"
"22.06.2017","855,00","855,00","855,00","855,00","","1,30%"
"21.06.2017","844,00","844,00","844,00","844,00","","-0,35%"
"20.06.2017","847,00","847,00","847,00","847,00","","-0,12%"
"19.06.2017","848,00","848,00","848,00","848,00","","-0,35%"
"16.06.2017","851,00","851,00","851,00","851,00","","-0,47%"
"15.06.2017","855,00","855,00","855,00","855,00","","-1,16%"
"14.06.2017","865,00","865,00","865,00","865,00","","-0,57%"
"13.06.2017","870,00","870,00","870,00","870,00","","0,00%"
"12.06.2017","870,00","870,00","870,00","870,00","","2,47%"
"09.06.2017","849,00","849,00","849,00","849,00","","3,03%"
"08.06.2017","824,00","824,00","824,00","824,00","","0,37%"
"07.06.2017","821,00","821,00","821,00","821,00","","0,37%"
"06.06.2017","818,00","818,00","818,00","818,00","","-0,37%"
"05.06.2017","821,00","821,00","821,00","821,00","","-1,08%"
"02.06.2017","830,00","830,00","830,00","830,00","","-2,35%"
"01.06.2017","850,00","850,00","850,00","850,00","","-3,19%"
"31.05.2017","878,00","878,00","878,00","878,00","","-2,44%"
"30.05.2017","900,00","900,00","900,00","900,00","","-1,32%"
"26.05.2017","912,00","912,00","912,00","912,00","","-0,65%"
"25.05.2017","918,00","918,00","918,00","918,00","","-1,71%"
"24.05.2017","934,00","934,00","934,00","934,00","","-1,58%"
"23.05.2017","949,00","949,00","949,00","949,00","","-0,52%"
"22.05.2017","954,00","954,00","954,00","954,00","","-0,21%"
"19.05.2017","956,00","956,00","956,00","956,00","","-0,10%"
"18.05.2017","957,00","957,00","957,00","957,00","","-0,31%"
"17.05.2017","960,00","960,00","960,00","960,00","","-2,04%"
"16.05.2017","980,00","980,00","980,00","980,00","","-1,41%"
"15.05.2017","994,00","994,00","994,00","994,00","","-1,97%"
"12.05.2017","1.014,00","1.014,00","1.014,00","1.014,00","","0,20%"
"11.05.2017","1.012,00","1.012,00","1.012,00","1.012,00","","0,70%"
"10.05.2017","1.005,00","1.005,00","1.005,00","1.005,00","","-0,20%"
"09.05.2017","1.007,00","1.007,00","1.007,00","1.007,00","","0,60%"
"08.05.2017","1.001,00","1.001,00","1.001,00","1.001,00","","0,70%"
"05.05.2017","994,00","994,00","994,00","994,00","","-1,00%"
"04.05.2017","1.004,00","1.004,00","1.004,00","1.004,00","","-2,90%"
"03.05.2017","1.034,00","1.034,00","1.034,00","1.034,00","","-3,63%"
"02.05.2017","1.073,00","1.073,00","1.073,00","1.073,00","","-3,25%"
"28.04.2017","1.109,00","1.109,00","1.109,00","1.109,00","","-2,20%"
"27.04.2017","1.134,00","1.134,00","1.134,00","1.134,00","","-1,13%"
"26.04.2017","1.147,00","1.147,00","1.147,00","1.147,00","","-0,61%"
"25.04.2017","1.154,00","1.154,00","1.154,00","1.154,00","","-1,37%"
"24.04.2017","1.170,00","1.170,00","1.170,00","1.170,00","","-2,09%"
"21.04.2017","1.195,00","1.195,00","1.195,00","1.195,00","","-3,86%"
"20.04.2017","1.243,00","1.243,00","1.243,00","1.243,00","","-2,74%"
"19.04.2017","1.278,00","1.278,00","1.278,00","1.278,00","","-1,24%"
"18.04.2017","1.294,00","1.294,00","1.294,00","1.294,00","","-0,15%"
"13.04.2017","1.296,00","1.296,00","1.296,00","1.296,00","","1,09%"
"12.04.2017","1.282,00","1.282,00","1.282,00","1.282,00","","1,58%"
"11.04.2017","1.262,00","1.262,00","1.262,00","1.262,00","","2,52%"
"10.04.2017","1.231,00","1.231,00","1.231,00","1.231,00","","0,65%"
"07.04.2017","1.223,00","1.223,00","1.223,00","1.223,00","","0,66%"
"06.04.2017","1.215,00","1.215,00","1.215,00","1.215,00","","-0,65%"
"05.04.2017","1.223,00","1.223,00","1.223,00","1.223,00","","-2,55%"
"04.04.2017","1.255,00","1.255,00","1.255,00","1.255,00","","-2,11%"
"03.04.2017","1.282,00","1.282,00","1.282,00","1.282,00","","-1,16%"
"31.03.2017","1.297,00","1.297,00","1.297,00","1.297,00","","-2,04%"
"30.03.2017","1.324,00","1.324,00","1.324,00","1.324,00","","-1,05%"
"29.03.2017","1.338,00","1.338,00","1.338,00","1.338,00","","0,38%"
"28.03.2017","1.333,00","1.333,00","1.333,00","1.333,00","","3,98%"
"27.03.2017","1.282,00","1.282,00","1.282,00","1.282,00","","3,39%"
"24.03.2017","1.240,00","1.240,00","1.240,00","1.240,00","","3,68%"
"23.03.2017","1.196,00","1.196,00","1.196,00","1.196,00","","0,50%"
"22.03.2017","1.190,00","1.190,00","1.190,00","1.190,00","","-0,83%"
"21.03.2017","1.200,00","1.200,00","1.200,00","1.200,00","","-0,41%"
"20.03.2017","1.205,00","1.205,00","1.205,00","1.205,00","","0,75%"
"17.03.2017","1.196,00","1.196,00","1.196,00","1.196,00","","2,05%"
"16.03.2017","1.172,00","1.172,00","1.172,00","1.172,00","","2,18%"
"15.03.2017","1.147,00","1.147,00","1.147,00","1.147,00","","3,15%"
"14.03.2017","1.112,00","1.112,00","1.112,00","1.112,00","","1,18%"
"13.03.2017","1.099,00","1.099,00","1.099,00","1.099,00","","1,20%"
"10.03.2017","1.086,00","1.086,00","1.086,00","1.086,00","","2,07%"
"09.03.2017","1.064,00","1.064,00","1.064,00","1.064,00","","1,82%"
"08.03.2017","1.045,00","1.045,00","1.045,00","1.045,00","","1,16%"
"07.03.2017","1.033,00","1.033,00","1.033,00","1.033,00","","5,52%"
"06.03.2017","979,00","979,00","979,00","979,00","","4,26%"
"03.03.2017","939,00","939,00","939,00","939,00","","3,87%"
"02.03.2017","904,00","904,00","904,00","904,00","","3,79%"
"01.03.2017","871,00","871,00","871,00","871,00","","1,40%"
"28.02.2017","859,00","859,00","859,00","859,00","","-2,16%"
"27.02.2017","878,00","878,00","878,00","878,00","","0,34%"
"24.02.2017","875,00","875,00","875,00","875,00","","2,22%"
"23.02.2017","856,00","856,00","856,00","856,00","","6,20%"
"22.02.2017","806,00","806,00","806,00","806,00","","3,60%"
"21.02.2017","778,00","778,00","778,00","778,00","","2,77%"
"20.02.2017","757,00","757,00","757,00","757,00","","2,16%"
"17.02.2017","741,00","741,00","741,00","741,00","","4,37%"
"16.02.2017","710,00","710,00","710,00","710,00","","3,20%"
"15.02.2017","688,00","688,00","688,00","688,00","","0,44%"
"14.02.2017","685,00","685,00","685,00","685,00","","-0,44%"
"13.02.2017","688,00","688,00","688,00","688,00","","-1,99%"
"10.02.2017","702,00","702,00","702,00","702,00","","-0,71%"
"09.02.2017","707,00","707,00","707,00","707,00","","0,71%"
"08.02.2017","702,00","702,00","702,00","702,00","","-1,68%"
"07.02.2017","714,00","714,00","714,00","714,00","","-2,86%"
"06.02.2017","735,00","735,00","735,00","735,00","","-2,26%"
"03.02.2017","752,00","752,00","752,00","752,00","","-2,34%"
"02.02.2017","770,00","770,00","770,00","770,00","","-2,04%"
"01.02.2017","786,00","786,00","786,00","786,00","","-1,75%"
"31.01.2017","800,00","800,00","800,00","800,00","","-1,96%"
"30.01.2017","816,00","816,00","816,00","816,00","","-1,33%"
"27.01.2017","827,00","827,00","827,00","827,00","","-1,55%"
"26.01.2017","840,00","840,00","840,00","840,00","","-2,55%"
"25.01.2017","862,00","862,00","862,00","862,00","","-2,71%"
"24.01.2017","886,00","886,00","886,00","886,00","","-3,06%"
"23.01.2017","914,00","914,00","914,00","914,00","","-1,19%"
"20.01.2017","925,00","925,00","925,00","925,00","","-1,80%"
"19.01.2017","942,00","942,00","942,00","942,00","","-1,05%"
"18.01.2017","952,00","952,00","952,00","952,00","","3,25%"
"17.01.2017","922,00","922,00","922,00","922,00","","-0,32%"
"16.01.2017","925,00","925,00","925,00","925,00","","1,65%"
"13.01.2017","910,00","910,00","910,00","910,00","","2,02%"
"12.01.2017","892,00","892,00","892,00","892,00","","-0,22%"
"11.01.2017","894,00","894,00","894,00","894,00","","-3,46%"
"10.01.2017","926,00","926,00","926,00","926,00","","-2,42%"
"09.01.2017","949,00","949,00","949,00","949,00","","-1,45%"
"06.01.2017","963,00","963,00","963,00","963,00","","-2,03%"
"05.01.2017","983,00","983,00","983,00","983,00","","1,44%"
"04.01.2017","969,00","969,00","969,00","969,00","","1,68%"
"03.01.2017","953,00","953,00","953,00","953,00","","-0,83%"
"23.12.2016","961,00","961,00","961,00","961,00","","3,56%"
"22.12.2016","928,00","928,00","928,00","928,00","","0,22%"
"21.12.2016","926,00","926,00","926,00","926,00","","1,31%"
"20.12.2016","914,00","914,00","914,00","914,00","","-1,40%"
"19.12.2016","927,00","926,00","927,00","926,00","","-2,01%"
"16.12.2016","946,00","946,00","946,00","946,00","","-2,07%"
"15.12.2016","966,00","966,00","966,00","966,00","","-3,69%"
"14.12.2016","1.003,00","1.003,00","1.003,00","1.003,00","","-4,66%"
"13.12.2016","1.052,00","1.052,00","1.052,00","1.052,00","","-1,59%"
"12.12.2016","1.069,00","1.069,00","1.069,00","1.069,00","","-1,93%"
"09.12.2016","1.090,00","1.090,00","1.090,00","1.090,00","","-2,85%"
"08.12.2016","1.122,00","1.122,00","1.122,00","1.122,00","","-3,44%"
"07.12.2016","1.162,00","1.162,00","1.162,00","1.162,00","","-2,02%"
"06.12.2016","1.186,00","1.186,00","1.186,00","1.186,00","","-0,84%"
"05.12.2016","1.196,00","1.196,00","1.196,00","1.196,00","","-0,17%"
"02.12.2016","1.198,00","1.198,00","1.198,00","1.198,00","","0,17%"
"01.12.2016","1.196,00","1.196,00","1.196,00","1.196,00","","-0,66%"
"30.11.2016","1.204,00","1.204,00","1.204,00","1.204,00","","0,17%"
"29.11.2016","1.202,00","1.202,00","1.202,00","1.202,00","","1,52%"
"28.11.2016","1.184,00","1.184,00","1.184,00","1.184,00","","0,25%"
"25.11.2016","1.181,00","1.181,00","1.181,00","1.181,00","","-1,67%"
"24.11.2016","1.201,00","1.201,00","1.201,00","1.201,00","","-1,88%"
"23.11.2016","1.224,00","1.224,00","1.224,00","1.224,00","","-0,65%"
"22.11.2016","1.232,00","1.232,00","1.232,00","1.232,00","","-0,65%"
"21.11.2016","1.240,00","1.240,00","1.240,00","1.240,00","","-1,35%"
"18.11.2016","1.257,00","1.257,00","1.257,00","1.257,00","","2,11%"
"17.11.2016","1.231,00","1.231,00","1.231,00","1.231,00","","7,51%"
"16.11.2016","1.145,00","1.145,00","1.145,00","1.145,00","","5,63%"
"15.11.2016","1.084,00","1.084,00","1.084,00","1.084,00","","1,78%"
"14.11.2016","1.065,00","1.065,00","1.065,00","1.065,00","","1,91%"
"11.11.2016","1.045,00","1.045,00","1.045,00","1.045,00","","7,29%"
"10.11.2016","974,00","974,00","974,00","974,00","","2,10%"
"09.11.2016","954,00","954,00","954,00","954,00","","4,72%"
"08.11.2016","911,00","911,00","911,00","911,00","","4,71%"
"07.11.2016","870,00","870,00","870,00","870,00","","1,75%"
"04.11.2016","855,00","855,00","855,00","855,00","","0,71%"
"03.11.2016","849,00","849,00","849,00","849,00","","1,80%"
"02.11.2016","834,00","834,00","834,00","834,00","","-0,48%"
"01.11.2016","838,00","838,00","838,00","838,00","","-2,22%"
"31.10.2016","857,00","857,00","857,00","857,00","","2,76%"
"28.10.2016","834,00","834,00","834,00","834,00","","4,51%"
"27.10.2016","798,00","798,00","798,00","798,00","","-0,50%"
"26.10.2016","802,00","802,00","802,00","802,00","","-1,35%"
"25.10.2016","813,00","813,00","813,00","813,00","","-2,17%"
"24.10.2016","831,00","831,00","831,00","831,00","","-1,31%"
"21.10.2016","842,00","842,00","842,00","842,00","","-0,82%"
"20.10.2016","849,00","849,00","849,00","849,00","","-2,64%"
"19.10.2016","872,00","872,00","872,00","872,00","","-2,02%"
"18.10.2016","890,00","890,00","890,00","890,00","","-0,45%"
"17.10.2016","894,00","894,00","894,00","894,00","","0,22%"
"14.10.2016","892,00","892,00","892,00","892,00","","0,79%"
"13.10.2016","885,00","885,00","885,00","885,00","","-2,32%"
"12.10.2016","906,00","906,00","906,00","906,00","","-1,74%"
"11.10.2016","922,00","922,00","922,00","922,00","","0,00%"
"10.10.2016","922,00","922,00","922,00","922,00","","0,11%"
"07.10.2016","921,00","921,00","921,00","921,00","","0,66%"
"06.10.2016","915,00","915,00","915,00","915,00","","5,29%"
"05.10.2016","869,00","869,00","869,00","869,00","","1,05%"
"04.10.2016","860,00","860,00","860,00","860,00","","-0,46%"
"03.10.2016","864,00","864,00","864,00","864,00","","-1,26%"
"30.09.2016","875,00","875,00","875,00","875,00","","-1,46%"
"29.09.2016","888,00","888,00","888,00","888,00","","-2,63%"
"28.09.2016","912,00","912,00","912,00","912,00","","-1,94%"
"27.09.2016","930,00","930,00","930,00","930,00","","-0,43%"
"26.09.2016","934,00","934,00","934,00","934,00","","-0,74%"
"23.09.2016","941,00","941,00","941,00","941,00","","0,43%"
"22.09.2016","937,00","937,00","937,00","937,00","","3,77%"
"21.09.2016","903,00","903,00","903,00","903,00","","4,39%"
"20.09.2016","865,00","865,00","865,00","865,00","","3,47%"
"19.09.2016","836,00","836,00","836,00","836,00","","4,50%"
"16.09.2016","800,00","800,00","800,00","800,00","","4,71%"
"15.09.2016","764,00","764,00","764,00","764,00","","1,06%"
"14.09.2016","756,00","756,00","756,00","756,00","","-5,03%"
"13.09.2016","796,00","796,00","796,00","796,00","","-1,00%"
"12.09.2016","804,00","804,00","804,00","804,00","","0,00%"
"09.09.2016","804,00","804,00","804,00","804,00","","1,52%"
"08.09.2016","792,00","792,00","792,00","792,00","","2,46%"
"07.09.2016","773,00","773,00","773,00","773,00","","3,76%"
"06.09.2016","745,00","745,00","745,00","745,00","","2,90%"
"05.09.2016","724,00","724,00","724,00","724,00","","0,56%"
"02.09.2016","720,00","720,00","720,00","720,00","","1,12%"
"01.09.2016","712,00","712,00","712,00","712,00","","0,14%"
"31.08.2016","711,00","711,00","711,00","711,00","","-0,56%"
"30.08.2016","715,00","715,00","715,00","715,00","","-0,69%"
"26.08.2016","720,00","720,00","720,00","720,00","","0,28%"
"25.08.2016","718,00","718,00","718,00","718,00","","1,70%"
"24.08.2016","706,00","706,00","706,00","706,00","","2,02%"
"23.08.2016","692,00","692,00","692,00","692,00","","0,73%"
"22.08.2016","687,00","687,00","687,00","687,00","","0,59%"
"19.08.2016","683,00","683,00","683,00","683,00","","0,15%"
"18.08.2016","682,00","682,00","682,00","682,00","","-0,44%"
"17.08.2016","685,00","685,00","685,00","685,00","","-0,29%"
"16.08.2016","687,00","687,00","687,00","687,00","","0,88%"
"15.08.2016","681,00","681,00","681,00","681,00","","1,49%"
"12.08.2016","671,00","671,00","671,00","671,00","","2,76%"
"11.08.2016","653,00","653,00","653,00","653,00","","2,35%"
"10.08.2016","638,00","638,00","638,00","638,00","","1,11%"
"09.08.2016","631,00","631,00","631,00","631,00","","-0,79%"
"08.08.2016","636,00","636,00","636,00","636,00","","0,00%"
"05.08.2016","636,00","636,00","636,00","636,00","","0,00%"
"04.08.2016","636,00","636,00","636,00","636,00","","-0,78%"
"03.08.2016","641,00","641,00","641,00","641,00","","-0,62%"
"02.08.2016","645,00","645,00","645,00","645,00","","-0,77%"
"01.08.2016","650,00","650,00","650,00","650,00","","-0,91%"
"29.07.2016","656,00","656,00","656,00","656,00","","-1,35%"
"28.07.2016","665,00","665,00","665,00","665,00","","-2,06%"
"27.07.2016","679,00","679,00","679,00","679,00","","-2,44%"
"26.07.2016","696,00","696,00","696,00","696,00","","-1,83%"
"25.07.2016","709,00","709,00","709,00","709,00","","-1,25%"
"22.07.2016","718,00","718,00","718,00","718,00","","-1,10%"
"21.07.2016","726,00","726,00","726,00","726,00","","-1,36%"
"20.07.2016","736,00","736,00","736,00","736,00","","-1,34%"
"19.07.2016","746,00","746,00","746,00","746,00","","-0,27%"
"18.07.2016","748,00","748,00","748,00","748,00","","0,40%"
"15.07.2016","745,00","745,00","745,00","745,00","","0,95%"
"14.07.2016","738,00","738,00","738,00","738,00","","1,65%"
"13.07.2016","726,00","726,00","726,00","726,00","","2,11%"
"12.07.2016","711,00","711,00","711,00","711,00","","0,99%"
"11.07.2016","704,00","704,00","704,00","704,00","","0,14%"
"08.07.2016","703,00","703,00","703,00","703,00","","0,57%"
"07.07.2016","699,00","699,00","699,00","699,00","","0,72%"
"06.07.2016","694,00","694,00","694,00","694,00","","0,29%"
"05.07.2016","692,00","692,00","692,00","692,00","","0,58%"
"04.07.2016","688,00","688,00","688,00","688,00","","1,62%"
"01.07.2016","677,00","677,00","677,00","677,00","","2,58%"
"30.06.2016","660,00","660,00","660,00","660,00","","3,13%"
"29.06.2016","640,00","640,00","640,00","640,00","","2,07%"
"28.06.2016","627,00","627,00","627,00","627,00","","1,79%"
"27.06.2016","616,00","616,00","616,00","616,00","","1,15%"
"24.06.2016","609,00","609,00","609,00","609,00","","2,18%"
"23.06.2016","596,00","596,00","596,00","596,00","","1,88%"
"22.06.2016","585,00","585,00","585,00","585,00","","0,86%"
"21.06.2016","580,00","580,00","580,00","580,00","","-0,34%"
"20.06.2016","582,00","582,00","582,00","582,00","","-0,85%"
"17.06.2016","587,00","587,00","587,00","587,00","","-1,84%"
"16.06.2016","598,00","598,00","598,00","598,00","","-0,99%"
"15.06.2016","604,00","604,00","604,00","604,00","","-0,66%"
"14.06.2016","608,00","608,00","608,00","608,00","","-0,16%"
"13.06.2016","609,00","609,00","609,00","609,00","","-0,16%"
"10.06.2016","610,00","610,00","610,00","610,00","","-0,16%"
"09.06.2016","611,00","611,00","611,00","611,00","","0,16%"
"08.06.2016","610,00","610,00","610,00","610,00","","0,66%"
"07.06.2016","606,00","606,00","606,00","606,00","","-0,16%"
"06.06.2016","607,00","607,00","607,00","607,00","","-0,49%"
"03.06.2016","610,00","610,00","610,00","610,00","","0,66%"
"02.06.2016","606,00","606,00","606,00","606,00","","-0,98%"
"01.06.2016","612,00","612,00","612,00","612,00","","0,00%"
"31.05.2016","612,00","612,00","612,00","612,00","","0,99%"
"27.05.2016","606,00","606,00","606,00","606,00","","0,83%"
"26.05.2016","601,00","601,00","601,00","601,00","","-0,66%"
"25.05.2016","605,00","605,00","605,00","605,00","","-2,10%"
"24.05.2016","618,00","618,00","618,00","618,00","","-0,96%"
"23.05.2016","624,00","624,00","624,00","624,00","","-0,16%"
"20.05.2016","625,00","625,00","625,00","625,00","","-1,42%"
"19.05.2016","634,00","634,00","634,00","634,00","","-1,25%"
"18.05.2016","642,00","642,00","642,00","642,00","","-0,16%"
"17.05.2016","643,00","643,00","643,00","643,00","","4,89%"
"16.05.2016","613,00","613,00","613,00","613,00","","2,17%"
"13.05.2016","600,00","600,00","600,00","600,00","","3,63%"
"12.05.2016","579,00","579,00","579,00","579,00","","0,00%"
"11.05.2016","579,00","579,00","579,00","579,00","","-2,53%"
"10.05.2016","594,00","594,00","594,00","594,00","","-3,57%"
"09.05.2016","616,00","616,00","616,00","616,00","","-2,38%"
"06.05.2016","631,00","631,00","631,00","631,00","","-1,71%"
"05.05.2016","642,00","642,00","642,00","642,00","","-1,53%"
"04.05.2016","652,00","652,00","652,00","652,00","","-4,40%"
"03.05.2016","682,00","682,00","682,00","682,00","","-2,99%"
"29.04.2016","703,00","703,00","703,00","703,00","","-0,99%"
"28.04.2016","710,00","710,00","710,00","710,00","","-0,70%"
"27.04.2016","715,00","715,00","715,00","715,00","","1,56%"
"26.04.2016","704,00","704,00","704,00","704,00","","2,03%"
"25.04.2016","690,00","690,00","690,00","690,00","","0,29%"
"22.04.2016","688,00","688,00","688,00","688,00","","2,69%"
"21.04.2016","670,00","670,00","670,00","670,00","","0,15%"
"20.04.2016","669,00","669,00","669,00","669,00","","-0,30%"
"19.04.2016","671,00","671,00","671,00","671,00","","1,82%"
"18.04.2016","659,00","659,00","659,00","659,00","","3,78%"
"15.04.2016","635,00","635,00","635,00","635,00","","6,37%"
"14.04.2016","597,00","597,00","597,00","597,00","","5,29%"
"13.04.2016","567,00","567,00","567,00","567,00","","1,25%"
"12.04.2016","560,00","560,00","560,00","560,00","","0,90%"
"11.04.2016","555,00","555,00","555,00","555,00","","2,97%"
"08.04.2016","539,00","539,00","539,00","539,00","","4,26%"
"07.04.2016","517,00","517,00","517,00","517,00","","3,40%"
"06.04.2016","500,00","500,00","500,00","500,00","","2,67%"
"05.04.2016","487,00","487,00","487,00","487,00","","3,40%"
"04.04.2016","471,00","471,00","471,00","471,00","","4,67%"
"01.04.2016","450,00","450,00","450,00","450,00","","4,90%"
"31.03.2016","429,00","429,00","429,00","429,00","","3,62%"
"30.03.2016","414,00","414,00","414,00","414,00","","1,22%"
"29.03.2016","409,00","409,00","409,00","409,00","","0,74%"
"24.03.2016","406,00","406,00","406,00","406,00","","1,25%"
"23.03.2016","401,00","401,00","401,00","401,00","","0,75%"
"22.03.2016","398,00","398,00","398,00","398,00","","0,00%"
"21.03.2016","398,00","398,00","398,00","398,00","","0,76%"
"18.03.2016","395,00","395,00","395,00","395,00","","0,77%"
"17.03.2016","392,00","392,00","392,00","392,00","","-0,25%"
"16.03.2016","393,00","393,00","393,00","393,00","","-0,76%"
"15.03.2016","396,00","396,00","396,00","396,00","","0,76%"
"14.03.2016","393,00","393,00","393,00","393,00","","1,29%"
"11.03.2016","388,00","388,00","388,00","388,00","","1,04%"
"10.03.2016","384,00","384,00","384,00","384,00","","2,13%"
"09.03.2016","376,00","376,00","376,00","376,00","","2,73%"
"08.03.2016","366,00","366,00","366,00","366,00","","3,39%"
"07.03.2016","354,00","354,00","354,00","354,00","","1,43%"
"04.03.2016","349,00","349,00","349,00","349,00","","2,05%"
"03.03.2016","342,00","342,00","342,00","342,00","","2,09%"
"02.03.2016","335,00","335,00","335,00","335,00","","0,90%"
"01.03.2016","332,00","332,00","332,00","332,00","","0,91%"
"29.02.2016","329,00","329,00","329,00","329,00","","0,61%"
"26.02.2016","327,00","327,00","327,00","327,00","","0,62%"
"25.02.2016","325,00","325,00","325,00","325,00","","0,93%"
"24.02.2016","322,00","322,00","322,00","322,00","","1,26%"
"23.02.2016","318,00","318,00","318,00","318,00","","0,63%"
"22.02.2016","316,00","316,00","316,00","316,00","","0,32%"
"19.02.2016","315,00","315,00","315,00","315,00","","0,64%"
"18.02.2016","313,00","313,00","313,00","313,00","","1,95%"
"17.02.2016","307,00","307,00","307,00","307,00","","1,99%"
"16.02.2016","301,00","301,00","301,00","301,00","","2,03%"
"15.02.2016","295,00","295,00","295,00","295,00","","1,37%"
"12.02.2016","291,00","291,00","291,00","291,00","","0,34%"
"11.02.2016","290,00","290,00","290,00","290,00","","0,00%"
"10.02.2016","290,00","290,00","290,00","290,00","","-0,34%"
"09.02.2016","291,00","291,00","291,00","291,00","","-0,68%"
"08.02.2016","293,00","293,00","293,00","293,00","","-1,35%"
"05.02.2016","297,00","297,00","297,00","297,00","","-0,34%"
"04.02.2016","298,00","298,00","298,00","298,00","","-1,65%"
"03.02.2016","303,00","303,00","303,00","303,00","","-2,26%"
"02.02.2016","310,00","310,00","310,00","310,00","","-1,27%"
"01.02.2016","314,00","314,00","314,00","314,00","","-0,95%"
"29.01.2016","317,00","317,00","317,00","317,00","","-2,46%"
"28.01.2016","325,00","325,00","325,00","325,00","","-3,56%"
"27.01.2016","337,00","337,00","337,00","337,00","","-2,32%"
"26.01.2016","345,00","345,00","345,00","345,00","","-2,54%"
"25.01.2016","354,00","354,00","354,00","354,00","","0,00%"
"22.01.2016","354,00","354,00","354,00","354,00","","-0,28%"
"21.01.2016","355,00","355,00","355,00","355,00","","-0,84%"
"20.01.2016","358,00","358,00","358,00","358,00","","-1,38%"
"19.01.2016","363,00","363,00","363,00","363,00","","-1,63%"
"18.01.2016","369,00","369,00","369,00","369,00","","-1,07%"
"15.01.2016","373,00","373,00","373,00","373,00","","-2,61%"
"14.01.2016","383,00","383,00","383,00","383,00","","-2,79%"
"13.01.2016","394,00","394,00","394,00","394,00","","-1,99%"
"12.01.2016","402,00","402,00","402,00","402,00","","-3,13%"
"11.01.2016","415,00","415,00","415,00","415,00","","-3,26%"
"08.01.2016","429,00","429,00","429,00","429,00","","-3,60%"
"07.01.2016","445,00","445,00","445,00","445,00","","-4,71%"
"06.01.2016","467,00","467,00","467,00","467,00","","-0,21%"
"05.01.2016","468,00","468,00","468,00","468,00","","-1,06%"
"04.01.2016","473,00","473,00","473,00","473,00","","-1,05%"
"24.12.2015","478,00","478,00","478,00","478,00","","0,63%"
"23.12.2015","475,00","475,00","475,00","475,00","","0,21%"
"22.12.2015","474,00","474,00","474,00","474,00","","-0,84%"
"21.12.2015","478,00","478,00","478,00","478,00","","0,21%"
"18.12.2015","477,00","477,00","477,00","477,00","","1,27%"
"17.12.2015","471,00","471,00","471,00","471,00","","0,00%"
"16.12.2015","471,00","471,00","471,00","471,00","","-2,69%"
"15.12.2015","484,00","484,00","484,00","484,00","","-4,72%"
"14.12.2015","508,00","508,00","508,00","508,00","","-2,68%"
"11.12.2015","522,00","522,00","522,00","522,00","","-2,25%"
"10.12.2015","534,00","534,00","534,00","534,00","","-2,20%"
"09.12.2015","546,00","546,00","546,00","546,00","","-0,91%"
"08.12.2015","551,00","551,00","551,00","551,00","","0,00%"
"07.12.2015","551,00","551,00","551,00","551,00","","-2,13%"
"04.12.2015","563,00","563,00","563,00","563,00","","-1,92%"
"03.12.2015","574,00","574,00","574,00","574,00","","-2,71%"
"02.12.2015","590,00","590,00","590,00","590,00","","-1,34%"
"01.12.2015","598,00","598,00","598,00","598,00","","2,40%"
"30.11.2015","584,00","584,00","584,00","584,00","","0,52%"
"27.11.2015","581,00","581,00","581,00","581,00","","3,38%"
"26.11.2015","562,00","562,00","562,00","562,00","","2,93%"
"25.11.2015","546,00","546,00","546,00","546,00","","3,41%"
"24.11.2015","528,00","528,00","528,00","528,00","","2,33%"
"23.11.2015","516,00","516,00","516,00","516,00","","3,61%"
"20.11.2015","498,00","498,00","498,00","498,00","","-1,19%"
"19.11.2015","504,00","504,00","504,00","504,00","","-2,89%"
"18.11.2015","519,00","519,00","519,00","519,00","","-3,35%"
"17.11.2015","537,00","537,00","537,00","537,00","","-2,36%"
"16.11.2015","550,00","550,00","550,00","550,00","","-1,79%"
"13.11.2015","560,00","560,00","560,00","560,00","","-3,28%"
"12.11.2015","579,00","579,00","579,00","579,00","","-3,34%"
"11.11.2015","599,00","599,00","599,00","599,00","","-3,70%"
"10.11.2015","622,00","622,00","622,00","622,00","","-0,96%"
"09.11.2015","628,00","628,00","628,00","628,00","","-0,48%"
"06.11.2015","631,00","631,00","631,00","631,00","","-1,41%"
"05.11.2015","640,00","640,00","640,00","640,00","","-2,59%"
"04.11.2015","657,00","680,00","680,00","657,00","","-3,38%"
"03.11.2015","680,00","680,00","680,00","680,00","","-3,68%"
"02.11.2015","706,00","706,00","706,00","706,00","","-2,08%"
"30.10.2015","721,00","721,00","721,00","721,00","","-0,96%"
"29.10.2015","728,00","728,00","728,00","728,00","","-1,09%"
"28.10.2015","736,00","736,00","736,00","736,00","","-0,41%"
"27.10.2015","739,00","739,00","739,00","739,00","","-2,64%"
"26.10.2015","759,00","759,00","759,00","759,00","","-1,94%"
"23.10.2015","774,00","774,00","774,00","774,00","","-1,53%"
"22.10.2015","786,00","786,00","786,00","786,00","","0,77%"
"21.10.2015","780,00","780,00","780,00","780,00","","2,36%"
"20.10.2015","762,00","762,00","762,00","762,00","","2,01%"
"19.10.2015","747,00","747,00","747,00","747,00","","-0,93%"
"16.10.2015","754,00","754,00","754,00","754,00","","-1,57%"
"15.10.2015","766,00","766,00","766,00","766,00","","-2,67%"
"14.10.2015","787,00","787,00","787,00","787,00","","-2,11%"
"13.10.2015","804,00","804,00","804,00","804,00","","-0,62%"
"12.10.2015","809,00","809,00","809,00","809,00","","0,00%"
"09.10.2015","809,00","809,00","809,00","809,00","","-0,98%"
"08.10.2015","817,00","817,00","817,00","817,00","","-2,85%"
"07.10.2015","841,00","841,00","841,00","841,00","","-3,22%"
"06.10.2015","869,00","869,00","869,00","869,00","","-1,36%"
"05.10.2015","881,00","881,00","881,00","881,00","","-0,90%"
"02.10.2015","889,00","889,00","889,00","889,00","","0,11%"
"01.10.2015","888,00","888,00","888,00","888,00","","-1,33%"
"30.09.2015","900,00","900,00","900,00","900,00","","-2,81%"
"29.09.2015","926,00","926,00","926,00","926,00","","-1,80%"
"28.09.2015","943,00","943,00","943,00","943,00","","0,00%"
"25.09.2015","943,00","943,00","943,00","943,00","","2,28%"
"24.09.2015","922,00","922,00","922,00","922,00","","0,55%"
"23.09.2015","917,00","917,00","917,00","917,00","","-0,65%"
"22.09.2015","923,00","923,00","923,00","923,00","","-5,62%"
"21.09.2015","978,00","978,00","978,00","978,00","","1,88%"
"18.09.2015","960,00","960,00","960,00","960,00","","8,72%"
"17.09.2015","883,00","883,00","883,00","883,00","","8,48%"
"16.09.2015","814,00","818,00","818,00","814,00","","1,50%"
"15.09.2015","802,00","802,00","802,00","802,00","","-0,37%"
"14.09.2015","805,00","805,00","805,00","805,00","","-1,59%"
"11.09.2015","818,00","818,00","818,00","818,00","","-1,45%"
"10.09.2015","830,00","830,00","830,00","830,00","","-2,92%"
"09.09.2015","855,00","855,00","855,00","855,00","","-2,06%"
"08.09.2015","873,00","873,00","873,00","873,00","","-0,34%"
"07.09.2015","876,00","876,00","876,00","876,00","","0,11%"
"04.09.2015","875,00","875,00","875,00","875,00","","-1,80%"
"03.09.2015","891,00","891,00","891,00","891,00","","-1,66%"
"02.09.2015","906,00","906,00","906,00","906,00","","-0,55%"
"01.09.2015","911,00","911,00","911,00","911,00","","0,89%"
"28.08.2015","903,00","903,00","903,00","903,00","","-0,22%"
"27.08.2015","905,00","905,00","905,00","905,00","","-1,42%"
"26.08.2015","918,00","918,00","918,00","918,00","","-2,55%"
"25.08.2015","942,00","942,00","942,00","942,00","","-2,69%"
"24.08.2015","968,00","968,00","968,00","968,00","","-2,62%"
"21.08.2015","994,00","994,00","994,00","994,00","","-1,97%"
"20.08.2015","1.014,00","1.014,00","1.014,00","1.014,00","","-1,65%"
"19.08.2015","1.031,00","1.031,00","1.031,00","1.031,00","","-1,43%"
"18.08.2015","1.046,00","1.046,00","1.046,00","1.046,00","","-1,60%"
"17.08.2015","1.063,00","1.063,00","1.063,00","1.063,00","","0,76%"
"14.08.2015","1.055,00","1.055,00","1.055,00","1.055,00","","0,86%"
"13.08.2015","1.046,00","1.046,00","1.046,00","1.046,00","","-4,30%"
"12.08.2015","1.093,00","1.093,00","1.093,00","1.093,00","","-5,94%"
"11.08.2015","1.162,00","1.162,00","1.162,00","1.162,00","","-2,92%"
"10.08.2015","1.197,00","1.197,00","1.197,00","1.197,00","","-0,25%"
"07.08.2015","1.200,00","1.200,00","1.200,00","1.200,00","","-0,08%"
"06.08.2015","1.201,00","1.201,00","1.201,00","1.201,00","","-1,72%"
"05.08.2015","1.222,00","1.222,00","1.222,00","1.222,00","","1,83%"
"04.08.2015","1.200,00","1.200,00","1.200,00","1.200,00","","4,26%"
"03.08.2015","1.151,00","1.151,00","1.151,00","1.151,00","","1,77%"
"31.07.2015","1.131,00","1.131,00","1.131,00","1.131,00","","2,82%"
"30.07.2015","1.100,00","1.100,00","1.100,00","1.100,00","","-0,36%"
"29.07.2015","1.104,00","1.104,00","1.104,00","1.104,00","","0,91%"
"28.07.2015","1.094,00","1.094,00","1.094,00","1.094,00","","0,37%"
"27.07.2015","1.090,00","1.090,00","1.090,00","1.090,00","","0,37%"
"24.07.2015","1.086,00","1.086,00","1.086,00","1.086,00","","-1,45%"
"23.07.2015","1.102,00","1.102,00","1.102,00","1.102,00","","-1,43%"
"22.07.2015","1.118,00","1.118,00","1.118,00","1.118,00","","0,45%"
"21.07.2015","1.113,00","1.113,00","1.113,00","1.113,00","","4,31%"
"20.07.2015","1.067,00","1.067,00","1.067,00","1.067,00","","1,81%"
"17.07.2015","1.048,00","1.048,00","1.048,00","1.048,00","","3,87%"
"16.07.2015","1.009,00","1.009,00","1.009,00","1.009,00","","6,10%"
"15.07.2015","951,00","951,00","951,00","951,00","","3,93%"
"14.07.2015","915,00","915,00","915,00","915,00","","1,67%"
"13.07.2015","900,00","900,00","900,00","900,00","","2,97%"
"10.07.2015","874,00","874,00","874,00","874,00","","2,46%"
"09.07.2015","853,00","853,00","853,00","853,00","","1,55%"
"08.07.2015","840,00","840,00","840,00","840,00","","1,20%"
"07.07.2015","830,00","830,00","830,00","830,00","","1,84%"
"06.07.2015","815,00","815,00","815,00","815,00","","1,24%"
"03.07.2015","805,00","805,00","805,00","805,00","","1,39%"
"02.07.2015","794,00","794,00","794,00","794,00","","0,00%"
"01.07.2015","794,00","794,00","794,00","794,00","","-0,75%"
"30.06.2015","800,00","800,00","800,00","800,00","","-1,60%"
"29.06.2015","813,00","813,00","813,00","813,00","","-1,22%"
"26.06.2015","823,00","823,00","823,00","823,00","","-0,72%"
"25.06.2015","829,00","829,00","829,00","829,00","","0,00%"
"24.06.2015","829,00","829,00","829,00","829,00","","4,94%"
"23.06.2015","790,00","790,00","790,00","790,00","","1,41%"
"22.06.2015","779,00","779,00","779,00","779,00","","0,00%"
"19.06.2015","779,00","779,00","779,00","779,00","","0,78%"
"18.06.2015","773,00","773,00","773,00","773,00","","6,62%"
"17.06.2015","725,00","725,00","725,00","725,00","","6,46%"
"16.06.2015","681,00","681,00","681,00","681,00","","3,81%"
"15.06.2015","656,00","656,00","656,00","656,00","","2,18%"
"12.06.2015","642,00","642,00","642,00","642,00","","2,07%"
"11.06.2015","629,00","629,00","629,00","629,00","","1,78%"
"10.06.2015","618,00","618,00","618,00","618,00","","0,98%"
"09.06.2015","612,00","612,00","612,00","612,00","","0,33%"
"08.06.2015","610,00","610,00","610,00","610,00","","0,00%"
"05.06.2015","610,00","610,00","610,00","610,00","","1,16%"
"04.06.2015","603,00","603,00","603,00","603,00","","0,84%"
"03.06.2015","598,00","598,00","598,00","598,00","","1,18%"
"02.06.2015","591,00","591,00","591,00","591,00","","0,34%"
"01.06.2015","589,00","589,00","589,00","589,00","","0,00%"
"29.05.2015","589,00","589,00","589,00","589,00","","0,17%"
"28.05.2015","588,00","588,00","588,00","588,00","","0,17%"
"27.05.2015","587,00","587,00","587,00","587,00","","0,51%"
"26.05.2015","584,00","584,00","584,00","584,00","","-0,34%"
"22.05.2015","586,00","592,00","592,00","586,00","","-1,01%"
"21.05.2015","592,00","592,00","592,00","592,00","","-2,31%"
"20.05.2015","606,00","606,00","606,00","606,00","","-2,26%"
"19.05.2015","620,00","620,00","620,00","620,00","","-1,59%"
"18.05.2015","630,00","630,00","630,00","630,00","","-0,63%"
"15.05.2015","634,00","634,00","634,00","634,00","","-0,47%"
"14.05.2015","637,00","637,00","637,00","637,00","","0,47%"
"13.05.2015","634,00","634,00","634,00","634,00","","7,64%"
"12.05.2015","589,00","589,00","589,00","589,00","","1,90%"
"11.05.2015","578,00","578,00","578,00","578,00","","0,70%"
"08.05.2015","574,00","574,00","574,00","574,00","","0,17%"
"07.05.2015","573,00","573,00","573,00","573,00","","-0,35%"
"06.05.2015","575,00","575,00","575,00","575,00","","-0,86%"
"05.05.2015","580,00","580,00","580,00","580,00","","-1,19%"
"01.05.2015","587,00","587,00","587,00","587,00","","-0,68%"
"30.04.2015","591,00","591,00","591,00","591,00","","-0,67%"
"29.04.2015","595,00","595,00","595,00","595,00","","-1,00%"
"28.04.2015","601,00","601,00","601,00","601,00","","0,17%"
"27.04.2015","600,00","600,00","600,00","600,00","","0,00%"
"24.04.2015","600,00","600,00","600,00","600,00","","0,17%"
"23.04.2015","599,00","599,00","599,00","599,00","","-0,17%"
"22.04.2015","600,00","600,00","600,00","600,00","","-0,17%"
"21.04.2015","601,00","601,00","601,00","601,00","","0,50%"
"20.04.2015","598,00","598,00","598,00","598,00","","0,17%"
"17.04.2015","597,00","597,00","597,00","597,00","","0,67%"
"16.04.2015","593,00","593,00","593,00","593,00","","1,19%"
"15.04.2015","586,00","586,00","586,00","586,00","","0,86%"
"14.04.2015","581,00","581,00","581,00","581,00","","0,52%"
"13.04.2015","578,00","578,00","578,00","578,00","","-0,34%"
"10.04.2015","580,00","580,00","580,00","580,00","","0,00%"
"09.04.2015","580,00","580,00","580,00","580,00","","0,00%"
"08.04.2015","580,00","580,00","580,00","580,00","","-0,51%"
"07.04.2015","583,00","583,00","583,00","583,00","","-0,85%"
"02.04.2015","588,00","588,00","588,00","588,00","","-1,34%"
"01.04.2015","596,00","596,00","596,00","596,00","","-1,00%"
"31.03.2015","602,00","602,00","602,00","602,00","","0,50%"
"30.03.2015","599,00","599,00","599,00","599,00","","0,50%"
"27.03.2015","596,00","596,00","596,00","596,00","","-0,33%"
"26.03.2015","598,00","598,00","598,00","598,00","","0,00%"
"25.03.2015","598,00","598,00","598,00","598,00","","0,17%"
"24.03.2015","597,00","597,00","597,00","597,00","","0,51%"
"23.03.2015","594,00","594,00","594,00","594,00","","0,51%"
"20.03.2015","591,00","591,00","591,00","591,00","","1,20%"
"19.03.2015","584,00","584,00","584,00","584,00","","2,28%"
"18.03.2015","571,00","571,00","571,00","571,00","","0,53%"
"17.03.2015","568,00","568,00","568,00","568,00","","0,71%"
"16.03.2015","564,00","564,00","564,00","564,00","","0,36%"
"13.03.2015","562,00","562,00","562,00","562,00","","0,36%"
"12.03.2015","560,00","560,00","560,00","560,00","","-0,88%"
"11.03.2015","565,00","565,00","565,00","565,00","","-0,53%"
"10.03.2015","568,00","568,00","568,00","568,00","","0,00%"
"09.03.2015","568,00","568,00","568,00","568,00","","0,53%"
"06.03.2015","565,00","565,00","565,00","565,00","","0,71%"
"05.03.2015","561,00","561,00","561,00","561,00","","0,36%"
"04.03.2015","559,00","559,00","559,00","559,00","","1,08%"
"03.03.2015","553,00","553,00","553,00","553,00","","0,91%"
"02.03.2015","548,00","548,00","548,00","548,00","","1,48%"
"27.02.2015","540,00","540,00","540,00","540,00","","1,31%"
"26.02.2015","533,00","533,00","533,00","533,00","","1,72%"
"25.02.2015","524,00","524,00","524,00","524,00","","1,55%"
"24.02.2015","516,00","516,00","516,00","516,00","","0,78%"
"23.02.2015","512,00","512,00","512,00","512,00","","0,59%"
"18.02.2015","509,00","509,00","509,00","509,00","","-1,36%"
"17.02.2015","516,00","516,00","516,00","516,00","","-1,15%"
"16.02.2015","522,00","522,00","522,00","522,00","","-1,51%"
"13.02.2015","530,00","530,00","530,00","530,00","","-1,85%"
"12.02.2015","540,00","540,00","540,00","540,00","","-2,35%"
"11.02.2015","553,00","553,00","553,00","553,00","","-0,54%"
"10.02.2015","556,00","556,00","556,00","556,00","","0,36%"
"09.02.2015","554,00","554,00","554,00","554,00","","-0,89%"
"06.02.2015","559,00","559,00","559,00","559,00","","-0,89%"
"05.02.2015","564,00","564,00","564,00","564,00","","-0,88%"
"04.02.2015","569,00","569,00","569,00","569,00","","-1,39%"
"03.02.2015","577,00","577,00","577,00","577,00","","-2,20%"
"02.02.2015","590,00","590,00","590,00","590,00","","-2,96%"
"30.01.2015","608,00","608,00","608,00","608,00","","-3,80%"
"29.01.2015","632,00","632,00","632,00","632,00","","-5,11%"
"28.01.2015","666,00","666,00","666,00","666,00","","-3,20%"
"27.01.2015","688,00","688,00","688,00","688,00","","-2,13%"
"26.01.2015","703,00","703,00","703,00","703,00","","-2,36%"
"23.01.2015","720,00","720,00","720,00","720,00","","-4,13%"
"22.01.2015","751,00","751,00","751,00","751,00","","-2,47%"
"21.01.2015","770,00","770,00","770,00","770,00","","2,26%"
"20.01.2015","753,00","753,00","753,00","753,00","","1,89%"
"19.01.2015","739,00","739,00","739,00","739,00","","-0,27%"
"16.01.2015","741,00","741,00","741,00","741,00","","-1,07%"
"15.01.2015","749,00","749,00","749,00","749,00","","-1,06%"
"14.01.2015","757,00","757,00","757,00","757,00","","-0,66%"
"13.01.2015","762,00","762,00","762,00","762,00","","5,39%"
"12.01.2015","723,00","723,00","723,00","723,00","","1,97%"
"09.01.2015","709,00","709,00","709,00","709,00","","-2,07%"
"08.01.2015","724,00","724,00","724,00","724,00","","-2,69%"
"07.01.2015","744,00","744,00","744,00","744,00","","-1,85%"
"06.01.2015","758,00","758,00","758,00","758,00","","-0,39%"
"05.01.2015","761,00","761,00","761,00","761,00","","-1,30%"
"02.01.2015","771,00","771,00","771,00","771,00","","-1,41%"