global_portcalls,global_container_portcalls,global_dry_bulk_portcalls,global_cargo_portcalls,global_import,global_export,global_dry_bulk_import,global_dry_bulk_export,global_container_import,global_container_export,date,copper_supply_portcalls,copper_supply_dry_bulk_portcalls,copper_supply_dry_bulk_import,copper_supply_dry_bulk_export,china_copper_related_portcalls,china_copper_related_dry_bulk_portcalls,china_copper_related_dry_bulk_import,china_copper_related_dry_bulk_export
3595,1007,612,2406,28462117,23943469,11617406,10104246,7812820,6270816,2019-01-01,19,7,54946,71673,211,53,1467357,392477
4008,1134,679,2712,30770455,26161381,12873948,11032337,8949077,7212007,2019-01-02,9,1,0,30951,224,59,1983853,518317
4489,1224,729,3078,33533699,27115981,12676542,12314492,9241124,6735858,2019-01-03,16,6,111802,47296,231,65,1605211,283947
4238,1153,656,2867,32410725,24642912,12614543,10413635,9706242,6935846,2019-01-04,9,3,0,163804,176,31,759281,466095
4452,1230,718,2992,35243122,30313133,13216828,12613071,9456222,8358506,2019-01-05,15,5,55822,0,262,59,1476202,340707
4171,1132,657,2902,29771565,24200967,11137912,9613545,8242522,6665045,2019-01-06,16,4,73888,32372,220,56,747954,480045
5286,1346,847,3650,36712417,31536859,15760112,12902725,10173732,8722416,2019-01-07,15,3,89819,0,247,58,1632962,358338
4573,1190,726,3137,32010646,27193557,13954834,10659565,7631618,8049580,2019-01-08,22,4,67707,14796,232,66,1682063,514353
4868,1330,754,3410,32707173,28412735,12970489,11785732,9002111,7688791,2019-01-09,9,1,0,31451,224,62,1461335,621314
4776,1212,754,3290,35235737,27621291,15142702,11453223,9108649,7953738,2019-01-10,13,6,102171,64028,207,63,1658530,439800
4971,1303,814,3436,31427374,31147277,13728700,14045376,7868866,9043248,2019-01-11,14,3,66142,0,252,56,1496525,279126
4492,1229,705,3059,29096558,28370950,13537552,9962282,6683401,9410777,2019-01-12,14,4,70950,121306,208,47,1295104,233427
4152,1157,655,2947,28902797,28177438,13121248,11435184,8390500,8258025,2019-01-13,13,4,16709,54429,234,61,1547314,514422
5338,1295,848,3640,33644977,29580978,13649807,12345396,7943933,7987350,2019-01-14,16,4,85256,41594,245,65,1554812,745699
4545,1181,669,3154,29226093,26846966,11289940,11709109,8057943,7289120,2019-01-15,16,7,87431,304707,225,61,1317262,476992
5030,1320,792,3498,33132709,30376545,13021877,11405526,9384102,9667448,2019-01-16,12,5,26052,82832,233,69,930618,488224
4663,1220,748,3234,30280329,29186424,12748594,12261935,8804817,7701260,2019-01-17,10,2,0,18484,226,56,1219853,514548
4896,1258,759,3349,35019663,30276493,14346335,13113477,7858007,9352780,2019-01-18,17,6,65971,224335,248,59,1636589,457728
4533,1207,672,3066,28940143,29519716,9986739,11613358,7668930,9266016,2019-01-19,16,1,0,19982,216,56,1082052,534899
4571,1208,726,3229,29750831,28320094,12897919,12807920,7883811,8087189,2019-01-20,15,3,64608,61762,213,55,1794887,365952
5132,1207,769,3455,32813986,30549610,14288118,11984726,8339439,8551651,2019-01-21,17,4,73916,16202,220,52,1087546,660565
5057,1271,798,3535,31336123,31306912,13247748,12173088,7724162,8751262,2019-01-22,10,1,0,29856,246,68,1547744,720949
4930,1322,739,3461,31298085,29450661,13064896,10678494,8211458,8788536,2019-01-23,17,5,111493,170020,238,53,1585291,481105
4728,1243,740,3306,29167899,29697377,12434373,11482030,8536988,8747724,2019-01-24,9,3,5653,48473,192,52,1078713,555161
4901,1247,791,3352,33089247,30640508,13103112,12492481,9279009,8721939,2019-01-25,16,5,83080,82262,265,60,1515406,614460
4420,1221,691,3075,29951973,28134853,11919742,11413886,7656277,7845034,2019-01-26,11,0,0,0,219,51,910059,327687
4309,1129,707,3027,26956762,28223378,10314511,12596651,6754308,7149679,2019-01-27,18,8,169009,147712,221,67,1518482,522795
5129,1260,776,3482,32320134,31598481,12048850,12220605,7726512,10320754,2019-01-28,13,3,23671,78096,243,65,1033805,758208
4912,1342,760,3439,31002860,32321135,12491830,14018891,7587566,9158304,2019-01-29,9,3,74570,41622,207,60,1245913,345265
4932,1296,756,3454,32451011,30151314,14026403,11491059,8230253,9642720,2019-01-30,11,5,112171,177236,202,50,1459062,331836
4740,1242,730,3282,30954312,30870646,11961715,12694505,7991155,8191438,2019-01-31,11,3,76348,16276,192,44,746647,231903
4796,1234,769,3275,31760514,29853077,13162304,12151804,7262291,9232197,2019-02-01,13,5,0,125648,274,69,1172714,537903
4347,1177,658,2973,28996973,28396391,11435955,10150508,7027019,9684542,2019-02-02,15,1,0,4477,240,62,1204072,616470
4178,1127,680,2959,26305055,26348339,11904839,12085687,6388241,7465927,2019-02-03,17,7,132112,92140,205,51,963015,562081
4691,1126,643,3180,27950274,26940263,10392494,10071526,7047205,8090735,2019-02-04,15,5,41035,72261,150,32,893925,159629
4458,1181,672,3095,29519591,25592056,10761345,10066394,8535726,7461977,2019-02-05,16,6,11228,72743,169,39,861912,329198
4561,1219,656,3162,26993101,29141455,10482453,11827544,8182729,8358023,2019-02-06,21,6,54656,151545,177,36,780315,315638
4488,1150,650,3074,28598375,25952392,12048849,9708472,7089126,6913075,2019-02-07,10,1,56862,0,125,42,650802,448961
4660,1202,722,3117,31090755,29562365,11709877,12637287,8568554,7244147,2019-02-08,13,4,59199,30272,182,51,1166838,521632
4236,1089,675,2870,29001291,28149545,11614982,12289925,8013767,6957786,2019-02-09,15,2,0,20921,171,45,1620663,392642
4100,1049,638,2831,27500020,27516989,11452428,12375924,6871126,7044255,2019-02-10,10,3,54499,78106,169,48,927501,520881
4990,1169,714,3361,32790129,26538448,12775638,11132878,8221671,7018613,2019-02-11,13,4,98283,7651,173,44,1072324,315026
4678,1177,718,3246,33119155,26251497,14296491,11082605,8188665,6796778,2019-02-12,14,5,25601,52816,198,49,1225610,435403
4808,1185,736,3266,29993178,29642863,12319845,12673492,7953050,6298617,2019-02-13,18,4,20996,11978,173,57,1484186,446235
4886,1191,781,3359,35436897,29734215,15107214,12488255,8994153,6429226,2019-02-14,11,1,26590,0,162,53,1828608,198992
4625,1178,716,3172,28761402,26747484,11117610,11453117,7666505,7041849,2019-02-15,16,3,5089,60229,178,39,1083734,237002
4630,1178,726,3136,34717645,29711518,14150059,12546364,8443585,7894595,2019-02-16,15,6,92996,237210,236,61,1386167,516194
4314,1079,670,2964,30132356,26360672,14044326,11062553,7081449,6656776,2019-02-17,14,5,80691,10365,173,49,1099751,396004
5404,1210,855,3691,32975602,34270179,14013750,15635178,7508311,7680966,2019-02-18,22,6,15640,74689,197,47,1299816,406522
4687,1158,681,3214,29682936,25355904,12376404,9252274,7284482,7359266,2019-02-19,10,3,9904,40422,206,59,1327880,393536
4981,1273,782,3426,31757834,30572972,13226721,13673994,8009313,8049177,2019-02-20,22,2,0,55877,224,64,1747150,413553
4795,1139,755,3298,29279738,29578084,12022476,12911146,6792289,6930006,2019-02-21,7,2,72118,35891,221,58,1309413,630738
4963,1261,799,3446,32616404,32466306,15193913,13063764,7351761,8918783,2019-02-22,15,6,125321,102580,223,51,1431138,551589
4397,1162,673,2995,29663696,31080370,12719629,12742104,7663565,8045822,2019-02-23,12,3,49723,14126,240,63,1530226,671268
4522,1197,710,3139,29881153,30833225,11749429,12880134,8618458,7882898,2019-02-24,19,5,15727,174726,198,45,1368272,380536
5035,1185,776,3455,30258995,32223151,12581495,14429066,7135639,7383066,2019-02-25,11,3,8226,164984,189,47,683654,463375
5188,1312,796,3610,30124466,32749775,12986437,13330762,7338661,8117643,2019-02-26,13,5,12079,6870,268,73,2109188,980050
4903,1257,725,3373,29329517,30123675,11651077,12118534,7830688,9075067,2019-02-27,22,5,121979,37096,215,65,1071986,628920
4845,1247,738,3367,30824812,27876472,12988979,12903163,9017242,7694845,2019-02-28,11,5,38450,82944,211,48,1173144,523392
4902,1265,774,3373,32075874,29613510,12110226,13383968,7772808,7363979,2019-03-01,7,2,0,100855,239,62,1088641,513816
4383,1158,689,3008,30602666,26527874,14540485,11099591,7597095,7049825,2019-03-02,8,1,36391,0,225,63,1527257,508805
4541,1203,701,3183,31577822,29021455,13132483,11512274,8739522,8532455,2019-03-03,19,4,160121,0,212,53,1153209,462928
5018,1258,759,3465,31838186,32174515,12953901,14030213,7891909,8372899,2019-03-04,11,0,0,0,207,46,611290,481266
4901,1254,761,3392,28660912,30646849,11811329,12993312,6495641,7855368,2019-03-05,25,9,72145,225859,172,38,736676,363155
4829,1283,733,3375,28578454,28405508,10278905,11634658,8773692,7668416,2019-03-06,14,3,37401,125761,232,61,831798,451906
5003,1278,771,3468,33561824,30034346,14019110,12213955,8429519,7982480,2019-03-07,15,4,52334,23164,261,67,1800882,621201
4896,1326,748,3400,31507436,29913940,14076226,11626568,7465900,8596207,2019-03-08,11,2,0,41154,222,46,671609,290928
4633,1237,720,3202,29935447,29529292,12541633,11999230,7512725,8042071,2019-03-09,16,4,81780,91216,161,38,874970,292697
4159,1156,658,2974,26658140,26289139,10990632,11215905,7611492,8096076,2019-03-10,14,5,138097,35476,237,80,1252621,654729
5027,1288,776,3490,31426475,30363464,12355673,12355796,8911810,8075700,2019-03-11,20,8,61351,182103,239,68,1249302,544296
4999,1225,806,3475,31905854,30705079,13785473,12542230,6271028,8194483,2019-03-12,13,3,1658,17950,244,64,963093,504176
4980,1280,802,3499,30503113,30221616,13861162,12147508,7335532,9266207,2019-03-13,17,2,3440,9088,224,55,1654936,360172
4920,1283,756,3450,33737882,28774497,13516996,12329390,9199785,8184392,2019-03-14,14,3,65815,18489,239,59,1191693,498261
5026,1284,766,3453,33751668,30303234,14254886,12767420,7984393,8576956,2019-03-15,14,5,54052,53292,257,67,1804368,453845
4533,1188,710,3100,30552168,29828840,12845139,11859419,8341831,9083147,2019-03-16,12,4,5089,147589,221,47,1170177,432316
4529,1214,723,3191,30676729,29436410,11874262,11180081,8198803,8971573,2019-03-17,14,2,0,22905,230,72,1162099,774483
5448,1289,840,3788,34780103,31476034,14635516,12878899,8541187,8348194,2019-03-18,20,3,81287,0,252,58,851589,582543
4990,1317,756,3478,33653662,29004869,13081322,11635409,8122746,8007363,2019-03-19,14,5,0,122321,220,70,1305517,470514
4937,1294,748,3458,29772404,28702843,12859945,12185686,7583588,7403764,2019-03-20,15,5,114865,16175,181,54,1023868,557784
4893,1265,721,3409,30697195,26539756,11299257,9986930,9146410,7510036,2019-03-21,17,5,32624,142514,236,53,1075526,300716
5020,1292,801,3492,32983766,28133652,13328177,11273747,7736723,8708783,2019-03-22,12,2,17968,0,225,58,1538044,451667
4554,1239,703,3111,32202056,27470087,13152345,10467544,7747507,8041636,2019-03-23,17,3,0,70121,237,52,1044630,425315
4445,1156,664,3097,28192637,24724033,11042675,8051807,7652479,8716066,2019-03-24,11,2,51525,4375,211,58,780090,401647
5380,1368,855,3787,35021048,28644595,15199748,11267677,9742896,8928720,2019-03-25,17,6,40824,107439,275,72,1982320,693129
5135,1299,832,3570,32539050,31888429,14492522,12728535,8490948,9121145,2019-03-26,12,3,176035,54011,251,80,2089843,573798
4976,1329,744,3511,30368280,31224672,12193614,12230842,8688912,8647588,2019-03-27,16,5,268,127694,241,53,1030398,340296
4963,1272,777,3445,30886766,28650043,12840456,10677298,7762261,8599050,2019-03-28,10,5,43330,58050,242,67,1187316,367760
5034,1359,728,3510,28776896,29183172,11037190,11373534,7637998,8327683,2019-03-29,15,2,43085,34066,221,50,1341482,296193
4335,1157,683,3018,26704392,29884771,10405875,12808062,6767342,8575642,2019-03-30,12,3,51000,74685,199,52,927041,488628
4432,1218,724,3165,32757862,26194578,13756743,11191357,10172425,8109945,2019-03-31,14,3,70882,28932,216,51,1279270,718632
5584,1321,828,3805,33727806,31063500,13632225,13102797,8386787,9073932,2019-04-01,14,3,43660,150222,221,61,1278790,580872
5107,1360,750,3566,33203900,28899409,11695036,11051753,10574882,9319303,2019-04-02,14,2,0,26538,239,52,1004840,404049
4983,1251,760,3413,33438943,28259007,13933387,10321917,8343636,8286993,2019-04-03,20,6,75784,8015,240,67,1544675,740731
5102,1320,786,3620,29993080,29779126,12414921,12353550,8154119,8453580,2019-04-04,11,4,59082,84297,215,51,1421284,383029
4846,1321,753,3397,28350073,28423022,11167321,11851255,9113865,8808699,2019-04-05,10,1,8291,0,267,67,1558865,470767
4618,1239,706,3184,28757435,29667805,10961828,11272979,8443835,8843123,2019-04-06,10,4,26287,50875,246,64,838305,813318
4479,1087,702,3115,28959984,25506200,11817620,10139511,7883923,6995792,2019-04-07,19,6,36186,99222,181,57,1111984,443075
5319,1334,804,3725,30978577,30135718,12437288,11684240,7869671,7950276,2019-04-08,15,3,1946,14573,151,37,674484,383044
4711,1264,672,3296,27441020,29159715,9756711,11975477,7777399,8226990,2019-04-09,9,3,0,202335,194,57,538318,577802
4983,1330,757,3437,33019679,31297489,12780091,12147915,9983522,8927958,2019-04-10,16,6,62986,50222,233,53,1183383,475551
5081,1334,786,3558,31738523,31101268,13110866,12909012,9167116,8571982,2019-04-11,12,4,5089,163207,234,54,1446742,157239
5251,1368,829,3676,33058116,31356869,14351876,11804811,7678077,9650738,2019-04-12,19,3,24455,37556,272,77,2191054,252558
4735,1303,719,3274,31378633,31119614,12290748,12654791,8777412,9191650,2019-04-13,19,5,10713,80821,234,48,1140066,282937
4430,1139,731,3038,28719023,27592800,11478625,10940610,6697631,8369200,2019-04-14,14,5,32254,47272,218,48,857922,433024
5288,1303,824,3640,32025133,32534245,12188015,13888928,8766240,8913261,2019-04-15,9,1,18112,0,221,59,949478,416505
5187,1336,826,3622,31258741,33214214,12698666,14179947,8285377,9403167,2019-04-16,11,5,138464,70023,216,48,898546,371909
5089,1320,778,3511,31205214,30668868,12849563,11892390,9160172,8836769,2019-04-17,14,2,29444,24474,248,78,1305871,711579
5047,1297,785,3546,31511865,27814002,12986847,11861493,8878185,7556084,2019-04-18,17,3,117722,57519,228,69,1992655,329201
4825,1368,709,3330,27821753,32186904,11191664,11878459,7557846,9593609,2019-04-19,9,5,44241,50886,228,53,940036,507250
4577,1227,717,3070,32358103,31288107,12185280,12686489,7554150,8355267,2019-04-20,13,4,17914,79385,252,61,1413978,534566
4259,1085,749,2963,26346017,29079634,10955274,13031796,7787772,6789851,2019-04-21,16,6,0,184622,177,50,908591,519089
5224,1237,861,3586,32770549,31272227,14944641,14379944,7395900,7140729,2019-04-22,14,5,15126,90910,149,59,1181372,501571
4918,1312,729,3404,31697739,28379236,12187149,11477336,9343201,8568847,2019-04-23,14,4,14973,60551,160,43,1627833,410611
4897,1237,725,3383,29882310,27444259,11624591,10331369,7923905,8121994,2019-04-24,14,5,38218,32968,230,65,1602217,475668
5197,1336,829,3619,33016171,32069244,14852610,13037910,8068211,8548696,2019-04-25,10,3,118457,14796,241,72,1441150,482802
5098,1302,808,3493,35671743,31552332,15002632,12489782,9301387,8962026,2019-04-26,13,3,23656,0,258,61,1832538,672748
4727,1256,755,3201,31069741,34165339,12217240,13567669,7677875,10323765,2019-04-27,20,4,26473,43938,261,59,1199960,354890
4550,1214,734,3133,30337898,30393119,13363349,12027361,6608351,8235576,2019-04-28,17,4,0,131042,227,57,1707558,595009
4980,1258,797,3462,29794472,33811835,12106694,14673880,7853960,8673934,2019-04-29,11,3,30206,51055,232,59,1470548,247776
2453,640,453,1689,17942224,18577803,7303437,8654262,5241800,3848981,2019-04-30,16,4,89538,115691,65,23,789078,74330
4766,1179,772,3223,33555914,32131501,13906163,13688741,8251814,7897259,2019-05-01,17,3,14614,99664,127,41,1039143,489216
5274,1282,903,3570,39710268,32047221,18411945,13785613,8620344,8942706,2019-05-02,11,1,30716,0,331,109,2364025,556269
4667,1288,737,3180,32603147,31733344,12377812,13815108,10338634,8293735,2019-05-03,16,8,233717,91847,242,58,875918,465868
4269,1213,693,2902,30764183,29912927,12847638,12769640,7815135,8569046,2019-05-04,17,4,0,87900,232,61,1087874,563149
4295,1200,686,2997,30537042,27003924,12330771,10870448,8670737,7132606,2019-05-05,16,1,0,55214,220,66,1573069,293111
5166,1255,819,3548,34568733,29100729,14546490,12867754,9210213,7322386,2019-05-06,8,4,46971,15861,255,71,1389142,668500
5169,1327,814,3580,32898585,32197507,12180965,13199666,9541705,8688087,2019-05-07,12,2,45876,13690,231,53,821949,324566
5061,1358,791,3501,33843989,29656522,14218295,11409591,9073723,8214228,2019-05-08,13,4,67203,151423,251,81,1985908,672164
5011,1281,769,3468,33338029,29657171,13379573,12456020,9207044,8014058,2019-05-09,11,2,29568,0,208,54,1262287,389766
5078,1308,792,3517,34286248,32110864,14707591,13245436,8851377,9221580,2019-05-10,10,4,4207,88105,255,62,1717835,284702
4750,1281,783,3301,28670565,34200085,12973838,13822277,6572536,9161345,2019-05-11,7,2,0,88427,246,64,984103,308777
4567,1247,728,3234,27480310,31803114,12379590,12579684,6813059,9754830,2019-05-12,3,2,7979,38662,202,51,1302860,226816
5474,1371,819,3788,32176794,32197324,13725018,13045750,8905794,9468885,2019-05-13,12,3,14707,109446,223,57,1556655,524935
5104,1273,806,3522,33295419,31453967,13930588,13389155,8799974,7969962,2019-05-14,18,7,75879,164582,200,55,856206,665191
5054,1321,791,3513,32059307,31328356,13679217,11998549,8751655,9155260,2019-05-15,26,7,2418,159384,225,51,1293099,251757
5032,1281,772,3455,30917815,29815016,13078742,12764102,7236626,7569117,2019-05-16,14,5,34083,4252,171,51,1854738,352170
4831,1246,702,3326,27730801,31012686,10681494,13340231,7065507,8021782,2019-05-17,10,3,50937,0,91,16,304817,212200
4711,1274,771,3263,30762550,32828804,12755465,13862961,7701979,8934485,2019-05-18,19,5,0,184037,329,105,1782037,819107
4295,1203,665,3019,27997886,26118416,11703000,10772520,8172741,8201850,2019-05-19,8,4,92377,18566,196,50,1331028,145924
5219,1315,848,3613,34896737,31818959,15165773,13717448,8223849,8350895,2019-05-20,13,3,115280,28487,241,57,1074187,373332
4959,1306,816,3462,32543743,30619948,12878762,12877720,8452569,7918775,2019-05-21,15,6,18088,112971,269,80,2152023,351134
5193,1362,822,3588,32899292,33654980,13507031,14030368,8934157,9207683,2019-05-22,14,2,41226,42972,243,58,925618,572479
5344,1349,842,3702,32219750,32854306,13905468,13812455,7598568,8113218,2019-05-23,16,7,87979,213457,241,67,1933992,470229
5208,1327,825,3563,34559174,32051005,14479867,13641181,8893033,8475270,2019-05-24,18,8,76216,198081,259,69,1429400,513403
4711,1280,803,3287,30756034,32487915,14096305,14159093,7431396,10055124,2019-05-25,15,4,133752,0,214,62,1592114,570094
4450,1208,689,3108,26136251,31301660,10760805,12614133,6695749,9143042,2019-05-26,19,7,17914,56528,175,48,731985,550000
5277,1318,809,3634,32359324,32252801,11883249,12554487,9231272,8511666,2019-05-27,18,8,15296,224718,252,68,1598359,523317
5196,1291,792,3597,36410362,32122312,13347190,12873151,11336224,9541940,2019-05-28,18,7,118347,55300,263,86,1674602,391475
5226,1329,795,3585,34019277,31717544,14994621,12707136,8159166,9038643,2019-05-29,17,3,28253,92918,219,55,1372305,488624
5068,1328,804,3551,32426980,33249194,13605108,14348085,8270889,7998325,2019-05-30,11,5,100367,47814,233,63,1669385,525630
5013,1303,787,3476,29900895,29199463,12942633,11749694,6877036,8274245,2019-05-31,11,2,0,14857,229,59,1049547,485627
4601,1282,733,3161,32255591,28077011,13547670,10868794,8680063,8619232,2019-06-01,9,5,43806,55098,268,72,1919500,371943
4606,1195,778,3238,30966425,29531480,12443977,13949849,8833725,7513912,2019-06-02,12,6,31464,49657,212,60,1205989,305546
5302,1294,797,3601,35087556,32328582,12764856,12569669,9547102,7931106,2019-06-03,9,1,45790,0,255,63,1572725,379761
4885,1251,764,3380,32201088,32024841,12157258,12856977,9269467,8556232,2019-06-04,15,6,72273,34884,239,75,1624301,807574
4948,1269,764,3448,33129994,28632955,15050139,11529841,8481438,7409409,2019-06-05,12,4,37961,48899,206,54,1304939,435077
4878,1282,688,3370,30306349,28678555,11055302,11252081,9377399,7777508,2019-06-06,9,4,52702,43905,181,46,1046654,473582
4978,1274,815,3385,33946021,32762266,14632366,13900022,7966354,8279687,2019-06-07,10,6,88953,18041,286,76,2452403,670646
4352,1191,707,2946,30956852,30348866,12907427,12880973,7881909,8672953,2019-06-08,15,5,48930,127322,217,63,1130526,425581
4564,1215,703,3150,29682825,30587390,12831762,12542004,7811043,9181056,2019-06-09,20,7,0,152079,256,60,1820434,220723
5288,1296,808,3599,33491924,31348173,14071224,12882063,8777394,8233258,2019-06-10,24,6,59256,129092,260,63,1629866,443462
5091,1334,829,3583,36294538,30572741,14845033,13282592,10309968,8571277,2019-06-11,13,4,56331,63004,257,79,1770946,499668
5065,1269,781,3408,33167025,30423197,13172418,12704967,8098678,8228225,2019-06-12,18,6,111659,69116,228,63,1524135,406730
5191,1327,810,3630,32276228,31722081,14030086,13293668,9476831,7880153,2019-06-13,11,2,74140,0,245,71,1250075,591085
5169,1364,803,3564,31830054,33993056,13651361,13761271,7444489,10513336,2019-06-14,19,5,24306,224187,243,70,1726118,552835
4461,1245,716,3131,29779862,31118622,13757871,12203115,6812932,8053259,2019-06-15,20,8,63725,117138,226,55,1235516,787126
4402,1249,708,3110,29040749,32772985,12298889,13879760,7200239,9171730,2019-06-16,7,1,0,8549,210,60,1427424,427579
5527,1376,850,3816,33708005,32916977,13363841,14347002,8575605,8480924,2019-06-17,22,8,24509,108442,235,70,1861907,628211
5149,1267,841,3566,34712273,31604489,14596138,12954074,8532695,9121490,2019-06-18,17,4,49108,10773,237,63,1324752,480808
5139,1353,794,3569,32046643,29472130,13695564,12724456,8938328,8916203,2019-06-19,13,1,0,29968,225,57,1255119,364573
5244,1322,819,3635,31240486,33782949,12504132,15046337,8012094,8697341,2019-06-20,17,7,76043,136347,236,70,1391389,903663
4984,1311,806,3487,32100299,33298417,15210731,14339590,8813919,9206999,2019-06-21,17,6,143076,71919,240,61,1589423,465160
4776,1273,744,3309,29190165,32015356,11768903,13529338,7212377,9243837,2019-06-22,18,4,1137,67792,242,68,1056210,624317
4730,1237,748,3318,30996852,30719584,13202299,13269530,7770927,8219593,2019-06-23,11,5,113120,70242,228,57,1702588,359996
5623,1385,908,3904,35603804,33824732,15322130,14809414,8686372,8632970,2019-06-24,16,4,2890,150021,244,81,1913959,454548
5275,1325,777,3621,31228063,31971646,12967935,12841205,7396895,8976750,2019-06-25,18,8,81589,56368,229,63,751595,541235
5094,1314,769,3530,28979275,31405965,11067231,13485390,8391089,8537319,2019-06-26,19,2,1917,0,223,53,996825,641540
5124,1352,763,3599,31410381,34787291,13079370,13691736,7866452,9213866,2019-06-27,20,6,50448,81715,234,58,1571986,536819
5131,1360,784,3550,31450308,34526787,13353824,13932497,8084601,8790943,2019-06-28,13,8,36717,119682,213,56,1384457,555351
4736,1290,709,3237,27740895,32316573,11077768,13367392,7235762,10162495,2019-06-29,11,2,0,36240,242,68,818625,761115
4431,1184,717,3117,29295938,29283763,11213683,12266405,9548850,8044192,2019-06-30,10,2,9338,5501,217,70,1528688,519825
5392,1333,761,3654,34394209,33659251,11847803,13231655,9356960,8260528,2019-07-01,13,4,84983,28393,217,40,757431,344254
5093,1358,778,3579,34002017,29823846,14643295,11750161,9999728,8597552,2019-07-02,15,6,111577,204781,263,75,1371623,519822
5140,1330,766,3571,33453349,30365586,12508669,13154497,9717534,7874370,2019-07-03,15,5,5089,201221,242,62,1317121,659353
5078,1329,794,3530,32508747,31920314,13102445,14181267,8970564,8327424,2019-07-04,21,6,105530,23529,229,53,804268,510986
5057,1315,790,3454,33601765,29370080,14353680,11050555,8789215,8833637,2019-07-05,13,4,17360,24960,253,74,1240525,627753
4697,1269,720,3255,29661489,30096309,12584267,12135269,7583175,8382482,2019-07-06,12,3,0,108937,234,66,1520138,661298
4578,1229,679,3220,28575365,28370116,10311999,11635484,8366044,8022247,2019-07-07,14,5,8692,104839,243,63,1281383,466701
5576,1366,824,3837,35642070,31375421,14641047,12311486,9100872,9330223,2019-07-08,12,2,12999,55087,242,62,840395,594999
5110,1340,727,3541,32008009,31832480,12048325,14129617,9007953,8432790,2019-07-09,15,7,18873,142095,235,61,1195191,739573
5141,1336,782,3567,33047825,31372747,13783827,12241071,9241414,9096493,2019-07-10,13,2,0,9206,233,54,1347277,295300
5186,1324,749,3555,34302465,27614215,13736143,10090569,7526599,8234043,2019-07-11,10,2,0,11108,260,72,1773729,351477
4991,1317,758,3429,30801283,30693092,12991129,13244694,7439274,8108155,2019-07-12,9,5,59915,20011,235,60,1219401,383049
4571,1255,722,3128,31065626,31503519,13636631,11278297,7534710,9383338,2019-07-13,12,2,20830,16311,218,65,1384885,762819
4576,1240,699,3217,31379628,28142081,13824413,12520586,7819799,8040311,2019-07-14,16,3,0,76037,225,62,1231702,370630
5492,1329,863,3812,34770089,33378790,14027603,13484632,8948130,8891657,2019-07-15,17,3,58022,53731,237,58,1513587,195393
5048,1335,747,3500,32102827,31228555,13454457,13096458,9002508,8845631,2019-07-16,12,4,26201,25215,209,45,1025841,267465
5148,1296,731,3537,33245864,29721493,11638436,11354639,9752852,8494974,2019-07-17,20,7,28910,132368,261,70,1266618,366370
5170,1349,763,3604,29068050,30379264,12370703,12187427,7515019,8485372,2019-07-18,12,2,0,169127,204,53,1177236,524565
4892,1265,783,3368,30275691,32004946,12757277,12634843,7976768,8551622,2019-07-19,12,3,8841,0,196,57,1619637,411708
4502,1223,703,3038,28882380,29554272,12219730,11442281,6246527,8833728,2019-07-20,11,4,27267,206367,258,75,1090904,503611
4596,1191,738,3167,29789426,29443368,12191718,13004281,7774111,7712362,2019-07-21,14,2,11006,31899,206,64,1094967,721176
5495,1406,786,3801,34411173,31751084,14799632,11836778,9339600,9057467,2019-07-22,13,5,5789,95697,243,65,1366133,509884
5193,1347,797,3601,30807566,30995053,11593935,12178510,8432931,8420602,2019-07-23,17,6,158295,10356,241,69,1297625,597937
5251,1332,803,3627,32112437,31812543,13890061,14006028,7723705,8358175,2019-07-24,13,0,0,0,237,67,1430021,630824
5158,1332,789,3558,29516066,31310028,11729334,12544453,7700846,8257464,2019-07-25,14,5,39888,95879,250,69,1341038,469964
5113,1335,784,3522,32951511,33156452,13949202,13438657,8182188,10019060,2019-07-26,10,3,57349,23866,260,65,1573528,403073
4660,1303,745,3208,27707822,30486467,11605048,12106894,7408885,8514918,2019-07-27,15,4,22193,52048,218,43,567236,277492
4671,1222,774,3251,30563913,31974269,11699368,13923152,7991391,8803991,2019-07-28,13,3,48083,88911,219,60,1413344,435047
5547,1388,855,3890,33041257,34063351,14176073,14044955,7723950,8385991,2019-07-29,12,2,0,10568,223,62,1600507,423334
5085,1316,780,3549,32745803,32546377,13527730,14074104,9102105,8167616,2019-07-30,15,5,51792,78339,249,67,2135382,580267
5008,1247,764,3434,30594880,29212061,12288599,11910363,7837747,7323045,2019-07-31,18,2,0,76780,224,62,1438697,480485
5139,1306,810,3542,31647499,30108814,13005578,13042927,8187666,7272201,2019-08-01,7,1,0,20426,225,62,1598007,544570
4979,1321,732,3463,32858534,30598541,13481985,11563381,8312787,8870391,2019-08-02,9,2,87233,0,233,53,1125996,565257
4754,1326,717,3263,31815048,28759303,12843332,11756258,8628892,7758226,2019-08-03,17,4,20599,226350,219,52,1192524,577843
4511,1184,697,3113,30397248,26987251,12341325,11184949,7933739,7839537,2019-08-04,12,3,50279,9387,214,64,1814643,503501
5323,1373,804,3659,36565067,32217528,14406723,13175169,10498520,9404160,2019-08-05,20,5,41602,36709,266,78,939503,611047
4938,1301,795,3470,31995587,29892497,13446630,11181506,8971274,9653790,2019-08-06,16,5,138497,3844,258,77,1785758,495222
5455,1388,770,3716,31287732,31316505,12848013,11474064,7728237,7816921,2019-08-07,16,4,11234,39746,229,60,1021504,378892
4961,1293,722,3420,29016333,31177381,10361490,12247471,8567707,8401708,2019-08-08,12,2,51005,0,159,37,412318,300890
4778,1231,676,3241,27872256,29448174,10632680,12496951,7033245,6920846,2019-08-09,9,2,0,37522,69,15,663123,197363
3974,1074,577,2660,22088905,25964873,7466058,11541438,5745180,6217283,2019-08-10,16,4,77486,39300,42,10,571103,54218
3888,1096,558,2675,22146483,28640792,7354625,11727614,6881896,7974129,2019-08-11,11,1,0,32047,162,39,797479,317997
4765,1265,718,3242,30776674,30346604,11643370,11611192,8951888,8390501,2019-08-12,13,2,35080,0,250,69,1220513,567590
4658,1318,683,3176,32481052,30987675,12001207,12299060,8835913,9219684,2019-08-13,16,4,0,188132,295,69,1466238,427430
4411,1254,686,3045,34586383,28095960,14499950,10935794,8309458,8460002,2019-08-14,16,3,35965,0,252,57,1395661,452885
4351,1204,733,3008,32487725,30327345,14292213,12930694,8116666,7998574,2019-08-15,13,2,61274,9376,247,64,1553158,481998
5162,1365,806,3532,34256260,33489518,14413271,14409980,8880743,8817333,2019-08-16,10,3,27120,174938,262,67,1988301,602087
4675,1281,744,3204,31908125,29749101,14586124,13682281,7098377,7532134,2019-08-17,13,5,91826,42604,229,63,1411329,359197
4712,1201,748,3264,29134058,30338898,13858755,11912821,6877516,8665959,2019-08-18,21,8,134583,159931,229,61,2214860,355969
5620,1382,825,3801,38376588,31589904,14416611,11914460,10821685,9049731,2019-08-19,15,5,0,25545,253,70,1411908,487432
5103,1335,774,3524,36882143,29717017,13864815,11920403,9811123,8567219,2019-08-20,13,3,14371,36129,248,68,1909823,438504
5292,1356,798,3643,34187076,31331579,14625847,13560630,9163586,7689525,2019-08-21,18,2,0,31044,257,65,1224183,479470
5251,1350,804,3616,32746221,31777537,14219500,11301443,7741865,8451732,2019-08-22,17,5,49928,42235,256,71,1660397,568505
5158,1337,804,3528,32000307,33149180,14013677,13391824,8530051,8675403,2019-08-23,13,5,78608,153484,272,76,1869653,630653
4751,1163,772,3168,32286037,32242674,14398139,13487158,7187503,9100158,2019-08-24,15,2,0,9801,245,63,1232852,530440
4783,1237,763,3308,28085384,30986199,13258315,11768725,6631177,8593313,2019-08-25,15,3,15640,61155,234,69,1633291,497652
5480,1347,851,3735,36418312,34097295,15204156,14537399,8518905,8599354,2019-08-26,14,4,99224,19152,251,69,2054324,505071
5283,1360,810,3633,32085698,32755961,12559710,13564472,9285290,8268528,2019-08-27,16,4,41418,42179,224,59,1069471,491091
5030,1358,745,3475,32111189,32135676,13458451,12351376,9039579,9347191,2019-08-28,16,4,5089,84622,230,61,1961888,207360
5154,1365,792,3568,32625836,32786459,12838472,14414554,8382478,8360054,2019-08-29,17,5,32363,176302,232,59,1390223,481348
5153,1335,781,3481,33448793,33217764,14684702,12281572,8136645,9512690,2019-08-30,7,3,131390,5267,271,72,1268989,858563
4640,1278,728,3160,27842984,33056314,12179386,13448255,6432344,9349027,2019-08-31,25,6,103555,189926,234,60,1811893,537799
4530,1168,703,3088,29145780,26125016,11321771,10462810,8027926,6892267,2019-09-01,12,2,0,3891,217,59,837786,263817
5385,1289,813,3682,34403817,30979363,13851050,12668241,9866524,8360200,2019-09-02,13,6,73587,193904,234,50,1186473,354744
5044,1297,794,3488,33782842,31975389,14392933,12401246,8590281,9349971,2019-09-03,15,5,15676,69488,239,63,1937523,197936
5089,1314,761,3537,35806766,30247348,14774467,11703256,10321262,7853977,2019-09-04,15,6,95718,137391,243,70,1768518,178061
5021,1315,804,3491,30249874,31259486,12067243,13189145,6977649,7966640,2019-09-05,7,1,31964,0,192,46,1205509,459181
4670,1218,672,3174,28388526,27521772,11019145,11580949,8363376,6120021,2019-09-06,14,6,99316,83923,91,24,747359,269585
4588,1247,716,3129,26331637,31278090,11219949,11681762,6476352,10287273,2019-09-07,15,6,136167,97606,306,91,1734876,803531
4370,1143,722,3065,30414936,29819242,11440323,12329403,7763934,8674638,2019-09-08,18,5,41859,109720,206,51,1653323,349139
5519,1385,842,3841,35789908,30249870,15763538,12060434,8970536,8642544,2019-09-09,14,5,54708,158564,257,71,1732342,438373
5169,1309,760,3508,32666511,33950675,12614464,14256166,7852918,8808477,2019-09-10,14,5,190594,135387,250,62,1678052,235671
5116,1322,805,3604,32396242,30549823,14143559,13098159,8996971,8727108,2019-09-11,15,2,17708,5429,234,62,1465019,604292
5286,1367,847,3632,33899268,29584682,15405345,11753714,7685224,8149517,2019-09-12,18,6,74064,125633,249,68,1757140,371655
5168,1358,785,3506,33476958,32415039,14884296,12123878,8687838,10144384,2019-09-13,13,6,46531,61039,271,68,1819320,384345
4762,1289,755,3264,30254786,30155174,12412353,12197629,7487450,8888594,2019-09-14,10,3,25255,10908,247,71,1722380,511208
4410,1230,709,3054,32579029,29213291,12830554,12197732,8598503,7901682,2019-09-15,18,5,137485,111848,229,60,1228777,356344
5276,1320,823,3608,34047166,32202994,14217693,13119815,9747208,8127148,2019-09-16,14,5,8969,64347,236,61,1308217,376689
5184,1348,794,3637,35665533,28808979,14083212,10367958,9953491,8003443,2019-09-17,6,1,0,0,236,61,1380488,291382
5180,1352,782,3577,31131282,32857183,11209893,13724106,9631267,9259308,2019-09-18,12,2,0,96101,232,59,772378,480584
5282,1405,796,3663,34189436,30395535,13598779,12265372,10450633,8103248,2019-09-19,23,7,160768,44399,230,59,1504946,375968
5086,1353,777,3561,29710400,32085018,12706073,13290052,7628003,9571110,2019-09-20,12,3,15640,28397,212,59,1218616,366207
4275,1145,668,2909,26100566,26775795,11124156,11057680,5992934,6811449,2019-09-21,13,2,2019,0,82,27,628670,352724
3780,1103,546,2635,24291885,28599670,9227112,11596266,7541926,8086542,2019-09-22,11,3,574,24844,137,43,1460318,198980
5374,1286,864,3699,34790053,32040763,15493752,12941120,7620481,8719060,2019-09-23,14,3,48212,53320,315,82,1836122,727805
5200,1291,776,3566,32836970,31393890,13937109,12207132,7914755,8462172,2019-09-24,15,6,142467,35099,221,55,1281487,223641
5409,1352,816,3705,33583974,32238414,13523208,13665183,8517488,8607628,2019-09-25,19,6,32890,207579,254,62,1404577,686421
5453,1393,832,3801,37177129,31931387,16328440,13025101,9663472,9290167,2019-09-26,12,1,43573,0,253,68,1141233,777862
5303,1302,839,3640,32037621,31951686,14663591,13760454,6990267,9195778,2019-09-27,15,4,0,69728,261,68,1747481,589313
4976,1286,783,3381,30160418,34527639,12637566,13937369,6782522,8937987,2019-09-28,18,6,76306,75147,252,76,2047699,507835
4723,1245,730,3287,27429741,31073660,11827815,11529782,7411809,9181981,2019-09-29,17,4,44247,137215,245,61,1073902,540096
5453,1290,847,3766,35515753,35803597,14909957,14652633,9641835,8404559,2019-09-30,16,6,124198,36506,156,51,700897,482331
4846,1221,717,3397,28233993,29263900,11856826,12827084,7039452,6789405,2019-10-01,12,2,6450,14368,64,13,468232,114595
4812,1234,638,3283,29507798,29240040,10743710,10343115,8713909,9126287,2019-10-02,11,1,0,17223,200,51,883032,397904
5082,1300,774,3504,29752179,29091210,12744771,11786745,7874850,8091428,2019-10-03,14,3,58804,15992,287,91,1473203,1119092
4839,1219,760,3294,30805600,31167275,12392986,12365979,7831031,8529681,2019-10-04,11,6,28495,114090,240,58,1649694,428877
4786,1258,802,3236,33394359,29568287,14956142,12426323,8498855,8025373,2019-10-05,14,7,28224,180294,212,52,1573520,257658
4561,1229,711,3186,28176187,27963636,11906443,12027939,6836229,7649748,2019-10-06,10,2,32843,0,236,73,1686645,648592
5407,1320,823,3717,34507349,30182349,14147089,12852151,9837051,8090994,2019-10-07,9,4,6975,88366,256,66,1520587,306359
5027,1231,765,3448,31134669,30717563,13055528,11678788,7928939,7931751,2019-10-08,10,3,63832,74432,229,62,1479929,421373
5301,1309,823,3670,34505674,30332924,12711624,12239080,10475309,7273912,2019-10-09,19,7,109298,90012,230,62,1592368,744563
5117,1294,789,3533,33042900,31374507,13244163,13645730,9396438,7128250,2019-10-10,14,4,32311,286487,217,57,1708199,362940
4453,1232,655,3044,30874071,28979210,12520146,11088490,8127619,7972333,2019-10-11,13,4,2118,43792,215,62,1582027,317433
4073,1129,647,2791,28671401,28099060,11853639,11905799,7474025,7938755,2019-10-12,23,7,70212,133519,227,52,1372548,584441
4474,1195,694,3119,29954472,30139063,12422286,12109809,8241188,8107252,2019-10-13,13,3,61745,10390,256,65,1534392,455807
5425,1315,864,3762,33702830,31855213,13935521,13011837,8540135,8658493,2019-10-14,12,4,573,0,224,59,883895,597862
5272,1336,824,3665,34992287,31932240,15906538,12627284,8671455,8900847,2019-10-15,16,6,31524,147370,213,54,1570308,435288
5351,1400,815,3706,35594396,31739560,15391784,12927385,8579074,7709193,2019-10-16,15,4,17914,243767,225,66,1641870,272512
5101,1296,737,3475,30674398,31910044,12169834,12606228,8463846,8952698,2019-10-17,12,3,60292,14796,204,59,1432449,386389
4995,1297,779,3448,30541922,30852212,12905945,12897773,8447848,8861118,2019-10-18,16,5,0,79800,249,58,1313017,453272
4822,1286,751,3282,28960609,32672309,12501748,14165859,6257839,8507669,2019-10-19,16,4,50116,44242,238,56,1374212,240783
4682,1233,734,3263,28985072,31322744,11364847,12737238,6976878,8696325,2019-10-20,12,4,0,70982,211,48,1295919,308559
5526,1382,834,3815,34547207,32133328,13744228,13307941,9081273,8424249,2019-10-21,13,4,2891,149690,261,71,1319229,788979
4996,1264,783,3412,31700002,31435000,13163863,12540207,7678505,8311238,2019-10-22,14,4,43340,51729,247,67,1588416,433989
5186,1351,763,3578,32813968,32097714,12853778,12156192,8131978,10087509,2019-10-23,10,4,447,68329,213,56,1295553,281901
5104,1328,731,3488,32214428,31138624,12849192,12337419,9330225,8036264,2019-10-24,18,2,31474,0,221,56,1650690,526665
4968,1332,748,3410,30411673,31106655,11251634,12705069,7650931,8016292,2019-10-25,8,0,0,0,218,51,663955,520622
4887,1295,785,3322,32790139,34976789,13991532,13682699,6943706,11134647,2019-10-26,14,5,87746,50120,241,70,1762876,488205
4808,1237,749,3363,30381772,29626715,11752050,12478067,8242361,8824572,2019-10-27,15,3,77541,4965,244,75,1476331,516163
5697,1360,839,3876,33343657,31394113,13096143,12006983,8559405,8879237,2019-10-28,13,3,6495,0,279,71,1765550,406582
5357,1346,868,3724,32633530,33338477,13243346,14393082,8226971,8711299,2019-10-29,14,6,59534,119947,244,59,1300532,484671
5213,1299,813,3622,33424111,30538730,14086309,11769247,9391500,8853272,2019-10-30,14,3,165492,30824,211,57,1444735,420070
5244,1358,782,3640,31123126,30819066,11636800,13459930,8656486,8292577,2019-10-31,18,4,31686,104699,233,65,1224556,648123
5072,1326,819,3504,35172239,30568535,14126331,13597868,8872396,7757465,2019-11-01,11,3,137085,30640,245,50,1302671,495801
4648,1231,729,3139,30185354,31723197,12871537,12572089,6811565,7866911,2019-11-02,11,2,4131,39765,228,51,1259483,399632
4477,1231,723,3149,30390834,29100374,11631952,11481499,9107798,8568764,2019-11-03,12,2,34499,1080,213,55,1474774,644483
5345,1362,841,3702,36899593,29135342,15917517,12372072,9069378,7699938,2019-11-04,10,3,101979,75621,246,58,1030123,528029
4984,1304,760,3502,30628578,31556295,11769044,13446663,8064733,8636214,2019-11-05,7,3,29061,71519,215,50,1134483,446595
5169,1328,819,3693,32089160,30009905,13741567,12437708,8091221,7738775,2019-11-06,11,2,65780,0,227,62,1256610,498626
5100,1372,770,3578,28390793,30782488,11318933,12612008,7476483,7915591,2019-11-07,12,2,0,188200,214,48,828825,419257
5198,1368,755,3551,31598449,30470476,13206272,12506029,7961059,8148237,2019-11-08,17,8,54838,136379,243,57,1844403,668597
4708,1255,729,3218,29463629,31503661,12327476,13244848,6805539,8504191,2019-11-09,9,1,0,27970,245,68,1491721,399585
4620,1247,736,3255,27104494,29244067,11300431,12316272,8021172,8333732,2019-11-10,17,4,32670,56537,209,54,1384265,503578
5337,1255,836,3617,35730679,28786212,16505863,13514966,7803134,7673299,2019-11-11,15,4,0,96173,241,66,1435513,510668
5078,1307,793,3564,31862285,30907916,13769499,12476981,7722756,9105072,2019-11-12,16,6,111127,83445,239,62,1299962,431007
5026,1347,720,3478,31643661,27592336,12419802,10546874,9298249,8256269,2019-11-13,14,1,0,13398,192,51,1539257,75683
5076,1340,798,3526,33024159,31784898,13568735,14107779,9596304,8458167,2019-11-14,12,6,52861,174909,266,72,1579486,565823
4961,1271,828,3391,32748319,30960512,14069808,13523839,7742275,8274933,2019-11-15,14,4,108733,120666,255,76,1333187,628595
4769,1273,759,3283,29658845,30816511,12944415,13562168,7286141,8908767,2019-11-16,16,3,8241,21308,249,71,1706827,280009
4508,1161,673,3095,28012888,27094880,11254593,11780941,7517977,7095149,2019-11-17,17,3,35678,88643,181,48,1045636,391830
5287,1331,742,3585,31387457,32091347,11473071,12762933,8923145,8769240,2019-11-18,17,6,95273,217703,187,53,1473914,191856
5070,1287,784,3543,31919477,28253014,13478640,11638210,8318523,8520220,2019-11-19,16,5,62752,57316,244,64,1772169,455971
5111,1303,832,3519,35763658,29135912,15035935,12487971,8995381,7745296,2019-11-20,22,6,5726,69278,251,76,1904493,347042
5225,1378,797,3647,34357901,31173346,13827909,13428575,9998049,8643907,2019-11-21,10,5,65544,94850,225,63,760625,410264
5043,1320,789,3475,32933322,31543125,14316465,11727547,8047388,9435799,2019-11-22,15,3,49402,0,233,60,1522736,272564
4418,1252,641,3003,25203801,28357003,9103722,11394789,6631083,8172188,2019-11-23,10,3,60356,49463,194,52,933729,331193
4586,1217,746,3170,26665943,30545494,10579002,12313994,7308102,8488263,2019-11-24,21,7,74186,96858,174,44,883250,474999
5392,1325,909,3749,33424881,32442764,14787004,12951827,8445127,8433556,2019-11-25,7,2,54107,43022,221,62,1091806,423732
5124,1307,782,3511,31535908,29959689,12624767,12584123,8148600,8576282,2019-11-26,11,2,56541,7999,259,66,1241145,513267
4945,1251,753,3414,29213424,31116530,11098940,12007687,8127169,8822699,2019-11-27,16,4,21906,226070,207,63,1521319,390728
4991,1349,780,3461,30536254,30752412,12327092,13038026,8514411,8616970,2019-11-28,9,2,53573,5429,208,53,963340,366537
5176,1331,839,3589,32178535,31849249,13955039,13205517,7644142,9052711,2019-11-29,24,9,79090,68691,228,73,1206460,985640
4877,1282,771,3378,31130708,31309647,13586293,13158203,7733598,8831887,2019-11-30,14,6,35406,246846,240,62,1171358,683748
4491,1192,726,3125,28778556,28493588,11733556,12024890,7400529,7033354,2019-12-01,13,4,60542,82536,138,37,1052479,269655
5138,1285,740,3455,29153143,30370446,10952440,12227222,7967967,7615419,2019-12-02,15,3,0,256169,233,62,1318901,587112
5129,1346,839,3616,34032409,28248841,15614435,12795303,9139871,7180736,2019-12-03,15,6,66882,13984,264,75,1582498,756566
5136,1293,801,3537,31866811,30127469,12864854,12857362,8124872,7819371,2019-12-04,12,6,59882,98483,243,73,1221615,636382
5036,1331,758,3493,30095988,31003100,10972746,13343578,8828572,7532507,2019-12-05,13,6,50210,117451,223,55,1392675,514557
4913,1302,756,3394,29714757,31006592,11328293,14229770,7917518,7759126,2019-12-06,16,5,5293,169393,219,66,1027787,760542
4813,1231,744,3235,31233589,27450003,12619271,12542230,7849760,7479478,2019-12-07,12,6,77683,134446,226,58,1044261,644612
4587,1228,749,3205,29446895,30141713,12487621,12646500,8091459,8724041,2019-12-08,14,5,19502,60477,225,67,1438645,619944
5462,1348,799,3709,32462385,32471595,11770668,12640800,9100415,9559681,2019-12-09,16,5,52258,88156,236,65,1231594,804102
5111,1324,786,3554,32065413,30881767,12877508,12655749,8218501,8435107,2019-12-10,13,2,2890,23866,225,50,1525938,354004
4909,1274,757,3376,31616310,27776050,12656392,11995143,7858906,8397179,2019-12-11,19,6,20804,60694,211,58,1103173,561380
5003,1270,802,3454,31629239,29382661,13692387,12525102,7876627,7435572,2019-12-12,17,6,26078,128758,229,58,1241970,498306
4979,1318,761,3422,29907869,27169804,12531374,10997260,7996050,7913689,2019-12-13,13,5,29453,43271,215,45,1561571,238274
4528,1184,720,3075,28488707,29996205,11490029,12738084,7240921,7594387,2019-12-14,16,5,105479,51761,202,43,692546,478286
4596,1185,755,3174,28438098,31872490,12573247,13472576,6627801,8800072,2019-12-15,13,5,46040,159595,170,44,934955,423189
5290,1282,790,3654,32541993,27711966,12524920,11173834,9359276,7020296,2019-12-16,14,5,447,199682,217,44,1520240,187634
5072,1300,764,3456,30520487,29684031,10947252,12808288,7590399,8277634,2019-12-17,11,2,20804,34639,206,39,884574,247477
5145,1335,774,3592,32641847,30249723,14218932,12247795,8254503,8509638,2019-12-18,16,5,77290,6583,210,50,1182400,334208
5231,1359,821,3639,32395458,31821704,14235941,13725929,8547796,9217354,2019-12-19,14,3,14625,28628,246,57,1676868,432274
5021,1319,754,3510,30407267,30837400,13340855,13030597,7869403,8712856,2019-12-20,10,2,9171,23866,224,49,1512378,478175
4680,1189,748,3139,28326421,30241640,12718622,12545784,6717176,8269344,2019-12-21,19,6,129187,92741,202,49,1260655,688675
4665,1182,719,3219,29397360,31272127,11105066,13295847,7882789,8007732,2019-12-22,14,6,28723,97735,192,50,1113455,345459
5318,1353,844,3617,32211252,32462210,14209422,13374951,7619928,9470987,2019-12-23,11,2,5089,67812,231,48,1828191,481166
4576,1066,746,3026,28624004,28685455,12423502,12070360,6407116,7577469,2019-12-24,17,3,23613,20225,226,62,1499021,385597
4325,1057,681,2844,28365753,27433234,10316674,10192802,7413787,8188809,2019-12-25,14,4,72434,32401,198,47,1284875,331147
4724,1223,750,3208,29597506,30427752,12227949,13721089,7730042,7475804,2019-12-26,14,4,32471,60356,183,43,1099587,329482
4737,1237,737,3146,31027898,30722256,13515192,12436435,6933976,9011636,2019-12-27,12,7,76426,81353,248,54,1726527,243578
4690,1217,785,3129,31642486,29719749,13059729,12807847,7882864,7773146,2019-12-28,14,5,63897,28529,223,53,1620934,250000
4416,1162,681,2960,27962067,30211603,10948461,12618821,6848340,7958607,2019-12-29,12,2,5089,49570,196,43,1013405,299986
4688,1251,703,3079,30610787,29493362,13244172,11613990,7070000,7811218,2019-12-30,11,4,54866,77125,179,39,1360905,213851
3715,952,636,2423,27756620,24470609,12467915,9498651,6588597,6469754,2019-12-31,11,3,32154,1651,207,61,1571735,199458
3679,1021,608,2417,29486505,26181088,11166248,11706999,7036383,6659356,2020-01-01,13,4,90264,25545,241,59,1516195,229687
4528,1250,752,3076,36353015,28510634,14039891,12030134,10117144,6924313,2020-01-02,14,6,273654,44935,259,75,2020385,575162
4371,1241,661,2891,31476176,26429918,12681059,10727086,8874105,7870678,2020-01-03,13,4,0,295890,215,50,1311664,379955
4432,1195,757,2957,34564450,29005169,15387686,12647739,8879109,7628185,2020-01-04,12,2,31891,0,239,64,1181597,520607
4317,1159,708,2971,28207042,25536749,12036987,9742275,7875501,6884162,2020-01-05,12,3,45065,166905,217,69,1655179,477429
4998,1280,753,3348,33781062,27589905,12598915,11256242,10164392,7429647,2020-01-06,16,4,32966,43684,234,59,797680,442040
4502,1224,631,3076,28053811,24388837,9254765,10812421,9305698,6257541,2020-01-07,16,2,0,6364,158,40,969707,236476
4511,1283,708,3112,30557306,29247161,12001584,11517038,9066299,8976354,2020-01-08,9,2,0,34695,244,75,1186224,556840
4910,1262,752,3338,35211472,30004265,15282302,11789203,9637350,7936817,2020-01-09,4,2,18624,31897,234,64,2014009,478087
5015,1302,774,3413,33285615,30246331,13621778,11891983,8213829,8492194,2020-01-10,9,2,0,27245,251,58,1622423,440382
4576,1212,722,3078,29507691,28020156,11732628,11272553,8208810,8393650,2020-01-11,16,4,48973,198765,202,50,547558,467050
4438,1218,685,3018,29654884,26758001,12388169,10243337,8201900,8533343,2020-01-12,11,5,70899,85373,224,65,1795813,562652
5246,1252,798,3564,31944587,30792410,13472779,12052729,7214544,8595505,2020-01-13,13,0,0,0,247,65,2030295,326892
5035,1296,778,3454,31796256,30210851,14090821,11431604,7110029,8584074,2020-01-14,17,4,15640,95110,257,60,1767132,433089
5045,1277,780,3516,32872303,29683176,14114484,11858383,8892461,9039780,2020-01-15,15,3,32938,117765,241,63,1436862,439160
5025,1269,791,3443,30772888,29437255,14016554,10718600,7705297,8465270,2020-01-16,10,3,15343,22045,237,65,2665223,288570
5075,1349,773,3444,30207858,28332199,10980630,11134469,7874419,8744270,2020-01-17,10,3,73103,0,223,69,1045494,522393
4503,1213,731,3071,29256642,31256553,11572060,12283967,6690873,10003878,2020-01-18,12,4,30484,18936,235,65,1039995,594721
4572,1218,731,3177,31494657,30365650,13409384,11808075,7388542,9072053,2020-01-19,10,0,0,0,244,57,1430581,337933
5142,1201,794,3501,30478097,30493717,13416575,12213944,6407822,8707560,2020-01-20,16,5,130179,20225,204,48,1829024,347124
4891,1274,720,3383,28274261,29602707,10878654,12425209,7152668,8613314,2020-01-21,14,2,0,30002,238,56,957817,340420
4785,1263,683,3280,29098218,28866098,11898019,11990660,7268381,9000617,2020-01-22,8,2,65848,28098,144,29,816991,272557
5068,1297,787,3470,31114925,31519537,12807580,12538770,7608679,9336740,2020-01-23,17,5,76314,261957,250,86,1698227,393742
4566,1192,643,3069,25273071,28873855,9281252,10862526,7015904,8493359,2020-01-24,16,4,79815,62832,176,37,730099,285113
4451,1179,637,2947,27781177,29803886,10746784,12312941,6020500,8506375,2020-01-25,16,0,0,0,200,35,1174977,299391
4414,1180,668,2984,28734383,28951288,12051207,12506264,7011580,8129048,2020-01-26,9,2,12999,44527,149,46,1383276,285358
5147,1261,834,3508,35321796,33569603,15158641,14619514,8433334,7510351,2020-01-27,19,4,64465,34706,163,41,1280035,195566
4979,1237,811,3397,31916710,32108410,13690651,13420327,8421557,7816891,2020-01-28,20,8,121022,313483,199,44,1181818,247984
5003,1299,755,3405,32288663,30768061,12051128,11490808,9638603,8529380,2020-01-29,14,3,63696,71349,176,64,1247565,565842
5050,1276,811,3491,32424784,30955609,13395176,13927010,8485612,7728704,2020-01-30,10,4,17914,22817,156,55,1027863,328512
4913,1226,803,3322,33405849,30530018,13063675,12559104,9266225,8475492,2020-01-31,10,3,46191,25711,197,61,1741189,431441
4614,1187,757,3099,31683651,29327637,11808976,13712129,8488939,7070341,2020-02-01,11,2,21278,10773,179,53,1060050,430338
4436,1148,680,3040,27761688,26708965,12699088,11781907,6672935,7002815,2020-02-02,15,3,104727,81612,172,47,1453638,372572
5106,1183,735,3408,31751956,26533021,13332915,10627445,7062254,6621161,2020-02-03,14,3,24974,0,187,49,1555101,700074
4821,1196,721,3313,28144004,27537832,11014855,11380995,8617082,6084685,2020-02-04,10,2,15640,20039,196,58,1011100,673723
4721,1208,714,3229,31442993,26461118,13035504,10651581,7697827,6938690,2020-02-05,8,3,0,224632,167,55,1114084,526088
4751,1141,719,3226,28861452,27823903,11407143,10026446,7380524,6518510,2020-02-06,9,2,28714,0,163,61,1324709,274819
4798,1191,731,3242,33732290,26328438,14734199,10372902,7835567,6683129,2020-02-07,15,4,2900,71110,198,54,1426991,420667
4337,1126,586,2881,26200927,25216636,10508777,7431083,6313809,7017612,2020-02-08,17,5,68913,75669,157,56,1529306,323603
4037,1064,662,2824,25663876,23832483,11247855,11214594,5745893,5440980,2020-02-09,16,4,14957,62864,178,59,944345,624873
4648,1141,682,3158,28918697,23287444,11982416,10213643,7499354,5286095,2020-02-10,14,5,12999,135182,201,61,886735,397450
4453,1128,704,3061,29339914,25949995,12251534,11741466,6981017,6674982,2020-02-11,14,4,36679,139764,163,41,1118462,322227
4475,1100,706,3063,30955496,24347756,12117919,11078312,8351518,5720703,2020-02-12,15,5,191981,43081,123,34,880306,182219
4724,1198,680,3201,28862200,28880026,11488393,12005347,8089830,5736050,2020-02-13,13,4,33849,123938,141,53,606783,407290
4776,1217,656,3268,26692799,27660585,9343351,11215633,7767370,7196325,2020-02-14,13,4,87167,46620,74,12,1075183,73995
4481,1122,690,3057,24752710,27295347,10507939,12081142,6101442,6211327,2020-02-15,22,4,20729,27258,162,57,709520,488314
3934,1025,635,2724,24586366,25152693,10403280,9924180,5934891,6846103,2020-02-16,11,1,7301,0,159,53,748346,501049
4418,1099,687,2988,28529075,28309267,11705351,12726404,6640070,5879135,2020-02-17,16,6,127513,189303,175,53,1094115,413641
4836,1226,757,3289,32635238,29421365,13439758,13754799,7792349,6636656,2020-02-18,19,6,14416,200251,225,59,1326524,541607
5116,1278,733,3478,29986950,29705241,10538761,11377467,7730579,7970874,2020-02-19,16,3,0,12683,207,49,729344,490299
5202,1306,742,3543,35165149,31317665,13967275,12221206,8932329,8672959,2020-02-20,13,3,29577,178140,223,55,1868897,318071
4887,1203,749,3290,30167118,30944960,12008930,12445669,8137500,8379477,2020-02-21,15,6,0,337815,213,41,1175223,308498
4434,1189,637,2972,27508097,30329510,11049502,12163160,5616788,8705274,2020-02-22,11,4,124498,48184,214,55,1420469,323301
4319,1147,663,2929,28094047,27099127,12095503,9903580,6415652,7595971,2020-02-23,21,6,74072,53371,192,53,1317782,427345
5337,1259,842,3656,32886083,32857456,14655765,14327691,6971635,7847997,2020-02-24,16,3,6450,237820,225,55,1019499,910481
4926,1248,766,3363,29086543,29297454,11363871,12227774,6363161,8292121,2020-02-25,13,3,53821,0,218,68,1571842,501726
4881,1277,695,3386,28509877,30044447,11509148,12464187,7373554,8182997,2020-02-26,13,4,30396,138204,192,52,1307422,544223
5033,1237,798,3445,31858274,31219460,13754472,13542015,6858969,8279099,2020-02-27,12,3,67005,9385,208,52,1123689,628285
5046,1299,761,3434,30900128,31840980,12482273,11886921,7649836,9031824,2020-02-28,20,11,136909,46016,225,57,951328,438100
4703,1243,726,3190,29050307,33297282,9772744,14273033,7173677,8012129,2020-02-29,13,1,0,0,186,51,1085215,477612
4451,1142,691,3075,27291082,26452100,10790897,10825241,7309477,7230397,2020-03-01,14,4,14273,39481,185,53,911851,585380
5270,1227,786,3564,28614573,30366770,11644719,12893626,7156788,7687687,2020-03-02,14,5,22090,79309,174,59,763379,709604
4955,1242,757,3452,31414558,29005283,12162525,12160795,8272069,7435922,2020-03-03,24,13,201114,348258,223,59,1427294,419600
4864,1233,712,3331,29643267,26739617,11773968,11871865,7442695,7091365,2020-03-04,10,3,22683,54049,212,62,1378704,601654
5042,1308,740,3440,31005177,29366694,12604465,11298221,7802383,7389688,2020-03-05,8,2,488,30191,179,52,1399625,300448
5029,1265,791,3460,28814808,32466136,12841094,13153605,7299669,8299927,2020-03-06,12,3,34129,210075,217,60,1244237,472637
4568,1197,697,3105,28128576,28460039,11681899,12098735,6399278,7650951,2020-03-07,17,4,5673,266,171,46,914198,128592
4446,1146,679,3074,26031669,28710870,9519344,11342962,6893829,7586043,2020-03-08,15,2,0,26961,153,40,1103424,280267
5283,1294,814,3607,33530923,32495016,15671133,12410762,7362953,8348381,2020-03-09,9,0,0,0,212,57,1728849,391753
4638,1235,716,3211,27818349,27136642,12068046,10514827,6801041,7772442,2020-03-10,16,8,108366,235088,201,53,1197490,275559
4940,1307,743,3464,31316987,27292511,12989834,10989299,8374838,7745040,2020-03-11,15,5,81503,244231,223,59,1189096,468619
5020,1287,783,3512,29837538,32727034,13277144,12599254,6617852,8719283,2020-03-12,19,4,43327,25556,202,61,1359132,365516
4919,1267,726,3342,33304796,30285964,13617155,11826095,8263340,8439001,2020-03-13,14,7,46533,348857,215,49,897221,376651
4696,1232,721,3170,31205057,30289102,13254304,12404837,7715850,9003192,2020-03-14,13,5,90546,229222,221,60,1910145,313823
4356,1143,708,3029,27773524,28718269,10938205,12461307,7623016,8086629,2020-03-15,12,0,0,0,206,63,1438774,492077
5320,1276,801,3644,33914361,29990327,14106239,12363773,8068265,8273008,2020-03-16,8,2,55879,0,235,72,1448929,507870
5010,1257,773,3450,30156120,31381793,13453921,13135551,7011387,8386750,2020-03-17,12,3,103052,12621,198,52,1808500,723787
4858,1262,688,3377,27009647,29369803,10175231,12284312,7783243,7901772,2020-03-18,22,5,11398,87991,147,37,450325,331229
4885,1259,730,3382,30666858,30898323,12169925,12387023,8239790,8459297,2020-03-19,10,2,12999,13690,229,63,1172042,399425
4914,1242,800,3396,32951753,32226695,13379376,12799835,8388042,8497004,2020-03-20,13,5,33189,87373,222,52,867439,435146
4564,1211,724,3132,27639798,32002367,11680732,13207254,6445926,9172499,2020-03-21,12,5,15044,213164,239,69,1959348,610211
4513,1157,712,3133,29902032,28302188,13151117,11875804,8042560,7347730,2020-03-22,12,4,0,127906,225,51,1030180,588798
5447,1283,840,3723,34024461,33531322,14390569,13840614,7270511,8495862,2020-03-23,20,4,2908,107316,252,63,1869608,383862
4906,1277,711,3413,31286357,30384742,11828166,12597935,9259397,8597713,2020-03-24,9,3,44157,16923,243,57,1142253,541663
4981,1259,754,3427,30213129,29658332,13132638,11905250,7991914,7925592,2020-03-25,12,1,4430,0,213,60,1275230,735558
4774,1218,684,3247,26592301,30770993,9142944,12255980,7102689,7723121,2020-03-26,22,7,12466,97181,155,37,443347,473617
4851,1295,773,3330,31022537,32859300,11914670,13370856,9230670,8689145,2020-03-27,10,2,11059,44695,235,64,1037229,604222
4474,1273,730,3093,26594436,31326635,10801757,13552184,7454132,8339454,2020-03-28,11,7,41343,63775,198,46,1029350,565730
4332,1144,695,3052,26858824,27896562,11019089,11712660,7550043,7686931,2020-03-29,12,2,70724,0,218,56,1079888,386373
5292,1278,816,3650,32110321,31196250,13833612,11873489,7751189,7897038,2020-03-30,13,4,52893,19425,202,56,1539516,336429
4945,1253,772,3438,32503882,32649695,14074380,13594275,7780163,8709304,2020-03-31,17,6,83779,103152,201,51,1162463,607157
4775,1235,755,3276,32286667,29956107,12178538,11526569,9547890,7285792,2020-04-01,10,4,52208,78369,234,63,1024644,383404
4746,1256,699,3295,29969649,29066767,12161598,11410043,7687157,6917926,2020-04-02,5,2,0,35333,219,57,1241299,386091
4806,1273,779,3311,31643710,29609446,12704809,12811772,7973223,7826606,2020-04-03,10,4,26134,73837,232,68,1947936,675722
4553,1211,737,3105,32294357,30453829,13373822,12049826,8169829,8997351,2020-04-04,14,3,0,97112,224,61,1207312,368392
4433,1136,706,3052,30786956,26163381,12824278,10888045,8104686,6864231,2020-04-05,10,4,21175,22153,191,48,830170,271308
5065,1260,772,3452,32836199,31466415,13740297,12362578,8516391,8291330,2020-04-06,12,5,68811,86400,227,61,1556048,476394
4639,1265,729,3279,29737501,28557989,12927203,11052812,7805646,8121515,2020-04-07,15,1,60458,0,197,49,1120500,359580
4972,1314,771,3400,32123014,31044951,13195052,12146797,7833032,8205744,2020-04-08,12,2,0,125739,237,60,1460264,445353
4870,1261,761,3345,32862936,29099229,12623859,12297190,9001352,7202748,2020-04-09,14,4,35711,113461,236,65,1300574,550087
4816,1277,787,3293,30077567,31889620,13499012,12410072,7450906,8934253,2020-04-10,14,4,14736,33285,232,63,1340232,425874
4425,1196,675,3030,30006913,28609230,11718962,12257187,7293537,6854072,2020-04-11,11,5,60067,164433,209,49,1452122,447214
3961,1089,623,2747,25288129,25868871,10196430,10153822,6947337,7713809,2020-04-12,11,4,127111,35195,194,57,1223174,455796
4605,1232,758,3177,31200739,31400717,13520114,13205026,8074398,7819831,2020-04-13,12,3,0,48973,270,79,2251630,488902
4743,1203,732,3234,30785684,27005446,12707342,11493463,8302856,6603922,2020-04-14,16,4,160284,0,236,62,770589,667555
4856,1307,766,3351,30399628,32022168,12119930,12445467,7959653,8997227,2020-04-15,13,5,41386,0,246,59,1631994,797756
4795,1195,773,3323,29049051,29118024,13455609,14028330,7177922,6406883,2020-04-16,14,6,131042,163055,188,63,1869457,878901
4740,1298,736,3219,32748022,30935939,13906946,12502662,9075492,8089343,2020-04-17,18,7,54316,84978,236,66,1335504,493070
4436,1195,744,3032,30215036,31734024,12947436,12566491,6793204,8923275,2020-04-18,14,2,33309,0,246,58,918655,382454
4146,1076,692,2871,27782042,26906162,12951287,12044586,6486511,6742325,2020-04-19,10,3,30476,16861,192,55,1054800,555653
4985,1259,763,3393,29828466,30014000,12027673,12333746,7555185,7197069,2020-04-20,12,5,18678,62825,256,66,1246285,727978
4637,1205,710,3205,29127720,25459595,12584057,10364245,7098875,7157697,2020-04-21,13,3,57517,23189,240,71,1270043,473315
4862,1225,826,3364,30206812,30990374,12911554,14230622,7508174,7031914,2020-04-22,12,6,15453,148275,214,61,1084734,457729
4821,1245,774,3307,31585900,30994945,12814526,13130041,8507380,7796224,2020-04-23,16,5,94229,40295,216,65,1341066,572892
4630,1190,749,3195,28470669,30017682,11301097,12401583,8354066,7715137,2020-04-24,16,3,3462,0,245,75,1618435,624973
4398,1182,698,2977,26816388,32628842,11072021,13411287,6728292,8886029,2020-04-25,11,4,64479,60400,236,52,777193,472830
4459,1158,782,3111,31110040,30426898,12850596,13544833,8263468,6998085,2020-04-26,18,7,78080,188035,222,63,1529094,481792
5142,1257,784,3507,32257641,29769889,13113221,12132057,7756425,7443365,2020-04-27,12,4,39537,44929,221,65,1540618,621433
4627,1215,764,3210,29328322,33207315,12498015,13403019,7439296,8776674,2020-04-28,7,1,6687,0,212,58,1022815,334618
4861,1237,769,3356,31980650,31208828,14171958,12082916,7959680,8218953,2020-04-29,13,4,31949,113882,233,68,2222027,698463
4686,1227,761,3170,29870277,28854643,12319047,11586961,7101067,7266719,2020-04-30,14,6,102889,46197,236,64,1015591,496069
4365,1121,695,2894,30715062,28840145,12460624,12931208,7124556,6909047,2020-05-01,13,6,92020,55540,198,49,1401886,173320
4133,1152,661,2802,26541682,27003881,10864556,11786721,7134846,6941666,2020-05-02,21,8,162053,123089,197,65,1315524,526165
3910,1078,652,2707,26391471,27167381,10616365,11811776,7413154,8167223,2020-05-03,9,4,0,92464,176,57,892612,563632
4667,1257,749,3210,31773000,28501419,13117194,12600487,7622274,7713803,2020-05-04,13,4,51121,39404,226,57,1518736,354091
4357,1156,679,2959,30351018,28700802,13003521,12922474,8252779,7518676,2020-05-05,16,3,42994,66439,182,57,1418818,661044
4572,1234,740,3139,32864366,30283240,12832438,11717058,9587578,7461768,2020-05-06,13,4,0,98668,226,63,1242897,589922
4623,1184,772,3149,29890180,28261358,12754964,11477523,7813498,6875869,2020-05-07,14,4,100986,11047,170,54,1010837,247877
4463,1201,679,3036,26501051,29333191,10512732,12210939,6971686,7477032,2020-05-08,10,1,23787,0,158,49,738966,520965
4299,1157,715,2933,28910317,26558112,13042643,11060770,6812374,6710325,2020-05-09,8,1,51303,0,264,80,2029471,496123
4246,1088,758,2971,29725436,26687704,13238303,12355559,7180653,7146145,2020-05-10,12,7,167427,53789,200,58,922170,567254
4922,1258,789,3368,31327542,30516751,14010607,12329627,7161642,7100027,2020-05-11,10,3,58143,91847,223,56,1888365,346428
4760,1180,791,3223,34474695,29033274,16919486,11626427,9240340,7844813,2020-05-12,8,2,34219,21367,248,76,2059467,495243
4873,1288,738,3364,30773405,31010821,12410640,11696176,8490912,8380168,2020-05-13,16,4,47302,29443,211,55,976991,250952
4854,1241,797,3327,30145112,29822974,12969550,12170568,6837969,8346624,2020-05-14,15,3,32715,14796,201,49,1391792,285531
4623,1209,786,3169,30942319,30441317,13637356,13378290,7231326,7174114,2020-05-15,12,5,46842,74264,216,66,1966984,513579
4246,1174,693,2891,28991124,28033059,12721567,11980424,6801234,7850813,2020-05-16,16,4,42644,75780,171,50,738298,371655
4200,1098,677,2936,26223963,26628996,11615536,11907060,6918309,7047284,2020-05-17,11,3,4425,32408,117,30,1281478,177698
5016,1219,788,3405,30059770,31144715,12063412,13398749,7660928,8324596,2020-05-18,16,5,120868,64895,285,87,1613955,520512
4732,1201,786,3241,34528971,28762396,15521569,12206437,8570404,7131541,2020-05-19,10,3,115433,6307,226,62,1221519,521961
4796,1219,782,3300,29941375,29786446,13426560,12069723,6469849,8231116,2020-05-20,15,3,15899,11157,241,59,1227096,460437
4808,1296,750,3313,29311878,31226255,11364804,13653181,7756497,8944860,2020-05-21,15,4,120415,120905,225,63,1170358,432651
4705,1193,754,3180,29773812,28751218,13197697,10684691,7712327,7587545,2020-05-22,13,3,18810,35401,231,69,1369015,469172
4282,1136,719,2934,30158314,28364492,12382657,11089939,7525565,8407532,2020-05-23,14,6,10124,93602,258,78,1947720,534010
4179,1111,687,2867,25957247,28353132,10197445,12539364,7632227,7734884,2020-05-24,13,2,0,3881,223,57,1141488,600194
5052,1213,832,3409,32583355,33564501,13781150,14779169,8621402,8328300,2020-05-25,15,4,963,223920,227,64,1598507,871132
4780,1242,755,3331,31348062,30022632,13178567,13187372,7425260,7254117,2020-05-26,11,3,54700,37752,216,62,1227712,432116
4951,1300,798,3432,31446508,28292478,12847286,12152379,8212152,8691203,2020-05-27,16,5,100469,31879,243,66,997989,492965
4884,1247,777,3380,30456007,31867974,13300382,13642738,7558011,8361769,2020-05-28,16,6,25814,9594,231,62,1914404,515066
4794,1252,773,3294,28154001,30325103,12383402,13286068,7202897,8673298,2020-05-29,14,3,47639,26724,233,66,1029520,753573
4245,1189,669,2868,27904749,30226460,11952025,10886822,6162478,8694954,2020-05-30,10,3,30002,36063,182,44,1296684,403192
4223,1099,714,2937,29109980,28397835,12145275,12954398,6624753,6881309,2020-05-31,5,2,37197,25354,233,67,968276,929833
4988,1188,861,3416,33363451,32115671,14381003,16245847,8198342,6616317,2020-06-01,15,4,11539,63685,236,67,1444209,516270
4738,1245,789,3272,30010198,30706834,13501088,12580306,7659609,8587334,2020-06-02,9,1,2890,23866,216,59,964851,487911
4795,1263,770,3313,34648134,29448453,14718129,12831850,9002779,8161498,2020-06-03,10,0,0,0,232,58,1289740,329584
4834,1256,757,3339,29152373,30522594,12177452,13712350,7879525,8228324,2020-06-04,6,2,15222,0,204,59,1426613,516005
4681,1210,758,3185,30832058,30972373,11794624,13463642,8978658,7750830,2020-06-05,8,1,0,0,195,52,1047840,658517
4318,1155,748,2947,29977386,30886434,13226742,14462553,8359139,7682153,2020-06-06,11,4,0,117630,241,58,1223982,222922
4258,1164,660,2960,28160331,28364300,10502868,12389783,7629840,7798043,2020-06-07,11,2,0,49661,200,54,950738,464207
4974,1199,797,3406,31836919,29935302,13852581,12833320,7335967,7581980,2020-06-08,9,4,214672,21514,228,60,1228564,400892
4836,1260,795,3359,28440208,30611676,13084008,12755852,6126510,8704441,2020-06-09,11,2,72867,0,205,66,1663578,407141
4781,1266,739,3291,29507789,29559959,11847356,12661625,8280883,7835327,2020-06-10,10,3,34448,91847,206,58,1772963,643958
4820,1246,797,3347,30791286,29564657,13419032,12447207,7581299,7527795,2020-06-11,10,4,49896,0,190,57,1074175,387025
4673,1282,805,3231,31393677,31746551,12215360,14638483,9481332,8341522,2020-06-12,6,1,41040,0,291,76,996160,552948
4248,1075,721,2856,28196228,27825606,13730512,12607174,5763759,7333382,2020-06-13,8,0,0,0,208,58,1557094,539055
4362,1185,706,3064,29935755,29968881,12274847,12413992,8115016,9086395,2020-06-14,16,5,199951,29888,235,50,1764363,344827
5144,1221,801,3491,32439873,28271237,13539883,12640922,8555298,6502550,2020-06-15,16,7,42210,174950,184,47,1140129,352170
4897,1297,777,3409,31714707,31576577,12768316,13079969,7638623,9204370,2020-06-16,11,2,35171,52995,207,55,1123062,421070
4796,1300,735,3330,31483102,27283735,13430019,11265821,9365882,7864388,2020-06-17,9,1,0,21812,214,55,1121310,325739
4913,1251,835,3387,33036884,32409987,13925193,13497787,7978843,8338543,2020-06-18,14,3,33918,0,253,85,1963946,664049
4748,1274,744,3265,32302798,29794828,13543992,13336271,8405640,7328797,2020-06-19,8,2,11063,53714,246,54,1607844,467267
4416,1206,771,3051,29586890,30333630,13481807,12907909,6527851,8433212,2020-06-20,6,2,45696,22074,250,69,1439960,697639
4374,1144,756,3077,30760631,28978774,13148417,12144819,6716241,7953526,2020-06-21,8,2,43223,0,209,59,1115035,433717
5162,1262,863,3580,32351054,32390266,14324863,13376099,7701743,9627434,2020-06-22,9,3,0,21103,221,62,1203550,253218
4943,1312,778,3419,29989569,32213004,13261816,13159376,8163800,8948040,2020-06-23,17,6,75556,108091,261,82,1683858,571647
4919,1310,759,3410,29383982,34114596,11462907,14751378,8975022,9293611,2020-06-24,13,4,18200,14721,229,62,1138129,443934
5092,1258,866,3572,31732427,33995412,14597127,14971580,6932712,8686305,2020-06-25,12,4,29145,43674,222,64,1507243,730662
4907,1272,828,3365,30778085,34487621,13309470,15354565,7811580,8349636,2020-06-26,16,7,75119,145100,199,50,1734436,519551
4601,1218,724,3126,28273855,32581127,12292328,12662114,6662845,9289970,2020-06-27,14,7,46786,145927,249,73,1037903,548976
4393,1160,717,3076,29716928,28918693,12557751,12890422,7113211,8430590,2020-06-28,15,6,57774,248528,227,60,1687062,468387
5197,1259,832,3568,30594035,34126168,12134704,15077113,8433511,7788831,2020-06-29,14,3,124011,0,224,64,1464605,419027
4822,1268,797,3364,32388146,31484540,14463195,11837969,9087136,8768157,2020-06-30,24,12,108912,216182,239,70,1661753,427847
4805,1293,777,3308,33597513,28715885,14674725,11830899,7974991,7806900,2020-07-01,15,8,223374,75477,225,74,1365139,588791
4803,1241,681,3317,31304046,28372899,11824219,11730715,8740319,7333528,2020-07-02,16,6,63093,129680,211,66,1335124,501314
4772,1274,743,3262,30672704,26958520,12144249,11660451,8919058,7379288,2020-07-03,14,3,1103,87426,213,58,1497376,544318
4478,1232,726,3052,31518300,29273335,13773100,12597187,8375204,8491339,2020-07-04,6,2,30839,46919,227,63,1744704,345200
4289,1162,738,3021,29452309,29146696,13242272,13245822,7141059,8284483,2020-07-05,7,1,0,8553,215,58,1717577,555451
5163,1319,820,3524,32173730,31114679,12922083,12951336,8403225,8760605,2020-07-06,12,3,52762,30814,242,64,1098350,538940
4790,1302,751,3342,30041200,32228541,12697605,13337257,8480098,10145916,2020-07-07,16,6,28179,47002,242,60,1120357,639572
4748,1259,699,3269,31755579,27340798,11705314,11356021,9887777,7149859,2020-07-08,16,5,0,114395,189,51,1281361,572100
4978,1326,808,3458,35122741,29915317,14858544,12553778,9455873,8238965,2020-07-09,12,4,5867,14761,236,73,1786806,556858
4791,1270,790,3385,31427997,30029383,14385798,12899393,7997488,7685601,2020-07-10,11,1,0,11523,224,59,820256,370230
4536,1264,701,3083,31619899,30059478,13693983,11098769,7573232,8638757,2020-07-11,14,5,54700,119626,246,66,1787669,317968
4343,1134,698,2981,29913747,27113859,12687304,11329833,8299394,8359564,2020-07-12,12,3,17083,18644,201,57,1343738,660227
5210,1291,811,3585,33226916,32463598,14433104,13509491,7786767,9115723,2020-07-13,11,3,80100,10568,246,60,1597145,255179
4813,1309,742,3350,31821419,29188947,13289307,11075285,9055140,8938614,2020-07-14,12,0,0,0,217,52,1400289,348578
4991,1330,733,3438,34278426,28590413,13715928,10575478,9478849,8293065,2020-07-15,15,4,102736,70109,211,60,1400560,545558
4969,1310,725,3430,28602981,29088045,11362930,12538571,7637047,7843110,2020-07-16,12,2,47003,13690,219,58,1317129,400422
4911,1312,779,3314,32386384,31638384,13248721,12125915,7391444,9111533,2020-07-17,11,2,0,32476,239,66,1754138,494213
4553,1254,732,3146,29805951,30695338,13659214,12385209,6501195,9084004,2020-07-18,8,2,0,25685,200,49,1292825,391880
4505,1180,744,3112,26871762,29660376,12339110,12965340,6751703,8070943,2020-07-19,9,1,0,0,206,58,1615112,645984
5294,1331,855,3692,32632301,31195082,14953715,13451025,7561195,8324973,2020-07-20,16,7,14030,113605,229,64,1870424,236193
4961,1336,757,3471,31197047,32978153,12952860,13301001,8049923,8693477,2020-07-21,17,4,75380,27235,211,69,1201026,720142
4831,1313,718,3357,30385569,30874052,12154042,13275222,9602187,7903744,2020-07-22,6,1,3430,0,212,64,1913179,456337
4733,1313,724,3284,29602920,33032214,11486422,12955948,7839194,9401244,2020-07-23,18,4,0,49313,217,55,1399815,521210
4846,1263,833,3324,31510686,34500872,13429469,16229903,8255901,9038988,2020-07-24,15,4,110891,23934,223,53,993447,411504
4458,1254,747,3096,30693296,30764429,13516412,12422339,7300963,9555919,2020-07-25,15,5,18471,19742,227,62,1787812,353663
4422,1161,723,3056,28515284,27773720,12878419,11669038,7428244,7270891,2020-07-26,15,5,22280,91565,202,52,1625447,273778
5294,1301,813,3614,32645792,32021578,13520538,12914617,8629011,9609976,2020-07-27,13,5,36531,23122,241,70,1636115,554491
5036,1316,792,3484,30297133,32350817,13066778,13271386,7147681,8836148,2020-07-28,18,5,12028,79284,224,58,749576,559983
5136,1374,768,3583,32827448,32178019,12576522,13059989,8931831,9549680,2020-07-29,11,2,0,13543,223,68,1211693,304443
4873,1267,779,3355,28724354,30835911,12827037,13432243,7259912,8153621,2020-07-30,9,6,60116,28771,214,60,933297,747950
4899,1249,777,3321,32489796,28947809,14026069,10984317,8350726,8051031,2020-07-31,18,8,88572,148652,244,66,1732552,402235
4448,1209,711,3014,28753610,31984620,11734947,14224949,7875966,8401466,2020-08-01,15,2,31427,12024,228,64,1709453,505034
4274,1143,710,2991,27471236,26384795,12014112,11353911,7395999,7506810,2020-08-02,11,6,438,72342,189,55,944478,587025
4967,1234,774,3388,29915964,29204828,12362778,12013999,7966055,7502202,2020-08-03,14,3,12999,25403,217,64,1306049,300973
4679,1210,678,3186,27681243,30123177,9932968,12396786,7908677,8041726,2020-08-04,8,1,0,4403,111,28,652892,351653
4981,1295,822,3438,34865460,31814185,13461850,14207111,10473366,9257162,2020-08-05,14,3,100737,162140,214,61,1746899,471775
4935,1286,778,3417,34116403,31805408,14106163,12608140,9236147,8756562,2020-08-06,10,1,2890,23866,230,65,1947928,373853
4864,1251,775,3293,31703004,30864335,12466962,13539990,7808147,7757356,2020-08-07,13,5,68228,35479,218,64,1258034,495491
4401,1158,699,2980,28365708,29881504,11705469,12465950,7234181,7878284,2020-08-08,15,4,84950,79526,240,56,1230027,562021
4182,1192,711,2938,30848505,30078243,13391174,13276927,8277041,7935968,2020-08-09,18,8,92708,49872,207,64,1827560,402336
4921,1239,813,3369,31145249,32485447,14173404,13371257,7381435,8769120,2020-08-10,8,1,11702,0,234,62,1406430,366710
4924,1336,799,3359,33647078,31331162,14463359,12369567,9070313,9064702,2020-08-11,10,2,78708,57204,227,75,1715103,803049
4882,1279,720,3310,30168965,30610690,12500236,12305321,7486051,8294867,2020-08-12,12,3,0,112525,235,59,1560113,259928
4852,1308,742,3296,32159999,31670776,13439703,13381853,9488390,8922334,2020-08-13,11,4,76171,63783,230,56,1718154,426401
4661,1269,728,3195,30114601,33097789,12053181,14705453,8771238,8259360,2020-08-14,14,3,87121,13690,243,72,1881235,631784
4541,1267,713,3036,32508464,31797539,13028189,11862527,7761636,9571608,2020-08-15,19,8,66210,352946,228,62,1225950,406823
4417,1184,742,3093,31798607,28660647,12943217,12924448,9471688,7489021,2020-08-16,10,1,0,4772,197,50,1198580,453006
5167,1331,802,3576,34490159,32797016,14956780,14378927,7811257,8931482,2020-08-17,13,3,32361,35560,222,60,1186978,361309
5007,1217,820,3419,35360920,30974048,16249137,12677683,8265072,8164533,2020-08-18,12,1,0,3802,221,66,1585992,216230
4917,1340,730,3426,29791143,31810885,11245783,11675085,9753577,9355956,2020-08-19,14,5,23423,99062,213,57,1410802,403511
5083,1331,812,3555,32952713,31495752,15613337,13917911,8401101,9007193,2020-08-20,14,3,34168,13690,241,75,2359403,549391
4914,1298,818,3387,32872644,33071075,13938459,13292373,8983399,9168169,2020-08-21,10,4,0,98300,225,73,1476644,530468
4512,1204,711,3042,27991930,28931693,10898432,11562099,7384697,8147088,2020-08-22,11,3,38682,55490,203,61,960381,483149
4485,1175,723,3136,27140324,29953707,10939261,13191464,6765748,8711756,2020-08-23,13,6,36015,100189,204,73,1274695,678685
5128,1246,812,3504,32101206,29437836,14029172,11621337,8237248,8594521,2020-08-24,13,5,58094,62536,207,56,1572143,318743
4619,1232,690,3257,25834645,28046485,11382635,12832700,6457806,7474517,2020-08-25,9,4,0,216656,99,24,825484,231108
4517,1232,686,3212,26336722,28347804,10432278,12398388,7908177,8360365,2020-08-26,12,3,65269,35209,216,60,1399454,359488
5260,1329,846,3627,32366268,35153819,13568570,15628176,7561787,9803169,2020-08-27,9,2,37826,10087,240,77,1948205,602193
5117,1342,779,3522,32377968,32132999,13458315,13372576,8813597,8100614,2020-08-28,13,3,40677,76027,196,45,856884,328375
4699,1238,764,3220,30855251,31237097,13889282,13629632,7732353,7774659,2020-08-29,7,2,34603,52536,224,59,1988083,440597
4609,1210,778,3211,33853428,30172485,14951470,12116245,8619931,8608948,2020-08-30,13,3,0,74794,210,59,1383494,321268
5216,1331,803,3616,32668142,31043298,12602839,12220043,9469331,9242153,2020-08-31,14,3,28451,10439,265,70,1578897,571285
4749,1248,711,3288,31902329,27886496,13605426,10764923,7310001,7642718,2020-09-01,10,4,107803,52021,144,44,1279395,538113
4515,1238,650,3175,29721739,27897145,12171151,11212086,8583212,7983232,2020-09-02,15,3,0,46983,173,47,1265001,346144
4887,1250,780,3330,32332566,30729349,12263580,12950823,9067725,7942323,2020-09-03,17,6,41197,101499,252,69,1436977,647494
4941,1274,817,3418,33751504,31129451,14587711,13061892,9295975,8558167,2020-09-04,12,3,0,66669,197,60,1570129,691627
4255,1178,688,2911,30899919,29618834,12411595,12667235,8618045,7960471,2020-09-05,15,5,30842,238977,217,69,1292688,630587
3922,1163,670,2809,28393082,28445775,11406597,13189817,8551931,8085980,2020-09-06,14,4,53452,74460,182,49,1010655,362638
4717,1151,753,3213,30231524,31437207,13359314,12697395,7427924,7983960,2020-09-07,5,0,0,0,247,70,1577273,575771
5143,1273,815,3571,33089916,30639323,13441691,10874086,8160703,9298534,2020-09-08,12,5,56916,69882,235,66,1303501,736126
5134,1273,818,3526,35052515,31592909,13687282,13122845,10000236,9390180,2020-09-09,13,2,2890,49773,222,60,1162354,329855
5057,1323,806,3550,32038217,31572554,13165519,13199160,9606155,8578154,2020-09-10,9,2,18388,10773,220,67,904195,581783
5008,1301,745,3412,31283536,29976851,12740104,11746496,8345772,7639299,2020-09-11,13,5,977,23238,224,60,1424185,521576
4536,1228,767,3151,30480465,30705790,14525158,11728885,7773903,9417568,2020-09-12,11,3,0,91847,233,80,1892631,607799
4467,1197,681,3165,29750063,28566105,12659440,12358597,7612763,9238798,2020-09-13,5,0,0,0,190,50,995245,633442
5316,1313,806,3662,32769028,31011544,13903953,11482300,7899778,9580400,2020-09-14,8,1,1068,0,214,51,1020554,479293
5002,1277,766,3491,29400186,30850212,12687425,13216865,7727383,8466114,2020-09-15,12,4,85596,35702,217,61,1663740,390515
5123,1338,763,3584,34307294,29502063,13909873,11828457,10364294,8799207,2020-09-16,17,8,196884,47309,225,62,1508963,643991
5097,1276,834,3538,33218424,31477554,15821666,13179817,7511030,8509366,2020-09-17,10,3,4617,68244,225,60,1605622,500010
4984,1294,759,3453,31844801,30427231,11282876,12227376,9741282,8664924,2020-09-18,13,4,78463,178538,219,55,861422,346979
4759,1278,730,3194,30844108,31963197,12885399,13094167,7612892,9148538,2020-09-19,11,6,52669,156517,214,63,1369884,605102
4547,1215,747,3212,29831849,29889010,12461912,13147214,9081038,8202598,2020-09-20,15,7,16779,145206,208,68,1476501,540488
5250,1311,852,3618,34661275,33238385,14560038,14853573,9612778,9291947,2020-09-21,19,5,70806,77968,225,64,1254008,571995
4979,1310,794,3497,31709205,30693739,13959090,12325588,8112411,9208184,2020-09-22,20,5,75819,195106,222,68,1291269,834913
4801,1262,744,3395,29194840,32234650,12333620,14186109,8406815,8544132,2020-09-23,17,9,104275,151130,213,53,1471070,442749
4864,1279,745,3422,27874206,34484796,11272217,13759062,7479830,9651021,2020-09-24,17,4,50765,108461,219,53,1385624,509423
4781,1258,736,3277,30829623,31435442,11455342,13442322,10488049,8506992,2020-09-25,14,5,80772,19119,228,58,1207349,512845
4560,1213,796,3120,30323594,33181687,12876447,15444648,7961135,8220657,2020-09-26,10,3,0,80081,218,65,1499848,587283
4527,1194,774,3230,30807167,30449760,14407875,12639850,7851061,9230703,2020-09-27,9,2,33287,0,187,51,1036799,280703
5602,1295,876,3857,35311324,37114655,15048231,15225668,8474633,9763276,2020-09-28,11,3,114157,14859,254,68,1501290,676124
5099,1338,786,3546,31030929,34175094,13552514,13889330,7453327,10293587,2020-09-29,13,3,15831,25314,207,55,1747567,494046
4980,1260,831,3475,32419242,29264691,14082180,12211832,7953464,8774050,2020-09-30,11,4,11663,151809,226,72,1489933,447573
5007,1294,767,3504,33592611,32330577,13927510,13456770,9277104,8831308,2020-10-01,16,6,0,177604,195,51,1333368,276026
4877,1247,796,3378,32151438,30909157,13984601,12848740,8428748,9302172,2020-10-02,11,4,51466,257193,198,55,1716990,224225
4573,1202,685,3109,28911637,29490482,11780158,12188121,7415921,8872856,2020-10-03,12,2,0,5939,186,43,969830,640087
4554,1240,718,3240,29039238,29130723,11354490,12303495,9123054,9170125,2020-10-04,8,1,0,19171,163,41,525661,295319
5222,1306,804,3609,34588125,31865752,14899553,13589218,8696305,8775678,2020-10-05,13,7,19805,261989,204,64,2062723,654842
5056,1291,776,3508,33868898,29992030,15048576,11461779,9254222,8292390,2020-10-06,16,4,49163,54026,227,72,1543606,373930
4946,1262,802,3441,29660645,30394972,11015366,13771195,9073040,8367181,2020-10-07,15,4,0,78810,185,54,670612,741362
4710,1288,770,3336,33999571,30124678,13751651,13461365,10057738,8614051,2020-10-08,11,4,80057,57395,215,68,2298043,437373
4325,1213,672,3025,29847828,30045041,12348303,13290956,8933198,8588139,2020-10-09,14,5,47588,193189,198,59,996325,372271
4258,1175,713,2949,30998739,29593247,12157705,12301424,9507112,8953717,2020-10-10,18,7,46833,296956,193,66,1792643,647531
4414,1201,713,3152,29193019,29236342,11481601,12582226,9733151,8362103,2020-10-11,12,3,20493,53526,189,59,944614,489928
5297,1253,825,3645,33472330,30772880,13540765,12987509,9113167,8192302,2020-10-12,11,4,63574,45363,216,65,1698813,250145
4953,1289,778,3477,32913936,28952690,13738335,12467207,9115249,7371005,2020-10-13,9,5,16251,14796,185,57,1109726,500385
5116,1281,780,3539,33669450,30693655,14516830,11398307,8969679,9127330,2020-10-14,12,4,32843,95713,191,51,1185774,411658
4995,1236,769,3499,32157352,30311405,13101499,12351258,8788192,8756494,2020-10-15,8,2,0,7578,229,67,2062852,662423
5145,1302,933,3587,34908909,32576902,15749410,15061520,9008430,8349812,2020-10-16,14,4,53599,33849,259,62,1281055,535967
4586,1252,746,3156,29618038,30248382,12746791,12234327,7390636,9975769,2020-10-17,9,2,60046,0,225,56,953146,489285
4609,1203,744,3256,32399831,30940311,12865265,13331669,10066667,8373576,2020-10-18,12,5,76844,142592,205,66,1583351,458206
5375,1354,864,3757,32060913,32068059,14028134,13425336,8666599,9574852,2020-10-19,16,2,0,50432,231,61,1051774,404956
5028,1278,775,3504,30589249,31275125,13840993,12234055,7568799,8420335,2020-10-20,13,4,5089,18633,203,54,1159153,461854
4927,1260,755,3409,30390817,30796462,12669078,12216154,7900482,9160890,2020-10-21,19,5,84528,133857,233,65,1778592,339251
5058,1284,818,3502,35263098,31983430,14594918,12923588,9329413,9192312,2020-10-22,16,6,46486,44516,219,57,900998,385488
4781,1218,780,3376,29029040,32590792,12691764,14802053,8195209,8985412,2020-10-23,16,5,85795,93073,231,76,1680765,752546
4731,1257,761,3231,32152612,33925747,13857713,14828801,8593995,9207774,2020-10-24,12,4,50395,220125,225,64,1028177,553213
4571,1190,743,3175,28826687,31291833,12520233,12387942,7264349,9397478,2020-10-25,14,4,15640,104847,198,61,1383635,606532
5483,1271,878,3782,34934154,32385448,16261062,13415232,7382745,8894440,2020-10-26,17,4,16174,94720,227,68,1477295,687260
5107,1312,849,3604,31626407,32148079,13284548,14268640,8894825,8697517,2020-10-27,13,2,0,7513,210,69,1827727,429170
4956,1240,789,3439,32314426,30588755,14203467,13330155,9111531,8220614,2020-10-28,15,5,17914,81590,225,74,1675540,461434
4914,1266,765,3462,31405899,31680402,13034457,12738386,9428729,8698957,2020-10-29,8,3,51746,32244,214,61,1256327,508072
4965,1261,814,3467,29339249,33330875,13186787,12681017,8132583,9711277,2020-10-30,12,4,0,120682,260,76,986551,665916
4569,1270,732,3186,29380357,30878559,13390550,11189003,7288592,10152735,2020-10-31,19,6,146096,25557,212,63,1412543,370710
4375,1118,690,3016,27223392,28218309,10640748,11924825,7573488,7983688,2020-11-01,8,1,0,2782,229,64,1354392,471967
5045,1310,770,3495,31792332,30237379,12732772,12291364,10070992,8379571,2020-11-02,14,2,4948,45887,210,62,1160724,429014
4779,1240,763,3308,30042581,29779125,11140722,13825926,8179522,8136778,2020-11-03,13,2,0,41215,197,55,980771,466415
4921,1269,760,3390,35010279,29289985,14796292,11586452,10136074,8523619,2020-11-04,11,5,63598,160569,225,72,1275134,819124
4780,1190,728,3292,30944375,28137470,12971332,11589076,8920205,8186375,2020-11-05,6,3,4027,80384,232,61,1525730,437044
4992,1300,810,3486,30691862,32340605,13774500,13570801,8251005,8877734,2020-11-06,9,4,2413,89103,230,52,1146043,179737
4592,1195,737,3177,30130705,28849515,12696082,11619804,8063819,8614254,2020-11-07,18,5,107894,118489,229,56,1254361,287951
4569,1222,737,3251,29273768,30865065,11393271,13155857,8757147,9290199,2020-11-08,7,1,0,78203,206,62,502844,704680
5156,1251,788,3529,33397896,30340565,13656725,12774112,7930177,8421467,2020-11-09,17,4,56316,69169,217,58,1373989,357966
5229,1314,826,3623,31554275,33336894,12860056,13982171,8348422,9441583,2020-11-10,18,6,47003,113157,211,62,1343683,488258
5046,1238,785,3497,33614225,30725526,14151238,13042455,9005182,9125449,2020-11-11,13,4,55024,0,214,62,1253097,345911
5033,1305,792,3538,31758634,29451159,14318056,12025817,8260883,9117064,2020-11-12,11,1,0,0,226,63,1458856,285915
4985,1313,752,3483,32193323,31002150,11635638,12833916,9475646,8751392,2020-11-13,10,3,51655,75653,220,68,1293195,594785
4732,1230,766,3210,30312542,30570128,12688918,14004512,8392999,8454985,2020-11-14,17,7,28904,122485,225,67,1320002,787565
4558,1153,742,3196,30637263,27292976,12057817,11784023,9420154,8809250,2020-11-15,13,6,19160,60711,215,61,1445118,445214
5333,1366,830,3702,35435065,33032649,16539055,14058092,8461224,9692984,2020-11-16,16,5,40097,221927,233,68,1997213,604952
5071,1247,787,3474,30934857,30886179,11550657,13689633,8765573,8376480,2020-11-17,11,6,44613,69408,213,70,1140825,571199
4887,1197,717,3363,28894011,29664897,11518930,11489860,8500573,9147903,2020-11-18,13,6,81670,111758,182,43,1087005,374328
4897,1268,773,3393,32024172,29771481,13750063,12290142,9164848,8836139,2020-11-19,17,2,15640,26617,213,56,1261971,436608
5058,1311,805,3436,32594019,34688077,14798022,13239598,8452292,9307288,2020-11-20,16,4,51933,37836,241,65,1946720,260661
4574,1226,733,3125,31359643,29000641,13017974,13195096,8303475,8151727,2020-11-21,11,6,76293,240556,189,55,1255020,372988
4331,1165,693,3032,27682840,28487469,10743685,11990266,8595952,9034627,2020-11-22,17,5,58906,55823,179,53,1166769,417277
5305,1303,865,3699,36192176,30507512,16085727,13860908,8975781,8435907,2020-11-23,21,7,80106,50951,241,61,1664613,539769
5150,1289,839,3582,32190780,31308863,13648259,12064359,8764470,9404270,2020-11-24,11,2,80374,0,221,64,1765768,641614
5012,1248,772,3479,29627611,31887323,12143525,13491114,7815016,8495797,2020-11-25,11,5,10612,128513,213,61,1437731,493575
5135,1246,782,3526,33388944,30916456,13905849,12206968,8566138,8737584,2020-11-26,14,6,25243,103653,220,58,1439186,585745
4951,1275,761,3452,29289676,31007180,11893622,12211953,8297999,9947662,2020-11-27,11,4,0,63867,214,57,1221753,322583
4549,1174,734,3090,29252821,30715161,12063343,13374344,6781066,9211761,2020-11-28,15,6,173385,42327,203,71,1881218,391369
4606,1118,783,3251,28708623,29380177,12116214,13867989,8216129,7087359,2020-11-29,15,3,78203,98828,190,51,887371,402980
5217,1237,815,3616,31656964,31339633,13015078,13599922,8917418,8880002,2020-11-30,14,3,0,29995,216,53,954637,397766
4836,1206,762,3376,31882803,28834593,13807619,12238700,7870303,8001561,2020-12-01,16,8,23787,112556,214,61,1109753,513321
5002,1273,800,3502,30786941,29934408,13516481,12110732,8310661,8835140,2020-12-02,12,3,42986,14796,212,57,1324799,483809
4881,1190,756,3392,30526502,30863139,11084329,14218968,8878678,7540786,2020-12-03,13,4,10405,36668,214,63,999699,499230
4789,1227,754,3332,29684034,30796988,12355016,13052086,8855427,7852466,2020-12-04,14,7,132872,42532,213,57,1585367,410087
4452,1168,753,3027,31876805,30798676,11791762,13833532,10322431,8563594,2020-12-05,10,3,31485,73379,235,62,1595190,393751
4412,1156,672,3066,27712204,27661541,10368190,11627431,8591693,8153770,2020-12-06,13,2,0,0,184,57,970801,535834
4987,1241,824,3462,30836126,29839948,12557583,13412652,8496036,8456918,2020-12-07,18,8,39136,98004,231,66,1104695,450910
4822,1213,774,3304,31367081,28667742,12874446,12757630,8157866,7779033,2020-12-08,17,6,82299,42887,184,49,1231888,452254
5068,1280,780,3525,31969415,29038998,13545275,12367365,8912624,8574598,2020-12-09,11,4,17914,76777,212,58,1353340,403620
5071,1260,791,3513,33090966,30678991,14113506,12274214,8876715,8709448,2020-12-10,14,5,66411,192787,222,59,1739608,525232
4961,1213,812,3396,32572242,28562884,13972794,12361464,8044681,7531816,2020-12-11,7,2,14688,13052,210,67,1325014,503427
4572,1227,708,3141,29298401,28862516,12632128,11883311,7780465,8505514,2020-12-12,16,5,75486,123781,207,64,1648347,352167
4321,1152,656,3002,26058007,26941848,9845002,12418626,8086680,7271471,2020-12-13,10,5,76719,47837,175,53,1158804,353922
5099,1244,839,3563,32884409,31236566,13947593,14157813,8713987,9365994,2020-12-14,13,3,33554,16202,156,50,902413,303378
4729,1249,740,3316,33877709,30547231,14277317,12940932,8464822,7876381,2020-12-15,9,2,31313,167588,189,61,1408054,279275
4878,1234,781,3424,31168540,29697667,13148183,12871780,8593249,9273180,2020-12-16,17,5,14578,26668,234,79,1053622,578811
5056,1201,767,3464,31385700,32711711,12655883,13728130,8754649,8599887,2020-12-17,16,7,124204,121545,222,60,1325824,483224
4924,1215,781,3397,32725805,30907548,14264119,13184003,7562492,8870865,2020-12-18,11,5,64128,45616,205,43,892151,285671
4660,1186,734,3209,28724228,32361423,11082741,13968335,8522824,8262938,2020-12-19,14,5,48308,191502,234,65,1175079,493137
4468,1087,731,3165,27884941,27623870,11891813,12922509,6985650,7059612,2020-12-20,14,8,18393,193010,192,59,1111804,391799
5530,1299,888,3759,34406156,35418091,16066111,16014882,8123646,9339406,2020-12-21,12,6,98130,44669,246,73,1601496,762195
5186,1272,867,3637,32139867,33445116,14353530,14544999,8415849,9088752,2020-12-22,18,10,191834,189593,229,68,1481086,426748
5099,1240,818,3489,34061888,34393031,13938552,15461258,9675819,8404510,2020-12-23,18,4,45579,49382,214,59,1759211,429037
4616,1113,698,3071,27878808,28598504,12153990,12153072,6472597,7595673,2020-12-24,10,4,2871,271621,216,58,1541907,620844
4375,1023,735,2933,28817639,28306384,12384787,13053582,7214852,6675292,2020-12-25,10,4,0,48852,244,82,1417937,578756
4491,1147,821,3075,31894541,32592466,13176001,14365439,9752687,8323412,2020-12-26,17,8,31000,392289,236,73,920040,752309
4441,1112,744,3018,27397285,29117528,11216187,12926235,6696868,8536507,2020-12-27,16,4,32621,81296,196,65,1218936,530386
4956,1214,781,3345,31537213,31816521,11001795,13335001,10295280,8333208,2020-12-28,12,0,0,0,211,66,1545138,424505
4377,1147,627,2952,25599132,27762549,9384797,12054022,7248781,6749805,2020-12-29,15,6,78984,38662,82,30,691416,103020
4069,1106,617,2791,23838912,29018322,9751529,12104641,5921891,7721293,2020-12-30,13,3,5089,82424,86,36,761207,431335
3784,991,687,2587,31029533,28580624,14597935,12313670,8041815,8114927,2020-12-31,10,1,0,6716,230,54,1189590,641090
3438,920,615,2269,29506624,26453719,12624820,12160761,7390851,6381453,2021-01-01,9,1,0,5736,244,67,1527686,487096
4016,1076,660,2704,30456078,27125474,12119478,11390911,8610866,7945089,2021-01-02,11,4,1246,60407,227,57,982280,253181
4108,1092,692,2809,31852097,25226151,12478332,10541169,9402724,7304399,2021-01-03,8,3,48597,15669,219,59,1449147,330288
4985,1146,812,3323,35826057,27887543,15956056,12102160,9210330,7608247,2021-01-04,16,3,31901,0,250,61,1434648,397728
4758,1227,806,3306,31537529,29133598,14222382,13017007,8317206,8008547,2021-01-05,15,3,0,83414,251,78,1302131,654266
4700,1198,709,3240,29095532,27448525,11922623,10917547,7457611,7425537,2021-01-06,14,2,35401,4783,137,42,639378,387670
4416,1187,665,3109,26152451,29672653,9788119,12689400,8273779,7788567,2021-01-07,12,6,9759,105826,131,38,868840,432569
4597,1152,741,3094,31371857,32447847,11889037,12949651,9493943,9535951,2021-01-08,15,5,41501,105663,169,47,374313,458398
4343,1137,746,2939,30589928,29816250,12432329,12686860,8299332,8173464,2021-01-09,9,3,3735,171080,240,80,1453090,778683
4461,1139,757,3118,33346115,28171492,14732897,12452519,8258651,7747490,2021-01-10,10,3,35410,0,224,79,2120969,696859
5092,1210,770,3452,35549301,29513522,14569575,12518276,9240452,8906382,2021-01-11,7,4,64708,8735,226,65,1190483,329855
5017,1244,767,3413,32304670,29394123,13365244,12141790,9547874,8739800,2021-01-12,10,7,108085,230856,239,74,1314070,525017
5040,1277,824,3459,34170710,33021876,14249731,13588385,9241601,9062215,2021-01-13,11,2,19866,0,227,57,1207121,631058
5118,1282,823,3521,32986116,30661939,14963516,12589526,7937316,8796238,2021-01-14,17,4,50673,23866,244,86,1847837,759178
4879,1214,782,3337,28816929,31818599,11757346,14309080,7530913,8230130,2021-01-15,14,4,53167,36992,237,87,1208139,811423
4547,1178,706,3094,30297896,29910614,13246591,11485898,7660791,9715398,2021-01-16,11,4,45957,93444,191,48,1724449,310539
4496,1134,754,3091,31820705,28283269,13531361,12794143,9381012,8085180,2021-01-17,8,1,0,5188,211,74,1642017,555768
5281,1289,836,3641,34928009,30949623,14831093,11658915,9771102,9918222,2021-01-18,13,2,0,5786,274,80,1759688,542719
4847,1201,788,3347,28882129,29909337,12985642,12835874,7083878,8663709,2021-01-19,16,6,97410,116929,201,65,1715744,554948
5020,1221,773,3409,30833860,29070131,11979657,12161616,8166709,7852431,2021-01-20,7,1,0,2336,226,68,1298701,575751
4750,1190,724,3251,31120117,26297395,13578736,10545771,7795159,8133773,2021-01-21,17,5,72167,160702,150,51,1145126,807614
4668,1141,754,3149,28696410,31870206,11692816,14530815,8482358,8080237,2021-01-22,15,3,44255,30152,193,56,1230472,526329
4548,1185,790,3127,31137316,29812714,14044636,12891604,7710432,8615073,2021-01-23,12,3,79003,0,233,76,2196362,955500
4421,1179,737,3097,29745299,30819508,12553569,12909854,7133097,9742320,2021-01-24,12,4,32633,91847,200,52,1092925,674370
5173,1206,832,3509,33535520,31253355,15846631,13553796,8081820,8031952,2021-01-25,11,3,68410,45039,234,75,1815261,665137
5029,1270,749,3463,32740281,33096141,12941393,12886363,7923686,9999568,2021-01-26,15,5,67911,144888,208,51,1303375,267960
5015,1254,802,3494,33786775,31979169,14731279,13670031,9082100,9126097,2021-01-27,9,3,167498,0,234,74,1699051,692397
4672,1180,713,3177,30238113,29346715,12107674,11081537,7851019,8890866,2021-01-28,19,4,52256,107414,182,54,770077,484319
4793,1221,781,3317,32864797,31818662,13268234,13527511,9929706,9190980,2021-01-29,15,8,113502,103643,248,74,1092351,798125
4595,1171,720,3097,30109014,27366420,12071492,9811547,8357315,8748161,2021-01-30,8,2,36526,5429,233,73,1798622,872769
4521,1190,705,3154,30044666,26029724,12131981,9534010,8733058,8898319,2021-01-31,19,5,46987,126984,217,64,1756373,576850
5190,1259,830,3510,30849248,31753555,13419796,13372423,7435168,8953553,2021-02-01,15,6,47406,70377,220,51,1212973,543092
4951,1273,791,3392,32974329,29701649,15250723,12455583,7431176,8488634,2021-02-02,12,5,25693,42523,222,67,1906548,532062
4953,1214,757,3359,31825162,31078507,12585933,11948299,8584983,9093040,2021-02-03,18,4,0,28920,230,66,1120429,651153
4988,1232,824,3429,33457484,32763449,14589811,13181321,7589492,9382473,2021-02-04,16,4,51061,198736,220,68,1388936,550093
4986,1270,782,3400,35181900,30055546,13877305,12579307,9422896,8347331,2021-02-05,15,5,37468,67911,220,64,1441445,840054
4838,1233,724,3251,29293791,33508205,12531883,13473190,6870143,9861750,2021-02-06,15,5,68833,38603,258,65,1480125,801730
4496,1186,744,3153,30154567,27535450,12878567,12584818,7340208,7611098,2021-02-07,13,3,0,52344,186,56,1107480,269792
5053,1227,824,3475,35049337,30000687,15216669,13453184,7538432,8630826,2021-02-08,16,5,52292,189037,223,61,1701643,563635
5035,1281,803,3495,31642200,29907095,15051538,12822845,7414207,8406693,2021-02-09,14,5,89645,62440,225,58,1168305,676597
4783,1209,778,3275,32987416,29524609,13854682,12616707,7530511,7702575,2021-02-10,15,5,99182,76571,203,76,1034350,633271
4734,1132,679,3214,26250406,30489182,9628717,12971145,7255630,7623328,2021-02-11,9,1,13909,0,174,50,1208978,553220
4859,1244,721,3253,31239295,30361759,12212402,11725855,8776004,8219436,2021-02-12,16,4,69120,16596,221,49,1018488,364955
4506,1221,694,3059,29055358,31015516,11074440,12686366,8490371,9032912,2021-02-13,11,3,22902,5429,213,57,934914,659893
4340,1184,695,3031,26870263,29359124,10447196,11531478,7863534,8466355,2021-02-14,15,3,52136,54338,219,61,1040489,504024
4863,1221,713,3302,29662816,30458361,11989832,12107808,7927888,8633386,2021-02-15,17,1,0,75745,231,61,1901328,713335
4553,1224,698,3189,32123526,29211860,13516049,11929563,8658951,8513528,2021-02-16,17,6,95422,233123,217,48,1134191,433002
4451,1176,731,3097,29664970,28839551,12165827,12933454,8599945,7672716,2021-02-17,14,4,5089,186792,189,53,1237040,532983
4926,1228,799,3373,33111168,30499367,12664196,13751484,10014430,7541648,2021-02-18,13,5,5089,153499,218,68,1336436,633726
5015,1282,802,3467,34908238,28827698,14840073,12420865,9841738,7946092,2021-02-19,12,3,106248,4436,216,65,1931103,448814
4669,1214,737,3197,30068021,28336730,12547134,12735906,7846910,7466766,2021-02-20,9,2,0,36288,214,48,914390,481567
4550,1131,729,3120,29177949,27785208,11658207,11695178,8021681,7604037,2021-02-21,16,6,76192,301137,182,55,1224717,352509
5273,1277,787,3612,33658557,30518597,13081487,12548521,10310602,8453505,2021-02-22,14,3,13954,27661,219,65,1422085,499022
5019,1223,780,3482,30451461,30201765,13036732,13875624,7658280,7515585,2021-02-23,11,3,8723,38758,204,51,1104450,709465
5161,1292,834,3555,35312519,32763601,15949659,14722578,8340079,8521843,2021-02-24,14,2,9303,44957,241,62,936147,410226
5148,1258,814,3505,30956676,31857898,13263247,13723935,7824343,8389900,2021-02-25,17,9,110533,48121,201,54,900932,466990
5023,1262,828,3467,33288270,32580537,14550599,13926636,8574867,7900134,2021-02-26,19,6,68381,152588,229,65,1553733,463091
4568,1200,688,3093,28871741,29677672,12116860,12473843,7710372,8627421,2021-02-27,8,1,0,3174,219,49,769085,545834
4515,1153,691,3125,31517375,28910797,13992548,11605673,7586285,7882858,2021-02-28,16,6,56667,211416,140,35,1434266,99353
5084,1207,711,3466,30026382,29931937,10058449,11632799,9230689,7728777,2021-03-01,11,4,179814,49186,195,60,493869,313836
4950,1302,820,3454,33820788,31662204,15017543,12607161,8546656,8678454,2021-03-02,11,3,27235,53480,244,72,1407805,530269
5183,1282,807,3553,33478956,34056695,12337431,14797550,9036807,8828473,2021-03-03,18,5,123165,52720,221,57,1147348,303849
5203,1295,811,3610,37911493,29215691,16373143,11586559,9428911,8391645,2021-03-04,15,5,11549,140298,215,49,1332956,280633
4820,1251,664,3256,29611588,28362801,10883285,11352160,8442308,8426780,2021-03-05,12,1,0,47075,242,57,888736,510306
4742,1265,772,3269,32840641,30144513,14398265,10917588,8101290,9520980,2021-03-06,10,4,73660,88435,254,80,1817580,702577
4713,1199,787,3222,32606390,31755695,13279265,13294412,8209470,8771159,2021-03-07,15,5,35470,135886,242,62,1097731,958719
5498,1305,884,3762,36615475,32410949,15900520,13013057,9801679,9091326,2021-03-08,13,5,71235,200967,251,65,1534031,564215
5298,1304,831,3657,35192962,30790900,14950432,12682438,8726107,7360070,2021-03-09,14,5,35406,90734,260,72,1281110,438159
5217,1310,807,3613,33189497,33696980,13949895,13269656,8674385,9972163,2021-03-10,16,6,51870,180395,231,51,1167409,182020
5016,1286,770,3450,32710793,31850069,12283626,13398707,10579658,8777220,2021-03-11,6,1,15640,5429,251,75,1460421,738801
4908,1293,817,3377,31717038,34138036,14114026,14959729,8794801,9714115,2021-03-12,11,4,39160,12620,254,59,1278794,743718
4669,1230,743,3174,33460679,30270377,12904350,12402613,8799882,8044409,2021-03-13,14,2,45613,0,239,69,1271035,660906
4722,1168,763,3268,30476849,31141443,11399859,13599783,8769910,7830698,2021-03-14,12,5,103100,13690,243,62,1110955,459895
5522,1341,761,3728,31859129,32677290,11960280,12042819,8181507,9628671,2021-03-15,13,2,29542,0,237,57,1246728,525907
5174,1315,856,3579,33375628,32924267,14460778,14203637,8614632,8977291,2021-03-16,11,4,51532,78125,264,76,1493047,375777
5291,1345,831,3685,35191032,35097806,15080867,14262906,9078006,10134822,2021-03-17,8,1,0,66662,255,60,1308521,552952
5037,1269,746,3492,31082346,29936345,12200486,11496417,8688152,8876548,2021-03-18,16,3,0,73540,228,49,809013,281283
5144,1282,837,3509,36868483,32728100,14944799,13280653,9640053,8359296,2021-03-19,15,5,63033,118501,238,60,1611754,558307
4937,1301,767,3405,32234711,29030405,13506339,11627542,9763908,8690535,2021-03-20,15,2,21973,12207,263,80,1159419,691079
4443,1234,725,3165,28679146,31953363,10962478,13126641,8209184,9297502,2021-03-21,19,4,95272,53316,224,65,955062,568472
5343,1317,831,3664,35225851,32287812,14687169,14126826,9153046,8827401,2021-03-22,15,4,12126,22135,264,66,1680557,502785
5200,1321,826,3620,32562373,32838262,13747569,13103924,9021748,9625526,2021-03-23,19,8,80729,115133,260,66,1286953,850999
5104,1299,824,3522,34191483,34241908,14073837,14089352,9906464,9768164,2021-03-24,10,4,39742,72918,234,58,1164106,654732
5151,1270,775,3572,30134194,31678801,11247786,14447116,8184847,7660300,2021-03-25,14,3,54410,0,206,52,815488,327636
5308,1332,859,3637,34539259,34993180,14525982,13786928,8022374,10025101,2021-03-26,13,6,29816,182947,224,66,1372194,609949
4748,1259,756,3311,31080042,32224720,13510029,13849700,8238288,9156804,2021-03-27,16,7,36810,105610,196,42,934815,601828
4650,1212,763,3263,28632028,31836666,12173617,12731385,7277010,9949057,2021-03-28,15,6,38834,102724,212,68,1133921,473045
5325,1250,809,3590,34476173,32922096,13680923,13832716,8277452,8753965,2021-03-29,17,5,87762,54763,190,37,872674,429919
5282,1324,890,3752,33086660,33992813,15587458,14466777,7632560,8975539,2021-03-30,14,4,0,125642,311,86,2202089,733266
5031,1236,760,3477,29008235,30271973,11165658,13132206,7948164,7472747,2021-03-31,11,3,145,55900,183,37,643774,374337
4801,1159,732,3290,29933755,31516866,13051511,13645852,6313547,7850219,2021-04-01,12,3,25980,30446,97,27,1574731,231795
4984,1267,766,3403,28613066,30788002,12064950,12114232,6711911,8278645,2021-04-02,17,3,70145,0,286,81,1125367,552175
4631,1231,800,3191,35547860,29508303,14245663,13452233,10192664,8196005,2021-04-03,14,4,0,25413,283,70,1157928,311671
4432,1156,753,3106,31579647,30797085,13340080,13151451,8986662,8627993,2021-04-04,10,3,14363,141476,220,59,1172702,386099
5148,1241,803,3483,33519275,31549637,12432625,12222930,9624817,8147247,2021-04-05,17,7,14363,76719,261,62,1288461,368585
5021,1268,872,3504,36535015,31963248,15068266,13517105,8970157,9075017,2021-04-06,13,1,51650,0,233,57,1277790,587887
5106,1366,807,3558,31025340,30130087,13223720,11979685,8054888,8673347,2021-04-07,14,5,46363,201361,224,59,1080930,572786
5244,1319,853,3630,35737554,32723552,16464987,12895086,9438040,9478666,2021-04-08,13,3,0,16114,255,63,1554521,535918
5182,1303,836,3583,32895011,32535783,14622673,12163398,7963681,10106390,2021-04-09,11,3,68298,35832,264,76,1898884,515972
4767,1253,743,3265,32981970,30980635,13470616,13515828,8967134,9071333,2021-04-10,8,2,0,2640,248,57,1235598,600493
4721,1227,765,3367,30154247,30154693,11729554,12553191,9418623,8414066,2021-04-11,10,4,99419,48018,229,69,1042499,690019
5459,1325,864,3726,33471711,35614677,13454404,15357586,9819082,9317045,2021-04-12,13,3,61482,82823,278,78,1155753,664512
5006,1251,814,3482,32589871,30762456,14167592,13285469,7973271,7893811,2021-04-13,12,4,77418,0,266,68,1072868,613054
5132,1303,827,3629,35698669,32481840,16363172,13471464,9240657,9158159,2021-04-14,15,4,89349,0,262,73,1673320,743385
5349,1317,883,3720,34808818,32581113,14534896,13224270,8227514,9444768,2021-04-15,15,4,31331,3447,249,80,1637787,481769
5049,1318,828,3496,33719564,33582670,13561720,14316451,9672359,9347370,2021-04-16,16,7,20770,250832,228,56,1140698,380772
4620,1236,741,3156,33180609,31016613,13100445,12636288,9466123,8598907,2021-04-17,13,3,74802,85789,209,53,551076,374977
4585,1229,742,3219,29914192,32644761,12682978,13225204,7738998,9461098,2021-04-18,14,6,72611,8549,238,68,764165,660664
5578,1331,857,3877,34027308,31677114,13825547,12529049,9157212,9135962,2021-04-19,14,3,43264,7208,277,86,1545287,723701
5236,1280,835,3625,32655235,31582094,12258242,14204253,9409824,8647829,2021-04-20,8,4,18573,29737,202,51,1152337,343682
5166,1290,818,3593,30147607,33536902,12751003,12751899,8179542,9737065,2021-04-21,12,7,41408,57935,217,64,1383903,430636
5077,1292,790,3532,31127935,30388598,13117694,13055153,8863743,8969848,2021-04-22,10,3,40540,12024,188,55,1077839,555014
4855,1279,709,3377,27394386,32696523,11451910,13353731,8010460,9571002,2021-04-23,13,6,73593,26849,168,39,493043,470833
4831,1293,755,3314,32994131,32898701,12159272,13021407,9057610,9272937,2021-04-24,16,4,55454,102713,243,72,1285168,906539
4806,1230,810,3387,34687034,33677527,13039620,15203365,10226709,8894786,2021-04-25,10,3,3575,43656,229,61,989474,693154
5649,1300,946,3861,36254990,36352409,15191376,15810200,9951879,9274326,2021-04-26,16,4,4361,118329,263,60,1413094,559600
5320,1310,812,3681,33809434,32122042,15131484,12831201,7725676,9293482,2021-04-27,11,4,55100,3454,206,61,1388336,564563
5164,1279,866,3597,33487483,32697914,14562106,14577383,7498384,8576700,2021-04-28,16,6,81183,62001,235,67,1619493,591199
5246,1299,820,3597,33826399,32000158,14500868,12646934,8869171,9038643,2021-04-29,12,5,209711,0,258,63,1278890,400107
4911,1252,765,3353,36285294,28776321,13623596,11376591,10619084,8911611,2021-04-30,16,6,66239,42962,253,64,1181851,556330
4614,1221,740,3111,33335790,32186765,14683382,12861870,9261328,9303677,2021-05-01,11,5,101557,0,264,62,1009203,327838
4322,1176,753,3024,33793903,28991363,15325389,13707420,8968459,8210804,2021-05-02,17,3,39673,80204,226,67,1689234,512757
5119,1284,792,3527,32400723,32834768,12302324,15181655,9225727,7694323,2021-05-03,15,5,5089,149098,208,57,905008,520197
4758,1258,745,3282,30415633,30849022,13550670,11825715,7771252,8740749,2021-05-04,14,3,89608,30460,244,51,796804,365348
5011,1282,843,3481,33030788,31740466,14686697,12462535,7973210,9462649,2021-05-05,12,5,42150,75731,237,72,1501639,642944
5151,1272,789,3557,34501558,29940817,13279307,11510889,10606624,8853056,2021-05-06,11,5,18308,54723,242,65,1586533,553746
5198,1281,870,3538,35519953,32585691,14912405,13641670,9468705,8748031,2021-05-07,11,3,73643,50323,234,63,1586025,391201
4900,1258,808,3362,33456068,34249018,13910790,14914059,8328829,9637835,2021-05-08,14,4,46264,32794,234,66,1474168,605712
4559,1156,743,3179,30686898,28511043,13183618,11465998,8780455,7668544,2021-05-09,13,3,6856,76248,189,55,1019976,519952
5354,1254,830,3698,34646948,30516179,14707991,13151494,9431699,8308225,2021-05-10,9,3,69253,2447,170,31,1166282,488224
5206,1272,824,3652,35011451,32406782,13687650,13444042,9484451,8395409,2021-05-11,14,3,0,82368,296,93,1526493,957033
5050,1272,840,3465,34699977,30320758,15362980,12224948,9169465,8685260,2021-05-12,16,3,50530,47733,238,55,1477471,539469
4815,1182,745,3307,30474610,29709116,13630573,11455892,8128808,8306158,2021-05-13,16,6,45797,144389,210,53,1566796,526256
4882,1242,798,3347,31957970,33259570,13013440,13747306,8512411,9170746,2021-05-14,12,5,11413,87721,168,38,794679,386370
4681,1219,753,3208,26767817,31417743,10860308,13557597,7152494,8726059,2021-05-15,10,1,15640,5429,282,84,1394650,673769
4587,1177,785,3255,32343010,31749307,14172728,13979003,7970742,8829856,2021-05-16,10,3,35268,27284,243,71,1384626,541125
5285,1293,819,3638,34750722,30710427,14981991,13702878,8921375,8436978,2021-05-17,12,3,39047,39824,265,80,2394899,597727
5136,1280,811,3562,32758749,31650606,13299996,13454645,8608142,8137148,2021-05-18,9,3,0,132567,242,61,1160692,632679
5102,1302,825,3540,34761423,32663458,14358596,13922085,10526849,9312103,2021-05-19,12,5,56233,121448,267,64,1058194,549896
5014,1242,752,3466,33755672,34188880,13324380,12987290,9837789,9974112,2021-05-20,10,1,969,0,259,70,1925854,515929
4796,1226,848,3306,32917989,32023789,14479838,14227118,8094178,8439814,2021-05-21,11,3,111712,50990,252,62,1014050,639240
4724,1240,767,3210,32056177,30191555,12851499,11954136,8907108,9403152,2021-05-22,11,3,68313,3210,261,86,1752897,752508
4752,1202,773,3337,32937436,30053611,15135564,13504670,8331760,8213617,2021-05-23,15,3,0,124736,209,54,1005379,532832
5399,1280,857,3712,34575669,31347685,14816585,12646704,9842719,8219142,2021-05-24,16,5,11539,118738,255,70,1878994,395982
5063,1230,836,3486,31200997,31540197,12369376,13285705,8159428,8673757,2021-05-25,15,7,55598,99811,247,65,1245365,654916
5147,1282,802,3595,32088393,35472457,13682554,14200913,8180530,10402882,2021-05-26,15,5,118987,76298,238,67,1246291,495728
5128,1276,855,3573,32810129,32655535,14127178,14977270,7484575,8910998,2021-05-27,17,5,34311,123595,258,74,1815299,695017
5010,1267,810,3486,34970303,35546500,14085531,15395466,10543232,9893951,2021-05-28,9,5,29945,208812,253,76,1195535,1149403
4812,1250,780,3321,31081115,33671802,13725099,14211467,7721277,8254156,2021-05-29,19,6,123840,93606,236,81,1646795,1054502
4691,1189,731,3274,32862740,28922628,13229158,11434396,8892705,8035302,2021-05-30,8,2,5089,18842,221,58,1560206,504706
5449,1303,886,3739,37236593,34601427,16581513,13526567,9308523,8787580,2021-05-31,8,1,0,97459,267,80,1702681,718893
5148,1219,798,3593,31335810,29985174,12338840,12435077,8700913,8511259,2021-06-01,10,1,31196,0,219,53,980817,559075
5039,1228,776,3487,30535897,30262481,13543804,13062569,7723975,8108551,2021-06-02,12,4,93559,34024,165,49,1178739,1113391
5110,1291,792,3576,35273869,32315192,13537018,13726591,10232398,8808080,2021-06-03,20,5,73154,102823,276,67,1533089,405098
4981,1291,812,3452,35540660,33808112,14367847,13716941,10178121,9727274,2021-06-04,21,5,12353,89591,273,68,1347212,485201
4746,1211,758,3203,32882182,32123397,13204477,14577277,8844393,8233458,2021-06-05,12,2,10892,0,262,55,1224355,672380
4817,1203,838,3368,34665107,35415003,14648806,16223539,9604051,9382477,2021-06-06,8,4,32531,6539,242,59,1430243,702122
5470,1275,879,3778,36168588,31592137,15610154,12789387,9457711,8813339,2021-06-07,21,8,10443,268974,243,71,1718444,708412
5219,1264,831,3624,32610115,33042962,13551779,13841552,9476971,8828640,2021-06-08,10,2,2448,10376,215,56,1153950,391419
5021,1258,789,3472,31159191,31318118,12595241,12555956,7903297,8044595,2021-06-09,7,2,0,37461,224,74,1124102,581053
5207,1283,854,3632,34394175,33489832,15566882,13370727,8494438,9877847,2021-06-10,6,1,37937,0,246,79,1716165,864408
5021,1251,800,3469,33434824,31976800,13633504,14221517,8128672,8150773,2021-06-11,10,3,46010,81458,221,58,1168069,918863
4706,1196,764,3211,30408671,32391945,13682375,12161242,7145786,9098440,2021-06-12,13,1,0,167163,218,63,1438605,325237
4699,1161,763,3278,34586887,30560012,13354297,12625568,10672138,8216672,2021-06-13,14,6,65415,80259,207,52,1108518,387970
5220,1276,808,3604,33148180,31762836,12684495,13155662,9188110,8955069,2021-06-14,17,7,107550,45569,237,65,1461103,810967
5335,1242,850,3666,33979813,34208388,14166317,14439256,8275981,8873484,2021-06-15,11,4,3430,7769,223,66,1024875,502277
5026,1220,806,3510,34134150,32552737,14427021,14302679,9023042,8298002,2021-06-16,13,5,80452,162033,275,70,1848278,607291
5123,1221,792,3489,31719681,30664276,14240099,13020058,7555494,8927644,2021-06-17,15,4,86529,42274,231,48,1256106,413850
5095,1218,866,3540,32543242,33260591,14740011,13084607,7968021,8926330,2021-06-18,8,2,49987,0,265,70,955674,652623
4655,1185,757,3197,31847827,31371629,13590250,12944300,7844280,8354845,2021-06-19,12,4,37381,56220,252,61,1371911,551784
4689,1200,797,3281,32322226,29860082,13843981,12832804,8502104,8163683,2021-06-20,14,4,56047,29676,232,60,1564525,460652
5368,1232,853,3652,34222743,34910859,14616314,14889811,8503150,9540545,2021-06-21,16,5,15386,31227,265,74,2007644,732890
5075,1278,794,3540,34088005,30539760,14415207,12796040,8579397,8846565,2021-06-22,13,5,10350,124081,237,51,1478240,682664
5157,1254,849,3567,32257598,33591474,12889654,14542511,9225642,9393821,2021-06-23,8,4,0,11021,252,68,1516599,708309
5187,1219,827,3582,34544838,31875286,15186904,13216788,8230021,7976601,2021-06-24,14,5,148104,7352,243,56,1091611,468848
5149,1266,810,3532,32712758,34006791,14227387,13631082,7735796,10304557,2021-06-25,13,3,11201,0,261,73,1844126,734532
4740,1226,791,3287,31648035,32586060,14169211,14003441,7661169,8656021,2021-06-26,15,2,546,56441,249,62,1350929,799291
4667,1137,743,3216,29453139,32354118,11599983,13282409,8125291,9389093,2021-06-27,10,1,15092,0,214,49,962713,293226
5462,1258,830,3703,33516308,34503045,12850385,13741417,10167358,8966747,2021-06-28,17,5,85107,8170,247,65,1569927,517823
5027,1206,794,3493,33788427,30823456,15133886,12475230,9759932,8050770,2021-06-29,16,6,24675,269264,232,77,2323656,542454
5181,1258,831,3550,32552611,33161422,13604469,14111394,7830331,8016820,2021-06-30,14,5,113841,39772,219,61,1207596,404749
5096,1256,812,3471,32128304,33032286,13629877,12977779,8269236,9031096,2021-07-01,13,5,20617,138515,255,65,936440,805947
4816,1249,759,3312,33974717,28713351,12806878,10792968,9394248,8950128,2021-07-02,15,5,140218,0,221,51,930167,683220
4470,1150,751,3082,32295864,31317286,12957958,13353495,8653150,9866118,2021-07-03,7,4,125916,23866,248,58,1632918,510605
4584,1121,772,3207,31956519,29460065,14709469,11797557,8136525,7826779,2021-07-04,13,4,62537,71457,211,49,1073366,420145
5452,1263,844,3704,33241392,32706505,13983351,14807627,8302070,8437434,2021-07-05,12,5,0,174824,248,67,1223694,596047
5154,1252,815,3560,34645967,31439954,14112279,12189774,9832165,9198478,2021-07-06,13,3,60100,16721,257,64,1348659,707297
5121,1252,781,3501,34853319,32709440,13163634,13224265,8641612,9317012,2021-07-07,10,1,0,5327,248,64,1482545,623841
5114,1245,812,3520,35529215,31254326,14403227,12860191,9745696,8306850,2021-07-08,14,7,127290,247177,238,64,1271236,560704
5030,1257,794,3439,31534962,33412714,13235572,13129232,8571434,9853906,2021-07-09,11,2,17914,38338,246,60,1285707,688466
4653,1201,704,3167,33133336,30990758,13560102,11027902,9018040,8692055,2021-07-10,7,2,0,64447,243,60,1702708,339834
4672,1232,749,3240,32414493,31414459,12535302,12304528,9869021,8673765,2021-07-11,8,3,41852,109920,230,67,1574714,369309
5272,1219,791,3591,30036357,31615575,12700320,12183085,7468013,9081500,2021-07-12,11,4,30354,27690,218,56,1166120,672997
5114,1249,790,3519,34038294,30120363,13229751,11978199,8800446,9255843,2021-07-13,16,4,74902,58759,232,69,1271288,531016
5107,1252,778,3518,30511182,32508331,13389445,13386858,7941513,8953010,2021-07-14,8,3,201493,0,230,64,1029078,693396
5064,1170,811,3464,32645701,31771204,14061664,12929919,8134881,8459550,2021-07-15,13,2,41748,54232,235,65,1795044,405667
4993,1187,795,3391,31636535,32938179,14064478,13976348,6923786,8656144,2021-07-16,22,10,72432,137386,233,54,1127289,401829
4654,1182,742,3095,30665232,29937615,12981629,11868520,8078492,8903689,2021-07-17,17,4,33050,18428,223,58,1381193,466284
4697,1214,793,3328,31691357,30275590,13956080,12717790,9037217,8951433,2021-07-18,14,6,81205,153524,229,60,1818414,367844
5266,1214,818,3587,35160717,32421560,13073516,13783330,10033306,7795164,2021-07-19,15,5,19626,78267,230,69,1261937,511271
4946,1270,789,3479,30706181,30770841,12592023,13338178,8483791,8444834,2021-07-20,9,3,0,161114,213,48,1133696,384284
5012,1249,785,3425,33533323,34443430,13814143,13964103,9909212,10105926,2021-07-21,13,3,455,8331,219,71,1267062,485674
4681,1183,718,3188,28276721,32335586,11296754,13560734,7838325,7998949,2021-07-22,17,5,39838,61268,161,48,962057,403469
4553,1127,737,3113,27783720,30145721,11324337,12782319,7729067,6835458,2021-07-23,13,5,44621,69945,118,44,1017019,628311
4294,1071,679,2897,29140714,29810692,12190684,12421407,7204633,6567485,2021-07-24,14,7,58976,49265,70,17,696993,137100
4172,1006,625,2872,24742783,28840552,9664292,13742661,6133180,5653919,2021-07-25,13,4,74292,44039,56,13,401042,262376
4792,1073,680,3225,27995542,29946926,10279856,12030189,7134461,7488704,2021-07-26,14,3,85639,31175,61,14,378353,139635
4751,1182,696,3278,31078605,30207538,11188267,13036222,9540105,7468993,2021-07-27,13,6,117180,34573,188,41,1870445,358343
5074,1223,765,3477,32494408,30639218,12283436,12061711,9200061,7770644,2021-07-28,16,7,68373,102526,274,88,1143634,712406
5002,1166,734,3392,31591463,28290905,12320286,10783243,7414526,6938042,2021-07-29,13,4,22110,97413,215,48,1419707,256919
5021,1196,862,3449,33945388,32154323,15462253,13642418,8140563,9194431,2021-07-30,17,8,156744,61317,259,64,2025871,331657
4885,1277,777,3265,33538717,35462047,13256369,14244439,9212131,9772695,2021-07-31,12,2,76249,78964,260,60,1313446,456838
4592,1141,742,3191,30884355,29195376,12271288,12032694,9275691,8302936,2021-08-01,16,4,33263,25264,229,62,1186920,491773
5208,1185,837,3558,33805062,30300224,15623384,12668162,7810572,7657660,2021-08-02,12,4,0,206099,201,58,1856881,600880
5187,1230,866,3542,38099208,35473709,16422074,14326842,10826215,9762978,2021-08-03,15,4,23342,76760,285,76,1625488,816958
5258,1215,857,3571,34888477,32589966,14040200,14790525,8785229,8197038,2021-08-04,16,3,0,5553,232,65,1796298,777904
4961,1198,728,3406,32153610,30452645,12258843,12545657,9398939,8356323,2021-08-05,12,2,0,25446,219,66,1008943,489101
4903,1187,796,3337,30517281,35014017,12837723,14391117,8201399,9925922,2021-08-06,14,5,37390,103110,262,74,1857559,603288
4556,1169,795,3082,33188646,33847874,14992043,13754484,8902484,9248274,2021-08-07,16,6,72929,64474,234,64,1508604,671851
4273,1165,665,2978,33866439,28033296,13125174,11750034,10162812,8057327,2021-08-08,17,5,102830,20225,216,57,1739951,650564
4883,1225,777,3350,35310697,33179526,13525266,12589635,10357578,9770034,2021-08-09,16,3,6247,20553,267,76,1611291,779731
4930,1187,783,3332,31880967,32475896,13368238,13739843,8213701,8048610,2021-08-10,9,1,17745,0,220,53,965600,543517
5127,1228,807,3472,34093868,31918522,13883213,12984042,9435038,8516600,2021-08-11,13,6,5089,141779,221,62,1565478,324530
5075,1236,750,3376,31844459,31745861,12199480,12370539,7909222,8828115,2021-08-12,13,5,49485,41900,241,64,1318199,840407
4652,1170,751,3128,31349947,27888760,13645024,10757011,8138796,7253527,2021-08-13,14,4,15640,68042,219,70,1624269,518268
4333,1165,693,2890,32474946,30469063,13408690,12543803,8799774,8430244,2021-08-14,18,6,36711,135177,219,58,1129708,569102
4346,1144,716,2987,33256591,31454729,14410878,13157924,8617571,8931919,2021-08-15,15,6,12026,41766,189,53,1503169,832598
5299,1229,837,3592,31785311,33946959,14093143,14708372,7149820,8417362,2021-08-16,14,5,47385,33275,223,59,1184950,792774
4929,1203,741,3340,30247732,31733926,13394653,11291549,7402923,10180248,2021-08-17,14,8,69710,191972,201,54,1374138,400428
4904,1195,786,3300,32589664,29882268,13515151,12115458,8592036,7444169,2021-08-18,12,4,39440,93674,217,61,1589941,461406
5088,1194,796,3410,32339402,33148903,12864359,12737486,7962915,8805927,2021-08-19,11,3,6429,5873,191,61,1141658,706330
4911,1165,799,3303,32008325,32041113,13452737,13263715,7701921,8299418,2021-08-20,17,4,15220,37426,233,67,2069912,403660
4808,1227,803,3258,34207758,33290498,14071752,14071559,9891815,8877642,2021-08-21,14,5,34212,1628,241,74,1838911,717291
4530,1136,710,3130,30237636,29703193,12830187,12572867,7936646,7752027,2021-08-22,8,5,50758,75030,207,50,959391,507759
5332,1214,849,3633,31732363,32264387,13434707,14418110,8520146,7345525,2021-08-23,20,8,118181,103071,203,53,1216871,405684
5091,1224,815,3505,33362402,33888823,14475894,13088739,8339545,9573343,2021-08-24,19,8,63934,228122,209,57,1259837,315686
5185,1207,839,3527,34872624,32962659,14233420,13457223,9521697,9394647,2021-08-25,10,2,2280,0,222,58,1643698,391811
5147,1227,780,3498,34153120,31848198,12918735,12890777,8734244,8621932,2021-08-26,13,2,38083,33817,212,51,1173151,392609
5041,1169,825,3384,33357577,32191866,13636513,13474477,8293980,7885533,2021-08-27,16,4,17914,32043,198,64,1476754,678847
4637,1158,739,3166,31661330,29884093,14398219,11739270,7241328,8241711,2021-08-28,14,5,105609,216534,180,49,1822155,330221
4674,1117,743,3212,30868339,32125786,14004399,13100053,6636188,8755151,2021-08-29,16,6,119692,244583,187,50,1521783,751461
5262,1214,829,3575,33328358,32534717,15586491,12962370,7467718,9307944,2021-08-30,11,3,18374,5886,228,69,2464756,411012
5055,1225,730,3478,30673649,33051750,12658483,12790629,8174329,9394644,2021-08-31,19,9,110871,234806,220,68,1625073,302888
4896,1182,821,3379,32795968,31522488,13978235,12674286,8061916,8814885,2021-09-01,11,3,68953,17021,201,52,806200,646073
5002,1214,834,3433,33501571,32880115,13224750,13924045,8450407,8320146,2021-09-02,17,8,50817,177615,232,76,1696060,473702
4908,1182,830,3329,31795955,32042065,13687837,13283112,8039037,7356192,2021-09-03,7,4,24781,18768,204,62,1101140,686866
4596,1159,734,3087,30760392,34445714,12465215,14142232,8058718,10560074,2021-09-04,16,6,45578,98692,203,56,957931,627512
4495,1122,721,3086,28837190,29085059,12553494,12281509,7127565,7411652,2021-09-05,7,1,32557,0,192,52,972795,402202
4967,1136,773,3357,31088448,30112607,11463141,11803703,8839933,8484482,2021-09-06,12,4,12009,0,208,62,1467302,674978
5001,1230,831,3498,32019198,29434713,14472600,12697451,7598895,8070121,2021-09-07,12,3,34045,26788,215,61,1066464,885579
4983,1241,780,3417,34142386,31782675,13865451,13190663,9668737,9090304,2021-09-08,12,4,65278,32839,231,61,2125754,455861
5067,1217,810,3509,33331038,31485069,14905171,12557828,7991045,8994095,2021-09-09,15,3,28868,56130,219,61,1422153,624231
4943,1195,810,3375,31791530,32139871,14038080,13068333,7720949,8977117,2021-09-10,20,6,38716,78114,192,53,1127144,336171
4472,1065,780,3077,30208092,30902639,12942296,13799317,8256509,7541583,2021-09-11,11,2,0,62601,200,70,1224562,598953
4424,1070,712,3055,28966490,30888377,12736780,12122866,7139449,7164253,2021-09-12,7,3,45950,0,108,43,843763,372143
5142,1185,771,3538,31059848,32137167,11953061,14083745,7945442,7816932,2021-09-13,3,1,0,53237,76,19,421989,144516
4465,1036,688,3083,24752034,27999295,10423839,12760471,6754945,5902725,2021-09-14,5,3,33570,46604,60,17,790459,207072
4808,1154,721,3319,30426587,31992940,11814677,13431290,8358098,8844864,2021-09-15,19,3,139912,0,148,40,1253606,744359
4591,1121,727,3198,28781430,31427486,11910839,11849432,7261914,9203122,2021-09-16,15,6,143255,67252,253,82,1907322,497387
4500,1126,776,3101,30806487,32702163,13391554,14520847,8465125,8418484,2021-09-17,20,8,18162,190258,275,84,1972427,727765
4619,1152,779,3164,32444131,32381318,13850856,13511960,8668747,8619114,2021-09-18,14,4,70573,107500,227,63,1126533,422892
4414,1093,721,2998,32134150,29249321,12232942,13053704,9459738,7161495,2021-09-19,10,2,0,104887,162,55,1068207,403685
5195,1164,829,3552,37569884,34533665,13894497,13822790,13052416,9650433,2021-09-20,18,8,146902,97395,238,83,2438276,563786
5089,1181,841,3470,36182074,34911360,15592628,13354053,8350929,9996642,2021-09-21,17,5,0,226591,248,66,1861757,360805
4995,1157,804,3403,37686363,30270826,14454402,13093496,10939283,7621744,2021-09-22,15,4,32405,30550,205,49,1220435,296954
5027,1186,776,3416,31491360,34233397,12999520,13926767,7311079,9460622,2021-09-23,16,6,20729,239740,227,56,1380839,587602
5014,1210,837,3439,33744340,35307190,15295675,14882173,9244389,9263446,2021-09-24,11,4,0,5222,203,51,1065538,565417
4704,1160,761,3189,31887193,31241698,12466073,13843032,8512047,8341892,2021-09-25,18,4,51698,41523,212,47,1078282,439443
4601,1069,790,3171,31313163,31485773,13982976,13511217,7206974,9025799,2021-09-26,7,2,23686,35479,211,65,1215186,420550
5368,1200,860,3656,34770803,36566136,14170755,14785036,9126080,9718032,2021-09-27,17,5,12395,53612,239,52,865126,427349
5082,1192,850,3504,34479561,34728999,13263667,14767983,9134579,8679728,2021-09-28,20,7,105223,256064,234,65,1602562,581097
4957,1191,767,3379,32779426,34395214,14735494,13275210,7657555,10388584,2021-09-29,9,2,0,2338,239,60,1512965,509838
4744,1188,819,3314,34055259,31777506,14253579,12956140,9485303,8567134,2021-09-30,19,8,121286,121872,240,69,1139631,656459
4465,1144,774,3036,32949021,31081000,13731980,13070865,8450579,8503383,2021-10-01,13,5,56738,19119,215,57,1498317,433232
4514,1130,732,3006,31666179,33016523,13292986,12830139,8835462,8935470,2021-10-02,9,2,36277,0,206,61,1702750,737490
4614,1118,789,3226,29052682,28345695,13124318,12882018,7018755,7659498,2021-10-03,10,4,11754,25141,228,64,1413529,433233
5262,1240,796,3585,32864645,30628346,13967469,11218670,8067427,8967426,2021-10-04,12,2,30840,29541,232,63,1604278,621126
4958,1219,804,3424,31502415,34384806,12799978,13812527,8164552,9737965,2021-10-05,10,3,35050,48433,220,52,1081295,443260
4837,1168,803,3321,31670242,32445640,12598063,13501929,8245200,9373199,2021-10-06,17,3,104781,0,225,66,1443969,538545
4999,1159,806,3415,33641766,31783242,13175072,13595054,8740939,8391110,2021-10-07,21,7,23039,39869,203,53,1389809,665639
4930,1196,837,3396,33127383,33718313,14370341,13978270,8396670,8889102,2021-10-08,12,6,40798,126995,221,66,1500325,453323
4533,1090,726,3058,32025600,30076361,13241716,12051612,8253225,7574517,2021-10-09,12,3,72851,2917,229,52,1113909,706227
4199,1078,693,2979,31504705,28496675,11546688,12531187,9327920,7181265,2021-10-10,10,2,17914,10773,190,55,903518,623675
4590,1034,736,3149,30250240,28863021,11548344,11572468,8528289,7547431,2021-10-11,19,5,55651,65835,146,36,1174939,313434
5026,1075,824,3446,33587629,30617951,13810100,13132395,9445543,7603878,2021-10-12,13,4,66607,31729,227,65,1713697,795836
4990,1139,833,3384,32554348,33020734,14606710,13350502,7505660,9045551,2021-10-13,16,6,30760,181192,226,69,1093417,441584
5185,1191,856,3545,34581587,31664194,16325233,13576357,6835191,7682068,2021-10-14,13,3,77275,51740,199,63,1042764,698332
4881,1155,784,3324,33429138,31153467,13267391,13310548,10162548,8141693,2021-10-15,17,6,77465,75404,207,64,1770352,442838
4212,1072,634,2846,26100110,28625416,10157387,11174829,7986394,7589924,2021-10-16,6,1,0,8589,107,34,672480,253822
4429,1106,739,3079,31069107,28897996,12688674,12471886,7736732,7645820,2021-10-17,13,7,102132,145717,192,58,947845,452044
5385,1214,868,3660,36084712,33539596,15509625,14224451,8770719,8816216,2021-10-18,20,4,24237,87728,252,66,1584249,482214
4964,1163,821,3426,32663649,31745128,13720062,13375124,9139412,8674508,2021-10-19,13,6,59009,69325,191,54,973315,481212
5024,1200,827,3437,34801163,32872989,14650012,13555699,9521292,8938058,2021-10-20,20,6,178573,42649,269,73,2170964,660723
4994,1161,852,3441,34095070,30942067,15329964,13232873,8341587,8113670,2021-10-21,17,7,47126,245481,207,60,1402140,694241
4839,1131,808,3249,33660886,31295640,14477048,13390631,7166256,8616734,2021-10-22,15,6,36466,125825,251,66,1249235,661758
4750,1177,780,3199,32457588,34047303,14286926,13340929,7516271,9350314,2021-10-23,12,3,24859,71932,214,55,1463467,594938
4626,1078,789,3197,30521511,28877940,12254643,12722218,7938957,7229747,2021-10-24,10,5,117566,57364,201,62,1211473,664593
5290,1196,884,3576,34799186,33532557,15625740,14520658,8613713,8664502,2021-10-25,13,3,0,99183,225,61,1396847,439073
5113,1207,871,3520,35205764,32990664,15178440,13960891,10217639,8336598,2021-10-26,13,3,33554,17374,251,72,2111770,622333
5241,1192,857,3568,34356809,33592044,14837169,14399551,8915802,8748992,2021-10-27,14,4,78660,178154,252,66,1383991,753424
5157,1188,853,3553,31123607,34668856,13629885,14554888,7374373,8872456,2021-10-28,15,5,62338,74108,232,62,1215752,473927
4970,1135,813,3374,31136861,34039540,12724756,13919345,7780230,8820306,2021-10-29,22,11,79531,228832,237,62,1473044,577784
4729,1160,785,3198,30874931,33125143,13522630,13356675,7796854,9170849,2021-10-30,17,3,0,215594,249,73,1569991,616864
4691,1107,780,3210,30888366,30660537,13076249,12640457,7654085,8586952,2021-10-31,13,4,5089,91399,226,62,1303274,642023
5280,1187,814,3543,34883902,33683366,15623859,14507974,7741902,8907735,2021-11-01,12,1,15640,5429,263,65,1783931,394584
4882,1124,783,3336,31929604,31133538,14401391,11860096,7012495,9059526,2021-11-02,14,3,0,219467,225,70,1428668,644913
5223,1189,874,3563,32881701,31573657,15103881,13088401,7550165,8731784,2021-11-03,15,7,66119,55324,231,67,1175363,648625
5001,1185,782,3440,31353416,31987153,12766469,13096866,8138028,8639637,2021-11-04,10,4,9784,177715,223,77,1618555,790767
4917,1159,802,3389,31020438,31158953,13079516,12769267,8035038,8080520,2021-11-05,5,1,0,44622,188,53,1078948,449139
4513,1063,718,3015,30557815,31442177,12287937,13662231,7941944,7848898,2021-11-06,6,1,15640,5429,152,46,759715,876919
4110,965,579,2769,21863173,23362385,7179568,9590845,6076347,5945295,2021-11-07,11,6,73090,24746,65,13,472388,22601
4655,1067,696,3140,27365153,30454308,9448974,13388186,8176944,7801452,2021-11-08,17,6,79080,171704,89,28,481979,300870
5833,1293,1109,4018,49713223,37083790,24898768,16279847,10225821,9785345,2021-11-09,13,7,59015,233181,379,118,3642467,1454098
5011,1217,855,3451,35563759,32241097,15675135,13027199,9493772,9433950,2021-11-10,14,2,46529,0,243,56,1652731,416860
5096,1207,818,3429,34652520,31154033,13401675,11932911,8640102,8099319,2021-11-11,22,10,41586,152189,241,60,1164525,432142
5261,1274,883,3579,37337934,36296246,17057202,15206921,7875171,9552323,2021-11-12,12,6,66469,279621,259,64,1592196,570677
4996,1262,822,3362,36638073,32055572,15071706,13363845,8684918,9160796,2021-11-13,15,3,43959,51751,235,52,1355137,339990
4880,1158,767,3312,33327676,30351886,13108766,12379094,9141525,8421510,2021-11-14,10,3,86763,40828,226,49,826555,502566
5625,1254,909,3843,35690432,33682654,15228505,14560439,8524153,8450512,2021-11-15,16,5,41473,129934,246,69,1547324,509936
5363,1269,839,3638,39407940,33250618,17188275,12815453,9936768,10143079,2021-11-16,13,4,43360,86642,262,57,1811882,393589
5293,1200,841,3582,33361856,33151266,13675938,14108128,8888462,8087417,2021-11-17,13,5,2254,198028,199,44,1011732,337714
5278,1243,786,3580,34173996,30933891,12731269,12151524,9805775,8736061,2021-11-18,22,6,55284,170305,201,55,1086664,324107
5367,1270,870,3637,34439173,35068416,14665296,14934014,8381028,9166708,2021-11-19,15,3,65454,0,247,48,1316958,743650
4956,1181,860,3338,34873718,32310557,16431773,13598287,7654611,9135489,2021-11-20,14,5,0,89771,232,60,1429829,405492
4720,1163,737,3236,28328184,29771003,11455129,11784695,7304028,8026182,2021-11-21,12,4,0,81067,152,42,655638,348514
5119,1230,744,3456,29803654,31257943,11730183,12411634,8104371,8419129,2021-11-22,24,10,24558,109690,191,55,1830406,417463
5094,1221,873,3542,37313620,34339791,14399614,14540737,9793272,9433570,2021-11-23,10,5,61622,123289,257,74,1385502,898467
5217,1204,875,3565,35703430,33956898,14630659,13919276,8954076,8731218,2021-11-24,14,5,88355,11608,249,57,980747,497175
5211,1204,854,3540,35225958,32976319,14640793,15260943,8494050,7492900,2021-11-25,14,6,42067,64284,232,56,1584200,308593
5204,1222,859,3560,34634775,34753426,15530977,14404050,8551104,9615922,2021-11-26,13,2,77429,14796,230,57,1575425,596731
4724,1172,789,3232,34382252,30787525,15245423,13609021,8279924,7926465,2021-11-27,14,6,67632,63054,224,58,1608842,607301
4815,1172,766,3261,29374000,31283031,10737147,13641119,7968585,8801943,2021-11-28,12,4,65885,31028,211,45,852263,460959
5274,1206,855,3616,31754860,33775306,13055561,14581890,8623060,7869847,2021-11-29,14,4,205828,14773,194,49,1303653,257226
4720,1157,712,3172,27087057,28449211,10084924,11440184,8341955,7441587,2021-11-30,14,3,29645,96907,117,33,273561,462425
4872,1164,838,3300,35289390,32746101,14910485,14108620,8243267,7505875,2021-12-01,10,3,32880,54335,247,63,1512417,470266
5214,1216,893,3500,36233636,33130831,15911237,13216364,7972791,9398677,2021-12-02,22,6,28477,70784,240,69,1556148,497503
5144,1175,866,3452,34715701,30649839,14462349,13668524,9237124,7438991,2021-12-03,15,7,6019,124491,237,64,736522,782323
4799,1223,804,3248,32670824,32062624,15479155,12477660,7521408,9529473,2021-12-04,18,8,122968,272257,240,58,1594264,381494
4764,1142,783,3276,33856096,29761123,14754475,12111285,8488917,7318108,2021-12-05,9,2,51650,0,243,65,1470228,463492
5464,1274,862,3630,32505697,33570744,12319873,13904104,8869811,8104149,2021-12-06,9,4,37778,180841,236,65,1416825,548022
5126,1208,834,3518,34252229,30630553,13238757,13545890,9190097,7775039,2021-12-07,9,5,192278,4917,245,69,1344028,774751
4863,1191,841,3291,32463260,32275964,15229716,13638819,7109268,8733103,2021-12-08,15,6,32344,166499,250,71,1415701,564588
4990,1189,756,3346,31756018,32174494,13050313,13170250,7943551,8130069,2021-12-09,9,3,0,106285,163,39,833773,351042
5134,1227,883,3470,36146089,32541962,14853052,14299158,9871496,8704674,2021-12-10,12,6,65979,50736,287,69,1589916,616718
4860,1158,803,3260,33941560,33579382,15037669,13720354,8038637,9041975,2021-12-11,8,3,0,70249,235,66,1383419,553745
4812,1210,820,3337,29889030,30666699,12827637,13521799,7805787,8539918,2021-12-12,13,5,127020,220334,213,51,925709,376092
5547,1266,893,3761,36957539,32094278,15769969,14755425,9078660,7639740,2021-12-13,8,1,0,0,256,72,2191628,593370
5255,1204,873,3548,35704477,33406817,13894287,14558189,8677775,8427572,2021-12-14,14,5,71505,2992,238,64,1490340,778510
5287,1206,900,3638,35559427,35690845,16026571,15269056,8735187,8167708,2021-12-15,16,5,37449,6928,225,54,1602223,488813
5266,1296,815,3552,32209897,33220332,13763436,13185769,8737538,9304748,2021-12-16,18,5,28400,275609,208,62,1151885,613100
4697,1155,748,3206,28064958,33574239,10629601,14384498,7743937,8367776,2021-12-17,10,2,43184,54494,177,47,1016151,496296
4713,1143,761,3168,32707765,29845773,13151436,13189738,8230387,7817485,2021-12-18,13,4,15640,25642,256,72,1787135,728066
4831,1133,841,3293,32358469,33693833,13298053,14407148,7531647,8655292,2021-12-19,17,6,60445,302782,230,58,827470,647172
5673,1240,895,3796,38040694,36651889,15931308,16308611,7687587,8334380,2021-12-20,12,4,61918,13690,230,57,1620207,422933
5286,1171,815,3508,32282402,31779587,12916929,13874178,7742070,7624535,2021-12-21,11,3,8542,14664,224,51,1394442,432538
5209,1218,838,3553,35466184,34525559,14719821,15285055,8949450,8359875,2021-12-22,13,5,43546,280095,198,47,1080410,744918
5392,1236,880,3664,33704681,32225100,16097604,13577672,7311689,8530328,2021-12-23,12,2,76620,56662,239,73,1480283,420649
4664,1036,762,3104,28269559,30201410,11147934,13621362,7373392,7064800,2021-12-24,6,3,0,39657,166,55,1442680,366117
3957,929,650,2539,28638275,27838723,11104235,11929872,6511638,7063336,2021-12-25,21,8,40460,85723,180,36,1019212,556873
4412,1077,738,2950,29986726,32312206,12164342,14713301,7559016,8371027,2021-12-26,13,6,6450,117868,193,48,1341090,483040
5334,1160,916,3511,34842401,34971730,14559998,15278006,7895523,8157446,2021-12-27,8,0,0,0,247,71,1467490,759310
5083,1203,898,3408,36833736,33974916,16435117,14714298,7468442,8358811,2021-12-28,12,6,5503,89124,244,74,2282428,396201
4967,1136,754,3296,31881579,33036810,12866904,13260178,8543142,7944142,2021-12-29,17,4,6355,39157,203,45,1256785,236525
4676,1180,685,3098,31547895,31126126,11807037,12860000,8114933,8611278,2021-12-30,19,8,118833,81631,199,45,946410,445978
4047,987,749,2637,32682780,29252424,13768306,12762318,6318367,7430654,2021-12-31,13,6,60244,60385,252,73,1702309,624541
3725,977,659,2412,33636678,25952826,14822504,11224748,6963563,7208143,2022-01-01,15,6,205959,181042,214,56,1994334,457677
4017,1041,651,2639,31179502,27904938,11748120,11078880,8765335,7020563,2022-01-02,12,4,80119,0,215,48,892326,321368
4891,1153,800,3174,37356323,28144686,15785466,12288903,9162650,7405905,2022-01-03,16,3,34374,224405,239,70,1600367,516068
4920,1211,779,3275,35954762,29899712,15015163,11998125,8743101,8178205,2022-01-04,12,3,0,31367,236,60,1216690,534299
4993,1171,831,3371,35550601,31883428,15857374,13811575,8126395,7553354,2022-01-05,23,6,53001,61416,232,61,2089826,546339
4987,1193,819,3377,36815418,28574908,14311833,12029612,10560225,7159947,2022-01-06,11,3,57893,0,219,54,1425372,283944
5093,1228,797,3420,35846259,32128303,14758311,12371933,10539022,9190925,2022-01-07,10,3,30086,10020,244,66,1981831,380364
4643,1192,765,3107,35881050,30858653,13580440,12374189,10050997,8238994,2022-01-08,9,3,2890,47596,224,60,1232548,514569
4475,1139,717,3045,30214282,29796257,12340726,12258943,8165212,8769191,2022-01-09,15,5,105880,44579,215,62,1283736,515058
5435,1249,871,3621,38461125,32617409,16434069,12459651,10497268,8409735,2022-01-10,11,2,12278,19613,239,55,1369194,494270
5017,1238,786,3348,34084143,31948458,14277669,11422820,8399616,9381160,2022-01-11,10,5,97203,0,226,67,1268627,706219
5010,1235,811,3414,32510273,32568872,13630431,12927785,7258273,8728494,2022-01-12,10,2,12999,25803,224,60,1475573,549057
4751,1160,766,3230,35613242,30798488,14858290,12060776,9692163,8367552,2022-01-13,18,2,0,18222,200,59,1910613,439233
5032,1228,868,3376,38049484,31717263,15895993,13126646,8305224,8900815,2022-01-14,11,5,31963,203593,237,53,991153,563598
4808,1162,779,3202,32595823,29445402,13711674,11213045,7972549,8942518,2022-01-15,10,1,0,0,214,54,973886,355025
4698,1167,772,3222,33373785,32591257,14552682,13067162,8126107,9510694,2022-01-16,11,2,0,39548,234,59,1765332,712706
5323,1207,854,3564,33428748,32713685,13486264,12630527,8231807,8499547,2022-01-17,10,4,125684,27809,217,55,1402343,252185
5089,1277,786,3467,34397048,29348292,14076298,12804129,7990178,8052857,2022-01-18,12,3,5089,35138,223,48,1503862,315790
5085,1224,828,3483,33961676,31442802,14217569,12354501,8713401,9480587,2022-01-19,9,2,0,49603,240,59,1615054,363574
5097,1159,851,3439,35276511,33632010,14638929,14772277,9325409,8336865,2022-01-20,15,5,73555,61527,231,71,1193400,575026
4974,1216,746,3346,32390149,31008565,12022360,12664472,8140161,8753931,2022-01-21,14,5,93473,89592,227,57,727214,858358
4806,1176,810,3250,33166085,31833157,14315264,15175758,8342922,8010626,2022-01-22,14,6,40272,169603,233,60,1478643,554188
4836,1212,750,3299,30349409,30541724,11827942,12516876,8364874,8939442,2022-01-23,11,3,15640,88645,221,56,1241061,809932
5615,1222,877,3719,36687836,32460225,15818453,12684813,7640556,8160274,2022-01-24,16,4,14331,78549,239,58,1466441,341075
5232,1259,807,3535,32527165,32363662,13796880,12282970,7977110,9123766,2022-01-25,14,5,33097,29399,241,65,1124903,880199
5264,1249,825,3567,31135249,36586089,12834122,13631631,6713026,10208680,2022-01-26,19,7,91450,193986,220,55,1648042,679415
5267,1226,853,3510,33843755,34050933,13322718,14580556,8674686,9263401,2022-01-27,16,5,69466,35678,214,54,1190998,445202
5150,1217,775,3397,32180557,32571324,13257326,13634688,8923186,9390096,2022-01-28,15,2,0,58494,219,56,1434527,653524
4887,1208,770,3272,32554035,32629192,13583688,13975923,7218314,9267473,2022-01-29,15,6,0,172182,230,56,1166633,648947
4593,1140,726,3046,29997985,30336312,11739754,11869559,7905521,8569369,2022-01-30,11,4,60411,42120,215,60,951300,455541
4949,1119,750,3281,30823928,32640207,11660829,12726025,7459326,7701531,2022-01-31,11,0,0,0,182,47,1553676,361686
4841,1199,747,3260,31985401,29866411,12040934,12020355,7730545,9115767,2022-02-01,9,1,59779,0,217,58,1070969,655491
4978,1149,814,3393,33545301,30044971,13881262,12868435,8092070,7259110,2022-02-02,10,3,0,175118,210,63,658861,760693
5116,1280,798,3472,32013003,33981619,13288335,13498066,7224669,8992550,2022-02-03,11,1,0,3330,214,65,1005589,777863
4883,1175,809,3290,31959473,31325259,12998907,13386329,7916683,7581178,2022-02-04,15,5,38158,83322,227,81,1324729,1021666
4641,1192,729,3136,31158431,29728466,12625110,11918005,7656265,8527508,2022-02-05,13,6,86464,63119,194,53,1183825,400194
4508,1135,753,3030,35152896,30071805,14037639,11238749,10452677,8094405,2022-02-06,10,3,5089,40463,223,69,1291437,454413
5262,1205,814,3566,33475044,30800629,12686721,12984255,8763931,7123551,2022-02-07,18,6,15086,44925,176,50,1415153,207452
5096,1249,844,3504,32626071,31015510,15219898,12156393,8397236,8633378,2022-02-08,17,7,86301,109356,233,66,1202676,587671
5253,1194,851,3533,33851710,32672054,14136874,13656296,7075172,8574431,2022-02-09,11,2,0,62237,211,49,1176863,322463
4999,1200,785,3331,33325124,30877989,13370283,12225327,8639289,7639952,2022-02-10,12,1,0,13811,225,63,1445851,670386
5041,1211,799,3432,33292483,31098897,14287319,12573731,7671684,7957050,2022-02-11,13,4,85089,42131,212,56,1101424,369475
4820,1165,759,3221,32058224,30542761,12699610,12061580,7994888,8267094,2022-02-12,18,5,49484,56082,186,51,1313849,322289
4694,1168,711,3202,28149098,29149639,10883186,12108938,8295210,7395236,2022-02-13,13,5,50895,114109,203,50,1203345,299389
5436,1230,855,3642,35683259,33423563,15198549,13880317,8615417,7680296,2022-02-14,10,3,965,49561,201,50,1371527,391242
5354,1254,819,3604,35380237,30874257,14681996,13761902,8622143,7649017,2022-02-15,13,2,72429,164658,223,61,1280715,748532
4959,1182,798,3383,33028223,33554682,13535026,13635862,7432279,8529061,2022-02-16,15,2,31172,0,210,56,1317266,252321
5015,1204,815,3394,35149576,31693852,14039151,11613381,10588914,7950432,2022-02-17,17,5,21697,43974,209,49,1031198,457344
4863,1167,821,3315,32363457,30190835,14105861,13587265,7870481,7194049,2022-02-18,14,4,50502,111319,231,71,1511070,747233
4620,1087,769,3084,29380378,30223517,12343238,14633301,7157084,6752968,2022-02-19,19,8,146513,88118,165,43,672103,255582
4451,1158,726,3029,31738688,32196629,13263753,13621584,8136513,8306704,2022-02-20,7,2,0,176360,218,52,949107,348426
5128,1150,857,3450,32667258,30215594,13262367,13329765,8352518,7488987,2022-02-21,12,4,15640,54709,228,59,1626587,416978
5081,1242,798,3437,35027495,32784173,13882279,13223030,8535180,9136247,2022-02-22,11,4,6207,43629,221,56,1532949,266439
5191,1193,848,3536,33222023,34719920,12546714,15559123,8484076,8364947,2022-02-23,19,9,125230,259892,228,61,945914,610943
5170,1266,876,3596,33603634,31341116,14040073,12855978,9534635,8095610,2022-02-24,10,6,78922,38737,245,76,1229621,488356
5071,1171,794,3371,32685140,33711580,13162600,13575520,8180467,8477244,2022-02-25,11,3,2292,75655,210,48,1343919,180084
4916,1197,740,3252,30016998,32816360,11108619,14281475,7491620,8983259,2022-02-26,13,6,80952,83143,216,48,789990,304103
4875,1147,778,3310,31227325,32087109,13880234,12150049,6784517,9095547,2022-02-27,10,4,52173,3628,218,58,879214,520850
5396,1234,838,3588,38026278,34128870,16562203,13100957,9402192,8387673,2022-02-28,12,2,0,70872,217,53,1625532,288378
5090,1243,769,3419,32284480,35714737,12550972,13829915,8561260,9878543,2022-03-01,12,3,9865,0,221,58,595538,584134
5392,1266,899,3658,38829709,32842293,15595434,13150780,9619936,8788268,2022-03-02,18,7,57801,86067,228,45,737106,443064
5089,1211,805,3461,33844919,28539767,14181126,11389036,8594370,7381060,2022-03-03,10,4,48373,91224,209,44,1102248,339526
5035,1139,802,3421,30143003,29582351,12312913,12235943,7596802,8381638,2022-03-04,16,7,70083,111538,206,50,1237075,486469
4799,1175,761,3170,32629046,32466761,12867263,12957041,8886511,8367482,2022-03-05,10,4,40016,10232,224,53,1379698,512942
4823,1203,787,3288,31074390,31495904,12242492,13267872,7907102,8627766,2022-03-06,7,3,2938,39217,223,50,706364,576850
5487,1245,829,3670,34483419,33197398,13284046,12497735,8417170,9017411,2022-03-07,11,2,0,1757,254,67,1586032,507840
5298,1267,879,3632,35826663,33765615,15594442,13466911,7773176,10105170,2022-03-08,12,3,28012,26330,255,69,1509444,485511
5260,1303,772,3580,31112866,31809967,12494214,12062972,7423447,9120508,2022-03-09,6,4,50045,18722,213,54,875240,460139
5194,1248,783,3465,34571621,31220040,14302442,12502267,8612991,8672240,2022-03-10,14,4,0,89292,227,56,1754843,529727
4958,1202,793,3373,30468684,30483358,12436242,12570162,7623576,8244116,2022-03-11,9,3,16316,136060,197,49,1468788,625866
4541,1147,673,3021,29634243,30830623,10686784,12195696,8410632,8815651,2022-03-12,12,3,45392,48101,164,34,940536,270555
4763,1150,783,3273,28911774,31911050,11941557,14103017,7690647,8350885,2022-03-13,11,0,0,0,212,58,1290011,778633
5374,1220,820,3623,36185785,32415243,14849150,12452960,8390853,8700142,2022-03-14,13,5,76495,220564,233,49,1096060,210096
5202,1232,828,3585,35168225,30093136,14494707,13038344,9234267,8119095,2022-03-15,13,5,60890,77550,214,47,977778,315442
4998,1191,745,3350,31274816,28192704,11963410,11068444,8657517,8453364,2022-03-16,17,5,36622,3849,156,45,1190588,241973
4935,1146,773,3359,29726890,30965620,10116757,14242449,9031139,7369491,2022-03-17,10,4,49822,63760,173,51,658891,520621
4883,1135,786,3258,34719564,29531687,16002301,12828870,7777164,8505984,2022-03-18,14,4,25179,13661,224,57,665399,831903
4624,1175,743,3068,31124247,34623907,13237085,13490240,7715457,8359946,2022-03-19,18,6,82678,129403,228,51,872744,428696
4512,1136,759,3062,31854364,28725552,12789849,11997923,8319312,8159046,2022-03-20,12,5,0,277490,231,60,809394,317051
5323,1173,851,3583,32881087,36935682,13170752,15587833,8025497,8223854,2022-03-21,11,6,45522,160100,193,38,1025192,279652
5083,1217,776,3440,33942514,30586769,13905140,12834940,9631949,7562911,2022-03-22,12,3,4412,6329,225,49,1595994,508010
5055,1191,784,3431,36765290,31029039,14350597,12938259,9894657,8148950,2022-03-23,14,5,10452,52054,244,54,1512074,468230
5204,1226,849,3583,33589291,35709333,13474172,16362604,7725977,9106127,2022-03-24,11,5,169003,180946,224,57,844921,304819
5090,1159,749,3431,29918352,34655848,11612237,14355430,7720539,8809243,2022-03-25,7,3,0,115731,156,32,514763,376751
4523,1174,727,3032,31900589,30503198,13799847,12046088,8632924,9297078,2022-03-26,17,3,15640,30521,228,52,1247018,366935
4804,1159,821,3331,33647836,32198948,14039725,14484493,8251419,8576577,2022-03-27,11,4,105111,52453,225,47,1074697,681866
5521,1224,894,3726,38802247,35737804,15559505,15061688,10793752,8369112,2022-03-28,19,7,87543,183165,227,55,1392263,828139
5424,1245,852,3694,34706436,33614603,14554802,13643585,8901688,8785344,2022-03-29,14,3,42585,33745,217,62,1531055,713486
5225,1232,820,3575,32806243,33610071,14764882,12765095,7826295,9357961,2022-03-30,12,3,30569,6776,224,51,1021245,488583
5134,1221,807,3530,35098848,30078955,13716256,11388223,8666714,8581678,2022-03-31,11,2,47675,13690,218,58,1605004,783156
4731,1166,740,3197,31999192,29555463,13330269,11752380,7061874,8952624,2022-04-01,10,2,48969,33846,213,46,1176071,340045
4792,1200,762,3212,32936629,33096456,14025386,12658632,8283120,8932763,2022-04-02,23,8,53763,253738,246,59,1627655,615985
4655,1161,767,3204,31559368,28864015,13543388,11927472,7534442,8545836,2022-04-03,10,4,17373,22238,196,44,1219198,273754
5434,1249,888,3662,34045968,36587851,13690615,14427477,8757739,8899273,2022-04-04,10,2,30789,35294,243,62,2023205,304422
5059,1224,780,3474,36170367,32913652,14911754,12565465,10136831,8762137,2022-04-05,11,5,33477,254587,216,60,1790812,547601
5097,1177,807,3434,34490278,31431182,13630864,12423796,9164317,7863048,2022-04-06,16,5,64261,23459,184,42,775519,322183
5195,1246,831,3521,35705801,32691039,13974024,13344892,10188581,8455309,2022-04-07,10,3,39306,5735,210,53,1345984,521693
5199,1201,830,3511,33687569,31902282,14111675,12630140,8732351,8756966,2022-04-08,17,6,168090,33015,223,56,1855435,569194
4889,1208,763,3266,31903981,34672832,12169436,12900740,8458580,8440847,2022-04-09,15,0,0,0,206,52,977849,604322
4928,1185,802,3397,32851374,31595646,13171177,13528786,8016196,8256564,2022-04-10,15,5,21485,94133,157,46,675237,607038
5413,1223,812,3596,32848182,28491961,13702448,11030808,8068510,7621360,2022-04-11,9,4,75597,90631,203,56,1519258,403905
5058,1184,781,3457,31086636,31931967,13079946,12940483,7795364,8474163,2022-04-12,14,7,128912,92753,121,41,1049419,326568
5021,1229,740,3453,31666194,31108469,12446425,12863210,8365255,7644828,2022-04-13,17,4,37015,51039,154,30,793701,262742
5129,1183,844,3491,35408094,32493720,14449281,14066191,8807549,8032267,2022-04-14,11,2,0,43392,214,60,1490876,825522
4797,1173,749,3191,34647826,32218488,13344227,12575859,8667846,9062784,2022-04-15,19,9,45857,357571,227,43,1463703,397544
4631,1161,769,3094,34669212,33227226,14631127,13119234,8605884,9053491,2022-04-16,13,4,43502,201274,230,67,1864668,471995
4751,1157,783,3197,34282051,33244061,14438786,13040286,8346935,8265898,2022-04-17,16,5,2316,86223,213,47,1004396,579494
5357,1245,857,3571,36200335,31564525,15599563,13118372,8744480,8173231,2022-04-18,12,5,31848,258233,211,58,1393148,304002
5246,1182,885,3556,36757604,33932366,15967440,14218383,7643611,8215903,2022-04-19,14,3,113307,78004,215,52,1666881,317394
5243,1223,812,3546,35419399,32759043,14214296,12585203,8695807,7915059,2022-04-20,15,7,24082,69880,216,55,1528960,510324
5274,1202,839,3627,33860758,33147433,14399753,14033495,7722338,8933035,2022-04-21,8,1,1960,0,231,60,1180363,837362
5284,1204,857,3568,36874027,34164118,15337181,14777252,9265515,7980941,2022-04-22,12,5,75398,52490,213,54,1131404,390524
4834,1175,815,3214,33796411,34026060,13887934,13055325,8351870,9365359,2022-04-23,17,6,83813,130821,200,53,1361036,369644
4761,1134,776,3210,31549821,31901100,12592659,14022450,8057645,7609780,2022-04-24,11,5,43340,85190,191,58,1766783,466414
5463,1249,743,3649,30577105,33628189,10996808,13767276,8261207,8360032,2022-04-25,15,7,29444,65732,147,38,667255,794934
5238,1249,848,3606,32882593,34210160,13545562,15402904,7582028,8498454,2022-04-26,9,2,23011,0,228,67,1678477,844880
5471,1265,888,3697,38448098,35687824,16656872,15098952,9611580,8753693,2022-04-27,12,2,25602,0,222,61,1156971,751982
5284,1283,821,3562,34400238,32364437,15398045,11843359,8556763,10346477,2022-04-28,10,5,29450,225688,236,73,1647962,944219
5011,1192,804,3398,33345630,33883860,13143661,13655070,8692397,8973655,2022-04-29,16,4,113643,115713,217,54,1609085,251730
4665,1168,753,3088,30266054,33063762,12737956,12920720,6858841,8594514,2022-04-30,13,6,66783,87702,227,54,980590,397887
4570,1072,752,3059,30752356,32578858,12927545,14669208,7488625,8739440,2022-05-01,17,9,73544,22228,216,59,1475632,965897
5235,1217,835,3488,34994210,32765375,14406520,13123258,7993368,8482549,2022-05-02,11,2,36786,29634,212,55,1245553,604475
4792,1199,751,3253,34894560,32145919,13364740,13716126,9563925,8401879,2022-05-03,11,3,2890,75056,213,53,1380204,519121
4811,1191,720,3194,35105253,31378489,13330351,12451543,9054867,8135380,2022-05-04,16,4,88960,9879,192,56,1710861,887722
5106,1223,870,3479,30899850,32597236,13525108,14302315,6685659,8182924,2022-05-05,14,7,113197,155801,217,55,874017,643233
4809,1146,749,3221,34033005,30068524,13800929,13066817,8637656,6763667,2022-05-06,17,5,128206,0,122,32,1198545,230265
4734,1215,762,3165,35285114,33800865,13998049,13808353,8841693,8163652,2022-05-07,17,5,5089,93905,232,64,1093775,675823
4841,1203,773,3287,33364744,30165163,12387188,11551280,10280839,8357366,2022-05-08,12,4,7979,93161,214,53,1304434,699507
5359,1240,854,3613,33967056,34408356,14205102,14358149,8363264,8785929,2022-05-09,17,6,77465,287029,222,51,1257438,293487
5122,1227,855,3515,36326858,34078487,14303444,13256985,9738636,9351527,2022-05-10,13,4,17914,55229,233,62,1226854,959521
5164,1238,773,3463,33998341,33221251,13236894,13289025,9494303,7577798,2022-05-11,19,7,12096,128424,202,50,657751,423323
5080,1151,805,3459,35273641,29584443,14373950,11849220,8673140,7635705,2022-05-12,10,3,15640,100788,184,54,1411819,253368
5000,1221,811,3396,36982008,33968994,14394681,12839516,9920984,9514863,2022-05-13,16,6,86943,57872,211,48,1075654,720274
4870,1214,832,3299,35369062,31062314,15465222,12724633,8585635,8887426,2022-05-14,7,2,15640,5429,229,57,1294020,381041
4848,1195,789,3335,33003030,29893608,12346849,13619222,8803281,7155997,2022-05-15,16,6,94081,135106,217,63,1644594,477868
5478,1270,824,3688,34379411,35360068,14511869,13627373,8240253,10224749,2022-05-16,10,0,0,0,217,50,1740286,442519
5410,1266,853,3648,35798954,32599231,12910219,13191687,8938970,8894285,2022-05-17,14,3,68550,61917,206,43,686848,322639
5208,1226,768,3494,30605868,32134400,12288726,11737188,7906573,9014893,2022-05-18,11,5,120883,58969,210,48,893073,548680
5357,1291,833,3650,32785682,34615571,12735061,14496737,6957655,9343745,2022-05-19,17,6,25630,122740,250,71,1572797,873505
5291,1293,885,3606,37101169,35628533,14938544,14683850,11762712,9051001,2022-05-20,6,0,0,0,199,49,1035091,321109
4874,1223,793,3286,31935097,33737505,14235116,13261469,7001060,8805920,2022-05-21,10,3,0,35082,221,52,1611799,435482
4880,1187,805,3359,34650451,30252869,13154064,12693676,8217870,9067237,2022-05-22,8,3,58541,29969,220,60,1199596,409350
5649,1267,909,3859,36050385,34281932,15579536,14422745,8150979,8114796,2022-05-23,11,3,32201,44550,227,58,1295557,483788
5212,1251,838,3573,32773122,33962074,13213264,12837046,8019768,10266012,2022-05-24,10,3,0,38300,212,60,1488261,546914
5343,1272,834,3643,35116514,37368758,14623630,15855628,7961291,9144445,2022-05-25,19,6,46419,41224,205,51,1189238,640316
5343,1300,857,3623,32784345,34831905,13582696,13736502,7945726,9687113,2022-05-26,14,5,27834,175647,227,55,1385141,464764
5177,1270,827,3550,33569071,34190901,14675428,14406147,8923879,9070100,2022-05-27,19,6,60029,138675,205,47,1199259,335426
4955,1201,792,3312,34457372,34117969,13041467,13925588,9480005,9392478,2022-05-28,15,4,6098,96723,232,53,1181728,547663
4900,1225,807,3399,33181452,30495825,13817916,12363913,8437937,8735237,2022-05-29,15,9,156678,39675,213,59,1199831,531588
5376,1251,817,3658,32315192,32888767,12697513,11866558,8190371,9687712,2022-05-30,11,2,0,107920,223,47,635321,320188
5270,1272,880,3602,36207575,34043161,15074755,13877581,9656743,8692606,2022-05-31,19,5,67527,100718,248,67,1626838,583280
5258,1236,813,3605,36338929,32490966,15509101,13573696,8420401,8722447,2022-06-01,14,4,30225,170094,198,40,1278832,392664
5246,1266,794,3521,32160537,30079429,13540995,10497795,7832566,8191947,2022-06-02,19,3,37795,15509,158,47,1304906,426809
5206,1252,822,3512,31622659,31984869,12975822,13241074,8251763,7895430,2022-06-03,9,2,2890,25612,177,44,497154,446455
4758,1181,728,3175,30058952,30164501,12329793,11500186,7452234,7917297,2022-06-04,12,3,32935,218729,134,38,871372,435313
4704,1165,776,3223,34686550,32658848,13685102,13456362,9945715,9344130,2022-06-05,7,2,14575,29541,256,65,1945573,415682
5241,1252,803,3527,35773358,31818656,13827414,13591356,10147547,7789132,2022-06-06,15,4,124100,0,228,59,1437999,548849
5061,1239,806,3487,35861656,33402425,14044751,14187401,10522387,9254701,2022-06-07,15,4,28639,98224,224,52,1096527,573944
5313,1284,847,3623,34833560,34423304,14867669,13568506,7582410,10266289,2022-06-08,15,5,63515,122830,243,59,1214771,506743
5454,1274,898,3682,36735628,34180417,15272586,13776123,10117038,8976623,2022-06-09,12,5,65236,119605,243,66,1606124,687263
5213,1276,817,3545,35190387,34551234,14295418,13206519,9499434,9364892,2022-06-10,14,2,33963,103280,235,57,1278613,346848
4907,1232,735,3270,33489695,33495626,12860682,13679943,9137274,9222101,2022-06-11,13,3,31677,107098,233,60,1154778,791272
4775,1252,762,3341,31367771,32352946,11892609,14094314,7996835,8849702,2022-06-12,8,3,35843,67567,213,55,1475353,450784
5617,1289,884,3825,36374785,34432640,14866880,13709230,8297616,8773564,2022-06-13,16,5,6450,173419,229,56,1112231,232007
4986,1230,793,3420,34590973,32177213,13212407,13447612,8793781,8196013,2022-06-14,10,1,0,7172,222,53,1313648,430268
5194,1267,850,3541,36722628,31296180,14786328,13820368,10337522,7890889,2022-06-15,14,6,127930,54053,241,59,1462149,416398
5400,1291,827,3680,33319192,34538332,13316064,13360705,7800643,9505856,2022-06-16,17,4,21847,55985,214,51,727468,388475
5386,1300,905,3661,35330226,36678129,15439300,14496296,8693893,11220744,2022-06-17,11,4,39900,41648,252,71,1808739,620441
4849,1193,782,3242,37244534,34191110,14448206,14424179,9078989,9606531,2022-06-18,20,6,41198,196753,229,64,1519129,857318
5019,1263,799,3488,31988027,34043558,13134256,13651202,8077036,9337684,2022-06-19,8,4,24060,103483,196,39,979827,281290
5482,1251,884,3739,34155974,35265053,13551871,15688415,9345849,8807232,2022-06-20,14,3,6386,8000,212,54,1278937,804493
5322,1300,854,3651,34470396,33234754,14575000,13839283,8153761,8325163,2022-06-21,20,9,108739,52431,233,53,1061797,361386
5360,1266,831,3689,33861102,34790814,13734374,13268707,9903847,9197025,2022-06-22,10,4,43462,120985,229,59,1865281,468868
5231,1268,840,3586,36453973,34802608,15102239,14992290,9702787,9095296,2022-06-23,7,2,0,72351,240,62,1643334,677126
5127,1242,846,3520,35680432,33773858,15368501,14525775,7813436,8264389,2022-06-24,18,7,77630,63120,237,53,698656,680390
4881,1247,767,3266,31392210,35676475,14171950,12684642,7241464,10783117,2022-06-25,12,1,0,30359,228,52,1577265,332647
4864,1180,816,3382,32340959,32415023,13037511,14462486,8776492,7182683,2022-06-26,13,7,66891,142933,187,46,942179,740640
5497,1242,871,3738,32762683,33813618,14407656,13769811,8523634,9522410,2022-06-27,10,4,5089,73782,193,50,1527162,305716
5274,1222,836,3592,31383147,33877716,13083774,15029936,9012014,8633525,2022-06-28,9,1,0,23614,210,36,815213,305475
5286,1241,834,3621,34098550,35271752,13025752,14203953,8958090,10421948,2022-06-29,18,5,16059,122907,231,65,1620341,641781
5255,1236,811,3596,35339635,31003957,13731428,11162605,8226924,8273140,2022-06-30,10,3,0,55332,223,51,945571,401923
5211,1224,864,3538,34939478,33983193,14822331,14695542,8702402,8116001,2022-07-01,13,3,26667,182208,211,50,1354001,473288
4700,1112,764,3151,30838160,29842180,11619056,12049267,8911889,7925122,2022-07-02,9,0,0,0,229,55,1062182,468227
4766,1207,773,3282,34168298,30645683,13243731,12564266,9957732,7691678,2022-07-03,9,4,20414,42987,217,53,966639,340578
5434,1243,887,3650,36945585,32949415,16418293,13743654,7999711,8537552,2022-07-04,19,2,98771,0,259,56,1758903,413237
5086,1258,755,3465,33335526,31261921,13768348,12443232,7478932,8700353,2022-07-05,11,2,0,9682,220,49,1193869,405990
5102,1242,797,3470,35083453,29282459,14734548,10980143,9316506,8019763,2022-07-06,11,2,35663,52879,213,57,1016566,573860
5396,1303,838,3669,35884337,35274918,15362584,12633992,9064729,9265751,2022-07-07,17,9,215869,109991,260,62,2210961,488672
5135,1232,818,3483,35697438,30913339,15402599,11854581,9084081,8722527,2022-07-08,8,0,0,0,240,67,1391254,490381
4664,1194,730,3120,32787740,31417176,12531198,12477971,7894154,8282361,2022-07-09,9,0,0,0,219,64,985125,923635
4801,1216,781,3319,32592648,31597256,13547430,11443452,8392976,9297531,2022-07-10,14,6,45474,83343,217,43,1014415,198212
5541,1280,825,3680,37276467,33406769,15440767,13282293,8842717,9520009,2022-07-11,9,1,0,27252,204,41,1150472,412625
5251,1307,775,3604,33714726,33551662,13717779,12384225,8440109,9543617,2022-07-12,13,4,54007,38154,231,56,1877121,715873
5202,1250,791,3561,33008115,33745628,13429958,13145314,7887224,9854303,2022-07-13,14,5,27928,127089,231,48,1263457,343316
5199,1257,826,3480,35098247,33261604,15446623,14208218,7999672,8259550,2022-07-14,11,5,77421,115526,240,48,1227532,454654
5150,1265,769,3428,34834667,33902188,12706215,12939350,9637330,9088748,2022-07-15,16,5,39559,4887,226,48,1366327,417683
4738,1209,764,3176,35634143,31113714,14059701,12738675,10711381,7943488,2022-07-16,17,3,144162,0,226,60,1329073,651121
4829,1231,760,3286,32829695,33249440,13958802,12075448,8308442,8966736,2022-07-17,10,3,48430,0,224,55,1469358,606700
5534,1324,839,3685,37167581,33931751,13773463,14120287,9753662,8279492,2022-07-18,18,5,0,107221,220,56,1076092,611025
5225,1236,880,3551,35175993,33153467,16376773,12467402,8107901,8700359,2022-07-19,21,8,29644,19379,246,62,1660769,414490
5225,1260,751,3466,35596509,33708889,12655003,12977330,9133240,8259875,2022-07-20,18,6,36008,143631,238,47,1087127,497063
5374,1312,838,3656,35354505,32626443,14773439,13757277,8969779,8749607,2022-07-21,15,2,15640,28658,242,57,1360869,540193
5261,1253,833,3508,34792279,34199550,14802422,14399758,7659131,8272807,2022-07-22,14,4,168073,0,246,62,1691156,458290
4833,1232,737,3257,31527588,34237147,11706440,13309783,8147212,10491649,2022-07-23,14,5,30913,68644,215,46,716230,627826
4973,1208,790,3365,33817195,34563773,12497528,13928730,8939307,9623937,2022-07-24,14,3,0,113668,205,54,1425156,533001
5563,1266,856,3756,34954317,35752471,14376135,14488313,7683498,9873232,2022-07-25,8,3,38523,55526,260,65,1756582,615270
5401,1302,853,3729,32105588,34475833,13389114,14405188,8666129,9001869,2022-07-26,15,4,26798,190375,237,60,1295524,293719
5386,1293,843,3684,35477372,33708811,14291144,13943809,9166666,8578445,2022-07-27,11,4,32614,164904,230,52,1305852,408858
5306,1292,805,3603,35334664,33671715,14713003,13073251,9011210,9530692,2022-07-28,16,5,76074,83444,221,52,1542461,339234
5253,1289,805,3574,32708246,35387299,13083697,14961184,8659942,8464589,2022-07-29,17,4,17914,84354,241,59,876694,754955
4684,1220,753,3164,35266562,30297315,15000113,12486850,7995922,8173804,2022-07-30,16,3,0,124370,224,62,1485436,478760
4715,1170,763,3232,30690458,31898870,11935329,13731448,8561817,7531981,2022-07-31,12,2,0,84818,196,56,1352680,599876
5496,1297,871,3714,35296511,34207256,13938849,14381618,9882457,8361862,2022-08-01,8,2,35152,32753,242,60,1453531,599540
5283,1266,802,3630,33781256,30323678,13479726,12298108,9273920,7955800,2022-08-02,19,5,178609,2748,220,55,1252379,294016
5195,1251,803,3530,33056238,33233346,14291249,12441437,7876570,8542940,2022-08-03,13,5,33481,22134,216,64,1345420,445153
5395,1296,852,3633,34898486,35049115,14545722,14763969,7839534,8484829,2022-08-04,20,7,47086,160017,237,56,991611,588453
5347,1282,823,3567,33099428,34330109,13401019,13454028,7714393,9464205,2022-08-05,14,2,0,22093,247,67,1457090,742707
4884,1247,773,3269,34621073,31466876,13959417,12454227,10266348,8797135,2022-08-06,16,3,0,5249,221,44,982307,373609
4784,1219,742,3305,31433339,30287990,12595799,11276325,8478728,8594621,2022-08-07,14,5,35594,241443,217,58,1383673,492680
5528,1356,812,3736,33552948,35176528,12807567,13758213,8305575,9499803,2022-08-08,11,1,0,0,215,58,1753957,359305
5029,1227,724,3383,33693712,30234751,12803035,11685612,9614246,9240159,2022-08-09,15,3,39874,48209,221,39,1009774,298800
5005,1214,769,3365,34234121,34609481,14207310,13871068,8734784,8363340,2022-08-10,19,6,2890,180624,228,58,1412757,526058
5265,1307,866,3567,34479797,34236722,13811537,15460756,7822426,8619171,2022-08-11,17,3,63759,91847,239,59,1599523,540406
4912,1271,738,3277,32514163,33389229,12246695,12482949,9186321,9225599,2022-08-12,13,4,49373,70785,234,51,953205,571986
4654,1279,732,3108,33630425,32286106,14288448,11740077,8652342,9656320,2022-08-13,18,7,46576,107946,230,59,1430756,651787
4569,1195,711,3095,30379006,32332359,12658047,12955312,8224456,8335153,2022-08-14,7,3,17881,35837,197,48,1675857,416131
5397,1261,863,3546,35106333,32940594,15266396,13165704,8231849,7883979,2022-08-15,9,3,17914,24034,243,72,1746821,864976
5163,1251,789,3494,33479763,33973293,13727984,14162865,8498121,8070185,2022-08-16,8,5,30459,40970,247,56,1026623,791102
5280,1289,831,3535,33996801,35554125,15229084,13268405,8113010,10226811,2022-08-17,6,2,0,37516,223,50,1280491,436479
5329,1360,799,3589,37144292,32275056,14467247,12792534,10601496,8848448,2022-08-18,12,3,30837,77007,213,60,1500825,465109
5206,1292,835,3520,36345902,34183441,15853697,13505626,8502977,8719604,2022-08-19,16,7,83385,42152,225,46,1482851,288468
4769,1249,751,3208,32592520,31382309,13693632,11856963,7340846,8243421,2022-08-20,13,4,78027,63707,225,65,1539456,244174
4969,1253,800,3387,32493580,33615333,11961404,14359815,9806415,7805955,2022-08-21,19,4,15404,39958,235,46,1192841,373096
5597,1315,828,3784,35527324,32459768,13207234,13382834,10225511,8199483,2022-08-22,18,5,5089,179669,239,54,898942,453646
5235,1296,805,3578,31560034,32861328,12635478,13978095,7743631,8619469,2022-08-23,14,3,5089,92778,246,63,1586789,640633
5108,1239,795,3478,32741586,30185242,13099366,12254292,7924607,8154488,2022-08-24,18,9,103036,51151,226,56,1644215,627306
5379,1287,842,3600,37325047,34663940,15059142,14551639,9207507,8475108,2022-08-25,11,5,93417,1460,222,50,1127710,290535
5327,1286,849,3540,32647281,36201427,13653441,15440759,7611619,9588050,2022-08-26,21,3,61571,56747,248,55,1794321,534197
4852,1216,775,3273,35504088,34399679,14847358,13664349,9498706,9015138,2022-08-27,16,7,0,315939,239,62,1756282,841206
4957,1247,810,3415,33908891,32369338,13733692,14826530,9740541,7642938,2022-08-28,13,5,154957,550,201,47,886951,255876
5546,1324,831,3759,36396632,32422554,14255254,13215760,9673962,8608185,2022-08-29,15,3,0,6451,236,57,1024724,493956
5289,1269,840,3657,33784601,33329942,13784705,14774250,8110551,7538275,2022-08-30,17,3,72896,14180,228,59,1775541,725528
5289,1310,870,3636,34804402,34048147,15816265,13279447,7633475,9015729,2022-08-31,20,8,48286,165358,232,64,1892024,603722
5420,1358,805,3675,32925347,36086524,12349718,14365040,9014117,9859658,2022-09-01,16,5,74340,61571,215,41,785004,321727
5033,1231,847,3446,34254539,32876841,14256588,13684152,8413296,8408850,2022-09-02,12,4,53182,56997,190,53,785107,624219
4610,1158,684,3085,28424161,30120613,11133037,11768236,6939869,7259550,2022-09-03,15,4,91085,72818,108,35,993942,211064
4159,1075,572,2827,26232012,30163737,8993179,11702034,7299913,7560530,2022-09-04,8,2,5089,71804,67,20,832361,287540
4453,1066,638,2990,27164574,28969414,10521627,11714257,5447771,6568305,2022-09-05,22,9,120190,202358,80,23,594845,285001
5079,1247,824,3481,31864487,34969271,12357226,14517509,9307399,9052084,2022-09-06,14,5,37052,103174,283,76,1501543,707823
5416,1294,896,3717,40629513,34283680,16307590,14946609,10257935,9189308,2022-09-07,14,7,5480,217917,260,62,1868134,286313
5506,1292,869,3662,36737148,33268463,15956431,12575410,7899981,9162606,2022-09-08,14,7,90027,229771,234,53,1630512,374074
5346,1299,859,3586,35686478,34952217,15154133,13429344,10099292,9856395,2022-09-09,14,3,37512,27071,272,66,842339,672801
5016,1255,805,3417,32576236,34237083,12857340,15005608,8076785,8204729,2022-09-10,14,3,61226,22196,246,61,1535027,493771
5060,1236,799,3426,32864792,29486835,14235641,11824453,8092526,7774125,2022-09-11,14,6,36169,113169,250,68,1699171,630568
5596,1336,877,3810,37528744,34348035,13466590,14488976,10952287,8386145,2022-09-12,10,1,0,14564,237,66,1052189,517617
4974,1239,720,3362,31899942,30086077,11767482,11483162,8501700,6894516,2022-09-13,10,2,31379,33727,120,32,1061956,248285
4897,1135,734,3356,27752129,30685123,11238394,13395750,6815808,6570809,2022-09-14,12,3,15640,97276,37,13,557161,268109
5183,1275,781,3524,31397164,32770765,11779585,13272105,7830897,8850383,2022-09-15,16,5,83178,46038,221,61,796192,681803
5238,1286,830,3518,36501237,32245321,14896218,13855738,7949758,8295118,2022-09-16,18,5,125631,38483,304,90,1546479,874985
4666,1205,798,3151,34625050,33462519,14406495,14670964,8126988,8533404,2022-09-17,7,0,0,0,279,72,1701255,334756
3879,1084,629,2654,30549005,29788039,12513729,10942647,8615709,7735535,2022-09-18,11,3,5089,47310,226,51,1340054,305881
4612,1190,772,3193,30195361,33829136,12879358,15356762,8059400,7792902,2022-09-19,15,7,161764,79894,189,40,761126,419935
5375,1333,846,3698,38304213,33311202,16720295,12783624,9706980,9575088,2022-09-20,16,7,36154,91250,263,61,1844834,459433
5442,1305,901,3762,34912027,34572614,15440357,14778522,6962119,8623553,2022-09-21,14,7,110185,178998,246,65,1678984,444051
5320,1310,810,3560,36361353,31693307,15801352,12862041,8521898,8910478,2022-09-22,21,6,57679,68435,230,53,1063586,474537
5197,1341,830,3544,32064402,35383721,13124700,15261625,9063099,9015119,2022-09-23,13,4,10187,105422,255,65,1278091,687698
5065,1274,819,3390,35269991,34163981,14869174,13746436,8625912,8340932,2022-09-24,13,4,0,14404,260,65,1764483,614045
5146,1285,849,3536,36614405,33331661,14668812,13900001,8665030,8744730,2022-09-25,16,6,240999,32938,241,56,1675900,650920
5761,1340,908,3929,37175164,35561468,16197123,13268401,9068246,10180028,2022-09-26,7,3,33554,42254,238,74,1624940,475912
5290,1278,841,3639,34528227,35157426,13716121,14208197,9516088,9817503,2022-09-27,11,3,0,87094,259,59,1567310,577881
5308,1280,868,3602,35935980,37358373,15786263,16394231,8634115,9816526,2022-09-28,18,7,5089,154575,230,52,783568,883861
5523,1320,867,3817,32563535,34345643,12787287,14252951,7998011,8538547,2022-09-29,15,8,31101,435522,233,73,1329517,627925
5461,1300,854,3667,37597965,36410232,15032523,13555763,9780623,9289352,2022-09-30,15,4,45649,17176,265,61,1281165,393308
5126,1239,797,3411,35890597,33106654,14828326,12652899,7240275,9214269,2022-10-01,13,5,20832,106643,262,69,1507588,1108375
4777,1236,800,3328,29097939,31673741,12421826,13230945,6344198,8417343,2022-10-02,15,7,125848,118997,227,61,1363321,694658
5553,1296,818,3730,34660405,28639343,12373688,10105995,8918516,7796755,2022-10-03,15,2,4540,0,212,59,841526,284059
5167,1267,803,3524,31384346,34499491,12863887,13735079,7284657,9444227,2022-10-04,13,4,67607,22570,170,45,1120742,508975
5250,1293,852,3557,37255921,32870294,16109534,14087860,8526670,7443833,2022-10-05,12,2,46269,14796,222,60,2277672,402994
5243,1308,793,3591,33683999,31468649,13046927,13012719,7900779,8029699,2022-10-06,12,3,7471,115245,240,59,1822942,435045
4995,1267,781,3407,32403228,33058068,14179279,13929294,8356828,7287143,2022-10-07,14,6,109146,166673,225,59,1212369,437230
5033,1289,798,3385,38342451,31063080,14921331,12475868,9792282,7958087,2022-10-08,12,1,0,3727,234,54,1804815,340194
4454,1179,660,3035,27156867,28217100,11309640,11072948,7211994,6707874,2022-10-09,15,7,18049,106515,137,43,1076355,207753
5290,1268,856,3580,35338040,32292086,13311911,14323188,10284154,7174456,2022-10-10,10,4,94279,37437,214,55,866924,813432
5324,1303,872,3649,38505342,32785819,16711731,14471832,8850626,7546921,2022-10-11,15,6,15570,78836,247,64,1611311,399127
5429,1284,854,3684,34377972,33766552,13664513,13236204,7386812,8636605,2022-10-12,12,6,138968,24926,242,62,1380434,881735
5259,1285,812,3604,33045442,32918342,13717983,13402092,8373128,7754900,2022-10-13,14,3,15640,62488,244,73,1485965,804381
5233,1277,831,3541,33003424,32992088,12783308,14619685,7816888,8643467,2022-10-14,9,1,15640,5429,239,54,1493437,539692
4965,1277,731,3340,32970810,31550044,12423418,12006762,8354505,8900998,2022-10-15,12,7,14707,307751,213,53,1086835,190147
4799,1208,773,3304,29844557,30870362,12482842,13652353,7245734,6963151,2022-10-16,12,4,61005,73585,230,63,1395241,914149
5257,1214,823,3511,30261971,31064829,13278755,12789461,6255816,7375337,2022-10-17,19,3,0,127839,166,50,1367317,430233
5202,1288,805,3580,33183687,32950856,13510544,13853642,7731408,8580966,2022-10-18,11,4,91911,84170,223,62,1763928,521868
5244,1237,789,3471,31859404,33733780,12777244,13138653,7384659,7670466,2022-10-19,18,4,32539,118549,218,57,1147445,307353
5336,1268,809,3603,34725893,34278019,14590513,14258195,7822834,8865142,2022-10-20,18,6,32935,39344,239,73,1750355,661622
5284,1277,856,3570,35711792,32135210,14314792,13670059,9900005,7610792,2022-10-21,16,4,0,27724,227,51,1669166,276389
4902,1214,790,3298,33985249,34591675,14973625,14672973,7344186,7505967,2022-10-22,13,5,43737,134732,236,52,998955,600762
5002,1256,791,3451,35262112,28288404,14972880,11281417,9149167,7135613,2022-10-23,11,5,43056,116479,210,44,963540,496282
5660,1346,834,3863,36581071,33347388,14416407,13918845,9384880,7617469,2022-10-24,14,3,54389,5849,243,54,1433485,464116
5313,1362,887,3731,36246830,34591218,15816829,14855804,9032467,9687284,2022-10-25,8,1,0,1487,252,67,1615688,695247
5342,1347,794,3665,33462198,35049278,13740135,13855557,7977773,9912660,2022-10-26,12,4,6606,48253,241,56,902130,590572
5428,1306,829,3706,32987232,34476450,13685015,14655266,7793981,8739439,2022-10-27,19,4,17914,155674,245,55,1499518,562554
5423,1403,871,3736,36178302,34751147,16223820,12753677,7437480,10322482,2022-10-28,14,8,139893,108955,279,69,1548064,499310
4904,1237,768,3318,32742418,33278628,11862155,12708486,9551988,8649434,2022-10-29,13,2,5089,15324,250,59,1320361,549568
4912,1276,782,3383,33434038,34819199,13374104,13729791,8782717,8911609,2022-10-30,12,4,43538,30646,248,70,1921638,431612
5422,1321,806,3672,33631663,31175058,14449530,12940190,8745932,8071424,2022-10-31,11,2,17914,102620,249,66,1274374,707544
4847,1115,806,3338,33112743,29487170,14434446,12625075,7490233,7218826,2022-11-01,12,4,3829,55370,227,46,922674,372089
5032,1223,759,3359,32880932,30212327,12434099,11630866,7783308,7790886,2022-11-02,7,2,28738,27086,229,61,1028013,602711
5299,1355,802,3609,35811371,31390826,13514517,11938294,11385540,9242506,2022-11-03,17,5,69084,180146,253,64,1394340,466060
5328,1344,812,3582,33471211,31926965,12886761,13564391,9484135,7431496,2022-11-04,19,8,86571,153639,226,61,1048411,413623
4980,1301,807,3387,31390591,30075084,13124244,12680983,6882140,8155039,2022-11-05,13,2,0,98018,239,66,560267,720986
5017,1279,825,3488,32814343,31351858,13851437,13672430,7885761,8092394,2022-11-06,15,4,0,34774,229,52,1481115,385355
5489,1291,866,3739,35986073,33361005,16422522,13688517,7793995,8859126,2022-11-07,13,3,0,78502,280,63,1716020,489204
5279,1318,872,3661,34310593,32342071,15549150,13107150,8673620,8309056,2022-11-08,14,6,131335,13638,265,76,1775938,654208
5172,1285,816,3542,32532653,32450826,13139009,13004746,7905555,8389478,2022-11-09,15,3,2089,33183,258,68,1816432,714506
5256,1308,798,3621,31718543,33890969,12870910,14894994,8470022,7741483,2022-11-10,14,5,58777,41991,196,45,856129,318926
5255,1367,789,3571,32563698,36479324,12400623,13876821,7848609,9794138,2022-11-11,19,7,5089,47008,211,59,1654823,381592
4806,1212,743,3203,32386362,29212033,13044897,12655226,7755085,7766470,2022-11-12,18,5,38112,112623,225,63,1563244,631488
4819,1275,749,3333,30666102,32139774,13173055,12593529,7470449,9809607,2022-11-13,9,0,0,0,267,49,1153839,369556
5725,1375,939,3865,38863209,34507349,17442657,13532546,7654159,9684590,2022-11-14,15,3,23781,31460,280,73,1928825,376737
5391,1392,831,3696,35613995,32436753,14985645,13098205,8653879,8484627,2022-11-15,16,5,31149,139927,271,65,1807430,422525
5433,1364,833,3690,35725075,35542971,14954016,13543354,8176544,9913476,2022-11-16,10,4,12999,38631,255,68,2026104,599374
5242,1306,840,3593,33324051,31209681,14415332,13755878,7610461,8015046,2022-11-17,16,4,40028,113981,225,45,984045,244968
5065,1302,811,3448,33432953,33155722,12497606,13624464,8668941,9024848,2022-11-18,15,5,112074,10773,256,60,1357830,306329
4710,1270,724,3183,36414136,30004729,15707484,12382377,9375653,7880192,2022-11-19,6,2,17914,10773,219,45,1498132,347732
4868,1291,734,3388,31091536,30806904,12600836,12570121,8326744,8514972,2022-11-20,8,4,47821,45896,233,49,1183998,337248
5456,1340,850,3661,35419134,34541710,15490814,13731404,6968918,8781829,2022-11-21,11,3,54915,39232,247,62,1770324,388531
5228,1338,848,3608,32280826,32389986,14031484,13928278,8653926,8374144,2022-11-22,11,5,16792,189124,252,63,1666233,469864
5213,1341,832,3577,33842099,32859722,14806794,14816952,8664645,7940836,2022-11-23,18,8,66161,152478,258,59,1209513,412985
5217,1291,847,3555,32564593,33123146,13834218,12681359,7455615,8823842,2022-11-24,12,2,2890,38693,259,72,1873521,515852
5395,1352,849,3637,35343317,35328870,15076973,14256497,7803251,9665452,2022-11-25,16,4,0,153846,254,72,1829168,574589
4938,1264,767,3297,33641003,34412582,13345692,14832123,7649602,8588800,2022-11-26,11,3,32322,79174,260,63,1927201,853110
4868,1192,788,3292,29709720,32352835,13184400,13206744,6976953,7375678,2022-11-27,13,3,19865,12516,206,58,1546435,531212
5536,1379,797,3795,33434170,33488236,12435080,13628149,9168166,8247183,2022-11-28,11,5,1668,242577,216,42,1129035,367744
4695,1232,641,3191,25826905,26109339,8772958,9841514,7663213,6510956,2022-11-29,13,0,0,0,110,31,480541,279083
5029,1305,830,3460,34035577,33911781,12869075,14815147,9622911,7782208,2022-11-30,19,4,0,18606,227,56,1504131,370258
5347,1327,843,3599,34313461,33025444,15096845,14036971,7807542,8492020,2022-12-01,14,4,77773,19499,241,65,988117,379281
5190,1318,832,3538,33949973,31207475,13340852,12884930,9096465,7860911,2022-12-02,10,4,96957,38844,252,67,1281025,495961
4979,1324,822,3395,33303898,32664730,14086326,15149710,7717360,8071459,2022-12-03,15,3,8602,55887,198,44,1029155,336791
4835,1270,740,3344,29312520,31422133,11857964,13092087,6806357,8145251,2022-12-04,13,3,15640,168824,210,60,1335226,719861
5497,1360,840,3717,36939292,30411826,14724345,13076013,9226352,7648155,2022-12-05,12,3,26302,16296,270,69,1772011,384879
5336,1372,880,3729,37218828,32351732,15570347,14101291,8596427,8813567,2022-12-06,16,4,75026,171927,275,72,1548890,402171
5423,1352,837,3643,38079668,33368259,15362775,13761891,9907716,9180760,2022-12-07,18,5,0,145511,249,46,1490222,503374
5423,1360,853,3709,34916846,32755456,15092028,13536539,8642091,8312130,2022-12-08,15,6,49553,189434,256,60,1908252,524541
5181,1298,783,3544,31278884,33235463,12399547,13704101,6930743,7928352,2022-12-09,9,2,0,35612,231,49,790660,503740
5003,1323,779,3402,31879426,31164935,12007234,13748438,8896101,8122388,2022-12-10,19,5,56552,106270,230,55,1222835,552311
4862,1228,785,3327,32496979,33035979,12742891,14582402,8050520,8975694,2022-12-11,10,3,12065,39571,234,51,1457682,553898
5584,1339,852,3791,36368606,33765213,15193928,14306938,8331576,8348536,2022-12-12,17,2,0,188882,272,64,1815620,609017
5097,1353,785,3496,31573305,33266012,12990251,14402363,7956824,8971701,2022-12-13,13,2,0,47254,218,52,1414849,575893
5360,1339,843,3635,36681645,33545665,15106826,13107717,8010742,9276901,2022-12-14,15,4,91685,0,255,68,1215032,647165
5313,1363,842,3648,35315181,34029569,14935513,14216372,8088646,8618483,2022-12-15,20,7,30962,226083,247,62,1204920,367246
5236,1309,790,3552,33590406,33053932,13048817,14309118,8738336,8264870,2022-12-16,12,3,25981,38204,239,56,1359792,627189
4723,1224,718,3185,26276541,31308925,10448475,13867067,6161053,7418441,2022-12-17,20,5,15158,53766,105,37,339241,285752
4716,1232,752,3239,30738998,30428252,13408795,12368315,7635643,8459965,2022-12-18,15,5,28072,199411,241,64,1555415,701445
5493,1336,881,3727,34257792,34441005,13804113,15361677,7639011,9072972,2022-12-19,18,5,14613,123260,269,69,942327,689541
5330,1335,821,3600,32219530,31207693,13229319,13495193,8063628,7525171,2022-12-20,18,6,37201,74717,231,58,1122216,548707
5296,1314,803,3630,30961224,32861476,12861666,13186428,7159293,9211150,2022-12-21,10,3,23841,54927,227,68,1815477,612879
4895,1273,693,3307,27833198,31058710,9783992,12099845,6961321,8011888,2022-12-22,13,4,0,145138,118,39,861539,296338
4428,1179,702,3023,29203206,29373739,12598631,12298183,6973588,8094152,2022-12-23,16,5,62845,68636,205,54,977791,250738
4333,1065,676,2844,27806833,29378388,12287013,12391642,6207890,7085267,2022-12-24,10,3,0,49866,194,54,2010377,494478
4314,1018,695,2841,31988964,30291360,13277800,13031642,7433719,7145405,2022-12-25,12,4,55180,116692,249,57,1279083,472036
5443,1297,849,3634,36032234,33453695,13490669,14642543,8455998,8363217,2022-12-26,17,4,33956,188041,262,69,1436808,587331
5284,1279,860,3581,34161248,34133078,14102976,15559545,7612968,7152110,2022-12-27,13,3,7217,32688,255,61,1957328,471307
5052,1278,738,3361,33592193,33893450,13245194,13485500,8258332,8999726,2022-12-28,11,1,17914,10773,230,59,1204798,662217
5057,1335,801,3408,34823544,33504593,14235782,14674449,7992851,8829462,2022-12-29,23,6,117309,12591,229,52,752323,426084
4922,1372,767,3292,33004604,32023755,14456231,12093233,8053088,9616352,2022-12-30,13,2,32955,9896,264,65,1859206,538244
3985,1023,696,2646,31814871,29523894,13558464,13719625,7459252,6597056,2022-12-31,15,5,14436,50530,257,64,1600477,391497
3668,1065,582,2420,30135065,24757977,12685897,10103850,7002793,6670813,2023-01-01,17,3,52648,0,256,60,1883784,447552
4858,1309,767,3201,33692886,29907960,13586747,11428150,9058633,8469103,2023-01-02,11,2,0,70924,251,62,1357699,616510
4730,1280,723,3140,34504053,30121878,13018238,10933831,8742174,8774709,2023-01-03,16,7,65172,29026,235,61,1257668,577268
5141,1306,852,3479,36417399,31756269,16632517,13725705,8012386,7707566,2023-01-04,10,5,48467,116131,263,69,1650899,577182
5230,1383,811,3519,38116298,28097402,15628490,11246719,9632593,8398680,2023-01-05,13,4,62834,85886,274,75,1745855,650269
5165,1276,825,3461,35956248,31745902,14680629,12435425,7629086,8973381,2023-01-06,8,1,33519,0,263,71,996044,706063
4941,1373,790,3339,35726796,32543425,14839495,12458856,8394375,9109453,2023-01-07,18,8,89995,230829,273,70,1635213,643784
4742,1285,747,3220,35658103,29580768,15086462,12525509,9850335,8261670,2023-01-08,10,1,13249,0,258,65,1437105,640696
5421,1344,860,3682,35765085,31773094,15133490,13515601,9324366,8634095,2023-01-09,12,4,13850,42703,294,74,1787546,500057
5229,1319,815,3516,34338596,31630853,12992845,11741338,8385680,9154500,2023-01-10,17,4,0,97149,280,67,1326953,519757
5228,1376,822,3583,38916760,30795129,16965268,12133572,8638381,9455349,2023-01-11,9,4,83832,55764,243,60,1848449,214059
4952,1242,741,3337,26486038,31479748,11409310,12235148,5804796,8651428,2023-01-12,9,0,0,0,100,23,614163,241956
4744,1245,661,3174,29245998,30587882,10162687,12809618,7520962,8043671,2023-01-13,9,3,0,79782,137,25,919381,311022
4537,1220,723,3069,27642449,30243106,11549213,12374652,6003739,8350714,2023-01-14,16,4,4557,4646,230,86,1498203,834727
4633,1239,743,3175,29661388,28120165,14224159,11348055,6457717,7114585,2023-01-15,12,4,15640,228298,149,36,525151,107268
5552,1339,885,3751,34539596,33946902,14909812,12038798,7637505,10026992,2023-01-16,13,5,31007,66725,330,81,1714090,494093
5018,1255,758,3364,33940085,29747261,15629675,11321240,6719587,7807833,2023-01-17,15,2,0,84290,261,66,1692964,318361
5040,1286,763,3427,33476784,29807920,14292505,10591498,8451439,9753673,2023-01-18,13,2,26673,4849,258,60,1087803,419971
5255,1364,802,3585,35099946,32295788,14066231,12875582,8631243,9696490,2023-01-19,7,2,0,40905,277,71,1775747,528989
5085,1311,818,3497,30686093,35178946,14734382,14261478,5973155,9673193,2023-01-20,6,2,0,28384,265,62,1207263,478017
4565,1234,676,3058,27550000,31090344,10799839,12846764,7143755,8397515,2023-01-21,17,6,38974,321872,195,44,822040,449244
4594,1161,687,3063,30169895,30581088,11117099,12654000,7681010,8136960,2023-01-22,5,2,34024,26491,225,64,1486730,390597
5125,1318,763,3510,29222930,32004032,11379125,12967963,8565169,7724551,2023-01-23,18,2,33262,31265,191,56,1179352,468134
4557,1215,666,3142,28981245,29752112,12010005,12794789,8071935,7534875,2023-01-24,10,2,54244,3845,141,42,764096,628599
5132,1289,759,3446,33835395,33186795,13111120,13039969,8129283,8825771,2023-01-25,18,3,67288,44244,241,62,1518218,613066
5132,1264,813,3472,35398621,30908116,14323084,11885597,7532194,7920427,2023-01-26,13,4,123891,68050,199,58,1683705,285678
4927,1275,717,3337,30643995,30402242,11668826,13123247,9226822,6638785,2023-01-27,13,6,92054,87051,157,35,509476,147874
4810,1251,733,3196,35490446,30953598,14242905,12655927,8601850,8040333,2023-01-28,14,4,15640,103480,228,68,1549719,576413
4797,1233,729,3287,32691392,30455952,11187325,12913004,9775579,7124984,2023-01-29,9,3,33966,74919,226,61,1214358,464671
5280,1238,801,3511,35944410,28751261,15554584,13240063,9608131,6090087,2023-01-30,10,3,55194,91847,217,64,1880295,519697
5084,1223,833,3496,35129398,28857176,14870652,12871157,10090206,5781237,2023-01-31,13,6,26361,186623,206,68,1774046,650624
4959,1225,761,3296,32630062,29453201,13857212,12612320,7721455,6537575,2023-02-01,8,3,15640,173005,175,43,1152745,447695
5238,1267,810,3529,33580824,30191154,13784170,12869692,8077736,6252169,2023-02-02,13,4,22105,61794,221,68,1389501,456358
5320,1345,835,3642,34567887,30180028,14608057,13556666,8413281,7724483,2023-02-03,12,5,10367,37205,245,55,1914152,592351
4891,1264,765,3300,31629566,31086550,13113238,12146298,6753467,7913191,2023-02-04,22,8,37872,100744,239,67,1370325,139471
4753,1215,733,3211,32659130,30172568,13432346,12196472,7604688,7425526,2023-02-05,14,5,12687,36126,212,54,1778185,377625
5175,1269,750,3459,33388936,29725700,12949298,11206925,9159997,7517619,2023-02-06,19,5,15348,138761,198,53,1537566,267330
5159,1276,785,3454,33779964,29922311,13211069,11463039,8643909,7294348,2023-02-07,16,7,86261,37278,257,68,1456429,475423
4982,1277,748,3372,34700955,25235218,14786118,9737193,7990879,7721880,2023-02-08,16,5,20391,89073,229,57,1827709,290721
5231,1271,857,3530,33795536,31430827,13315496,13549317,7796275,7343320,2023-02-09,13,3,80144,0,232,58,1249912,535472
4924,1272,768,3330,31777504,28637393,14985257,11071038,7056369,8029931,2023-02-10,15,5,145780,98568,247,53,1751111,424476
4724,1212,746,3121,28795401,32408942,11549591,13341389,6086729,6732770,2023-02-11,13,4,2890,56509,184,53,795351,340137
4751,1298,671,3245,29866702,26691499,11527350,10189206,8178402,7463830,2023-02-12,15,3,58399,59253,200,37,858295,224405
5374,1326,851,3640,34139016,32571096,14836486,14223669,8179483,7492909,2023-02-13,19,4,16726,14197,227,75,1592137,452911
5236,1295,874,3641,36172515,31736708,17218737,12932574,8230179,8215365,2023-02-14,15,6,59333,112681,242,66,2097418,550829
5207,1347,782,3564,34169032,31841336,14119983,12317464,7722612,8465356,2023-02-15,12,1,2890,23866,257,61,1073629,609562
5491,1366,792,3702,35212081,32761920,14746307,13609606,7368877,7708496,2023-02-16,17,5,78932,150060,222,48,1019758,441424
5354,1359,819,3625,36241129,32581952,15800841,12698012,8721225,9351454,2023-02-17,11,3,69740,5429,257,57,1190145,611306
4820,1261,748,3174,30137367,31093556,11540672,13415925,7214361,7226918,2023-02-18,24,8,20463,266188,174,48,1136235,328217
4804,1278,761,3346,29640556,31768754,12773750,13179187,7040772,7924501,2023-02-19,15,4,28253,76617,241,48,1114697,295577
5410,1372,833,3698,35161729,34431188,13916684,14943542,9091426,8880365,2023-02-20,18,5,0,173262,241,56,1528909,391853
5148,1308,771,3517,29312012,31635278,13137556,11058056,6553302,9548612,2023-02-21,12,3,116366,91847,241,55,1417234,404661
5372,1368,849,3645,35667825,34208763,14032420,15051368,8463289,8238558,2023-02-22,22,5,97384,9932,245,67,1119387,544167
5313,1383,829,3666,32544874,34858420,14075205,14341370,7831019,8884172,2023-02-23,17,3,0,77291,229,63,1492171,780550
5139,1275,754,3416,31458565,33245979,11539125,13256458,7496985,8875137,2023-02-24,10,2,33240,16882,254,56,1950674,610944
4803,1266,715,3218,29757395,30987325,12129817,13015983,6471316,8583755,2023-02-25,22,9,45846,367087,228,49,980917,433904
4752,1264,732,3248,30201169,31771607,11974695,12935737,7469042,8101793,2023-02-26,10,3,62143,34639,236,59,1138670,411138
5669,1393,837,3821,34924898,34364089,13436820,12832223,8460860,8436260,2023-02-27,12,4,28746,200350,262,59,1496868,402359
5330,1346,865,3689,34826568,35888057,15859306,15007012,8462936,9861161,2023-02-28,16,4,54354,4673,234,56,1603920,494300
5157,1319,752,3472,31311558,32607484,12057612,13808702,8448701,8699809,2023-03-01,16,7,38933,281856,245,58,1144307,446679
5364,1397,795,3685,33077495,32681353,12380486,13672494,8880184,8368312,2023-03-02,18,5,36628,50700,259,60,1537639,558093
5245,1347,834,3574,34841954,33470057,15575180,14290851,8113121,7984081,2023-03-03,7,2,33708,29129,265,63,1025579,432936
4911,1331,702,3317,30601401,30681749,11763735,10604505,7265848,8614153,2023-03-04,11,3,44303,80304,221,58,1112891,206712
5003,1309,771,3439,33708497,33279931,13398135,13531962,7640245,9966818,2023-03-05,20,6,15549,39263,227,50,1324332,379132
5560,1389,827,3790,34937670,33571048,15332838,13892469,8157071,9174905,2023-03-06,11,3,46916,10773,257,68,1906280,661094
5398,1398,859,3770,32473529,31253031,13380004,12724964,7518276,9206846,2023-03-07,10,3,0,44628,250,69,1384845,368016
5339,1351,770,3655,32648004,32561562,12938147,12926561,7954560,8016501,2023-03-08,17,5,53746,81964,265,50,994154,688434
5443,1415,836,3751,37656958,35576719,14324053,15672111,9621115,7871988,2023-03-09,16,8,23082,310628,281,74,1628046,961211
5271,1376,791,3626,33534264,32076595,13987460,12886119,8935139,8888066,2023-03-10,14,8,75046,211025,221,58,1667192,442006
4922,1327,719,3362,31256545,33096795,11129503,13506301,9654522,7883657,2023-03-11,19,5,61630,68943,187,41,740137,343083
4731,1282,723,3260,29095219,32467761,11904303,12821056,7545201,8850105,2023-03-12,9,2,11205,32815,202,47,1167928,608669
5499,1364,842,3747,35419274,34897407,14657426,14344268,8552936,9586855,2023-03-13,17,3,0,71735,263,57,1636029,465747
5274,1367,801,3576,32482862,33953331,14113059,13218910,6775853,9430746,2023-03-14,13,3,33554,16202,228,54,1144787,406572
5335,1321,834,3626,35457311,33916538,14670703,14024714,8735379,8786562,2023-03-15,20,7,70908,191762,267,61,1702666,751649
5400,1395,810,3759,35776575,33050079,14521995,13560753,8936897,8313503,2023-03-16,13,2,11205,35347,228,54,1498496,588255
5244,1389,803,3622,34748775,33310681,13321328,13851643,9139280,8825204,2023-03-17,13,3,0,95515,238,53,1030501,572419
4907,1345,760,3298,32241906,34416271,13740974,14614470,7214955,9049075,2023-03-18,11,7,68825,101335,245,44,1292026,180425
5022,1300,832,3533,31952318,32257321,13258770,15451736,8286841,8224009,2023-03-19,18,7,0,391059,271,72,1443747,780892
5567,1340,852,3794,35121467,35929894,14106285,14619772,8465418,9684197,2023-03-20,14,4,48826,216768,191,43,845320,138980
5253,1329,826,3625,34419143,33138085,14798882,14870376,8358613,7658185,2023-03-21,18,8,63505,141046,157,42,1417206,453712
5194,1324,748,3571,30076159,32560452,10607034,12792264,8782952,9650783,2023-03-22,16,3,87883,7416,173,41,672248,444311
5321,1416,834,3705,35440499,33942271,13854005,14589373,10360301,8373530,2023-03-23,16,6,36478,128621,310,79,1616088,603719
5242,1353,861,3572,35328565,34478380,14890709,14016221,9474139,8719574,2023-03-24,13,3,0,36703,220,41,1131038,297997
4979,1354,763,3345,34057165,32349467,13533964,12999622,8415769,9313632,2023-03-25,13,3,82072,8343,271,70,1306440,427139
4875,1299,840,3466,31326554,34802556,14604699,14882269,7315007,9242943,2023-03-26,12,5,40879,21574,276,73,1489092,510449
5680,1370,884,3862,36709788,33967850,15637949,13741607,8532203,8833185,2023-03-27,13,3,25811,123657,251,70,1447692,526049
5427,1388,863,3757,33267361,35589361,12863477,14307957,8940044,8922703,2023-03-28,11,3,70121,25374,269,72,1567040,982645
5494,1410,823,3813,34418277,33837039,12838632,13066083,8530929,10082431,2023-03-29,15,5,113797,41765,308,81,1393890,609606
5373,1398,873,3730,34877813,35593272,14358297,14909443,9824802,8186787,2023-03-30,15,6,60780,71889,246,66,1257928,729041
5189,1343,806,3547,32926270,33070203,14106227,14528852,8006086,8804606,2023-03-31,15,4,4791,112689,236,58,1260706,525321
4887,1330,782,3355,33063496,31088785,14613183,12168495,7366806,9183101,2023-04-01,14,9,64742,345286,260,65,1628752,618343
4647,1267,740,3297,31553949,27914134,13675019,11243525,8571547,7581350,2023-04-02,13,1,64246,0,202,51,1493259,338070
5399,1374,827,3706,31322552,34002926,12992158,15566150,8337727,7582402,2023-04-03,10,5,153381,4864,238,61,1118987,834514
5088,1341,714,3511,28829711,29927034,10939546,11429043,7591874,6880422,2023-04-04,16,5,56916,196504,117,30,420790,240850
5422,1389,833,3705,35173117,36421071,15033005,14356958,7759681,9502586,2023-04-05,15,4,43694,74651,309,76,1930620,777842
5261,1395,819,3633,37948254,34386184,15102955,14888158,10102227,8751059,2023-04-06,12,2,5089,15342,255,53,1356954,473322
5115,1396,785,3475,34189039,33274034,13346050,12828207,9078265,8551460,2023-04-07,7,1,30576,0,260,63,1413979,690326
4869,1284,767,3305,37826600,33398505,14997918,13087202,9823460,9236712,2023-04-08,12,4,15640,38870,276,68,1494504,462609
4983,1309,796,3391,32888498,30260613,13345353,12071251,9157735,7416639,2023-04-09,12,5,19643,228916,244,58,1497868,379928
5443,1353,806,3693,37469539,32714385,14231582,12867438,10935971,8140825,2023-04-10,14,2,47554,82807,259,69,1955862,685796
5349,1378,871,3657,35846157,33483898,13802420,13765881,10156868,8130291,2023-04-11,10,4,30474,13882,258,75,1245543,622668
5183,1333,769,3536,32881067,28971622,13213765,9804482,7707578,8541322,2023-04-12,18,3,30224,56008,244,45,997874,245929
5485,1402,839,3718,39658148,29578070,15758977,11980164,11751787,7493991,2023-04-13,12,6,14363,273513,286,67,1941576,317682
5378,1417,848,3672,34203403,36400555,14231818,15555915,7558201,10445733,2023-04-14,16,3,64160,10773,253,61,1274275,530009
4932,1354,768,3355,33612173,32030687,15023806,12430995,7580724,9015342,2023-04-15,14,3,0,79386,216,50,2281971,286523
4864,1339,767,3363,31009182,32694295,12005097,13891344,8412050,8318683,2023-04-16,16,5,93641,30948,234,56,746556,565460
5509,1383,842,3766,36616138,34729642,15934691,14209133,8767995,8720182,2023-04-17,14,6,67119,133910,158,52,1601424,129207
5631,1486,872,3916,34580717,32209848,15112141,12150167,8076160,9561901,2023-04-18,17,6,24960,242510,282,73,1777782,657351
5343,1330,854,3608,35660556,33450048,15169508,13984178,8426626,8156301,2023-04-19,16,3,2890,24905,236,68,1823505,804687
5335,1434,785,3700,33697290,34637761,14579111,13935797,7693919,9212467,2023-04-20,20,6,71488,283687,267,78,2477296,551210
5193,1359,792,3509,37133217,35304243,14614243,13079715,9140796,8939784,2023-04-21,13,6,22196,87322,263,66,1136960,618223
4908,1339,786,3379,32176194,34233021,13047646,13849978,7649748,8952214,2023-04-22,11,2,3617,0,270,59,950667,617985
4936,1288,779,3425,33067766,31143448,12786105,13423118,8697759,8369132,2023-04-23,12,1,0,0,233,66,2091593,467288
5585,1410,777,3762,34461836,33966775,13671134,13045821,8486756,8856137,2023-04-24,12,5,188742,55280,236,43,1108698,580700
5295,1401,819,3632,34900315,36104228,16326167,14519088,7767684,10451875,2023-04-25,15,2,12999,32908,266,74,2329648,985915
5402,1433,850,3727,35647534,34386134,14106694,14430321,9587842,9856921,2023-04-26,22,5,110214,105353,260,66,1867516,556478
5543,1374,876,3783,33092883,36210660,13294150,14589067,8037039,8721310,2023-04-27,13,4,7005,18220,253,57,1159566,384211
5375,1424,842,3729,34478242,35609630,13539555,14178529,9677246,10739819,2023-04-28,11,3,0,7217,290,82,1790570,746675
4902,1338,760,3355,31874706,34791082,13774712,13998710,6768368,10447987,2023-04-29,11,2,27263,0,247,62,1209794,759931
4849,1292,762,3299,32253181,31541825,12687118,12767289,8271924,8259438,2023-04-30,9,3,0,54425,238,58,1020708,600946
5158,1323,829,3479,34197710,35029474,13375707,15128348,8659156,7568384,2023-05-01,7,4,56648,43012,244,72,1312734,651959
5229,1388,790,3573,36345354,34411882,13961929,13029537,9590990,10055216,2023-05-02,14,3,2886,69559,261,64,1581793,779414
4954,1348,745,3404,33155893,30265438,13390745,12711778,9231662,7608107,2023-05-03,15,3,76028,0,161,48,923727,581819
4781,1369,700,3306,26647361,30494030,9920447,11462233,8428074,8744239,2023-05-04,19,7,20220,115558,185,53,863134,309873
4907,1352,734,3316,34365121,31842547,12693907,12724499,9122429,8264602,2023-05-05,11,3,39045,26051,271,62,1743438,272200
4771,1344,782,3242,38007983,33244998,16081878,13661948,9873820,8115477,2023-05-06,13,5,50912,53047,272,67,1454101,588813
4810,1333,787,3358,34730841,31669179,14752889,13453767,9007202,8048187,2023-05-07,16,3,19348,18082,195,53,1712968,371704
5623,1402,832,3812,35026446,33077557,13195999,12677903,10564815,8291496,2023-05-08,9,3,31701,35291,274,77,1629491,540690
5318,1337,841,3640,34484039,31103642,15081429,11721941,8022051,9356082,2023-05-09,18,4,0,80723,232,61,1648792,586602
5545,1447,820,3847,36726391,31575358,15332418,11784041,9231776,9005602,2023-05-10,11,1,0,35542,257,67,1543186,502160
5627,1527,828,3901,38511689,33655677,14512457,14503772,9934997,8365488,2023-05-11,17,5,2890,247235,249,63,1387657,698310
5491,1443,826,3736,37933638,33334097,15592981,13048481,9965209,9839332,2023-05-12,13,4,5214,10127,303,71,2014566,558643
4849,1310,765,3313,32933668,33737037,13906004,12787553,7570291,10199316,2023-05-13,14,5,53111,129998,236,67,1568059,474353
4970,1341,747,3475,30284644,30841753,11886008,12132176,9720311,8382732,2023-05-14,10,3,1469,80909,219,57,1436553,403404
5703,1444,894,3883,36827522,35488046,15754743,14752196,8697603,9151562,2023-05-15,11,2,7809,44541,231,57,2039643,580102
5436,1468,814,3794,34569197,37270181,13976618,15593268,8282123,10113907,2023-05-16,12,2,12547,0,221,55,992247,599373
5266,1373,823,3631,33181138,31950945,13618055,12392676,9322773,9473293,2023-05-17,8,3,49971,55769,219,65,967223,661189
5254,1364,789,3627,35914844,31807205,14874794,13480180,8644678,8539493,2023-05-18,11,0,0,0,262,61,2691935,278029
4915,1289,715,3293,30588353,33059476,11539704,13525063,7101901,9127436,2023-05-19,11,3,27536,23866,163,47,1315848,247516
4630,1235,691,3132,33060093,30186078,11177435,12335598,10061008,8130229,2023-05-20,15,6,26182,56995,171,34,1035868,99896
4624,1231,635,3220,25161505,28334746,8516544,11286408,7669625,7700599,2023-05-21,6,0,0,0,104,30,709519,191596
6178,1508,1036,4251,43975816,36374640,22454964,14934118,8135710,9760705,2023-05-22,15,2,10572,14796,325,105,3184497,745229
5653,1459,900,3899,37428143,38100084,16170182,14543226,8273837,10774421,2023-05-23,12,5,3816,98126,268,64,1689502,613881
5693,1449,865,3886,36061071,36268171,13807499,14445041,9061006,9324997,2023-05-24,19,4,65211,86837,240,62,829012,495189
5533,1415,862,3841,34798692,34826933,14465162,14807379,8656158,9128164,2023-05-25,12,4,2890,150882,248,69,1687888,897629
5342,1367,836,3689,33191051,36213842,14601587,14926813,7766097,10430616,2023-05-26,8,2,32354,4449,234,60,1186742,492232
5023,1354,791,3453,32718593,34855244,13651568,14926899,8276301,9497565,2023-05-27,14,2,27891,25814,235,71,1384637,616452
4846,1285,749,3347,34008366,31098980,13022391,12510033,8942823,8036650,2023-05-28,15,5,33064,367557,205,52,1080359,441508
5428,1384,798,3741,33727405,33431475,13436580,12640633,8307822,9514496,2023-05-29,15,3,7538,43932,265,57,1120856,400784
5287,1331,761,3578,33378666,34442100,12336372,13951563,8354375,8618541,2023-05-30,16,8,150686,198248,185,48,1023079,382635
5556,1453,913,3892,38455650,35855505,15313407,14546395,11017192,9675699,2023-05-31,14,3,59879,109254,297,75,1554868,745235
5263,1422,803,3641,34199319,34324162,14174959,14885778,8704171,9498042,2023-06-01,13,2,60605,0,204,44,1349228,445297
5062,1402,760,3456,33676011,33397489,12428565,13010096,9199596,8973966,2023-06-02,8,1,2890,23866,278,66,1046886,577656
4852,1367,763,3300,35452524,32909706,13564468,13103312,9645849,9125998,2023-06-03,14,3,95097,14796,278,65,1822430,606342
4937,1317,747,3395,32556151,31768828,12394926,13013787,9481218,8627080,2023-06-04,9,0,0,0,229,50,910589,381769
5745,1434,902,3969,34836725,36928882,14672469,15054511,8959149,9749616,2023-06-05,8,2,40069,0,258,53,1199596,249381
5454,1469,835,3807,37786187,32727285,14688892,14010552,10352913,8710689,2023-06-06,10,4,48486,40179,266,66,1678254,711550
5514,1422,827,3805,36346267,32491563,15712844,12372571,9028723,8558352,2023-06-07,12,3,0,48660,247,69,1872238,502343
5394,1430,854,3708,34359668,33423684,15435444,13099089,8439148,9620777,2023-06-08,10,3,7993,72228,270,69,1266199,586383
5237,1407,797,3631,36363492,32542264,15352639,13049660,9045378,9559357,2023-06-09,16,3,1740,64581,233,50,1007562,236114
5040,1402,789,3505,32391300,34606260,12570233,14954786,7720451,9386782,2023-06-10,16,3,22012,17550,245,66,1309602,432414
5004,1333,794,3529,33725875,33465656,13353725,13882990,8033857,9693809,2023-06-11,13,4,5089,46154,235,63,1894044,232915
5556,1395,848,3773,34455842,33034570,14243492,13574510,8915599,7947692,2023-06-12,19,9,155094,415098,230,63,1221255,195722
5208,1372,785,3616,34760515,33929798,13546254,13281485,9368898,10068201,2023-06-13,15,5,81104,88552,266,64,1699263,555769
5542,1410,812,3815,36295255,35819014,14809312,14720136,9425239,8720474,2023-06-14,12,1,0,23580,230,61,1393185,717912
5407,1439,792,3758,34099301,33812759,13554168,13895573,9384202,8919207,2023-06-15,15,3,13415,117397,255,60,1095540,441644
5380,1418,827,3731,35561578,34234993,14972520,13190104,7844018,10147061,2023-06-16,23,7,0,290159,243,45,1291641,214754
4961,1327,797,3391,35467622,33128514,13525239,14955229,9498813,8345782,2023-06-17,11,2,73005,0,226,64,1633211,523811
5047,1353,746,3506,33907020,31851011,13127542,13891266,9088891,8836612,2023-06-18,8,0,0,0,225,57,1587618,573418
5852,1461,881,4019,37850146,33823197,14333945,14204901,10890772,8480664,2023-06-19,25,5,0,144456,238,60,1840431,409159
5473,1423,833,3810,33345906,34171446,13274577,13280033,8372754,9308016,2023-06-20,14,4,44905,63354,265,62,1113307,471016
5548,1482,860,3883,37999604,36367164,16355877,14481054,9422552,10090956,2023-06-21,16,3,0,12588,260,65,2130092,302511
5456,1404,825,3729,34909848,35785113,14796193,15392317,8478328,8723347,2023-06-22,19,6,49150,286687,266,69,1731256,491086
5234,1354,794,3598,32817613,34725638,12772053,14641886,7317220,10431875,2023-06-23,12,2,0,36547,248,61,1448614,629277
5107,1373,779,3472,33221216,35369917,12392901,14194114,8098334,9613917,2023-06-24,23,9,115429,220404,224,52,1475613,699498
5147,1345,810,3600,34295729,33124088,14044189,14754725,9621282,8242245,2023-06-25,12,3,40115,59349,241,46,1345933,303041
5668,1422,878,3904,36852943,33901379,14926873,14674920,9972908,8681473,2023-06-26,12,4,31989,37978,283,73,1816255,525218
5488,1435,780,3739,31912343,34640251,12730234,13259282,7444580,9642491,2023-06-27,15,4,15640,208370,260,73,1913682,418945
5363,1420,819,3710,33401808,35794952,14345429,14722096,7570788,8628948,2023-06-28,12,3,15640,49842,221,57,1251689,452091
5387,1434,828,3702,33048908,33816103,14072294,13341414,8328396,9027635,2023-06-29,20,3,34237,82362,263,79,2019198,619058
5221,1373,784,3543,34480303,33269504,13809506,13483494,8622617,8812206,2023-06-30,13,5,116665,256583,257,58,1319990,722093
4760,1369,716,3211,33416024,32288305,13368055,13451686,9612375,8982664,2023-07-01,14,2,0,0,236,48,1208228,327303
4829,1294,748,3357,32126542,33092187,13651619,13794095,8938516,8123489,2023-07-02,13,2,66032,10773,229,67,1780509,628975
5552,1431,787,3770,35327582,31388955,13126966,12864376,8925306,8081702,2023-07-03,10,3,30781,0,239,55,1196116,460298
5171,1385,755,3566,32931808,32024077,13492656,12206640,9504639,9331420,2023-07-04,10,5,48095,104162,233,57,1013100,366205
5310,1359,772,3639,33956539,31897754,12709710,12048395,9106917,9207304,2023-07-05,10,3,14175,12258,236,62,1890078,268236
5495,1472,819,3815,35209221,33060063,14236101,12769825,9543758,9699116,2023-07-06,17,5,155267,72275,263,65,833248,390270
5444,1403,860,3739,37109245,31562429,15962446,14239753,9167972,7540241,2023-07-07,15,4,32550,86785,253,71,1414152,610027
4983,1403,776,3446,36349343,33292695,14472084,13097321,10078165,9544968,2023-07-08,12,1,26421,0,242,60,1448129,467155
4849,1335,719,3350,29843745,33326130,11620051,12963729,8301254,9589547,2023-07-09,19,3,0,139717,231,49,1414039,377770
5734,1435,885,3891,38081298,34441552,15448376,13533296,9815519,8446709,2023-07-10,12,5,24156,79401,249,62,1152225,435596
5391,1448,795,3726,36350013,34322228,14211426,12795087,9670709,10645359,2023-07-11,17,9,32163,437282,234,55,1029833,414859
5418,1428,807,3790,33283297,33717276,13474940,13339227,8634493,9234708,2023-07-12,15,4,14769,102881,232,70,1943671,451909
5418,1489,789,3720,34824077,32396149,13962118,12382276,9840534,9197701,2023-07-13,16,4,155658,0,246,55,1471176,395891
5308,1391,816,3680,33976169,31574980,15160540,12559930,7994349,8548534,2023-07-14,9,3,15383,130783,262,69,1431572,419779
4954,1342,793,3391,33648563,34501580,14170938,13992767,8443800,8744270,2023-07-15,17,7,81985,131839,252,67,1754303,463685
4624,1248,716,3187,29193997,30931367,11322851,12969041,8263496,7623522,2023-07-16,14,5,44370,25530,249,60,1408177,376094
5422,1331,843,3722,33465886,32536186,13182341,14348045,7537258,8211898,2023-07-17,18,7,71200,113421,225,54,900228,348177
5336,1442,821,3689,36877816,33487526,16625439,13639105,8186092,9795490,2023-07-18,9,2,19513,32058,205,53,1211004,602769
5516,1451,822,3778,35499747,34211608,14758950,12186992,9129603,10160725,2023-07-19,16,3,72736,43858,239,59,1506019,479681
5561,1482,864,3828,35811671,33531337,14927477,13743937,9506983,9609492,2023-07-20,17,2,0,73104,250,70,1101869,540131
5354,1407,831,3662,34162651,35856057,12935089,14882758,8485047,9105666,2023-07-21,15,7,91085,197278,253,61,820209,435741
5065,1389,773,3496,33626123,31707444,15607853,12707416,8501886,8330816,2023-07-22,10,2,33149,9363,254,62,2225790,465183
5023,1348,743,3469,34493966,31287085,12525666,12375579,9404455,9202643,2023-07-23,17,5,43940,209250,223,44,835700,249504
5870,1474,885,4041,33449255,35927937,14761607,14925607,8582676,9521243,2023-07-24,20,7,136996,97551,255,71,1782917,677958
5303,1393,810,3644,30394658,34863105,12954119,15026057,7540326,9501596,2023-07-25,14,5,118861,46841,239,55,921935,609479
5279,1386,754,3613,32025454,33388990,12277425,12750473,7742701,8510485,2023-07-26,9,2,0,82110,254,66,1404962,422169
5231,1351,796,3590,30636993,33999565,12251089,14121082,7329711,8414831,2023-07-27,16,6,73528,81433,248,70,1726663,713848
5001,1276,739,3404,30771227,31919063,12134484,14300098,7995596,8180389,2023-07-28,14,3,67671,25569,190,41,776166,717297
4839,1408,718,3316,29945664,35163360,12039964,13478110,8020952,10238300,2023-07-29,9,2,0,238453,221,56,2333817,246570
4788,1341,670,3305,29937242,30503858,10843252,11378234,8146696,8454318,2023-07-30,10,1,0,0,193,48,948862,328047
5600,1442,851,3862,36032723,34038466,14475260,13640089,9109893,9339777,2023-07-31,22,8,95043,38451,205,54,1059550,290318
5222,1387,834,3626,36962091,32239960,16196695,12718998,8804867,8971281,2023-08-01,16,6,12390,197603,219,67,1529304,513643
5093,1346,719,3482,33974953,30227308,12777594,11451381,10563245,8367145,2023-08-02,11,2,17914,10773,175,50,1195706,368511
5135,1380,722,3465,31283054,29687611,11569926,11580316,8187150,8116586,2023-08-03,15,7,25740,64194,162,48,1262389,466488
5042,1278,762,3393,29843545,32727853,12744594,14020156,7300720,7753960,2023-08-04,12,2,23929,195479,191,44,1424467,408908
4671,1251,708,3146,30920817,30381911,11000116,11893472,7934847,8399965,2023-08-05,14,2,0,53096,248,62,1323969,439651
4644,1270,744,3235,31035148,29175517,11054945,12531839,9533105,7992379,2023-08-06,10,3,38860,54869,243,64,1166962,370531
5440,1474,835,3745,37188274,33373801,14983105,12702628,9137981,10195896,2023-08-07,11,5,50472,38437,260,48,839522,291526
4709,1312,765,3276,36572752,32135034,15356121,13921924,11185244,7783646,2023-08-08,17,5,121309,34523,267,67,1595909,479869
4828,1342,733,3328,35794246,32463439,14403877,13678007,8970460,9261133,2023-08-09,14,3,15747,25339,275,73,1785819,645487
5055,1374,794,3414,34649863,33443916,16050413,12661993,8068098,10439577,2023-08-10,15,4,91135,20403,262,77,1745287,674370
5335,1419,895,3649,38375024,34611801,16132455,13167805,9648624,9391022,2023-08-11,9,4,13351,82600,260,62,1497268,447824
4783,1341,706,3243,29685078,30116078,12648315,11017914,6556484,8841878,2023-08-12,9,2,0,0,224,55,1193915,318711
4633,1268,753,3181,36070581,34148976,13478292,13496485,10220581,9956593,2023-08-13,19,3,0,18498,254,62,935221,630276
5174,1370,841,3490,37837568,34179167,16157667,13011193,9980106,9107783,2023-08-14,19,6,52450,126918,296,84,2472448,392137
4765,1328,800,3260,32387653,33041506,13013216,13737019,8843686,8960401,2023-08-15,13,3,0,34263,252,67,1104331,373248
5462,1513,810,3839,39030351,33816931,16993370,13352120,10147521,9351073,2023-08-16,12,3,0,10670,252,62,1443241,750366
5522,1447,838,3756,33256620,34263844,13230784,13700418,8709283,9916254,2023-08-17,19,6,44941,116919,252,54,1208920,711776
5048,1298,725,3356,30156597,32856686,11227165,13160818,7134150,8171656,2023-08-18,13,6,21400,173513,134,34,897409,257198
4634,1217,691,3143,30007704,30213201,11200128,13055793,7951849,6708565,2023-08-19,12,4,0,143398,146,42,1542323,199965
4694,1214,665,3206,27951954,29581515,10063142,12611145,7228069,7307796,2023-08-20,22,8,90548,195018,136,34,834052,179354
6338,1534,1115,4346,48323239,40836872,22980436,16976854,10990806,10687901,2023-08-21,10,3,0,111050,381,120,3177480,1699283
5276,1374,805,3615,34601171,32780783,14333679,13311430,8913033,8194385,2023-08-22,12,5,82016,203586,271,62,1500393,456991
5468,1435,838,3776,35236119,35943852,13087630,15161967,8816542,9456642,2023-08-23,13,2,5952,1158,256,55,916140,531271
5516,1475,861,3815,33728958,36410342,15269080,14575073,8388888,11152278,2023-08-24,19,6,67598,93637,249,64,1855202,394938
5388,1428,858,3666,35821279,37226337,16108626,14630003,8689999,10399385,2023-08-25,6,1,0,76935,250,47,1247452,449098
5114,1358,781,3423,34644100,33921558,13980928,13578977,8100858,9498062,2023-08-26,15,3,0,79871,268,69,2183682,613692
4870,1340,700,3412,28719629,30036157,12044471,11046930,7644941,8859242,2023-08-27,10,3,29050,171318,234,59,1181204,287814
5643,1432,821,3883,33117438,33747790,12103652,12978435,9303631,9593100,2023-08-28,18,5,60851,52164,248,61,1319630,602267
5557,1442,889,3801,35625265,35526100,15458976,14087274,8576962,8943283,2023-08-29,10,4,34792,45433,251,60,1182217,378535
5260,1395,772,3640,35693827,32673986,14400524,12568929,8879830,9679686,2023-08-30,12,2,0,483,255,56,1639340,517682
5162,1300,805,3572,32415513,30647490,14682379,13311931,7819084,7378281,2023-08-31,15,4,52195,21687,247,72,1893326,516554
5044,1333,763,3478,31121394,33936449,11412772,13020220,8677386,9220508,2023-09-01,12,4,25574,16317,252,53,1337631,461043
4876,1298,785,3280,31739425,33256109,12391602,13440688,8529112,8692694,2023-09-02,12,2,61496,0,223,60,1053456,602200
4821,1231,753,3285,33033882,31033363,12849154,13247591,8614150,7069976,2023-09-03,10,3,63233,13690,235,65,1002319,550522
5430,1358,811,3675,32771816,32497685,12017391,13489451,8468337,9012690,2023-09-04,14,4,7499,113058,256,64,1158232,485921
5462,1467,819,3784,38187316,32451340,14901110,13352224,10688951,8665100,2023-09-05,14,2,0,7695,243,62,1471487,499067
5399,1440,818,3732,33221267,31684426,13973801,13095818,7781223,8947250,2023-09-06,18,6,18530,150241,218,66,1252369,478374
5382,1411,788,3697,37396374,32318121,13801484,12172180,9976445,9668178,2023-09-07,18,7,24883,111393,257,64,1388017,333207
5151,1427,836,3560,37354571,36357508,15108842,14770593,10342252,9744666,2023-09-08,14,3,0,198579,269,64,1793602,360444
4964,1346,784,3354,37087468,32888751,15407667,12696802,9132224,8635987,2023-09-09,18,3,36267,4030,230,59,1031444,661773
4999,1368,735,3441,34157881,30922101,13725311,11537210,8673569,8859024,2023-09-10,7,2,3088,167405,226,50,1465795,497947
5707,1452,875,3945,39090149,34232014,17104260,14574820,9417456,9651814,2023-09-11,11,4,142796,54568,250,66,1592692,812840
5431,1462,832,3782,34900506,33631141,15520613,13065183,8414011,9507472,2023-09-12,10,3,33370,28225,256,63,1631783,468837
5401,1416,798,3724,35140586,33975932,14600602,11996670,9362323,10024329,2023-09-13,16,2,15640,37480,244,59,1314445,301778
5520,1491,822,3816,35301628,33722383,13523848,13053859,9050559,9453405,2023-09-14,9,2,1799,0,279,62,1586729,351990
5281,1386,810,3657,32561282,33994563,14211261,13477779,7808422,8903016,2023-09-15,15,3,0,119060,255,65,1480476,506434
5081,1403,776,3495,32958670,33541161,13721540,14331450,7809901,9535899,2023-09-16,18,5,45056,153946,244,49,1087148,389035
4779,1313,692,3296,34244421,31749992,13299088,12355471,10380395,9371793,2023-09-17,14,6,29307,288189,229,46,1430212,520675
5707,1431,882,3881,36115952,35369023,16366619,14098617,8205646,8974631,2023-09-18,17,3,0,23769,275,72,1756176,765386
5423,1437,804,3727,34095825,34351991,14020838,13714653,9163271,8869764,2023-09-19,16,6,61311,333149,261,63,1667300,448304
5194,1367,795,3614,33087882,35562546,12559994,15088619,8902579,9089183,2023-09-20,14,4,46268,0,224,52,1070603,585833
5548,1465,852,3831,37584852,34257163,14653792,14029408,10775012,9103956,2023-09-21,20,4,18098,104271,256,65,1398075,432041
5308,1415,817,3603,34631058,35792470,13488773,14947704,8986671,9207534,2023-09-22,13,4,38321,20763,247,56,1081208,538374
5004,1344,764,3442,33979497,32455696,13619736,12848585,9576897,8573777,2023-09-23,16,4,61368,6084,241,55,1359822,481375
4835,1306,738,3302,31876576,33174621,12803335,13530547,7962200,9542191,2023-09-24,16,5,1034,146716,209,51,1269370,495620
5650,1435,876,3870,36234066,33228757,15370755,14592576,8147141,8485979,2023-09-25,15,3,0,56010,234,63,1565327,367549
5412,1466,804,3742,36016047,33205183,14810120,12978709,8542348,9271408,2023-09-26,14,4,11539,26542,243,62,1577718,444151
5391,1377,816,3736,33920477,37395740,13899092,15911038,8390642,10308054,2023-09-27,16,6,100078,180220,270,72,1897601,468581
5529,1468,841,3816,33231186,35791453,13668414,14286753,8440655,10256533,2023-09-28,17,5,44709,82549,257,79,1097757,848751
5290,1369,786,3601,31531307,35356425,13681793,14205018,7120040,9901237,2023-09-29,17,4,42745,46001,269,63,1535920,499527
5041,1347,762,3401,33560089,31857631,11873723,12985717,9254131,9335270,2023-09-30,16,7,4280,261678,248,59,1315439,424912
4947,1346,799,3455,31506468,35305196,12872457,14910289,8136325,8561843,2023-10-01,18,8,105439,69636,225,43,921473,334340
5634,1436,817,3860,35392121,34899785,15205081,13816197,8885698,9338116,2023-10-02,17,6,48854,70398,226,62,1391524,633342
5173,1353,797,3585,32769921,31072125,12345124,12409480,8390011,8520094,2023-10-03,13,4,0,53900,243,64,1517148,458732
5104,1323,771,3511,30533475,32240505,12218424,13005494,8526473,7983232,2023-10-04,12,1,0,4444,206,51,944608,541643
4937,1295,716,3402,30469161,31674861,11481240,12387679,8768570,8056112,2023-10-05,16,5,5089,53437,192,36,648679,290293
5023,1348,757,3421,33790917,31382328,12889443,12669112,9788134,7690194,2023-10-06,15,7,22090,261964,224,65,1082069,376344
4756,1192,772,3204,32762232,31430089,14418264,13403111,7744081,7275351,2023-10-07,17,6,67491,68216,182,48,1618799,338226
4508,1182,652,3071,31712055,29008225,10473625,11334600,9888603,6692253,2023-10-08,8,4,37531,78503,198,61,1381348,650049
5539,1398,846,3785,34331437,32767992,13411980,13206551,8856281,8305895,2023-10-09,17,2,9908,91847,213,52,1195274,773082
5316,1381,823,3647,38035756,33592262,16552837,13380238,9067397,7065747,2023-10-10,8,1,0,3610,207,62,1532583,348839
5413,1393,885,3782,37811843,33356722,16889892,13735980,9910356,8549950,2023-10-11,17,5,77425,74569,239,74,1849622,667214
5356,1411,805,3675,37366311,34149992,14950137,14818746,10319855,8365671,2023-10-12,16,1,0,12182,226,58,1308526,409104
5376,1424,825,3674,35347853,33500279,15028835,13434176,9508302,8791873,2023-10-13,16,4,46787,71119,242,58,986696,580681
4836,1308,757,3286,33486209,32820101,14068604,13364390,8592831,8363689,2023-10-14,21,6,116707,133762,245,62,1100646,873468
4758,1264,725,3283,31180131,29921926,13643980,11670426,8415965,8221264,2023-10-15,14,6,9165,85767,235,50,1340773,564923
5641,1445,819,3816,36059835,35211147,13781665,13973514,10289542,9729722,2023-10-16,16,5,37654,206790,264,65,1166852,708664
5353,1389,843,3701,37187758,31844276,15442580,14659634,9232768,8490644,2023-10-17,13,5,12999,254892,262,68,1722239,658572
5525,1400,880,3813,36996947,35857760,15451265,15729866,9323225,9127986,2023-10-18,12,1,0,35265,262,70,1513167,587669
5227,1322,757,3615,30916279,32852795,12230466,13367016,8211710,8509578,2023-10-19,16,2,0,96605,234,49,905293,262048
4872,1328,777,3354,31627980,32778999,13411903,12814826,8770668,9675745,2023-10-20,11,4,68616,16449,231,64,946901,489667
4787,1324,778,3256,31376801,32502548,12949478,12947850,7807053,9319902,2023-10-21,19,7,15640,116472,253,66,1569593,413507
4933,1326,736,3383,31478404,33108875,13920862,13637825,7535301,8428887,2023-10-22,22,6,59843,82415,250,60,1934858,838889
5636,1388,882,3864,35312523,34399838,15257696,14511519,8739343,8622680,2023-10-23,21,9,85510,89358,258,69,1023621,457374
5534,1449,835,3835,36761447,34307354,15115606,13804452,9305873,9917242,2023-10-24,9,2,0,14605,228,58,1632550,983537
5409,1386,804,3773,35566230,33869119,13896831,13449106,8136990,9789151,2023-10-25,10,1,0,11506,244,58,1248133,235608
5357,1398,771,3690,34504554,33890456,13457842,12629918,9106738,10349440,2023-10-26,19,6,42833,109880,225,51,1075048,397075
5321,1384,864,3621,34900939,35117469,16247593,15097702,7369458,9947546,2023-10-27,10,5,45080,126085,280,74,1668367,693294
4972,1370,792,3425,33696827,34322983,15073658,13848276,7879587,9669110,2023-10-28,13,6,17636,107654,265,64,1462081,544949
4821,1279,720,3319,29747643,31505185,13418345,12300635,6040792,9232707,2023-10-29,10,5,92134,56993,234,60,1348489,254184
5421,1397,786,3713,34141792,32936847,13579278,13068194,9421291,8974055,2023-10-30,12,1,7120,0,249,64,1262091,481064
5369,1374,849,3711,35113518,32733574,15471594,13217725,7712342,9820225,2023-10-31,19,4,60332,58415,248,73,1349756,430670
5423,1393,792,3657,36351867,33985265,13118485,14287142,9188146,9204113,2023-11-01,15,1,12665,0,239,54,1419083,734918
4901,1321,771,3403,33770754,29819184,14561649,12023984,8334506,7971378,2023-11-02,13,4,15569,38230,254,69,1490301,529578
5140,1376,829,3553,34958109,31829152,13774441,13899694,9314123,9151193,2023-11-03,15,5,39789,174301,261,63,1723776,769611
4689,1311,756,3252,31351027,34422928,12710025,15083666,8396722,9548831,2023-11-04,15,4,17914,85846,247,61,1157739,519450
4489,1268,651,3094,27638522,27925596,11232509,10429155,7358435,8192665,2023-11-05,11,2,0,98589,180,33,776961,291735
5059,1324,770,3503,30267728,31179960,13063033,12080427,7245190,8486212,2023-11-06,17,7,74488,118703,220,49,1251560,542240
5351,1422,802,3726,37161901,31856248,15261996,12212110,9874824,9246703,2023-11-07,14,3,30347,14782,265,70,1997166,437172
5386,1414,830,3732,36242519,32282100,14284475,13849960,10311916,9315865,2023-11-08,14,3,69312,34856,239,62,1437304,614977
5295,1400,800,3703,33501024,31955200,12950136,12647942,9885652,9026841,2023-11-09,17,6,1148,239804,239,67,1203973,484510
5226,1409,795,3548,35385244,34156135,14200098,14061345,9058286,9416565,2023-11-10,16,3,34419,0,187,42,851794,239537
4864,1329,761,3340,34166040,32190130,14798426,12506519,7885148,9478213,2023-11-11,13,6,14195,179207,264,71,1699763,419150
4883,1335,760,3426,32490847,31622765,12038684,13983815,9141153,9255123,2023-11-12,12,3,26359,85101,202,50,1285833,572136
5610,1410,832,3774,35349336,35880883,15169198,14963762,9342727,8910517,2023-11-13,14,6,41867,123464,261,54,1049080,335915
5155,1360,789,3516,34026103,29714867,13306217,11949401,9238243,8295906,2023-11-14,13,3,0,54299,249,66,1870168,617353
5224,1381,773,3636,34341982,33110209,13817766,14382377,8873601,9554168,2023-11-15,16,4,0,139505,245,65,1416165,366662
5197,1344,764,3581,31385103,29796871,13420100,12196544,7503626,7677377,2023-11-16,18,3,75942,191421,153,39,840131,281095
4791,1349,773,3391,28332842,33476520,12180796,14792650,6976261,8840740,2023-11-17,9,1,0,34727,194,53,1405328,552838
4561,1296,757,3140,36718944,30800657,14638430,13021851,8986786,8643573,2023-11-18,19,7,30306,167542,286,65,1653068,627101
4634,1291,734,3213,33531197,31645260,12973570,14298865,8218383,8814024,2023-11-19,9,2,0,74384,242,57,1213920,259457
5666,1405,881,3884,38716958,33005549,15634986,13327629,9561773,9163205,2023-11-20,11,5,77002,157730,272,54,1420423,239422
5559,1392,878,3824,36019114,33442596,15787891,15053572,9454831,7927508,2023-11-21,19,9,76895,290258,259,64,1275459,425402
5358,1414,829,3719,33615994,33543714,14474749,13092990,7811325,9973776,2023-11-22,17,6,137004,39392,263,67,1911417,459246
5067,1294,764,3478,29144567,32418231,13118797,13118635,5865852,8047587,2023-11-23,17,4,12999,139651,210,55,1438643,525437
5131,1398,799,3493,33413389,32586993,14388811,13902370,8831578,8153462,2023-11-24,11,2,0,31227,268,64,1845469,267345
4792,1277,751,3240,31540813,34166476,12645834,13524762,7775396,9494179,2023-11-25,14,3,17267,10414,258,55,1394801,470683
4918,1341,777,3415,34325116,31506423,14284609,13202962,9158098,9553141,2023-11-26,13,2,5089,14796,260,60,1597369,533968
5569,1390,809,3803,38472570,31739680,14865098,12375712,11208811,9303506,2023-11-27,18,7,0,281558,258,61,1681148,472866
5191,1422,807,3570,32861910,32658127,13619425,13691198,8859513,8992840,2023-11-28,15,7,92251,64907,254,65,741783,672410
5151,1403,744,3574,33822829,33406347,13303348,13099390,7709621,9593050,2023-11-29,15,2,5089,25888,233,62,1850339,444215
5305,1335,867,3686,35500770,34874926,17070745,14425197,8499757,10354823,2023-11-30,20,6,50421,32716,231,64,1336022,344527
5223,1386,798,3616,32765118,31839815,12560144,13117129,8139787,9084768,2023-12-01,11,3,45561,171253,241,62,1351610,373366
4938,1346,749,3376,35646638,31933384,13935697,13082269,9540999,8708305,2023-12-02,8,4,30734,5728,242,56,1460358,464459
4961,1297,786,3433,33934153,32889840,13875690,13424918,8931749,8420968,2023-12-03,11,3,26292,13180,239,51,1523661,401559
5755,1444,862,3958,36486196,33471906,14427894,15808098,8873124,8749673,2023-12-04,8,2,2890,0,257,68,1592239,602348
5352,1373,823,3671,35442091,35674853,13971781,14830522,9257364,10420570,2023-12-05,11,3,482,62663,255,58,1341773,407509
5344,1382,829,3715,34968313,35224960,14979864,14260958,7702220,8753107,2023-12-06,21,6,67034,258632,247,64,1401079,592794
5314,1435,785,3674,36070697,33129140,14621075,13513228,9020917,9319722,2023-12-07,20,4,34373,91862,238,55,1715308,489049
5278,1397,762,3542,34804020,33418275,13134737,13617608,9341993,8994265,2023-12-08,12,1,0,0,248,61,1265763,765971
4867,1319,754,3295,33405542,30435421,14798599,11797764,7521761,8463078,2023-12-09,18,7,36717,113144,234,63,1650575,616690
4596,1316,636,3191,28630767,28335649,10072587,10212287,8879888,8327742,2023-12-10,8,2,17914,45189,158,36,883162,257456
5387,1417,774,3682,31338140,33707427,11834009,13737020,9767979,9932858,2023-12-11,15,4,65193,122242,213,59,1015572,581969
5236,1378,816,3639,35559973,32520472,16518468,13352159,7636036,9252125,2023-12-12,17,6,18530,134645,228,66,1677812,504772
5182,1370,767,3567,33806074,32502601,14316218,13187655,9710965,8913457,2023-12-13,12,2,4412,59349,246,53,1024408,389071
5154,1381,701,3567,28041696,32597280,9693555,13250565,8227159,9763575,2023-12-14,11,3,0,146253,227,48,1541447,307219
5002,1277,755,3368,29844544,30962975,11527263,14652759,7380480,6841978,2023-12-15,20,6,103176,247315,130,38,733765,232295
4341,1210,703,2965,26888765,32216444,10731709,14852933,6961052,7881918,2023-12-16,12,6,25667,66731,91,25,632540,227754
4688,1280,729,3225,35578909,32546336,13710973,13636712,9520629,8775097,2023-12-17,7,1,1031,0,285,69,1458664,587539
5437,1374,834,3739,34100160,34864862,14565818,15224451,8938241,8821647,2023-12-18,16,6,34779,343020,245,65,2101442,481547
5270,1359,777,3638,33526819,31859867,13884525,13574966,8485726,8371006,2023-12-19,16,5,13132,82476,202,45,1131138,327567
5109,1335,760,3566,30703573,34599901,11589017,14774880,8327059,9918454,2023-12-20,21,8,60291,216202,188,51,835696,428203
4765,1241,743,3297,29263467,30064008,12202708,13752152,6880400,7483375,2023-12-21,16,5,22090,108767,146,33,1025658,270017
4889,1282,775,3302,31868836,34262900,12303264,15295845,7557081,8193226,2023-12-22,12,4,47270,50646,318,66,927142,597179
4811,1288,764,3222,34134324,36001539,14332333,14564912,8610009,9854887,2023-12-23,17,6,0,191589,245,63,1861805,430747
4647,1182,742,3131,30715443,29405683,13925760,12935278,7954590,7543971,2023-12-24,10,1,31682,0,228,48,1273227,318526
4820,1126,766,3125,33030024,33168882,13149382,14113878,7441244,8529019,2023-12-25,13,2,0,125680,276,64,1283887,551405
5074,1254,823,3470,33163559,33227990,13898714,14775010,7963103,8344738,2023-12-26,17,6,69608,78242,240,58,1138921,694522
5312,1390,813,3600,36808040,37591776,14261236,15633090,9103966,9185828,2023-12-27,18,2,5089,30690,253,57,1154721,580607
4952,1283,735,3339,33867813,30872808,15057538,12740470,7170705,8295647,2023-12-28,11,4,37382,58525,140,38,1634379,238068
4792,1304,684,3199,29067250,34059756,11657227,14383886,6784045,8782870,2023-12-29,8,3,25464,44640,71,9,314976,174228
4795,1355,727,3252,30810342,32421850,12313279,12170444,7458047,9885853,2023-12-30,13,4,32540,45862,327,100,1807881,593121
3866,1077,649,2609,33022242,26710764,13826357,10934117,8870032,7177600,2023-12-31,11,1,0,82991,273,76,1368216,920024
4090,1149,683,2717,33035034,29648946,14492974,10979615,7337160,8092564,2024-01-01,17,4,2583,206899,269,58,1421395,571939
4660,1279,768,3148,37038338,30099661,15159211,13772134,9932719,8359367,2024-01-02,9,2,44567,0,256,55,1168614,372231
4765,1314,775,3199,35969905,31522868,14871312,12576299,9723226,9473922,2024-01-03,10,2,0,54470,279,81,1339259,542223
4929,1281,790,3281,36667530,28137620,16066900,11108527,9104024,7676106,2024-01-04,11,5,77082,133857,261,73,1974054,479398
5068,1381,791,3417,37116706,32329111,14260646,13264670,9353026,9525006,2024-01-05,6,2,3025,25362,279,65,1316669,684156
4711,1340,691,3149,33313689,33258032,14587285,12843936,7961688,9214689,2024-01-06,9,3,7803,80642,231,49,1035694,390980
4520,1257,710,3096,32588524,26746250,12782532,10980720,9237574,7491859,2024-01-07,8,4,7749,41461,283,81,1484664,965700
5401,1376,839,3671,37366127,33537454,16289464,14485287,9112383,9448518,2024-01-08,10,2,13704,174783,286,72,1521434,706871
4931,1316,749,3377,36479821,29375679,14936236,12226508,10631711,9084671,2024-01-09,15,3,73762,50443,253,55,834324,450488
5294,1442,803,3646,35103349,34244640,14714860,12625353,9247510,9811480,2024-01-10,19,4,73064,8635,249,70,1289406,523370
5363,1337,846,3630,39794028,33234243,17464218,13953474,8091277,8558775,2024-01-11,17,8,75976,353809,252,66,1597539,922035
5214,1389,767,3589,32298870,31350660,13813099,12177514,7297953,8957041,2024-01-12,10,4,33269,142965,271,66,1037442,689245
4781,1328,720,3241,30859079,34455365,11899908,13315857,8077298,9787859,2024-01-13,11,1,0,16171,259,62,1360582,461083
4780,1237,728,3256,30643632,29811419,13279709,11807115,8368522,8217646,2024-01-14,11,4,84668,8762,217,54,1261882,706457
5521,1392,882,3771,37685359,34699709,15581037,13809544,9331058,10312693,2024-01-15,11,4,43562,97641,266,71,1563235,431222
5234,1353,812,3620,37654127,31851653,16868091,13677609,9583008,8735689,2024-01-16,14,2,0,195836,251,59,1560200,474362
5283,1405,787,3601,34563869,31614921,13436075,11844446,10181234,10090772,2024-01-17,18,4,83024,24355,255,55,1284263,576560
5353,1373,802,3635,32668501,31791343,13290205,12312765,7649435,9599022,2024-01-18,13,4,78875,40842,270,64,1448952,462797
5147,1358,755,3461,33984109,30330805,13639182,10690049,9105529,9864089,2024-01-19,17,4,25456,55896,264,64,1564308,447041
4666,1307,709,3176,30255894,32696598,11503387,13622029,7336069,8617807,2024-01-20,12,3,27205,82352,209,58,1454905,538462
4310,1234,657,3012,30391096,29310332,12796494,11447611,8161160,9376042,2024-01-21,15,7,69824,72229,189,53,1467129,379400
4946,1292,734,3410,33693861,31568394,13437254,12522239,9561648,7574711,2024-01-22,20,8,61813,162943,178,39,630166,373666
4684,1304,694,3200,30360954,31011635,12003441,11820565,8741172,8617560,2024-01-23,16,3,523,31198,177,55,1155073,449345
4820,1289,734,3272,34853554,31783021,15127801,11955989,8318320,9300243,2024-01-24,16,3,50000,0,272,77,2178310,482855
5177,1338,763,3518,33765917,33415720,12286745,13099271,9428208,8983697,2024-01-25,17,4,2890,85317,248,57,1049508,497437
5334,1423,795,3632,34803275,32169938,15100609,11450453,7550061,10211083,2024-01-26,16,5,129211,130683,268,60,1415462,556425
4975,1328,772,3366,34412336,34092916,14968415,13884728,8029081,9250090,2024-01-27,15,3,30224,31474,257,63,1571401,672421
5026,1321,748,3431,31250726,32673880,12622379,13399645,7520575,9227976,2024-01-28,10,1,0,46527,269,62,1675416,575379
5705,1402,853,3843,36718300,33741357,15482333,12259008,8178955,9525244,2024-01-29,10,3,13550,104436,276,84,2115227,626150
5104,1335,729,3498,33092037,33419492,12281492,12593967,9426655,8818809,2024-01-30,14,5,38719,93395,140,41,879802,268995
4938,1336,611,3353,29180731,29006200,10079849,10289866,8424722,8325721,2024-01-31,15,4,46295,59957,118,17,853040,101378
5155,1370,788,3572,32408827,31746440,12917710,12684026,8631659,9441647,2024-02-01,13,2,16788,5429,295,90,1335401,410468
5246,1399,800,3623,33560125,32207116,14220964,12769985,7706668,9711774,2024-02-02,11,7,4364,196560,267,59,1382644,759866
4864,1357,746,3277,32798296,30909791,12743263,12507623,8534105,9255716,2024-02-03,12,4,29484,46164,253,57,1272526,477233
4777,1264,731,3288,29606001,30687832,11308162,12849739,7693116,8816104,2024-02-04,14,10,120293,62276,210,55,1073290,523087
5269,1359,796,3586,33594723,31400458,14227899,12367200,7699275,9263481,2024-02-05,16,4,7002,159429,220,65,2191293,660726
5096,1323,784,3435,34308844,32471004,15742930,12707360,7249081,8630800,2024-02-06,11,1,522,0,294,69,2299683,856840
5278,1339,800,3574,35233498,31247458,13978024,12207459,8266395,9884397,2024-02-07,15,5,44322,207954,254,67,953521,846714
5249,1376,745,3547,32632224,32530136,12594560,13021445,8022712,9234747,2024-02-08,15,0,0,0,249,69,1533168,748190
4792,1205,692,3237,29738358,30855966,12272987,12967997,7284374,7955409,2024-02-09,12,6,52388,445026,206,44,1463560,463429
4725,1275,630,3129,29857560,29750523,12538810,11326891,7744502,8275878,2024-02-10,16,4,114165,29303,246,50,1283733,471538
4415,1211,689,3006,28966088,30566476,11428116,12692322,7057543,9373059,2024-02-11,17,6,51110,62031,234,47,1325536,383232
5411,1357,828,3642,36931250,32554799,15555138,13561958,10034025,8554266,2024-02-12,14,4,55509,114877,279,77,1716509,824697
5110,1325,783,3469,33742729,30465493,13456369,13163756,8900999,7649686,2024-02-13,9,3,29903,118090,243,69,1490783,606814
5131,1325,729,3510,32405837,29940149,14127612,12481522,8006250,8338889,2024-02-14,11,4,40569,245553,215,59,1379380,641230
5027,1264,790,3409,32775084,32560918,12881233,13515498,8050122,7962686,2024-02-15,15,4,87701,17876,194,63,1275774,660531
5067,1303,770,3388,36366449,31024234,14207387,13406184,9801918,8243525,2024-02-16,14,4,21154,80842,228,73,1627024,691547
4816,1298,752,3242,35168393,30585675,12749421,11942701,9847046,8368931,2024-02-17,10,2,36232,0,220,62,825481,717963
4698,1227,687,3221,28420413,29929078,10896249,13565286,8159814,6952919,2024-02-18,13,2,2890,32708,163,46,1164605,282783
5099,1236,756,3405,30138785,29882256,12070832,13332217,8267273,6621455,2024-02-19,20,8,15640,194241,174,49,1397714,197874
4826,1243,630,3219,28736237,28761422,9284361,10824104,8385282,7362104,2024-02-20,19,4,0,33750,209,50,742568,500992
4867,1286,713,3326,31441043,27822503,11464374,11193871,9116115,7977922,2024-02-21,14,4,0,101199,181,50,1580018,212854
4905,1331,732,3418,35381633,31464027,14787017,11560176,10002835,8113878,2024-02-22,12,4,12999,124771,179,37,1183227,236542
4891,1308,756,3364,32774787,33236594,12451017,14326088,8957042,8064219,2024-02-23,12,4,78874,87526,210,40,1106860,482306
4871,1301,730,3243,32535301,30889971,12673892,13610887,8653501,8163430,2024-02-24,9,2,0,0,222,65,1244885,375602
4576,1190,698,3148,28964338,28213605,10805175,11753582,7571664,7772222,2024-02-25,7,1,0,49744,206,45,900189,248004
5272,1318,812,3645,35434262,31734957,15529925,14413690,8156808,7977123,2024-02-26,15,4,31805,203755,256,62,1571641,598019
5021,1352,759,3461,32314611,31952816,13456780,12743615,8678875,8304053,2024-02-27,13,4,0,191380,229,52,1391996,306052
5520,1400,832,3699,35999963,33214697,14088308,13514894,7895655,9185043,2024-02-28,16,6,129415,58950,272,52,1254769,426970
5398,1396,770,3678,34586981,31807877,14668495,12338387,7910113,9668215,2024-02-29,15,2,60895,56085,226,55,1295751,431447
5085,1334,801,3467,35475839,31631795,14907136,13471472,8886530,8141313,2024-03-01,12,3,0,234821,278,77,2009698,920245
4912,1328,761,3327,34140057,32147717,13540461,13343611,9428277,8866491,2024-03-02,15,7,18530,134583,294,92,2069736,1007711
4956,1243,820,3406,34671981,30824568,14469672,13458422,7830777,7351566,2024-03-03,10,4,69851,74344,271,79,1469892,850972
5749,1433,836,3914,36244376,32891513,14657927,13289946,9966895,9069396,2024-03-04,10,3,34707,31698,255,70,1924578,667788
5266,1351,791,3622,33092091,32637151,12150085,13407532,8141363,7748208,2024-03-05,12,2,46281,0,239,58,1032358,585223
5392,1433,821,3692,37489900,31774602,16402214,12564107,9937771,8284462,2024-03-06,16,4,17762,9093,281,84,2099099,1010702
5630,1394,857,3796,37788535,36492410,14737538,15068854,8653513,8597737,2024-03-07,20,7,125848,85105,290,75,1622417,1745139
5256,1368,779,3594,34245716,32663411,14694873,13734972,8678478,8450926,2024-03-08,16,5,5089,226398,280,77,1626486,1480104
4778,1282,731,3223,30084426,33236446,11774319,12929218,7607781,9103555,2024-03-09,19,6,68837,23217,277,78,1282327,1109005
4892,1263,778,3411,34264661,32778588,14827942,13115519,7672674,8981033,2024-03-10,9,5,108673,21467,288,84,1767295,996125
5806,1398,883,3906,35708547,35237495,14264705,15725095,9623444,8281069,2024-03-11,12,1,17914,10773,293,79,1468910,870788
5384,1399,823,3708,34560151,36492767,13211042,13676463,9625581,9744433,2024-03-12,10,2,0,91475,274,85,2131664,1137494
5361,1433,813,3693,36282261,33810987,13775710,13241308,9890998,9202344,2024-03-13,19,3,0,112521,267,70,1050657,995978
5517,1330,862,3747,34049314,38058822,13646714,14916028,8297778,10252283,2024-03-14,12,2,0,30191,276,75,1667394,1017057
5360,1366,853,3722,35694587,35830147,14946986,14393527,9139038,8554144,2024-03-15,13,3,0,291625,286,89,1619026,1350877
4911,1248,701,3232,30860818,30566732,12383633,10937094,7618744,8972612,2024-03-16,18,7,8881,80226,113,30,546654,537656
5043,1316,810,3527,31199464,33319586,11787063,14673863,9730810,8295621,2024-03-17,12,2,5089,68632,372,114,1372629,2386783
5678,1359,901,3856,37585115,36777396,16576600,16090062,9738841,8364668,2024-03-18,18,6,80075,233612,322,90,2854228,1120312
5267,1391,764,3604,34755548,32582009,12865384,13435048,9130481,8704013,2024-03-19,16,2,45109,19911,271,70,901919,617003
5300,1413,809,3677,33465904,35103557,13702495,14831568,8935973,9438511,2024-03-20,11,2,6193,10359,313,93,2614226,1054238
5413,1406,848,3685,33929938,38102975,13838352,16080997,7668317,10494869,2024-03-21,12,3,48492,17345,272,83,2061281,1209707
5446,1382,875,3721,34861290,36178384,13072001,14769259,11071466,9699421,2024-03-22,13,6,37673,98125,324,90,1883549,1326335
4971,1334,730,3339,32042607,34260666,12946357,14427244,8805004,9427886,2024-03-23,7,1,0,174253,267,73,1226930,1296109
4922,1266,791,3417,32454163,34127606,13204299,14753718,8250757,9416951,2024-03-24,11,4,17287,72372,214,56,1547010,649535
5570,1383,832,3801,34340839,34509700,14237157,14937433,9310723,8697156,2024-03-25,12,6,105204,54372,258,83,2858040,1415705
5368,1419,856,3724,36562862,36245964,15940117,15109304,9782331,10400952,2024-03-26,17,7,56255,73493,314,86,2931094,1132294
5483,1373,871,3760,35599416,37945148,13603635,16231877,9082581,9664187,2024-03-27,19,6,84049,208032,282,69,1399082,779541
5246,1330,809,3554,34573302,31482862,14399526,12150862,9452400,8593118,2024-03-28,11,0,0,0,299,82,2081240,649822
4981,1284,821,3403,35191841,36178099,14657057,15171356,8999970,9598339,2024-03-29,10,3,35545,38362,283,89,2644221,941328
5141,1358,781,3443,33527856,33968749,13465063,13028505,8276342,9628517,2024-03-30,10,4,0,238517,255,55,1077945,379140
4826,1226,762,3259,31659101,33473331,12661533,13573356,7796445,8691433,2024-03-31,13,3,85233,8052,218,61,1328935,569849
5539,1360,846,3708,34116368,33486542,12921636,13355593,8316699,8815818,2024-04-01,12,4,28745,81636,206,55,898933,484542
5384,1328,809,3633,35508704,33442288,13629146,13512672,9421052,8560810,2024-04-02,18,4,98767,41687,222,47,1662108,276888
5203,1356,788,3535,38001563,35393934,13774700,14161146,10736107,10085957,2024-04-03,23,9,37583,376623,290,68,1713744,479582
5438,1380,873,3708,38465265,34557824,17012689,14887438,10124340,8950090,2024-04-04,13,6,194050,0,280,54,1594841,355804
5395,1432,811,3662,35819683,33377408,15113071,11579359,8553136,10380528,2024-04-05,10,3,51093,66048,292,73,1419466,1045588
5050,1354,771,3421,36336922,33490402,14960694,13174474,8796680,9823150,2024-04-06,13,3,35287,12727,246,61,1390542,735963
4950,1304,742,3335,34022543,34932935,12988036,12658450,8211535,11203144,2024-04-07,11,4,2873,146934,252,67,1565800,472366
5606,1407,820,3823,35090944,31003856,13220641,12072030,10127462,9572904,2024-04-08,13,2,2713,0,283,80,1495726,1027561
5076,1387,786,3467,35529907,32594374,15576227,11392823,9528158,10075016,2024-04-09,16,6,20534,199843,271,67,1702086,756914
5284,1331,813,3608,37675502,33811908,15581817,12640536,11555229,9758380,2024-04-10,13,4,101186,10773,311,88,2623438,966031
5371,1350,822,3621,34470666,33687945,13724228,13501413,8994030,8866039,2024-04-11,21,4,16053,47441,285,88,1597548,1079288
5181,1358,788,3502,34660406,30896559,14702261,12467934,9287639,8441164,2024-04-12,11,3,63622,1109,258,77,2072195,781155
4814,1234,729,3190,33229898,32276437,11213303,13956353,8621957,6850500,2024-04-13,18,5,40872,241863,148,46,987468,766489
4714,1267,704,3218,30313074,33076580,11580971,12719255,7888168,9579536,2024-04-14,12,2,3882,57342,182,41,712430,464485
5788,1400,908,3940,37046965,36441993,15764608,14702778,8301409,11209058,2024-04-15,14,4,78068,24053,344,95,2011809,1554926
5330,1331,783,3645,33869886,31103994,14703120,12362623,7805257,8476089,2024-04-16,12,4,74896,53027,240,68,1743019,401544
5434,1349,843,3650,39747505,32848517,16354582,13159452,10233657,9062280,2024-04-17,15,4,0,122999,275,59,1467076,829052
5652,1450,868,3934,39636065,36252843,15734311,14129613,11126865,9654020,2024-04-18,18,4,30511,77054,311,74,1366366,668249
5355,1397,817,3680,35194149,33570842,13794637,13747262,9400045,9514754,2024-04-19,9,2,6537,14796,291,77,1495731,694880
4920,1343,749,3330,37821961,32189839,14220125,12686781,11323740,8982609,2024-04-20,13,5,111120,105676,309,82,2104087,806227
5154,1351,795,3532,33858864,34469104,12168979,15384771,10440376,9168276,2024-04-21,11,4,80788,44313,291,70,1842077,860932
5805,1427,915,3955,38649071,35708010,15199831,13980548,10392295,9808690,2024-04-22,22,5,33092,120391,314,92,1279957,1385506
5456,1424,824,3705,35608466,35596759,13289733,15009144,11143675,9643034,2024-04-23,13,2,0,39930,278,75,2047666,1247879
5524,1401,872,3807,37933420,37710300,13479342,15224028,11184209,11228751,2024-04-24,17,3,36553,134765,319,89,1523994,1217860
5592,1384,844,3799,34059035,37894493,13870387,14575592,8041162,11357065,2024-04-25,6,0,0,0,287,78,1539335,1518214
5466,1426,835,3761,34507829,33792917,13550826,14520997,8831530,9093386,2024-04-26,18,6,104352,88221,280,81,1808014,895961
4991,1262,806,3403,30846401,33407578,12608334,14138375,7951342,8582697,2024-04-27,8,2,0,23161,275,85,1640078,1348356
4644,1235,687,3151,30099468,31739354,11933224,12044108,8453843,8938730,2024-04-28,15,3,2890,55208,71,19,733183,89570
5727,1410,844,3937,36980258,36952044,14063223,14001233,10735017,11011364,2024-04-29,15,5,8531,17027,314,94,1926780,1303265
5320,1366,848,3619,35181832,35898094,14116649,14129704,9540863,10509153,2024-04-30,10,4,145784,0,366,105,2340884,1008198
5011,1268,759,3334,32137821,33529702,12049388,13590406,8771982,9666990,2024-05-01,12,3,72737,9361,260,63,1535558,1122193
5254,1366,836,3562,38538938,35496741,15879074,13113432,9434945,10272316,2024-05-02,18,5,142115,58138,307,79,1863381,903322
5088,1373,794,3414,35153839,36198193,13965797,14679531,9047672,10630283,2024-05-03,17,7,17914,212059,311,89,1468695,1273725
4903,1296,757,3266,34411674,36187067,14215018,14623264,9493938,8359252,2024-05-04,14,1,22495,0,271,67,2302251,913248
4468,1254,724,3092,30598604,31005714,12706815,12404047,9121659,8331534,2024-05-05,9,3,0,141426,239,76,1864150,1015255
5620,1403,884,3760,42258196,35142635,16794457,13293567,11171293,10524673,2024-05-06,16,5,78362,191641,316,76,1519120,828358
5356,1387,857,3673,37238510,34628030,15542945,14624426,9925501,8970224,2024-05-07,10,4,109374,0,322,94,2320306,1608920
5446,1418,776,3665,34406522,33005410,12735904,11425250,10410019,9099835,2024-05-08,13,3,33468,110864,271,68,1868380,385973
5632,1438,885,3900,34974318,36747383,14688632,15099570,9347933,9201538,2024-05-09,25,7,26974,268080,309,93,2230163,809031
5214,1376,801,3504,33958650,38246654,13987967,15981960,9392141,10143130,2024-05-10,11,3,0,33367,262,66,1458315,985559
5042,1314,795,3419,35614656,31974512,14677895,12124234,9700139,10004971,2024-05-11,14,3,0,73918,281,82,1668667,841325
4994,1282,808,3439,36602173,33617785,14829339,13641462,8832643,9218465,2024-05-12,8,4,65378,5429,262,70,1704773,494816
5570,1366,847,3760,36961571,35818304,15639913,13268288,8860771,9919150,2024-05-13,16,3,0,77004,286,89,2381781,1054216
5464,1419,867,3785,35358032,34311149,13732519,13500491,10453042,9367666,2024-05-14,17,4,32881,52036,272,85,2113440,678978
5487,1359,872,3768,37631947,34084806,16087303,14082807,9323856,9465964,2024-05-15,18,7,87770,153451,266,84,2523819,822154
5486,1410,947,3783,37899583,35865337,16549162,14275135,8490297,10594046,2024-05-16,18,4,49930,5754,310,90,2471820,906910
5341,1355,852,3695,33904697,35752107,13391737,14825237,9128777,10233056,2024-05-17,15,5,60760,82522,295,83,1362925,817128
5091,1359,803,3453,36536026,33506983,15298219,13430494,8415964,9589408,2024-05-18,17,7,202869,35867,282,81,1839584,1058269
4883,1226,762,3372,33949768,31584882,14535373,14164068,8518383,7874156,2024-05-19,14,5,29585,49783,231,71,1596266,1136807
5637,1342,909,3851,35797560,35258058,13996875,15152887,9072067,9008617,2024-05-20,17,7,21640,97714,275,79,1446800,1137927
5450,1372,906,3760,36872368,34671032,15805167,15569742,9122300,8904953,2024-05-21,6,2,14004,9385,296,89,1963067,1126125
5582,1385,877,3810,36155922,37022922,13602497,17261356,10567700,8051925,2024-05-22,14,5,76642,62843,296,89,1643653,1291566
5495,1369,815,3737,32940471,36700656,12429595,15262051,8475477,8955999,2024-05-23,18,5,0,240289,242,61,1221628,1011371
5364,1317,856,3668,35070186,36132850,13996618,16179989,8909159,9471704,2024-05-24,12,3,32952,14796,270,75,1649758,1343474
5151,1377,852,3513,34709027,34818531,14936966,15090844,8534911,8713002,2024-05-25,13,5,15640,72497,283,78,2263589,880595
4994,1290,792,3474,30609158,31893957,12063233,12768485,7770499,8539703,2024-05-26,19,8,86429,204724,270,75,1748414,1064832
5692,1403,883,3864,36612809,39234320,15310836,16228459,10201966,9678426,2024-05-27,15,4,11844,105184,281,75,2045131,1091430
5268,1360,837,3668,36453280,32995411,13233152,14482885,10568573,8559683,2024-05-28,14,3,7881,18218,289,80,1208462,1138808
5439,1336,876,3742,34287845,36647187,15689127,16121456,7548576,9126051,2024-05-29,16,6,141020,44374,266,73,2097639,1155149
5495,1418,829,3801,36274126,35410314,15021524,13788447,9672243,10060175,2024-05-30,15,4,45767,93476,280,77,1858239,1126091
5218,1320,804,3517,32441809,35654774,11811610,14815749,8847084,8874106,2024-05-31,19,5,52533,47992,291,75,1161986,1117221
5152,1393,785,3559,33870715,33230887,12651553,13107620,9015803,9463730,2024-06-01,13,5,78571,23866,315,87,2304506,1198565
4987,1266,825,3445,34003129,33149889,14291161,13734818,8734377,8848967,2024-06-02,6,2,16872,0,270,88,1477054,1487331
5866,1420,938,3982,38827257,35564890,16048625,14167244,10145116,9198605,2024-06-03,19,4,20016,25281,295,92,1911449,1013329
5496,1405,886,3796,36778160,33753142,15321794,14426489,9944016,8384344,2024-06-04,8,2,31507,0,282,78,1215880,1154840
5489,1374,862,3788,39090025,34201524,15757833,13677749,11743418,8685154,2024-06-05,9,4,0,172598,285,94,2410122,816600
5520,1387,890,3809,33504217,36585710,13479503,15009579,8376894,10473157,2024-06-06,9,2,0,66708,289,78,1656577,1050038
5455,1409,865,3781,38209495,35341914,15234535,14611887,9991584,9295274,2024-06-07,13,4,62378,112711,297,74,2206521,1424467
4992,1313,773,3406,33925942,33433359,15046402,13188587,8809835,9805274,2024-06-08,9,2,696,47466,296,92,2161226,1036604
4925,1268,788,3422,32732514,33597350,12173326,15585627,8940346,8536413,2024-06-09,8,4,45868,35243,250,69,1522061,1152364
5755,1352,919,3899,37414062,38739699,15159374,15222585,9715400,9364128,2024-06-10,17,4,27982,114184,277,75,1687974,1121999
5327,1376,781,3689,32231022,33930532,12982233,13286015,8621471,9107182,2024-06-11,9,1,37522,0,219,67,925637,493994
5356,1339,818,3631,36003924,33011728,14387050,14477034,9373690,8552558,2024-06-12,13,2,7240,42781,236,65,1430779,876787
5646,1408,892,3904,40385866,36964393,15868475,15359689,10795166,10003462,2024-06-13,10,3,0,159702,322,91,2718990,725393
5369,1364,810,3612,36410449,34249919,14823559,12353128,9969832,10220687,2024-06-14,9,1,0,56586,297,71,2001028,859549
5025,1322,817,3419,32101565,35384808,12728927,15395052,8661204,10025106,2024-06-15,9,2,2890,27946,284,90,1868097,1211081
4801,1239,748,3290,29792396,35232276,11993134,14632154,7681763,8989769,2024-06-16,11,4,2585,82086,248,69,1483279,1227873
5586,1324,872,3758,35760111,36792997,13429628,15894248,9907341,9518156,2024-06-17,17,3,13154,29419,276,79,1543172,971121
5269,1378,825,3620,34642739,36873937,14191762,14899161,8791442,9885475,2024-06-18,19,9,80247,164487,256,71,2037137,662358
5370,1354,838,3652,36409421,33740809,14247534,14734189,9308880,8975417,2024-06-19,17,4,204918,63012,253,70,1355788,1344945
5326,1382,846,3694,36057422,35371559,12728017,15918442,11495464,8822672,2024-06-20,19,6,8748,136103,253,68,2250808,865739
5294,1389,870,3663,35050123,36863399,14681734,17081198,8784575,9816619,2024-06-21,8,3,0,19623,297,94,2326279,1123406
4986,1336,767,3380,33310680,35719681,12619263,14200637,9082059,9995168,2024-06-22,16,4,27847,66297,267,69,1610640,1020168
4907,1322,746,3387,33407270,35013329,13018876,14601634,9026661,9940048,2024-06-23,15,4,31990,8481,261,67,2130703,692133
5793,1405,923,3931,37038532,38901175,15234432,16480425,9385172,9728839,2024-06-24,19,7,60592,102399,305,86,1939755,1077521
5478,1392,819,3809,35459125,33386336,14616480,15098130,9266786,7520300,2024-06-25,16,6,43228,29057,273,73,2292658,674959
5402,1324,851,3674,32947803,35293877,13302410,15612719,7892747,9997190,2024-06-26,14,2,73838,0,268,78,1809466,931118
5485,1352,856,3742,36955469,39178062,15496526,15493526,9221564,11043484,2024-06-27,21,8,61093,151832,267,77,2433245,1052185
5361,1385,851,3675,34832123,37292621,13760228,16405016,10226404,8276763,2024-06-28,19,7,15640,331548,287,77,1951383,955898
4907,1293,743,3324,32004976,35192111,12900008,13658205,8094408,10665260,2024-06-29,11,5,40516,126975,250,63,1714248,1016733
4940,1270,780,3419,35672411,33426539,13138725,13430595,10614188,9569477,2024-06-30,11,4,168042,0,246,67,1593101,969662
5331,1273,798,3543,36075824,34218974,13853802,14376134,10528778,8919298,2024-07-01,23,4,22657,58728,257,76,2463817,1143949
5198,1349,782,3576,32306667,33373850,12467187,12796942,10288980,9318136,2024-07-02,8,4,40634,71744,245,59,2056074,526552
5351,1363,787,3651,35188448,32573267,13560430,12516856,9440619,9163779,2024-07-03,15,3,47124,5974,269,74,1909210,1129512
5371,1294,840,3627,36321456,33383552,14390510,13184999,10060912,9079652,2024-07-04,14,3,2085,57967,281,80,1428546,1034508
5223,1312,862,3580,34286095,32999446,14430295,13983781,9172508,9158567,2024-07-05,13,3,107327,14796,287,91,2176068,1505482
4946,1314,768,3363,34093724,31513104,14285363,12709123,9656048,8839532,2024-07-06,13,3,38848,34668,291,86,1957273,1228256
4796,1259,782,3336,33292472,30138074,13718703,12405546,8823526,8649524,2024-07-07,16,7,63696,105654,271,79,1670129,918976
5793,1413,876,3896,37960632,34338553,15395965,12933395,9529311,9797883,2024-07-08,20,10,180668,237005,291,88,2651636,971401
5354,1414,807,3698,34011512,33808860,12660993,12727505,9480630,9472872,2024-07-09,14,3,0,86928,299,93,2285951,933853
5420,1360,846,3681,35391371,34187349,14170386,13575617,9673459,10297059,2024-07-10,8,2,47134,33372,310,101,2340637,751842
5356,1315,830,3651,35662664,35331570,14842693,13677861,8910264,9703613,2024-07-11,14,5,27231,156350,251,67,1734812,761177
5316,1391,839,3569,34400983,35643952,13342224,13058212,9891974,11280265,2024-07-12,10,4,58281,35107,282,99,2227622,1148067
4909,1286,750,3242,32081981,33855811,12418618,12571496,9187585,10167243,2024-07-13,12,4,978,56352,292,74,1511363,1222882
4752,1208,763,3193,34503329,31195671,13835250,13326996,9096127,7420649,2024-07-14,11,2,572,26895,299,84,1231040,1330451
5675,1384,894,3853,39498809,32994639,16106533,13068336,11418548,9017331,2024-07-15,18,4,31963,7677,307,88,2759770,766968
5342,1377,798,3645,33456753,34544486,13095400,12931366,8468088,10326278,2024-07-16,11,3,31168,15344,288,68,1216215,672409
5421,1393,819,3708,37401445,34809977,14903899,13742369,9466880,9657457,2024-07-17,11,4,22090,52316,249,70,1755127,807662
5468,1379,838,3734,34490222,35767759,13600825,14028567,9688687,10144158,2024-07-18,15,2,38023,0,259,70,1135534,565470
5304,1354,837,3620,35940547,33485998,15543988,12738883,9185577,9863097,2024-07-19,13,5,57519,80112,274,80,2062190,1318603
4986,1302,795,3350,34221913,35067985,12745426,14692380,9556418,9228582,2024-07-20,14,5,42984,121796,293,79,1395037,1180264
4904,1267,788,3366,31533562,29816961,12552136,12587720,8197202,8679847,2024-07-21,20,5,17359,115713,269,79,1303466,882738
5694,1378,898,3915,39109622,36307679,16156771,14642809,11071204,9056218,2024-07-22,12,2,15640,31057,273,68,1702064,714552
5207,1332,794,3576,35654206,32974790,14131428,13090410,8064313,9682006,2024-07-23,9,3,55968,92391,257,68,1615380,318277
5057,1253,784,3438,32581022,34592024,12509482,14810070,8420594,9254934,2024-07-24,18,7,36003,145036,201,50,821331,511439
5039,1258,699,3425,29239230,29222578,10340299,11892335,7580503,8084825,2024-07-25,19,7,44081,266715,182,54,963820,318667
4815,1198,707,3265,28948873,30234128,11091456,13250897,7954678,7496232,2024-07-26,9,4,120688,0,144,46,988395,563672
4649,1226,737,3190,28533225,33611562,11642573,13835692,8454537,8609698,2024-07-27,16,7,32166,220732,164,48,1541557,312853
4811,1230,750,3273,32891194,31656813,13108911,12765484,8407891,8973757,2024-07-28,8,1,0,0,275,64,1818237,502373
5570,1344,855,3782,36094767,32760814,14606389,13491583,9118943,8826427,2024-07-29,16,5,55657,43982,290,77,1200941,720797
5293,1367,825,3636,38104090,33787801,15389135,13553668,10025488,8839628,2024-07-30,8,1,0,2615,277,72,2193884,506546
5178,1323,772,3511,34352992,31931282,13216199,12302433,9107388,9056129,2024-07-31,21,7,31795,98993,243,60,689937,1062135
5280,1371,737,3615,32133688,31851962,12794553,12502450,8066697,9800524,2024-08-01,13,4,78618,95685,219,43,1017563,300515
5165,1326,793,3524,34730330,33322387,14230386,13344801,8812620,8830443,2024-08-02,12,5,6450,45074,279,70,1545901,652082
4887,1282,765,3300,36222217,34146498,14956050,13919770,9518758,9298670,2024-08-03,11,2,13445,91847,244,65,2080047,534135
4796,1276,720,3303,33083912,30959354,12684888,11521696,9626279,9936169,2024-08-04,10,4,47022,106189,244,62,1575692,512033
5593,1346,860,3784,40499418,34139874,17554393,13791157,9814102,9419147,2024-08-05,9,2,0,123592,294,81,2194857,642137
5382,1428,799,3676,36542921,32954476,14636687,12485254,10153154,9953489,2024-08-06,12,6,64306,164432,261,58,1065676,408039
5280,1360,785,3623,36096019,33795351,14395623,14032958,9681951,9365113,2024-08-07,18,5,133117,4614,267,50,1550055,385759
5405,1380,833,3657,38455262,32807762,15524341,12150672,9338276,10508074,2024-08-08,17,7,108161,59771,261,71,1708508,586908
5058,1318,740,3409,30755267,33494183,11694189,12648541,7580093,9440672,2024-08-09,16,6,147482,197930,230,51,603904,236268
4684,1254,727,3151,33997082,32388871,14142324,13486977,8780020,9043417,2024-08-10,14,7,85542,170716,235,56,1844804,508952
4571,1234,702,3116,33469269,32583394,14661898,13160341,9178299,9347417,2024-08-11,12,3,34030,122639,249,61,1491073,414025
5268,1310,808,3565,36496909,32049888,15411330,12793355,7956828,9460572,2024-08-12,15,2,0,171648,255,66,1971663,842310
4991,1357,735,3366,33424282,33035751,12113898,12522659,8966755,9214355,2024-08-13,10,1,0,7683,294,80,1564047,1136271
4975,1296,771,3298,35475020,32343037,13727535,13385184,10057293,8835620,2024-08-14,11,4,59942,113799,266,67,1413600,524927
4569,1239,720,3113,33365685,33358100,13965914,13618309,7828781,8811517,2024-08-15,17,7,67862,5874,219,60,1788309,412333
4564,1223,699,3048,31130458,32111533,11857518,12427499,8704590,9654350,2024-08-16,26,9,91477,103660,200,41,899469,410920
4592,1263,706,3056,32431104,35831964,12656685,14316470,9471988,9518563,2024-08-17,14,5,108491,82053,213,49,1015930,373137
4553,1221,729,3136,31925149,30827553,12575329,12268514,9038268,9563495,2024-08-18,8,3,5089,195534,212,60,1457469,446333
5477,1363,854,3743,38359883,32435043,15173447,13834656,10837877,8904298,2024-08-19,18,7,52427,86818,260,73,1912635,675910
5026,1345,776,3481,35522040,34185424,13747976,14075484,11004408,8690265,2024-08-20,17,4,0,174256,213,46,1389035,195250
5133,1375,779,3517,34033935,32763612,13771168,13897922,9435109,9548610,2024-08-21,13,6,26168,79938,240,59,1919135,482232
5197,1330,743,3479,35012773,34253837,12964865,12917958,8215900,9822954,2024-08-22,15,3,0,174405,269,75,1446144,763373
5028,1363,775,3416,34037694,35045836,13010766,13682584,10353051,10487141,2024-08-23,12,2,33010,12591,251,55,1542469,309126
4913,1278,779,3322,36803860,33617139,14980896,13098093,9540938,9269491,2024-08-24,13,5,0,88279,249,64,1753517,360063
4762,1273,734,3271,32959738,33559066,12549963,12142230,9100469,9617778,2024-08-25,14,3,0,89832,259,59,1269253,654967
5346,1347,829,3654,32015978,31876607,12902489,13516731,8915763,8231713,2024-08-26,18,7,48629,50186,254,66,1098048,625105
4874,1320,771,3360,32745652,30815252,11640031,13089855,10617039,7768642,2024-08-27,16,4,3620,53134,245,69,1321259,581199
5011,1388,791,3435,35269987,39279943,15059426,13718218,8603953,10217217,2024-08-28,16,5,27367,61544,260,66,1184196,399922
4621,1280,711,3163,33539946,35243516,13641068,14333561,9305464,9775107,2024-08-29,21,5,42261,50371,238,48,1267084,474150
4656,1254,784,3209,34345021,34716784,14944566,13737904,8855633,9121509,2024-08-30,15,7,60446,132293,251,76,1651340,974982
4565,1242,776,3107,35611048,33394384,16168448,14685758,8128247,9448680,2024-08-31,12,5,78277,67623,250,54,1793457,380749
4511,1247,706,3096,33925218,31158999,11817614,12629180,9727301,9301976,2024-09-01,9,3,15640,61513,241,59,1002054,565825
5510,1320,877,3721,34827634,33930576,13816105,13647891,8444893,9640840,2024-09-02,17,6,97587,59368,257,53,952502,440061
5329,1404,815,3621,37559058,32170139,15807434,10988976,8872128,9204541,2024-09-03,7,4,15640,198555,237,63,1542901,446041
5272,1350,831,3667,36364976,32823636,14712934,13946617,8532129,9267992,2024-09-04,14,5,9477,39518,243,59,1232960,639644
5169,1294,808,3546,34728785,32075726,13649997,13486829,9093355,8992063,2024-09-05,17,6,28622,385374,269,66,1450232,444500
4952,1279,790,3392,32527928,34800450,12762427,13523096,9179665,8979379,2024-09-06,6,0,0,0,274,73,1348285,821359
4747,1239,753,3166,33525196,33830092,13994475,13530562,8688082,9388638,2024-09-07,16,7,131313,185155,248,60,875138,780053
4709,1236,762,3278,32195379,32601024,14374164,13469796,8696875,9116097,2024-09-08,11,2,0,47284,223,53,1377193,451048
5611,1350,881,3826,36129448,34374126,15315606,14244124,7708883,8601138,2024-09-09,14,4,53984,17076,252,73,1353004,453619
5134,1386,811,3639,36429302,31382307,14766123,12921075,11214327,9551842,2024-09-10,9,1,0,12483,248,61,1194991,521870
5133,1347,829,3556,35971135,35084708,14294646,13953954,10033823,9635529,2024-09-11,13,2,39315,0,274,87,1743460,672127
5307,1387,797,3654,37107592,32884264,13960526,12508304,10585752,10743692,2024-09-12,17,5,32047,85278,252,61,1771940,618203
5151,1384,796,3544,34397001,36266225,13323828,14563285,9979591,9967286,2024-09-13,14,1,0,0,262,61,1021988,494335
4490,1180,726,3059,29491333,31041373,12839532,13591900,7786924,8117849,2024-09-14,13,4,36791,54323,116,41,825959,342486
4345,1201,656,3000,27017613,32463160,11421025,13307459,5855494,8835220,2024-09-15,17,6,35554,267718,71,18,836754,291685
5065,1307,734,3479,33039032,34172177,11060392,13702080,10947320,9282134,2024-09-16,16,6,76432,102776,168,22,613643,186004
5233,1314,819,3543,34418502,34044196,14246680,14755293,8562886,8831327,2024-09-17,14,2,33042,0,283,83,1824403,608242
5153,1290,836,3597,32210973,34450651,13064830,14627037,8985886,8640675,2024-09-18,9,4,56121,59355,255,87,1286420,878898
4902,1266,722,3376,33472650,30338471,13062148,12104525,8986866,7838768,2024-09-19,18,5,45281,62647,144,33,1039287,192456
5024,1300,778,3421,30446028,33103272,10667157,14021546,9271196,8702943,2024-09-20,13,5,30448,238960,249,59,844331,473084
4563,1213,763,3098,31569622,29743699,12717547,12996523,8452324,7471107,2024-09-21,13,4,43231,11905,219,69,1430147,667783
4460,1175,768,3099,32825832,33206974,13832106,14334623,9155918,8909670,2024-09-22,14,8,83580,74400,216,53,1019022,487383
5578,1379,876,3773,41212098,34031418,14558005,13478235,13802797,9516695,2024-09-23,17,4,8335,283949,326,86,1571568,848151
5252,1374,809,3606,33531346,33283080,12772298,12178191,9005244,10074813,2024-09-24,11,4,579,67069,282,79,1287097,560153
5236,1357,862,3616,38161932,35835342,16052156,15272120,10130021,10758516,2024-09-25,22,8,89628,179887,274,65,1319634,632510
5371,1359,829,3708,34489945,36614618,15725760,14203875,7635556,10703943,2024-09-26,18,4,77762,32408,261,55,1932413,629459
5137,1351,748,3481,33849660,34432290,13024458,12922609,10317510,9839869,2024-09-27,9,1,0,29018,262,69,1417812,588931
4987,1333,865,3441,34379111,36743951,15018453,15575952,9510529,9649961,2024-09-28,20,5,54450,106321,294,77,1891748,611417
4943,1324,789,3419,34271844,34700031,13105722,13685078,9331279,10743739,2024-09-29,9,2,0,84991,273,71,1147527,736179
5428,1290,873,3693,33342195,35229050,13511738,14125737,8410568,10113314,2024-09-30,21,5,58310,36961,285,86,1605585,915563
4894,1288,796,3414,32202660,29886001,13985712,10730548,7247557,10231401,2024-10-01,11,2,5475,0,218,65,766783,547967
4902,1244,801,3388,30568800,34160062,14209697,13257029,7513715,8812013,2024-10-02,14,4,36098,11900,212,56,1275194,465047
5021,1257,806,3446,35208455,34696556,13483322,13580261,9085648,8930103,2024-10-03,19,6,15640,63838,261,76,1522783,720720
5161,1314,840,3514,35978605,31520554,15954133,14032284,9876455,8585582,2024-10-04,14,5,32614,73554,240,61,1574905,335610
4947,1320,790,3372,35759704,33415547,15942389,12688433,8771856,9713696,2024-10-05,12,2,32196,204715,229,62,1607879,462029
4940,1299,771,3434,31681907,31234922,13268806,13324250,8829322,9030261,2024-10-06,14,6,102927,115734,252,68,1860181,476152
5566,1339,842,3780,37871778,35231434,14519800,13243344,11124117,9855141,2024-10-07,14,3,12770,38964,230,60,1024165,778451
5237,1389,837,3617,37367452,31903813,16027137,11910386,9859637,9298137,2024-10-08,11,3,31864,38388,266,68,1506386,638772
5249,1354,835,3634,36511440,34958406,14795080,15323350,8858349,9259585,2024-10-09,15,5,3465,269212,262,74,1062441,856103
5148,1367,786,3523,34051549,32537822,13146441,13304864,9474631,8614958,2024-10-10,14,4,65737,0,246,64,744257,532065
5277,1431,870,3674,36265511,33415015,16417065,13471381,10027145,10567136,2024-10-11,10,4,83442,5429,278,77,1899027,872683
4958,1302,810,3370,34096747,32845944,13826556,13181537,9522857,9069018,2024-10-12,19,4,33531,57730,248,61,1714776,409587
4752,1254,792,3269,33824231,31452287,13939574,12358250,9359825,8452238,2024-10-13,17,7,61733,205948,279,77,1258743,630081
5531,1393,838,3784,36289095,32431506,15761171,13405447,8774066,8608880,2024-10-14,11,4,30393,89020,250,55,1354543,408419
5255,1372,802,3595,35792567,34345383,14692238,13943097,10043057,9038264,2024-10-15,9,1,0,61402,243,58,1578580,337915
5309,1380,849,3660,35848481,33026163,14119077,12965927,9668107,9630072,2024-10-16,15,6,61292,58541,249,77,1556149,768257
5407,1434,842,3772,36689588,34822685,16674661,14088446,10267609,9734411,2024-10-17,13,4,22429,94829,255,68,1614780,525382
5094,1341,775,3418,33775792,33373904,13231239,13180994,7447609,9021437,2024-10-18,19,6,70422,18409,226,61,1317945,701478
4657,1229,743,3207,27999339,33632889,9806996,13631075,7845146,8795636,2024-10-19,15,5,70174,31337,197,63,1246871,411203
4599,1242,745,3172,32275971,31527946,14775526,12611911,7656485,9710193,2024-10-20,14,3,37490,5004,253,60,1461740,447353
5583,1332,899,3795,39436034,33313606,15844067,14183039,10315670,9042974,2024-10-21,14,2,0,71610,247,69,1280510,518073
4899,1321,803,3405,33989374,31361523,13350693,12448936,9859023,10031282,2024-10-22,9,4,2887,48757,251,59,1123275,356168
5051,1304,822,3463,34753842,32284599,15100384,13185695,9362192,8870987,2024-10-23,12,4,33322,110227,237,49,1224904,480603
5352,1349,796,3702,30964611,33136461,12075964,13638557,8139996,8981131,2024-10-24,18,2,0,30510,228,47,1345144,325701
5293,1323,835,3633,36508408,34525105,15666348,12827663,9973929,9681582,2024-10-25,17,6,0,138978,246,46,1265302,701039
4741,1279,808,3291,31956189,34519477,13896957,15379509,7916490,9228924,2024-10-26,13,5,8002,82052,246,73,1458715,827694
4680,1272,754,3297,31842525,30049626,12140224,12371131,8323979,9448193,2024-10-27,15,6,64881,61953,209,44,1109076,561508
5440,1334,885,3728,36113428,34840594,14789865,15452038,8948950,9339126,2024-10-28,12,5,1428,223596,270,65,1602356,735863
5234,1377,849,3653,33549648,36314516,14525988,14199382,8950386,10568117,2024-10-29,14,4,15640,105713,278,66,1371490,451211
5171,1341,821,3602,37538075,30851858,14968678,12388858,10586411,8770525,2024-10-30,11,5,0,140521,259,61,1769539,505603
5074,1269,831,3541,34335631,31536302,14674494,12225981,9393609,7823333,2024-10-31,19,5,146808,15742,215,57,1919869,516495
4718,1250,710,3205,30800076,32151536,11962825,13142253,9093981,8563929,2024-11-01,13,4,18956,20880,122,33,745374,441794
4665,1271,760,3166,32921044,32489632,12891522,13285583,7801687,8405659,2024-11-02,14,3,4738,215294,262,76,1046962,539643
4630,1310,714,3253,34506050,30528961,14166414,13034994,10387731,7948023,2024-11-03,9,2,39949,0,262,62,1110259,654966
5476,1355,857,3748,39327484,31162833,16255107,12678588,9888059,8612852,2024-11-04,8,3,6450,14051,277,65,1527531,573249
5208,1345,866,3626,35139157,33115071,14433782,13007791,9814998,8697534,2024-11-05,13,2,0,40838,276,69,1498290,496724
5330,1357,910,3722,36564222,36238918,15070495,14434835,9778670,10145093,2024-11-06,9,3,53945,5429,250,58,1288094,794179
5190,1333,833,3590,37371847,33870845,15774454,13226927,8972510,9835511,2024-11-07,19,4,15640,50415,249,70,1666976,780722
5247,1359,858,3597,36140756,33143129,15189625,14001654,9713487,8844528,2024-11-08,18,4,45576,201781,255,71,1755007,849944
4953,1342,822,3397,36576106,33665394,14960756,13648399,9718301,10110330,2024-11-09,12,5,35828,195696,254,65,1830123,527446
4798,1285,791,3399,33231968,31875834,14232938,13882857,8842161,9098021,2024-11-10,14,2,14352,6575,272,65,1505405,489480
5594,1349,906,3789,38278145,32403829,16439327,12398541,9654868,9077824,2024-11-11,19,6,8957,72560,286,77,1619135,599603
5309,1372,855,3719,34466126,32174440,15043307,12371875,8388089,9167096,2024-11-12,12,5,47564,41760,280,71,1598595,828880
5345,1366,841,3668,34296929,37076067,14055981,16043960,9737427,10057670,2024-11-13,14,3,103085,0,274,76,1675534,1175817
5245,1359,835,3644,37816717,33164497,14213021,13601758,10988161,9155468,2024-11-14,19,8,52811,203847,256,65,1790719,699162
5114,1373,777,3542,32863792,35340556,14033800,14656483,8711220,9924622,2024-11-15,14,3,0,219320,161,28,606407,385357
4783,1285,820,3326,33296002,31641177,14401735,13876662,9407106,9138971,2024-11-16,16,8,52909,77703,298,94,1990517,726580
4631,1236,740,3250,30894131,34935510,12222039,13596201,7900011,11283810,2024-11-17,15,5,0,19516,194,41,1183292,591324
5493,1365,906,3831,35962220,38408611,15827762,16564328,9819675,9336286,2024-11-18,18,2,4772,7666,243,57,1289630,922830
5285,1403,818,3675,34501624,33597338,13498407,13589389,8448290,9195244,2024-11-19,10,4,32810,118884,291,88,1977861,808974
5038,1287,839,3466,32903931,33005631,13422079,12994533,9208747,8618657,2024-11-20,17,5,2310,101407,251,69,1720893,684675
5200,1359,784,3597,35918783,31639090,14409503,12372345,10227030,9014760,2024-11-21,16,4,29561,61358,273,69,2071240,407002
5165,1370,834,3559,34014437,33433190,14461829,13563483,9606896,9519773,2024-11-22,9,4,33639,146312,278,77,2123240,845391
4764,1281,792,3313,34310389,33477673,15298141,14176082,9278158,10222237,2024-11-23,11,4,42886,24745,259,72,1753456,782883
4694,1209,828,3225,30942032,33490789,13788204,14889197,7712722,9048244,2024-11-24,7,2,76920,10632,233,70,1962040,612193
5421,1323,857,3720,36154209,34808730,15060846,14517809,10545646,9436379,2024-11-25,10,3,74515,0,184,48,1562695,408546
4854,1349,744,3360,30814586,33032418,11821455,12571487,8318011,10546581,2024-11-26,10,4,15640,61908,210,42,912156,399877
4878,1355,773,3450,28666311,32535418,11282585,13496552,8546085,9211145,2024-11-27,21,7,36602,88485,216,60,1385541,506750
4910,1259,830,3392,35770063,32347709,15638873,13892958,8856777,8842728,2024-11-28,13,2,0,0,227,58,1992150,615438
5132,1360,805,3517,35634423,33785363,14970485,13823680,8249354,10007728,2024-11-29,14,5,33988,247860,279,70,1095745,586922
4824,1305,755,3244,32606312,31387913,13547792,11864759,8061466,9286133,2024-11-30,13,5,36547,81674,303,75,1710072,454572
4839,1278,790,3385,32078319,30121087,13982258,12502373,7889219,8778050,2024-12-01,18,5,59186,105117,254,60,1472115,559833
5539,1392,860,3773,37087332,32018500,16105061,12837850,9437669,8971135,2024-12-02,10,5,15640,35120,269,62,2180354,717352
5284,1388,882,3691,36140345,31817860,14670944,12625089,9022909,8972632,2024-12-03,25,8,92121,150569,265,74,1890901,587431
5450,1405,829,3810,36062578,32218547,15088424,12989818,9121507,7788560,2024-12-04,13,2,0,125051,279,71,2111344,445478
5203,1338,835,3602,35868072,31460231,15795822,13190874,9258613,8993478,2024-12-05,13,3,45754,44306,263,65,1679154,724199
5176,1327,852,3547,34345389,34927041,14980219,15168073,8656458,8575809,2024-12-06,14,3,2890,203376,276,76,2220758,811626
4722,1268,758,3192,32038357,32924748,13287190,14214125,9522396,8867441,2024-12-07,9,4,38539,43381,258,66,1429000,797638
4633,1260,790,3271,32112863,33379678,13810379,13449456,8853635,9469068,2024-12-08,13,3,33607,79687,280,80,1229503,752996
5400,1307,904,3669,38959114,35471504,17143503,14138456,9536278,8628700,2024-12-09,9,3,1742,200511,278,68,1988416,729959
5040,1342,839,3566,33273161,33354353,14865007,13808307,8208536,9735152,2024-12-10,11,4,93589,45542,261,71,2182520,477210
5370,1367,875,3694,35833370,34206366,15030549,14784659,8360375,9498163,2024-12-11,13,5,3335,241888,253,64,1831086,684325
5359,1373,865,3705,36243870,32827065,15855873,13205517,9295242,9184215,2024-12-12,18,5,119298,62234,237,51,1300595,505664
5221,1350,851,3615,34394247,33704942,14340435,15310817,8482076,8414708,2024-12-13,12,4,5645,37141,218,59,1166800,596264
4852,1293,802,3343,33977071,32711720,13021837,14327266,9600394,8592257,2024-12-14,18,7,15608,131369,240,74,2107124,883777
4690,1269,740,3257,32928100,33085018,13446090,13844588,8634609,8849201,2024-12-15,14,4,64367,0,257,66,1197011,804134
5386,1346,900,3707,37770411,32677752,16358566,14059129,10062522,8213894,2024-12-16,15,3,30207,42631,247,65,1780290,638136
5444,1364,886,3750,34878342,32592937,15194392,13826020,8263911,8698871,2024-12-17,14,5,0,218388,271,74,1826243,812484
5144,1329,830,3645,33586658,30208242,13671372,12647851,8908539,8682816,2024-12-18,19,5,76489,38682,238,62,1114782,793455
5231,1387,830,3613,33212238,36036704,13750787,15433828,8395806,9186372,2024-12-19,11,3,42814,57090,276,70,1548057,668438
5174,1324,805,3543,35991564,32179787,15393316,12740946,9042016,8168083,2024-12-20,16,6,80417,123578,249,57,1692763,766802
4784,1284,775,3296,32900224,32694700,13333593,13311779,9154840,10001201,2024-12-21,14,4,96198,9912,242,59,879802,681933
4628,1247,806,3241,32961078,32753712,14353226,15398516,8457610,8978409,2024-12-22,14,3,41251,57540,273,81,2491107,712316
5326,1303,863,3623,35200828,34016956,13672338,14726659,9102446,8944683,2024-12-23,16,4,111629,54525,261,50,1487463,527052
4805,1164,814,3195,34249500,33691149,15817565,14273460,7847418,8173714,2024-12-24,11,1,0,66712,254,77,2048830,710633
4567,1136,757,3022,29956498,32526570,13740555,13854502,6749593,8777571,2024-12-25,13,5,19384,46305,232,65,1401736,662061
4985,1278,834,3390,32646996,34296269,14402009,15521714,7602071,9177355,2024-12-26,16,4,78214,171426,230,47,1304025,371923
4752,1285,800,3243,32445296,35147706,13376072,15209087,9773751,8922764,2024-12-27,13,1,5089,14796,252,73,1497413,766484
4589,1264,764,3138,32322110,33921772,14092980,14025428,7980455,9470227,2024-12-28,5,3,27589,108868,243,67,1147159,906312
4570,1330,738,3136,31353011,35460412,12012099,14719217,8221753,10811164,2024-12-29,4,3,7744,90777,228,60,1239683,849029
4931,1277,814,3333,37664348,33313593,17455128,13298290,10535459,9194591,2024-12-30,3,0,0,0,298,91,2444658,929513
4002,1111,676,2756,30625771,26631585,12604052,11362591,8359863,6771629,2024-12-31,11,5,35878,69604,250,67,1118886,465268
3693,1006,635,2429,28106287,28431225,12667898,10502374,6536277,8519553,2025-01-01,9,2,32007,37556,261,58,989286,488225
4476,1212,768,2978,35678726,28370106,14797965,11218916,8744913,8410743,2025-01-02,10,1,0,26138,260,72,1478627,585608
4590,1259,750,3084,35084717,31066874,13865981,13296384,10419221,8170016,2025-01-03,5,1,0,55959,271,63,1382762,578906
4506,1257,756,3026,36020127,31922824,14799788,12101549,9569527,9449967,2025-01-04,10,3,69681,33428,258,68,2272962,489425
4536,1223,729,3078,31975566,30551515,12523671,12270270,9395162,9019793,2025-01-05,13,4,49109,58178,254,68,1661184,528733
5147,1301,818,3500,36617593,31527713,14789347,13011695,10697005,8663381,2025-01-06,12,4,53303,106606,266,64,1615338,850376
4960,1308,851,3433,38226865,32885716,17077923,12822961,10082164,10002620,2025-01-07,22,6,109004,79573,269,67,1815762,594789
4755,1333,717,3297,33417622,29509700,12839288,11696809,10007281,8887458,2025-01-08,13,5,28538,143329,228,66,1759325,682042
4840,1329,745,3401,33665897,31686292,13633284,12699925,9688176,9161618,2025-01-09,14,6,50167,136207,184,42,1143722,437338
4837,1331,723,3334,35842023,33184600,12803477,11927786,9777292,10133753,2025-01-10,17,4,25958,62749,257,66,1774924,631531
4755,1294,756,3242,34643695,31103723,13065890,12663646,10117601,9017342,2025-01-11,15,8,44024,104804,276,83,1386686,1011751
4746,1278,773,3311,34549238,32070459,14625516,13081883,9701178,10178410,2025-01-12,13,3,9263,5189,277,79,2394069,842876
5328,1342,832,3641,35976124,33555179,15208975,12592128,10045157,9827435,2025-01-13,19,6,89527,210062,247,54,1014908,367275
5017,1308,775,3411,33438083,28849750,13271595,10718775,8376885,9151851,2025-01-14,6,3,76854,40052,256,70,1193787,539728
5122,1380,838,3569,33248196,34131093,14386309,13111664,8733089,10078461,2025-01-15,11,5,53401,98646,247,72,1658309,559735
5292,1348,806,3629,34914831,33073756,14196955,12386033,8957463,10520940,2025-01-16,13,2,0,0,274,78,1454660,747194
4863,1330,749,3387,31870143,28575464,13919254,10078936,8800958,8897923,2025-01-17,25,8,15640,204345,244,56,1710158,301971
4815,1296,730,3233,34075877,29291736,13124733,10494677,9625568,8944920,2025-01-18,18,5,36962,57235,270,80,2286879,807086
4800,1295,806,3397,34520852,32332911,14286914,12535042,9870883,9828107,2025-01-19,14,7,39614,152064,246,70,1617609,956472
5482,1359,822,3715,35892850,31013428,13877946,10734189,10003643,8675004,2025-01-20,20,5,37836,51237,270,65,1081011,669973
5057,1328,774,3471,34133500,30454083,14660664,12514078,9343858,9003802,2025-01-21,18,8,104704,205785,297,87,1765482,701323
5158,1360,811,3535,35361395,32164216,14269651,12255352,8878055,10174477,2025-01-22,15,3,30061,32802,265,81,2349239,584816
5256,1357,821,3623,37558323,32647644,16264609,11642730,9454946,10906097,2025-01-23,21,7,33269,83619,263,65,1435749,441359
5085,1362,748,3443,33758410,32927106,12506420,12954229,9903152,10153194,2025-01-24,11,4,59776,18846,262,73,1652530,572439
4808,1267,751,3242,30535162,33309923,12528006,12831027,7981035,10033707,2025-01-25,14,7,95344,193129,254,56,1439610,453458
4368,1193,698,3039,29337186,29566491,12517716,12598998,7914006,9021331,2025-01-26,14,7,123908,66759,194,68,1969113,743781
4984,1245,725,3371,30868838,33682679,11872456,12854889,9820407,8939562,2025-01-27,13,5,33554,146710,221,54,1490541,417088
4484,1239,633,3070,28838941,30572366,9943189,11670928,9401981,9371982,2025-01-28,10,4,15640,44534,176,30,419891,535138
4606,1236,703,3154,32638546,31095337,13571972,13193527,8239830,9224589,2025-01-29,18,5,0,106711,243,59,1458278,503971
4734,1322,676,3247,30341012,30866361,12127892,11562229,8576191,9046325,2025-01-30,15,3,28487,39255,249,63,2024372,437248
5002,1284,725,3366,31962338,33401388,11351506,13441050,10150976,9545017,2025-01-31,13,5,5089,127931,230,52,1017107,583746
4641,1218,725,3143,31781672,32415403,12445941,13140228,8288946,9129130,2025-02-01,16,8,37122,188009,217,45,1080481,344262
4519,1265,630,3138,31644284,28083090,12609500,9490982,9884033,9725069,2025-02-02,19,6,85223,94265,248,62,2011758,403107
5180,1287,790,3506,32894722,31659114,11548678,12003554,10190704,8606801,2025-02-03,15,5,49231,33558,225,67,1035096,524569
4639,1293,670,3217,32611193,29052458,13047153,9775005,8755209,8364838,2025-02-04,8,2,43654,5819,215,60,1444772,839580
4679,1232,700,3196,30802645,28346992,11848291,10251408,8254961,8377426,2025-02-05,15,2,54014,27007,234,65,1347703,778256
4785,1294,699,3309,31986725,30581167,12680819,11866674,9115259,9766166,2025-02-06,17,6,17914,143555,207,48,1128319,513133
4437,1233,629,3025,30278966,27165733,9388533,11028550,10401381,7590994,2025-02-07,12,5,23003,90654,131,33,891315,342448
4398,1233,646,2997,34993324,27172956,14294210,10815075,9706796,7856434,2025-02-08,17,7,139244,114595,208,57,1360154,660818
4630,1200,740,3190,32448213,29779163,12722558,12058670,8175174,8234478,2025-02-09,13,5,11620,149235,210,62,1080887,489311
5358,1372,792,3634,33340284,30521572,14042552,11658098,9525563,8759188,2025-02-10,17,6,27179,236424,227,66,1922651,470124
5124,1325,776,3493,32243550,30631343,12846762,10366746,9379860,9297777,2025-02-11,10,2,6450,53000,212,53,1124935,265520
5098,1316,715,3485,32059650,30810406,12549766,9472449,8261580,9378460,2025-02-12,17,5,64821,135900,204,54,1321089,668754
4885,1315,719,3387,32733863,29051282,12803124,9706016,8913610,9338402,2025-02-13,17,5,25840,16630,257,67,1594721,724703
5163,1317,766,3521,33267480,32280142,13005612,12016790,9279033,8978612,2025-02-14,18,6,26036,192605,279,76,1494507,759131
4849,1305,713,3280,31978824,31248343,10661362,12773421,11127541,8651769,2025-02-15,10,2,32612,29915,231,56,1090476,614374
4752,1242,756,3290,34029165,31091728,14681940,11691736,9087151,9227602,2025-02-16,15,7,4913,151067,243,71,1845351,810990
5322,1321,825,3599,33526954,32763949,13303780,13376283,8700008,9242585,2025-02-17,16,3,1042,108222,272,67,1396283,636100
5159,1379,814,3589,33813016,33977034,13038298,14685794,10763095,9049978,2025-02-18,15,7,57435,204509,287,82,2226717,921101
5171,1362,763,3555,32478021,33119972,12863598,12584955,8681070,9326224,2025-02-19,13,6,68855,79966,276,67,1768572,484009
5178,1345,815,3569,33194654,33137756,13383275,13692886,9159103,8671141,2025-02-20,11,2,0,9985,265,63,1282456,725734
4962,1338,774,3400,33183629,33356987,14285584,13824023,8101799,10078332,2025-02-21,12,3,31166,0,230,53,1142416,633559
4745,1285,740,3188,32611345,34321497,13797100,12971295,8784467,9562953,2025-02-22,18,8,44955,226461,245,63,1487978,379423
4543,1227,704,3120,29458588,33258989,12037364,13664710,8707791,10259030,2025-02-23,12,3,71568,22089,235,61,1776700,535209
5315,1335,796,3648,30180513,33944326,11335845,13659092,9023362,10813903,2025-02-24,14,3,58993,55285,250,60,872446,562693
5144,1321,784,3527,31854991,34084309,11988138,14182427,8799979,10077541,2025-02-25,14,5,0,91063,252,63,1151509,583902
5206,1370,800,3599,33719950,36276410,13447874,14964121,8683701,10353138,2025-02-26,12,5,19342,97381,250,66,1888722,524372
5144,1370,766,3569,31346915,31747050,11571800,12929619,9077218,8544630,2025-02-27,16,5,166935,42198,200,56,849495,915941
4900,1294,657,3323,30019638,28987498,9823320,11197262,8296003,7585577,2025-02-28,13,4,0,166919,81,18,410884,235562
4770,1281,688,3203,28885446,34767384,9142390,15077071,9347552,9907692,2025-03-01,14,2,33646,0,230,51,569056,407862
4557,1204,690,3163,28349766,27423430,12030824,11011488,6464256,8420746,2025-03-02,14,6,61513,164584,223,60,1575978,839483
5188,1290,784,3515,33176180,33378891,12600585,13442264,9686956,8795381,2025-03-03,8,4,65454,10055,301,78,1569884,930850
5084,1318,808,3527,35512453,32519717,13498399,13502169,10154024,9018148,2025-03-04,13,2,14544,91847,224,51,1269878,411513
4898,1339,743,3396,36242800,30998157,13721773,12071709,10278852,10160837,2025-03-05,16,7,27886,158271,280,73,1689059,513794
5166,1354,798,3572,34097611,31937566,13444188,12055162,9394079,9101991,2025-03-06,13,3,35604,50850,239,58,1054584,364844
5171,1420,771,3553,33692960,34717898,11750179,14556917,11000449,9487861,2025-03-07,14,5,40881,181139,268,62,1426853,456964
4880,1310,742,3323,32386056,35350021,12035869,13249000,9389648,10225523,2025-03-08,12,2,53919,5429,250,63,1132687,498383
4828,1304,701,3359,32793079,31774339,13201812,11485643,9540802,10641155,2025-03-09,6,1,6258,0,258,59,1309908,355764
5437,1348,832,3748,34665659,33651191,12960342,14553459,9176867,8221320,2025-03-10,19,5,70215,58455,238,68,1835464,492524
4823,1263,694,3338,32685360,29134520,11577744,10614995,9547177,8014979,2025-03-11,16,6,81812,101986,80,23,1048743,198893
5198,1371,792,3623,33394308,33013207,12843091,13015157,9641086,9808794,2025-03-12,13,6,25293,141196,250,69,1070074,823525
5302,1348,846,3688,35540417,33737853,16290766,12547561,8527107,9799548,2025-03-13,15,1,7222,0,323,75,1951640,784694
5146,1313,782,3471,32749800,31930196,12338794,13113860,8375430,9385566,2025-03-14,10,5,33014,288701,252,69,1402275,599753
4828,1318,754,3322,32067436,33170917,12100723,13623646,9654369,9672843,2025-03-15,12,4,46805,36236,248,59,2115158,418470
4482,1232,686,3119,29498917,31757313,11778697,12058941,8326975,9331187,2025-03-16,13,5,103109,51304,228,55,1018531,413453
5450,1379,826,3771,34564592,33058311,12987227,13054716,9709425,9202894,2025-03-17,18,9,43164,272502,260,61,1580925,643555
5146,1317,773,3542,32644539,34076046,13089848,13510436,8572707,9857783,2025-03-18,10,2,55334,56133,269,63,1317608,452669
4966,1300,756,3415,34323835,32269838,14148416,13145373,9070180,9454810,2025-03-19,15,5,6143,112042,269,80,2169488,819708
5156,1325,805,3542,33322010,31414656,12763735,12879369,9453676,8818107,2025-03-20,12,4,34481,80877,263,60,1310343,525113
5216,1336,836,3566,34837735,34047675,13851898,14872675,9438921,8774945,2025-03-21,22,8,82604,108699,264,70,1203840,599776
4873,1291,739,3316,34457427,32623290,14717587,12748616,8997941,10131625,2025-03-22,15,3,16730,62816,244,54,1715885,279506
4800,1329,749,3376,32960086,32040985,12705997,12851033,9764736,10105335,2025-03-23,9,3,35507,46221,265,67,1852081,606182
5609,1393,857,3851,38661311,32704102,15609619,13256734,9409441,9765930,2025-03-24,17,2,41323,0,256,69,1786344,584847
5345,1378,879,3688,34828501,35068327,14923689,14475141,10001586,10103293,2025-03-25,15,7,6750,133495,229,71,925634,768846
5434,1341,883,3758,36625269,37480250,15512061,14781202,10069082,10440912,2025-03-26,18,9,67558,185598,224,60,1564764,530972
5323,1361,815,3675,33672275,35336484,13904202,14046204,8671969,9851164,2025-03-27,11,5,51473,29183,239,63,1357071,482774
5136,1374,826,3552,33608267,37015518,13563972,15807272,9254639,10049604,2025-03-28,11,6,86009,162283,269,58,1625210,250869
4794,1265,747,3223,31712342,34553025,13591432,12988301,8465095,10239984,2025-03-29,12,3,0,22696,245,63,1525978,565696
4586,1224,732,3157,34806052,32011154,12056817,11311983,11831120,8985904,2025-03-30,11,5,7979,85236,250,60,1409306,451740
5295,1348,781,3634,29739620,32944140,12853367,11779939,8201730,10558654,2025-03-31,16,5,68927,14059,280,77,1735387,1016218
4993,1329,737,3426,32250055,33512223,12082690,12304187,9649984,8806734,2025-04-01,12,2,0,91847,272,77,1458239,510124
5097,1328,796,3520,32770552,32920364,14081213,11770415,8707269,10218620,2025-04-02,15,4,34986,9543,275,79,1612254,633167
5170,1357,787,3583,35797588,31955344,13544695,12010359,9351067,9920158,2025-04-03,13,4,64706,104274,272,67,1442727,232757
5196,1423,781,3586,37085353,31394431,15417969,11702384,9217610,10286042,2025-04-04,13,1,15640,5429,279,66,2033760,849435
4898,1332,779,3370,33161883,32072575,13284132,12857819,10123411,10138894,2025-04-05,18,6,88010,136881,260,71,1066460,444119
4851,1290,802,3400,32436797,31667498,13650247,12728375,8315959,9458692,2025-04-06,20,8,27085,89275,241,66,1316325,430442
5560,1376,846,3822,35770412,32070545,15047478,12164595,9748537,8966345,2025-04-07,12,3,15640,110183,266,70,1327569,825124
5261,1380,840,3695,35071443,32375979,14252864,12370085,9313768,9769650,2025-04-08,13,6,87071,31320,259,68,1775913,496157
5227,1354,843,3645,32957166,33300897,14187058,14500575,8011671,9107040,2025-04-09,17,3,7623,27848,211,72,1555432,609542
5295,1393,785,3645,36727601,32984974,14047019,12337553,11060830,10009549,2025-04-10,12,4,20229,84185,267,69,1766347,659642
4766,1279,666,3257,29044776,30405835,11457483,11978168,7811220,8184177,2025-04-11,11,3,9915,59089,126,29,784310,166618
4286,1178,606,2979,25521850,27736992,8704904,11121269,7753528,7278546,2025-04-12,9,1,26227,1270,89,21,285444,238222
4451,1225,695,3076,28828166,31857566,10975187,12148813,8603181,9300967,2025-04-13,7,3,50819,2224,228,69,1420116,632467
5503,1423,896,3785,40507711,35160518,17634601,14965194,10368345,9623863,2025-04-14,18,8,107597,95404,281,77,1332460,571758
5099,1355,790,3548,37187815,30901498,14385952,11902175,11043935,9742773,2025-04-15,16,7,77675,139185,298,76,2129796,763348
5166,1339,831,3590,32910162,35922301,13535441,14583200,9445776,10701144,2025-04-16,19,4,43967,22238,287,80,1545269,624714
4993,1348,752,3462,33800016,31499991,13373393,10379717,9849844,10401741,2025-04-17,13,3,15640,6244,275,68,1852895,342152
5111,1335,804,3498,33710844,33983357,12812275,13466464,8603827,9824863,2025-04-18,17,4,84951,129300,185,59,757313,512209
4839,1290,811,3317,34022202,32488052,13454753,13439830,9924148,9047503,2025-04-19,15,8,51283,914,267,81,1498536,868718
4668,1225,776,3206,34285225,34573119,14981790,14026393,8780523,9688437,2025-04-20,12,3,30112,20379,279,75,2040287,696748
5436,1378,857,3737,37796376,34745983,14363409,14734447,11476068,9494089,2025-04-21,12,2,0,57784,259,50,1162847,433960
5332,1417,838,3711,36001951,35470616,15297919,14596820,10013728,10302127,2025-04-22,12,3,40206,52067,280,79,2063703,977003
5104,1365,826,3541,35439112,32787077,13374796,13121229,9910438,9559110,2025-04-23,13,3,31782,1111,281,78,1804022,845918
5417,1374,852,3750,36524529,33821745,13843917,13679598,10598678,9474838,2025-04-24,13,6,76169,51597,260,59,1734685,364991
5159,1373,786,3548,35400426,34931433,13879132,14085589,9820109,10101110,2025-04-25,11,2,78134,0,279,68,1485715,572847
4963,1339,782,3360,33897970,34216492,13380023,12483153,8842832,11106850,2025-04-26,14,6,3885,133458,271,77,1579196,972544
4898,1268,771,3412,34365361,31062956,13899350,11749911,10398229,8622807,2025-04-27,11,3,0,31974,249,65,1179523,508431
5435,1393,826,3749,34903666,35013431,14808963,14042283,8978944,9961544,2025-04-28,10,3,42391,31385,292,63,1126820,779560
5093,1374,791,3543,34767781,32385385,14648292,12482572,9048852,9656385,2025-04-29,10,0,0,0,266,67,1760183,710216
5068,1361,767,3492,32244735,32312819,12827177,11711686,9373353,10491019,2025-04-30,19,3,77275,88792,271,72,2033221,600126
5056,1329,799,3455,34187041,33916327,13520211,13363588,9505024,10070750,2025-05-01,17,7,31584,117432,265,58,1355375,492498
4888,1325,796,3355,36376089,34960511,13909607,13600399,9834646,9733304,2025-05-02,15,5,31254,62250,244,60,2009501,399138
4637,1322,727,3197,33118069,30920542,13948661,11943532,8582106,10076248,2025-05-03,16,7,18739,32077,246,62,1020903,628962
4470,1287,716,3072,34400316,31130116,12742819,12097544,10310077,9175799,2025-05-04,11,4,55266,57890,267,76,1428376,499280
5194,1432,807,3550,35989105,32729776,14305203,12331125,10483801,10268976,2025-05-05,18,5,5180,138493,270,70,1912692,287063
5105,1390,810,3600,34814350,31942722,14228548,12234555,10203830,9689430,2025-05-06,12,2,1114,54971,256,62,1515587,249626
5156,1376,782,3552,36125221,31273182,12697615,12517215,10858028,8690106,2025-05-07,12,2,2186,0,247,66,1475558,555169
5123,1318,776,3497,36287098,31640119,14585264,12102841,10465902,8135788,2025-05-08,14,3,132139,0,216,62,1363849,577901
5118,1421,818,3587,32296030,34354861,12974955,13620797,10159772,9875249,2025-05-09,12,4,35743,105364,279,60,996462,412718
4686,1292,803,3254,36223661,33416773,15040713,13886104,9697094,9993738,2025-05-10,15,4,78235,41535,281,74,1440561,806703
4827,1339,771,3380,33532272,33072578,14102324,13881091,9717860,10244951,2025-05-11,13,3,0,26291,242,59,1216501,603682
5602,1424,843,3817,36431832,35808495,14151597,12940761,10151378,10962628,2025-05-12,19,5,35401,32751,291,77,1890466,915574
5219,1384,803,3623,37005524,32347415,14064281,13337193,11571398,8777256,2025-05-13,13,4,38524,102668,271,71,1464131,662942
5307,1446,779,3707,35628436,35252543,14094384,13578685,10600903,11349285,2025-05-14,13,1,0,15967,251,65,1619622,505354
5147,1305,818,3559,32818580,32813083,12425811,13755625,9918548,8459252,2025-05-15,14,3,21145,897,185,55,1560758,359446
5200,1414,798,3589,34181958,35736802,13798909,13834644,9367413,11182738,2025-05-16,14,7,108711,49410,285,82,1747340,678614
4788,1318,757,3283,33334279,33090103,13932471,13526585,8369902,10288925,2025-05-17,20,6,16351,63293,253,53,1100670,331631
4859,1300,810,3409,33403822,32251826,13849879,12635917,9317368,10153163,2025-05-18,12,1,0,0,282,80,1978397,464566
5387,1339,768,3655,35291945,33044231,13478925,12839119,8870839,9879399,2025-05-19,16,3,2890,79887,250,63,1169439,438997
5111,1374,766,3572,31984548,31208454,12643427,12288784,8893150,9752566,2025-05-20,9,3,78607,35079,256,75,1645827,916228
5344,1379,823,3745,34000826,35006808,14517148,14879035,9660538,9499710,2025-05-21,16,6,65556,61677,206,51,1192216,305735
5343,1368,797,3654,34565080,32973278,13962280,12127976,8557429,10291204,2025-05-22,15,4,12999,75746,274,74,1647013,628000
5214,1344,789,3568,31741907,34102515,12025540,13852435,8707551,8562130,2025-05-23,11,3,73780,0,222,58,1559812,497635
4736,1310,711,3205,31159758,31627930,12320475,11448730,8182109,9876948,2025-05-24,5,0,0,0,264,56,1333057,297678
4703,1307,796,3353,30374923,32009564,12968558,14059669,8168882,9704565,2025-05-25,17,7,92367,86502,281,75,1748491,596060
5634,1368,910,3888,36713132,34315388,15364513,15406184,9984119,9560315,2025-05-26,12,3,0,71183,266,70,1387484,810022
5309,1389,882,3719,35951222,32853967,15299533,12970964,9198731,9604281,2025-05-27,15,3,35142,88320,271,70,1184742,555173
5337,1409,849,3722,35951143,35476128,15552223,14625239,9387200,10492503,2025-05-28,17,5,15640,86960,282,79,1793868,782356
5234,1347,860,3593,36092566,34712115,14402755,14450089,9222492,8787415,2025-05-29,10,4,7506,64522,267,81,1803915,512483
5034,1374,826,3499,34915787,33949779,14509722,14478772,8537207,9798239,2025-05-30,11,1,30693,0,262,63,1198085,782346
4852,1320,822,3314,36768897,33535685,14839126,12787904,8580721,8996875,2025-05-31,11,4,83629,17990,255,74,1867011,776277
4668,1306,718,3284,31438479,31470935,12739695,12847927,9354851,9858516,2025-06-01,14,4,81187,23866,200,54,1262228,562596
5491,1380,844,3776,34764912,33697000,14454444,13601620,8876803,9093957,2025-06-02,15,5,0,38497,258,63,1281222,270386
5244,1350,840,3643,37019044,31638363,14783020,13741210,10630466,8226452,2025-06-03,14,5,105702,77611,272,73,924699,809487
5187,1401,806,3614,37390777,33853602,15309610,12545756,10699508,10635611,2025-06-04,19,9,88025,67039,256,68,1451233,341264
5142,1304,817,3495,34699510,35223712,13491339,13354858,8897685,9347610,2025-06-05,17,6,68117,79874,230,73,1272020,383828
5090,1375,794,3472,36349687,31223432,15563564,12667908,9945470,9346385,2025-06-06,14,2,30746,54107,275,75,1587252,628117
4858,1315,750,3236,32438695,35078595,13252225,15046787,7650824,9660135,2025-06-07,13,2,483,55716,212,52,1266653,666141
4746,1303,766,3351,32929054,32337068,12717386,13033462,9529852,9711378,2025-06-08,12,4,60523,12084,209,59,1306779,669709
5499,1383,876,3774,37997549,35585197,15204624,13513718,9893413,9651195,2025-06-09,20,7,56791,112013,292,74,1526624,834073
5244,1361,788,3600,37957249,32165280,14007315,12350393,11974030,8528108,2025-06-10,12,3,62410,103358,262,56,1088174,391116
5202,1448,803,3626,36613670,34032163,13703108,13305114,10556069,10671596,2025-06-11,13,4,32045,17107,256,51,1253840,475690
5208,1339,760,3546,33662275,34012753,12538624,13261164,9629372,10377629,2025-06-12,7,1,7005,0,240,57,1472276,372365
5053,1378,800,3509,34652865,35360337,13791412,14248721,9620795,10419225,2025-06-13,10,2,76417,6245,237,55,1358671,427626
4562,1218,706,3105,32471454,31013806,12386751,12275015,9988861,8625108,2025-06-14,13,4,78598,27541,228,55,991663,366001
4854,1297,833,3373,37059877,37173400,15495563,14116240,9511721,9963538,2025-06-15,14,4,19616,61807,275,81,2319570,694592
5945,1531,918,4074,41093049,41946827,16320390,14955879,9590590,10290195,2025-06-16,16,5,55357,48791,276,80,1441794,706172
5343,1370,845,3736,34424880,37935280,13486438,13503440,8862335,9740427,2025-06-17,16,3,35409,34912,273,66,1454924,459090
5388,1426,845,3714,37836551,37608059,14510613,14294289,10778742,11435976,2025-06-18,16,5,33266,87876,256,69,1559750,625880
5293,1365,865,3627,35940766,41651633,13685584,16458867,9497048,10938254,2025-06-19,17,5,56098,95716,247,55,794521,504788
5371,1403,859,3687,36802493,38573546,16628742,13976057,8530158,9732471,2025-06-20,23,7,31526,60732,287,72,1609922,484743
4943,1330,737,3332,32813499,38343200,12190066,14285406,9396324,10226337,2025-06-21,13,2,2054,38229,268,67,1809598,615126
4880,1326,798,3378,33471523,35033194,13921712,14378818,8257111,9337484,2025-06-22,17,2,0,1757,237,56,1143261,599414
5546,1417,833,3782,36265510,37247545,13936429,13854823,10027875,10286793,2025-06-23,12,8,25430,96242,262,73,1640198,534904
5294,1407,850,3679,36639852,35431503,14856632,12846250,9935771,10164690,2025-06-24,14,4,4644,100814,269,64,1536719,494891
5359,1418,819,3724,36044954,39116503,14574791,13604723,9625902,11241558,2025-06-25,10,0,0,0,264,72,1308758,584017
5388,1377,856,3744,36453579,36157709,17035959,13616191,9418514,9469492,2025-06-26,18,6,40499,77040,270,69,1597374,604391
5242,1326,819,3568,35682297,36228786,14566219,13578163,9785911,9768437,2025-06-27,12,2,42127,26967,283,73,1555554,481734
4954,1333,756,3413,31702935,34573888,12524088,14533708,8624591,9458719,2025-06-28,14,6,78702,79912,231,65,1248290,624070
4862,1291,808,3414,32609098,36563885,12159291,13454036,9313889,10689531,2025-06-29,10,2,0,64279,254,66,1089211,588624
5667,1429,880,3889,39376224,36626237,16476690,13607767,9398461,9379265,2025-06-30,26,8,117538,76586,276,81,1984156,616716
5322,1400,810,3646,37850098,37665198,15167512,12668763,10091943,8450805,2025-07-01,9,4,43096,192049,240,52,950063,835355
5222,1383,799,3636,35587413,34208707,13869302,11581172,9927419,10564158,2025-07-02,19,7,100851,122799,268,75,1280363,1056799
5345,1380,773,3632,33866320,35755807,13311247,12364646,8715804,9570147,2025-07-03,11,5,522,171067,280,60,1228100,407410
5042,1300,793,3446,33083243,33629195,12259895,12262623,9216862,10003871,2025-07-04,14,3,42716,5909,278,79,1578230,679429
4972,1323,794,3379,34453276,37976579,12383135,14828996,9718572,9787186,2025-07-05,14,6,190456,14700,257,68,1378841,815156
4531,1209,669,3074,30349596,31635983,12056690,11464005,7806764,8160699,2025-07-06,15,4,60859,140586,238,62,1449361,483065
5571,1395,862,3796,39353518,34252789,15223969,13285145,12215412,9384657,2025-07-07,15,5,35535,217814,234,55,915529,401823
5081,1391,773,3586,37377519,31891020,15365422,11749676,10669189,10149620,2025-07-08,11,4,30025,5839,227,59,1391963,513876
5293,1390,853,3701,36579431,34873600,13828051,14118992,11615374,9764181,2025-07-09,16,7,58283,135637,286,81,1655874,893058
5147,1355,784,3587,33491682,33243773,12947152,13431424,9187763,9860889,2025-07-10,13,2,42453,23693,274,68,1450038,824273
4961,1343,792,3401,35140050,35154993,15486179,13571217,8502591,9680159,2025-07-11,15,5,49834,109800,250,67,1854445,524919
4950,1387,762,3366,34246138,35983106,12565973,14151982,10433057,10903148,2025-07-12,11,3,79793,91847,276,72,1754197,551226
4799,1292,767,3349,35592905,35937087,13936288,14921823,9373481,10671364,2025-07-13,7,1,0,29406,244,60,1739571,777699
5503,1426,839,3784,35727000,34596217,14431904,13735474,9839803,9907911,2025-07-14,14,5,47841,34066,249,65,1238749,643814
5006,1401,790,3509,34058694,34174849,12202180,14306909,11399408,9670477,2025-07-15,11,3,31699,44364,250,62,1101424,597717
5145,1411,793,3555,38525754,35558027,16193615,11330869,10151606,11585402,2025-07-16,10,4,110070,38287,266,72,1499439,409117
5217,1336,830,3549,35394368,37280159,14333180,14038244,8516490,9504552,2025-07-17,20,8,977,222674,259,62,1738757,467823
5093,1366,793,3491,32408671,33341787,13375857,12469902,8980569,9428819,2025-07-18,15,5,96576,84005,270,71,2166712,465665
4595,1218,768,3182,31530061,33404927,11803827,14573577,9255411,8270091,2025-07-19,17,9,85508,318939,246,63,938222,475903
4397,1226,714,3099,30684114,29933785,12152828,12211716,9847275,8227805,2025-07-20,12,3,4737,37721,238,62,1076322,391225
5330,1395,794,3689,33028577,34811354,12615881,12382164,8157660,11552594,2025-07-21,16,3,69780,17167,215,47,897736,386342
5367,1422,826,3691,37481479,35194560,14224469,13289949,10138556,10192639,2025-07-22,17,8,57487,236101,281,76,1648580,568769
5312,1402,830,3677,34001310,32641653,14637587,13587381,8362371,10066445,2025-07-23,15,2,0,68134,256,59,1727020,532974
5187,1329,795,3570,35170155,34389167,14322188,13662419,9113079,9190112,2025-07-24,17,5,89753,90801,242,59,1237335,474812
5077,1308,829,3480,34328686,34144947,15012602,14504506,7987135,9172986,2025-07-25,15,4,64007,52551,214,47,1798144,370089
4763,1315,738,3270,33857157,35183461,11985929,13801583,12070553,9914421,2025-07-26,12,4,17949,128981,267,70,1219415,926571
4678,1237,790,3284,33191675,31424728,13230033,13755865,9797450,8615725,2025-07-27,14,3,12999,42287,238,63,1422073,453659
5423,1392,813,3743,32428588,33685249,13199414,12873257,8563480,10118633,2025-07-28,14,5,17391,284587,189,52,589394,551583
4723,1278,684,3290,29908200,31090036,11597812,12372436,8433267,8659157,2025-07-29,17,5,33879,82902,91,20,881668,230139
4478,1242,634,3100,30702744,33009703,11168512,12757231,9510592,9559469,2025-07-30,10,4,44816,61646,110,20,890797,284428
5055,1292,789,3452,33751130,31218426,13617686,11976442,8860096,8843610,2025-07-31,13,2,4599,34465,249,50,1556058,258167
5004,1335,836,3418,37641880,32056893,14851396,12322919,10690357,9525153,2025-08-01,11,4,195419,0,352,100,2137016,603009
4736,1314,751,3261,35558194,33014851,13955774,12402331,9876297,9966352,2025-08-02,10,4,27747,48139,276,62,1131807,432748
4820,1309,737,3265,35963926,33172224,14422810,11766830,7762135,9646546,2025-08-03,14,5,61391,46733,238,49,1219730,267230
5600,1407,879,3856,36493283,33707092,15908360,13576380,9590243,9358366,2025-08-04,29,7,130265,110737,270,66,1397742,520728
5290,1404,832,3623,36694903,35203014,15023941,13561868,10674383,8971687,2025-08-05,15,7,23450,156427,250,70,1515164,377618
5263,1429,804,3660,36745372,34157260,14812236,13105039,10457363,9953583,2025-08-06,11,4,25424,29914,279,73,1376377,494282
5245,1364,807,3625,35055424,35798280,14091231,13477213,10155232,10964238,2025-08-07,12,5,0,133045,257,74,1740247,409835
5098,1352,818,3454,36147565,34368302,15169353,13372055,8906087,10013031,2025-08-08,10,1,0,26179,259,61,1482694,539155
4729,1332,724,3250,31423980,32464548,12249955,14492583,8829605,8841161,2025-08-09,12,6,202981,69145,250,70,1974020,587199
4686,1287,745,3245,33064047,34379941,13413701,13517723,10418343,10621127,2025-08-10,14,3,28956,50697,247,66,915065,586851
5349,1401,831,3664,36045985,37548704,13831492,15613455,9656979,11719093,2025-08-11,20,1,0,55294,282,73,1270108,1001234
4926,1338,774,3393,32773937,32742923,13550426,12761602,9113381,8867287,2025-08-12,13,5,53626,9760,269,73,1782182,612762
5059,1360,756,3417,33649797,37786739,12921674,14397384,9865716,10784424,2025-08-13,14,6,95454,177032,274,78,1444747,861084
5021,1348,794,3381,37823280,33218373,15588889,13387304,9757366,8877798,2025-08-14,14,3,0,90782,287,76,1714439,268443
4895,1322,805,3280,36945267,36252450,14963769,15034155,10067647,9823910,2025-08-15,11,2,58618,0,261,63,1339120,886551
4929,1351,827,3331,36244662,41528989,14997631,15600063,9293981,10032121,2025-08-16,17,6,73939,179634,255,65,1902664,471363
4706,1299,731,3204,31935847,33514211,12258518,13059140,9406482,10040411,2025-08-17,17,5,59935,23866,237,53,1215951,398653
5452,1360,860,3699,36338417,36125381,13989750,14185324,10450492,9918958,2025-08-18,8,3,0,124198,288,73,1813378,529241
5223,1376,840,3633,40354607,32629876,15549690,13151539,10965649,9724389,2025-08-19,10,4,21838,6436,258,68,1461933,860716
5234,1452,790,3622,37988644,33315420,14511129,12753851,10783544,9383265,2025-08-20,16,5,14330,46201,261,61,1641356,558795
5184,1362,790,3538,33784889,34153603,12576096,13252607,9345657,10332665,2025-08-21,11,3,0,83185,253,66,1327275,586102
5215,1372,851,3612,37771038,35345804,15912649,14525512,9268766,10745566,2025-08-22,12,3,44722,13118,264,64,1171825,623147
4875,1356,757,3354,31776537,33909482,13092044,13847301,9061505,9204566,2025-08-23,7,3,98266,5429,270,63,1730156,687939
4681,1243,744,3253,29859627,33757684,11583992,15009919,7608681,9066112,2025-08-24,16,8,126175,135388,233,61,1147329,405458
5451,1413,836,3712,35387531,33173366,14907373,12582451,10313903,9504320,2025-08-25,15,6,34368,111701,254,71,1893556,542634
5266,1398,817,3705,35484625,34556107,12794160,14559975,9809402,9402057,2025-08-26,15,6,39960,62581,240,59,982174,910534
5260,1373,815,3661,34052060,34866092,13137506,13842891,9730762,9893293,2025-08-27,19,10,64566,304835,259,62,1518218,704011
5431,1413,804,3683,38838938,35962864,14565449,14678915,11267908,10196543,2025-08-28,17,5,98734,32869,273,71,1659100,490898
5109,1366,805,3516,34523109,36171798,13960464,14253562,8177422,10937015,2025-08-29,10,5,38220,46575,250,49,1484748,407792
4723,1276,743,3270,35249025,33544253,13764113,13931577,9573202,9460006,2025-08-30,9,4,31683,15980,239,67,1848602,563574
4745,1298,755,3323,31793254,34295098,13558505,12928328,8940147,9956712,2025-08-31,17,4,4417,40709,234,69,2023203,629536
5313,1324,844,3683,34459660,33222734,14911042,13384415,8521543,9359123,2025-09-01,17,6,3136,117121,253,71,1984976,398305
5123,1348,802,3568,34286794,32423067,14406501,12565400,9683567,8915538,2025-09-02,13,5,9351,54762,263,61,1388883,681605
5190,1398,780,3611,37328662,32356145,14037070,11982536,10392567,9839819,2025-09-03,17,5,74781,116685,265,69,1239310,387542
5020,1346,746,3487,35506967,31614128,15031582,13038125,8656085,8208598,2025-09-04,15,1,0,25988,266,68,2006173,667411
5109,1395,823,3512,33889253,36097784,12853816,14587022,8585125,10632237,2025-09-05,14,4,27864,76605,277,73,1332092,714174
4906,1308,779,3351,34842680,34824689,13710072,13203778,8938887,10146768,2025-09-06,19,9,50546,297063,247,56,1446406,607298
4728,1230,758,3258,32986166,31478639,12503954,13698741,8781198,8500042,2025-09-07,15,5,115402,174992,230,57,1224637,493552
5475,1329,876,3756,37809218,32038816,15347099,12747993,10501218,8703859,2025-09-08,12,3,2890,38801,290,84,2126028,944862
5156,1342,797,3598,38495420,33324798,16767730,12857158,11563124,9603094,2025-09-09,9,2,84571,0,240,61,1729082,441777
5203,1409,830,3637,35186684,34258299,12956107,13891032,10811243,8906152,2025-09-10,11,2,0,7266,244,68,1347159,628295
5227,1379,831,3636,35665552,32808557,14674593,13339972,9903457,9781461,2025-09-11,14,5,39696,158785,277,72,1913640,496595
5028,1327,810,3424,31140599,38291010,12279843,15568589,7290586,11806654,2025-09-12,15,4,79209,33076,234,60,1191214,705555
4703,1305,737,3256,34609807,34043710,14603565,13200419,10791588,10712343,2025-09-13,12,5,119568,18862,276,75,2161238,443170
4621,1280,728,3217,34266902,33654542,13144459,13051713,9518869,9887737,2025-09-14,5,2,1619,8230,256,65,1474811,893216
5290,1335,861,3687,34836565,34479534,15282079,13938152,8523398,8785370,2025-09-15,10,3,48049,31091,269,68,1485004,765512
5029,1298,776,3435,34946930,33525426,12592165,14174512,10950804,9446460,2025-09-16,17,6,37755,112237,232,56,1073044,636524
5126,1361,815,3549,33353632,36948666,12897606,14079048,9180750,10233430,2025-09-17,15,3,7371,13544,212,56,1514296,733754
5142,1355,845,3606,36279126,35554846,15630924,14894661,10691648,9488139,2025-09-18,12,6,60129,304175,266,74,1841572,615086
4965,1308,782,3417,34524664,36638825,12969217,14091765,10218987,11149030,2025-09-19,12,1,0,0,283,88,2124956,1196526
4950,1358,763,3391,37410727,36367738,13719987,14510626,10673605,10261257,2025-09-20,16,4,5089,94668,257,61,1729277,592370
4633,1227,780,3242,32637119,34909237,13582337,15179405,9656790,9248957,2025-09-21,12,5,0,185439,264,58,1364836,586674
5199,1269,807,3523,33044843,35632413,12774725,14755159,8343788,8172081,2025-09-22,14,3,0,74795,277,76,1925077,972550
4825,1212,794,3358,32685584,33179337,12280418,15052264,9460199,7870708,2025-09-23,7,1,29643,0,258,60,1325039,729540
4807,1254,762,3352,33954449,32659457,13705992,13483579,9631736,9656486,2025-09-24,23,7,115972,109417,245,58,1272753,220485
5315,1347,861,3713,39719468,36929865,17446046,14762252,9791162,10591410,2025-09-25,13,4,5089,123635,249,67,2356756,606551
5116,1386,789,3537,35261740,34958106,14999480,12559686,9040621,10638710,2025-09-26,16,5,36223,52224,264,70,2251605,419417
4851,1313,835,3343,34169344,34365154,14185898,14909726,9462921,9477731,2025-09-27,15,5,0,125290,254,62,1571967,635778
4769,1247,757,3320,33451610,34534809,13588654,13209218,8786382,10648308,2025-09-28,15,4,0,64350,254,68,1392643,786783
5380,1367,825,3682,37023035,36541641,15345560,13948883,9624523,10387871,2025-09-29,13,4,14821,135751,278,73,2086255,493974
5406,1347,901,3755,38175352,38258601,16717158,13214873,10211502,9915448,2025-09-30,14,5,105480,72319,251,63,1477201,574746
5069,1333,739,3496,33004065,34298251,12183095,13068355,8956570,10523164,2025-10-01,4,0,0,0,250,64,1019219,679099
5215,1331,798,3558,36600024,36167435,12996127,12593590,10518134,9792720,2025-10-02,16,5,54949,66725,223,63,2242869,584498
5089,1316,822,3465,34151776,40270286,14599109,14577286,9703368,11221400,2025-10-03,20,5,65602,160644,225,55,1172702,353069
4512,1200,728,3032,33910976,32433312,12394639,13333299,10416178,8090080,2025-10-04,17,3,0,75549,215,42,1195505,404256
4284,1164,684,2971,28701765,32444375,11167241,12158841,7270844,8856163,2025-10-05,11,5,3438,41127,240,65,1147440,790532
5490,1315,889,3687,36423381,40185681,15421311,15288004,9822475,9693666,2025-10-06,12,3,31388,29232,258,67,1856412,891819
5172,1352,878,3629,36476866,38116814,17027415,15772682,8609750,10203297,2025-10-07,14,4,102647,0,250,73,2071068,1246162
4855,1339,703,3337,34436538,30550212,13463092,10920867,9654488,9243343,2025-10-08,21,7,60419,229296,203,42,1340264,156077
4740,1302,705,3300,34245814,30884477,12013312,13085410,12495802,8262138,2025-10-09,12,4,69624,91847,249,57,1090583,428156
4973,1332,784,3325,36309782,35464256,14169167,13387256,9716196,10224662,2025-10-10,14,5,78416,94973,259,53,1277140,754287
4853,1321,787,3335,34058550,32598381,13568086,13506276,10035365,9003399,2025-10-11,17,8,5089,143796,231,58,1617713,337256
4400,1222,718,3056,34422623,31415149,15041492,12025713,8582681,9801320,2025-10-12,12,3,97780,9385,252,63,1582738,580182
5269,1303,852,3642,34844621,38004171,14680250,15582087,8149485,9737952,2025-10-13,13,5,8490,253748,255,59,1612906,420892
5112,1346,820,3546,36000564,33161044,15463342,15055655,9097259,8904998,2025-10-14,22,6,36997,105374,240,56,2002506,393343
5311,1379,829,3690,36676663,37105921,14355595,14455146,10958112,10931259,2025-10-15,13,3,0,49912,250,62,1239385,325042
5166,1337,765,3527,33211771,33192724,11833525,13065195,9761508,9153880,2025-10-16,9,2,0,1145,255,60,954808,749444
5039,1371,769,3462,33616361,35679694,13886418,13789123,9847115,10534063,2025-10-17,18,7,18465,90798,266,65,1713864,337942
4701,1304,720,3230,32027378,32881861,12588800,13249678,9598638,8942690,2025-10-18,12,2,0,46648,202,50,1390318,502908
4629,1262,701,3249,31222138,29679781,12281946,12290300,7772073,7908539,2025-10-19,12,4,5089,136515,178,52,1280636,782175
5027,1224,741,3436,30900350,33429876,11983413,13383445,8533560,9026097,2025-10-20,19,8,61917,183441,176,50,1351444,542472
4809,1230,721,3348,31849191,32260684,12822593,13275910,9678088,8736837,2025-10-21,13,5,0,109118,166,43,1084473,335891
4680,1238,719,3286,32261311,33724183,11748170,13921588,10212918,9738295,2025-10-22,15,6,161130,88471,182,45,1139812,463072
4823,1248,784,3330,31279869,32929113,13154618,13988571,8668104,9004931,2025-10-23,18,3,14595,38521,244,54,942197,568847
4676,1247,768,3254,32417918,32304373,11844132,13347081,9049436,9465526,2025-10-24,12,4,15640,80302,246,59,1127997,416180
4676,1279,756,3227,32336327,34628640,12410645,14356151,8609763,9868740,2025-10-25,14,6,17914,218781,248,58,1084713,672458
4526,1225,763,3150,36290814,33143695,16265044,13361274,8879102,10196341,2025-10-26,19,5,33764,37689,260,79,1896422,575997
5275,1331,809,3590,35217729,32473066,14386160,12800774,9932597,9438366,2025-10-27,14,1,0,48940,271,62,1496558,874417
5051,1340,778,3501,33803722,33878042,13280397,13883759,9639225,8838082,2025-10-28,14,4,39959,39603,265,61,1766877,484937
5269,1375,841,3660,34790190,34985317,13691450,13632322,9644050,10502483,2025-10-29,16,6,35909,250987,299,82,2325262,858190
5176,1353,796,3553,33845099,35898545,13901548,13381886,8654685,10664493,2025-10-30,10,3,0,11393,269,68,1291768,890995
4888,1314,771,3378,32617267,33745245,13244945,12878379,8338343,9424100,2025-10-31,10,4,4673,31879,252,57,1179391,370600
4673,1301,766,3213,35835493,33361240,15015527,12558385,9890586,10622466,2025-11-01,18,5,112886,3215,260,56,1587995,562627
4656,1304,752,3293,34219548,33312781,13520672,14543245,9822167,10042223,2025-11-02,18,6,84687,65888,245,61,1128453,967038
5300,1359,810,3658,35750996,32222566,14736313,12080484,9109699,10754607,2025-11-03,10,3,33786,20357,269,72,2080706,424786
5217,1363,809,3623,36807011,33306829,15266888,13895391,10273648,8906600,2025-11-04,7,1,0,53447,254,64,1909887,334807
5269,1343,882,3712,37765319,36808612,16123948,14433913,9008114,10451439,2025-11-05,13,5,73687,63752,271,68,1283808,446972
5197,1372,811,3649,35541925,35146420,14373275,12659408,10342845,11449832,2025-11-06,19,8,71078,236302,262,65,1493633,506614
5134,1342,838,3513,33072297,34817430,14058333,14698825,8258598,9510539,2025-11-07,10,1,0,32877,290,70,1451413,947684
4723,1264,728,3214,31661867,32002215,13019573,11274756,8758479,10020695,2025-11-08,15,6,51365,217873,246,54,1204427,304733
4645,1204,738,3246,33275534,33733332,12015304,14087374,9876754,9145967,2025-11-09,9,1,15640,5429,233,63,1806659,580376
5258,1309,789,3611,33915012,33619640,12949008,12977728,9394123,9947339,2025-11-10,14,1,0,23485,289,74,954510,500656
5130,1380,874,3579,34144572,33516898,14434720,14321118,9110171,8880688,2025-11-11,12,4,54209,86450,262,60,1282333,327761
4969,1270,809,3447,35596125,33509097,15527899,14791141,9780052,9010094,2025-11-12,19,9,80946,210246,219,55,1910636,670793
5119,1373,805,3580,34065054,34441045,12245046,14252416,9814233,10535818,2025-11-13,13,4,17914,107388,257,68,1493992,485739
4947,1345,791,3436,32568304,33404052,12712104,14580226,9204899,9548121,2025-11-14,13,8,110350,191581,258,64,1476091,846023
4803,1271,765,3288,32455966,33356467,11622378,14208915,10061167,9660526,2025-11-15,14,4,5089,242505,228,55,1217603,548325
4680,1265,716,3243,32003661,30803740,11916642,11580125,8851560,8324584,2025-11-16,10,3,123124,12849,203,58,1167730,362436
5191,1339,839,3600,34098117,33989322,13833896,14041567,8102996,9882671,2025-11-17,18,7,142033,221833,189,53,1247223,776467
4932,1337,795,3444,34649921,31744431,13383512,12921432,10438226,9870869,2025-11-18,14,7,50612,45217,264,67,828135,703614
5180,1357,828,3571,36741902,35028894,14699100,13756970,11028591,9929564,2025-11-19,17,5,15640,86184,262,54,1454076,467666
5236,1364,833,3668,35260424,35109171,13600531,14803719,10903135,9822211,2025-11-20,19,5,3919,82919,262,68,2051366,695997
4972,1313,794,3411,33472859,33506883,13222472,12733372,9552787,10566026,2025-11-21,15,8,29117,208378,254,67,2011854,583782
4854,1275,787,3298,35164412,34999436,14194100,14071236,9617674,9520432,2025-11-22,20,7,33877,23670,262,59,1161767,572560
4687,1273,779,3271,35543938,33665673,15535276,14333005,8994378,9541090,2025-11-23,14,7,12257,145969,228,56,2002505,429455
5337,1357,809,3637,31908988,32972687,11532183,12774171,9150267,9285272,2025-11-24,12,5,0,139633,210,52,952673,438881
5034,1374,874,3539,37891874,32638633,16249354,13083970,10370065,10220834,2025-11-25,13,3,30805,0,280,87,2016173,734689
5159,1353,824,3556,33061944,37107715,13366114,14374614,8416171,11112086,2025-11-26,16,5,43330,69135,247,68,1728478,573471
5013,1285,741,3474,29987604,33550162,12557054,13279233,7260820,9823725,2025-11-27,21,5,106810,65126,241,70,1683969,681524
5069,1353,796,3469,36640411,34307824,15952144,13456907,9988573,9353461,2025-11-28,16,5,81523,99639,288,62,2104714,757981
4816,1247,789,3281,33928288,35026329,14093394,14045365,9349402,10005633,2025-11-29,14,6,54687,28823,249,67,1687541,558175
4776,1251,776,3302,32284544,30498816,12222367,11215262,10076591,9855533,2025-11-30,11,4,8464,146285,223,54,1112376,546824
5586,1389,875,3808,36314634,35976796,14283588,15588368,10142110,9727081,2025-12-01,9,4,522,269366,265,61,1417197,582358
5133,1341,785,3576,34768308,31077810,14074720,13092800,8746357,8145595,2025-12-02,17,7,100727,94948,239,66,1662821,449506
5097,1362,848,3563,36060303,32046731,14580028,13216341,11005550,9342866,2025-12-03,10,2,5089,16458,237,63,1378227,289630
5045,1311,799,3469,34754960,33406497,12368515,14073339,11442197,8683738,2025-12-04,20,7,69873,195683,288,70,990443,776417
5001,1312,793,3423,36356529,33192732,14075664,13249692,9545677,9933428,2025-12-05,14,3,6934,0,267,65,1364134,761631
5207,1332,910,3592,37730469,37217644,16841755,15619134,8738095,10283635,2025-12-06,17,4,79560,25225,262,72,1411788,704814
4670,1261,766,3234,32108287,31502878,13166960,12424781,7501803,9711827,2025-12-07,17,6,3905,114603,219,57,1275127,460176
5047,1309,761,3430,35760342,31644725,14054078,12074472,9245204,9336779,2025-12-08,10,6,109224,66497,233,52,1466842,302232
4894,1305,729,3394,32772403,31387921,13085994,12857976,8563328,9438360,2025-12-09,8,2,27878,28967,237,38,1172508,242130
4923,1267,727,3326,33671931,30798258,12318889,11823121,9972553,8787048,2025-12-10,13,3,0,27136,243,50,697654,265834
4819,1283,735,3386,31091480,32294976,12345784,12775231,9289590,9448393,2025-12-11,17,6,21897,164302,233,56,981374,468923
4901,1383,786,3418,33376482,32244482,13229513,13784230,8518579,9416796,2025-12-12,19,5,162275,86886,252,58,733775,507836
4615,1224,698,3143,31285655,30619696,11966242,12490101,9588925,8422407,2025-12-13,19,7,76349,45385,188,52,886091,516958
4369,1241,688,3071,30663960,30346156,11966879,11574788,8824745,9514701,2025-12-14,14,6,95212,172392,251,69,1198924,462667
5166,1323,795,3516,34282793,35453550,14139724,14613531,9327559,10303829,2025-12-15,13,3,0,68307,282,64,1501780,388353
5053,1374,779,3515,33774600,31913377,12789058,13809607,10407680,9058995,2025-12-16,19,6,13245,42079,249,53,1000951,703840
5119,1348,808,3542,34349042,35471019,13977025,14151967,9304965,9658371,2025-12-17,11,4,24704,132991,243,66,1371358,466435
5058,1303,769,3493,32337845,32460187,13192942,12642318,8847056,10031510,2025-12-18,15,6,46811,129748,255,63,1802753,597936
5022,1311,824,3438,34594657,34529029,15351770,13327793,8997995,10397187,2025-12-19,17,9,52335,124558,277,68,1120053,802819
4804,1295,731,3270,34739997,32968867,12986205,12825502,11133849,9441322,2025-12-20,15,5,47012,89709,224,51,1254061,446511
4576,1255,749,3225,30077758,33635541,12952159,14259809,7967018,9497215,2025-12-21,15,4,4914,97969,257,74,2096461,825497
5362,1371,787,3636,35323529,33761483,13439640,13459692,8401505,10170620,2025-12-22,15,2,0,223224,264,69,1156353,884858
5095,1327,829,3495,35133173,34884463,13981609,15442158,8424533,10048996,2025-12-23,11,3,0,133932,230,58,1324891,932438
4524,1211,744,3089,31317444,32571900,13380758,13686878,7891476,9346284,2025-12-24,15,5,67096,39628,256,68,1689684,567555
3967,1057,636,2674,29573813,29556340,12537176,12216403,7651435,7811717,2025-12-25,14,4,0,254152,213,38,1276391,212028
4627,1252,769,3127,36195482,34534938,14415122,13731545,9706541,10292051,2025-12-26,17,5,44789,372335,288,74,2127509,777412
4578,1242,772,3052,32094350,34888059,13664158,14667284,7678393,9189947,2025-12-27,17,8,146706,117714,235,66,1354232,658605
4388,1222,725,3010,30995647,32025022,12434236,14796786,7248709,8671911,2025-12-28,13,3,36376,0,243,54,1055811,659638
4958,1350,756,3303,36344046,32357412,13835689,12418984,10069477,9698006,2025-12-29,13,4,54007,37550,243,63,1795085,355283
4423,1256,675,2997,33054171,31884614,13084381,13207034,10020269,8515114,2025-12-30,13,8,138773,156559,239,61,1292264,821723
3861,1082,656,2590,34420875,29603454,13448014,12005794,9201567,8703804,2025-12-31,19,8,67154,130466,229,56,1626321,575128
3550,1035,568,2348,30018706,27803505,11484610,11352658,9344796,7562518,2026-01-01,16,6,9382,114325,188,42,1369073,224593
4003,1190,647,2666,29582989,32872302,12143520,11363558,9068705,9955573,2026-01-02,14,4,77847,81109,242,51,811062,376207
4107,1210,681,2733,35239244,31297057,15990876,11852691,9287792,8382381,2026-01-03,13,3,15640,98843,257,72,2284200,609471
4049,1095,689,2748,33231534,29156300,12219908,12424781,9653055,8553138,2026-01-04,12,2,1172,177965,195,47,667224,675911
5058,1316,769,3408,38618232,31482818,14146799,11674113,11763435,8583128,2026-01-05,17,7,47460,39834,247,61,1460176,655768
4876,1331,783,3366,36734867,31502592,13042864,12265816,12102452,8983761,2026-01-06,13,6,46912,75072,266,74,1431425,452591
4959,1311,749,3383,36489360,29642253,13545893,10300032,12617956,9375674,2026-01-07,21,6,126621,63658,253,55,1195786,574128
4868,1322,752,3344,36574589,31190755,15255101,11581228,10518653,10213990,2026-01-08,14,3,32344,31356,279,70,1789685,634075
4743,1256,715,3207,32546144,30234000,12736848,11631532,9726146,8904972,2026-01-09,18,6,80490,48962,242,57,1009131,395287
3994,1131,664,2746,29221692,28541511,10794878,12342059,9307961,8024909,2026-01-10,15,7,9948,211201,187,53,784259,562784
4122,1220,666,2859,32623656,29828858,12975004,10482666,9410465,9676350,2026-01-11,14,7,67500,138418,260,71,2568347,578827
5062,1359,792,3460,39266597,32466268,15691477,13053896,11646457,10424348,2026-01-12,12,2,0,4343,235,52,1271146,297874
4840,1297,710,3316,33031456,30492210,13697498,12494554,8915570,8365314,2026-01-13,16,4,68592,10773,238,68,1463208,476280
5020,1354,743,3417,35845742,34781638,13310023,12585160,10116643,10616069,2026-01-14,12,6,20256,133228,263,49,1359952,267821
5076,1356,779,3507,35787725,31795682,14657555,11720515,8902213,9937967,2026-01-15,15,4,40853,17597,221,64,1451280,682932
4780,1304,702,3259,32194066,34007945,12314244,12594024,10047132,9915055,2026-01-16,6,2,51194,0,174,48,1794869,492176
4708,1320,735,3224,33816991,31963896,13582982,11962543,10014572,11436996,2026-01-17,11,4,25403,117649,270,71,1574482,891398
4500,1208,702,3097,28399969,31938961,11037003,12304299,8262017,9695721,2026-01-18,8,2,5783,57183,233,61,1753250,297235
5211,1313,749,3468,33733739,31985936,13624165,12179747,8569293,10133915,2026-01-19,14,5,0,125788,206,58,1108561,776245
4773,1294,771,3332,32127785,32221797,12779799,13277736,9493767,9770683,2026-01-20,14,1,15983,0,218,54,965092,721055
4683,1270,679,3174,31562396,32138350,11294165,11635425,9103285,11036071,2026-01-21,9,2,43751,7405,244,60,1641088,660314
4833,1290,727,3290,32655230,33874574,12610768,13000313,8547447,10434849,2026-01-22,19,2,50404,58071,286,71,1690981,382808
4878,1310,766,3364,34466147,31900019,13041415,12510042,9922236,10355729,2026-01-23,15,5,23125,98673,256,71,1356130,856689
4618,1271,702,3099,31086622,33041481,12329876,12065591,8090545,11167049,2026-01-24,14,4,0,81884,253,58,1588942,549899
4307,1158,670,3017,29186213,29598645,11931505,12861195,8191559,9980424,2026-01-25,12,3,76633,7622,250,66,1801486,677349
5295,1341,805,3655,31551501,34749047,12374631,12688180,7478128,11512235,2026-01-26,15,7,39822,95386,234,54,1094231,357477
4930,1285,736,3355,33547633,33427450,13394707,12093684,9839333,9757327,2026-01-27,14,8,88162,49779,272,66,2063388,329771
4879,1289,764,3384,33846761,34371417,13880965,13614805,9411898,10760462,2026-01-28,19,10,97522,132851,247,60,1048686,814496
4782,1284,725,3306,34734891,34195428,12965680,13260196,10528536,10018706,2026-01-29,16,5,21546,20685,221,53,894011,643113
4837,1256,767,3324,34225159,34769738,14336032,13125131,8503034,10460533,2026-01-30,23,7,5895,151198,235,62,1831865,450051
4521,1205,720,3025,32846428,29341878,14079239,11772042,8638013,8175908,2026-01-31,12,3,2890,62134,223,59,1758320,674829
4480,1175,678,3036,30702870,30021972,11328041,10237220,8656917,9221643,2026-02-01,16,4,18548,35001,230,47,865861,402678
5009,1263,758,3411,31311304,31721663,13389262,12494161,7495427,9119280,2026-02-02,15,8,143401,122592,240,67,1111994,1024374
4875,1278,733,3382,34081943,30555414,13492753,11749238,9126812,9570579,2026-02-03,12,2,35599,4648,261,73,1643043,491782
4987,1305,776,3440,34477704,30977605,13458775,10935124,10021683,10221560,2026-02-04,11,5,24197,107760,277,73,882436,608534
4737,1263,742,3323,30998363,30548627,12394627,10842346,8263223,9735679,2026-02-05,13,3,79527,64106,245,64,1645694,778380
4784,1311,722,3269,31606009,31604228,12089581,10158504,8665555,10510073,2026-02-06,14,2,35466,80652,222,52,1193487,447925
4382,1200,654,2976,32244072,26950357,11945539,9050523,8860465,9091542,2026-02-07,13,4,0,85334,191,43,1063364,530600
4376,1274,681,3109,30796757,31513862,11359414,12531941,10025955,10290686,2026-02-08,14,4,48712,52470,237,63,1075402,651861
5476,1330,870,3698,35077868,35094617,14411070,13531728,8132157,10340299,2026-02-09,13,5,5089,115454,243,54,926295,677924
5119,1375,779,3516,34351068,35909690,14029422,14069554,8800236,11149174,2026-02-10,10,3,0,91847,236,65,1302936,359231
4908,1293,764,3402,34074189,32528989,13488748,12369970,9508166,10266966,2026-02-11,15,5,0,100013,241,76,1881940,941333
4841,1249,729,3275,32885355,33607835,13799596,13324449,8331127,9448415,2026-02-12,8,1,30118,0,252,57,1019556,842464
4796,1237,775,3253,33697734,30842747,14431279,12042872,7847412,10406144,2026-02-13,8,3,35847,79415,236,48,921892,451856
4556,1205,686,3042,34000936,31120218,13686239,12215286,8777169,8884620,2026-02-14,19,6,112382,122365,237,66,1415425,570884
4505,1189,642,3073,29238060,30254070,9811812,11590953,9300762,9184047,2026-02-15,9,3,9144,23544,192,48,559780,470088
4755,1252,711,3193,32705144,31650325,13033970,12280521,8279116,8766191,2026-02-16,14,3,71147,53353,192,46,657911,341196
4783,1271,730,3253,36712451,31729932,13846100,11116520,10047116,8367955,2026-02-17,14,4,80057,57122,255,65,2020173,241670
4886,1260,761,3312,33655185,37167890,13760964,13378097,9642514,10045767,2026-02-18,15,5,17914,172374,209,50,831204,456431
4863,1323,716,3345,33680770,33773975,12386071,14140506,10123258,9604431,2026-02-19,15,5,0,237159,228,59,1378524,639081
4914,1248,780,3312,33398622,33977159,12982004,13877060,9968416,9420655,2026-02-20,16,5,37444,22387,235,54,1718030,640521
4630,1269,654,3116,30239173,33550175,10429002,12911280,7900929,9984515,2026-02-21,17,4,2666,106774,201,44,1067440,397388
4439,1233,683,3101,30244543,31480045,10533206,12824662,9595164,9525363,2026-02-22,15,5,51468,107726,194,48,698260,297074
5203,1311,807,3505,35202138,33705326,12838496,13370620,9861133,9396167,2026-02-23,11,2,0,92391,218,47,898083,361618
4979,1289,725,3418,34130303,31891813,12066624,12551920,9492777,8988656,2026-02-24,17,5,88743,57649,206,47,1073460,428699
4902,1260,707,3316,35443815,33411210,11691846,13332864,12185772,9257592,2026-02-25,14,5,17914,116719,248,63,1351642,467686
4861,1313,737,3334,33039714,32837603,12887013,12729893,10684460,8739867,2026-02-26,15,4,15449,109948,227,56,1648984,645566
4864,1296,705,3304,33464397,32766852,12283916,12113014,11165538,8577320,2026-02-27,12,5,16312,222274,232,49,1298599,272905
4810,1281,739,3182,34864298,38224619,13139538,12891218,10106344,9924381,2026-02-28,8,2,0,36135,250,67,1377513,771578
4465,1183,721,3096,32776142,28933908,13281721,11959940,9436354,8031419,2026-03-01,11,2,0,3453,215,58,1315880,554564
5057,1238,728,3392,34022581,31598145,13042731,13012890,9708232,7511414,2026-03-02,14,3,35615,13339,157,42,775940,269392
4785,1292,740,3307,33249139,33920471,13401395,12565767,9051878,10358115,2026-03-03,18,6,97487,90202,254,65,1518695,406421
4707,1267,720,3299,31943788,29169281,12127407,11505976,8704937,8382016,2026-03-04,13,4,53605,63784,255,76,1693748,426930
4940,1254,785,3376,34048113,30329668,13573498,12114735,7818700,8688393,2026-03-05,15,6,33264,153514,238,46,1006466,398253
4779,1262,720,3247,34187415,34702785,13803893,14038568,9193389,9714276,2026-03-06,16,5,69379,45069,229,63,1799462,339052
4530,1197,686,3013,32751980,32320584,12087573,11675568,9427359,7042035,2026-03-07,14,2,56988,5429,246,72,1827139,497847
4389,1170,673,3060,31205076,28231903,11899913,11514536,9362514,8521795,2026-03-08,14,2,13960,37401,224,53,1080351,458326
5269,1288,797,3552,34764640,31735157,13698473,12691591,8984742,9313647,2026-03-09,11,6,63901,70311,249,63,1037384,683115
4803,1288,781,3347,33317958,30162710,12837169,11965625,10796082,8802370,2026-03-10,8,3,0,145999,260,79,1534574,813489
4901,1272,722,3331,34220924,29678729,12723786,11045660,10007750,9460653,2026-03-11,10,0,0,0,230,57,1172056,546144
4985,1275,799,3446,35261540,34283628,14380514,13394523,9388165,9432443,2026-03-12,16,6,35081,225247,253,57,1026778,531671
4751,1269,730,3230,35277002,31631811,13249498,12537352,10500146,9774327,2026-03-13,7,1,0,4602,248,61,1806034,222334
4361,1187,666,2935,30371555,30501272,11247228,11856422,8916087,9648414,2026-03-14,9,2,2778,90706,221,54,1295717,343087
4431,1229,711,3101,32306700,28611086,12425209,11897004,9095503,8572135,2026-03-15,12,2,2304,50910,218,51,1217695,398733
5278,1343,831,3632,35444870,33083110,13541498,14146892,10440438,10263476,2026-03-16,26,9,16893,132722,261,63,1257261,504955
4969,1265,819,3464,31146852,32967848,12196292,14268433,8543606,9298120,2026-03-17,13,7,91000,131532,228,54,1280303,492395
4947,1325,730,3390,31420586,31517959,12968403,12552799,8877698,10370923,2026-03-18,14,4,5318,51259,229,45,1187851,472169
4850,1273,736,3325,32767569,34188291,12779984,13710209,8475512,10150339,2026-03-19,17,5,15640,144663,225,52,1374427,790024
4574,1277,743,3186,29306201,33312223,11324754,14224065,8733511,9766731,2026-03-20,17,7,70950,96357,241,62,1005136,372968
4441,1171,688,2989,31332559,29011559,12988593,11531140,8374365,8385906,2026-03-21,20,5,0,103000,246,73,2066545,679523
4550,1231,705,3207,28350130,32586696,10617405,12037626,8096607,10744736,2026-03-22,10,4,44959,51191,209,41,712935,474752
5136,1371,740,3541,32456003,31123852,13885477,8671652,9368557,11211215,2026-03-23,10,0,0,0,270,69,1448300,311391
5083,1302,877,3529,38284393,31827670,15765572,13235485,12400242,9667358,2026-03-24,14,4,17914,179309,264,77,1933121,559574
4864,1287,737,3365,32613007,28433443,12827986,9911243,8994909,9746210,2026-03-25,15,6,44710,65499,213,41,864424,311525
4659,1251,735,3217,33683194,29253667,13615914,10981831,10744944,9332297,2026-03-26,10,4,1888,54305,268,70,2584376,676691
4889,1306,792,3408,33581567,31836822,14472672,11687446,9245297,10887322,2026-03-27,17,5,31659,48855,251,67,1685744,388270
4658,1210,726,3162,32137514,32111528,12272920,11865855,9522349,9461032,2026-03-28,7,3,3865,56673,233,50,889459,365686
4462,1158,682,3095,28265152,32215853,12240050,12279333,7377699,10721395,2026-03-29,16,6,88027,57831,192,52,697420,534572
5195,1309,788,3598,33171781,31554846,13227304,13789737,9903845,8923935,2026-03-30,14,6,28840,77949,226,54,1588129,370620
4681,1288,812,3302,31765026,32981039,13026908,14694759,8861462,10077813,2026-03-31,15,9,88584,242028,262,68,1268781,598373
4756,1272,729,3286,34351985,29166086,13279070,11245290,10011496,10504591,2026-04-01,11,3,33335,37221,244,68,1952683,503134
4765,1212,759,3282,33903603,32034717,14216445,13282349,9249505,9783520,2026-04-02,15,2,33823,48485,238,68,1071772,845835
4638,1244,666,3140,31381178,31830169,11565372,11941220,9356001,9249346,2026-04-03,12,4,42152,38643,233,58,1014886,660637
4335,1245,704,3026,32472710,31147654,13608073,13466554,10615375,9271783,2026-04-04,19,5,10456,238592,262,65,1421076,498028
4078,1146,678,2824,30629785,28762275,12261971,11558591,9677299,8631402,2026-04-05,11,4,2890,79284,242,58,1352804,858744
4971,1263,803,3418,33106970,31692994,14376640,12770120,7653839,8810253,2026-04-06,16,5,43642,243281,217,47,838386,704641
4848,1289,785,3390,33343641,29058734,12911711,12044450,9114490,8771522,2026-04-07,18,4,63091,74141,266,81,924379,404623
4854,1334,750,3401,31553811,31856602,12340048,12362911,10049888,9910505,2026-04-08,8,4,578,227075,251,60,1595459,735484
4761,1260,735,3295,30503020,29231430,11759503,12166461,9401940,7759447,2026-04-09,20,8,122931,75630,246,57,749594,328206
4685,1273,762,3234,31982351,31909321,12982109,11893178,8814434,10146080,2026-04-10,14,5,33655,63259,260,61,1412049,403717
4337,1208,702,3009,31323736,30689626,13926194,12481075,7721004,10183144,2026-04-11,12,3,41342,5915,232,47,1355395,158556
4422,1221,712,3071,29717085,29290731,11250410,12316739,9290479,9173203,2026-04-12,13,3,0,138142,206,51,985943,553717
5085,1288,819,3534,33557664,32855511,13903626,14199681,8742540,9619844,2026-04-13,14,4,67086,102620,244,62,1507747,703826
4915,1325,724,3414,28723712,31573543,12032341,12636153,7663689,9467413,2026-04-14,10,3,25604,77472,234,57,1081703,433254
4960,1351,797,3489,37263518,33472077,15672943,13174212,9931532,11670082,2026-04-15,12,3,51138,17542,258,59,1372869,839411
4934,1343,777,3479,31046209,33774803,11193200,12633666,9175256,10611740,2026-04-16,16,6,12197,77881,220,59,1029132,470035
4770,1314,713,3271,30588117,33025842,11254196,13067774,8635433,9309790,2026-04-17,15,5,80955,5500,237,58,1410741,510933
4378,1210,718,3003,31645383,28306532,12549257,11604355,10443274,7646148,2026-04-18,12,6,163171,103610,191,48,989423,723691
4440,1261,730,3224,29645486,29386695,13380920,11225282,8518183,9810526,2026-04-19,18,6,89306,104608,234,65,1432768,448203
5154,1308,816,3549,35988368,32671240,15373385,13966591,9268850,9496794,2026-04-20,16,5,35682,119802,232,70,1420737,476409
4903,1314,773,3427,33416257,30784025,13115550,12258289,10253310,9044041,2026-04-21,18,7,49610,72421,250,55,1271668,384615
4864,1299,759,3412,31353696,35048270,11692650,13694247,10191838,10818979,2026-04-22,11,5,12999,208807,237,57,1219429,515974
4866,1344,764,3422,32123056,33515961,12935877,13649553,9786346,10667978,2026-04-23,17,4,56949,37984,257,62,1831714,311893
4908,1278,784,3386,32531948,32202922,13665619,13661666,9070098,10209173,2026-04-24,18,8,104499,172371,251,67,1591819,560400
4533,1261,728,3144,30484833,32719285,13293103,13367039,8003567,9824019,2026-04-25,11,4,0,63846,221,49,1190033,336259
4497,1265,713,3128,33697187,35543473,14295498,14783306,8632042,11047644,2026-04-26,11,3,61610,0,224,50,1606338,610656
5938,1393,933,4077,38235735,38001491,15988414,14905681,9576674,10510091,2026-04-27,14,4,30045,5429,231,68,1512902,698437
5059,1388,725,3561,32131771,33535874,12041971,13818480,10234627,9696480,2026-04-28,22,8,32194,88230,196,33,1107976,123272
5065,1363,733,3564,34467979,31974859,13653345,10304299,10784018,10938124,2026-04-29,14,5,31644,69185,228,59,1398998,421358
5007,1290,794,3426,35121401,32078134,14069524,13303047,10984936,9076655,2026-04-30,17,5,4832,68780,247,59,1714980,485277
4471,1281,690,3067,31335158,33034825,12113130,12688023,8559983,11049042,2026-05-01,14,4,21367,80673,232,52,1319207,452902
4653,1299,720,3200,35013965,31405770,14538972,13329652,10279913,9393007,2026-05-02,18,9,113072,155011,213,46,1290157,696578
4178,1243,666,2927,31330008,31297386,11222070,14167419,10186066,8874227,2026-05-03,13,2,5089,26459,216,58,983373,821735
4972,1353,754,3388,33981256,32516444,13620700,12968574,9035823,9707311,2026-05-04,15,6,12879,178823,226,58,1184759,436735
4798,1334,729,3299,35563474,30511926,12771392,11179298,11634056,9338523,2026-05-05,10,4,9331,106643,189,47,1064879,254881
5047,1357,775,3549,34112256,36539411,13053457,13842354,10750545,11032053,2026-05-06,15,4,35020,61844,219,50,1550902,235117
5056,1324,747,3509,30874180,33095991,12672296,12871829,8859885,9762705,2026-05-07,13,2,0,5381,205,57,1272781,698802
4933,1370,715,3423,32545413,32094091,11723124,13214033,9244318,8899851,2026-05-08,5,0,0,0,233,43,879674,368018
4749,1293,732,3268,33141023,31687469,13378659,12529501,10161338,9787348,2026-05-09,13,5,64200,42239,225,64,1556295,625095
4738,1259,745,3319,33587006,29441960,14609172,11587159,8348926,9514215,2026-05-10,12,5,0,61668,217,42,1027813,443475
5345,1322,801,3652,33067682,31348426,14066423,13083772,8581071,8412079,2026-05-11,14,5,24132,141878,196,46,1132014,526249
5002,1295,765,3479,30359307,31685797,11997878,12705910,8093634,8805255,2026-05-12,12,3,77027,175528,134,43,906270,315269
5012,1298,781,3492,32083823,34015040,12658265,13313376,9886727,10482062,2026-05-13,20,5,17631,76234,235,49,962430,659688
5204,1303,786,3590,34743632,34594443,13204989,13264625,8933019,10873354,2026-05-14,20,6,80088,92985,225,51,663304,458842
4867,1305,706,3378,32938401,31117170,12710566,12083072,9906506,10532411,2026-05-15,14,4,44783,123666,226,44,1704595,315436
4884,1325,748,3330,34422172,33349116,12914679,13052544,10895337,9812891,2026-05-16,11,2,34940,17503,200,45,886851,326737
4799,1280,744,3307,33771853,32718440,13598873,13876353,8530956,9239893,2026-05-17,15,5,21677,38382,191,42,1298118,342688
5527,1317,844,3768,39186006,34004957,16763306,15406611,10185766,8613473,2026-05-18,16,7,58263,147919,232,48,1189320,260297
5127,1419,731,3611,30947457,32485856,12368235,12569208,8509240,10561222,2026-05-19,8,2,0,234801,226,49,1289821,386702
5118,1342,781,3536,35231759,32965628,13409565,12526115,10844505,10070802,2026-05-20,10,2,13115,10933,198,38,1014284,339037
5107,1323,753,3466,34588363,34265163,12507272,14650483,11235687,10155156,2026-05-21,14,4,18366,108398,221,47,958786,488941
4954,1348,758,3398,32310331,33050666,12229085,13667637,9056474,9177560,2026-05-22,12,3,23419,5429,218,46,913299,537161
4634,1259,704,3224,33108277,30625322,13951915,12458265,8703979,8479345,2026-05-23,12,4,0,136799,142,43,1116038,416463
4512,1190,727,3162,31362796,33306989,13118537,13882076,7709564,9588890,2026-05-24,12,3,0,55199,153,39,1275997,402136
5052,1278,753,3492,31185458,32239498,11902313,13205830,9065922,9465578,2026-05-25,19,6,83737,131147,125,20,551713,220174
5165,1265,773,3520,34559857,35210128,13146596,13265618,9288032,8945710,2026-05-26,12,4,0,214078,220,62,1291162,631251
4981,1315,788,3502,36899588,30526108,16100103,11420585,10311837,9190298,2026-05-27,14,7,223791,48433,247,60,2094800,405719
5195,1330,805,3585,33309032,37187980,12940720,16091050,9902338,10270667,2026-05-28,14,2,16226,0,192,32,630386,298838
4998,1320,761,3446,34844566,32796910,14435484,13500460,9150088,9261238,2026-05-29,7,6,70797,58381,239,60,1799029,699720
4708,1284,725,3201,32956864,32626636,14275184,12796678,8260044,9898928,2026-05-30,20,7,29845,145908,224,47,1130760,357028
4657,1241,754,3254,33155529,32655244,14065888,12732230,9771260,10840182,2026-05-31,19,6,185682,91847,222,47,1157732,309365
5376,1326,802,3654,36864376,33617153,13896329,13915950,10537973,8215507,2026-06-01,13,4,8865,76811,209,52,956928,313890
4606,1277,710,3159,32931075,33228918,13481880,13218846,9760330,10172437,2026-06-02,14,6,8100,236486,218,51,1046138,594802
4874,1272,775,3425,35513293,31548817,14990349,14204524,10258956,8614190,2026-06-03,12,4,62651,24837,214,50,1346360,368961
5104,1316,799,3499,35846688,34998567,13834615,13619761,9594278,9935193,2026-06-04,12,5,91370,99469,226,52,1165422,383919
4961,1348,726,3410,35811137,34459005,14141944,13529396,10440687,10579861,2026-06-05,12,2,18464,33560,211,54,1735163,520406
4605,1316,695,3121,32950055,32903026,12934013,13526400,8974225,9626603,2026-06-06,13,5,75028,49815,213,50,1349166,365529
4658,1233,709,3188,34492730,33634208,15066309,12268466,9182811,10075585,2026-06-07,8,1,9762,7622,229,53,1689785,226392
5218,1330,780,3607,35120791,32010908,14887365,13086324,9611959,9876495,2026-06-08,10,2,550,39347,239,51,1103096,661606
5133,1371,806,3583,34076792,34872789,13532417,14308144,10235949,10336155,2026-06-09,12,3,25482,46202,226,52,1117171,576334
5220,1342,780,3633,37409504,35087408,15071281,12203701,10013564,10598060,2026-06-10,8,2,29758,0,222,51,1736379,141129
5199,1341,791,3613,32608401,35669599,12685858,14325546,9391687,10287333,2026-06-11,23,12,59166,403432,211,51,1057192,459177
4915,1298,773,3340,32753377,34085235,13498869,13402374,8638640,10507797,2026-06-12,14,3,134502,0,203,49,1317902,488779
4680,1295,683,3192,33168272,32322236,12445722,11851189,9203038,9711835,2026-06-13,12,4,12999,209997,228,51,1195562,312367
4648,1246,692,3246,30257815,30400523,12982092,13128501,7827851,9081282,2026-06-14,10,3,58570,44924,182,40,1007688,612185
5400,1369,830,3764,33877128,38371464,13644672,16006167,9965084,11495154,2026-06-15,23,9,51664,207346,244,64,1225802,356512
5024,1297,789,3493,34059748,33064115,13882645,13828355,10095714,8526443,2026-06-16,9,2,0,36337,203,57,1311189,357577
5047,1355,753,3547,31910271,34151321,12746361,12335469,8757160,11380305,2026-06-17,15,5,5753,73328,213,50,1124446,357555
5114,1301,781,3539,33031920,33165664,13824457,14434577,8324575,9573854,2026-06-18,17,7,6232,160121,212,54,900560,376375
4957,1304,747,3402,36001809,32876286,14708351,12182209,10853103,9349067,2026-06-19,16,6,77062,130270,199,42,1111823,655661
4586,1275,713,3185,33373335,30906442,13664138,12843781,9595852,9418531,2026-06-20,11,2,21931,5429,222,50,1490470,557564
4538,1249,709,3174,28551362,32191968,11462298,12348892,8401089,10620235,2026-06-21,13,7,32918,118851,193,49,953589,417219
5351,1306,816,3623,36828699,34759346,14389853,13328349,10610663,10453142,2026-06-22,8,0,0,0,204,38,1542599,403471
5048,1378,742,3597,33375925,32499773,13459532,13441776,10504111,8908311,2026-06-23,6,1,48420,0,208,49,790904,615768
5189,1346,818,3580,35341703,35044206,15025989,14063658,9548822,9938835,2026-06-24,14,5,116767,86216,214,65,1742048,489577
5092,1350,778,3515,33100684,35078770,13134203,13663030,9089972,11258118,2026-06-25,8,1,32873,0,219,49,1195008,503270
4789,1290,760,3288,35797771,33669399,14703352,13619167,8872834,9887879,2026-06-26,16,6,33284,136930,234,55,1105425,840915
4603,1257,744,3184,31812682,35329767,13014475,13540661,9459831,10717300,2026-06-27,17,4,59066,29086,223,64,1806338,444810
4700,1252,735,3294,32391481,31858325,14379917,12893970,8399848,9788329,2026-06-28,10,4,17687,37018,215,52,1301359,350680
5316,1337,788,3626,33655655,33144124,13904932,13189450,8993782,9742069,2026-06-29,8,3,18404,10773,230,47,1388978,406294
5178,1327,762,3525,34500248,32550850,12742888,13327343,10316990,8545537,2026-06-30,10,4,46563,48035,205,43,1028407,452249
5061,1345,740,3531,35539736,30848062,15078383,11721211,8944725,9914300,2026-07-01,18,7,138108,56138,190,43,1210371,404936
4932,1281,753,3420,34948068,29575146,13383247,10807591,10959303,8904653,2026-07-02,15,3,3260,1980,198,49,1288520,355872
4884,1299,728,3326,33977366,33629166,13677755,13747723,8748380,9785274,2026-07-03,14,1,0,175847,202,40,902767,217046
4529,1238,691,3056,34038353,30062023,12480471,10837776,9440578,9585866,2026-07-04,14,6,99701,32786,196,40,807161,360636
4621,1225,723,3225,31395063,28332296,13903114,10092916,8990040,8544844,2026-07-05,10,4,3376,33660,198,40,913855,519388
5355,1369,752,3580,36009289,34431447,13160126,12440511,9883783,10217502,2026-07-06,19,7,22231,417128,209,51,1097644,687719
5057,1284,775,3468,35184018,30421140,14167950,12485207,9191210,9692035,2026-07-07,14,4,49563,66381,233,60,1546236,385341
4858,1324,724,3414,32110125,32649410,12458923,12054260,10423555,9932426,2026-07-08,18,6,38033,182700,207,54,1705662,356794
4760,1224,680,3288,31175045,32006218,10866375,12598668,9379878,9553333,2026-07-09,15,7,2890,163116,140,28,511788,312893
4426,1152,621,2983,32250543,31016357,11437201,12712832,9930646,7618133,2026-07-10,18,4,65362,167969,75,16,712084,251191
4058,1060,562,2725,27361861,28110468,9628403,10600800,8496075,7332447,2026-07-11,12,3,0,32983,62,18,752138,150476
4166,1108,656,2956,26482515,29535237,9681077,14423639,8147368,6553307,2026-07-12,18,7,27353,214557,44,15,659471,222012
5034,1277,693,3418,33264026,31918073,12909349,11593108,9399505,9980294,2026-07-13,8,0,0,0,146,32,951872,226216
4974,1295,758,3444,35622732,29467933,13569750,11676589,11192972,9202073,2026-07-14,16,8,90178,197253,236,51,995246,408448
5119,1304,740,3459,38096300,33160484,14130024,11211674,11893108,9911902,2026-07-15,16,3,2890,64312,237,55,1373679,481886
5010,1292,792,3491,34534386,29161200,14595245,10619751,9768042,9457975,2026-07-16,9,5,36346,123642,199,59,1967744,184884
5042,1248,752,3379,39442976,30392827,15562450,11558249,10717374,7923046,2026-07-17,12,4,80742,38610,232,51,1181083,490945
4722,1252,729,3177,32662760,32052657,13431963,12037876,8685509,9905469,2026-07-18,7,4,19484,45554,242,57,1165239,229421
4683,1266,717,3227,38094432,33611002,14855180,12589799,11245934,10668899,2026-07-19,16,4,31628,105248,225,54,842630,504376
5376,1268,847,3634,33339242,32536732,15051965,13292693,7390791,9337492,2026-07-20,14,6,41940,145037,250,70,1543920,599655
5076,1331,787,3528,38646847,31816513,16033917,12400948,10456573,10012475,2026-07-21,12,2,4674,32607,219,57,1707764,356188
5140,1300,793,3503,35061884,32487361,12871851,12547200,10029746,10092099,2026-07-22,10,2,15640,5429,231,66,1286734,475446
5039,1290,799,3479,33614213,31953152,14777628,12648421,8356360,10248408,2026-07-23,19,7,38678,151313,192,47,1195110,411292
4816,1230,709,3218,30862591,30091637,11928648,12381448,7256994,8475291,2026-07-24,13,3,127803,10773,192,46,1309032,358065
4423,1062,714,2982,30481667,30364276,12095550,12658358,7970440,8434008,2026-07-25,20,6,80563,144618,196,45,1244759,269953
4688,1223,729,3204,31898599,32374483,13377573,13756462,8600670,10247890,2026-07-26,17,6,63689,191743,208,52,1699705,346677
5267,1279,804,3568,34114669,35077067,14843637,13411088,7798429,11026623,2026-07-27,19,8,64855,210528,209,54,1084432,355543
5067,1270,772,3496,34826790,33784186,13963215,12417135,10412137,10861266,2026-07-28,9,4,14100,47806,217,49,1114185,230270
5128,1279,763,3497,36307222,33021930,13965758,13405865,10318050,9177816,2026-07-29,16,3,5367,92133,218,58,1381630,786146
4854,1277,735,3339,35361799,31941191,14995817,12391941,10113358,10433575,2026-07-30,16,9,33731,90051,194,56,1373616,629236
4919,1246,803,3341,35314780,33311962,14296056,13806987,8158521,10519611,2026-07-31,10,2,0,97175,195,53,1398861,447632
4677,1239,673,3104,34839606,31807928,12807914,11610206,9745834,10075363,2026-08-01,13,2,26270,23866,216,55,983538,698460
4591,1219,721,3178,32565795,30693145,12361548,13014489,9669375,8505823,2026-08-02,13,4,6859,72831,202,56,1034253,386066
5325,1279,777,3558,35483454,30990191,14305294,11976437,9019524,9739796,2026-08-03,11,2,2201,0,235,57,1631481,508131
4868,1260,766,3341,34371517,32188208,15041931,12884620,8324685,10186102,2026-08-04,17,6,70778,66892,223,54,1321301,480480
4774,1247,737,3292,34943914,30536835,14939939,11004313,9966776,10268118,2026-08-05,12,3,3666,167987,215,63,1142167,596096
4668,1260,702,3246,31961752,30633155,12647527,11931505,9295500,9990208,2026-08-06,15,6,86695,103643,157,38,657773,510328
4243,1164,618,2839,30144994,27121178,11608197,10753706,8249024,7752589,2026-08-07,11,3,0,68927,84,28,1260193,199343
4167,1117,589,2797,25520320,30066350,9801960,11950260,6245518,8450331,2026-08-08,13,4,0,208931,75,13,575970,70582
4078,1072,601,2803,25751852,26468780,10127802,10274473,7433422,7732666,2026-08-09,8,2,47987,0,67,20,600022,301099
4505,1179,631,3025,28826971,30985997,10368372,12340838,9143490,8860560,2026-08-10,11,5,47645,103309,97,27,1460065,308845
4472,1227,653,3056,26325623,30212490,10015942,12427049,7484920,9287994,2026-08-11,11,5,53866,38407,175,38,1027793,607260
4803,1266,675,3216,33943988,31725596,10323463,11689184,11957084,9195278,2026-08-12,15,5,91672,25080,239,46,771593,399724
4681,1218,712,3158,34254512,31514413,12804463,12903320,10725299,8700973,2026-08-13,17,6,34141,74520,199,37,1139878,223371
4691,1192,747,3130,35585659,32517952,16070532,12292999,7645168,9968235,2026-08-14,13,3,37997,20126,208,45,1622510,256333
4420,1207,660,2955,35560627,31022373,14728307,10980632,8894613,10980100,2026-08-15,11,5,1751,236138,213,43,1354606,444832
4463,1178,700,3008,31795009,30970983,14136253,13100942,7920101,9766553,2026-08-16,15,4,0,139868,232,56,1471013,289932
5292,1275,799,3532,34482041,32954424,13864920,13310920,9675848,9537252,2026-08-17,16,3,3919,185830,213,62,1237443,524111
4849,1228,758,3325,33660527,29440010,13726569,11981408,8998510,8047940,2026-08-18,14,4,0,68238,237,64,904646,565865
5002,1230,773,3393,37498590,31000469,14363037,13118689,9885300,8537391,2026-08-19,13,5,95798,28929,216,61,969906,494798
4938,1257,767,3389,32943571,32609025,14184909,12558314,8889815,10620478,2026-08-20,14,7,146056,135642,211,58,1417512,742038
4821,1240,753,3263,34903225,30934110,12619026,12517555,11430128,9209458,2026-08-21,17,5,63957,39415,197,52,922582,520661
4483,1137,703,3019,33492556,32318833,13232182,13046987,9207679,9988227,2026-08-22,14,2,17914,87719,178,49,845468,630118
4475,1190,651,3104,31676677,30015973,12136975,11343857,10796851,9688667,2026-08-23,20,8,31242,123130,193,51,1346303,415407
5242,1256,837,3569,32712822,33023149,14149399,13663516,7887870,9988574,2026-08-24,13,4,24173,140414,218,53,861013,367407
4788,1254,699,3297,30827357,32848536,11520162,13214594,9357518,10447594,2026-08-25,14,4,55119,45978,187,44,834686,574840
4615,1197,673,3204,32622785,30091714,11227754,11791535,10488240,7877122,2026-08-26,15,5,5089,133913,112,42,1076746,255727
4627,1162,685,3204,29047697,32263186,10760753,14634752,8801062,8235599,2026-08-27,13,4,42161,43452,79,20,662815,284944
4612,1197,647,3145,30190532,29864476,10758808,11257334,7676862,9936769,2026-08-28,12,2,50183,10773,184,37,1102144,163704
4451,1165,676,2957,31955834,28654719,12886221,12246518,8759372,7601802,2026-08-29,14,5,29206,28333,265,85,2232000,714095
4536,1173,732,3122,32333904,29120449,14685343,11173505,7453028,9470920,2026-08-30,13,2,17914,45494,221,52,1086834,644299
5166,1286,812,3512,35300527,31591296,13940973,13718714,10834585,9608323,2026-08-31,10,2,0,32584,231,62,1204237,630070
4844,1182,727,3285,32305146,28400553,13000554,10623496,8633855,8142142,2026-09-01,14,3,0,117827,220,59,1485543,524681
4872,1264,723,3385,35947501,29457945,14741671,11555561,9193676,10195412,2026-09-02,15,2,6404,39975,215,57,1236437,698243
4893,1271,746,3361,32733812,31277092,14167569,12695519,8513197,9972877,2026-09-03,12,2,17914,10773,204,46,980607,530665
4711,1196,682,3185,33730393,30357774,12352113,11873237,10456946,9565390,2026-09-04,15,4,102630,9385,204,52,1609159,383287
4371,1179,695,2962,29702291,33349042,11662749,12992435,9027883,11025482,2026-09-05,16,5,110277,31489,204,53,1444200,356870
4244,1135,650,2908,29098423,28584801,11912737,11208656,8072301,9257402,2026-09-06,11,1,15640,5429,209,52,1405461,591834
4955,1214,695,3294,34864115,29569251,12880278,10467485,10905431,9686161,2026-09-07,19,7,89151,181800,200,47,1214310,256735
4754,1216,748,3306,32221426,31220393,13357121,13256565,8267245,8849291,2026-09-08,11,1,5089,14796,188,53,1267590,330086
4706,1266,703,3218,33102461,32557964,13914530,13091629,8940299,10698558,2026-09-09,10,1,0,47484,176,37,786145,402050
4876,1215,768,3322,34106421,31547593,13687188,12688082,9726935,9403861,2026-09-10,17,8,45437,99871,194,60,1424163,618061
4902,1281,710,3310,33502504,31957673,13539755,12584392,8847586,10253618,2026-09-11,17,4,84547,28629,212,48,776110,519689
4564,1154,684,3057,32229062,31603536,12300827,12545624,10262663,9458665,2026-09-12,10,4,38091,94795,188,44,1032512,321487
4545,1166,715,3163,32124880,30893117,12753877,12338072,9758217,10273314,2026-09-13,12,4,9474,300903,193,50,1581520,313790
5063,1229,751,3444,29507804,29946583,11547308,12128455,7929059,8835776,2026-09-14,15,2,5089,38082,176,41,714797,322439
5016,1229,813,3456,35726041,34167974,14246423,14149150,10206744,9547204,2026-09-15,15,5,131971,106643,204,50,1539654,420814
4885,1290,721,3385,31539866,30457681,12690900,13348758,9092508,8350666,2026-09-16,8,4,2890,96807,197,50,1440028,272829
4860,1257,705,3309,31363996,30175430,11119090,12477918,9961215,9418850,2026-09-17,18,8,81431,67402,192,42,931470,385883
4699,1253,709,3170,32009322,30863851,11414473,11212212,9685138,10593178,2026-09-18,12,1,0,4928,188,39,1173948,325892
4373,1164,683,2955,28828195,31519877,11704119,11900026,8394555,10087480,2026-09-19,11,3,0,58546,192,55,1476826,447224
4114,1160,651,2827,29355766,28967120,11436288,11763996,7495165,9188933,2026-09-20,17,6,42677,74849,165,34,986144,281238
4740,1197,767,3255,31347651,29552375,13222470,13192432,8761862,7653322,2026-09-21,13,6,63502,23222,177,38,918239,420563
4693,1275,704,3182,32905485,31409498,12536053,11914034,9734976,10647055,2026-09-22,17,5,79632,106274,209,41,696237,530505
4880,1222,716,3320,32353677,28793902,12604455,11136791,7827413,9143556,2026-09-23,9,2,23081,5429,175,47,1401209,367733
4934,1253,737,3335,30711808,33573527,12042607,14232269,8458328,10131392,2026-09-24,21,6,17266,196446,204,53,1796178,458202
4728,1243,685,3193,30346339,30002216,10574626,11870430,9094510,9965460,2026-09-25,19,8,64047,108037,166,29,785514,297120
