date,fed_interest_rate,us_cpi_index,us_industrial_production,us_10y_treasury_yield,us_2y_yield,us_10y_2y_spread,us_housing_starts,us_ppi,m2_money_supply,brent_oil_usd,natural_gas_usd,copper_fred_usd_per_ton,eur_usd,usd_cny,usd_jpy,usd_gbp,usd_inr,usd_krw,dollar_index,vix_index,euro_area_hicp,germany_10y_bund_yield,japan_10y_yield,japan_manufacturing_growth,india_10y_yield,india_call_money_rate,india_industrial_production,korea_10y_yield,korea_exports,korea_industrial_production,korea_call_money_rate,germany_exports,germany_manufacturing_order_books,indonesia_exports,indonesia_call_money_rate,usd_idr,indonesia_reer
2005-01,2.28,190.7,95.8801,4.22,3.22,1.0,2144.0,150.9,6429.9,44.1747619047619,6.15,3168.1,1.312265,8.2765,103.34100000000001,1.8797249999999999,43.614999999999995,1037.9824999999998,,13.437999999999999,64.65,3.5647619048,1.31,2.2540983657,,6.0,10.7006681097698,4.42,22454030000.0,8.9411388379,3.26,83428800000.0,-11.1,6573331000.0,7.42,9197.38095238095,94.23376
2005-02,2.5,191.8,96.5761,4.17,3.38,0.79,2207.0,151.6,6437.7,45.721,6.137894736842106,3247.1,1.3013052631578947,8.2765,104.94421052631579,1.8871052631578948,43.57578947368421,1023.1105263157893,,11.708947368421052,64.89,3.544,1.419,-0.1002003943,,6.0,13.7798428229263,4.88,20401100000.0,1.6843387004,3.26,78828100000.0,-15.0,6821699000.0,7.43,9229.8,93.26531
2005-03,2.63,193.3,96.4456,4.5,3.73,0.77,1864.0,153.7,6446.6,53.22913043478261,6.96,3378.904761904762,1.3185,8.2765,105.25434782608696,1.904304347826087,43.58608695652174,1007.7760869565217,,13.126363636363635,65.37,3.6961904762,1.325,0.2006017924,,6.0,14.2577028809754,4.77,23952500000.0,6.7310340154,3.25,81333560000.0,-18.0,7215446000.0,7.44,9372.69565217391,93.24718
2005-04,2.79,194.6,96.6532,4.34,3.65,0.69,2061.0,155.0,6461.4,52.60428571428571,7.1585714285714275,3389.809523809524,1.2943095238095237,8.2765,107.19380952380953,1.8961047619047617,43.64190476190476,1010.0666666666667,,14.459047619047618,65.64,3.4823809524,1.257,0.6006005986,,6.0,4.38697342731857,4.69,22872510000.0,3.3576244627,3.26,80332780000.0,-19.7,7054495000.0,7.7,9550.33333333333,92.4325
2005-05,3.0,194.4,96.7402,4.14,3.64,0.5,2025.0,154.3,6480.6,49.28545454545455,6.472380952380952,3241.9,1.2696857142857143,8.2765,106.5952380952381,1.855861904761905,43.40952380952381,1001.8385714285714,,13.967619047619047,65.78,3.3040909091,1.238,-0.6965174045,,6.0,5.71226649755299,4.42,23122700000.0,1.4247596054,3.29,81261910000.0,-18.9,7072694000.0,7.95,9474.90909090909,93.41483
2005-06,3.04,194.5,97.1753,4.0,3.64,0.36,2068.0,154.3,6513.2,54.83909090909091,7.1827272727272735,3529.727272727273,1.2155272727272726,8.2765,108.74727272727273,1.8177363636363637,43.52454545454545,1012.4599999999999,,11.868636363636364,65.86,3.1263636364,1.143,0.3006012106,,6.0,7.36658665432193,4.46,23707580000.0,4.6495561089,3.27,77328740000.0,-20.7,6974432000.0,8.25,9627.52272727273,93.87742
2005-07,3.26,195.4,96.8676,4.18,3.87,0.31,2054.0,156.3,6545.1,57.62571428571429,7.6285,3608.47619047619,1.2040549999999999,8.226405,111.9535,1.7507449999999998,43.434,1036.56,,11.049,65.78,3.2057142857,1.295,-0.7992008026,,6.0,2.1031052351991,4.89,23235520000.0,6.9288225655,3.25,78064800000.0,-18.6,7160302000.0,8.5,9810.28571428571,93.31634
2005-08,3.5,196.4,97.1833,4.26,4.04,0.22,2095.0,157.6,6576.7,63.9504347826087,9.532608695652174,3791.909090909091,1.2295173913043478,8.101678260869564,110.60652173913043,1.7944260869565216,43.55,1021.6804347826088,,12.951304347826087,65.94,3.2326086957,1.365,0.100704928,,6.0,4.02299798599492,5.08,23342970000.0,5.813172633,3.25,80771640000.0,-18.2,7128217000.0,8.75,9967.52173913043,91.01345
2005-09,3.62,198.8,95.3005,4.2,3.95,0.25,2151.0,162.2,6610.2,63.26136363636364,11.745333333333333,3850.659090909091,1.2233904761904761,8.0919,111.23904761904762,1.8064238095238094,43.84619047619047,1029.8433333333332,,12.628095238095238,66.28,3.0677272727,1.45,0.9054325925,,6.0,1.88241552313388,5.15,24519190000.0,5.4260662401,3.25,81482590000.0,-14.3,7300606000.0,10.0,10216.5909090909,89.45661
2005-10,3.78,199.2,96.4572,4.46,4.27,0.19,2065.0,166.2,6644.0,58.90857142857143,13.42235294117647,4056.166666666667,1.20224,8.089535000000001,114.86949999999999,1.76509,44.7575,1045.8775,,14.937619047619048,66.45,3.2385714286,1.513,-0.4985044818,,6.0,3.75880412642235,5.36,25352750000.0,8.3451081808,3.44,80681630000.0,-11.3,7551080000.0,11.0,10080.7619047619,99.36515
2005-11,4.0,197.6,97.5414,4.54,4.42,0.12,2147.0,163.7,6660.6,55.44954545454545,10.304,4278.159090909091,1.1788750000000001,8.083985,118.454,1.73491,45.6315,1040.76,,12.147619047619047,66.31,3.4481818182,1.454,1.6032064197,,6.0,2.32727377038064,5.68,25826190000.0,10.6008368135,3.49,78110840000.0,-11.9,7184287000.0,12.25,10041.3636363636,102.1932
2005-12,4.16,196.8,98.0452,4.47,4.4,0.07,1994.0,163.0,6687.4,57.15681818181818,13.049047619047618,4577.025,1.186095238095238,8.075533333333333,118.46238095238095,1.745804761904762,45.56333333333333,1022.3809523809524,,11.26,66.53,3.3376190476,1.488,0.2958579871,,6.0,5.31496216084688,5.6,25631720000.0,9.7879199103,3.7,79618950000.0,-9.1,7698683000.0,12.75,9846.27272727273,103.3879
2006-01,4.29,198.3,98.1999,4.42,4.4,0.02,2273.0,164.3,6728.4,63.31181818181818,8.686,4743.857142857143,1.21255,8.065365,115.47650000000002,1.76859,44.201,981.4350000000001,100.00000454545456,12.036,66.24,3.3213636364,1.547,0.2949852407,,6.0,7.10771471162222,5.58,23257870000.0,8.5172678217,3.74,83731140000.0,-6.8,8001124000.000001,12.75,9475.5,106.5465
2006-02,4.49,198.7,98.2413,4.57,4.67,-0.1,2119.0,161.8,6753.1,60.8055,7.536315789473684,4974.975,1.1939736842105262,8.051242105263158,117.86052631578947,1.7479947368421052,44.23,969.8447368421052,100.21117000000001,12.471052631578948,66.42,3.4725,1.598,-0.0980392094,,6.0,6.34117739456326,5.28,23786960000.0,11.8827853461,3.92,84242100000.0,-4.2,7901760000.0,12.75,9254.5,109.7909
2006-03,4.59,199.8,98.4628,4.72,4.73,-0.01,1969.0,162.2,6766.9,62.74695652173913,6.888260869565218,5123.673913043478,1.2028434782608695,8.035026086956522,117.27782608695652,1.7441869565217392,44.33782608695652,974.7108695652173,100.42808695652174,11.69391304347826,66.81,3.6373913043,1.759,0.5888125593,,6.0,6.57428371316406,5.42,26840150000.0,8.6559703211,3.97,82762340000.0,-2.8,7562430000.0,12.75,9158.13043478261,110.6824
2006-04,4.79,201.5,98.7618,4.99,4.89,0.1,1821.0,164.3,6806.3,70.34,7.163684210526316,6404.444444444444,1.227325,8.01434,117.06949999999999,1.768045,44.8245,952.595,99.74348,11.84736842105263,67.25,3.895,1.956,2.0487804899,,6.0,10.1262953720011,5.45,25590120000.0,9.6715208365,3.97,88859500000.0,2.7,8039296000.0,12.75,8929.45,111.8892
2006-05,4.94,202.5,98.7869,5.11,4.97,0.14,1942.0,165.8,6815.7,70.51,6.244999999999999,8059.190476190476,1.2767454545454546,8.013095454545454,111.73045454545455,1.8687136363636363,45.19590909090909,940.8168181818182,97.51177391304348,14.454545454545455,67.44,3.9627272727,1.849,-1.6252390061,,6.0,10.6934019513103,5.2,27934510000.0,11.5903901535,3.96,89244210000.0,2.6,8177020000.000001,12.5,9019.60869565217,109.1441
2006-06,4.99,202.9,99.0997,5.11,5.12,-0.01,1802.0,166.1,6854.0,69.23272727272727,6.21,7222.772727272727,1.266059090909091,8.004186363636363,114.625,1.8435363636363638,45.88863636363636,954.45,98.69272272727272,16.918636363636363,67.49,3.9604545455,1.901,1.3605442101,,6.0,9.03019417412774,5.25,27948800000.0,9.2226439984,4.17,89093030000.0,6.6,8351321000.0,12.5,9366.13636363636,107.0272
2006-07,5.24,203.5,99.0489,5.09,5.12,-0.03,1737.0,166.8,6896.1,74.04095238095238,6.1684210526315795,7726.738095238095,1.268065,7.989695,115.76700000000001,1.844345,46.3675,950.8100000000001,98.4387142857143,15.325999999999999,67.41,4.01,1.927,0.3835091012,,6.0,14.8543087962769,5.16,25774350000.0,3.0460672727,4.21,92182590000.0,8.3,8588793000.000001,12.25,9129.28571428571,109.7968
2006-08,5.25,203.9,99.4836,4.88,4.9,-0.02,1650.0,167.9,6926.4,73.5004347826087,7.135217391304349,7690.25,1.2810478260869567,7.972178260869565,115.92434782608697,1.8940695652173913,46.44608695652174,960.9521739130436,97.7137652173913,13.351739130434783,67.47,3.8839130435,1.668,0.3820439455,,6.0,10.067421005774,4.94,27287200000.0,9.9770548877,4.42,91706040000.0,7.8,8632164000.0,11.75,9092.60869565217,110.0397
2006-09,5.25,202.9,99.3183,4.72,4.77,-0.05,1720.0,165.4,6952.8,62.52714285714286,4.896,7622.642857142857,1.2722099999999998,7.93341,117.2145,1.883885,46.0105,952.29,97.98136190476191,12.1845,67.47,3.7538095238,1.628,0.0,,6.0,13.4856888575454,4.89,29651250000.0,11.9053002119,4.47,98812830000.0,11.7,8676978000.0,11.25,9151.09523809524,109.8806
2006-10,5.25,201.8,99.2044,4.73,4.8,-0.07,1491.0,162.2,7002.1,58.75818181818182,5.846818181818182,7497.409090909091,1.2617190476190476,7.901761904761905,118.60904761904762,1.8765,45.3552380952381,952.6428571428571,98.31565454545454,11.306363636363637,67.53,3.7877272727,1.718,0.761179832,,6.0,9.13045599569697,4.79,28015960000.0,12.3532831672,4.48,99659110000.0,14.9,8450530000.000001,10.75,9171.95454545455,110.6479
2006-11,5.25,201.5,99.1627,4.6,4.74,-0.14,1570.0,164.6,7037.3,59.22272727272727,7.4045000000000005,7029.295454545455,1.2887666666666666,7.862242857142857,117.32047619047619,1.9125238095238097,44.72571428571429,935.4142857142857,97.51328181818181,10.817619047619049,67.55,3.7140909091,1.69,0.3777148182,,6.0,20.4384211269515,4.91,30602310000.0,7.2922341281,4.47,100956000000.0,16.1,9009581000.0,10.25,9137.77272727273,110.0583
2006-12,5.24,201.8,100.1735,4.56,4.67,-0.11,1649.0,165.6,7079.3,62.26047619047619,6.733499999999999,6680.973684210526,1.3204799999999999,7.821925,117.322,1.962855,44.4835,924.9799999999999,96.79507142857143,10.9645,67.81,3.7705263158,1.645,0.2822201394,,6.0,14.2833426310996,4.95,28775380000.0,5.6220927513,4.49,103570400000.0,19.2,9132694000.0,9.75,9082.28571428571,110.6069
2007-01,5.25,202.416,99.8346,4.76,4.88,-0.12,1409.0,164.0,7115.6,54.50304347826087,6.551904761904762,5689.340909090909,1.2993,7.78762380952381,120.44714285714285,1.9587190476190475,44.20619047619048,936.7619047619048,97.83377727272727,11.0425,67.47,4.0168181818,1.705,-1.1257035609,,6.0,13.9166194389658,5.04,28092560000.0,4.352074567,4.63,102082400000.0,16.1,8677493000.0,9.5,9072.69565217391,112.5325
2007-02,5.26,203.499,100.7753,4.72,4.85,-0.13,1480.0,166.8,7131.9,57.9695,8.00157894736842,5718.15,1.308021052631579,7.750205263157894,120.50473684210527,1.9589473684210525,44.019473684210524,936.9,97.47642499999999,11.155263157894737,67.67,4.049,1.64,0.5692599514,,6.0,14.0499393529026,5.01,26225120000.0,4.0312750758,4.6,102893600000.0,14.8,8854727000.0,9.25,9067.95,112.4253
2007-03,5.26,205.352,100.9547,4.56,4.57,-0.01,1495.0,169.3,7164.7,62.35727272727273,7.107727272727273,6465.295454545455,1.324590909090909,7.736945454545455,117.25999999999999,1.9474272727272728,43.79363636363637,942.8840909090909,97.01175454545455,15.162727272727272,68.12,3.9409090909,1.629,-0.0943396165,,6.0,14.3772209668706,4.94,30385840000.0,3.4430049087,4.6,103029300000.0,13.4,9113930000.0,9.0,9168.36363636364,110.3781
2007-04,5.25,206.686,101.6334,4.69,4.67,0.02,1490.0,171.4,7239.9,67.69047619047619,7.600499999999999,7753.342105263158,1.351290476190476,7.724714285714286,118.93238095238095,1.9878857142857145,42.01761904761905,930.6904761904761,95.6322,12.933000000000002,68.55,4.1521052632,1.653,-0.2832861267,,6.0,16.9650054746947,5.07,29944460000.0,6.4093127991,4.69,107848000000.0,14.4,9347868000.0,9.0,9093.0,109.8623
2007-05,5.25,207.949,101.7306,4.75,4.77,-0.02,1415.0,173.3,7257.1,67.71782608695652,7.637272727272728,7677.952380952381,1.3517818181818182,7.67725,120.77318181818181,1.9841681818181818,40.568636363636365,927.5636363636364,94.72254782608697,13.297727272727274,68.71,4.279047619,1.733,1.2310606136,,6.0,18.9654748749705,5.22,31039900000.0,5.6254911479,4.61,106970800000.0,13.6,9412687000.0,8.75,8834.47826086957,112.7155
2007-06,5.25,208.352,101.7893,5.1,4.98,0.12,1448.0,173.8,7290.6,70.61904761904762,7.346190476190476,7514.238095238095,1.3420619047619047,7.633290476190477,122.68857142857144,1.9867285714285714,40.59047619047619,927.8666666666667,94.44490952380953,14.947619047619046,68.78,4.5604761905,1.903,0.0,,6.0,19.5381675019492,5.48,32000110000.0,6.5550485149,4.54,106280100000.0,13.7,9503365000.0,8.5,8982.90476190476,111.0695
2007-07,5.26,208.299,101.6672,5.0,4.82,0.18,1354.0,175.1,7321.8,76.13318181818182,6.218571428571429,7980.931818181818,1.3726476190476191,7.575685714285715,121.4147619047619,2.035471428571429,40.273809523809526,918.1190476190476,93.20591363636363,17.273333333333333,68.62,4.505,1.809,0.0935453635,,6.0,15.7530094041817,5.52,30207440000.0,13.3306874166,4.67,108948800000.0,13.3,9787677000.0,8.25,9067.45454545455,108.8642
2007-08,5.02,207.917,101.863,4.67,4.31,0.36,1330.0,172.4,7397.0,71.31304347826087,6.217826086956522,7500.204545454545,1.3625869565217392,7.573352173913043,116.73347826086956,2.0110260869565217,40.67913043478261,934.4847826086957,93.76029565217392,25.02608695652174,68.67,4.2965217391,1.577,2.5233644948,,6.0,18.1159512922724,5.42,30998130000.0,8.9032582648,4.92,110593600000.0,13.4,9559878000.0,8.25,9362.82608695652,106.1814
2007-09,4.94,208.49,102.0894,4.52,4.01,0.51,1183.0,173.5,7413.8,76.772,6.079473684210527,7671.35,1.3909850000000001,7.520975,115.0435,2.01838,40.173500000000004,928.595,92.436595,22.198947368421056,68.93,4.226,1.698,-1.5496809567,,6.0,13.6076102459248,5.52,29323540000.0,5.325136376,4.98,115051100000.0,11.8,9854684000.0,8.25,9302.65,106.9136
2007-10,4.76,208.936,101.8015,4.53,3.97,0.56,1264.0,174.7,7429.0,82.50739130434783,6.74304347826087,8020.586956521739,1.4233043478260867,7.501917391304349,115.86608695652174,2.044895652173913,39.366086956521734,914.9434782608696,90.40017826086957,19.115652173913045,69.27,4.2826086957,1.616,1.8518518514,,6.0,18.9963907959673,5.56,34433810000.0,7.3071813075,5.0,116244400000.0,11.3,10135090000.0,8.25,9097.69565217391,107.1981
2007-11,4.49,210.177,102.3446,4.15,3.34,0.81,1197.0,179.0,7454.0,92.73136363636364,7.102380952380953,6957.431818181818,1.468252380952381,7.420971428571428,111.07285714285715,2.070138095238095,39.32666666666667,918.8095238095239,89.05299545454545,25.58238095238095,69.65,4.0890909091,1.497,-1.4545454525,,6.0,10.3371714002311,5.61,35807890000.0,7.9629916972,5.0,120200200000.0,10.5,10124700000.0,8.25,9270.27272727273,103.5625
2007-12,4.24,210.036,102.3803,4.1,3.12,0.98,1037.0,178.6,7482.7,91.5195238095238,7.1045,6630.736111111111,1.45588,7.368165,112.449,2.01605,39.375,931.095,90.00495714285714,21.651,69.92,4.2058823529,1.526,0.7380073748,,6.0,13.8770183931341,5.82,33030280000.0,11.2689657165,4.99,122056300000.0,12.0,10511250000.0,8.0,9352.6,103.9346
2008-01,3.94,211.08,102.2448,3.74,2.48,1.26,1084.0,181.0,7513.6,92.09173913043477,7.9852380952380955,7078.909090909091,1.4728142857142856,7.240452380952381,107.81809523809522,1.9702380952380953,39.26761904761905,942.0571428571429,89.39711739130435,25.816190476190474,69.68,4.0277272727,1.429,0.7157692617,,6.0,13.5603830033512,5.56,32274570000.0,12.3215443345,4.99,125315000000.0,9.0,11456860000.0,8.0,9405.97826086957,103.692
2008-02,2.98,211.693,101.8438,3.74,1.97,1.77,1103.0,182.7,7600.3,94.72238095238096,8.544,7941.142857142857,1.4759449999999998,7.164425,107.03,1.964565,39.673500000000004,944.0049999999999,88.6434380952381,25.456,69.92,3.9528571429,1.429,0.1707942069,,6.0,12.8900245783259,5.28,31178190000.0,10.6306975773,4.97,124489800000.0,9.3,11372350000.0,8.0,9190.2619047619,105.0859
2008-03,2.61,213.528,101.5336,3.51,1.62,1.89,1005.0,187.9,7664.9,103.1619047619048,9.413,8434.315789473683,1.5520190476190474,7.072242857142857,100.75619047619048,2.0014666666666665,40.14523809523809,981.734761904762,86.83986666666667,27.103500000000004,70.61,3.7994736842,1.245,-0.937766416,,6.0,11.8438309062073,5.36,35991780000.0,12.5173952393,4.97,129419700000.0,9.7,11598150000.0,8.0,9169.33333333333,104.1133
2008-04,2.28,214.823,100.8785,3.68,2.05,1.63,1013.0,190.9,7711.4,110.0331818181818,10.181363636363637,8714.181818181818,1.5753636363636365,6.999690909090909,102.67772727272727,1.9815681818181816,39.966818181818184,986.8636363636364,86.54753636363635,21.562727272727273,70.84,4.04,1.6,-0.5163511185,,6.0,10.1246722360068,5.17,37850250000.0,11.158634714,4.99,131340100000.0,4.6,11296270000.0,8.0,9204.43181818182,103.0146
2008-05,1.98,216.632,100.2674,3.88,2.45,1.43,973.0,196.6,7728.3,123.8622727272727,11.269047619047619,8356.125,1.5554142857142856,6.972495238095239,104.35952380952382,1.9649761904761904,42.00190476190476,1034.1333333333332,86.82446363636363,18.303333333333335,71.28,4.2019047619,1.778,0.4325259401,,6.0,7.38661543235717,5.5,39383160000.0,9.0865701879,4.97,126485500000.0,6.8,12185290000.0,8.25,9272.63636363636,103.8024
2008-06,2.0,218.815,100.0335,4.1,2.77,1.33,1046.0,200.5,7747.3,132.7604761904762,12.685238095238095,8292.0,1.5561714285714285,6.899328571428571,106.91523809523808,1.966447619047619,42.763333333333335,1031.4857142857143,87.07280476190476,22.11047619047619,71.56,4.5204761905,1.601,-2.756244613,,6.0,8.13481201258193,5.89,37258610000.0,8.9213795415,4.95,130376700000.0,2.1,12455440000.0,8.5,9285.95238095238,104.6159
2008-07,2.01,219.964,99.676,4.01,2.57,1.44,923.0,205.5,7794.9,133.5852173913043,11.088636363636363,8407.021739130436,1.5758636363636362,6.835513636363637,106.85181818181817,1.9888272727272727,42.70272727272727,1015.0545454545455,86.45375652173914,24.321818181818184,71.45,4.4904347826,1.537,-0.1771479156,,6.0,5.18168779890817,6.03,40961220000.0,6.7799459282,4.98,129092800000.00002,-1.9,12118420000.0,8.75,9158.54347826087,106.2508
2008-08,2.0,219.086,98.1111,3.89,2.42,1.47,844.0,199.0,7808.8,113.8004761904762,8.256666666666666,7633.8,1.4955380952380952,6.846190476190476,109.36238095238096,1.8865142857142856,42.90571428571428,1046.1142857142859,88.94499523809525,20.695714285714285,71.35,4.2023809524,1.431,-3.5492457867,,6.0,6.23721403707502,5.91,36610600000.0,3.7853775131,5.21,124580600000.0,-4.3,12260890000.0,9.0,9148.45238095238,109.5509
2008-09,1.81,218.783,93.7895,3.69,2.08,1.61,820.0,196.9,7873.6,98.75545454545455,7.673809523809524,6975.113636363636,1.4341666666666666,6.830738095238096,106.57476190476191,1.797304761904762,45.53,1134.8666666666668,91.26510909090909,30.23857142857143,71.49,4.0940909091,1.481,1.1959521644,,6.0,10.29659184348,5.99,37428300000.0,3.2650991923,5.21,117595800000.0,-9.3,12458310000.0,9.25,9346.11363636364,110.5047
2008-10,0.97,216.573,94.7219,3.81,1.61,2.2,777.0,186.4,7976.3,71.96347826086956,6.736521739130435,4894.891304347826,1.3266272727272728,6.835750000000001,99.9659090909091,1.686181818181818,48.61545454545455,1329.1877272727272,98.04,61.17739130434782,71.51,3.8834782609,1.486,-2.3636363686,,6.0,3.87017454616443,5.53,37111140000.0,-1.371041311,4.88,109077500000.0,-16.1,10114440000.0,9.5,9950.41304347826,107.6887
2008-11,0.39,212.425,93.4715,3.53,1.21,2.32,652.0,176.8,8027.8,52.7135,6.683684210526316,3729.1875,1.2744222222222221,6.828055555555555,96.96555555555557,1.5326777777777778,48.85166666666667,1398.7044444444446,100.76666,62.66894736842105,71.17,3.5565,1.377,-6.7970204756,,6.0,2.23962148701491,5.73,28841620000.0,-11.8551516052,4.0,95266120000.0,-31.2,10183800000.0,9.5,11574.125,94.75532
2008-12,0.16,210.228,90.8357,2.42,0.82,1.6,560.0,170.9,8203.0,40.51173913043478,5.815454545454545,3105.095238095238,1.3511454545454546,6.853890909090908,91.27499999999999,1.4854045454545455,48.51318181818181,1361.5727272727272,99.66224782608695,52.405,71.08,3.0478947368,1.214,-8.2917083042,,6.0,-2.00618579426637,4.87,27117890000.0,-20.9075727464,3.27,96519640000.0,-41.4,8276604000.000001,9.25,11260.25,96.45435
2009-01,0.15,211.143,88.57,2.52,0.81,1.71,490.0,171.2,8284.2,43.17454545454545,5.2405,3260.357142857143,1.324445,6.836029999999999,90.1205,1.44621,48.6995,1354.3975,100.35208421052631,44.683,70.5,3.070952381,1.272,-8.8235294089,,6.0,-4.89309053196805,4.42,21133410000.0,-21.6409296127,2.43,89083210000.0,-47.8,7877639000.0,8.75,11127.0,97.71109
2009-02,0.22,212.193,88.031,2.87,0.98,1.89,582.0,169.3,8314.7,42.9105,4.514736842105263,3328.4125,1.2796842105263158,6.836289473684211,92.91578947368421,1.442221052631579,49.24842105263158,1439.5842105263157,102.97372631578948,45.57052631578947,70.79,3.1275,1.277,-8.4826762177,,6.0,-3.80786836432053,5.24,25397150000.0,-13.5096737547,2.06,83282140000.0,-56.7,8018475000.0,8.25,11808.0,93.89304
2009-03,0.18,212.709,86.6528,2.82,0.93,1.89,505.0,168.1,8380.5,46.58272727272727,3.9595454545454545,3770.875,1.3050318181818181,6.835999999999999,97.855,1.4170090909090909,51.129090909090905,1449.615909090909,103.43974545454545,44.79545454545455,71.05,3.0195454545,1.323,1.1749347253,,6.0,-5.61375529013627,4.97,27890830000.0,-11.6310501381,1.77,84444870000.0,-61.0,8599428000.0,7.75,11808.4090909091,94.92162
2009-04,0.15,213.24,85.9344,2.93,0.93,2.0,478.0,169.1,8390.2,50.51909090909091,3.494761904761905,4436.925,1.3198909090909092,6.830604545454546,98.91999999999999,1.4711727272727273,49.96545454545455,1332.125,100.71618636363637,38.063809523809525,71.3,3.133,1.402,4.3870967766,,6.0,-2.35722381598098,4.9,30326510000.0,-8.8320824916,1.8,84500830000.0,-61.0,8925432000.0,7.5,11012.0454545455,99.7799
2009-05,0.18,213.856,85.0665,3.29,0.93,2.36,540.0,170.8,8452.9,57.50142857142857,3.8325000000000005,4591.460526315789,1.364585,6.823480000000001,96.64450000000001,1.5418049999999999,48.510000000000005,1254.345,97.55188000000001,31.977999999999998,71.34,3.371,1.481,3.8318912261,,6.0,-1.46386928311267,5.05,27823840000.0,-6.8807103399,1.91,86090840000.0,-62.8,9138982000.0,7.25,10351.9047619048,103.374
2009-06,0.21,215.693,84.7459,3.72,1.18,2.54,585.0,174.1,8462.9,68.58,3.8004545454545453,5015.431818181818,1.4014454545454547,6.833422727272727,96.61454545454545,1.6368636363636364,47.67363636363636,1259.293181818182,96.04261818181818,29.140454545454546,71.48,3.4736363636,1.363,1.9047618961,,6.0,-2.11138138751736,5.26,32210050000.000004,-2.2979676346,1.93,90624980000.0,-62.5,9358354000.0,7.0,10170.2272727273,104.6916
2009-07,0.16,215.351,85.7027,3.56,1.02,2.54,594.0,172.5,8467.3,64.90434782608696,3.3836363636363633,5228.413043478261,1.4091652173913045,6.831691304347825,94.36695652173913,1.6378347826086956,48.36239130434783,1259.6739130434783,95.66055909090909,26.162727272727274,71.01,3.337826087,1.386,1.2850467247,,6.0,1.57076339176183,5.18,31908460000.0,0.6834848566,1.93,94803080000.0,-60.0,9691084000.0,6.75,10088.2608695652,105.3561
2009-08,0.16,215.834,86.6426,3.59,1.12,2.47,586.0,175.0,8466.2,72.59190476190476,3.1409523809523807,6176.875,1.4266238095238095,6.8322666666666665,94.89714285714285,1.6532142857142857,48.24261904761905,1238.9952380952382,94.37304285714286,25.337142857142858,71.25,3.3052380952,1.314,1.4994233133,,6.0,5.48088820156369,5.44,28949630000.0,1.351050598,1.98,95051500000.0,-53.8,10193760000.0,6.5,9958.57142857143,106.3167
2009-09,0.15,215.969,87.4063,3.4,0.96,2.44,585.0,174.1,8462.7,67.51318181818182,2.986666666666667,6195.75,1.4575142857142858,6.827671428571429,91.2747619047619,1.6322857142857141,48.29238095238095,1211.8642857142859,93.66380000000001,24.92666666666667,71.26,3.2631818182,1.258,3.4090908963,,6.0,1.7267767314219,5.38,33922430000.0,6.777502095,1.99,98088070000.0,-51.2,10199340000.0,6.5,9840.90909090909,107.2361
2009-10,0.12,216.177,87.6419,3.39,0.95,2.44,534.0,175.2,8489.2,72.96863636363636,4.007727272727273,6305.988636363636,1.4821142857142857,6.826671428571428,90.36714285714285,1.6211714285714287,46.65238095238095,1173.740476190476,92.2597619047619,24.252272727272725,71.42,3.2090909091,1.404,2.5274725337,,6.0,2.49053659856877,5.45,33970030000.0,4.7688892488,1.99,99535850000.0,-49.7,11171000000.0,6.5,9471.0,109.6908
2009-11,0.12,216.33,88.0221,3.4,0.8,2.6,588.0,177.4,8517.9,76.93666666666667,3.6630000000000003,6682.440476190476,1.4907526315789474,6.827063157894737,89.26736842105262,1.6598578947368423,46.53052631578947,1162.8368421052633,91.79961052631579,23.788999999999998,71.51,3.2171428571,1.253,2.1436227285,,6.0,6.43309724752101,5.39,33991610000.0,18.7998340092,2.0,103468300000.0,-47.3,10777970000.0,6.5,9439.28571428571,109.2945
2009-12,0.12,215.949,88.3793,3.59,0.87,2.72,581.0,178.1,8510.6,74.7895652173913,5.347727272727273,6976.97619047619,1.4578545454545455,6.827454545454546,89.9509090909091,1.6226227272727272,46.52727272727273,1163.310909090909,92.25861904761905,21.239545454545453,71.73,3.1385,1.272,0.8394543508,,6.0,9.60567482598924,5.31,36009620000.0,34.678880776,2.0,103384800000.0,-44.8,11733470000.0,6.5,9446.39130434783,110.1418
2010-01,0.11,216.687,89.3426,3.73,0.93,2.8,614.0,181.9,8473.1,76.60238095238095,5.832105263157895,7367.375,1.4265736842105263,6.826915789473684,91.10105263157895,1.6158157894736842,45.894444444444446,1138.1947368421054,92.44030000000001,20.643157894736845,71.15,3.2575,1.308,2.6014568079,,6.0,13.8776074732168,5.35,30735410000.0,35.0814305608,2.0,98801260000.0,-39.2,12034300000.0,6.5,9270.0,112.5255
2010-02,0.13,216.741,89.6779,3.69,0.86,2.83,604.0,181.0,8523.4,73.903,5.32,6867.675,1.3679947368421053,6.8284631578947375,90.13947368421053,1.5617631578947369,46.27315789473685,1155.6552631578948,93.88668000000001,22.54,71.37,3.17,1.295,0.3042596348,,6.0,13.7236647204059,5.3,33039400000.0,24.2750052243,2.0,97405350000.0,-38.5,11979100000.0,6.5,9326.25,112.7602
2010-03,0.16,217.631,90.2928,3.73,0.96,2.77,636.0,183.3,8519.0,79.51913043478261,4.290869565217391,7466.934782608696,1.357004347826087,6.826182608695651,90.71608695652174,1.5058391304347827,45.45086956521739,1136.0821739130436,93.14987826086957,17.767391304347825,72.16,3.102173913,1.361,0.2022244757,,6.0,14.4258906142588,4.92,37308940000.0,22.5853461497,2.01,103377200000.0,-34.6,12313140000.0,6.5,9161.08695652174,113.8027
2010-04,0.2,218.009,90.5991,3.85,1.06,2.79,687.0,184.4,8554.3,85.15636363636364,4.033809523809524,7729.8375,1.3416818181818182,6.825550000000001,93.45272727272727,1.533209090909091,44.443977272727274,1115.459090909091,92.63908636363637,17.424285714285716,72.45,3.0645,1.286,1.2108980723,,6.0,12.7787648466947,4.91,39301010000.0,20.1610207255,2.0,100176600000.0,-23.7,12425760000.0,6.5,9026.31818181818,114.6782
2010-05,0.2,218.178,91.823,3.42,0.83,2.59,583.0,184.8,8612.0,76.13238095238096,4.14,6843.157894736842,1.256315,6.827450000000001,91.973,1.466895,45.769,1164.841,95.53063999999999,31.9295,72.54,2.7342857143,1.257,-0.2991026821,,6.0,8.37879875952745,4.95,38887930000.0,19.9742962591,2.01,99082560000.0,-19.3,12604400000.0,6.5,9160.2380952381,114.7649
2010-06,0.18,217.965,91.9928,3.2,0.72,2.48,536.0,183.5,8631.0,75.24636363636364,4.801363636363636,6501.5,1.2223363636363638,6.818440909090909,90.8059090909091,1.4768181818181818,46.498295454545456,1214.1113636363636,96.06062727272727,29.916363636363634,72.54,2.5431818182,1.08,-0.7999999964,,6.0,7.3994120483919,4.93,42049050000.0,16.0043708879,2.0,97436670000.0,-13.9,12596920000.0,6.5,9130.63636363636,117.2431
2010-07,0.18,218.011,92.3421,3.01,0.62,2.39,546.0,184.1,8642.3,75.195,4.626666666666667,6750.568181818182,1.281057142857143,6.776233333333334,87.50047619047619,1.5304095238095237,46.76166666666667,1203.8095238095239,94.45469047619048,25.565238095238094,72.23,2.6159090909,1.075,1.1088709541,,6.0,10.2702188792469,4.91,40423610000.0,13.9104601991,2.21,101983200000.0,-7.0,13004940000.0,6.5,9034.59090909091,118.0144
2010-08,0.19,218.312,92.6805,2.7,0.52,2.18,599.0,184.9,8690.5,76.89181818181818,4.315,7302.666666666667,1.2902909090909092,6.787286363636364,85.37272727272727,1.5660590909090908,46.460454545454546,1179.515909090909,93.68223181818183,24.74590909090909,72.37,2.35,1.023,0.3988036021,,6.0,4.11428840615866,4.68,36480950000.0,12.2324554046,2.27,102514000000.0,-2.0,13574670000.0,6.5,8968.54545454545,118.0536
2010-09,0.19,218.439,92.9537,2.65,0.48,2.17,594.0,184.9,8719.6,77.93818181818182,3.894285714285714,7729.590909090909,1.3102857142857143,6.739647619047619,84.35714285714286,1.5590999999999997,45.87285714285714,1159.9309523809522,92.76259523809524,22.517619047619046,72.6,2.3004545455,0.898,1.5888778478,,6.0,6.21214253099041,4.28,39410880000.0,8.3678160873,2.27,106547200000.0,-0.3,13020870000.0,6.5,8975.54545454545,116.5925
2010-10,0.19,218.711,92.6903,2.54,0.38,2.16,543.0,186.6,8769.8,83.33857142857143,3.4342857142857146,8289.761904761905,1.390095,6.667789999999999,81.7285,1.586685,44.354,1121.94,90.22912,20.37333333333333,72.81,2.3457142857,0.903,-2.8347996143,,6.0,11.6803235956659,4.11,43340340000.0,11.2338718717,2.26,114256700000.0,2.9,14096720000.0,6.5,8924.57142857143,114.1928
2010-11,0.19,218.803,92.7709,2.76,0.45,2.31,545.0,187.7,8790.3,85.80090909090909,3.7138095238095237,8458.420454545456,1.3654249999999999,6.65381,82.518,1.59607,44.9315,1129.623,90.509535,20.095714285714287,72.88,2.5327272727,1.161,1.6096579504,,6.0,6.47350923401644,4.48,41260910000.0,10.5465387642,2.37,111958900000.0,2.2,15355310000.0,6.5,8939.31818181818,114.5443
2010-12,0.18,219.179,93.6787,3.29,0.62,2.67,539.0,189.7,8822.0,91.96,4.248636363636364,9152.857142857143,1.3221333333333334,6.649685714285714,83.33761904761904,1.5595476190476192,45.1,1145.4833333333333,91.18347142857144,17.56954545454545,73.32,2.9147619048,1.133,0.5940594154,,6.0,8.18839271932945,4.46,44145320000.0,10.9001580072,2.5,109400800000.0,5.2,15480830000.0,6.5,9019.21739130435,114.8882
2011-01,0.17,220.223,93.4814,3.39,0.61,2.78,630.0,192.7,8844.5,96.95238095238096,4.4935,9533.2,1.337065,6.596415,82.625,1.578205,45.375,1118.8674999999998,90.11122,17.3155,72.8,3.0166666667,1.213,0.3937007808,,6.0,7.50321284582247,4.69,44465370000.0,12.4975765791,2.66,112499900000.0,6.1,15434770000.0,6.5,9030.52380952381,113.7121
2011-02,0.16,221.309,93.1102,3.58,0.77,2.81,517.0,195.8,8909.9,104.2385,4.092631578947369,9880.9375,1.3655894736842107,6.576126315789473,82.53684210526316,1.612421052631579,45.37947368421053,1117.4368421052632,89.3966894736842,17.43,73.11,3.199,1.241,0.6862745127,,6.0,6.60149518832576,4.76,38467410000.0,7.9906755429,2.75,116880600000.0,9.7,15564860000.0,6.75,8913.55,114.4065
2011-03,0.14,223.467,94.0788,3.41,0.7,2.71,600.0,199.2,8967.7,114.9173913043478,3.973913043478261,9503.358695652174,1.4019826086956524,6.564460869565217,81.64695652173914,1.6158782608695652,44.91434782608695,1119.267391304348,88.48722608695653,20.723478260869566,74.09,3.2117391304,1.214,-16.4556961989,,6.0,9.29866108503845,4.51,48052990000.0,8.6065043162,2.92,123401900000.0,10.4,15925310000.0,6.75,8756.73913043478,115.1404
2011-04,0.1,224.906,93.7749,3.46,0.73,2.73,554.0,203.1,9033.6,123.3257142857143,4.235,9482.75,1.4459761904761905,6.526685714285714,83.17714285714285,1.6379428571428571,44.30095238095238,1083.1761904761904,86.92136666666667,16.244,74.51,3.3405263158,1.215,2.0979020855,,6.0,5.51807914715823,4.48,48536720000.0,5.6337375075,3.01,125166000000.0,11.8,16789850000.000002,6.75,8645.71428571429,114.5092
2011-05,0.09,225.964,93.888,3.17,0.56,2.61,561.0,204.1,9109.4,114.9295454545455,4.310952380952381,8931.675,1.433452380952381,6.495680952380953,81.1257142857143,1.633247619047619,44.90238095238095,1084.3619047619047,86.94640476190476,16.91142857142857,74.52,3.0609090909,1.118,6.8493150885,,6.0,5.71385165328697,4.34,47331330000.0,5.493163781,3.02,124400400000.0,11.8,17416360000.0,6.75,8555.40909090909,115.0463
2011-06,0.09,225.722,94.172,3.0,0.41,2.59,608.0,203.9,9184.2,114.3704545454545,4.536818181818182,9066.852272727272,1.4402863636363636,6.47455,80.42590909090909,1.6219181818181818,44.81090909090909,1080.4522727272727,86.94125454545454,19.153181818181817,74.51,2.8909090909,1.084,4.1666666645,,6.0,9.68166923809164,4.24,46736890000.0,6.0010108937,3.2,126268400000.0,12.2,17720360000.0,6.75,8559.27272727273,115.2516
2011-07,0.07,225.922,94.636,3.0,0.41,2.59,623.0,204.6,9346.9,117.4833333333333,4.4235,9650.464285714286,1.4275,6.457535,79.24249999999999,1.6157599999999999,44.396,1057.425,86.31780499999999,19.2275,74.09,2.7438095238,1.075,1.2307692201,,6.0,3.88198458584934,4.23,48950110000.0,5.276583093,3.26,123796000000.0,10.5,17234580000.0,6.75,8526.57142857143,114.9445
2011-08,0.1,226.545,95.2749,2.3,0.23,2.07,585.0,203.2,9532.5,110.3547826086957,4.054782608695652,8997.988636363636,1.4333173913043478,6.403604347826088,76.96565217391304,1.6356391304347826,45.313478260869566,1073.8869565217392,86.89824347826087,35.02913043478261,74.22,2.2134782609,1.023,1.72239109,,6.0,2.92544633151208,3.96,45792060000.0,5.355231508,3.25,127120200000.0,7.8,17894510000.0,6.75,8521.26086956522,115.2731
2011-09,0.08,226.889,95.1961,1.98,0.21,1.77,650.0,203.7,9553.3,111.9627272727273,3.8961904761904758,8300.136363636364,1.3746714285714285,6.388457142857143,76.79571428571428,1.5771380952380953,47.69047619047619,1121.909523809524,89.72526666666667,36.53,74.77,1.8290909091,0.975,-0.7968127551,,6.0,2.50134959432526,3.75,46510960000.0,5.3480718789,3.25,123505800000.0,5.2,17520860000.0,6.75,8717.59090909091,115.1999
2011-10,0.07,226.421,95.8568,2.15,0.28,1.87,610.0,201.1,9586.2,110.4295238095238,3.5657142857142854,7394.190476190476,1.373245,6.370955,76.643,1.57683,49.202,1150.685,90.60984499999999,32.829047619047614,75.03,2.0023809524,1.038,1.7068273053,,6.0,-5.04756140218878,3.86,46613480000.0,6.2782048738,3.24,120617300000.0,3.7,16953990000.000002,6.5,8861.7619047619,114.0353
2011-11,0.08,226.23,95.8485,2.01,0.25,1.76,711.0,201.4,9639.5,111.1586363636364,3.238571428571429,7581.022727272727,1.35576,6.3564099999999994,77.5595,1.580615,50.6785,1133.4775,91.26488,31.94190476190476,75.09,1.8740909091,1.062,-2.2704837077,,6.0,6.25338907892974,3.8,46012600000.0,3.6360353459,3.26,120245000000.0,-0.4,16978130000.0,6.0,8994.04545454545,113.1694
2011-12,0.07,225.672,96.3571,1.98,0.26,1.72,694.0,199.8,9683.5,108.3477272727273,3.1695238095238096,7558.875,1.3154571428571429,6.3482095238095235,77.79666666666667,1.5587428571428572,52.38238095238095,1148.1261904761905,92.20559047619047,25.047619047619047,75.34,1.9276190476,0.971,2.1212121204,8.56,6.0,3.06499436584202,3.81,47743720000.0,0.2760524558,3.26,114225500000.0,-0.2,16684520000.0,6.0,9047.72727272727,113.7347
2012-01,0.08,226.665,96.9318,1.97,0.24,1.73,723.0,200.7,9753.3,111.415,2.6705,8061.916666666667,1.290985,6.31717,76.964,1.552415,51.0015,1140.3274999999999,91.646265,20.228,74.74,1.8209090909,0.959,0.494559848,8.235,6.0,0.73894260130003,3.8,41200360000.0,-0.7044225758,3.26,114049200000.0,0.3,16524030000.0,6.0,9043.63636363636,113.1518
2012-02,0.1,227.663,97.2435,1.97,0.28,1.69,704.0,201.6,9806.3,119.1657142857143,2.5044999999999997,8441.488095238095,1.323835,6.29969,78.47,1.58042,49.18119,1122.69,89.9605,18.4205,75.11,1.8519047619,0.962,-0.2952756001,8.1925,7.75,0.677922696024447,3.81,46316180000.0,7.0155332064,3.25,121284300000.0,0.0,16697389999.999998,5.75,8989.7619047619,112.2778
2012-03,0.13,229.392,96.74,2.17,0.34,1.83,695.0,204.2,9849.3,124.7031818181818,2.171818181818182,8470.784090909092,1.32075,6.312481818181817,82.4659090909091,1.5823772727272727,50.363468181818185,1126.17,90.51121363636364,16.167272727272728,76.08,1.8304545455,0.966,-0.1974333629,8.374,9.5,-2.53530066999176,3.95,47329820000.0,0.8886865852,3.25,119474500000.0,-3.7,16874040000.0,5.75,9134.5,111.0927
2012-04,0.14,230.085,97.4359,2.05,0.29,1.76,753.0,203.7,9905.0,120.47,1.9449999999999998,8285.526315789473,1.3160190476190476,6.304328571428571,81.25238095238095,1.5999761904761904,51.69,1135.0238095238096,90.81560952380953,17.823,76.43,1.6242105263,0.914,-0.4945598383,8.5875,9.25,-2.41078750867102,3.9,46094750000.0,3.4106621525,3.25,117019200000.0,-3.5,16558560000.0,5.75,9158.2380952381,110.721
2012-05,0.16,229.815,97.6609,1.8,0.29,1.51,708.0,201.9,9951.9,110.8221739130435,2.4318181818181817,7896.909090909091,1.2806454545454544,6.3242045454545455,79.66681818181819,1.5923772727272727,54.33136363636363,1156.6913636363636,92.49278636363637,21.001818181818184,76.33,1.3368181818,0.846,-1.7892644128,8.565,9.0,2.44537002835641,3.75,46872360000.0,3.5169130662,3.26,118460300000.0,-8.9,16049570000.0,5.75,9245.5652173913,110.7809
2012-06,0.16,229.478,97.6663,1.62,0.29,1.33,757.0,199.8,10023.7,95.88904761904762,2.455238095238095,7428.289473684211,1.2541333333333333,6.363257142857143,79.31523809523809,1.5556238095238097,55.94238095238095,1163.3885714285714,93.88086666666666,21.13095238095238,76.27,1.3004761905,0.789,-0.7085020273,8.204,9.0,-2.30015658202835,3.63,47162610000.0,0.7813515942,3.26,113999800000.0,-10.1,15749650000.0,5.75,9397.61904761905,110.7911
2012-07,0.16,229.104,97.8713,1.53,0.25,1.28,740.0,200.1,10076.0,102.9795454545455,2.9533333333333336,7584.261363636364,1.2277619047619048,6.371742857142857,78.9347619047619,1.5592761904761905,55.42476190476191,1142.2780952380951,93.40616666666668,17.565238095238094,75.87,1.2422727273,0.78,-0.6116207849,8.09666666666667,9.0,-1.2579914351057,3.3,44667680000.0,-0.0097786799,3.08,111688400000.0,-12.7,15935740000.0,5.75,9427.77272727273,110.496
2012-08,0.13,230.379,97.4525,1.68,0.27,1.41,754.0,202.7,10147.8,113.7804347826087,2.8382608695652176,7510.431818181818,1.2406217391304348,6.359278260869565,78.69086956521738,1.5722173913043478,55.49347826086956,1131.7456521739132,92.5282652173913,15.689565217391305,76.16,1.3417391304,0.8,-1.4358974419,8.196,9.0,0.614931049010004,3.09,43045180000.0,-1.2420799691,3.0,115766700000.0,-14.0,14790530000.0,5.75,9486.65217391304,109.6192
2012-09,0.14,231.407,97.381,1.72,0.26,1.46,847.0,204.4,10228.4,113.6415,2.8478947368421053,8087.7425,1.2884578947368421,6.32,78.13526315789473,1.6126368421052633,54.35,1122.9910526315791,90.98020000000001,15.284736842105264,76.72,1.4905,0.757,-2.1852237345,8.175,9.0,-1.23322270923582,3.05,45412540000.0,-0.6269524287,2.99,117755100000.0,-17.1,15858470000.0,5.75,9546.5,107.4268
2012-10,0.16,231.317,97.7193,1.75,0.28,1.47,915.0,203.5,10294.4,111.7926086956522,3.317391304347826,8062.032608695652,1.2973818181818182,6.262731818181819,79.01318181818182,1.607968181818182,53.099545454545456,1105.3822727272727,90.75663,16.276190476190475,76.9,1.4669565217,0.76,0.3191489465,8.1475,9.0,6.35229659852612,2.97,47087760000.0,0.1408285374,2.8,118165600000.0,-22.2,15218230000.0,5.75,9588.73913043478,106.5545
2012-11,0.16,230.221,98.0777,1.65,0.27,1.38,833.0,201.8,10365.6,109.9118181818182,3.5404761904761903,7711.227272727273,1.28374,6.23375,81.0305,1.59683,54.7845,1086.9524999999999,91.47508,16.701904761904764,76.74,1.3359090909,0.713,-0.9544008583,8.20254,9.0,-4.20732094184129,2.99,47805240000.0,2.8714542306,2.75,113087300000.0,-20.7,15631740000.0,5.75,9612.68181818182,106.6399
2012-12,0.16,229.601,98.3101,1.72,0.26,1.46,976.0,201.5,10485.4,109.5690476190476,3.3415,7966.486842105263,1.3119450000000001,6.232815,83.7905,1.6144849999999997,54.647000000000006,1075.2225,90.88039,17.307,77.02,1.2994117647,0.781,1.2847965734,8.1375,9.0,-2.67396349354383,3.13,44875310000.0,4.7332548843,2.75,119248900000.0,-19.3,14965410000.0,5.75,9629.28571428571,106.6216
2013-01,0.14,230.28,98.3342,1.91,0.27,1.64,888.0,202.5,10502.3,112.5278260869565,3.3285714285714287,8053.738636363636,1.3303904761904763,6.221519047619048,89.05809523809523,1.5965,54.22904761904762,1066.5204761904763,90.82551428571429,13.505238095238095,76.22,1.5122727273,0.775,-1.9033527583,7.8725,9.0,-1.73844768550917,3.05,45673110000.0,4.1165878477,2.76,120491600000.0,-19.3,15683090000.0,5.75,9644.65217391304,107.1534
2013-02,0.15,232.166,98.7941,1.98,0.27,1.71,962.0,204.3,10523.0,116.488,3.3299999999999996,8060.925,1.3346736842105262,6.232268421052631,93.00157894736842,1.5474473684210526,53.80789473684211,1087.3084210526315,91.55087368421053,14.072631578947368,76.5,1.5435,0.669,1.6877637069,7.8375,8.75,-2.03625866855046,3.04,42331840000.0,-2.3966228941,2.75,119006900000.0,-16.0,15595270000.0,5.75,9677.35,107.9561
2013-03,0.14,232.773,99.1921,1.96,0.26,1.7,1010.0,204.0,10578.7,109.5857142857143,3.8095,7652.375,1.2953142857142856,6.215438095238095,94.77000000000001,1.5080190476190478,54.42285714285715,1102.8709523809525,92.41318,13.0315,77.4,1.3545,0.492,1.3485477169,7.91,8.65,0.734289484747741,2.91,47312700000.0,-0.1267576889,2.74,118036100000.0,-19.7,14834130000.0,5.75,9706.09523809524,109.0775
2013-04,0.15,232.531,99.1065,1.76,0.23,1.53,835.0,203.5,10608.9,102.96,4.166363636363636,7221.161904761905,1.302518181818182,6.186109090909091,97.75818181818181,1.5311227272727272,54.32363636363636,1120.8977272727273,92.04782272727272,13.967272727272727,77.33,1.1961904762,0.589,0.0,7.83,8.5,3.31314375151437,2.84,46157920000.0,-0.482840582,2.75,118004300000.0,-19.7,15099390000.0,5.75,9720.45454545455,109.1756
2013-05,0.11,232.945,99.1839,1.93,0.25,1.68,930.0,204.1,10646.5,102.9804347826087,4.041363636363636,7248.714285714286,1.2983136363636363,6.141631818181819,100.91863636363637,1.5297181818181818,54.98454545454546,1111.4945454545452,92.52896818181819,13.493636363636364,77.41,1.2940909091,0.879,1.5353121862,7.502,8.25,0.471009878870032,2.9,48307560000.0,-1.5399706786,2.55,115323000000.0,-18.9,15494970000.0,5.75,9755.33333333333,109.6363
2013-06,0.09,233.504,99.3897,2.3,0.33,1.97,839.0,204.3,10705.6,103.3585,3.8259999999999996,7000.2375,1.319715,6.13415,97.235,1.5493000000000001,58.383500000000005,1135.0085000000001,93.283615,17.2715,77.5,1.5305,0.822,-1.00806452,7.40215,8.25,-0.738451516933492,3.31,46690980000.0,0.3709797058,2.49,119873600000.0,-14.9,15155130000.0,6.0,9877.8,110.0251
2013-07,0.09,233.596,99.0814,2.58,0.34,2.24,880.0,204.4,10743.0,107.7795652173913,3.622727272727273,6906.641304347826,1.3087863636363635,6.13425,99.67272727272729,1.5179181818181817,59.76090909090909,1125.03,93.87238636363637,13.974545454545455,77.08,1.5656521739,0.79,1.5274949041,7.724375,9.25,2.93276865949084,3.47,45829520000.0,0.2553570653,2.48,115271600000.0,-16.5,15086170000.0,6.5,10073.3913043478,111.7394
2013-08,0.08,233.877,99.6543,2.74,0.36,2.38,917.0,204.2,10803.6,111.0581818181818,3.4254545454545453,7186.25,1.3313545454545455,6.121263636363636,97.81227272727273,1.550518181818182,62.810909090909085,1115.9418181818182,93.71488636363637,14.21,77.18,1.735,0.708,0.2006018122,8.328,10.25,4.2303598596543,3.61,46311340000.0,3.506520811,2.5,120999600000.0,-9.4,14097910000.0,7.0,10520.7727272727,107.7934
2013-09,0.08,234.149,100.161,2.81,0.4,2.41,850.0,203.9,10865.8,111.9628571428571,3.62,7159.269047619048,1.3364150000000001,6.119815,99.21000000000001,1.58845,63.648,1082.3115,93.470565,14.692000000000002,77.55,1.8880952381,0.669,1.1011011034,8.6025,9.875,6.26976382888826,3.53,44650490000.0,0.6100967246,2.5,122280200000.0,-9.9,14742360000.0,7.25,11346.2380952381,98.9844
2013-10,0.09,233.546,100.082,2.62,0.34,2.28,925.0,202.5,10989.2,109.6186956521739,3.677826086956522,7203.021739130435,1.3645909090909092,6.103213636363637,97.77,1.6097863636363636,61.60590909090909,1065.8572727272729,92.49926818181818,15.407826086956522,77.46,1.762173913,0.59,0.0990098994,8.5725,9.125,1.91112897987287,3.44,50480480000.0,0.8395214356,2.5,125283500000.0,-7.7,15138980000.0,7.25,11376.3043478261,97.46433
2013-11,0.08,233.069,100.3158,2.72,0.3,2.42,1100.0,201.2,10999.8,108.1504761904762,3.6380000000000003,7070.654761904762,1.3490842105263159,6.092931578947368,100.07368421052632,1.6100105263157893,62.5178947368421,1061.5636842105262,93.37366842105263,12.924000000000001,77.39,1.6771428571,0.605,0.6923837772,8.86304,8.75,3.74565999060896,3.584,47905030000.0,-0.5356084296,2.5,123528700000.0,-6.9,15551100000.0,7.5,11602.4285714286,96.24755
2013-12,0.09,233.049,100.5175,2.9,0.34,2.56,1002.0,202.0,11062.4,111.0704545454545,4.239047619047619,7214.9,1.3708,6.0738,103.46,1.638347619047619,61.81095238095238,1055.634761904762,93.53402,14.192380952380953,77.67,1.7977777778,0.688,0.0982318255,8.87536825,8.75,3.64638113417759,3.653,47981460000.0,0.9273979887,2.5,125948000000.0,-7.3,15724180000.0,7.5,12098.7272727273,93.39094
2014-01,0.07,233.916,100.1599,2.86,0.39,2.47,888.0,203.8,11127.5,107.9269565217391,4.713333333333334,7291.465909090909,1.361795238095238,6.050938095238095,103.76142857142857,1.6469809523809522,62.105714285714285,1067.1266666666666,94.46474761904763,14.24095238095238,76.8,1.7559090909,0.614,1.8645731103,8.76454,8.8,5.04226794222919,3.647,45559630000.0,-0.3146390492,2.5,126355200000.0,-7.5,14847990000.0,7.5,12176.3043478261,94.18214
2014-02,0.07,234.781,100.9168,2.71,0.33,2.38,944.0,205.7,11191.9,108.838,6.000526315789474,7149.2125,1.366521052631579,6.0816,102.12526315789474,1.6558473684210526,62.1642105263158,1071.3063157894737,94.64558235294118,15.47,77.04,1.5585,0.586,-1.0597302431,8.8125,9.0,5.35628985808474,3.522,42911740000.0,1.5755496841,2.49,126407200000.0,-6.3,15301590000.0,7.5,11935.1,95.97672
2014-03,0.08,236.293,101.8942,2.72,0.4,2.32,970.0,207.0,11228.8,107.8680952380952,4.903333333333333,6650.035714285714,1.3828190476190476,6.172876190476191,102.33952380952381,1.6624142857142856,60.94761904761905,1070.4909523809524,94.44082105263158,14.836666666666666,77.76,1.5085714286,0.605,1.4605647476,8.8375,9.0,3.20844100606916,3.543,49064390000.0,3.2385746415,2.48,124661200000.0,-5.5,15138780000.0,7.5,11425.9523809524,100.243
2014-04,0.09,237.072,101.9928,2.71,0.42,2.29,1043.0,208.3,11276.0,108.0036363636364,4.657619047619048,6673.5625,1.381018181818182,6.224613636363636,102.45818181818181,1.6748272727272728,60.346363636363634,1042.635,93.99555,14.19809523809524,77.88,1.4565,0.61,-4.5105566163,8.9875,9.0,4.031814994338,3.54,50267450000.0,2.8023331434,2.49,127143900000.0,-6.3,14734750000.0,7.5,11429.1818181818,99.51743
2014-05,0.09,237.9,102.3836,2.56,0.39,2.17,1007.0,208.0,11343.1,109.8322727272727,4.581904761904762,6891.125,1.3738523809523808,6.237957142857143,101.77380952380952,1.6842380952380953,59.284285714285716,1024.7866666666666,93.67002857142857,12.475238095238096,77.79,1.3271428571,0.566,2.3115577817,8.75292,9.0,4.44354875952964,3.402,47577180000.0,-0.1574769435,2.49,125632400000.0,-6.3,14764600000.0,7.5,11533.2727272727,98.2591
2014-06,0.1,238.343,102.735,2.6,0.45,2.15,911.0,208.3,11398.4,112.2409523809524,4.5876190476190475,6821.142857142857,1.3594857142857142,6.230604761904762,102.06285714285715,1.6907999999999999,59.736666666666665,1018.7442857142858,93.82740476190477,11.541428571428572,77.88,1.2642857143,0.536,-1.4734774026,8.6336,9.0,8.02304603590289,3.286,47827710000.0,2.4404876686,2.48,125933800000.0,-6.9,15176390000.0,7.5,11892.619047619,95.69736
2014-07,0.09,238.25,102.9632,2.54,0.51,2.03,1085.0,208.0,11452.5,107.4626086956522,4.050909090909091,7113.380434782609,1.3533363636363636,6.198436363636364,101.74000000000001,1.7065772727272728,60.09559090909091,1021.0340909090909,93.6038590909091,12.296363636363635,77.37,1.1143478261,0.527,-0.1994018014,8.6559,9.0,5.6658427955004,3.056,48204540000.0,4.183692274,2.49,128882500000.0,-8.1,14420290000.0,7.5,11669.9130434783,98.00254
2014-08,0.09,237.852,102.7688,2.42,0.47,1.95,984.0,207.0,11477.8,102.4019047619048,3.912380952380952,7001.8375,1.3315238095238096,6.15412857142857,102.94380952380953,1.6700190476190475,60.87380952380952,1024.55,94.58080952380952,13.491904761904761,77.46,0.9561904762,0.488,-0.699300698,8.56064,9.0,3.30367395355493,3.086,46108370000.0,-1.153110415,2.34,123237200000.0,-8.5,14594350000.0,7.5,11706.6666666667,98.32209
2014-09,0.09,238.031,103.0641,2.53,0.57,1.96,1023.0,206.4,11520.7,97.85272727272728,3.923809523809524,6872.215909090909,1.2889095238095238,6.138228571428571,107.42571428571429,1.6290285714285715,60.897619047619045,1035.8914285714286,96.12086666666667,13.466666666666667,77.8,0.9213636364,0.497,1.2072434615,8.49115,9.0,3.56741671856657,3.012,47446220000.0,0.3364034244,2.23,123559800000.0,-12.0,14826680000.0,7.5,11890.7727272727,98.11063
2014-10,0.09,237.433,103.0764,2.3,0.45,1.85,1074.0,203.4,11596.5,87.58478260869565,3.781739130434783,6737.478260869565,1.2677318181818182,6.125050000000001,108.02636363636363,1.6074363636363636,61.36681818181818,1060.3359090909091,97.43960454545454,18.058695652173913,77.75,0.7909090909,0.465,-0.1988071539,8.40188,9.0,0.539619783306744,2.769,51630660000.0,-2.9244276421,2.06,121917000000.0,-13.6,14516730000.0,7.5,12144.8695652174,97.49308
2014-11,0.09,236.151,103.7126,2.33,0.53,1.8,1001.0,200.9,11638.9,79.2295,4.122631578947368,6712.85,1.24725,6.124894444444444,116.29944444444443,1.577061111111111,61.68277777777777,1097.8727777777776,99.11468888888889,13.413157894736841,77.61,0.719,0.42,0.0,8.18685,9.0,7.30642899059157,2.692,46605340000.0,-1.5761019946,1.98,117998600000.0,-10.4,13842150000.0,7.5,12158.3,100.7707
2014-12,0.12,234.812,103.7044,2.21,0.64,1.57,1073.0,197.0,11721.2,62.90391304347826,3.4818181818181815,6446.452380952381,1.2329190476190477,6.188628571428571,119.32333333333334,1.5644285714285715,62.707142857142856,1102.622380952381,101.44413333333333,16.292272727272728,77.54,0.5889473684,0.33,-0.4980079701,7.955925,9.0,4.12786522013973,2.681,49461380000.0,-0.3517983748,1.99,119755800000.0,-9.7,13840230000.0,7.75,12433.1739130435,102.7481
2015-01,0.11,233.707,102.8905,1.88,0.55,1.33,1085.0,192.0,11806.2,48.93318181818182,2.9945,5830.535714285714,1.1614900000000001,6.218135,118.25,1.5142200000000001,62.129999999999995,1088.1299999999999,103.76074000000001,19.1195,76.34,0.39,0.275,3.0030030047,7.79366,8.85,2.26679252548685,2.415,45105390000.0,-2.7027309503,1.99,111648700000.0,-8.7,14007580000.0,7.75,12572.7727272727,102.4759
2015-02,0.11,234.722,102.2335,1.98,0.62,1.36,886.0,191.1,11920.7,58.254,2.874736842105263,5729.275,1.1350263157894738,6.2518473684210525,118.76,1.5329263157894737,61.990526315789474,1101.4605263157894,105.16853888888889,15.90421052631579,76.81,0.302,0.33,-3.0126336249,7.7342,8.75,2.96296154207438,2.346,41472190000.0,-1.1934851276,1.99,110085900000.0,-8.0,13059390000.0,7.5,12752.55,101.1595
2015-03,0.11,236.119,101.8914,2.04,0.64,1.4,960.0,191.5,11919.1,56.52454545454545,2.830909090909091,5939.670454545455,1.0819454545454545,6.238604545454546,120.39454545454545,1.4958045454545454,62.48045454545454,1112.9004545454545,107.36473809523811,14.812727272727273,77.71,0.2272727273,0.4,-0.5010020059,7.8208,8.5,2.38296826930247,2.276,46822770000.0,-2.6566927873,1.82,106631600000.0,-4.9,13312710000.0,7.5,13066.8181818182,99.95729
2015-04,0.12,236.599,101.3355,1.94,0.54,1.4,1190.0,190.9,11953.4,59.82636363636364,2.609047619047619,6042.0875,1.0822045454545455,6.200995454545454,119.50954545454546,1.4967545454545457,62.64136363636363,1084.6709090909092,106.35228181818182,13.494761904761905,78.04,0.122,0.34,0.2014098759,7.83696666666667,8.5,0.722084739551287,2.177,46221930000.0,-2.1834514051,1.73,107619500000.0,-4.6,13287480000.0,7.5,12950.1363636364,100.1871
2015-05,0.12,237.805,100.8883,2.2,0.61,1.59,1079.0,193.4,11981.9,65.19380952380952,2.85,6294.776315789474,1.116735,6.20345,120.798,1.5455999999999999,63.714999999999996,1092.6365,105.40651499999998,13.3385,78.26,0.5557894737,0.39,0.0,7.85218,8.5,1.72149372260777,2.49,42327310000.0,-1.4195278901,1.74,113460200000.0,-6.3,12849100000.0,7.5,13133.0952380952,98.74775
2015-06,0.13,238.638,100.571,2.36,0.69,1.67,1205.0,194.8,12020.9,62.62,2.7836363636363637,5833.011363636364,1.122559090909091,6.2052,123.71863636363636,1.5575863636363636,63.78090909090909,1112.8831818181818,106.17898636363635,14.339545454545457,78.27,0.7927272727,0.455,0.9045226085,7.805225,8.25,0.782306461360616,2.468,46554510000.0,-2.1261242372,1.57,111039400000.0,-6.7,12850610000.0,7.5,13309.4545454545,98.8643
2015-07,0.13,238.654,101.2228,2.32,0.67,1.65,1146.0,193.9,12063.5,56.8295652173913,2.8395652173913044,5456.75,1.099740909090909,6.20845,123.31090909090909,1.5560181818181817,63.60454545454545,1146.546818181818,108.12356818181819,14.352727272727272,77.79,0.71,0.41,0.0,7.81692,8.25,1.48712511586786,2.45,45695750000.0,-3.6162000764,1.48,112247400000.0,-5.3,11809640000.0,7.5,13366.8260869565,100.2654
2015-08,0.14,238.316,101.0367,2.17,0.7,1.47,1130.0,191.9,12110.1,47.53380952380952,2.7738095238095237,5127.3,1.1136142857142857,6.3382523809523805,123.00380952380952,1.5577571428571428,65.09714285714286,1178.1438095238095,109.97674761904761,19.42809523809524,77.79,0.6085714286,0.38,-1.7928286862,7.785975,8.25,3.36897110923629,2.308,39107400000.0,2.6023309666,1.49,108353300000.0,-5.9,12407200000.0,7.5,13780.8571428571,99.59454
2015-09,0.14,237.945,100.7547,2.17,0.71,1.46,1224.0,189.1,12172.7,48.03045454545455,2.6609090909090907,5217.25,1.1228523809523812,6.3676047619047615,120.14761904761905,1.5338380952380952,66.16666666666667,1184.33,110.85125714285715,24.377142857142857,77.96,0.6540909091,0.35,1.926977687,7.73205,8.25,1.86763463842023,2.216,43432310000.0,4.1741262733,1.48,111874800000.0,-9.1,12310260000.0,7.5,14406.4090909091,96.09657
2015-10,0.12,237.838,100.2675,2.07,0.64,1.43,1058.0,187.5,12228.4,48.90636363636364,2.340909090909091,5216.090909090909,1.1227952380952382,6.3505,120.04809523809524,1.5342619047619048,65.02619047619048,1143.1990476190476,109.90357142857142,16.789545454545454,78.05,0.5181818182,0.3,0.1990049719,7.5969,7.75,9.39165522497396,2.088,43352050000.0,3.457658111,1.48,111318800000.0,-10.1,11793430000.0,7.5,13785.0,99.51932
2015-11,0.12,237.336,99.5298,2.26,0.88,1.38,1172.0,185.7,12322.7,45.0952380952381,2.0923809523809522,4799.904761904762,1.0726578947368421,6.364036842105262,122.64315789473683,1.519436842105263,66.10000000000001,1153.472105263158,111.6916105263158,16.21,77.72,0.5161904762,0.3,-0.7944389247,7.7452,7.75,0.241138842258515,2.254,44285050000.0,2.232794506,1.49,106305000000.0,-9.7,11479170000.0,7.5,13672.5714285714,101.5528
2015-12,0.24,236.525,99.0417,2.24,0.98,1.26,1146.0,183.5,12393.6,38.52521739130435,1.929565217391304,4638.833333333333,1.0888681818181818,6.449095454545454,121.63499999999999,1.4980772727272729,66.50227272727273,1169.9463636363637,112.7857409090909,18.025454545454547,77.73,0.5455,0.27,-1.4014013988,7.791575,7.75,3.50851063291182,2.181,42379840000.0,-1.2614606381,1.48,106071100000.0,-8.0,11525120000.0,7.5,13836.2173913043,101.5888
2016-01,0.34,236.916,99.5607,2.09,0.9,1.19,1092.0,182.6,12522.2,32.0452380952381,2.282380952380952,4471.7875,1.0855052631578948,6.5726,118.2257894736842,1.4391578947368422,67.33315789473684,1203.3178947368422,115.2343875,23.717894736842105,76.58,0.4305,0.095,1.6243654763,7.66876,7.75,4.5177108511081,2.025,36260420000.0,0.88296901,1.49,105834300000.0,-6.6,11372970000.0,7.25,13884.5714285714,103.012
2016-02,0.38,237.111,99.0445,1.78,0.73,1.05,1225.0,181.3,12604.4,33.76238095238095,1.9890476190476192,4598.619047619048,1.10923,6.550050000000001,114.6155,1.429005,68.23949999999999,1216.2285,114.281735,22.517,76.71,0.1728571429,-0.065,-0.8991008946,7.720025,7.75,3.35944250558091,1.826,35924540000.0,0.5827221333,1.49,110102100000.0,-9.6,12024140000.0,7.0,13522.2380952381,103.9391
2016-03,0.36,238.132,98.3096,1.89,0.88,1.01,1111.0,182.1,12662.2,39.79217391304348,1.7282608695652173,4953.797619047619,1.1133521739130434,6.5026913043478265,112.93173913043478,1.4249304347826088,66.89086956521739,1181.5730434782608,111.89339130434782,15.84909090909091,77.67,0.1714285714,-0.05,0.5040322499,7.584775,7.75,4.91555738787159,1.854,43002470000.0,2.4016953195,1.49,110985600000.0,-8.9,11619840000.0,6.75,13192.7826086957,105.0983
2016-04,0.37,239.261,98.6421,1.81,0.77,1.04,1163.0,183.2,12741.9,43.33047619047619,1.9185714285714286,4872.738095238095,1.1345666666666667,6.475433333333334,109.55190476190477,1.4318619047619048,66.42190476190477,1145.7966666666666,110.01707619047619,14.300476190476191,77.84,0.1342857143,-0.085,-0.4012036044,7.43606,7.15,6.3432063618996,1.81,41081550000.0,0.0201480331,1.49,114424900000.0,-10.6,11750130000.0,6.75,13179.8571428571,102.9436
2016-05,0.37,240.229,98.4184,1.81,0.82,0.99,1148.0,185.3,12800.7,47.735,1.9222727272727271,4694.5375,1.1312047619047618,6.525880952380952,108.84809523809524,1.4524428571428571,66.88952380952381,1173.790476190476,111.14051428571429,14.852857142857141,78.16,0.1328571429,-0.12,-0.8056394734,7.2793,7.0,6.76286648892854,1.787,39733800000.0,5.4910369267,1.49,110213100000.0,-8.2,11635750000.0,6.75,13403.8636363636,102.4884
2016-06,0.38,241.018,98.8833,1.64,0.73,0.91,1203.0,187.6,12849.3,49.87727272727273,2.5863636363636364,4641.965909090909,1.1231772727272729,6.589222727272727,105.35090909090908,1.4197363636363638,67.26545454545455,1165.2022727272727,111.55962727272727,17.774545454545457,78.3,-0.0168181818,-0.23,0.7106598972,7.502625,7.0,8.09624379733349,1.617,45209070000.0,3.1948881814,1.28,111351400000.0,-7.9,12782210000.0,6.5,13355.0454545455,103.0518
2016-07,0.39,240.628,98.9992,1.5,0.67,0.83,1239.0,187.7,12907.3,46.59857142857143,2.822857142857143,4864.904761904762,1.105495,6.677105,104.191,1.31341,67.158,1140.865,112.47729,13.1585,77.92,-0.1542857143,-0.195,0.60483871,7.35092,7.0,5.27968339812726,1.401,40881700000.0,3.5500339998,1.23,107961800000.0,-5.2,9825031000.0,6.5,13128.9523809524,105.4696
2016-08,0.4,240.849,98.85,1.56,0.74,0.82,1171.0,186.6,12986.7,47.05217391304348,2.823913043478261,4751.670454545455,1.1206521739130435,6.646573913043477,101.23826086956522,1.3101478260869566,66.90347826086956,1110.0182608695652,111.43836956521739,12.399565217391304,77.97,-0.1317391304,-0.07,0.7014028043,7.14185,7.0,3.31900477156515,1.417,40124790000.0,0.0558476754,1.23,112396000000.0,-9.8,12199150000.0,5.25,13161.8695652174,104.1376
2016-09,0.4,241.428,98.7457,1.63,0.77,0.86,1068.0,186.9,13052.7,47.37681818181818,2.9936363636363637,4722.204545454545,1.1217809523809525,6.670180952380953,101.7842857142857,1.3140142857142858,66.71380952380953,1108.3638095238096,112.31686190476191,14.21952380952381,78.27,-0.0840909091,-0.085,0.2985074678,6.86438,7.0,4.91674887695603,1.512,40846250000.0,-0.9623997532,1.24,112144000000.0,-5.0,12387830000.0,5.0,13116.9090909091,104.9322
2016-10,0.4,241.729,98.7611,1.76,0.84,0.92,1313.0,186.7,13124.5,51.41380952380952,2.9785714285714286,4731.261904761905,1.10144,6.73031,103.9075,1.23299,66.7415,1128.166,113.474695,14.585238095238097,78.45,0.002,-0.05,0.2976190428,6.784525,6.75,4.55647624310593,1.596,41983330000.0,-1.0698506136,1.23,111017000000.0,-5.5,12553170000.0,4.75,13017.2380952381,106.8979
2016-11,0.41,241.353,98.3491,2.14,0.98,1.16,1140.0,186.3,13214.2,46.94227272727273,2.549545454545455,5450.931818181818,1.07918,6.84016,108.44300000000001,1.24319,67.6395,1162.708,116.107515,15.236190476190476,78.17,0.1890909091,0.02,0.8902077206,6.613,6.75,4.55958436081354,1.965,45309140000.0,4.5150713877,1.23,109432400000.0,-5.5,13158500000.0,4.75,13310.5,106.9891
2016-12,0.54,241.432,99.0214,2.49,1.2,1.29,1252.0,188.2,13240.6,55.02272727272727,3.5913636363636368,5660.35,1.0544619047619048,6.919752380952381,115.99809523809525,1.248252380952381,67.8052380952381,1183.0700000000002,117.90482857142858,12.472380952380954,78.58,0.2519047619,0.04,0.0,6.52812,6.75,2.76924971751229,2.159,45068880000.0,4.1881463932,1.22,105754500000.0,-2.3,13265450000.0,4.75,13417.5909090909,108.4854
2017-01,0.65,242.839,98.7611,2.43,1.21,1.22,1190.0,190.7,13318.9,55.71090909090909,3.3045454545454547,5754.559523809524,1.0634947368421053,6.890663157894736,114.8721052631579,1.2366736842105264,68.04736842105264,1179.1073684210526,117.78577894736841,11.6085,77.91,0.2509090909,0.085,-1.0784313845,6.7918,6.75,3.22346931955972,2.111,40257000000.0,6.3577414112,1.24,108462600000.0,-1.6,13647940000.0,4.137337143,13362.2272727273,108.8159
2017-02,0.66,243.603,98.3646,2.42,1.2,1.22,1271.0,191.6,13395.2,56.096,2.853,5940.9125,1.0650210526315789,6.869426315789474,112.91157894736843,1.2494631578947368,66.97263157894737,1140.4873684210527,116.12038947368421,11.530526315789475,78.21,0.258,0.05,0.6937562029,6.9794,6.75,4.83829075700672,2.163,43166530000.0,4.3456237758,1.23,110669900000.0,2.4,13298130000.0,4.236758947,13340.3,108.0391
2017-03,0.79,243.801,99.0137,2.48,1.31,1.17,1190.0,191.5,13464.6,52.65521739130435,2.8795652173913044,5824.630434782609,1.069104347826087,6.894,112.91652173913043,1.2347304347826087,65.8008695652174,1133.8617391304347,115.65584782608695,11.89782608695652,78.87,0.3482608696,0.065,-0.0984251953,7.11756,6.75,4.35456169454715,2.221,48637830000.0,5.0126465866,1.23,112334300000.0,2.5,13885430000.0,4.301969545,13344.1304347826,107.9111
2017-04,0.9,244.524,100.0224,2.3,1.24,1.06,1146.0,193.0,13520.3,53.978,3.102,5683.902777777778,1.07138,6.887555000000001,110.09100000000001,1.263925,64.536,1134.1754999999998,114.769795,13.136315789473684,79.31,0.2255555556,0.015,2.5615763527,7.16485,6.5,3.57549294164938,2.182,50843800000.0,4.5408763617,1.23,113722600000.0,7.7,13991450000.0,4.362959444,13304.95,107.6495
2017-05,0.91,244.733,100.1408,2.3,1.3,1.0,1157.0,192.8,13567.4,51.37434782608696,3.1495652173913045,5599.559523809524,1.1049863636363637,6.884304545454546,112.24363636363637,1.292890909090909,64.41954545454546,1125.135909090909,114.25913181818181,10.862272727272726,79.25,0.3363636364,0.04,-1.7291066292,7.1144,6.5,2.44480683447894,2.257,44926980000.0,2.1594684393,1.23,118456400000.0,7.8,14015030000.0,4.347251,13324.5652173913,107.5809
2017-06,1.04,244.955,100.3471,2.19,1.34,0.85,1249.0,193.6,13577.0,47.65272727272727,2.975454545454545,5719.761363636364,1.1233,6.806563636363635,110.91409090909092,1.281031818181818,64.44818181818181,1130.8463636363635,112.76027272727273,10.513636363636364,79.32,0.2504761905,0.075,0.9775171103,6.58302,6.5,-0.329256771261643,2.165,51272450000.0,0.6958178409,1.24,117208300000.0,13.1,12801770000.0,4.389210625,13304.0,107.7055
2017-07,1.15,244.786,100.1068,2.32,1.37,0.95,1206.0,193.5,13638.5,49.25333333333333,2.9842857142857144,5985.119047619048,1.153015,6.769425,112.417,1.2996349999999999,64.424,1131.7459999999999,111.060555,10.2645,78.96,0.4557142857,0.075,-0.7744433757,6.54905,6.5,1.04138666499374,2.252,48830440000.0,2.3338475679,1.24,121171300000.0,13.0,13825670000.0,4.308693333,13342.0952380952,107.1015
2017-08,1.16,245.519,99.6925,2.21,1.34,0.87,1159.0,193.8,13695.0,51.92782608695652,2.901304347826087,6485.625,1.1812913043478261,6.666995652173913,109.82695652173913,1.2951782608695652,63.96826086956521,1130.27,109.90586086956522,11.975652173913044,79.17,0.3460869565,0.01,1.4634146399,6.6025,6.25,5.01617495483546,2.287,47105570000.0,3.2352507504,1.23,127230100000.0,13.8,14643300000.0,4.253390909,13343.2173913043,105.4116
2017-09,1.15,246.819,99.7954,2.2,1.38,0.82,1181.0,194.8,13743.0,55.55761904761905,2.975714285714286,6577.166666666667,1.191335,6.568989999999999,110.776,1.334,64.47749999999999,1131.599,108.85424499999999,10.437999999999999,79.49,0.3471428571,0.06,-1.0576923098,6.72384,6.25,4.60023729703547,2.286,55115240000.0,3.7492375297,1.25,128664500000.0,15.2,14479530000.0,4.040327895,13304.1428571429,104.8242
2017-10,1.15,246.663,101.0247,2.36,1.55,0.81,1257.0,194.9,13801.5,57.53636363636364,2.8786363636363634,6807.602272727273,1.175547619047619,6.6254,112.9147619047619,1.3201761904761906,65.03571428571429,1130.8838095238095,110.88917619047619,10.125454545454545,79.53,0.3725,0.065,0.3887269228,6.94395,6.25,1.46706280247979,2.455,44791240000.0,5.4230511478,1.24,123115300000.0,18.0,14603710000.0,3.875275455,13526.0,103.9796
2017-11,1.16,246.669,101.2664,2.35,1.7,0.65,1273.0,195.9,13849.1,62.83636363636364,3.0136363636363637,6826.545454545455,1.174295,6.6200149999999995,112.819,1.321745,64.84349999999999,1099.7945,111.163525,10.54047619047619,79.36,0.3081818182,0.035,0.8712487855,7.16575,6.25,8.39786365367843,2.54,49707200000.0,0.609194594,1.26,128857900000.0,16.8,14879630000.0,3.866653636,13527.3636363636,103.8021
2017-12,1.3,246.524,101.4644,2.4,1.84,0.56,1177.0,196.3,13887.3,64.06428571428572,2.8225000000000002,6833.894736842105,1.183615,6.593195,112.9405,1.34036,64.24449999999999,1082.902,110.87581,10.2645,79.64,0.2968421053,0.045,1.5355086317,7.35076,6.25,7.59770759032423,2.472,49040140000.0,-0.4630340953,1.51,131506000000.0,18.9,14596850000.0,3.875874211,13554.7619047619,103.5258
2018-01,1.41,247.867,101.4625,2.58,2.03,0.55,1299.0,197.9,13902.4,68.88913043478261,3.8755,7065.852272727273,1.219652380952381,6.423295238095237,110.87095238095237,1.3823857142857143,63.64523809523809,1065.6409523809523,108.35677619047618,11.062380952380952,78.92,0.4745454545,0.08,-3.5921453334,7.219725,6.25,7.11122859532181,2.626,49221290000.0,-0.7408297339,1.49,134545899999.99998,21.5,14885900000.0,3.865125,13387.652173913,103.0283
2018-02,1.42,248.991,101.7085,2.86,2.18,0.68,1277.0,199.3,13949.8,65.6965,2.670526315789474,7006.525,1.2339684210526316,6.318315789473684,107.96999999999998,1.3960842105263158,64.43,1078.4747368421054,107.6500947368421,22.464736842105264,79.09,0.659,0.045,1.9572953731,7.571275,6.25,6.9437371847946,2.77,44523530000.0,0.3802588997,1.49,131279100000.0,19.2,15118290000.0,3.865700526,13589.05,100.3157
2018-03,1.51,249.554,102.2067,2.84,2.28,0.56,1318.0,199.3,14014.5,66.89181818181818,2.6928571428571426,6799.178571428571,1.2333954545454546,6.317368181818182,106.04681818181817,1.397559090909091,65.04545454545455,1069.9418181818182,107.94717499999999,19.023809523809526,79.97,0.5295238095,0.045,1.4834205934,7.60806,6.25,5.47012473914796,2.708,51309930000.0,-2.4643191308,1.49,134384899999.99998,15.6,14939020000.0,3.992386667,13758.1818181818,99.42599
2018-04,1.69,250.546,103.3329,2.87,2.38,0.49,1276.0,200.3,14034.8,71.93285714285715,2.796190476190476,6851.5125,1.2269523809523808,6.2966523809523816,107.65619047619049,1.4079190476190475,65.67285714285715,1068.0452380952381,107.94335714285714,18.267619047619046,80.29,0.48,0.05,-1.2037833212,7.547875,6.25,4.23665988471702,2.655,49850230000.0,2.3508174174,1.47,135398400000.00002,17.4,15165420000.0,4.026381429,13802.9523809524,99.40944
2018-05,1.7,251.588,102.4024,2.98,2.51,0.47,1357.0,203.2,14091.0,76.93434782608696,2.800909090909091,6825.27380952381,1.1822636363636365,6.3700636363636365,109.68818181818182,1.3469818181818183,67.51,1076.6595454545454,111.04704090909091,14.124545454545455,80.79,0.45,0.03,-0.087032198,7.846075,6.25,3.80589702449523,2.757,50687750000.0,2.4965914275,1.5,129919600000.0,19.9,15350520000.0,4.0185305,14052.6086956522,99.45497
2018-06,1.82,251.989,103.198,2.91,2.53,0.38,1192.0,204.2,14133.2,75.80285714285714,2.967142857142857,6965.857142857143,1.1679142857142857,6.465123809523809,110.06380952380952,1.3294190476190475,67.78999999999999,1094.355238095238,112.84441904761906,13.678095238095239,80.88,0.3271428571,0.03,-0.1742160296,7.93574,6.45,7.45287871029769,2.656,51079380000.0,3.7131487183,1.49,129953499999.99998,18.2,14455600000.0,4.448874286,13993.7619047619,101.5012
2018-07,1.91,252.006,103.3646,2.89,2.61,0.28,1208.0,204.3,14170.0,75.22909090909091,2.8323809523809524,6250.75,1.1684619047619047,6.716447619047619,111.52095238095238,1.3161904761904761,68.68666666666667,1122.2028571428573,113.05953333333333,13.147619047619049,80.7,0.2745454545,0.06,-0.785340317,7.800625,6.5,6.12660896069659,2.549,51810250000.0,3.3012477711,1.49,128067000000.0,17.1,15481350000.0,4.913521818,14414.5,100.44
2018-08,1.91,252.146,104.0327,2.89,2.64,0.25,1288.0,203.4,14221.3,73.85130434782609,2.9617391304347827,6051.045454545455,1.1546608695652174,6.8452652173913044,110.99652173913044,1.2878391304347827,69.63173913043478,1120.4269565217392,113.83163043478261,12.54695652173913,80.82,0.2908695652,0.11,0.7036059875,7.82458,6.75,4.95999369661762,2.458,51180450000.0,3.9836369962,1.5,127697800000.0,16.1,15073940000.0,5.185743333,14562.7826086957,99.86073
2018-09,1.95,252.439,104.1004,3.0,2.77,0.23,1250.0,203.6,14243.9,79.163,2.995263157894737,6050.7625,1.1666947368421052,6.855084210526316,112.09736842105262,1.3066315789473684,72.2778947368421,1119.8200000000002,114.07866315789474,12.910526315789474,81.14,0.3705,0.125,-1.7467248981,8.019075,6.75,5.24912901676191,2.315,50650210000.0,1.2650657379,1.54,128400900000.0,16.0,14808050000.0,5.391769474,14867.05,97.77397
2018-10,2.19,252.885,103.9856,3.15,2.86,0.29,1221.0,204.6,14257.6,80.78347826086957,3.2752173913043476,6219.586956521739,1.148759090909091,6.9191045454545455,112.7218181818182,1.3011863636363636,73.56090909090909,1131.615,114.83125909090909,19.35217391304348,81.34,0.3990909091,0.13,3.466666676,7.92485,6.75,7.99418628769974,2.338,54860310000.0,2.7707452959,1.52,126446900000.0,10.2,14912660000.0,5.612148696,15178.8695652174,96.45368
2018-11,2.2,252.038,104.0681,3.12,2.86,0.26,1181.0,202.3,14288.4,66.22863636363635,4.090999999999999,6195.920454545455,1.13639,6.936674999999999,113.33800000000001,1.289995,71.738,1125.345,116.16904500000001,19.38904761904762,80.89,0.3140909091,0.085,-1.0309278355,7.78462,6.75,0.287590359140655,2.209,51479530000.0,0.4425624339,1.51,124675400000.0,10.3,14574060000.0,5.74,14691.8181818182,100.1152
2018-12,2.27,251.233,104.0936,2.83,2.68,0.15,1095.0,201.0,14392.0,57.94809523809524,4.041666666666667,6075.315789473684,1.1380388888888888,6.883711111111111,112.19944444444444,1.2663722222222222,70.83311111111112,1122.4244444444444,116.2118052631579,24.953157894736844,80.85,0.1870588235,-0.01,0.2604166644,7.37335,6.75,2.39501689933836,1.992,48206790000.0,0.5670766169,1.77,127799000000.0,6.2,14223520000.0,5.8,14495.3333333333,101.8115
2019-01,2.4,251.712,103.4021,2.71,2.54,0.17,1226.0,199.1,14460.2,59.94478260869565,3.1085714285714285,5939.102272727273,1.1417899999999999,6.786345,108.9605,1.29007,70.71000000000001,1120.33,114.44248999999999,19.57238095238095,80.01,0.1327272727,0.0,-2.5108225113,7.34735,6.75,1.38716488543111,1.991,46168930000.0,-0.2692943822,1.75,128134999999.99998,4.3,14465890000.0,5.86,14176.9565217391,103.2539
2019-02,2.4,252.776,102.8371,2.68,2.5,0.18,1121.0,199.2,14506.6,64.384,2.6926315789473683,6300.4875,1.1349444444444443,6.736683333333334,110.44,1.3016333333333334,71.1738888888889,1121.8333333333333,114.41300555555556,15.234736842105262,80.27,0.0555,-0.015,1.5097690941,7.4312,6.5625,0.288510769006045,1.988,39481800000.0,-4.215362296,1.76,124767900000.0,2.8,13832980000.0,5.86,14032.25,103.4165
2019-03,2.41,254.202,102.8757,2.57,2.41,0.16,1191.0,200.8,14559.5,66.94190476190477,2.948571428571429,6439.464285714286,1.1296142857142857,6.711942857142858,111.14428571428573,1.3166571428571427,69.4895238095238,1131.6004761904762,114.78351904761905,14.485238095238095,81.09,0.010952381,-0.095,-0.6999125081,7.41366,6.5,2.9675420027558,1.953,47003200000.0,-0.6091961004,1.76,126311900000.0,1.0,14217530000.0,5.88,14207.0952380952,102.4578
2019-04,2.42,255.548,102.274,2.53,2.34,0.19,1272.0,202.1,14594.0,71.47590909090908,2.6471428571428572,6438.3625,1.1234,6.716068181818182,111.64136363636364,1.3029363636363636,69.40681818181818,1142.165,114.90375454545455,12.949047619047619,81.67,-0.0395,-0.045,-0.264317188,7.421075,6.25,2.72691927178981,1.889,48781150000.0,-0.7570202779,1.75,122470900000.0,-2.9,14060220000.0,5.94,14137.6363636364,103.4256
2019-05,2.39,256.092,102.392,2.4,2.21,0.19,1293.0,201.7,14703.2,70.38913043478261,2.639090909090909,6017.904761904762,1.1186909090909092,6.851859090909091,109.97136363636363,1.28545,69.78272727272727,1182.9527272727273,115.95738181818182,16.721818181818183,81.78,-0.1345454545,-0.095,0.6183745595,7.3271,6.25,4.68013131295808,1.828,45703950000.0,-2.0879521532,1.75,123904800000.0,-8.1,14262310000.0,5.88,14386.1304347826,103.2269
2019-06,2.38,256.143,102.4375,2.07,1.81,0.26,1243.0,200.3,14798.8,63.2085,2.3985,5882.225,1.129515,6.897675,108.0685,1.2675100000000001,69.388,1173.7845,115.42707,15.836000000000002,81.91,-0.3152631579,-0.165,-0.5267778708,6.96805,6.0,1.40972703405369,1.618,44008400000.0,-1.9294070974,1.76,123571100000.0,-12.3,13300870000.0,5.85,14266.15,104.2577
2019-07,2.4,256.571,101.9408,2.06,1.84,0.22,1240.0,200.7,14882.7,64.32217391304349,2.366190476190476,5941.195652173913,1.1211454545454544,6.8774727272727265,108.28636363636365,1.2460863636363635,68.7390909090909,1177.2345454545455,115.0775909090909,13.305909090909092,81.52,-0.3882608696,-0.16,-0.3530450167,6.597725,6.0,4.30838024105875,1.506,46078220000.0,0.3973731969,1.63,123454600000.0,-17.2,14348080000.0,5.75,14043.9130434783,105.7937
2019-08,2.13,256.558,102.639,1.63,1.57,0.06,1375.0,199.2,14974.4,59.61818181818182,2.2209090909090907,5709.440476190476,1.1128681818181818,7.062859090909091,106.18863636363636,1.2159818181818183,71.18909090909091,1210.3781818181817,117.10038636363637,18.97909090909091,81.64,-0.6490909091,-0.28,-1.2400354319,6.61912,5.72,-0.846848146611978,1.254,44020070000.0,-2.1975650225,1.51,122241800000.0,-17.4,13978770000.0,5.54,14242.0454545455,105.7281
2019-09,2.04,256.759,102.2917,1.7,1.65,0.05,1311.0,198.4,15047.2,62.43095238095238,2.559,5759.25,1.10112,7.113725,107.54,1.236865,71.311,1194.1145000000001,117.32392,15.559000000000001,81.82,-0.5947619048,-0.215,0.8968609854,6.81335,5.65,-4.53092637530225,1.42,44629050000.0,2.2212434601,1.52,122886900000.0,-23.3,13830160000.0,5.24,14111.0952380952,106.3666
2019-10,1.83,257.346,101.4281,1.71,1.55,0.16,1325.0,198.6,15185.6,59.63130434782609,2.331304347826087,5757.297826086957,1.1058181818181818,7.096081818181818,108.13681818181819,1.2656636363636364,71.00863636363637,1183.4472727272728,116.74625909090909,15.466521739130435,81.93,-0.4695454545,-0.15,-3.91111111,6.5418,5.4,-6.78815189750258,1.577,46648750000.0,-0.1874570627,1.35,124514800000.0,-22.0,13940490000.0,5.04,14117.5652173913,105.6627
2019-11,1.55,257.208,101.9372,1.81,1.61,0.2,1353.0,199.0,15301.3,62.68666666666667,2.641578947368421,5859.952380952381,1.1050578947368421,7.019894736842106,108.85789473684211,1.288421052631579,71.4942105263158,1167.298947368421,116.55946842105263,12.5235,81.67,-0.3523809524,-0.08,-0.1850138778,6.63498,5.4,2.58210114727597,1.75,44040720000.0,1.8115180099,1.28,121567900000.0,-25.3,13671420000.0,4.83,14068.7142857143,105.5118
2019-12,1.55,256.974,101.7003,1.86,1.61,0.25,1548.0,199.0,15351.5,65.34818181818181,2.224285714285714,6077.0625,1.1113666666666666,7.0136761904761915,109.10095238095238,1.3109047619047618,71.15666666666667,1174.7052380952382,115.90961,13.756666666666666,81.93,-0.2994444444,-0.025,0.7414272547,6.848575,5.4,-0.036378324018893,1.653,45668340000.0,6.3725490199,1.28,124154000000.0,-25.3,13558350000.0,4.83,14013.8636363636,105.8659
2020-01,1.55,257.971,101.0338,1.76,1.52,0.24,1581.0,199.3,15425.0,63.89869565217391,2.0185714285714287,6031.209090909091,1.1097666666666666,6.918352380952381,109.26666666666667,1.307642857142857,71.27904761904762,1167.462380952381,115.27938571428571,13.94095238095238,81.1,-0.3136363636,-0.065,0.1839926421,6.8218,5.4,2.07128748899819,1.656,43103060000.0,1.5361899623,1.27,122749100000.0,-23.7,13719090000.0,4.81,13739.5652173913,107.2339
2020-02,1.58,258.678,101.3735,1.5,1.33,0.17,1549.0,196.7,15492.8,55.691,1.9131578947368422,5687.75,1.0910736842105262,6.996705263157895,110.02947368421053,1.2952947368421053,71.52947368421053,1195.3357894736844,116.71054210526317,19.628947368421052,81.25,-0.466,-0.155,-2.754820943,6.65965,5.4,1.96173618966866,1.54,40911820000.0,1.8175698372,1.24,123270200000.0,-20.5,14442700000.0,4.75,13776.15,108.5997
2020-03,0.65,258.115,97.4078,0.87,0.45,0.42,1266.0,193.1,16034.4,33.94727272727273,1.7886363636363638,5182.631818181818,1.104590909090909,7.02045,107.66727272727272,1.2368863636363636,74.54818181818182,1218.1945454545455,121.02274090909091,57.73681818181819,81.69,-0.5413636364,0.005,-0.094428702,6.701575,5.2125,-18.830467283101,1.485,46167210000.0,4.0030389825,0.98,109811300000.0,-20.5,13483180000.0,4.49,15253.2727272727,99.9702
2020-04,0.05,256.389,84.5619,0.66,0.22,0.44,936.0,185.5,17064.0,26.84863636363636,1.7390476190476192,5057.972,1.0871090909090908,7.070827272727272,107.73863636363636,1.2419681818181818,76.16818181818182,1223.1309090909092,123.28034545454544,41.453809523809525,81.93,-0.4495,-0.04,-9.5463138036,6.76515,4.65,-57.4376120115767,1.504,36270180000.0,-2.1545957373,0.74,81866010000.0,-36.1,12868160000.0,4.31,15884.4090909091,97.61892
2020-05,0.05,256.394,85.9604,0.67,0.17,0.5,1039.0,188.6,17931.9,32.42238095238095,1.7485,5239.826315789474,1.09073,7.10159,107.2,1.23019,75.6575,1228.134,122.61501000000001,30.897000000000002,81.85,-0.5165,0.0,-9.4043887141,5.91544,4.49,-32.9017420768931,1.394,34854510000.0,-8.6224941598,0.7,90282710000.0,-46.2,10844400000.0,4.33,14911.3333333333,104.0397
2020-06,0.08,257.797,91.5934,0.73,0.19,0.55,1266.0,191.2,18180.0,40.86045454545455,1.6318181818181818,5754.595454545455,1.1259,7.08155909090909,107.5781818181818,1.2523272727272727,75.70772727272727,1206.9459090909093,119.67660454545454,31.119545454545456,82.13,-0.4342857143,0.03,3.4602076207,5.8551,4.25,-17.1573197101063,1.392,39214070000.0,-2.1372101015,0.48,104605300000.0,-48.7,13180140000.0,4.22,14220.3636363636,107.6144
2020-07,0.09,259.101,95.0256,0.62,0.15,0.47,1526.0,193.0,18331.4,43.29565217391304,1.7586363636363636,6372.460869565217,1.1488272727272728,7.004113636363636,106.68181818181819,1.2701227272727271,74.92863636363637,1198.6186363636364,118.69004999999999,26.840454545454545,81.84,-0.5230434783,0.01,5.9085841589,5.81452,4.25,-10.7707975434043,1.36,42785140000.0,-3.0632789625,0.48,113261800000.0,-43.4,13596510000.0,3.64,14585.4782608696,103.9708
2020-08,0.1,259.918,95.9549,0.65,0.14,0.51,1396.0,194.3,18413.3,45.08142857142857,2.3023809523809526,6508.392857142857,1.1831142857142856,6.927009523809524,106.01285714285714,1.3142666666666667,74.5657142857143,1186.8561904761905,116.94534761904762,22.88952380952381,81.5,-0.5233333333,0.045,2.315789473,6.0105,4.25,-6.71443197447922,1.373,39469230000.0,0.10933786,0.5,119915300000.0,-33.2,13410080000.0,3.31,14739.5238095238,101.1443
2020-09,0.09,260.28,95.9669,0.68,0.13,0.55,1473.0,195.5,18605.0,41.92681818181818,1.9223809523809523,6704.9,1.1785095238095238,6.810595238095239,105.58904761904762,1.2946809523809524,73.52333333333334,1176.8619047619047,116.34313333333334,27.64761904761905,81.56,-0.5240909091,0.015,2.263374485,6.024675,4.25,1.10017253289125,1.5,47819950000.0,1.9408919126,0.48,122868600000.0,-32.0,14031420000.0,3.29,14847.9545454545,99.62211
2020-10,0.09,260.388,96.7394,0.79,0.15,0.64,1543.0,196.5,18759.9,41.60681818181818,2.389090909090909,6713.811363636364,1.1767809523809523,6.72542380952381,105.20952380952382,1.2979761904761904,73.56476190476191,1143.7680952380954,115.77981428571428,29.438636363636363,81.71,-0.6072727273,0.04,4.9295774741,5.94484,4.25,4.70576988023708,1.507,44818530000.0,1.9675709707,0.51,124437300000.0,-22.1,14126940000.0,3.29,14749.1363636364,99.85509
2020-11,0.09,260.229,97.0816,0.87,0.17,0.7,1543.0,198.3,19002.4,44.05,2.6136842105263156,7068.907142857143,1.1826277777777778,6.60285,104.4061111111111,1.3198333333333334,74.23111111111112,1116.097777777778,114.09840000000001,24.9955,81.43,-0.6147619048,0.03,-0.5752636681,5.8952,4.25,-1.42032298993745,1.61,45751880000.0,2.6851578654,0.49,127697000000.0,-16.1,14978340000.0,3.2,14236.8095238095,102.573
2020-12,0.09,260.474,98.363,0.93,0.14,0.79,1614.0,200.5,19119.4,50.37695652173913,2.575909090909091,7772.238095238095,1.2168,6.539295238095238,103.79523809523809,1.3434285714285714,73.61952380952381,1093.787619047619,111.89921428571428,22.37409090909091,81.7,-0.6185,0.02,-0.0964320111,5.8929,4.25,1.64169907742919,1.675,51332450000.0,1.3055232173,0.51,131958200000.0,-9.6,15649200000.0,3.04,14173.0869565217,101.8806
2021-01,0.09,261.582,98.8822,1.08,0.13,0.95,1624.0,204.8,19375.3,55.2247619047619,2.7126315789473683,7972.1475,1.2177666666666667,6.467177777777778,103.78833333333334,1.364138888888889,73.11055555555555,1098.2366666666667,111.48727222222222,24.91,81.84,-0.5835,0.055,2.9922779946,5.94162,4.25,-0.251283047087814,1.731,48006970000.0,5.3784860541,0.49,131563400000.0,-6.3,16134899999.999998,3.04,14063.9523809524,101.8393
2021-02,0.08,263.014,95.6149,1.26,0.12,1.14,1398.0,210.6,19641.4,62.3625,5.353684210526316,8470.94,1.2093947368421052,6.460057894736842,105.37736842105264,1.3867052631578947,72.80526315789473,1111.8136842105262,112.01705263157895,23.140526315789476,82.01,-0.4455,0.15,-0.5623242791,6.1935,4.25,0.340250460345781,1.845,44706910000.0,12.0867768593,0.49,131620299999.99998,-2.5,16070570000.0,2.96,14042.1,101.8455
2021-03,0.07,264.877,98.3856,1.61,0.15,1.46,1688.0,215.0,19874.5,65.79608695652173,2.6182608695652174,8988.247826086958,1.1901608695652173,6.510860869565217,108.6991304347826,1.3863260869565217,72.8195652173913,1130.2543478260868,113.33664347826087,21.84304347826087,82.78,-0.3647826087,0.12,0.5655042468,6.350775,4.25,24.2230110390024,2.04,53690910000.0,5.8242843048,0.49,133883199999.99998,5.7,17210170000.0,2.79,14417.3913043478,100.4563
2021-04,0.07,267.054,98.5587,1.64,0.16,1.47,1489.0,217.9,20174.2,65.53181818181818,2.662857142857143,9324.8175,1.1965409090909092,6.518640909090909,109.04454545454546,1.3844954545454546,74.51863636363636,1117.8554545454544,112.63228636363637,17.416190476190476,83.25,-0.325,0.09,2.5304592301,6.2801,4.25,132.389455472547,2.041,51225990000.0,8.3673469388,0.48,134043399999.99998,11.7,18184660000.0,2.79,14558.1818181818,99.57209
2021-05,0.06,269.195,99.4333,1.62,0.16,1.47,1600.0,224.9,20457.5,68.3752380952381,2.9125,10166.285,1.21463,6.432049999999999,109.11200000000001,1.40835,73.2065,1123.6565,111.21226999999999,19.7605,83.47,-0.2235,0.08,-5.5758683715,6.225375,4.25,27.7299696096172,2.131,50725160000.0,16.079295147,0.48,137148200000.0,16.9,17397170000.0,2.8,14323.1904761905,100.4606
2021-06,0.08,271.696,99.7987,1.52,0.2,1.32,1664.0,228.9,20472.7,73.51272727272728,3.258181818181818,9631.5,1.2048272727272726,6.425031818181818,110.10727272727273,1.402472727272727,73.57818181818182,1122.6072727272729,111.57769545454545,16.956818181818182,83.69,-0.2886363636,0.05,6.0019361024,6.267675,4.25,13.4574190807864,2.103,54778900000.0,9.8140495901,0.51,134406600000.0,23.7,18764250000.0,2.79,14338.2272727273,100.3021
2021-07,0.1,273.003,100.2519,1.32,0.22,1.1,1600.0,231.85,20630.0,74.40318181818182,3.8404761904761906,9450.820454545456,1.1821380952380953,6.4762571428571425,110.21428571428571,1.3807809523809524,74.53904761904762,1146.394761904762,113.06331904761906,17.603333333333335,83.61,-0.4513636364,0.015,-2.2831050198,6.20842,4.25,11.6292966166818,1.976,55461520000.0,10.2330293809,0.53,134637700000.0,26.5,19388190000.0,2.79,14511.4545454545,100.2167
2021-08,0.09,273.567,100.0437,1.28,0.22,1.06,1596.0,233.415,20844.1,70.58818181818182,4.074090909090909,9370.138571428572,1.1766954545454544,6.476790909090909,109.85272727272728,1.3796818181818182,74.11545454545454,1160.9945454545455,113.40253636363636,17.472727272727273,83.9,-0.5386363636,0.02,-3.0841121536,6.280325,4.25,13.0245073974941,1.905,53165100000.0,9.2184368691,0.56,131455900000.00002,25.5,20482510000.0,2.79,14396.3636363636,101.0406
2021-09,0.08,274.31,98.8579,1.37,0.24,1.13,1576.0,235.678,20985.5,74.74954545454545,5.161428571428571,9324.709545454543,1.1764904761904762,6.456300000000001,110.16095238095238,1.3732047619047618,73.63571428571429,1172.8190476190478,113.44374761904761,19.824761904761903,84.3,-0.3627272727,0.065,-5.5930568961,6.1883,4.25,4.6574654308835,2.061,55913860000.0,4.2267050844,0.77,131844699999.99998,27.9,20568640000.0,2.79,14256.9545454545,101.5287
2021-10,0.08,276.589,100.1861,1.58,0.39,1.19,1587.0,240.465,21164.2,83.8652380952381,5.513809523809523,9829.219047619048,1.159985,6.41721,113.1215,1.37009,74.92,1181.8899999999999,114.06348499999999,17.871428571428574,85.02,-0.2042857143,0.095,4.3922369799,6.35978,4.25,4.50917112379112,2.399,55660370000.0,5.30376084,0.74,136232400000.00002,25.6,21635670000.0,2.79,14193.5714285714,101.8353
2021-11,0.08,277.948,100.8654,1.56,0.51,1.05,1707.0,243.287,21341.0,80.89045454545455,5.0505,9728.904545454545,1.14159,6.38893,113.965,1.34626,74.477,1184.06,114.989795,18.50047619047619,85.4,-0.3136363636,0.05,4.6966731923,6.354375,4.25,0.788212679229527,2.355,60330540000.0,6.0344827596,0.796,134651800000.00002,26.9,22611030000.0,2.79,14263.5,101.3367
2021-12,0.08,278.802,100.5726,1.47,0.68,0.78,1711.0,241.338,21502.8,74.67826086956522,3.757727272727273,9551.18,1.1300809523809523,6.369285714285714,113.83285714285714,1.330295238095238,75.3947619047619,1183.8871428571429,115.8045380952381,21.354545454545455,85.76,-0.3842857143,0.07,-1.1214953277,6.44032,4.25,0.872249005568171,2.187,60734120000.0,9.1168091223,1.012,137042600000.0,29.1,22111070000.0,2.79,14328.9130434783,101.7073
2022-01,0.08,281.148,100.1856,1.76,0.98,0.78,1693.0,246.453,21647.4,85.62238095238095,4.383,9782.3375,1.131675,6.35557,114.82549999999999,1.355525,74.4075,1196.0345,115.03728000000001,23.181,86.02,-0.1147619048,0.17,-0.6616257101,6.643025,4.25,1.7733117086459,2.492,55455380000.0,9.2627599253,1.188,140399900000.0,28.4,21547410000.0,2.79,14335.2380952381,101.3291
2022-02,0.08,283.716,100.8064,1.93,1.44,0.49,1730.0,252.66,21725.6,94.267,4.691578947368421,9943.175,1.1349052631578949,6.343552631578947,115.27631578947368,1.354021052631579,74.96947368421053,1199.1226315789474,114.99774210526316,25.748421052631578,86.83,0.15,0.18,0.9514747847,6.750475,4.25,1.33492291077515,2.69,54155830000.0,5.0691244248,1.219,141526900000.0,27.9,22687840000.0,2.79,14353.55,100.3968
2022-03,0.2,287.504,101.3907,2.13,1.91,0.22,1700.0,260.014,21788.1,112.44,4.898260869565218,10230.89391304348,1.1018521739130436,6.344552173913043,118.57739130434784,1.3168130434782608,76.1895652173913,1220.8408695652174,116.29083913043478,26.968695652173913,88.94,0.2817391304,0.21,-0.3770028312,6.819825,4.25,2.50287231653608,2.784,63786830000.0,6.9029850739,1.244,138981300000.0,29.0,24942170000.0,2.79,14348.6956521739,101.267
2022-04,0.33,289.109,101.44,2.75,2.54,0.21,1807.0,265.31,21768.4,106.1557142857143,6.595999999999999,10174.34761904762,1.080295238095238,6.430999999999999,126.37428571428572,1.2933428571428571,76.17190476190476,1235.1533333333334,117.16879523809523,24.3735,89.45,0.7463157895,0.215,0.2838221461,7.1058,4.25,6.48535170340103,3.219,57842820000.0,6.0263653519,1.299,136360700000.00002,29.4,26564580000.0,2.83,14370.619047619,102.7181
2022-05,0.77,292.296,101.3335,2.9,2.62,0.28,1546.0,273.251,21718.0,112.1136363636364,8.144761904761904,9395.027272727271,1.0567190476190476,6.698957142857143,128.84857142857143,1.2438380952380952,77.29333333333334,1268.8080952380953,119.69619047619047,29.313636363636363,90.19,0.9527272727,0.235,-6.6981132151,7.38565,4.65,19.3340212475797,3.295,61591330000.0,5.5028462985,1.505,139844200000.0,20.4,20802990000.0,2.79,14565.8181818182,103.8771
2022-06,1.21,296.311,101.018,3.14,3.0,0.14,1556.0,280.251,21647.0,117.6927272727273,7.703333333333334,9067.551818181819,1.0567190476190476,6.695190476190476,133.96190476190475,1.2320428571428572,78.09,1277.4057142857143,120.02570952380954,28.23318181818182,90.92,1.445,0.225,7.2800808939,7.529625,5.025,12.4667288179885,3.64,57679940000.0,5.8325493873,1.745,140938400000.0,22.9,25338760000.0,2.79,14682.0,103.7352
2022-07,1.68,296.276,101.223,2.9,3.04,-0.14,1382.0,272.274,21649.3,105.2528571428571,7.2844999999999995,7544.809523809524,1.016825,6.735155000000001,136.709,1.198665,79.5915,1308.0295,122.7512,24.995238095238093,91.02,1.0819047619,0.18,0.0,7.40206,5.15,2.45719908283268,3.3,60241780000.0,2.481617655,1.971,134253200000.0,22.4,25133420000.0,2.79,14984.380952381,103.3763
2022-08,2.33,296.171,101.0963,2.9,3.25,-0.35,1532.0,269.546,21641.9,97.64304347826088,8.805652173913044,7990.812173913043,1.0128782608695652,6.8006782608695655,135.28347826086957,1.1983,79.50652173913043,1319.4121739130435,122.31775217391305,22.169565217391302,91.58,1.0343478261,0.22,1.4137606014,7.27475,5.65,-0.85276182604086,3.322,56605950000.0,-1.7431192649,2.263,137414999999.99998,17.0,25723480000.0,2.89,14845.2608695652,103.9418
2022-09,2.56,296.808,101.2918,3.52,3.86,-0.34,1481.0,267.898,21541.3,90.60818181818182,7.880476190476191,7746.011363636364,0.9898809523809524,7.019514285714285,143.28428571428572,1.1319714285714286,80.25380952380952,1396.3728571428571,125.59460000000001,27.34181818181818,92.67,1.7954545455,0.24,-1.0223048273,7.280374,5.75,3.57530020335666,3.897,57176300000.0,-1.3824884779,2.533,137639300000.0,16.4,24612420000.0,3.44,14971.7727272727,106.8945
2022-10,3.08,298.012,101.2529,3.98,4.38,-0.4,1446.0,265.061,21464.1,93.71857142857144,5.6605,7651.082857142857,0.985295,7.190185,147.0515,1.133225,82.2915,1426.065,127.480605,30.005714285714287,94.05,2.1866666667,0.245,-0.3755868581,7.464925,6.15,-3.83451970132007,4.267,52428090000.0,-4.6703296624,2.959,133450099999.99998,14.5,24105120000.0,4.0,15417.4761904762,105.4873
2022-11,3.78,297.711,100.9552,3.89,4.5,-0.61,1434.0,263.157,21409.5,90.93863636363636,5.450952380952381,8049.861363636364,1.01919,7.18118,142.445,1.1727349999999999,81.68050000000001,1361.79,124.85272,23.29909090909091,93.98,2.0663636364,0.25,-0.4712535338,7.357575,6.15,7.5293353750008,3.915,51771850000.0,-5.6007226811,3.096,139416200000.0,12.1,23726060000.0,4.5,15658.7272727273,102.1225
2022-12,4.1,296.797,99.7664,3.62,4.29,-0.67,1296.0,257.897,21293.2,81.50318181818182,5.52952380952381,8371.091363636364,1.0590666666666668,6.971695238095238,134.91476190476192,1.2180190476190478,82.47380952380952,1293.5628571428572,122.23432857142858,21.784285714285716,93.65,2.0852380952,0.41,-0.0946969654,7.29416,6.43,5.22446915262633,3.541,54848670000.0,-12.4456048786,3.235,138906800000.0,11.6,23271390000.0,4.87,15615.0,100.2679
2023-01,4.33,299.17,100.505,3.53,4.21,-0.68,1358.0,260.227,21274.0,84.08181818181818,3.2730000000000006,9007.346363636363,1.07769,6.790405,130.4475,1.223735,81.741,1243.0705,119.81006500000001,20.16904761904762,93.45,2.1927272727,0.49,-4.0758293867,7.39,6.5,5.31750103251145,3.411,46339150000.0,-10.8996539814,3.269,143070300000.0,8.0,23793810000.0,5.1,15286.9545454545,100.0335
2023-02,4.57,300.84,100.6416,3.75,4.53,-0.78,1395.0,258.669,21240.2,83.6325,2.3805263157894734,8936.587,1.0702263157894736,6.838042105263158,133.04631578947368,1.2084000000000001,82.59947368421052,1275.4205263157894,120.30837368421054,20.1205,94.21,2.3705,0.5,3.4584980191,7.334525,6.6875,6.0905482753443,3.45,49994590000.0,-10.4385964869,3.425,142359600000.0,6.2,23335260000.0,5.51,15126.0,102.0095
2023-03,4.65,301.836,101.0205,3.66,4.3,-0.64,1366.0,257.062,20942.3,79.25652173913043,2.3056521739130433,8856.310869565217,1.0711347826086957,6.890930434782609,133.66434782608695,1.213778260869565,82.26652173913044,1306.0160869565218,120.74501304347825,21.644347826086957,95.06,2.3834782609,0.32,0.1910219694,7.36,6.75,2.21180183126011,3.448,54882480000.0,-7.5043630016,3.425,143242100000.0,3.3,22346740000.0,5.59,15306.9130434783,101.8269
2023-04,4.83,303.363,101.253,3.46,4.02,-0.56,1343.0,256.908,20758.4,83.536,2.1631578947368424,8809.1575,1.0962,6.8875649999999995,133.47449999999998,1.244575,81.9685,1322.057,119.24514500000001,17.817894736842106,95.66,2.3594444444,0.385,0.3813155423,7.18,6.75,2.58976018833692,3.319,49430880000.0,-7.3712255792,3.467,138966700000.0,0.4,20979700000.0,5.63,14846.6,104.8276
2023-05,5.06,304.127,100.9286,3.57,4.13,-0.56,1609.0,253.67,20829.5,75.74739130434783,2.1468181818181815,8243.156086956522,1.0867090909090908,6.985359090909091,137.05318181818183,1.2483727272727272,82.29772727272727,1327.48,119.62925454545456,17.63608695652174,95.69,2.3422727273,0.43,-1.1396011402,7.0125,6.75,4.63778527199099,3.402,52054200000.0,-2.3381294936,3.57,143002400000.0,-4.4,21520030000.0,5.56,14808.2173913043,106.1323
2023-06,5.08,305.109,100.1196,3.75,4.64,-0.89,1420.0,253.86,20798.9,74.975,2.177142857142857,8396.517727272727,1.0840285714285716,7.161366666666667,141.35809523809525,1.2627190476190475,82.2252380952381,1297.2514285714285,119.29695238095238,14.003181818181817,95.93,2.3763636364,0.395,0.8645533172,7.054,6.75,3.87645180499252,3.611,54297750000.0,-5.8666666658,3.566,143165900000.0,-10.1,21266990000.0,5.61,14948.1818181818,106.346
2023-07,5.12,305.691,100.9067,3.9,4.83,-0.93,1464.0,253.835,20792.2,80.10904761904762,2.5509999999999997,8476.679047619047,1.10669,7.186275,140.93599999999998,1.289345,82.1565,1282.2835,118.04916499999999,13.932380952380951,95.83,2.4566666667,0.595,-1.3333333357,7.1125,6.75,5.4459955484135,3.681,50457780000.0,-6.6367712997,3.51,143373200000.0,-15.9,21171030000.0,5.61,15038.1904761905,105.2116
2023-08,5.33,307.026,100.8393,4.17,4.9,-0.73,1321.0,257.68,20782.0,85.16826086956522,2.5830434782608696,8347.828260869564,1.091,7.248621739130435,144.7804347826087,1.2706217391304349,82.81217391304348,1321.7560869565218,119.85634782608695,15.85391304347826,96.35,2.5456521739,0.64,-0.482625482,7.185,6.75,11.9676418641615,3.86,51994080000.0,1.213818855,3.538,141681700000.0,-22.1,20991340000.0,5.62,15249.5217391304,104.8831
2023-09,5.33,307.789,101.0211,4.38,5.02,-0.64,1369.0,258.934,20753.6,92.67333333333332,2.6365000000000003,8276.71380952381,1.067175,7.29794,147.845,1.238145,83.07000000000001,1334.2369999999999,121.64553000000001,15.173333333333332,96.67,2.6614285714,0.765,0.0969932061,7.172,6.75,8.21417373462003,3.949,54650690000.0,3.644859813,3.596,136033600000.0,-18.7,20942240000.0,5.6,15359.4285714286,105.1257
2023-10,5.33,307.671,100.4689,4.8,5.07,-0.27,1380.0,255.192,20737.5,88.94772727272726,2.9814285714285713,7941.355909090909,1.056457142857143,7.307109523809523,149.59333333333333,1.2175238095238097,83.21619047619048,1351.507142857143,123.49714761904761,18.887727272727272,96.75,2.8231818182,0.95,1.1627906983,7.35,6.75,13.308300218985,4.272,54989950000.0,4.8030739653,3.517,136281200000.00002,-21.9,21118600000.0,5.68,15741.2272727273,103.2084
2023-11,5.33,307.051,100.8639,4.5,4.88,-0.38,1522.0,252.856,20749.7,82.18636363636364,2.7076190476190476,8189.587727272727,1.08193,7.222589999999999,149.679,1.24374,83.26599999999999,1308.154,121.22211999999999,14.01909090909091,96.21,2.6013636364,0.66,-0.4789272024,7.27,6.75,0.741094746599358,3.89,55561090000.0,6.4114832552,3.572,142153100000.0,-22.7,21290340000.0,5.86,15617.4090909091,103.0425
2023-12,5.33,306.746,100.6031,4.02,4.46,-0.44,1504.0,249.866,20779.9,77.54095238095238,2.523,8407.900476190476,1.09094,7.140210000000001,143.9815,1.2657,83.25399999999999,1304.3944999999999,119.83314,12.7185,96.37,2.1021052632,0.62,1.0587103033,7.224,6.75,2.85125548948275,3.415,57573190000.0,9.2445328111,3.639,138953400000.0,-24.0,21572200000.0,5.87,15515.2380952381,103.2031
2024-01,5.33,308.417,99.2223,4.06,4.32,-0.26,1378.0,251.306,20835.5,79.11,3.1761904761904765,8351.339565217391,1.0898904761904762,7.170704761904762,146.2942857142857,1.2701238095238094,83.11190476190475,1325.911904761905,120.22735714285714,13.388636363636364,96.03,2.1745454545,0.73,-6.5714285772,7.2025,6.75,3.20568973209132,3.353,54709820000.0,5.7281553409,3.47,141986700000.0,-26.1,21221210000.0,5.81,15602.347826087,102.9713
2024-02,5.33,310.326,100.285,4.21,4.54,-0.33,1555.0,254.926,20921.7,81.7957142857143,1.7215,8304.950476190475,1.0793,7.19349,149.615,1.262965,82.9485,1331.3345,121.06594,13.980476190476189,96.63,2.3319047619,0.71,0.2038736003,7.09,6.75,4.44755161140113,3.429,52076390000.0,9.1087169421,3.582,142114400000.0,-27.9,20782530000.0,5.91,15669.3333333333,103.0358
2024-03,5.33,312.332,100.4575,4.21,4.59,-0.38,1297.0,255.095,20965.9,84.96142857142857,1.4929999999999999,8692.819047619048,1.0870190476190476,7.201485714285714,149.81857142857143,1.2712761904761904,83.02142857142857,1331.675238095238,120.65883333333333,13.7875,97.35,2.3495,0.725,3.1536113962,7.068,6.75,8.6713134606357,3.39,56518310000.0,1.8867924538,3.467,139563200000.0,-26.6,21884310000.0,5.89,15705.5238095238,103.4263
2024-04,5.33,313.548,100.2434,4.54,4.87,-0.33,1379.0,256.978,20955.5,88.97454545454545,1.5990909090909091,9445.593636363636,1.0723909090909092,7.237431818181818,153.89,1.2517136363636363,83.39681818181818,1367.8554545454544,122.14281363636364,16.137727272727275,97.91,2.4457142857,0.87,-0.5917159821,7.15,6.75,6.34569805418059,3.567,56148300000.0,6.7114093952,3.518,143658300000.0,-32.9,21339580000.0,5.94,16047.3636363636,102.4766
2024-05,5.33,314.069,100.863,4.48,4.86,-0.38,1329.0,255.313,21021.7,83.05391304347826,2.1204545454545456,10117.16347826087,1.0810136363636362,7.232713636363636,155.86909090909091,1.2635545454545456,83.38727272727273,1364.7240909090908,121.8583409090909,13.058695652173913,98.13,2.5195454545,1.07,0.595238101,7.054,6.75,7.20553940305535,3.527,58020560000.0,3.038674037,3.53,137533300000.0,-31.5,21725230000.0,6.13,16083.3043478261,101.7839
2024-06,5.33,314.175,100.894,4.31,4.74,-0.43,1318.0,255.914,21070.7,82.9175,2.5357894736842104,9648.167,1.0763263157894736,7.254747368421053,157.86,1.2715631578947368,83.46,1379.0526315789473,123.70947894736841,12.667,98.33,2.4845,1.05,-0.9861932926,7.0225,6.75,7.93734673180786,3.337,57341630000.0,4.5325779062,3.547,136855799999.99998,-28.6,21709060000.0,6.07,16325.05,100.5366
2024-07,5.33,314.54,99.9757,4.25,4.5,-0.25,1269.0,257.321,21098.8,84.0486956521739,2.075454545454545,9385.31304347826,1.084659090909091,7.260936363636364,157.51818181818183,1.2869727272727274,83.58954545454546,1382.0472727272727,123.38243636363636,14.373913043478263,98.3,2.4582608696,1.045,2.0916334589,7.0075,6.75,7.18118303070503,3.171,57458790000.0,3.3621517766,3.518,138401100000.0,-32.8,21918160000.0,6.19,16261.652173913,100.3541
2024-08,5.33,314.796,100.4309,3.87,3.97,-0.1,1394.0,255.463,21191.9,79.01863636363636,1.9904545454545455,8981.117727272727,1.1020181818181818,7.1474863636363635,146.2640909090909,1.2945227272727273,83.88545454545455,1351.4436363636364,122.61374090909091,19.312272727272727,98.43,2.2077272727,0.89,-1.5609756034,6.91,6.75,2.37338795416171,2.999,57642930000.0,4.5202952079,3.531,143115400000.0,-36.9,22420230000.0,6.3,15793.1818181818,100.8593
2024-09,5.13,315.301,99.8084,3.72,3.62,0.1,1357.0,252.682,21275.5,73.05761904761906,2.276,9259.128571428571,1.110425,7.0760000000000005,142.954,1.321885,83.791,1330.6985,121.88485499999999,17.663333333333334,98.34,2.1671428571,0.855,0.2973240807,6.8325,6.75,4.73595012973436,3.011,58544690000.0,1.5329125368,3.529,141781600000.0,-38.5,22033480000.0,6.3,15345.0476190476,102.2139
2024-10,4.83,315.664,99.4695,4.1,3.97,0.13,1370.0,253.081,21336.7,75.26652173913043,2.199090909090909,9533.991304347826,1.08945,7.088118181818182,149.89090909090908,1.3043272727272728,84.00500000000001,1362.3690909090908,123.5952909090909,19.960869565217394,98.68,2.2295652174,0.935,1.7786561219,6.785,6.75,5.74514256290679,3.07,57500190000.0,4.3996333576,3.321,136972900000.00002,-40.8,22985590000.0,6.17,15541.347826087,101.9964
2024-11,4.64,315.493,99.2925,4.36,4.26,0.1,1300.0,253.211,21454.8,73.50857142857143,2.117,9075.727142857144,1.0621315789473684,7.206284210526316,153.71263157894737,1.2738421052631579,84.33263157894737,1395.02,126.31133684210526,16.015238095238097,98.36,2.3057142857,1.05,-1.8446601961,6.812,6.75,6.00050468126647,3.006,56288630000.0,-0.2697841707,3.245,136806300000.0,-38.5,23535330000.0,6.12,15814.8095238095,102.6148
2024-12,4.48,315.605,100.3273,4.39,4.23,0.16,1494.0,253.423,21487.6,73.22772727272726,3.005714285714286,8909.907727272726,1.0472333333333335,7.280695238095238,153.81428571428572,1.2647190476190477,84.96857142857142,1439.9966666666667,127.57578095238097,15.866190476190477,98.71,2.1788888889,1.09,-0.1978239277,6.7775,6.75,5.67557459596972,2.771,61359250000.0,4.7315741523,3.055,134289400000.0,-44.3,22367000000.0,6.07,16035.8181818182,102.5876
2025-01,4.33,317.671,100.0647,4.63,4.27,0.36,1353.0,257.36,21539.3,78.19391304347826,4.126190476190477,8976.68043478261,1.0355904761904762,7.2957,156.48190476190476,1.2354285714285713,86.26523809523809,1452.1919047619047,128.83695238095237,16.763636363636365,98.43,2.4836363636,1.245,1.0901882994,6.758,6.75,6.1822651400153,2.821,49176980000.0,3.8567493092,3.053,134249599999.99998,-44.6,22571540000.0,5.93,16259.4782608696,100.6119
2025-02,4.33,319.082,101.0993,4.45,4.21,0.24,1491.0,259.498,21607.3,75.193,4.1889473684210525,9330.975,1.0413000000000001,7.273431578947369,151.57157894736844,1.254178947368421,87.06368421052632,1444.7931578947369,127.87583157894737,16.968,98.85,2.4055,1.37,0.098039222,6.7325,6.5,6.66124953917333,2.83,52292300000.0,1.7953321374,2.965,135755400000.00002,-42.1,23564360000.0,5.73,16337.9,98.66999
2025-03,4.33,319.799,101.0404,4.28,3.97,0.31,1346.0,258.525,21684.1,71.74142857142857,4.12,9735.823333333332,1.0813142857142857,7.24925238095238,149.05761904761906,1.2912666666666666,86.52142857142857,1458.345238095238,126.24304285714285,21.841428571428573,99.46,2.7414285714,1.485,-0.5876591634,6.6825,6.5,5.91390621698804,2.795,58064560000.0,7.3148148078,2.754,142056200000.0,-40.7,23005310000.0,5.84,16468.7142857143,98.87621
2025-04,4.33,320.795,101.1279,4.28,3.78,0.5,1400.0,258.392,21770.8,66.92727272727274,3.4233333333333333,9172.69590909091,1.1231772727272729,7.2967818181818185,144.12863636363636,1.3144272727272728,85.57681818181818,1439.7777272727274,124.14020000000001,31.966190476190473,100.02,2.5105,1.31,-1.0837438366,6.455,6.3125,4.81570311850097,2.658,58035740000.0,4.0431266891,2.769,146068600000.0,-38.1,22457530000.0,5.71,16768.4090909091,97.79613
2025-05,4.33,321.465,100.9655,4.42,3.92,0.5,1289.0,258.678,21836.1,64.09272727272727,3.1185714285714283,9531.200909090909,1.1273666666666666,7.216557142857143,144.8761904761905,1.3358095238095238,85.24619047619048,1391.437619047619,122.3421619047619,20.46227272727273,99.96,2.5628571429,1.5,1.4940239023,6.272,6.25,3.54522983242822,2.71,57261060000.0,1.2511170653,2.738,146477400000.0,-36.4,23913930000.0,5.83,16444.6818181818,97.75069
2025-06,4.33,322.561,101.4785,4.38,3.89,0.49,1379.0,260.491,21942.6,69.84666666666666,3.024,9835.068095238095,1.153365,7.18035,144.4835,1.3577299999999999,85.8765,1364.6775,120.59387,18.403333333333336,100.26,2.519047619,1.42,-0.2944062781,6.3075,5.75,2.05091926253,2.842,59833800000.0,5.1490514869,2.52,148500100000.0,-42.7,23819170000.0,5.38,16309.1428571429,98.0278
2025-07,4.33,323.048,101.894,4.39,3.88,0.51,1432.0,262.358,22025.5,69.56478260869565,3.2013636363636366,9770.580434782609,1.1670818181818183,7.174086363636364,147.20136363636365,1.3488772727272726,86.17136363636364,1379.295909090909,120.11269090909092,16.381304347826084,100.28,2.6313043478,1.545,-1.0826771704,6.35,5.75,5.36112376886742,2.84,60724320000.0,7.3420074279,2.5,151089000000.0,-39.5,23876620000.0,4.97,16276.4347826087,98.29069
2025-08,4.33,323.976,101.6247,4.26,3.7,0.56,1291.0,262.11,22092.6,67.24428571428571,2.912857142857143,9671.875714285714,1.1647476190476191,7.172695238095238,147.47857142857143,1.3455761904761905,87.56952380952382,1388.9990476190476,120.57584285714286,15.75,100.42,2.6733333333,1.6,-1.2935323344,6.522,5.75,5.05474494976017,2.815,58259330000.0,3.6187113815,2.506,149696400000.0,-38.1,24107400000.0,4.65,16299.2857142857,98.19273
2025-09,4.22,324.8,101.668,4.12,3.57,0.55,1319.0,262.054,22176.1,67.60909090909091,2.974285714285714,9994.773181818182,1.1738714285714285,7.123457142857143,147.86285714285714,1.3506380952380952,88.32142857142857,1392.9052380952382,120.0290619047619,15.789090909090909,100.52,2.6931818182,1.645,1.9153225714,6.585,5.75,5.81245568117639,2.849,65904120000.00001,4.6181172233,2.526,152923900000.0,-42.0,24297320000.0,4.33,16508.1818181818,96.66222
2025-10,4.09,,101.2195,4.06,3.52,0.54,1273.0,260.591,22249.8,63.98130434782609,3.186086956521739,10739.91826086957,1.1640727272727274,7.119968181818181,151.35454545454547,1.3356954545454547,88.3690909090909,1423.0795454545455,120.7618,18.086521739130436,100.73,2.617826087,1.655,0.494559852,6.482,5.75,-0.596984511186061,2.933,59511580000.0,-2.194907809,2.516,152595700000.0,-38.7,23422000000.0,4.01,16607.347826087,96.67393
2025-11,3.88,324.122,101.0344,4.09,3.55,0.54,1319.0,261.914,22279.8,63.6935,3.7941176470588234,10812.028,1.1558111111111111,7.106883333333333,155.14111111111112,1.3138833333333333,88.84444444444445,1459.878888888889,121.41771666666666,19.7695,100.44,2.6575,1.805,-1.9685039452,6.5375,5.75,7.02012759595909,3.248,60752620000.0,1.5329125368,2.512,150245900000.0,-36.9,23275670000.0,4.03,16703.05,96.48062
2025-12,3.72,324.054,101.4941,4.14,3.5,0.64,1378.0,261.333,22355.3,61.81090909090909,4.263809523809524,11790.96409090909,1.1710363636363637,7.0432,155.915,1.3387181818181817,90.035,1465.355,120.18832272727272,15.548181818181819,100.62,2.8142105263,2.06,0.7028112463,6.6325,5.5,6.36844057844776,3.366,69513630000.0,-0.3475238925,2.53,154184500000.0,-40.9,24844720000.0,4.13,16707.1304347826,96.18235
2026-01,3.64,325.252,101.0388,4.21,3.54,0.67,1385.0,263.608,22413.4,64.59409090909091,7.717894736842105,12986.60681818182,1.1744299999999999,6.9692300000000005,156.6505,1.3535650000000001,90.9025,1455.4959999999999,119.22981,16.17904761904762,100.04,2.8066666667,2.24,4.2871385875,6.732,5.5,4.38641737593197,3.485,65835080000.00001,-1.0610079499,2.531,152277300000.0,-35.9,23656110000.0,3.77,16827.9545454545,94.53767
2026-02,3.64,326.785,101.9053,4.13,3.47,0.66,1346.0,269.535,22598.9,69.4095,3.621578947368421,12951.345,1.1824105263157894,6.906352631578947,155.1015789473684,1.357921052631579,90.74578947368421,1447.2857894736842,117.90602105263157,19.207,100.7,2.745,2.11,-2.1032504773,6.77,5.5,4.41021288568924,3.612,67654070000.00001,3.7918871252,2.541,156948300000.0,-32.4,23460130000.0,3.96,16825.7,93.62973
2026-03,3.64,330.213,101.7543,4.25,3.71,0.54,1522.0,276.109,22640.4,99.405,3.044090909090909,12528.70954545455,1.155668181818182,6.892077272727272,158.68272727272728,1.3338681818181817,92.81818181818181,1490.5177272727271,119.91985454545456,25.596818181818183,101.98,2.91,2.345,-0.2929687475,6.84,5.5,2.78279013730274,3.728,87320890000.0,2.1570319274,2.527,155914100000.0,-29.3,22073840000.0,4.11,16929.3636363636,94.12159
2026-04,3.64,333.02,102.5198,4.32,3.8,0.52,1414.0,282.755,22756.7,102.8136363636364,2.7676190476190476,12890.68772727273,1.1697318181818182,6.837118181818181,159.11727272727273,1.3454045454545456,93.48045454545455,1483.7977272727273,119.03631818181817,19.811904761904763,103.02,3.001,2.515,0.391772771792387,7.05,5.5,4.94631702619235,3.737,85740000000.0,1.5544041418,2.517,157973500000.0,-27.9,26670210000.0,4.15,17134.4545454545,92.31843
2026-05,3.63,335.123,102.5099,4.48,4.0,0.48,1182.0,290.515,23013.9,103.842380952381,2.9385000000000003,13512.15619047619,1.168105,6.7996300000000005,158.153,1.3498350000000001,95.5335,1488.396,118.77918500000001,17.237142857142857,103.1,3.0465,2.65,0.097560975609778,7.02,5.5,5.34548543405124,4.075,87610000000.0,0.706090026478279,2.537,159196500000.0,-28.7,22943140000.0,4.76,17550.8571428571,89.84721
2026-06,3.63,333.952,102.7868,4.47,4.11,0.36,1415.0,286.279,23115.2,84.48772727272727,3.144761904761905,13552.04090909091,1.1516285714285714,6.775828571428571,160.77,1.3337761904761904,94.96000000000001,1529.4619047619049,120.08344761904762,17.90681818181818,103.0,2.97,2.67,,6.89,5.5,,4.181,102170000000.0,,2.537,,-26.1,25569890000.0,5.88,17917.0909090909,89.09258
2026-07,3.63,333.918,102.9939,4.6,4.22,0.38,1239.0,284.057,23218.0,83.73409090909091,2.887272727272727,13542.82086956522,1.1422727272727273,6.775686363636364,162.32954545454547,1.338340909090909,95.85727272727273,1486.013181818182,120.59704545454544,17.09086956521739,103.22,,,,,,,,,,,,,,,18007.5652173913,88.65959
2026-08,3.63,,,4.68,4.22,0.46,,,,,2.768823529411765,,1.1592449999999999,6.736895,158.803,1.3546749999999999,95.4585,1404.967,118.86539499999999,15.229523809523808,,,,,,,,,,,,,,,,,
