feature,category,frequency,aggregation,feature_lag_months,paired_observations,pearson_correlation,abs_pearson_correlation,spearman_correlation,abs_spearman_correlation
shfe_close_cny_per_ton,copper_market,daily,monthly_mean,0,128,0.9877531294200343,0.9877531294200343,0.9804923548800585,0.9804923548800585
shfe_settlement_cny_per_ton,copper_market,daily,monthly_mean,0,128,0.987749168927765,0.987749168927765,0.9805266892510528,0.9805266892510528
shfe_pre_settlement_cny_per_ton,copper_market,daily,monthly_mean,0,128,0.9876448108677578,0.9876448108677578,0.9798457242263321,0.9798457242263321
shfe_close_cny_per_ton,copper_market,daily,monthly_mean,1,127,0.9758171017874653,0.9758171017874653,0.9617196287964004,0.9617196287964004
shfe_settlement_cny_per_ton,copper_market,daily,monthly_mean,1,127,0.9756104382689185,0.9756104382689185,0.9609638638920134,0.9609638638920134
shfe_pre_settlement_cny_per_ton,copper_market,daily,monthly_mean,1,127,0.9747320877318856,0.9747320877318856,0.9583802024746907,0.9583802024746907
euro_area_copper_production_ppi,global_macro,monthly,as_is,0,138,0.960324184179102,0.960324184179102,0.9535328954181067,0.9535328954181067
usa_sp500_freeport_mcmoran,equities_companies,monthly,as_is,0,140,0.9595004946940398,0.9595004946940398,0.9256915440292145,0.9256915440292145
shfe_close_cny_per_ton,copper_market,daily,monthly_mean,2,126,0.9592524976170209,0.9592524976170209,0.9356760404949382,0.9356760404949382
shfe_settlement_cny_per_ton,copper_market,daily,monthly_mean,2,126,0.959110443125117,0.959110443125117,0.9348181477315337,0.9348181477315337
shfe_pre_settlement_cny_per_ton,copper_market,daily,monthly_mean,2,126,0.9584269420557903,0.9584269420557903,0.9329403824521936,0.9329403824521936
tin_cash_usd_per_ton,other_metals,daily,monthly_mean,0,140,0.951541135497603,0.951541135497603,0.9261988585423456,0.9261988585423456
uk_ftse100_antofagasta,equities_companies,monthly,as_is,0,140,0.9453284508969575,0.9453284508969575,0.9476547637270125,0.9476547637270125
uk_ftse100_antofagasta,equities_companies,monthly,as_is,1,139,0.9434170836220939,0.9434170836220939,0.9428079896331382,0.9428079896331382
euro_area_copper_production_ppi,global_macro,monthly,as_is,1,138,0.9430458234318134,0.9430458234318134,0.9249514532514648,0.9249514532514648
shfe_close_cny_per_ton,copper_market,daily,monthly_mean,3,125,0.942572424141553,0.942572424141553,0.9127250384024577,0.9127250384024577
shfe_settlement_cny_per_ton,copper_market,daily,monthly_mean,3,125,0.9424162039693987,0.9424162039693987,0.9122642089093699,0.9122642089093699
shfe_pre_settlement_cny_per_ton,copper_market,daily,monthly_mean,3,125,0.9415475823358876,0.9415475823358876,0.9100092165898616,0.9100092165898616
usa_nasdaq_composite,equities_indices,monthly,as_is,3,137,0.9412133454976955,0.9412133454976955,0.9092678328075121,0.9092678328075121
aluminum_cash_usd_per_ton,other_metals,daily,monthly_mean,0,140,0.9390201874898481,0.9390201874898481,0.9518969626730228,0.9518969626730228
usa_nasdaq_composite,equities_indices,monthly,as_is,2,138,0.9389187374539197,0.9389187374539197,0.906002205534842,0.906002205534842
usa_sp500_freeport_mcmoran,equities_companies,monthly,as_is,1,139,0.9387049494472925,0.9387049494472925,0.9005719647884176,0.9005719647884176
canada_tsx_composite,equities_indices,monthly,as_is,0,140,0.9377984126881963,0.9377984126881963,0.9260326693052854,0.9260326693052854
usa_nasdaq_composite,equities_indices,monthly,as_is,1,139,0.9366624226265803,0.9366624226265803,0.9067518655882745,0.9067518655882745
uk_ftse100_antofagasta,equities_companies,monthly,as_is,2,138,0.9366071241214688,0.9366071241214688,0.9274958960156533,0.9274958960156533
canada_tsx_composite_capstone_copper,equities_companies,monthly,as_is,0,140,0.9355907204420414,0.9355907204420414,0.9092201233524527,0.9092201233524527
canada_tsx_composite,equities_indices,monthly,as_is,1,139,0.9355666206736347,0.9355666206736347,0.9151436614683408,0.9151436614683408
usa_nasdaq_composite,equities_indices,monthly,as_is,6,134,0.9341432048142325,0.9341432048142325,0.90524071372461,0.90524071372461
gold_usd_per_troy_ounce,commodities,monthly,as_is,12,128,0.9341196462132899,0.9341196462132899,0.8911746907818953,0.8911746907818953
usa_dow_jones,equities_indices,monthly,as_is,0,140,0.9336247501415816,0.9336247501415816,0.9176838468434979,0.9176838468434979
tin_cash_usd_per_ton,other_metals,daily,monthly_mean,1,139,0.933153559476873,0.933153559476873,0.9154385808123685,0.9154385808123685
usa_nasdaq_composite,equities_indices,monthly,as_is,0,140,0.9330908487055446,0.9330908487055446,0.9040125953948088,0.9040125953948088
usa_sp500,equities_indices,monthly,as_is,0,140,0.9325966157906734,0.9325966157906734,0.9104458682294287,0.9104458682294287
usa_sp500,equities_indices,monthly,as_is,1,139,0.932273938307397,0.932273938307397,0.9088967335448409,0.9088967335448409
usa_dow_jones,equities_indices,monthly,as_is,1,139,0.9314059084171311,0.9314059084171311,0.9141337861387907,0.9141337861387907
usa_sp500,equities_indices,monthly,as_is,2,138,0.9303034856488142,0.9303034856488142,0.9026733548102804,0.9026733548102804
uk_ftse100_antofagasta,equities_companies,monthly,as_is,3,137,0.9302083649317167,0.9302083649317167,0.9148216252543544,0.9148216252543544
canada_tsx_composite,equities_indices,monthly,as_is,2,138,0.9301591293712587,0.9301591293712587,0.8959106278924812,0.8959106278924812
usa_sp500,equities_indices,monthly,as_is,3,137,0.9285631399115993,0.9285631399115993,0.8992803405081486,0.8992803405081486
usa_dow_jones,equities_indices,monthly,as_is,2,138,0.9266765274207924,0.9266765274207924,0.905805853571665,0.905805853571665
canada_tsx_composite_capstone_copper,equities_companies,monthly,as_is,1,139,0.9249462705412801,0.9249462705412801,0.8986001369594696,0.8986001369594696
canada_tsx_composite,equities_indices,monthly,as_is,3,137,0.924405486215247,0.924405486215247,0.8792633524371347,0.8792633524371347
usa_sp500_southern_copper,equities_companies,monthly,as_is,0,140,0.9235680332174265,0.9235680332174265,0.9368612101200499,0.9368612101200499
euro_area_copper_production_ppi,global_macro,monthly,as_is,2,138,0.9233456932372972,0.9233456932372972,0.8898011654934,0.8898011654934
usa_dow_jones,equities_indices,monthly,as_is,3,137,0.9220360566817704,0.9220360566817704,0.9003210932103719,0.9003210932103719
aluminum_cash_usd_per_ton,other_metals,daily,monthly_mean,1,139,0.9201657721106805,0.9201657721106805,0.9302873229366816,0.9302873229366816
japan_nikkei225,equities_indices,monthly,as_is,3,137,0.9188027305944977,0.9188027305944977,0.8921724195866856,0.8921724195866856
japan_nikkei225,equities_indices,monthly,as_is,2,138,0.9183019621960256,0.9183019621960256,0.9024770028471034,0.9024770028471034
usa_sp500_southern_copper,equities_companies,monthly,as_is,1,139,0.9179296767401158,0.9179296767401158,0.9284105634746859,0.9284105634746859
japan_nikkei225,equities_indices,monthly,as_is,1,139,0.917029728967434,0.917029728967434,0.9112471513472451,0.9112471513472451
usa_sp500_freeport_mcmoran,equities_companies,monthly,as_is,2,138,0.916352877461939,0.916352877461939,0.8687957916751334,0.8687957916751334
hong_kong_hang_seng_zijin_mining,equities_companies,monthly,as_is,0,140,0.916270974256773,0.916270974256773,0.9140801644398768,0.9140801644398768
japan_nikkei225,equities_indices,monthly,as_is,0,140,0.9161981260972597,0.9161981260972597,0.912763770746321,0.912763770746321
usa_sp500,equities_indices,monthly,as_is,6,134,0.915972947791687,0.915972947791687,0.8886270402374093,0.8886270402374093
hong_kong_hang_seng_zijin_mining,equities_companies,monthly,as_is,3,137,0.9156334008239756,0.9156334008239756,0.870153266003323,0.870153266003323
hong_kong_hang_seng_zijin_mining,equities_companies,monthly,as_is,1,139,0.9153017536068531,0.9153017536068531,0.8980025917154475,0.8980025917154475
hong_kong_hang_seng_zijin_mining,equities_companies,monthly,as_is,2,138,0.914817068729092,0.914817068729092,0.8783120124021377,0.8783120124021377
canada_tsx_composite_capstone_copper,equities_companies,monthly,as_is,2,138,0.9139658858153752,0.9139658858153752,0.8833428274949046,0.8833428274949046
australia_asx200,equities_indices,monthly,as_is,0,140,0.9124105672077312,0.9124105672077312,0.913953335811594,0.913953335811594
usa_sp500_southern_copper,equities_companies,monthly,as_is,2,138,0.9094683100040113,0.9094683100040113,0.9124818203196884,0.9124818203196884
tin_cash_usd_per_ton,other_metals,daily,monthly_mean,2,138,0.9062926902873236,0.9062926902873236,0.8960658829331328,0.8960658829331328
australia_asx200,equities_indices,monthly,as_is,1,139,0.9052806349924075,0.9052806349924075,0.9031726171857545,0.9031726171857545
usa_dow_jones,equities_indices,monthly,as_is,6,134,0.9041427372182165,0.9041427372182165,0.8824972879961097,0.8824972879961097
australia_asx200_rio_tinto,equities_companies,monthly,as_is,0,140,0.9026749580039511,0.9026749580039511,0.8695633159126196,0.8695633159126196
euro_area_copper_production_ppi,global_macro,monthly,as_is,3,137,0.9009657912170453,0.9009657912170453,0.8596074664673393,0.8596074664673393
canada_tsx_composite,equities_indices,monthly,as_is,6,134,0.9009576709142678,0.9009576709142678,0.846826020274567,0.846826020274567
usa_sp500_southern_copper,equities_companies,monthly,as_is,3,137,0.9007551488694154,0.9007551488694154,0.8985009427446001,0.8985009427446001
canada_tsx_composite_capstone_copper,equities_companies,monthly,as_is,3,137,0.9004623615128049,0.9004623615128049,0.8681824492959234,0.8681824492959234
australia_asx200,equities_indices,monthly,as_is,2,138,0.896355874608599,0.896355874608599,0.8848875200062102,0.8848875200062102
global_wind_capacity_mw,energy_transition,annual,repeat_within_year,12,128,0.8960592946283421,0.8960592946283421,0.8601354977003326,0.8601354977003326
hong_kong_hang_seng_zijin_mining,equities_companies,monthly,as_is,6,134,0.896032163650251,0.896032163650251,0.8700731929325801,0.8700731929325801
japan_nikkei225,equities_indices,monthly,as_is,6,134,0.8947592437119202,0.8947592437119202,0.8713101160862355,0.8713101160862355
germany_dax,equities_indices,monthly,as_is,0,140,0.8937243749093583,0.8937243749093583,0.9193588594170258,0.9193588594170258
silver_usd_per_troy_ounce,commodities,monthly,as_is,12,128,0.8931966426471545,0.8931966426471545,0.8533788150417126,0.8533788150417126
germany_dax,equities_indices,monthly,as_is,1,139,0.8923803179104844,0.8923803179104844,0.9154385808123685,0.9154385808123685
china_refined_copper_production_ton,china,monthly,as_is,12,107,0.8920923698765331,0.8920923698765331,0.8736159178028446,0.8736159178028446
source_value_10000_ton,china,monthly,as_is,12,107,0.8920923698765331,0.8920923698765331,0.8736159178028446,0.8736159178028446
australia_asx200_rio_tinto,equities_companies,monthly,as_is,1,139,0.8917494232735691,0.8917494232735691,0.859823942088565,0.859823942088565
usa_sp500_freeport_mcmoran,equities_companies,monthly,as_is,3,137,0.89133399239958,0.89133399239958,0.8384219762167004,0.8384219762167004
uk_ftse100_antofagasta,equities_companies,monthly,as_is,6,134,0.8904266842757204,0.8904266842757204,0.882741680070824,0.882741680070824
global_renewable_capacity_mw,energy_transition,annual,repeat_within_year,12,128,0.88987580806128,0.88987580806128,0.8601354977003326,0.8601354977003326
germany_dax,equities_indices,monthly,as_is,2,138,0.8898111361272488,0.8898111361272488,0.9056003689590377,0.9056003689590377
aluminum_cash_usd_per_ton,other_metals,daily,monthly_mean,2,138,0.8895345623179378,0.8895345623179378,0.8970019795017681,0.8970019795017681
gold_usd_per_troy_ounce,commodities,monthly,as_is,6,134,0.8890319981614494,0.8890319981614494,0.8652003845797619,0.8652003845797619
australia_asx200,equities_indices,monthly,as_is,3,137,0.8884887391946718,0.8884887391946718,0.8664476263371104,0.8664476263371104
germany_dax,equities_indices,monthly,as_is,3,137,0.8882098172595655,0.8882098172595655,0.8933345156532938,0.8933345156532938
usa_nasdaq_composite,equities_indices,monthly,as_is,12,128,0.8874048682590887,0.8874048682590887,0.8554465757187328,0.8554465757187328
europe_ev_sales_units,energy_transition,annual,repeat_within_year,6,132,0.8857226536536891,0.8857226536536891,0.8569421016307393,0.8569421016307393
europe_ev_sales_units,energy_transition,annual,repeat_within_year,0,132,0.8842314158701051,0.8842314158701051,0.8363046622393085,0.8363046622393085
germany_dax,equities_indices,monthly,as_is,6,134,0.8842309291578865,0.8842309291578865,0.8742627713562515,0.8742627713562515
australia_asx200_bhp,equities_companies,monthly,as_is,0,140,0.883388360014427,0.883388360014427,0.8475957228138463,0.8475957228138463
europe_ev_sales_units,energy_transition,annual,repeat_within_year,1,132,0.8833308484223851,0.8833308484223851,0.8394869238859262,0.8394869238859262
germany_exports,macro_fred,monthly,as_is,0,137,0.8831853394798733,0.8831853394798733,0.9010584875016333,0.9010584875016333
shfe_close_cny_per_ton,copper_market,daily,monthly_mean,6,122,0.8829926566408466,0.8829926566408466,0.8517353389222823,0.8517353389222823
europe_ev_sales_units,energy_transition,annual,repeat_within_year,3,132,0.8829294862190515,0.8829294862190515,0.8417869743829864,0.8417869743829864
shfe_settlement_cny_per_ton,copper_market,daily,monthly_mean,6,122,0.8827942011184238,0.8827942011184238,0.8511867980080695,0.8511867980080695
europe_ev_sales_units,energy_transition,annual,repeat_within_year,2,132,0.8825776354059756,0.8825776354059756,0.8403061199533723,0.8403061199533723
shfe_pre_settlement_cny_per_ton,copper_market,daily,monthly_mean,6,122,0.8818604018932099,0.8818604018932099,0.8492966449783722,0.8492966449783722
europe_ev_sales_units,energy_transition,annual,repeat_within_year,12,128,0.881668057978863,0.881668057978863,0.8558586229257141,0.8558586229257141
canada_tsx_composite_lundin_mining,equities_companies,monthly,as_is,0,140,0.8816383869501685,0.8816383869501685,0.9321029498589579,0.9321029498589579
us_ppi,macro_fred,monthly,as_is,0,139,0.8803898708804937,0.8803898708804937,0.8812087360210259,0.8812087360210259
india_nifty50,equities_indices,monthly,as_is,1,139,0.8798628996012086,0.8798628996012086,0.8834040841860673,0.8834040841860673
india_nifty50,equities_indices,monthly,as_is,2,138,0.8793550587451161,0.8793550587451161,0.8758918602978613,0.8758918602978613
australia_asx200_rio_tinto,equities_companies,monthly,as_is,2,138,0.8793251027436385,0.8793251027436385,0.8451559285735485,0.8451559285735485
india_nifty50,equities_indices,monthly,as_is,0,140,0.8790980043026194,0.8790980043026194,0.8887581727930726,0.8887581727930726
global_wind_capacity_mw,energy_transition,annual,repeat_within_year,6,132,0.8789032148689967,0.8789032148689967,0.860084895658839,0.860084895658839
india_nifty50,equities_indices,monthly,as_is,3,137,0.8783765237510024,0.8783765237510024,0.8687484832079451,0.8687484832079451
germany_dax_aurubis,equities_companies,monthly,as_is,0,140,0.8783574041562638,0.8783574041562638,0.8751612691609633,0.8751612691609633
global_solar_capacity_mw,energy_transition,annual,repeat_within_year,12,128,0.878190644268362,0.878190644268362,0.8601354977003326,0.8601354977003326
canada_tsx_composite_lundin_mining,equities_companies,monthly,as_is,1,139,0.877943397812387,0.877943397812387,0.9270521471021937,0.9270521471021937
gold_usd_per_troy_ounce,commodities,monthly,as_is,3,137,0.8767634386755615,0.8767634386755615,0.8474409759169079,0.8474409759169079
indonesia_exports,macro_fred,monthly,as_is,0,138,0.8752708293163496,0.8752708293163496,0.8963900919886116,0.8963900919886116
chile_copper_electricity_consumption_tj,chile_cochilco,annual,repeat_within_year,6,120,0.8752702287467896,0.8752702287467896,0.8791036007072606,0.8791036007072606
tin_cash_usd_per_ton,other_metals,daily,monthly_mean,3,137,0.8745066235143246,0.8745066235143246,0.8695138798140646,0.8695138798140646
usa_sp500,equities_indices,monthly,as_is,12,128,0.8744132781770267,0.8744132781770267,0.8324997711041933,0.8324997711041933
peru_bvl_general,equities_indices,monthly,as_is,1,139,0.874207180931193,0.874207180931193,0.854131105053845,0.854131105053845
m2_money_supply,macro_fred,monthly,as_is,0,139,0.8720665886466477,0.8720665886466477,0.8837928415031948,0.8837928415031948
poland_wig20_kghm,equities_companies,monthly,as_is,0,140,0.8716490628146238,0.8716490628146238,0.8669349019264833,0.8669349019264833
m2_money_supply,macro_fred,monthly,as_is,3,137,0.8716248821098215,0.8716248821098215,0.8681604345959265,0.8681604345959265
germany_exports,macro_fred,monthly,as_is,1,137,0.8716160267219633,0.8716160267219633,0.884859148356264,0.884859148356264
m2_money_supply,macro_fred,monthly,as_is,2,138,0.871549293895438,0.871549293895438,0.8754397941500813,0.8754397941500813
gold_usd_per_troy_ounce,commodities,monthly,as_is,2,138,0.8711697739665677,0.8711697739665677,0.8412652930559678,0.8412652930559678
m2_money_supply,macro_fred,monthly,as_is,1,139,0.8706613246196028,0.8706613246196028,0.8824165512310648,0.8824165512310648
canada_tsx_composite_lundin_mining,equities_companies,monthly,as_is,2,138,0.8701517147812065,0.8701517147812065,0.9129110548438429,0.9129110548438429
india_nifty50,equities_indices,monthly,as_is,6,134,0.8697072819852375,0.8697072819852375,0.8561578074539583,0.8561578074539583
m2_money_supply,macro_fred,monthly,as_is,6,134,0.8687808956415402,0.8687808956415402,0.8481477325153681,0.8481477325153681
global_wind_capacity_mw,energy_transition,annual,repeat_within_year,3,132,0.8685657241627611,0.8685657241627611,0.848390758919618,0.848390758919618
peru_bvl_general,equities_indices,monthly,as_is,0,139,0.8680069104720719,0.8680069104720719,0.8582018856964116,0.8582018856964116
peru_bvl_general,equities_indices,monthly,as_is,2,138,0.8675559003965946,0.8675559003965946,0.8349547591377864,0.8349547591377864
turkey_ppi_basic_metals_index,turkey,monthly,as_is,0,140,0.8669679820935328,0.8669679820935328,0.8788261791782381,0.8788261791782381
canada_tsx_composite_teck_resources,equities_companies,monthly,as_is,0,140,0.866768598193345,0.866768598193345,0.8186131945507424,0.8186131945507424
gold_usd_per_troy_ounce,commodities,monthly,as_is,1,139,0.8665605703545614,0.8665605703545614,0.8399301572166865,0.8399301572166865
global_wind_capacity_mw,energy_transition,annual,repeat_within_year,2,132,0.8654753125530735,0.8654753125530735,0.8460016342094546,0.8460016342094546
us_cpi_index,macro_fred,monthly,as_is,0,138,0.8652464970561754,0.8652464970561754,0.8632796714072727,0.8632796714072727
usa_sp500_southern_copper,equities_companies,monthly,as_is,6,134,0.8651294726071366,0.8651294726071366,0.8762677838875798,0.8762677838875798
australia_asx200,equities_indices,monthly,as_is,6,134,0.8644389544508344,0.8644389544508344,0.8300527437997981,0.8300527437997981
global_renewable_capacity_mw,energy_transition,annual,repeat_within_year,6,132,0.863958947942385,0.863958947942385,0.860084895658839,0.860084895658839
australia_asx200_rio_tinto,equities_companies,monthly,as_is,3,137,0.8631349852725595,0.8631349852725595,0.8369471876341777,0.8369471876341777
global_wind_capacity_mw,energy_transition,annual,repeat_within_year,1,132,0.8631118740087783,0.8631118740087783,0.8441154831224834,0.8441154831224834
chile_copper_electricity_consumption_tj,chile_cochilco,annual,repeat_within_year,3,120,0.8630910353449912,0.8630910353449912,0.8871441824210464,0.8871441824210464
peru_bvl_general,equities_indices,monthly,as_is,3,137,0.8629509977838582,0.8629509977838582,0.8115024175331828,0.8115024175331828
korea_exports,macro_fred,monthly,as_is,0,138,0.8627410259617102,0.8627410259617102,0.8650285737769668,0.8650285737769668
canada_tsx_composite_lundin_mining,equities_companies,monthly,as_is,3,137,0.861341445750233,0.861341445750233,0.8983422629604046,0.8983422629604046
australia_asx200_bhp,equities_companies,monthly,as_is,1,139,0.8609649222695277,0.8609649222695277,0.8249430269449036,0.8249430269449036
indonesia_exports,macro_fred,monthly,as_is,1,138,0.8608783534714367,0.8608783534714367,0.8796682108454777,0.8796682108454777
global_wind_capacity_mw,energy_transition,annual,repeat_within_year,0,132,0.8608704423972323,0.8608704423972323,0.8400916941369451,0.8400916941369451
turkey_ppi_nonferrous_metals_index,turkey,monthly,as_is,0,140,0.860695044632886,0.860695044632886,0.879525923334281,0.879525923334281
germany_dax_aurubis,equities_companies,monthly,as_is,1,139,0.8606189153259711,0.8606189153259711,0.853617230439251,0.853617230439251
turkey_ppi_wire_cable_index,turkey,monthly,as_is,0,140,0.8606026581115074,0.8606026581115074,0.868427181154639,0.868427181154639
poland_wig20_kghm,equities_companies,monthly,as_is,1,139,0.8604730618234913,0.8604730618234913,0.8507127217480673,0.8507127217480673
turkey_ppi_basic_metals_index,turkey,monthly,as_is,1,139,0.8600878402063967,0.8600878402063967,0.8773001474596719,0.8773001474596719
us_cpi_index,macro_fred,monthly,as_is,1,138,0.8600326840501026,0.8600326840501026,0.8639737527654803,0.8639737527654803
us_ppi,macro_fred,monthly,as_is,1,139,0.8596312384271925,0.8596312384271925,0.853792101935642,0.853792101935642
usd_cdf,global_macro,monthly,as_is,12,128,0.8590665608011071,0.8590665608011071,0.8604937282548983,0.8604937282548983
chile_copper_electricity_consumption_tj,chile_cochilco,annual,repeat_within_year,12,120,0.8581905753184039,0.8581905753184039,0.8170403606039756,0.8170403606039756
turkey_ppi_nonferrous_metals_index,turkey,monthly,as_is,1,139,0.8581246323413609,0.8581246323413609,0.8759417310871798,0.8759417310871798
europe_ev_stock_units,energy_transition,annual,repeat_within_year,12,128,0.8572990790217389,0.8572990790217389,0.8601354977003326,0.8601354977003326
gold_usd_per_troy_ounce,commodities,monthly,as_is,0,139,0.8553429474470664,0.8553429474470664,0.8362056542545091,0.8362056542545091
turkey_ppi_nonferrous_metals_index,turkey,monthly,as_is,2,138,0.8548351344403455,0.8548351344403455,0.8707136480596543,0.8707136480596543
germany_exports,macro_fred,monthly,as_is,2,137,0.8547475999038565,0.8547475999038565,0.8646368099762913,0.8646368099762913
turkey_ppi_wire_cable_index,turkey,monthly,as_is,1,139,0.8543810800229732,0.8543810800229732,0.8677743283600844,0.8677743283600844
global_ev_sales_share_percent,energy_transition,annual,repeat_within_year,0,132,0.8543074921899655,0.8543074921899655,0.8400916941369451,0.8400916941369451
japan_ppi,global_macro,monthly,as_is,0,139,0.8541148354165472,0.8541148354165472,0.8606308608399941,0.8606308608399941
chile_copper_total_energy_consumption_tj,chile_cochilco,annual,repeat_within_year,12,120,0.8539114100931123,0.8539114100931123,0.8267560635081336,0.8267560635081336
world_copper_refinery_production_ton,usgs,annual,repeat_within_year,12,92,0.8532125936563768,0.8532125936563768,0.7823549906073878,0.7823549906073878
us_cpi_index,macro_fred,monthly,as_is,2,137,0.8531239906537791,0.8531239906537791,0.8613372038755204,0.8613372038755204
usa_ev_stock_units,energy_transition,annual,repeat_within_year,12,128,0.8529778658113177,0.8529778658113177,0.8601354977003326,0.8601354977003326
turkey_ppi_basic_metals_index,turkey,monthly,as_is,2,138,0.852916365386507,0.852916365386507,0.8742982129688187,0.8742982129688187
germany_dax,equities_indices,monthly,as_is,12,128,0.8528405935881304,0.8528405935881304,0.7865832722944515,0.7865832722944515
aluminum_cash_usd_per_ton,other_metals,daily,monthly_mean,3,137,0.852357588952611,0.852357588952611,0.8648981649149663,0.8648981649149663
turkey_ppi_nonferrous_metals_index,turkey,monthly,as_is,3,137,0.8515890029264452,0.8515890029264452,0.8660042563518583,0.8660042563518583
korea_exports,macro_fred,monthly,as_is,1,138,0.8515478781565666,0.8515478781565666,0.8446947297763184,0.8446947297763184
hong_kong_hang_seng_zijin_mining,equities_companies,monthly,as_is,12,128,0.8514121598811768,0.8514121598811768,0.8317558597326496,0.8317558597326496
china_refined_copper_production_ton,china,monthly,as_is,6,111,0.8509577944223979,0.8509577944223979,0.8403772452392804,0.8403772452392804
source_value_10000_ton,china,monthly,as_is,6,111,0.8509577944223979,0.8509577944223979,0.8403772452392804,0.8403772452392804
canada_tsx_composite_first_quantum_minerals,equities_companies,monthly,as_is,0,140,0.8508331128307342,0.8508331128307342,0.853845312807505,0.853845312807505
canada_tsx_composite_capstone_copper,equities_companies,monthly,as_is,6,134,0.8505806409051236,0.8505806409051236,0.8239414755071623,0.8239414755071623
usd_inr,macro_fred,monthly,as_is,12,128,0.8500526300845457,0.8500526300845457,0.8389489104559604,0.8389489104559604
global_renewable_capacity_mw,energy_transition,annual,repeat_within_year,3,132,0.8497800469393457,0.8497800469393457,0.848390758919618,0.848390758919618
global_ev_sales_share_percent,energy_transition,annual,repeat_within_year,1,132,0.8497234506348097,0.8497234506348097,0.8441154831224834,0.8441154831224834
chile_copper_electricity_consumption_tj,chile_cochilco,annual,repeat_within_year,2,120,0.8496245041472773,0.8496245041472773,0.8780985279930374,0.8780985279930374
global_ev_stock_units,energy_transition,annual,repeat_within_year,12,128,0.8494699418481139,0.8494699418481139,0.8601354977003326,0.8601354977003326
turkey_eur_try_monthly_average,turkey,monthly,as_is,0,140,0.8493164211309978,0.8493164211309978,0.8671885591830488,0.8671885591830488
usa_dow_jones,equities_indices,monthly,as_is,12,128,0.8488646155334438,0.8488646155334438,0.8099764237319171,0.8099764237319171
rest_of_world_ev_stock_units,energy_transition,annual,repeat_within_year,12,128,0.8487428606435546,0.8487428606435546,0.8601354977003326,0.8601354977003326
turkey_ppi_metal_ores_index,turkey,monthly,as_is,0,140,0.8486974727387951,0.8486974727387951,0.86606896853338,0.86606896853338
us_cpi_index,macro_fred,monthly,as_is,3,136,0.8486053904944515,0.8486053904944515,0.8607079814894326,0.8607079814894326
turkey_ppi_wire_cable_index,turkey,monthly,as_is,2,138,0.8484656055641561,0.8484656055641561,0.8655409902320426,0.8655409902320426
turkey_exports_usd,turkey,monthly,as_is,0,139,0.8476493933716065,0.8476493933716065,0.8478752401805264,0.8478752401805264
turkey_eur_try_monthly_average,turkey,monthly,as_is,1,139,0.8475232610261806,0.8475232610261806,0.8675767460565708,0.8675767460565708
turkey_ppi_metal_ores_index,turkey,monthly,as_is,1,139,0.8468067194461065,0.8468067194461065,0.8650609946825147,0.8650609946825147
global_solar_capacity_mw,energy_transition,annual,repeat_within_year,6,132,0.8464909742411731,0.8464909742411731,0.860084895658839,0.860084895658839
japan_ppi,global_macro,monthly,as_is,1,139,0.8464163766454601,0.8464163766454601,0.8389945399529031,0.8389945399529031
turkey_eur_try_monthly_average,turkey,monthly,as_is,2,138,0.8462292404731361,0.8462292404731361,0.8657637520576998,0.8657637520576998
global_renewable_capacity_mw,energy_transition,annual,repeat_within_year,2,132,0.8456584863902029,0.8456584863902029,0.8460016342094546,0.8460016342094546
turkey_ppi_basic_metals_index,turkey,monthly,as_is,3,137,0.8456345165464104,0.8456345165464104,0.8730468385386524,0.8730468385386524
global_ev_sales_share_percent,energy_transition,annual,repeat_within_year,2,132,0.8455234403304119,0.8455234403304119,0.8460016342094546,0.8460016342094546
turkey_eur_try_monthly_average,turkey,monthly,as_is,3,137,0.8451288330107672,0.8451288330107672,0.8650381764892562,0.8650381764892562
turkey_ppi_metal_ores_index,turkey,monthly,as_is,2,138,0.844881424946388,0.844881424946388,0.8624851309051139,0.8624851309051139
china_refined_copper_production_ton,china,monthly,as_is,3,114,0.8446016903290419,0.8446016903290419,0.8467581071513596,0.8467581071513596
source_value_10000_ton,china,monthly,as_is,3,114,0.8446016903290419,0.8446016903290419,0.8467581071513596,0.8467581071513596
indonesia_exports,macro_fred,monthly,as_is,2,138,0.8444494022421393,0.8444494022421393,0.8657865836813252,0.8657865836813252
turkey_ppi_nonferrous_metal_ores_index,turkey,monthly,as_is,0,140,0.8433025392498614,0.8433025392498614,0.8661301961470338,0.8661301961470338
turkey_eur_try_monthly_average,turkey,monthly,as_is,6,134,0.8431513812259749,0.8431513812259749,0.8778688013566255,0.8778688013566255
china_refined_copper_production_ton,china,monthly,as_is,2,115,0.843020883412379,0.843020883412379,0.8439509106478811,0.8439509106478811
source_value_10000_ton,china,monthly,as_is,2,115,0.843020883412379,0.843020883412379,0.8439509106478811,0.8439509106478811
turkey_ppi_nonferrous_metals_index,turkey,monthly,as_is,6,134,0.8429752817739239,0.8429752817739239,0.8742777341363359,0.8742777341363359
usd_inr,macro_fred,monthly,as_is,1,139,0.8427315758978235,0.8427315758978235,0.781826712543009,0.781826712543009
usd_inr,macro_fred,monthly,as_is,0,140,0.8426572699628347,0.8426572699628347,0.7780236600992763,0.7780236600992763
turkey_ppi_metal_ores_index,turkey,monthly,as_is,3,137,0.8426179858095371,0.8426179858095371,0.862135269848974,0.862135269848974
turkey_ppi_wire_cable_index,turkey,monthly,as_is,3,137,0.8425155273870493,0.8425155273870493,0.8655642298018539,0.8655642298018539
turkey_ppi_electrical_equipment_index,turkey,monthly,as_is,0,140,0.8418194356881743,0.8418194356881743,0.8653386105705103,0.8653386105705103
turkey_ppi_nonferrous_metal_ores_index,turkey,monthly,as_is,1,139,0.8417283363367923,0.8417283363367923,0.8643192278475355,0.8643192278475355
global_ev_sales_share_percent,energy_transition,annual,repeat_within_year,3,132,0.8413678065011396,0.8413678065011396,0.848390758919618,0.848390758919618
poland_wig20_kghm,equities_companies,monthly,as_is,2,138,0.8413672118164419,0.8413672118164419,0.8227444068230024,0.8227444068230024
global_renewable_capacity_mw,energy_transition,annual,repeat_within_year,1,132,0.84118489048675,0.84118489048675,0.8441154831224834,0.8441154831224834
usd_inr,macro_fred,monthly,as_is,6,134,0.8408044184192112,0.8408044184192112,0.8083367623037695,0.8083367623037695
europe_ev_stock_units,energy_transition,annual,repeat_within_year,6,132,0.8403897258438592,0.8403897258438592,0.860084895658839,0.860084895658839
turkey_ppi_nonferrous_metal_ores_index,turkey,monthly,as_is,2,138,0.8402135731320116,0.8402135731320116,0.8618869423661323,0.8618869423661323
chile_copper_total_energy_consumption_tj,chile_cochilco,annual,repeat_within_year,6,120,0.8401154074913472,0.8401154074913472,0.834880401281438,0.834880401281438
canada_tsx_composite,equities_indices,monthly,as_is,12,128,0.8399888501699082,0.8399888501699082,0.7557853415125435,0.7557853415125435
china_ev_stock_units,energy_transition,annual,repeat_within_year,12,128,0.8398558506306316,0.8398558506306316,0.8601354977003326,0.8601354977003326
canada_tsx_composite_teck_resources,equities_companies,monthly,as_is,1,139,0.839763055635095,0.839763055635095,0.7938513785245095,0.7938513785245095
korea_exports,macro_fred,monthly,as_is,2,138,0.8396902134503863,0.8396902134503863,0.8236942023658128,0.8236942023658128
germany_dax_aurubis,equities_companies,monthly,as_is,2,138,0.8394958092480246,0.8394958092480246,0.8231188454504563,0.8231188454504563
us_ppi,macro_fred,monthly,as_is,2,138,0.8394626420891189,0.8394626420891189,0.8263452546750195,0.8263452546750195
usd_inr,macro_fred,monthly,as_is,2,138,0.8393572504337079,0.8393572504337079,0.7794602147542516,0.7794602147542516
germany_exports,macro_fred,monthly,as_is,3,137,0.8391318561958064,0.8391318561958064,0.8448998450538577,0.8448998450538577
chile_copper_electricity_consumption_tj,chile_cochilco,annual,repeat_within_year,1,120,0.8390978783746744,0.8390978783746744,0.870392970517326,0.870392970517326
australia_asx200_bhp,equities_companies,monthly,as_is,2,138,0.8389614413513646,0.8389614413513646,0.8018489048811727,0.8018489048811727
usd_inr,macro_fred,monthly,as_is,3,137,0.8389516759378002,0.8389516759378002,0.7821653256669218,0.7821653256669218
turkey_domestic_ppi_index,turkey,monthly,as_is,0,140,0.8388038322069209,0.8388038322069209,0.865937766504122,0.865937766504122
turkey_usd_try_monthly_average,turkey,monthly,as_is,0,140,0.8385175966703221,0.8385175966703221,0.8628545188165578,0.8628545188165578
chile_copper_total_energy_consumption_tj,chile_cochilco,annual,repeat_within_year,3,120,0.8384305945882884,0.8384305945882884,0.8293525013532103,0.8293525013532103
turkey_ppi_nonferrous_metal_ores_index,turkey,monthly,as_is,3,137,0.8382645358651089,0.8382645358651089,0.862037261746971,0.862037261746971
turkey_ppi_electrical_equipment_index,turkey,monthly,as_is,1,139,0.837839125409325,0.837839125409325,0.8661736449349836,0.8661736449349836
china_csi300_jiangxi_copper,equities_companies,monthly,as_is,0,140,0.8376002204145135,0.8376002204145135,0.8412936520084846,0.8412936520084846
turkey_exports_usd,turkey,monthly,as_is,1,139,0.8373523650373168,0.8373523650373168,0.8347781402207426,0.8347781402207426
turkey_ppi_metal_ores_index,turkey,monthly,as_is,6,134,0.8371685301557111,0.8371685301557111,0.8753799922692302,0.8753799922692302
global_ev_sales_units,energy_transition,annual,repeat_within_year,12,128,0.8370679069114859,0.8370679069114859,0.8601354977003326,0.8601354977003326
us_cpi_index,macro_fred,monthly,as_is,6,133,0.8369132091251718,0.8369132091251718,0.8676202038338722,0.8676202038338722
global_renewable_capacity_mw,energy_transition,annual,repeat_within_year,0,132,0.8364296110504517,0.8364296110504517,0.8400916941369451,0.8400916941369451
euro_area_copper_production_ppi,global_macro,monthly,as_is,6,134,0.8360779076185306,0.8360779076185306,0.8069030447892666,0.8069030447892666
global_ev_sales_units,energy_transition,annual,repeat_within_year,0,132,0.8359777442616516,0.8359777442616516,0.8400916941369451,0.8400916941369451
south_korea_kospi,equities_indices,monthly,as_is,6,134,0.8359618157039322,0.8359618157039322,0.8518734647564185,0.8518734647564185
turkey_usd_try_monthly_average,turkey,monthly,as_is,1,139,0.8357332454787263,0.8357332454787263,0.8629205952008578,0.8629205952008578
chile_copper_total_energy_consumption_tj,chile_cochilco,annual,repeat_within_year,2,120,0.8351332684200806,0.8351332684200806,0.8254997226153545,0.8254997226153545
europe_ev_stock_units,energy_transition,annual,repeat_within_year,3,132,0.8350607055689421,0.8350607055689421,0.848390758919618,0.848390758919618
global_ev_sales_units,energy_transition,annual,repeat_within_year,1,132,0.8347590065005706,0.8347590065005706,0.8441154831224834,0.8441154831224834
europe_ev_stock_units,energy_transition,annual,repeat_within_year,2,132,0.8344566910979874,0.8344566910979874,0.8460016342094546,0.8460016342094546
turkey_domestic_ppi_index,turkey,monthly,as_is,1,139,0.8342677686450641,0.8342677686450641,0.8660842754367933,0.8660842754367933
turkey_ppi_nonferrous_metal_ores_index,turkey,monthly,as_is,6,134,0.8342131108956098,0.8342131108956098,0.8754897193231836,0.8754897193231836
turkey_ppi_electrical_equipment_index,turkey,monthly,as_is,2,138,0.8340703898428338,0.8340703898428338,0.8652934206110199,0.8652934206110199
m2_money_supply,macro_fred,monthly,as_is,12,128,0.8336312508601207,0.8336312508601207,0.8016961179271196,0.8016961179271196
global_ev_sales_units,energy_transition,annual,repeat_within_year,2,132,0.8335299686609969,0.8335299686609969,0.8460016342094546,0.8460016342094546
europe_ev_stock_units,energy_transition,annual,repeat_within_year,1,132,0.8335028455101184,0.8335028455101184,0.8441154831224834,0.8441154831224834
chile_copper_total_energy_consumption_tj,chile_cochilco,annual,repeat_within_year,1,120,0.8334565218164256,0.8334565218164256,0.8260022589724662,0.8260022589724662
global_ev_sales_share_percent,energy_transition,annual,repeat_within_year,12,128,0.8333773181893946,0.8333773181893946,0.8601354977003326,0.8601354977003326
turkey_usd_try_monthly_average,turkey,monthly,as_is,2,138,0.8331896798390742,0.8331896798390742,0.8611654630595745,0.8611654630595745
turkey_cpi_index,turkey,monthly,as_is,0,140,0.8330421559271909,0.8330421559271909,0.8651155671207716,0.8651155671207716
euro_area_hicp,macro_fred,monthly,as_is,0,139,0.8329548214071827,0.8329548214071827,0.8568208045779602,0.8568208045779602
chile_copper_total_energy_consumption_tj,chile_cochilco,annual,repeat_within_year,0,120,0.8327987220723445,0.8327987220723445,0.8295200134722475,0.8295200134722475
canada_tsx_composite_lundin_mining,equities_companies,monthly,as_is,6,134,0.8327222544830133,0.8327222544830133,0.8680382548410828,0.8680382548410828
europe_ev_stock_units,energy_transition,annual,repeat_within_year,0,132,0.8325782146925123,0.8325782146925123,0.8400916941369451,0.8400916941369451
japan_ppi,global_macro,monthly,as_is,2,138,0.8325613683685594,0.8325613683685594,0.8127920654630529,0.8127920654630529
turkey_ppi_nonferrous_metal_ores_index,turkey,monthly,as_is,12,128,0.8324336719662501,0.8324336719662501,0.8587655649148508,0.8587655649148508
silver_usd_per_troy_ounce,commodities,monthly,as_is,1,139,0.8324232958833897,0.8324232958833897,0.8388508069741233,0.8388508069741233
china_refined_copper_production_ton,china,monthly,as_is,1,115,0.832281154532563,0.832281154532563,0.8295183968512717,0.8295183968512717
source_value_10000_ton,china,monthly,as_is,1,115,0.8322811545325628,0.8322811545325628,0.8295183968512717,0.8295183968512717
chile_copper_electricity_consumption_tj,chile_cochilco,annual,repeat_within_year,0,120,0.8316687613886575,0.8316687613886575,0.8638599978748749,0.8638599978748749
global_ev_sales_units,energy_transition,annual,repeat_within_year,3,132,0.8316113877276241,0.8316113877276241,0.848390758919618,0.848390758919618
turkey_ppi_motor_vehicles_index,turkey,monthly,as_is,0,140,0.8314587779053589,0.8314587779053589,0.864892523671033,0.864892523671033
usa_ev_sales_units,energy_transition,annual,repeat_within_year,0,132,0.8311958772504529,0.8311958772504529,0.8491452193544065,0.8491452193544065
global_ev_sales_share_percent,energy_transition,annual,repeat_within_year,6,132,0.8309909294774805,0.8309909294774805,0.860084895658839,0.860084895658839
turkey_usd_try_monthly_average,turkey,monthly,as_is,3,137,0.8309750966545435,0.8309750966545435,0.8610945171467507,0.8610945171467507
korea_exports,macro_fred,monthly,as_is,3,137,0.8305979740202721,0.8305979740202721,0.8054305822614669,0.8054305822614669
turkey_ppi_household_appliances_index,turkey,monthly,as_is,0,140,0.8304218416238419,0.8304218416238419,0.864975618289563,0.864975618289563
turkey_ppi_electrical_equipment_index,turkey,monthly,as_is,3,137,0.8302963446103964,0.8302963446103964,0.865985588141953,0.865985588141953
turkey_cpi_index,turkey,monthly,as_is,1,139,0.8302433713333311,0.8302433713333311,0.8657044550694847,0.8657044550694847
turkey_domestic_ppi_index,turkey,monthly,as_is,2,138,0.8300210390808337,0.8300210390808337,0.8650559717253171,0.8650559717253171
china_electricity_generation_100m_kwh,china,monthly,as_is,6,111,0.8298952389714591,0.8298952389714591,0.8274394524394524,0.8274394524394524
turkey_ppi_nonferrous_metals_index,turkey,monthly,as_is,12,128,0.8294646070567961,0.8294646070567961,0.8392750869804065,0.8392750869804065
turkey_ppi_motor_vehicles_index,turkey,monthly,as_is,1,139,0.8294543614444111,0.8294543614444111,0.8657982930425844,0.8657982930425844
global_solar_capacity_mw,energy_transition,annual,repeat_within_year,3,132,0.8293043479766503,0.8293043479766503,0.848390758919618,0.848390758919618
euro_area_hicp,macro_fred,monthly,as_is,1,139,0.8288853915168536,0.8288853915168536,0.8592136969504296,0.8592136969504296
global_ev_sales_units,energy_transition,annual,repeat_within_year,6,132,0.8280354849518236,0.8280354849518236,0.860084895658839,0.860084895658839
turkey_ppi_metal_ores_index,turkey,monthly,as_is,12,128,0.8279724049295398,0.8279724049295398,0.8593378044314227,0.8593378044314227
silver_usd_per_troy_ounce,commodities,monthly,as_is,2,138,0.8278787836194462,0.8278787836194462,0.8399294930368317,0.8399294930368317
turkey_cpi_index,turkey,monthly,as_is,2,138,0.8277581496697592,0.8277581496697592,0.8651335992456429,0.8651335992456429
turkey_ppi_motor_vehicles_index,turkey,monthly,as_is,2,138,0.8276656609586615,0.8276656609586615,0.8653482165077204,0.8653482165077204
turkey_ppi_basic_metals_index,turkey,monthly,as_is,6,134,0.8275813277621162,0.8275813277621162,0.8784972381201761,0.8784972381201761
silver_usd_per_troy_ounce,commodities,monthly,as_is,3,137,0.8274120217449022,0.8274120217449022,0.8443655158619151,0.8443655158619151
world_copper_mine_production_ton,usgs,annual,repeat_within_year,0,120,0.8274105981465316,0.8274105981465316,0.8077119792047011,0.8077119792047011
china_csi300_jiangxi_copper,equities_companies,monthly,as_is,1,139,0.827330331582262,0.827330331582262,0.8222127887751911,0.8222127887751911
turkey_ppi_household_appliances_index,turkey,monthly,as_is,1,139,0.8271509411657357,0.8271509411657357,0.8660753384869743,0.8660753384869743
turkey_usd_try_monthly_average,turkey,monthly,as_is,6,134,0.827106287279263,0.827106287279263,0.8763126722278333,0.8763126722278333
south_korea_kospi,equities_indices,monthly,as_is,3,137,0.827081733253662,0.827081733253662,0.9040967386637294,0.9040967386637294
turkey_ppi_wire_cable_index,turkey,monthly,as_is,6,134,0.826910044320926,0.826910044320926,0.8740768264908184,0.8740768264908184
rest_of_world_ev_sales_units,energy_transition,annual,repeat_within_year,12,128,0.8268709482893144,0.8268709482893144,0.7805734823468691,0.7805734823468691
silver_usd_per_troy_ounce,commodities,monthly,as_is,0,139,0.8264442860536871,0.8264442860536871,0.8317275486685356,0.8317275486685356
turkey_domestic_ppi_index,turkey,monthly,as_is,3,137,0.8260846207009053,0.8260846207009053,0.8660089234043347,0.8660089234043347
turkey_ppi_motor_vehicles_index,turkey,monthly,as_is,3,137,0.8258349148504585,0.8258349148504585,0.8660462598241454,0.8660462598241454
turkey_eur_try_monthly_average,turkey,monthly,as_is,12,128,0.8256238518510267,0.8256238518510267,0.8486540926570225,0.8486540926570225
turkey_cpi_index,turkey,monthly,as_is,3,137,0.8255528636869739,0.8255528636869739,0.8663262829727257,0.8663262829727257
peru_bvl_general,equities_indices,monthly,as_is,6,134,0.825181102841337,0.825181102841337,0.7341911993915137,0.7341911993915137
uk_ftse100,equities_indices,monthly,as_is,0,140,0.8250175744826308,0.8250175744826308,0.7184404452122194,0.7184404452122194
japan_nikkei225,equities_indices,monthly,as_is,12,128,0.8249761104791573,0.8249761104791573,0.7879967039003846,0.7879967039003846
global_solar_capacity_mw,energy_transition,annual,repeat_within_year,2,132,0.8242655267524708,0.8242655267524708,0.8460016342094546,0.8460016342094546
poland_wig20_kghm,equities_companies,monthly,as_is,3,137,0.8242273612337485,0.8242273612337485,0.8016129333358224,0.8016129333358224
turkey_exports_usd,turkey,monthly,as_is,2,138,0.8241749496693022,0.8241749496693022,0.8204658107852022,0.8204658107852022
turkey_ppi_household_appliances_index,turkey,monthly,as_is,2,138,0.8237840385900325,0.8237840385900325,0.8654532419763965,0.8654532419763965
turkey_ppi_motor_vehicles_index,turkey,monthly,as_is,6,134,0.822816633175735,0.822816633175735,0.8746567912318111,0.8746567912318111
indonesia_exports,macro_fred,monthly,as_is,3,137,0.822586485852454,0.822586485852454,0.8446524912726119,0.8446524912726119
euro_area_hicp,macro_fred,monthly,as_is,2,138,0.8218682193983343,0.8218682193983343,0.8552859747771253,0.8552859747771253
us_cpi_index,macro_fred,monthly,as_is,12,128,0.8217527599455283,0.8217527599455283,0.851675517304523,0.851675517304523
germany_dax_aurubis,equities_companies,monthly,as_is,3,137,0.8215275318378098,0.8215275318378098,0.797631937573506,0.797631937573506
turkey_imports_usd,turkey,monthly,as_is,0,139,0.8210354761172558,0.8210354761172558,0.8211135439474507,0.8211135439474507
turkey_ppi_household_appliances_index,turkey,monthly,as_is,3,137,0.8210346521365272,0.8210346521365272,0.8661442679261484,0.8661442679261484
turkey_ppi_electrical_equipment_index,turkey,monthly,as_is,6,134,0.8204428283691775,0.8204428283691775,0.8753550543024228,0.8753550543024228
usa_ev_stock_units,energy_transition,annual,repeat_within_year,6,132,0.820248836296114,0.820248836296114,0.860084895658839,0.860084895658839
south_korea_kospi,equities_indices,monthly,as_is,0,140,0.8201386682646281,0.8201386682646281,0.9395552251208154,0.9395552251208154
usa_ev_sales_units,energy_transition,annual,repeat_within_year,1,132,0.8198302581770682,0.8198302581770682,0.8429209207674018,0.8429209207674018
source_value_10000_ton,china,monthly,as_is,0,115,0.8196176539376776,0.8196176539376776,0.8103789423878074,0.8103789423878074
china_refined_copper_production_ton,china,monthly,as_is,0,115,0.8196176539376775,0.8196176539376775,0.8103789423878074,0.8103789423878074
us_ppi,macro_fred,monthly,as_is,3,137,0.8194096037108277,0.8194096037108277,0.8012209152275359,0.8012209152275359
global_ev_stock_units,energy_transition,annual,repeat_within_year,6,132,0.8192275085641677,0.8192275085641677,0.860084895658839,0.860084895658839
turkey_cpi_index,turkey,monthly,as_is,6,134,0.8191622470966967,0.8191622470966967,0.8744173867504582,0.8744173867504582
japan_ppi,global_macro,monthly,as_is,3,137,0.8186427436421301,0.8186427436421301,0.7869089324056742,0.7869089324056742
global_solar_capacity_mw,energy_transition,annual,repeat_within_year,1,132,0.818117061994312,0.818117061994312,0.8441154831224834,0.8441154831224834
world_copper_mine_production_ton,usgs,annual,repeat_within_year,1,120,0.816643647818639,0.816643647818639,0.8026980133452665,0.8026980133452665
turkey_cpi_index,turkey,monthly,as_is,12,128,0.8164195415173804,0.8164195415173804,0.8602133308917781,0.8602133308917781
turkey_usd_try_monthly_average,turkey,monthly,as_is,12,128,0.8160261019146412,0.8160261019146412,0.8540388665079656,0.8540388665079656
euro_area_hicp,macro_fred,monthly,as_is,3,137,0.8158193577980677,0.8158193577980677,0.8530201397567145,0.8530201397567145
turkey_domestic_ppi_index,turkey,monthly,as_is,6,134,0.8156995567063302,0.8156995567063302,0.876522151149017,0.876522151149017
canada_tsx_composite_first_quantum_minerals,equities_companies,monthly,as_is,1,139,0.815648844815472,0.815648844815472,0.8180079538853388,0.8180079538853388
china_ev_sales_units,energy_transition,annual,repeat_within_year,12,128,0.8154429935091233,0.8154429935091233,0.8572391863956415,0.8572391863956415
china_ev_sales_units,energy_transition,annual,repeat_within_year,0,132,0.8149784963158948,0.8149784963158948,0.8525402913109545,0.8525402913109545
australia_asx200_rio_tinto,equities_companies,monthly,as_is,6,134,0.8146617019299418,0.8146617019299418,0.8226611304380355,0.8226611304380355
silver_usd_per_troy_ounce,commodities,monthly,as_is,6,134,0.8146524278059585,0.8146524278059585,0.8589021957057245,0.8589021957057245
turkey_ppi_motor_vehicles_index,turkey,monthly,as_is,12,128,0.8142052462443744,0.8142052462443744,0.8602133308917781,0.8602133308917781
china_csi300_jiangxi_copper,equities_companies,monthly,as_is,2,138,0.8140466915616632,0.8140466915616632,0.7941592140441882,0.7941592140441882
india_nifty50,equities_indices,monthly,as_is,12,128,0.8139131980851706,0.8139131980851706,0.7758881157297198,0.7758881157297198
china_ev_sales_units,energy_transition,annual,repeat_within_year,1,132,0.8139071357619739,0.8139071357619739,0.8537977253689353,0.8537977253689353
turkey_ppi_household_appliances_index,turkey,monthly,as_is,6,134,0.8136353976142473,0.8136353976142473,0.8745121510243271,0.8745121510243271
canada_tsx_composite_teck_resources,equities_companies,monthly,as_is,2,138,0.8130517003001919,0.8130517003001919,0.763651598556128,0.763651598556128
australia_asx200_bhp,equities_companies,monthly,as_is,3,137,0.8129967030191526,0.8129967030191526,0.7799904792129483,0.7799904792129483
china_ev_sales_units,energy_transition,annual,repeat_within_year,2,132,0.8127769980778354,0.8127769980778354,0.8563125934848967,0.8563125934848967
japan_cpi,global_macro,monthly,as_is,12,128,0.8116530375693123,0.8116530375693123,0.757023590078836,0.757023590078836
global_solar_capacity_mw,energy_transition,annual,repeat_within_year,0,132,0.8114679108734169,0.8114679108734169,0.8400916941369451,0.8400916941369451
turkey_bist100,equities_indices,monthly,as_is,0,140,0.8113462461556662,0.8113462461556662,0.901327327195994,0.901327327195994
south_korea_kospi,equities_indices,monthly,as_is,1,139,0.811021797310587,0.811021797310587,0.9356539613030072,0.9356539613030072
china_ev_sales_units,energy_transition,annual,repeat_within_year,3,132,0.8103998929083549,0.8103998929083549,0.8603363824704352,0.8603363824704352
rest_of_world_ev_stock_units,energy_transition,annual,repeat_within_year,6,132,0.8095992273947171,0.8095992273947171,0.860084895658839,0.860084895658839
turkey_imports_usd,turkey,monthly,as_is,1,139,0.8095984300880928,0.8095984300880928,0.8051164037713928,0.8051164037713928
usa_ev_sales_units,energy_transition,annual,repeat_within_year,2,132,0.8095902258071386,0.8095902258071386,0.833553037035445,0.833553037035445
usa_sp500_freeport_mcmoran,equities_companies,monthly,as_is,6,134,0.8090245132994327,0.8090245132994327,0.7601765608049976,0.7601765608049976
turkey_ppi_wire_cable_index,turkey,monthly,as_is,12,128,0.80802407674037,0.80802407674037,0.8488470072554454,0.8488470072554454
turkey_ppi_electrical_equipment_index,turkey,monthly,as_is,12,128,0.807552223292997,0.807552223292997,0.8583764420435817,0.8583764420435817
world_copper_mine_production_ton,usgs,annual,repeat_within_year,2,120,0.8074667284699697,0.8074667284699697,0.8008019758353963,0.8008019758353963
china_ev_stock_units,energy_transition,annual,repeat_within_year,6,132,0.8066166481010143,0.8066166481010143,0.860084895658839,0.860084895658839
uk_ftse100,equities_indices,monthly,as_is,1,139,0.8065102653845669,0.8065102653845669,0.6852585012735153,0.6852585012735153
japan_cpi,global_macro,monthly,as_is,1,139,0.8060240811424726,0.8060240811424726,0.7726530073964402,0.7726530073964402
turkey_bist100,equities_indices,monthly,as_is,1,139,0.8058734611292543,0.8058734611292543,0.9000402162741854,0.9000402162741854
south_korea_kospi,equities_indices,monthly,as_is,2,138,0.8058716303079019,0.8058716303079019,0.9200208224407462,0.9200208224407462
chile_ipsa,equities_indices,monthly,as_is,0,140,0.8055941125347414,0.8055941125347414,0.7009643349150468,0.7009643349150468
usa_ev_stock_units,energy_transition,annual,repeat_within_year,3,132,0.8055214161278592,0.8055214161278592,0.848390758919618,0.848390758919618
global_ev_stock_units,energy_transition,annual,repeat_within_year,3,132,0.8050625639972894,0.8050625639972894,0.848390758919618,0.848390758919618
china_ev_sales_units,energy_transition,annual,repeat_within_year,6,132,0.8047688432761426,0.8047688432761426,0.8711503153690697,0.8711503153690697
turkey_ppi_household_appliances_index,turkey,monthly,as_is,12,128,0.8042992469704335,0.8042992469704335,0.8600187694561434,0.8600187694561434
euro_area_hicp,macro_fred,monthly,as_is,6,134,0.8039524979960074,0.8039524979960074,0.8483717195829362,0.8483717195829362
japan_cpi,global_macro,monthly,as_is,2,138,0.8033191267578234,0.8033191267578234,0.7624127310780557,0.7624127310780557
usd_cdf,global_macro,monthly,as_is,6,134,0.8029553645836655,0.8029553645836655,0.8533448047980648,0.8533448047980648
usa_ev_stock_units,energy_transition,annual,repeat_within_year,2,132,0.8019102576388957,0.8019102576388957,0.8460016342094546,0.8460016342094546
usa_sp500_southern_copper,equities_companies,monthly,as_is,12,128,0.8016383005062252,0.8016383005062252,0.7912985259110054,0.7912985259110054
turkey_exports_usd,turkey,monthly,as_is,3,137,0.8016264655523682,0.8016264655523682,0.7936322736012842,0.7936322736012842
global_ev_stock_units,energy_transition,annual,repeat_within_year,2,132,0.8015771561197637,0.8015771561197637,0.8460016342094546,0.8460016342094546
usd_idr,macro_fred,monthly,as_is,1,139,0.8015670487995304,0.8015670487995304,0.7372492068457035,0.7372492068457035
japan_cpi,global_macro,monthly,as_is,6,134,0.8013174816529162,0.8013174816529162,0.7396535323003431,0.7396535323003431
turkey_bist100,equities_indices,monthly,as_is,2,138,0.801200631129549,0.801200631129549,0.8955818525122775,0.8955818525122775
china_csi300_jiangxi_copper,equities_companies,monthly,as_is,3,137,0.8011861088689866,0.8011861088689866,0.7700403233333954,0.7700403233333954
usa_ev_sales_units,energy_transition,annual,repeat_within_year,3,132,0.8006875807784989,0.8006875807784989,0.8251282288469738,0.8251282288469738
japan_cpi,global_macro,monthly,as_is,3,137,0.8004153937192487,0.8004153937192487,0.7529212633270661,0.7529212633270661
japan_cpi,global_macro,monthly,as_is,0,139,0.8003158888880926,0.8003158888880926,0.776465984054289,0.776465984054289
turkey_ppi_basic_metals_index,turkey,monthly,as_is,12,128,0.8001512549130554,0.8001512549130554,0.8288145486174693,0.8288145486174693
chile_ipsa,equities_indices,monthly,as_is,1,139,0.7999638268053122,0.7999638268053122,0.6839313642253898,0.6839313642253898
turkey_domestic_ppi_index,turkey,monthly,as_is,12,128,0.7999046982651118,0.7999046982651118,0.8564823292437281,0.8564823292437281
world_copper_mine_production_ton,usgs,annual,repeat_within_year,3,120,0.7995224338533945,0.7995224338533945,0.7992008774937281,0.7992008774937281
usd_idr,macro_fred,monthly,as_is,2,138,0.7990706329653352,0.7990706329653352,0.739436378539187,0.739436378539187
rest_of_world_ev_sales_units,energy_transition,annual,repeat_within_year,6,132,0.7981009009545732,0.7981009009545732,0.8284592845164593,0.8284592845164593
usa_ev_stock_units,energy_transition,annual,repeat_within_year,1,132,0.7974629963551058,0.7974629963551058,0.8441154831224834,0.8441154831224834
usd_idr,macro_fred,monthly,as_is,3,137,0.796883782709707,0.796883782709707,0.7414312916534433,0.7414312916534433
australia_asx200,equities_indices,monthly,as_is,12,128,0.7964794044328408,0.7964794044328408,0.7296797747665262,0.7296797747665262
global_ev_stock_units,energy_transition,annual,repeat_within_year,1,132,0.7962631086885498,0.7962631086885498,0.8441154831224834,0.8441154831224834
turkey_bist100,equities_indices,monthly,as_is,3,137,0.7962085973669141,0.7962085973669141,0.8901889222842421,0.8901889222842421
usd_idr,macro_fred,monthly,as_is,6,134,0.7960346199178662,0.7960346199178662,0.7514582476090724,0.7514582476090724
icsg_refined_usage_ton,icsg,annual,repeat_within_year,0,92,0.7951805704413312,0.7951805704413312,0.7624062648703822,0.7624062648703822
turkey_imports_usd,turkey,monthly,as_is,2,138,0.7936683277915134,0.7936683277915134,0.7871727372148615,0.7871727372148615
world_copper_refinery_production_ton,usgs,annual,repeat_within_year,6,96,0.7933456414962246,0.7933456414962246,0.7319582152363844,0.7319582152363844
usd_idr,macro_fred,monthly,as_is,12,128,0.7933441307641119,0.7933441307641119,0.7275109869987182,0.7275109869987182
usd_idr,macro_fred,monthly,as_is,0,139,0.7929323245438704,0.7929323245438704,0.7318915054291969,0.7318915054291969
usa_ev_stock_units,energy_transition,annual,repeat_within_year,0,132,0.7928978732603911,0.7928978732603911,0.8400916941369451,0.8400916941369451
euro_area_hicp,macro_fred,monthly,as_is,12,128,0.7927036452787295,0.7927036452787295,0.8274174927974727,0.8274174927974727
china_ev_stock_units,energy_transition,annual,repeat_within_year,3,132,0.7903355185276427,0.7903355185276427,0.848390758919618,0.848390758919618
global_ev_stock_units,energy_transition,annual,repeat_within_year,0,132,0.7903312410327706,0.7903312410327706,0.8400916941369451,0.8400916941369451
chile_copper_fuel_consumption_tj,chile_cochilco,annual,repeat_within_year,12,120,0.7898060337983146,0.7898060337983146,0.7689643824402972,0.7689643824402972
japan_10y_yield,macro_fred,monthly,as_is,2,138,0.7896956772507714,0.7896956772507714,0.6554022828556969,0.6554022828556969
china_electricity_generation_100m_kwh,china,monthly,as_is,12,107,0.7893453923768472,0.7893453923768472,0.7922275122945198,0.7922275122945198
chile_ipsa,equities_indices,monthly,as_is,2,138,0.7890353047863058,0.7890353047863058,0.6600142925963892,0.6600142925963892
indonesia_exports,macro_fred,monthly,as_is,6,134,0.7888858316290517,0.7888858316290517,0.7979875060786296,0.7979875060786296
uk_ftse100_antofagasta,equities_companies,monthly,as_is,12,128,0.7884058348343,0.7884058348343,0.7926947903314411,0.7926947903314411
icsg_refined_usage_ton,icsg,annual,repeat_within_year,1,91,0.786883330203658,0.786883330203658,0.7539096807532897,0.7539096807532897
rest_of_world_ev_stock_units,energy_transition,annual,repeat_within_year,3,132,0.7862611328340678,0.7862611328340678,0.848390758919618,0.848390758919618
china_ev_stock_units,energy_transition,annual,repeat_within_year,2,132,0.7861370738664017,0.7861370738664017,0.8460016342094546,0.8460016342094546
china_electricity_generation_100m_kwh,china,monthly,as_is,3,114,0.7857535446076761,0.7857535446076761,0.8232680585650353,0.8232680585650353
canada_tsx_composite_teck_resources,equities_companies,monthly,as_is,3,137,0.78554994150618,0.78554994150618,0.7360688483581309,0.7360688483581309
peru_mining_employment,peru_mining,annual,repeat_within_year,0,72,0.784792347851675,0.784792347851675,0.5846214160032224,0.5846214160032224
japan_ppi,global_macro,monthly,as_is,6,134,0.7841940283104789,0.7841940283104789,0.7301218779046842,0.7301218779046842
indonesia_jakarta_composite,equities_indices,monthly,as_is,3,137,0.7837070777830251,0.7837070777830251,0.7636791308081468,0.7636791308081468
japan_10y_yield,macro_fred,monthly,as_is,1,138,0.7835899928743846,0.7835899928743846,0.6665083580016183,0.6665083580016183
rest_of_world_ev_sales_units,energy_transition,annual,repeat_within_year,3,132,0.7828936112239573,0.7828936112239573,0.8485610957099446,0.8485610957099446
uk_ftse100,equities_indices,monthly,as_is,2,138,0.7825264759983582,0.7825264759983582,0.6453974871515038,0.6453974871515038
world_copper_mine_production_ton,usgs,annual,repeat_within_year,12,116,0.782254527064504,0.782254527064504,0.7966963618363924,0.7966963618363924
usa_nyse_hecla_mining,equities_companies,monthly,as_is,0,140,0.78220754868032,0.78220754868032,0.6861822396186396,0.6861822396186396
rest_of_world_ev_sales_units,energy_transition,annual,repeat_within_year,2,132,0.7800344365970088,0.7800344365970088,0.8539488852304555,0.8539488852304555
rest_of_world_ev_stock_units,energy_transition,annual,repeat_within_year,2,132,0.7798280436482541,0.7798280436482541,0.8460016342094546,0.8460016342094546
icsg_mine_production_ton,icsg,annual,repeat_within_year,0,92,0.7797535782696388,0.7797535782696388,0.759982376036116,0.759982376036116
japan_10y_yield,macro_fred,monthly,as_is,3,137,0.779628946368795,0.779628946368795,0.6327550070811913,0.6327550070811913
china_ev_stock_units,energy_transition,annual,repeat_within_year,1,132,0.7795035529999601,0.7795035529999601,0.8441154831224834,0.8441154831224834
canada_tsx_composite_first_quantum_minerals,equities_companies,monthly,as_is,2,138,0.7790591608575295,0.7790591608575295,0.7749121553281016,0.7749121553281016
turkey_exports_usd,turkey,monthly,as_is,6,134,0.7785711839710219,0.7785711839710219,0.7687203082332699,0.7687203082332699
chile_ipsa,equities_indices,monthly,as_is,3,137,0.7780570629035873,0.7780570629035873,0.6372440121716728,0.6372440121716728
usa_ev_sales_units,energy_transition,annual,repeat_within_year,6,132,0.7777025656540245,0.7777025656540245,0.7894171016003204,0.7894171016003204
usa_nyse_hecla_mining,equities_companies,monthly,as_is,1,139,0.7775898683162881,0.7775898683162881,0.687555297377005,0.687555297377005
germany_exports,macro_fred,monthly,as_is,6,134,0.7775832523758872,0.7775832523758872,0.776825147445729,0.776825147445729
japan_10y_yield,macro_fred,monthly,as_is,0,138,0.7775807839656403,0.7775807839656403,0.6699927064129414,0.6699927064129414
world_copper_mine_production_ton,usgs,annual,repeat_within_year,6,120,0.7767595661994269,0.7767595661994269,0.7835269674121346,0.7835269674121346
icsg_refined_usage_ton,icsg,annual,repeat_within_year,2,90,0.7756557182990408,0.7756557182990408,0.7383561327434062,0.7383561327434062
canada_tsx_composite_hudbay_minerals,equities_companies,monthly,as_is,0,140,0.7755191416853421,0.7755191416853421,0.6692571778443508,0.6692571778443508
china_electricity_generation_100m_kwh,china,monthly,as_is,2,115,0.7753613105061848,0.7753613105061848,0.8107867119072043,0.8107867119072043
chile_copper_fuel_consumption_tj,chile_cochilco,annual,repeat_within_year,0,120,0.7748880486210038,0.7748880486210038,0.81017236372345,0.81017236372345
rest_of_world_ev_sales_units,energy_transition,annual,repeat_within_year,1,132,0.7747372117792513,0.7747372117792513,0.8598723029489121,0.8598723029489121
turkey_bist100,equities_indices,monthly,as_is,6,134,0.7742467242948717,0.7742467242948717,0.8726866918540133,0.8726866918540133
canada_tsx_composite_lundin_mining,equities_companies,monthly,as_is,12,128,0.7740428457337607,0.7740428457337607,0.7923457242263321,0.7923457242263321
usa_ev_sales_units,energy_transition,annual,repeat_within_year,12,128,0.773216327295222,0.773216327295222,0.7430417692392435,0.7430417692392435
icsg_mine_production_ton,icsg,annual,repeat_within_year,1,91,0.772756922165889,0.772756922165889,0.7560293667466534,0.7560293667466534
peru_mining_employment,peru_mining,annual,repeat_within_year,1,72,0.7726798489142196,0.7726798489142196,0.5846214160032224,0.5846214160032224
china_ev_stock_units,energy_transition,annual,repeat_within_year,0,132,0.7719971740564066,0.7719971740564066,0.8400916941369451,0.8400916941369451
peru_bvl_general,equities_indices,monthly,as_is,12,128,0.7716136025051661,0.7716136025051661,0.6847189159494597,0.6847189159494597
rest_of_world_ev_stock_units,energy_transition,annual,repeat_within_year,1,132,0.7705079174449441,0.7705079174449441,0.8441154831224834,0.8441154831224834
chile_copper_fuel_consumption_tj,chile_cochilco,annual,repeat_within_year,1,120,0.7696136153765794,0.7696136153765794,0.8081622182950037,0.8081622182950037
usa_nyse_hecla_mining,equities_companies,monthly,as_is,2,138,0.7695241141520022,0.7695241141520022,0.6821335695645323,0.6821335695645323
tin_cash_usd_per_ton,other_metals,daily,monthly_mean,6,134,0.7691791225057094,0.7691791225057094,0.781383807778152,0.781383807778152
china_electricity_generation_100m_kwh,china,monthly,as_is,1,115,0.768915598756308,0.768915598756308,0.7991872484810227,0.7991872484810227
indonesia_jakarta_composite,equities_indices,monthly,as_is,2,138,0.7685101820083035,0.7685101820083035,0.770747667178856,0.770747667178856
rest_of_world_ev_sales_units,energy_transition,annual,repeat_within_year,0,132,0.768392180066382,0.768392180066382,0.8638422531219201,0.8638422531219201
euro_area_ppi,global_macro,monthly,as_is,0,138,0.7681119996694856,0.7681119996694856,0.7975288983903377,0.7975288983903377
china_electricity_generation_100m_kwh,china,monthly,as_is,0,115,0.7672644190170707,0.7672644190170707,0.7937899471316975,0.7937899471316975
korea_exports,macro_fred,monthly,as_is,6,134,0.7659386487922454,0.7659386487922454,0.7466452200152122,0.7466452200152122
turkey_imports_usd,turkey,monthly,as_is,3,137,0.7655242136481322,0.7655242136481322,0.7599874922993634,0.7599874922993634
us_ppi,macro_fred,monthly,as_is,6,134,0.7654930537631761,0.7654930537631761,0.7459537644910185,0.7459537644910185
usa_nyse_hecla_mining,equities_companies,monthly,as_is,3,137,0.7650432299118031,0.7650432299118031,0.6818890361603226,0.6818890361603226
chile_copper_fuel_consumption_tj,chile_cochilco,annual,repeat_within_year,2,120,0.7634793597466981,0.7634793597466981,0.7987815396289201,0.7987815396289201
icsg_mine_production_ton,icsg,annual,repeat_within_year,2,90,0.7625627719457688,0.7625627719457688,0.749513160113517,0.749513160113517
canada_tsx_composite_hudbay_minerals,equities_companies,monthly,as_is,1,139,0.7610302430715875,0.7610302430715875,0.6466642834800481,0.6466642834800481
world_copper_reserves_ton,usgs,annual,repeat_within_year,0,96,0.7601740360396368,0.7601740360396368,0.727109352012701,0.727109352012701
rest_of_world_ev_stock_units,energy_transition,annual,repeat_within_year,0,132,0.7599352192089399,0.7599352192089399,0.8400916941369451,0.8400916941369451
icsg_refined_usage_ton,icsg,annual,repeat_within_year,3,89,0.7598065010709173,0.7598065010709173,0.7145174709850307,0.7145174709850307
usd_cdf,global_macro,monthly,as_is,3,137,0.7590469754696901,0.7590469754696901,0.8318180969626822,0.8318180969626822
uk_ftse100,equities_indices,monthly,as_is,3,137,0.7582871622560086,0.7582871622560086,0.609414378255269,0.609414378255269
canada_tsx_composite_capstone_copper,equities_companies,monthly,as_is,12,128,0.7582843118160686,0.7582843118160686,0.7041846505120889,0.7041846505120889
chile_copper_fuel_consumption_tj,chile_cochilco,annual,repeat_within_year,3,120,0.757704306598827,0.757704306598827,0.7906572018556155,0.7906572018556155
peru_mining_employment,peru_mining,annual,repeat_within_year,2,72,0.7548417029810589,0.7548417029810589,0.5752299073124076,0.5752299073124076
indonesia_jakarta_composite,equities_indices,monthly,as_is,1,139,0.7529052706090978,0.7529052706090978,0.773846016354618,0.773846016354618
usa_nyse_mp_materials,equities_companies,monthly,as_is,2,73,0.7515359550949395,0.7515359550949395,0.6082623719610023,0.6082623719610023
euro_area_ppi,global_macro,monthly,as_is,1,138,0.7513649804097225,0.7513649804097225,0.7665886927242814,0.7665886927242814
indonesia_jakarta_composite,equities_indices,monthly,as_is,6,134,0.7513191386830598,0.7513191386830598,0.6884050923328221,0.6884050923328221
usa_nyse_mp_materials,equities_companies,monthly,as_is,3,72,0.7510864155855151,0.7510864155855151,0.5574313460672713,0.5574313460672713
germany_dax_aurubis,equities_companies,monthly,as_is,6,134,0.750739892659492,0.750739892659492,0.7275477250339781,0.7275477250339781
chile_copper_fuel_consumption_tj,chile_cochilco,annual,repeat_within_year,6,120,0.7501481252681145,0.7501481252681145,0.7709745278687438,0.7709745278687438
world_copper_refinery_production_ton,usgs,annual,repeat_within_year,3,96,0.7494880766436415,0.7494880766436415,0.7109979687121406,0.7109979687121406
japan_10y_yield,macro_fred,monthly,as_is,6,134,0.7491458922066255,0.7491458922066255,0.5624213631192224,0.5624213631192224
turkey_bist100,equities_indices,monthly,as_is,12,128,0.7490838419676951,0.7490838419676951,0.8188747482146127,0.8188747482146127
chile_sulfuric_acid_consumption_ton,chile_cochilco,annual,repeat_within_year,0,120,0.7483130516832818,0.7483130516832818,0.6950915379448891,0.6950915379448891
icsg_mine_production_ton,icsg,annual,repeat_within_year,3,89,0.7481737469558117,0.7481737469558117,0.7371853007701739,0.7371853007701739
usd_cdf,global_macro,monthly,as_is,2,138,0.7472115125003947,0.7472115125003947,0.8256348903739591,0.8256348903739591
japan_industrial_production,global_macro,monthly,as_is,12,128,-0.7467393325014379,0.7467393325014379,-0.7815292098896555,0.7815292098896555
japan_ppi,global_macro,monthly,as_is,12,128,0.7464725072735842,0.7464725072735842,0.6299108102096755,0.6299108102096755
world_copper_reserves_ton,usgs,annual,repeat_within_year,1,96,0.7460764224699035,0.7460764224699035,0.7250337943739344,0.7250337943739344
uk_ftse100_glencore,equities_companies,monthly,as_is,0,140,0.7458150281704293,0.7458150281704293,0.7397476547637272,0.7397476547637272
chile_ipsa,equities_indices,monthly,as_is,6,134,0.7441613521114677,0.7441613521114677,0.57979525929251,0.57979525929251
poland_wig20_kghm,equities_companies,monthly,as_is,6,134,0.7438692430753443,0.7438692430753443,0.7598822927966683,0.7598822927966683
canada_tsx_composite_hudbay_minerals,equities_companies,monthly,as_is,2,138,0.7434949572457481,0.7434949572457481,0.6071453849297584,0.6071453849297584
australia_asx200_bhp,equities_companies,monthly,as_is,6,134,0.7434894166240773,0.7434894166240773,0.7370690407611068,0.7370690407611068
australia_asx200_rio_tinto,equities_companies,monthly,as_is,12,128,0.7426791977610576,0.7426791977610576,0.766669337117744,0.766669337117744
indonesia_jakarta_composite,equities_indices,monthly,as_is,0,140,0.7404385061754528,0.7404385061754528,0.7843432245085392,0.7843432245085392
shfe_close_cny_per_ton,copper_market,daily,monthly_mean,12,116,0.7402356709604313,0.7402356709604313,0.6797216776227271,0.6797216776227271
shfe_settlement_cny_per_ton,copper_market,daily,monthly_mean,12,116,0.7398878261311351,0.7398878261311351,0.6802906239188098,0.6802906239188098
chile_open_pit_fuel_mj_per_ton,chile_cochilco,annual,repeat_within_year,12,120,0.7398074351141584,0.7398074351141584,0.6672845261847128,0.6672845261847128
shfe_pre_settlement_cny_per_ton,copper_market,daily,monthly_mean,12,116,0.739064936630839,0.739064936630839,0.6785607196401799,0.6785607196401799
world_copper_refinery_production_ton,usgs,annual,repeat_within_year,2,96,0.7380025197511703,0.7380025197511703,0.7076971424878503,0.7076971424878503
usd_cdf,global_macro,monthly,as_is,1,139,0.7378680415185793,0.7378680415185793,0.8211537602216361,0.8211537602216361
icsg_refined_production_ton,icsg,annual,repeat_within_year,0,92,0.7369106769433036,0.7369106769433036,0.7624062648703822,0.7624062648703822
canada_tsx_composite_first_quantum_minerals,equities_companies,monthly,as_is,3,137,0.7362306549864397,0.7362306549864397,0.7325872272107827,0.7325872272107827
world_copper_reserves_ton,usgs,annual,repeat_within_year,2,96,0.735288318344544,0.735288318344544,0.7173957422632736,0.7173957422632736
euro_area_copper_production_ppi,global_macro,monthly,as_is,12,128,0.734984324881581,0.734984324881581,0.6882170243163093,0.6882170243163093
usd_krw,macro_fred,monthly,as_is,12,128,0.7345369584211611,0.7345369584211611,0.6296866416407252,0.6296866416407252
euro_area_ppi,global_macro,monthly,as_is,2,138,0.733882798522975,0.733882798522975,0.7376807219691325,0.7376807219691325
icsg_refined_production_ton,icsg,annual,repeat_within_year,1,91,0.7333964423640271,0.7333964423640271,0.7539096807532897,0.7539096807532897
chile_sulfuric_acid_import_ton,chile_cochilco,annual,repeat_within_year,0,120,0.732043463406178,0.732043463406178,0.7319442041330745,0.7319442041330745
aluminum_cash_usd_per_ton,other_metals,daily,monthly_mean,6,134,0.7316763972637627,0.7316763972637627,0.7782665619272062,0.7782665619272062
world_copper_reserves_ton,usgs,annual,repeat_within_year,3,96,0.7297654248761279,0.7297654248761279,0.708429333263802,0.708429333263802
icsg_refined_production_ton,icsg,annual,repeat_within_year,2,90,0.7282042650077142,0.7282042650077142,0.7383561327434062,0.7383561327434062
peru_mining_employment,peru_mining,annual,repeat_within_year,3,72,0.7279618790408803,0.7279618790408803,0.548229319826315,0.548229319826315
usd_cdf,global_macro,monthly,as_is,0,140,0.7278747235436128,0.7278747235436128,0.8156917626992631,0.8156917626992631
world_copper_reserves_ton,usgs,annual,repeat_within_year,12,92,0.7273048506319654,0.7273048506319654,0.6999871005292285,0.6999871005292285
canada_tsx_composite_hudbay_minerals,equities_companies,monthly,as_is,3,137,0.7267714504367538,0.7267714504367538,0.5680456251050087,0.5680456251050087
usd_krw,macro_fred,monthly,as_is,1,139,0.7264361212002465,0.7264361212002465,0.5609097814915768,0.5609097814915768
usa_nyse_mp_materials,equities_companies,monthly,as_is,0,75,0.7254521112690038,0.7254521112690038,0.6741678520625889,0.6741678520625889
world_copper_refinery_production_ton,usgs,annual,repeat_within_year,1,96,0.7250400306728163,0.7250400306728163,0.7003528041388043,0.7003528041388043
usd_krw,macro_fred,monthly,as_is,0,140,0.7250257257065035,0.7250257257065035,0.566158623253373,0.566158623253373
dollar_index,macro_fred,monthly,as_is,12,128,0.7246376968461954,0.7246376968461954,0.7069218091924556,0.7069218091924556
usa_nyse_mp_materials,equities_companies,monthly,as_is,1,74,0.7245749920171083,0.7245749920171083,0.6363717141799332,0.6363717141799332
usd_krw,macro_fred,monthly,as_is,2,138,0.724552395299186,0.724552395299186,0.5600711433392163,0.5600711433392163
usd_jpy,macro_fred,monthly,as_is,0,140,0.7239331315407946,0.7239331315407946,0.6129102796789925,0.6129102796789925
turkey_imports_usd,turkey,monthly,as_is,6,134,0.723114663862863,0.723114663862863,0.7186049701367848,0.7186049701367848
boj_call_rate,global_macro,monthly,as_is,0,140,0.7228568843033412,0.7228568843033412,0.49801228925674057,0.49801228925674057
icsg_refined_production_ton,icsg,annual,repeat_within_year,3,89,0.7195132313668403,0.7195132313668403,0.7145174709850307,0.7145174709850307
usa_nyse_hecla_mining,equities_companies,monthly,as_is,6,134,0.7189014742389378,0.7189014742389378,0.6906544969388646,0.6906544969388646
euro_area_ppi,global_macro,monthly,as_is,3,137,0.718226444044424,0.718226444044424,0.7122571594692307,0.7122571594692307
chile_sulfuric_acid_consumption_ton,chile_cochilco,annual,repeat_within_year,1,120,0.7180267243894068,0.7180267243894068,0.6590764323518896,0.6590764323518896
china_csi300_jiangxi_copper,equities_companies,monthly,as_is,6,134,0.7170250741213992,0.7170250741213992,0.6769485903814263,0.6769485903814263
usd_krw,macro_fred,monthly,as_is,3,137,0.7169758149534431,0.7169758149534431,0.5567793604271286,0.5567793604271286
icsg_refined_production_ton,icsg,annual,repeat_within_year,12,80,0.7168398639780075,0.7168398639780075,0.5231285210817392,0.5231285210817392
zinc_cash_usd_per_ton,other_metals,daily,monthly_mean,0,140,0.7135277031794359,0.7135277031794359,0.7592661433163501,0.7592661433163501
chile_sulfuric_acid_import_ton,chile_cochilco,annual,repeat_within_year,1,120,0.7126340612604511,0.7126340612604511,0.7154442604079098,0.7154442604079098
peru_diesel_price_index,peru_cost_drivers,monthly,as_is,0,139,0.7125360570569323,0.7125360570569323,0.7274702672190567,0.7274702672190567
boj_call_rate,global_macro,monthly,as_is,1,139,0.7125354315676785,0.7125354315676785,0.4864158362750793,0.4864158362750793
world_copper_refinery_production_ton,usgs,annual,repeat_within_year,0,96,0.7120592913070045,0.7120592913070045,0.6924308212005075,0.6924308212005075
usd_jpy,macro_fred,monthly,as_is,1,139,0.7080151685884801,0.7080151685884801,0.5801331605523035,0.5801331605523035
world_copper_reserves_ton,usgs,annual,repeat_within_year,6,96,0.7052060505013974,0.7052060505013974,0.689002113764947,0.689002113764947
uk_ftse100_glencore,equities_companies,monthly,as_is,1,139,0.7042711332150079,0.7042711332150079,0.6977612940703337,0.6977612940703337
usd_krw,macro_fred,monthly,as_is,6,134,0.7037160310484383,0.7037160310484383,0.5593960024439208,0.5593960024439208
icsg_refined_usage_ton,icsg,annual,repeat_within_year,6,86,0.7032831554644704,0.7032831554644704,0.6218763109890386,0.6218763109890386
canada_tsx_composite_teck_resources,equities_companies,monthly,as_is,6,134,0.7014589701903572,0.7014589701903572,0.6639209965211537,0.6639209965211537
global_economic_policy_uncertainty_index,risk,monthly,as_is,12,128,0.7013339605594784,0.7013339605594784,0.6231917231276323,0.6231917231276323
global_economic_policy_uncertainty_ppp_index,risk,monthly,as_is,12,128,0.6996811563323193,0.6996811563323193,0.6396264420435818,0.6396264420435818
icsg_mine_production_ton,icsg,annual,repeat_within_year,6,86,0.698791914722303,0.698791914722303,0.692283872496635,0.692283872496635
japan_10y_yield,macro_fred,monthly,as_is,12,128,0.6978046247277842,0.6978046247277842,0.45185114350982986,0.45185114350982986
boj_call_rate,global_macro,monthly,as_is,2,138,0.6974443937045832,0.6974443937045832,0.46367146206868204,0.46367146206868204
icsg_refined_production_ton,icsg,annual,repeat_within_year,6,86,0.6954406353692296,0.6954406353692296,0.6218763109890386,0.6218763109890386
peru_diesel_price_index,peru_cost_drivers,monthly,as_is,1,139,0.6945907332347176,0.6945907332347176,0.7075553521291809,0.7075553521291809
turkey_exports_usd,turkey,monthly,as_is,12,128,0.6928000853286725,0.6928000853286725,0.6723413752060061,0.6723413752060061
usd_jpy,macro_fred,monthly,as_is,2,138,0.6926446825143683,0.6926446825143683,0.5486644641760409,0.5486644641760409
baltic_dry_index,shipping,daily,monthly_mean,0,140,0.6921514159929418,0.6921514159929418,0.7679779580590848,0.7679779580590848
platinum_usd_per_troy_ounce,commodities,monthly,as_is,1,139,0.6900812407327069,0.6900812407327069,0.4623541558144229,0.4623541558144229
indonesia_exports,macro_fred,monthly,as_is,12,128,0.689491520474024,0.689491520474024,0.6438381248855521,0.6438381248855521
usa_sp500_freeport_mcmoran,equities_companies,monthly,as_is,12,128,0.6880224084830573,0.6880224084830573,0.6239814136605017,0.6239814136605017
wti_usd_per_barrel,commodities,monthly,as_is,0,139,0.6868769997219868,0.6868769997219868,0.7579272163008173,0.7579272163008173
chile_sulfuric_acid_import_ton,chile_cochilco,annual,repeat_within_year,2,120,0.6862581604784825,0.6862581604784825,0.6826118850766173,0.6826118850766173
uk_ftse100,equities_indices,monthly,as_is,6,134,0.6852937447967149,0.6852937447967149,0.5489320315714661,0.5489320315714661
boj_call_rate,global_macro,monthly,as_is,3,137,0.6845700030071896,0.6845700030071896,0.4433419829372561,0.4433419829372561
icsg_mine_production_ton,icsg,annual,repeat_within_year,12,80,0.6840013064927016,0.6840013064927016,0.6644300835695784,0.6644300835695784
platinum_usd_per_troy_ounce,commodities,monthly,as_is,0,139,0.6837991758671804,0.6837991758671804,0.4865360641928407,0.4865360641928407
chile_sulfuric_acid_consumption_ton,chile_cochilco,annual,repeat_within_year,2,120,0.6821061188216626,0.6821061188216626,0.6118380147833974,0.6118380147833974
us_ppi,macro_fred,monthly,as_is,12,128,0.6803871215294354,0.6803871215294354,0.6065682591987221,0.6065682591987221
platinum_usd_per_troy_ounce,commodities,monthly,as_is,2,138,0.6782246194713948,0.6782246194713948,0.42956561469517285,0.42956561469517285
chile_concentrator_electricity_mj_per_ton,chile_cochilco,annual,repeat_within_year,0,120,0.6767007530404551,0.6767007530404551,0.6556424339116269,0.6556424339116269
usd_jpy,macro_fred,monthly,as_is,3,137,0.6766704532780125,0.6766704532780125,0.5170720779584445,0.5170720779584445
euro_area_ppi,global_macro,monthly,as_is,6,134,0.6758090159644722,0.6758090159644722,0.6630020186320007,0.6630020186320007
icsg_refined_usage_ton,icsg,annual,repeat_within_year,12,80,0.6742622690323018,0.6742622690323018,0.5231285210817392,0.5231285210817392
chile_average_copper_ore_grade_pct,chile_cochilco,annual,repeat_within_year,0,120,-0.6739875912105564,0.6739875912105564,-0.7343731298591141,0.7343731298591141
baltic_dry_index,shipping,daily,monthly_mean,1,139,0.6737738911790728,0.6737738911790728,0.7560972340140308,0.7560972340140308
chile_concentrator_electricity_mj_per_ton,chile_cochilco,annual,repeat_within_year,1,120,0.6718814220854066,0.6718814220854066,0.6650231125777104,0.6650231125777104
poland_wig20,equities_indices,monthly,as_is,0,140,0.6711800145802642,0.6711800145802642,0.48660645951324055,0.48660645951324055
zinc_cash_usd_per_ton,other_metals,daily,monthly_mean,1,139,0.6709925895715844,0.6709925895715844,0.720577326958309,0.720577326958309
platinum_usd_per_troy_ounce,commodities,monthly,as_is,3,137,0.6702192210640362,0.6702192210640362,0.4062778575963729,0.4062778575963729
korea_10y_yield,macro_fred,monthly,as_is,0,138,0.669366572963231,0.669366572963231,0.6560872533328461,0.6560872533328461
brent_oil_usd,macro_fred,monthly,as_is,0,139,0.6665684995054845,0.6665684995054845,0.7261405782206531,0.7261405782206531
chile_concentrator_electricity_mj_per_ton,chile_cochilco,annual,repeat_within_year,2,120,0.6660683982224391,0.6660683982224391,0.6725611579343848,0.6725611579343848
chile_average_copper_ore_grade_pct,chile_cochilco,annual,repeat_within_year,1,120,-0.6636526024315592,0.6636526024315592,-0.7084925074678656,0.7084925074678656
uk_ftse100_glencore,equities_companies,monthly,as_is,2,138,0.6620925157921208,0.6620925157921208,0.6497537609392016,0.6497537609392016
peru_diesel_price_index,peru_cost_drivers,monthly,as_is,2,138,0.6620383640120718,0.6620383640120718,0.6822655614831614,0.6822655614831614
australia_asx200_bhp,equities_companies,monthly,as_is,12,128,0.6612834024188607,0.6612834024188607,0.677874931331258,0.677874931331258
is_estimate,usgs,annual,repeat_within_year,12,116,0.6604127001627146,0.6604127001627146,0.438910173575673,0.438910173575673
chile_concentrator_electricity_mj_per_ton,chile_cochilco,annual,repeat_within_year,3,120,0.6591241110913437,0.6591241110913437,0.676748960910315,0.676748960910315
chile_open_pit_fuel_mj_per_ton,chile_cochilco,annual,repeat_within_year,6,120,0.6554798332957332,0.6554798332957332,0.5210464462652313,0.5210464462652313
boj_call_rate,global_macro,monthly,as_is,6,134,0.6553776618636371,0.6553776618636371,0.40009725807054947,0.40009725807054947
chile_open_pit_fuel_mj_per_ton,chile_cochilco,annual,repeat_within_year,0,120,0.6545185954956668,0.6545185954956668,0.49524957993350155,0.49524957993350155
chile_sulfuric_acid_import_ton,chile_cochilco,annual,repeat_within_year,3,120,0.6544366021828368,0.6544366021828368,0.6490257052096572,0.6490257052096572
germany_10y_bund_yield,macro_fred,monthly,as_is,0,138,0.651776442718988,0.651776442718988,0.5125248722287142,0.5125248722287142
chile_average_copper_ore_grade_pct,chile_cochilco,annual,repeat_within_year,2,120,-0.6515360151521983,0.6515360151521983,-0.6857108592788056,0.6857108592788056
chile_sulfuric_acid_production_ton,chile_cochilco,annual,repeat_within_year,0,120,-0.6503409749642659,0.6503409749642659,-0.6240663994731135,0.6240663994731135
baltic_dry_index,shipping,daily,monthly_mean,2,138,0.6496804027779017,0.6496804027779017,0.7420620152560908,0.7420620152560908
chile_open_pit_fuel_mj_per_ton,chile_cochilco,annual,repeat_within_year,1,120,0.6477927765261803,0.6477927765261803,0.482267390708118,0.482267390708118
japan_industrial_production,global_macro,monthly,as_is,6,134,-0.6474895123764917,0.6474895123764917,-0.696416080643088,0.696416080643088
aluminum_stock_ton,other_metals,daily,month_end_last,0,140,-0.6469276979651154,0.6469276979651154,-0.7302005204347162,0.7302005204347162
peru_usd_pen,peru_cost_drivers,monthly,as_is,12,128,0.6469242121079947,0.6469242121079947,0.6962402164403451,0.6962402164403451
aluminum_stock_ton,other_metals,daily,month_end_last,6,134,-0.6461313685165297,0.6461313685165297,-0.6527537749847255,0.6527537749847255
poland_wig20,equities_indices,monthly,as_is,1,139,0.6459551479605526,0.6459551479605526,0.46894856785379146,0.46894856785379146
is_forecast,icsg,annual,repeat_within_year,12,104,-0.6454038002902643,0.6454038002902643,-0.6367022482986643,0.6367022482986643
turkey_imports_usd,turkey,monthly,as_is,12,128,0.6451261808027012,0.6451261808027012,0.6060760391869621,0.6060760391869621
chile_ipsa,equities_indices,monthly,as_is,12,128,0.6444961069871671,0.6444961069871671,0.4515084233656839,0.4515084233656839
korea_10y_yield,macro_fred,monthly,as_is,1,138,0.6440100753733096,0.6440100753733096,0.6248764238371283,0.6248764238371283
chile_open_pit_fuel_mj_per_ton,chile_cochilco,annual,repeat_within_year,2,120,0.6437254322133416,0.6437254322133416,0.4828536831247483,0.4828536831247483
chile_concentrator_electricity_mj_per_ton,chile_cochilco,annual,repeat_within_year,6,120,0.6431323662610066,0.6431323662610066,0.6847057865645823,0.6847057865645823
germany_10y_bund_yield,macro_fred,monthly,as_is,1,138,0.6425216077232223,0.6425216077232223,0.48452642021454495,0.48452642021454495
chile_sulfuric_acid_production_ton,chile_cochilco,annual,repeat_within_year,1,120,-0.6424531058881175,0.6424531058881175,-0.6112517223667671,0.6112517223667671
chile_open_pit_fuel_mj_per_ton,chile_cochilco,annual,repeat_within_year,3,120,0.6418589946776369,0.6418589946776369,0.4884653391124946,0.4884653391124946
chile_sulfuric_acid_consumption_ton,chile_cochilco,annual,repeat_within_year,3,120,0.6416572239415399,0.6416572239415399,0.5658559381076842,0.5658559381076842
aluminum_stock_ton,other_metals,daily,month_end_last,1,139,-0.6414953819276414,0.6414953819276414,-0.7110684123508646,0.7110684123508646
aluminum_stock_ton,other_metals,daily,month_end_last,3,137,-0.6396832772628407,0.6396832772628407,-0.6847452722758415,0.6847452722758415
chile_average_copper_ore_grade_pct,chile_cochilco,annual,repeat_within_year,3,120,-0.6395324999520506,0.6395324999520506,-0.6697134519107523,0.6697134519107523
wti_usd_per_barrel,commodities,monthly,as_is,1,139,0.6389176759669902,0.6389176759669902,0.7156725622942639,0.7156725622942639
aluminum_stock_ton,other_metals,daily,month_end_last,2,138,-0.6369208859719454,0.6369208859719454,-0.6911566272212314,0.6911566272212314
germany_10y_bund_yield,macro_fred,monthly,as_is,2,138,0.6366616095461389,0.6366616095461389,0.462674248296775,0.462674248296775
usd_jpy,macro_fred,monthly,as_is,6,134,0.6347825324275915,0.6347825324275915,0.43838701230688665,0.43838701230688665
global_container_import,shipping,daily,monthly_sum,6,86,0.6341833453262548,0.6341833453262548,0.637643285060616,0.637643285060616
peru_mining_employment,peru_mining,annual,repeat_within_year,6,72,0.6338945340850373,0.6338945340850373,0.4359225283986544,0.4359225283986544
euro_area_ppi,global_macro,monthly,as_is,12,128,0.6322913328441899,0.6322913328441899,0.5523350355690534,0.5523350355690534
baltic_dry_index,shipping,daily,monthly_mean,3,137,0.6312306204950481,0.6312306204950481,0.7292456176377247,0.7292456176377247
global_economic_policy_uncertainty_ppp_index,risk,monthly,as_is,6,134,0.6303456863096449,0.6303456863096449,0.602069851245028,0.602069851245028
chile_average_copper_ore_grade_pct,chile_cochilco,annual,repeat_within_year,6,120,-0.6300319970612102,0.6300319970612102,-0.6407338553173156,0.6407338553173156
is_forecast,icsg,annual,repeat_within_year,6,110,-0.6292441650469961,0.6292441650469961,-0.6986047516713392,0.6986047516713392
zinc_cash_usd_per_ton,other_metals,daily,monthly_mean,2,138,0.6289867466194957,0.6289867466194957,0.67736632655158,0.67736632655158
global_container_export,shipping,daily,monthly_sum,6,86,0.6289165643209399,0.6289165643209399,0.6162460493419502,0.6162460493419502
canada_tsx_composite_hudbay_minerals,equities_companies,monthly,as_is,6,134,0.6277523636689716,0.6277523636689716,0.4343919500243146,0.4343919500243146
chile_mining_wage_yoy_pct,chile_cochilco,annual,repeat_within_year,0,96,0.6267141838606363,0.6267141838606363,0.6768949782134187,0.6768949782134187
chile_sulfuric_acid_production_ton,chile_cochilco,annual,repeat_within_year,2,120,-0.6264791482137929,0.6264791482137929,-0.5770792500831771,0.5770792500831771
is_estimate,usgs,annual,repeat_within_year,6,120,0.6230841771668133,0.6230841771668133,0.502793317823715,0.502793317823715
aluminum_stock_ton,other_metals,daily,month_end_last,12,128,-0.6228569972553801,0.6228569972553801,-0.559346960263688,0.559346960263688
korea_10y_yield,macro_fred,monthly,as_is,2,138,0.6225938420321541,0.6225938420321541,0.5982547506900857,0.5982547506900857
peru_diesel_price_index,peru_cost_drivers,monthly,as_is,3,137,0.6225412115293767,0.6225412115293767,0.6520071730399607,0.6520071730399607
global_container_import,shipping,daily,monthly_sum,1,91,0.621241487146932,0.621241487146932,0.617948717948718,0.617948717948718
chile_concentrator_electricity_mj_per_ton,chile_cochilco,annual,repeat_within_year,12,120,0.6211441185479079,0.6211441185479079,0.6382211735317574,0.6382211735317574
germany_10y_bund_yield,macro_fred,monthly,as_is,3,137,0.620557775373101,0.620557775373101,0.430288739206263,0.430288739206263
indonesia_reer,macro_fred,monthly,as_is,1,139,-0.620066825047292,0.620066825047292,-0.4693641360203762,0.4693641360203762
chile_mining_wage_yoy_pct,chile_cochilco,annual,repeat_within_year,1,96,0.6191624916370468,0.6191624916370468,0.697401975856821,0.697401975856821
global_economic_policy_uncertainty_index,risk,monthly,as_is,6,134,0.619117567961994,0.619117567961994,0.5790969962218981,0.5790969962218981
canada_tsx_composite_first_quantum_minerals,equities_companies,monthly,as_is,6,134,0.6189872986891856,0.6189872986891856,0.6307036247334755,0.6307036247334755
brent_oil_usd,macro_fred,monthly,as_is,1,139,0.6186796102215084,0.6186796102215084,0.6810536663836632,0.6810536663836632
canada_tsx_composite_teck_resources,equities_companies,monthly,as_is,12,128,0.6164861525138979,0.6164861525138979,0.5576531312946347,0.5576531312946347
indonesia_reer,macro_fred,monthly,as_is,0,139,-0.6153196114290845,0.6153196114290845,-0.47831449126413145,0.47831449126413145
boj_call_rate,global_macro,monthly,as_is,12,128,0.614864294107649,0.614864294107649,0.3687339772935359,0.3687339772935359
uk_ftse100_glencore,equities_companies,monthly,as_is,3,137,0.6143687809681497,0.6143687809681497,0.6067728265536618,0.6067728265536618
chile_average_copper_ore_grade_pct,chile_cochilco,annual,repeat_within_year,12,120,-0.6143011830268202,0.6143011830268202,-0.5861249045111862,0.5861249045111862
poland_wig20,equities_indices,monthly,as_is,2,138,0.6130018283478452,0.6130018283478452,0.43941057880449047,0.43941057880449047
global_container_import,shipping,daily,monthly_sum,2,90,0.6117633181395208,0.6117633181395208,0.6097625221220726,0.6097625221220726
india_10y_yield,macro_fred,monthly,as_is,12,128,-0.6099296137097165,0.6099296137097165,-0.6749403081807231,0.6749403081807231
global_container_import,shipping,daily,monthly_sum,3,89,0.6086460663476211,0.6086460663476211,0.5801498127340825,0.5801498127340825
us_10y_treasury_yield,macro_fred,monthly,as_is,0,140,0.6078389870554721,0.6078389870554721,0.5375952349711961,0.5375952349711961
usd_cny,macro_fred,monthly,as_is,12,128,0.6068901054086809,0.6068901054086809,0.6039358633949826,0.6039358633949826
drc_policy_rate,global_macro,monthly,as_is,12,125,0.6062109197613482,0.6062109197613482,0.5631126397729324,0.5631126397729324
global_container_export,shipping,daily,monthly_sum,1,91,0.6059543195024869,0.6059543195024869,0.5975314540531932,0.5975314540531932
chile_sulfuric_acid_production_ton,chile_cochilco,annual,repeat_within_year,3,120,-0.6043129504269587,0.6043129504269587,-0.5428230217400682,0.5428230217400682
chile_mining_wage_yoy_pct,chile_cochilco,annual,repeat_within_year,2,96,0.6041934483335695,0.6041934483335695,0.709542118461715,0.709542118461715
global_container_export,shipping,daily,monthly_sum,2,90,0.6037709178787559,0.6037709178787559,0.5801456969996295,0.5801456969996295
south_korea_kospi,equities_indices,monthly,as_is,12,128,0.6035105199022552,0.6035105199022552,0.657091192089361,0.657091192089361
nickel_cash_usd_per_ton,other_metals,daily,monthly_mean,0,140,0.6005383283058884,0.6005383283058884,0.7650302858017538,0.7650302858017538
shfe_turnover,copper_market,daily,monthly_sum,1,61,0.598564330001495,0.598564330001495,0.5010576414595451,0.5010576414595451
tin_cash_usd_per_ton,other_metals,daily,monthly_mean,12,128,0.5975521938176573,0.5975521938176573,0.606385048525911,0.606385048525911
global_container_export,shipping,daily,monthly_sum,3,89,0.5939875383349021,0.5939875383349021,0.5446203609124959,0.5446203609124959
usa_nyse_mp_materials,equities_companies,monthly,as_is,6,69,0.5937591553336229,0.5937591553336229,0.22093533065400076,0.22093533065400076
wti_usd_per_barrel,commodities,monthly,as_is,2,138,0.5908538886614783,0.5908538886614783,0.6666354630111272,0.6666354630111272
indonesia_reer,macro_fred,monthly,as_is,2,138,-0.5894107376411282,0.5894107376411282,-0.4407713435725554,0.4407713435725554
japan_industrial_production,global_macro,monthly,as_is,3,137,-0.5893171177853499,0.5893171177853499,-0.6487153797607614,0.6487153797607614
ecb_policy_rate,global_macro,monthly,as_is,12,128,0.5878420616648053,0.5878420616648053,0.6025806960221021,0.6025806960221021
germany_exports,macro_fred,monthly,as_is,12,128,0.5867730309602485,0.5867730309602485,0.6240729719831531,0.6240729719831531
zinc_cash_usd_per_ton,other_metals,daily,monthly_mean,3,137,0.5860218140666048,0.5860218140666048,0.6389754886403943,0.6389754886403943
iron_ore_usd_per_dmtu,commodities,monthly,as_is,6,134,0.5851591789862508,0.5851591789862508,0.7324703048562518,0.7324703048562518
peru_usd_pen,peru_cost_drivers,monthly,as_is,6,134,0.5847851017290382,0.5847851017290382,0.6647713599618581,0.6647713599618581
global_economic_policy_uncertainty_ppp_index,risk,monthly,as_is,3,137,0.5845212617306927,0.5845212617306927,0.5569193720014187,0.5569193720014187
korea_10y_yield,macro_fred,monthly,as_is,3,137,0.5825349064881393,0.5825349064881393,0.5609283700785931,0.5609283700785931
germany_10y_bund_yield,macro_fred,monthly,as_is,6,134,0.5822135827544495,0.5822135827544495,0.36689530654438995,0.36689530654438995
drc_policy_rate,global_macro,monthly,as_is,6,131,0.5816634718561924,0.5816634718561924,0.6205623439501775,0.6205623439501775
iron_ore_usd_per_dmtu,commodities,monthly,as_is,0,139,0.5815546775487371,0.5815546775487371,0.7094937055671056,0.7094937055671056
us_10y_treasury_yield,macro_fred,monthly,as_is,1,139,0.5814115940368657,0.5814115940368657,0.5036263136331796,0.5036263136331796
chile_mining_wage_yoy_pct,chile_cochilco,annual,repeat_within_year,3,96,0.5807913628404663,0.5807913628404663,0.7159403017264565,0.7159403017264565
platinum_usd_per_troy_ounce,commodities,monthly,as_is,6,134,0.5804270257969356,0.5804270257969356,0.2990116740520839,0.2990116740520839
usd_jpy,macro_fred,monthly,as_is,12,128,0.5785986878727555,0.5785986878727555,0.310451382530672,0.310451382530672
iron_ore_usd_per_dmtu,commodities,monthly,as_is,3,137,0.578543904327388,0.578543904327388,0.7096187795220802,0.7096187795220802
nickel_cash_usd_per_ton,other_metals,daily,monthly_mean,1,139,0.5782697885935677,0.5782697885935677,0.747097725546271,0.747097725546271
usa_nyse_hecla_mining,equities_companies,monthly,as_is,12,128,0.5775293758804513,0.5775293758804513,0.6001247482146126,0.6001247482146126
geopolitical_threats_index,risk,monthly,as_is,1,139,0.5765047935392761,0.5765047935392761,0.5668707270208677,0.5668707270208677
poland_wig20,equities_indices,monthly,as_is,3,137,0.5753292186406226,0.5753292186406226,0.4024259338772005,0.4024259338772005
baltic_dry_index,shipping,daily,monthly_mean,6,134,0.5741023708262104,0.5741023708262104,0.6654671504632228,0.6654671504632228
geopolitical_threats_index,risk,monthly,as_is,0,140,0.5735993743326696,0.5735993743326696,0.588528569241871,0.588528569241871
peru_copper_production_ton,peru_mining,annual,repeat_within_year,6,132,0.5734435950220652,0.5734435950220652,0.43941033156137616,0.43941033156137616
iron_ore_usd_per_dmtu,commodities,monthly,as_is,2,138,0.5734182560357677,0.5734182560357677,0.7034084539892641,0.7034084539892641
shfe_turnover,copper_market,daily,monthly_sum,2,60,0.5732910869834738,0.5732910869834738,0.4732981383717701,0.4732981383717701
shfe_turnover,copper_market,daily,monthly_sum,0,62,0.5704267824965341,0.5704267824965341,0.5254715318173806,0.5254715318173806
indonesia_jakarta_composite,equities_indices,monthly,as_is,12,128,0.5699038775562568,0.5699038775562568,0.574785982420802,0.574785982420802
global_container_import,shipping,daily,monthly_sum,12,80,0.5697789617710516,0.5697789617710516,0.5732536333802157,0.5732536333802157
iron_ore_usd_per_dmtu,commodities,monthly,as_is,1,139,0.569760247724858,0.569760247724858,0.7047548402804507,0.7047548402804507
brent_oil_usd,macro_fred,monthly,as_is,2,138,0.5695585337171908,0.5695585337171908,0.62822353986059,0.62822353986059
peru_copper_production_ton,peru_mining,annual,repeat_within_year,2,132,0.5692557055314287,0.5692557055314287,0.4621698880108279,0.4621698880108279
peru_copper_production_ton,peru_mining,annual,repeat_within_year,1,132,0.5690562498460618,0.5690562498460618,0.47612740605441434,0.47612740605441434
global_container_export,shipping,daily,monthly_sum,0,92,0.568864663786641,0.568864663786641,0.5976449917543887,0.5976449917543887
global_container_import,shipping,daily,monthly_sum,0,92,0.568482444380403,0.568482444380403,0.6027464821293713,0.6027464821293713
peru_copper_production_ton,peru_mining,annual,repeat_within_year,12,128,0.5677175631491032,0.5677175631491032,0.4069317383091207,0.4069317383091207
shfe_volume_lots,copper_market,daily,monthly_sum,12,116,-0.5675044804687567,0.5675044804687567,-0.6398723715065544,0.6398723715065544
turkey_unemployment_rate_percent,turkey,monthly,as_is,0,139,-0.5670556558017079,0.5670556558017079,-0.5301952026687586,0.5301952026687586
china_csi300,equities_indices,monthly,as_is,0,140,0.5670460749344012,0.5670460749344012,0.5977520718987122,0.5977520718987122
global_economic_policy_uncertainty_index,risk,monthly,as_is,3,137,0.5668239812793829,0.5668239812793829,0.5348115444210054,0.5348115444210054
peru_copper_production_ton,peru_mining,annual,repeat_within_year,3,132,0.5663507599682093,0.5663507599682093,0.445634630148381,0.445634630148381
china_csi300,equities_indices,monthly,as_is,1,139,0.5657717438494618,0.5657717438494618,0.5754770096965904,0.5754770096965904
dollar_index,macro_fred,monthly,as_is,6,134,0.5653978778090416,0.5653978778090416,0.5701342909512588,0.5701342909512588
peru_copper_production_ton,peru_mining,annual,repeat_within_year,0,132,0.5645858175230604,0.5645858175230604,0.4751214588080297,0.4751214588080297
chile_sulfuric_acid_import_ton,chile_cochilco,annual,repeat_within_year,6,120,0.5631503305555042,0.5631503305555042,0.5558052109654517,0.5558052109654517
japan_industrial_production,global_macro,monthly,as_is,2,138,-0.5630312620821932,0.5630312620821932,-0.6268939923082879,0.6268939923082879
chile_copper_production_ton,chile_cochilco,annual,repeat_within_year,12,120,-0.5614525402134006,0.5614525402134006,-0.5843660272612955,0.5843660272612955
shfe_turnover,copper_market,daily,monthly_sum,3,59,0.5614030172776681,0.5614030172776681,0.4095850379894799,0.4095850379894799
global_container_export,shipping,daily,monthly_sum,12,80,0.559620857515574,0.559620857515574,0.5657290201594,0.5657290201594
china_csi300,equities_indices,monthly,as_is,2,138,0.55954336015501,0.55954336015501,0.5511668101253684,0.5511668101253684
chile_copper_production_ton,chile_cochilco,annual,repeat_within_year,6,120,-0.5591816728171634,0.5591816728171634,-0.546675800477924,0.546675800477924
ecb_policy_rate,global_macro,monthly,as_is,0,140,0.5580660149323466,0.5580660149323466,0.590003852410874,0.590003852410874
chile_copper_production_ton,chile_cochilco,annual,repeat_within_year,1,120,-0.5578229449112556,0.5578229449112556,-0.4924856299693876,0.4924856299693876
chile_copper_production_ton,chile_cochilco,annual,repeat_within_year,0,120,-0.5576791979969212,0.5576791979969212,-0.4787496362083366,0.4787496362083366
peru_industrial_electricity_tariff_index,peru_cost_drivers,monthly,as_is,12,128,0.557632549190678,0.557632549190678,0.6611449701634017,0.6611449701634017
turkey_unemployment_rate_percent,turkey,monthly,as_is,1,139,-0.5564025388553809,0.5564025388553809,-0.5168379918362054,0.5168379918362054
ecb_policy_rate,global_macro,monthly,as_is,1,139,0.5562733623595443,0.5562733623595443,0.5917273785556464,0.5917273785556464
indonesia_reer,macro_fred,monthly,as_is,3,137,-0.5555378987164541,0.5555378987164541,-0.4112699983198611,0.4112699983198611
us_10y_treasury_yield,macro_fred,monthly,as_is,2,138,0.5553477307024255,0.5553477307024255,0.468300412979897,0.468300412979897
chile_sulfuric_acid_production_ton,chile_cochilco,annual,repeat_within_year,12,120,-0.5550256806729975,0.5550256806729975,-0.4429020427343744,0.4429020427343744
global_economic_policy_uncertainty_ppp_index,risk,monthly,as_is,2,138,0.5543309307192203,0.5543309307192203,0.5300292929731111,0.5300292929731111
chile_copper_production_ton,chile_cochilco,annual,repeat_within_year,2,120,-0.5535870590761062,0.5535870590761062,-0.5003586995641364,0.5003586995641364
ecb_policy_rate,global_macro,monthly,as_is,2,138,0.5532248710164194,0.5532248710164194,0.5936990365939437,0.5936990365939437
nickel_cash_usd_per_ton,other_metals,daily,monthly_mean,2,138,0.5521713051358067,0.5521713051358067,0.7283265104831399,0.7283265104831399
india_10y_yield,macro_fred,monthly,as_is,6,134,-0.5520592923032613,0.5520592923032613,-0.6023174881455675,0.6023174881455675
china_csi300,equities_indices,monthly,as_is,3,137,0.5515413318209265,0.5515413318209265,0.5381018164168238,0.5381018164168238
us_2y_yield,macro_fred,monthly,as_is,0,140,0.5510062389777621,0.5510062389777621,0.48169607015487154,0.48169607015487154
peru_usd_pen,peru_cost_drivers,monthly,as_is,3,137,0.5505095747537415,0.5505095747537415,0.6495578505088827,0.6495578505088827
is_forecast,icsg,annual,repeat_within_year,3,113,-0.550226639276668,0.550226639276668,-0.6762947349319774,0.6762947349319774
ecb_policy_rate,global_macro,monthly,as_is,6,134,0.5497770008874039,0.5497770008874039,0.5932741647183081,0.5932741647183081
chile_sulfuric_acid_production_ton,chile_cochilco,annual,repeat_within_year,6,120,-0.5492258419730374,0.5492258419730374,-0.45479540318601613,0.45479540318601613
ecb_policy_rate,global_macro,monthly,as_is,3,137,0.5488161288240492,0.5488161288240492,0.5941504345959294,0.5941504345959294
germany_dax_aurubis,equities_companies,monthly,as_is,12,128,0.5476210686811886,0.5476210686811886,0.5466947445522797,0.5466947445522797
nickel_stock_ton,other_metals,daily,month_end_last,12,128,-0.5474998535746025,0.5474998535746025,-0.5563884819630104,0.5563884819630104
china_real_estate_investment_yoy_pct,china,monthly,as_is,12,117,-0.5456697417044126,0.5456697417044126,-0.55416405307397,0.55416405307397
chile_copper_production_ton,chile_cochilco,annual,repeat_within_year,3,120,-0.5454934587970639,0.5454934587970639,-0.5027876252901758,0.5027876252901758
japan_industrial_production,global_macro,monthly,as_is,1,138,-0.5454537967895073,0.5454537967895073,-0.6080065951398523,0.6080065951398523
wti_usd_per_barrel,commodities,monthly,as_is,3,137,0.5440652466720944,0.5440652466720944,0.6192960329141362,0.6192960329141362
iron_ore_usd_per_dmtu,commodities,monthly,as_is,12,128,0.5431956430065318,0.5431956430065318,0.7028144452220149,0.7028144452220149
geopolitical_threats_index,risk,monthly,as_is,2,138,0.539867668952412,0.539867668952412,0.5337965108712776,0.5337965108712776
turkey_unemployment_rate_percent,turkey,monthly,as_is,2,138,-0.539496760827279,0.539496760827279,-0.501578652286536,0.501578652286536
aluminum_cash_usd_per_ton,other_metals,daily,monthly_mean,12,128,0.5393132229959497,0.5393132229959497,0.5519707928950741,0.5519707928950741
shfe_turnover,copper_market,daily,monthly_sum,6,56,0.5379161008200706,0.5379161008200706,0.3369788106630212,0.3369788106630212
global_economic_policy_uncertainty_index,risk,monthly,as_is,2,138,0.5367276911249781,0.5367276911249781,0.5070835112297339,0.5070835112297339
is_estimate,usgs,annual,repeat_within_year,3,120,0.5363008283303475,0.5363008283303475,0.4723209955313686,0.4723209955313686
chile_mining_wage_yoy_pct,chile_cochilco,annual,repeat_within_year,6,96,0.5352995046166036,0.5352995046166036,0.7423533146911584,0.7423533146911584
geopolitical_risk_index,risk,monthly,as_is,1,139,0.5335894545190865,0.5335894545190865,0.42543009071004056,0.42543009071004056
peru_usd_pen,peru_cost_drivers,monthly,as_is,2,138,0.5309221826107695,0.5309221826107695,0.6313145785172631,0.6313145785172631
us_housing_starts,macro_fred,monthly,as_is,0,139,0.5304042466939276,0.5304042466939276,0.6475090993512215,0.6475090993512215
us_10y_treasury_yield,macro_fred,monthly,as_is,3,137,0.5300769964293718,0.5300769964293718,0.43334235706276936,0.43334235706276936
geopolitical_risk_index,risk,monthly,as_is,0,140,0.527628689011737,0.527628689011737,0.4447311451750455,0.4447311451750455
us_2y_yield,macro_fred,monthly,as_is,1,139,0.5275165332886942,0.5275165332886942,0.45065164042938577,0.45065164042938577
china_real_estate_investment_yoy_pct,china,monthly,as_is,0,126,-0.5267429428682164,0.5267429428682164,-0.4588607982110904,0.4588607982110904
is_forecast,icsg,annual,repeat_within_year,2,114,-0.5257023704854177,0.5257023704854177,-0.6619903538082648,0.6619903538082648
korea_exports,macro_fred,monthly,as_is,12,128,0.52469647151081,0.52469647151081,0.5194446987731185,0.5194446987731185
germany_10y_bund_yield,macro_fred,monthly,as_is,12,128,0.5243813818062915,0.5243813818062915,0.24585447642180383,0.24585447642180383
peru_mining_employment,peru_mining,annual,repeat_within_year,12,68,0.5228248015015914,0.5228248015015914,0.37000703397445006,0.37000703397445006
china_real_estate_investment_yoy_pct,china,monthly,as_is,6,122,-0.5228027714275448,0.5228027714275448,-0.4794573748436921,0.4794573748436921
chile_sulfuric_acid_import_ton,chile_cochilco,annual,repeat_within_year,12,120,0.5227942630686685,0.5227942630686685,0.5243129325864568,0.5243129325864568
brent_oil_usd,macro_fred,monthly,as_is,3,137,0.522707997471641,0.522707997471641,0.5753215599156196,0.5753215599156196
china_real_estate_investment_yoy_pct,china,monthly,as_is,2,126,-0.5226406763781339,0.5226406763781339,-0.46420043512445397,0.46420043512445397
us_housing_starts,macro_fred,monthly,as_is,2,138,0.5209769408198891,0.5209769408198891,0.63902451851045,0.63902451851045
peru_usd_pen,peru_cost_drivers,monthly,as_is,0,139,0.5206898188768447,0.5206898188768447,0.5976667623976745,0.5976667623976745
japan_industrial_production,global_macro,monthly,as_is,0,138,-0.5200845705898184,0.5200845705898184,-0.5781913591358108,0.5781913591358108
uk_ftse100,equities_indices,monthly,as_is,12,128,0.5199026142387646,0.5199026142387646,0.43197216626991397,0.43197216626991397
euro_area_construction_output,global_macro,monthly,as_is,0,138,0.5198614127427216,0.5198614127427216,0.589477299446353,0.589477299446353
china_real_estate_investment_yoy_pct,china,monthly,as_is,1,126,-0.5194164453854603,0.5194164453854603,-0.46002171927034413,0.46002171927034413
nickel_cash_usd_per_ton,other_metals,daily,monthly_mean,3,137,0.5191857884528104,0.5191857884528104,0.7050189482330538,0.7050189482330538
fed_interest_rate,macro_fred,monthly,as_is,0,140,0.5190861845893552,0.5190861845893552,0.38721139877182204,0.38721139877182204
turkey_unemployment_rate_percent,turkey,monthly,as_is,3,137,-0.5167541664290953,0.5167541664290953,-0.47857626393509395,0.47857626393509395
turkey_capacity_motor_vehicles_percent,turkey,monthly,as_is,12,128,-0.51673571050763,0.51673571050763,-0.5490867057315509,0.5490867057315509
us_housing_starts,macro_fred,monthly,as_is,6,134,0.5162139035090387,0.5162139035090387,0.662241729946449,0.662241729946449
global_economic_policy_uncertainty_ppp_index,risk,monthly,as_is,1,139,0.5162058098573703,0.5162058098573703,0.5143259305598998,0.5143259305598998
is_estimate,usgs,annual,repeat_within_year,2,120,0.5160669487451183,0.5160669487451183,0.4683114794402704,0.4683114794402704
chile_sulfuric_acid_consumption_ton,chile_cochilco,annual,repeat_within_year,6,120,0.5160366991571965,0.5160366991571965,0.4334376080087723,0.4334376080087723
turkey_capacity_motor_vehicles_percent,turkey,monthly,as_is,3,137,-0.5155430164042537,0.5155430164042537,-0.601461720835589,0.601461720835589
us_housing_starts,macro_fred,monthly,as_is,12,128,0.513941196601779,0.513941196601779,0.6343963881076912,0.6343963881076912
fed_interest_rate,macro_fred,monthly,as_is,1,139,0.5130521288344645,0.5130521288344645,0.36126324507490354,0.36126324507490354
us_housing_starts,macro_fred,monthly,as_is,1,139,0.5125836716401092,0.5125836716401092,0.6421222204549436,0.6421222204549436
china_real_estate_investment_yoy_pct,china,monthly,as_is,3,125,-0.5121335815717397,0.5121335815717397,-0.46751730595416685,0.46751730595416685
peru_usd_pen,peru_cost_drivers,monthly,as_is,1,139,0.5119273347397697,0.5119273347397697,0.6104266207909257,0.6104266207909257
turkey_capacity_investment_goods_percent,turkey,monthly,as_is,12,128,-0.5112470107108191,0.5112470107108191,-0.5263188090101125,0.5263188090101125
fed_interest_rate,macro_fred,monthly,as_is,12,128,0.5109326593599,0.5109326593599,0.26450557285944,0.26450557285944
turkey_capacity_motor_vehicles_percent,turkey,monthly,as_is,0,140,-0.5097557821413151,0.5097557821413151,-0.5948262666462575,0.5948262666462575
fed_interest_rate,macro_fred,monthly,as_is,2,138,0.5082783434690712,0.5082783434690712,0.33764375376137706,0.33764375376137706
euro_area_construction_output,global_macro,monthly,as_is,1,138,0.5073558654980466,0.5073558654980466,0.5659633350071805,0.5659633350071805
fed_interest_rate,macro_fred,monthly,as_is,3,137,0.5056927357256836,0.5056927357256836,0.3234408099687725,0.3234408099687725
fed_interest_rate,macro_fred,monthly,as_is,6,134,0.5052398050912,0.5052398050912,0.31034047113149554,0.31034047113149554
us_2y_yield,macro_fred,monthly,as_is,2,138,0.5046369778554671,0.5046369778554671,0.4188190115764954,0.4188190115764954
chile_mining_wage_yoy_pct,chile_cochilco,annual,repeat_within_year,12,96,0.504384185905327,0.504384185905327,0.7334942917092088,0.7334942917092088
dollar_index,macro_fred,monthly,as_is,3,137,0.5041813541484473,0.5041813541484473,0.5137491365952919,0.5137491365952919
geopolitical_risk_index,risk,monthly,as_is,2,138,0.5033615327509072,0.5033615327509072,0.3985191408916662,0.3985191408916662
global_economic_policy_uncertainty_index,risk,monthly,as_is,1,139,0.5007283442485887,0.5007283442485887,0.4959247508825237,0.4959247508825237
global_economic_policy_uncertainty_ppp_index,risk,monthly,as_is,0,139,0.49911396946547437,0.49911396946547437,0.49677376111533134,0.49677376111533134
us_housing_starts,macro_fred,monthly,as_is,3,137,0.4988680318280104,0.4988680318280104,0.6234471462729744,0.6234471462729744
drc_policy_rate,global_macro,monthly,as_is,3,134,0.49881694826594963,0.49881694826594963,0.552066402843357,0.552066402843357
germany_manufacturing_order_books,macro_fred,monthly,as_is,12,128,-0.49827015916073825,0.49827015916073825,-0.4151554515945199,0.4151554515945199
geopolitical_threats_index,risk,monthly,as_is,3,137,0.49376257719765837,0.49376257719765837,0.4887524035320253,0.4887524035320253
turkey_capacity_motor_vehicles_percent,turkey,monthly,as_is,2,138,-0.49373946165560456,0.49373946165560456,-0.5930811047766039,0.5930811047766039
turkey_capacity_motor_vehicles_percent,turkey,monthly,as_is,1,139,-0.4929743975540085,0.4929743975540085,-0.587188882434425,0.587188882434425
is_forecast,icsg,annual,repeat_within_year,1,115,-0.4929381764434541,0.4929381764434541,-0.642374542670824,0.642374542670824
dollar_index,macro_fred,monthly,as_is,2,138,0.49018602046141624,0.49018602046141624,0.4966677245318945,0.4966677245318945
turkey_capacity_motor_vehicles_percent,turkey,monthly,as_is,6,134,-0.4898279483727968,0.4898279483727968,-0.5563735208668437,0.5563735208668437
turkey_foreign_trade_balance_usd,turkey,monthly,as_is,0,139,-0.48883041289467766,0.48883041289467766,-0.5008579471826266,0.5008579471826266
china_csi300,equities_indices,monthly,as_is,6,134,0.4873150839802893,0.4873150839802893,0.4839985535979252,0.4839985535979252
china_csi300_jiangxi_copper,equities_companies,monthly,as_is,12,128,0.48604929395326285,0.48604929395326285,0.4882175883537813,0.4882175883537813
is_estimate,usgs,annual,repeat_within_year,1,120,0.48559685464620084,0.48559685464620084,0.4546791247305365,0.4546791247305365
euro_area_construction_output,global_macro,monthly,as_is,2,138,0.48546815335625315,0.48546815335625315,0.5514672054296467,0.5514672054296467
turkey_capacity_investment_goods_percent,turkey,monthly,as_is,3,137,-0.4854300374545013,0.4854300374545013,-0.5820365933826323,0.5820365933826323
us_2y_yield,macro_fred,monthly,as_is,3,137,0.48364771731468326,0.48364771731468326,0.3894039707254756,0.3894039707254756
global_economic_policy_uncertainty_index,risk,monthly,as_is,0,139,0.4822283392277312,0.4822283392277312,0.4770901291389248,0.4770901291389248
zinc_stock_ton,other_metals,daily,month_end_last,0,140,-0.4817584917266813,0.4817584917266813,-0.4119945026292098,0.4119945026292098
korea_10y_yield,macro_fred,monthly,as_is,6,134,0.4810119942601071,0.4810119942601071,0.4631404381600768,0.4631404381600768
us_10y_treasury_yield,macro_fred,monthly,as_is,6,134,0.4802886860116281,0.4802886860116281,0.37911057498570916,0.37911057498570916
turkey_foreign_trade_balance_usd,turkey,monthly,as_is,1,139,-0.4796536605598585,0.4796536605598585,-0.48688502614057816,0.48688502614057816
turkey_capacity_investment_goods_percent,turkey,monthly,as_is,6,134,-0.47950045223583393,0.47950045223583393,-0.5519309874792564,0.5519309874792564
dollar_index,macro_fred,monthly,as_is,1,139,0.47942196715256924,0.47942196715256924,0.4835872916573573,0.4835872916573573
global_export,shipping,daily,monthly_sum,6,86,0.4752471587809902,0.4752471587809902,0.432124156799849,0.432124156799849
zinc_stock_ton,other_metals,daily,month_end_last,1,139,-0.4734043981648578,0.4734043981648578,-0.38897447269168633,0.38897447269168633
india_call_money_rate,macro_fred,monthly,as_is,6,134,-0.4730581436627202,0.4730581436627202,-0.5028629397203936,0.5028629397203936
zinc_cash_usd_per_ton,other_metals,daily,monthly_mean,6,134,0.47074595391203783,0.47074595391203783,0.5376899961346152,0.5376899961346152
poland_wig20_kghm,equities_companies,monthly,as_is,12,128,0.4702462411556817,0.4702462411556817,0.5636559238234755,0.5636559238234755
drc_policy_rate,global_macro,monthly,as_is,2,135,0.47016742914784276,0.47016742914784276,0.5310781336387285,0.5310781336387285
zinc_stock_ton,other_metals,daily,month_end_last,2,138,-0.4690620377302801,0.4690620377302801,-0.3714138613230849,0.3714138613230849
zinc_stock_ton,other_metals,daily,month_end_last,6,134,-0.4690490483480813,0.4690490483480813,-0.34994993696948234,0.34994993696948234
shfe_volume_lots,copper_market,daily,monthly_sum,0,128,-0.46883977341144656,0.46883977341144656,-0.48536783556125257,0.48536783556125257
icsg_refined_balance_ton,icsg,annual,repeat_within_year,12,104,0.46840038178457394,0.46840038178457394,0.32907030747058547,0.32907030747058547
zinc_stock_ton,other_metals,daily,month_end_last,3,137,-0.4680584994957531,0.4680584994957531,-0.3597834951832577,0.3597834951832577
dollar_index,macro_fred,monthly,as_is,0,140,0.4674170063301721,0.4674170063301721,0.47469768865758466,0.47469768865758466
turkey_foreign_trade_balance_usd,turkey,monthly,as_is,2,138,-0.46649972078090834,0.46649972078090834,-0.4684706693547097,0.4684706693547097
turkey_unemployment_rate_percent,turkey,monthly,as_is,6,134,-0.4658190674908824,0.4658190674908824,-0.4223816700511988,0.4223816700511988
euro_area_construction_output,global_macro,monthly,as_is,3,137,0.4656318860143968,0.4656318860143968,0.5342337793380657,0.5342337793380657
geopolitical_risk_index,risk,monthly,as_is,3,137,0.46422214721328203,0.46422214721328203,0.35892433774525356,0.35892433774525356
turkey_capacity_investment_goods_percent,turkey,monthly,as_is,2,138,-0.46390840640478626,0.46390840640478626,-0.5727976816251622,0.5727976816251622
usd_cny,macro_fred,monthly,as_is,6,134,0.46106383770847004,0.46106383770847004,0.47255701442661385,0.47255701442661385
peru_diesel_price_index,peru_cost_drivers,monthly,as_is,6,134,0.4608126208643189,0.4608126208643189,0.5561455896929861,0.5561455896929861
nickel_stock_ton,other_metals,daily,month_end_last,6,134,-0.46076248633967243,0.46076248633967243,-0.47863190314093695,0.47863190314093695
shfe_volume_lots,copper_market,daily,monthly_sum,1,127,-0.46059414630598516,0.46059414630598516,-0.47561632920884883,0.47561632920884883
shfe_volume_lots,copper_market,daily,monthly_sum,2,126,-0.4593850212458893,0.4593850212458893,-0.4749636295463068,0.4749636295463068
uk_ftse100_glencore,equities_companies,monthly,as_is,6,134,0.457299635385591,0.457299635385591,0.4934849561715233,0.4934849561715233
shfe_volume_lots,copper_market,daily,monthly_sum,3,125,-0.457295487576609,0.457295487576609,-0.4735668202764976,0.4735668202764976
is_forecast,icsg,annual,repeat_within_year,0,116,-0.4561343076709087,0.4561343076709087,-0.6166990560658483,0.6166990560658483
turkey_capacity_investment_goods_percent,turkey,monthly,as_is,0,140,-0.45514652816038764,0.45514652816038764,-0.5658758212197458,0.5658758212197458
shfe_volume_lots,copper_market,daily,monthly_sum,6,122,-0.4529637380912504,0.4529637380912504,-0.4805251453137753,0.4805251453137753
turkey_capacity_investment_goods_percent,turkey,monthly,as_is,1,139,-0.4524158277294229,0.4524158277294229,-0.5624055260586763,0.5624055260586763
us_2y_yield,macro_fred,monthly,as_is,6,134,0.45103655993760783,0.45103655993760783,0.33788138032949927,0.33788138032949927
india_10y_yield,macro_fred,monthly,as_is,3,137,-0.4502393401384169,0.4502393401384169,-0.5229858436469149,0.5229858436469149
euro_area_construction_output,global_macro,monthly,as_is,6,134,0.4500089983091777,0.4500089983091777,0.5106785866748791,0.5106785866748791
peru_mining_employment_yoy_pct,peru_mining,annual,repeat_within_year,3,60,0.44976201447093705,0.44976201447093705,0.6240261469100595,0.6240261469100595
zinc_stock_ton,other_metals,daily,month_end_last,12,128,-0.44806945438838985,0.44806945438838985,-0.3375273781238835,0.3375273781238835
is_estimate,usgs,annual,repeat_within_year,0,120,0.44797201048868707,0.44797201048868707,0.43543344749326507,0.43543344749326507
india_call_money_rate,macro_fred,monthly,as_is,3,137,-0.4466424540858354,0.4466424540858354,-0.49396650440923556,0.49396650440923556
copper_stock_ton,copper_market,daily,month_end_last,6,134,-0.44515426975220423,0.44515426975220423,-0.4408070943718601,0.4408070943718601
poland_wig20,equities_indices,monthly,as_is,6,134,0.44455378930543366,0.44455378930543366,0.2652028080150626,0.2652028080150626
us_2y_yield,macro_fred,monthly,as_is,12,128,0.4416989657565128,0.4416989657565128,0.27918635060941677,0.27918635060941677
global_import,shipping,daily,monthly_sum,1,91,0.44081994338455677,0.44081994338455677,0.4356744704570792,0.4356744704570792
india_call_money_rate,macro_fred,monthly,as_is,12,128,-0.4401965745535147,0.4401965745535147,-0.43980160740350105,0.43980160740350105
drc_policy_rate,global_macro,monthly,as_is,1,136,0.4400666971440739,0.4400666971440739,0.5109000171717336,0.5109000171717336
peru_copper_production_yoy_pct,peru_mining,annual,repeat_within_year,12,128,-0.43948988101117453,0.43948988101117453,-0.32983468976995844,0.32983468976995844
nickel_stock_ton,other_metals,daily,month_end_last,3,137,-0.43708764595061156,0.43708764595061156,-0.4667565852110441,0.4667565852110441
india_call_money_rate,macro_fred,monthly,as_is,2,138,-0.43706455354347207,0.43706455354347207,-0.48747850594044834,0.48747850594044834
indonesia_reer,macro_fred,monthly,as_is,6,134,-0.43503552557025604,0.43503552557025604,-0.3063155400940162,0.3063155400940162
nickel_stock_ton,other_metals,daily,month_end_last,2,138,-0.4348699497815183,0.4348699497815183,-0.4690779905431414,0.4690779905431414
nickel_stock_ton,other_metals,daily,month_end_last,1,139,-0.43383589775073284,0.43383589775073284,-0.47116939988381956,0.47116939988381956
turkey_foreign_trade_balance_usd,turkey,monthly,as_is,3,137,-0.4336409707344252,0.4336409707344252,-0.44906845632572284,0.44906845632572284
peru_mining_employment_yoy_pct,peru_mining,annual,repeat_within_year,2,60,0.43313881484812466,0.43313881484812466,0.6056524217556738,0.6056524217556738
nickel_cash_usd_per_ton,other_metals,daily,monthly_mean,6,134,0.4329977917560498,0.4329977917560498,0.6176810184665644,0.6176810184665644
peru_copper_production_yoy_pct,peru_mining,annual,repeat_within_year,6,132,-0.43228063838538466,0.43228063838538466,-0.2733032925021179,0.2733032925021179
nickel_stock_ton,other_metals,daily,month_end_last,0,140,-0.43225462324285124,0.43225462324285124,-0.4725109881699505,0.4725109881699505
korea_call_money_rate,macro_fred,monthly,as_is,0,138,0.4304553472362494,0.4304553472362494,0.3616119514301834,0.3616119514301834
indonesia_call_money_rate,macro_fred,monthly,as_is,6,134,-0.43003297149171327,0.43003297149171327,-0.44180995081044394,0.44180995081044394
india_call_money_rate,macro_fred,monthly,as_is,1,138,-0.4298116801274907,0.4298116801274907,-0.4805552696685827,0.4805552696685827
drc_policy_rate,global_macro,monthly,as_is,0,136,0.42957168480611335,0.42957168480611335,0.49957702767964873,0.49957702767964873
global_import,shipping,daily,monthly_sum,6,86,0.4274505413719045,0.4274505413719045,0.38655596962120853,0.38655596962120853
copper_stock_ton,copper_market,daily,month_end_last,12,128,-0.4262480252296269,0.4262480252296269,-0.4353947814547085,0.4353947814547085
indonesia_call_money_rate,macro_fred,monthly,as_is,3,137,-0.42124060181897216,0.42124060181897216,-0.43656882273737074,0.43656882273737074
chile_sulfuric_acid_consumption_ton,chile_cochilco,annual,repeat_within_year,12,120,0.42009906408004805,0.42009906408004805,0.3976737705943287,0.3976737705943287
china_copper_related_portcalls,shipping,daily,monthly_sum,12,80,0.41977064782872825,0.41977064782872825,0.4406169786633947,0.4406169786633947
peru_industrial_electricity_tariff_index,peru_cost_drivers,monthly,as_is,6,134,0.4185017411352702,0.4185017411352702,0.5618248506436083,0.5618248506436083
peru_diesel_price_index,peru_cost_drivers,monthly,as_is,12,128,0.41778604675854425,0.41778604675854425,0.4869245106885198,0.4869245106885198
korea_call_money_rate,macro_fred,monthly,as_is,1,138,0.41726575194172516,0.41726575194172516,0.33635919692194377,0.33635919692194377
india_call_money_rate,macro_fred,monthly,as_is,0,138,-0.4165699339184829,0.4165699339184829,-0.4659236402427855,0.4659236402427855
global_import,shipping,daily,monthly_sum,2,90,0.41645942338390585,0.41645942338390585,0.4139688027328477,0.4139688027328477
global_export,shipping,daily,monthly_sum,2,90,0.4161119231556943,0.4161119231556943,0.4160925217104992,0.4160925217104992
canada_tsx_composite_first_quantum_minerals,equities_companies,monthly,as_is,12,128,0.4151691864552722,0.4151691864552722,0.45941105108954394,0.45941105108954394
coal_australia_usd_per_ton,commodities,monthly,as_is,0,139,0.41504461388853214,0.41504461388853214,0.7508777888669472,0.7508777888669472
nickel_cash_usd_per_ton,other_metals,daily,monthly_mean,12,128,0.4147164931308093,0.4147164931308093,0.5739505127266068,0.5739505127266068
us_10y_treasury_yield,macro_fred,monthly,as_is,12,128,0.4137272130487624,0.4137272130487624,0.2552440851705281,0.2552440851705281
india_10y_yield,macro_fred,monthly,as_is,2,138,-0.4126808539675721,0.4126808539675721,-0.48393279732261935,0.48393279732261935
copper_supply_dry_bulk_portcalls,shipping,daily,monthly_sum,1,91,0.41245709480571324,0.41245709480571324,0.3623629731780093,0.3623629731780093
global_export,shipping,daily,monthly_sum,3,89,0.4116149739859992,0.4116149739859992,0.3939904664623766,0.3939904664623766
global_export,shipping,daily,monthly_sum,12,80,0.40984319134394703,0.40984319134394703,0.39151429910923585,0.39151429910923585
global_export,shipping,daily,monthly_sum,1,91,0.4090086683663309,0.4090086683663309,0.4272177098264055,0.4272177098264055
geopolitical_acts_index,risk,monthly,as_is,1,139,0.40767895839380286,0.40767895839380286,0.2372715492202511,0.2372715492202511
usd_gbp,macro_fred,monthly,as_is,12,128,-0.4076300253897282,0.4076300253897282,-0.3805163889397546,0.3805163889397546
peru_mining_employment_yoy_pct,peru_mining,annual,repeat_within_year,1,60,0.40584259172398923,0.40584259172398923,0.5518922629706197,0.5518922629706197
global_import,shipping,daily,monthly_sum,3,89,0.4054498435396075,0.4054498435396075,0.39242424242424245,0.39242424242424245
korea_call_money_rate,macro_fred,monthly,as_is,2,138,0.40408966377277833,0.40408966377277833,0.3136445110095658,0.3136445110095658
geopolitical_acts_index,risk,monthly,as_is,0,140,0.4009623259494338,0.4009623259494338,0.25150991668671147,0.25150991668671147
wti_usd_per_barrel,commodities,monthly,as_is,6,134,0.3984424569397996,0.3984424569397996,0.5082502572664942,0.5082502572664942
peru_copper_production_yoy_pct,peru_mining,annual,repeat_within_year,3,132,-0.3949303266820508,0.3949303266820508,-0.23419709329891633,0.23419709329891633
palladium_usd_per_troy_ounce,other_metals,daily,monthly_mean,6,134,0.3945353327426891,0.3945353327426891,0.5115500193269242,0.5115500193269242
copper_supply_dry_bulk_portcalls,shipping,daily,monthly_sum,3,89,0.3937774998488357,0.3937774998488357,0.34187255763260815,0.34187255763260815
korea_call_money_rate,macro_fred,monthly,as_is,3,137,0.3905123868115159,0.3905123868115159,0.28591914097556725,0.28591914097556725
geopolitical_acts_index,risk,monthly,as_is,2,138,0.38767853545745634,0.38767853545745634,0.21498941754244963,0.21498941754244963
indonesia_call_money_rate,macro_fred,monthly,as_is,2,138,-0.3866759329775663,0.3866759329775663,-0.4092980583151501,0.4092980583151501
icsg_refined_balance_ton,icsg,annual,repeat_within_year,6,110,0.3861907900773421,0.3861907900773421,0.27939848815746904,0.27939848815746904
copper_supply_dry_bulk_portcalls,shipping,daily,monthly_sum,2,90,0.38484328650253624,0.38484328650253624,0.33951656809026215,0.33951656809026215
palladium_usd_per_troy_ounce,other_metals,daily,monthly_mean,3,137,0.38420940569994433,0.38420940569994433,0.4957436481415796,0.4957436481415796
coal_australia_usd_per_ton,commodities,monthly,as_is,1,139,0.3832119436530748,0.3832119436530748,0.7219685706014233,0.7219685706014233
global_import,shipping,daily,monthly_sum,12,80,0.3822575135860055,0.3822575135860055,0.3800281293952181,0.3800281293952181
indonesia_call_money_rate,macro_fred,monthly,as_is,1,138,-0.3817501097703859,0.3817501097703859,-0.40173835503486005,0.40173835503486005
copper_supply_dry_bulk_portcalls,shipping,daily,monthly_sum,6,86,0.38153437416309927,0.38153437416309927,0.36721389662897,0.36721389662897
peru_copper_production_yoy_pct,peru_mining,annual,repeat_within_year,2,132,-0.38054154110251165,0.38054154110251165,-0.2184162958712578,0.2184162958712578
us_10y_2y_spread,macro_fred,monthly,as_is,12,128,-0.3772940226705451,0.3772940226705451,-0.3990597442388084,0.3990597442388084
peru_copper_production_yoy_pct,peru_mining,annual,repeat_within_year,1,132,-0.3744639615488244,0.3744639615488244,-0.21319794453063767,0.21319794453063767
china_copper_related_dry_bulk_portcalls,shipping,daily,monthly_sum,12,80,0.373918576269841,0.373918576269841,0.5177892251601646,0.5177892251601646
india_10y_yield,macro_fred,monthly,as_is,1,138,-0.3737914921265675,0.3737914921265675,-0.43084236229974743,0.43084236229974743
global_import,shipping,daily,monthly_sum,0,92,0.3731283169069723,0.3731283169069723,0.4273230276035325,0.4273230276035325
turkey_consumer_confidence_index,turkey,monthly,as_is,12,128,-0.37301214076379785,0.37301214076379785,-0.4007793902215711,0.4007793902215711
palladium_usd_per_troy_ounce,other_metals,daily,monthly_mean,2,138,0.3729976809614617,0.3729976809614617,0.49090502272888126,0.49090502272888126
turkey_foreign_trade_balance_usd,turkey,monthly,as_is,6,134,-0.3720266574361346,0.3720266574361346,-0.3745408296861557,0.3745408296861557
peru_copper_production_yoy_pct,peru_mining,annual,repeat_within_year,0,132,-0.3716894175047284,0.3716894175047284,-0.2157756843494982,0.2157756843494982
indonesia_call_money_rate,macro_fred,monthly,as_is,0,138,-0.3687327124693302,0.3687327124693302,-0.3857756804844289,0.3857756804844289
brent_oil_usd,macro_fred,monthly,as_is,6,134,0.3675280601719073,0.3675280601719073,0.4582376338857094,0.4582376338857094
peru_mining_employment_yoy_pct,peru_mining,annual,repeat_within_year,0,60,0.36521829707462083,0.36521829707462083,0.46138465387679434,0.46138465387679434
palladium_usd_per_troy_ounce,other_metals,daily,monthly_mean,1,139,0.3648607127912893,0.3648607127912893,0.49198355601233296,0.49198355601233296
copper_supply_dry_bulk_portcalls,shipping,daily,monthly_sum,0,92,0.3641601278226666,0.3641601278226666,0.3667272821048791,0.3667272821048791
turkey_consumer_confidence_index,turkey,monthly,as_is,6,134,-0.36360577707143726,0.36360577707143726,-0.4103367872417362,0.4103367872417362
coal_australia_usd_per_ton,commodities,monthly,as_is,2,138,0.36286685510200717,0.36286685510200717,0.6999252254000081,0.6999252254000081
geopolitical_acts_index,risk,monthly,as_is,3,137,0.3610814714473886,0.3610814714473886,0.1878628633300353,0.1878628633300353
korea_call_money_rate,macro_fred,monthly,as_is,12,128,0.36086469106831087,0.36086469106831087,0.1294545796904719,0.1294545796904719
palladium_usd_per_troy_ounce,other_metals,daily,monthly_mean,0,140,0.3564493574420768,0.3564493574420768,0.49029760993636706,0.49029760993636706
korea_call_money_rate,macro_fred,monthly,as_is,6,134,0.3537984442778499,0.3537984442778499,0.21250637470558204,0.21250637470558204
copper_supply_dry_bulk_export,shipping,daily,monthly_sum,1,91,0.3529527767820105,0.3529527767820105,0.2616977225672878,0.2616977225672878
euro_area_construction_output,global_macro,monthly,as_is,12,128,0.35280035342681626,0.35280035342681626,0.44965438273772396,0.44965438273772396
china_copper_related_portcalls,shipping,daily,monthly_sum,6,86,0.3522609923504997,0.3522609923504997,0.3564746895213723,0.3564746895213723
peru_formal_private_income_pen,peru_cost_drivers,monthly,as_is,1,138,0.3521805940246209,0.3521805940246209,0.5127920025300808,0.5127920025300808
peru_formal_private_income_pen,peru_cost_drivers,monthly,as_is,3,137,0.35098111339524346,0.35098111339524346,0.49335411727369455,0.49335411727369455
peru_formal_private_income_pen,peru_cost_drivers,monthly,as_is,2,138,0.3484866153557453,0.3484866153557453,0.5017186524306989,0.5017186524306989
coal_australia_usd_per_ton,commodities,monthly,as_is,3,137,0.3474944893796051,0.3474944893796051,0.6773255984322893,0.6773255984322893
peru_formal_private_income_pen,peru_cost_drivers,monthly,as_is,0,138,0.34739119879293884,0.34739119879293884,0.5244932229959226,0.5244932229959226
global_export,shipping,daily,monthly_sum,0,92,0.3463248373151281,0.3463248373151281,0.42887967572399543,0.42887967572399543
turkey_capacity_machinery_percent,turkey,monthly,as_is,6,134,-0.3459822381903201,0.3459822381903201,-0.3554632850783676,0.3554632850783676
turkey_manufacturing_capacity_utilization_percent,turkey,monthly,as_is,12,128,-0.3456951188879662,0.3456951188879662,-0.41225791350782615,0.41225791350782615
usd_cny,macro_fred,monthly,as_is,3,137,0.34517398945634603,0.34517398945634603,0.35746821737263607,0.35746821737263607
turkey_capacity_machinery_percent,turkey,monthly,as_is,12,128,-0.3448856973195099,0.3448856973195099,-0.3901300128181652,0.3901300128181652
hong_kong_hang_seng,equities_indices,monthly,as_is,12,128,-0.34450675987741763,0.34450675987741763,-0.3537355795641824,0.3537355795641824
turkey_unemployment_rate_percent,turkey,monthly,as_is,12,128,-0.3427375382718944,0.3427375382718944,-0.2893139788488853,0.2893139788488853
palladium_usd_per_troy_ounce,other_metals,daily,monthly_mean,12,128,0.3424966131046994,0.3424966131046994,0.4828671488738326,0.4828671488738326
copper_supply_dry_bulk_export,shipping,daily,monthly_sum,3,89,0.3419427690469025,0.3419427690469025,0.28498467824310525,0.28498467824310525
turkey_consumer_confidence_index,turkey,monthly,as_is,3,137,-0.3403742728483401,0.3403742728483401,-0.3928024716709914,0.3928024716709914
geopolitical_threats_index,risk,monthly,as_is,6,134,0.33973249367105396,0.33973249367105396,0.41009239516702206,0.41009239516702206
germany_manufacturing_order_books,macro_fred,monthly,as_is,6,134,-0.33943857352852974,0.33943857352852974,-0.23554042076620355,0.23554042076620355
geopolitical_threats_index,risk,monthly,as_is,12,128,0.3383717130996519,0.3383717130996519,0.29122413477385095,0.29122413477385095
peru_mining_employment_yoy_pct,peru_mining,annual,repeat_within_year,6,60,0.33820560599600585,0.33820560599600585,0.5124227793056432,0.5124227793056432
turkey_consumer_confidence_index,turkey,monthly,as_is,2,138,-0.33805928040729194,0.33805928040729194,-0.39559669306763406,0.39559669306763406
copper_supply_dry_bulk_export,shipping,daily,monthly_sum,0,92,0.33606056535197804,0.33606056535197804,0.2865927900991015,0.2865927900991015
turkey_capacity_fabricated_metals_percent,turkey,monthly,as_is,0,140,0.3352847145287077,0.3352847145287077,0.37206708797096066,0.37206708797096066
g20_composite_leading_indicator,leading_indicators,monthly,as_is,0,138,0.33510618971215966,0.33510618971215966,0.4640459006961362,0.4640459006961362
turkey_consumer_confidence_index,turkey,monthly,as_is,1,139,-0.3337780609479253,0.3337780609479253,-0.39884266499843596,0.39884266499843596
peru_industrial_electricity_tariff_index,peru_cost_drivers,monthly,as_is,3,137,0.3322593686371268,0.3322593686371268,0.48374661009627307,0.48374661009627307
chile_sulfuric_acid_export_ton,chile_cochilco,annual,repeat_within_year,0,120,-0.3308421452996663,0.3308421452996663,-0.4114097643553796,0.4114097643553796
wti_usd_per_barrel,commodities,monthly,as_is,12,128,0.32973484313734047,0.32973484313734047,0.3834562479650858,0.3834562479650858
g20_composite_leading_indicator,leading_indicators,monthly,as_is,1,138,0.3294874918622181,0.3294874918622181,0.4812244143117749,0.4812244143117749
india_10y_yield,macro_fred,monthly,as_is,0,138,-0.3286732536620283,0.3286732536620283,-0.36945262261476136,0.36945262261476136
korea_10y_yield,macro_fred,monthly,as_is,12,128,0.32814377824611723,0.32814377824611723,0.2970609778428859,0.2970609778428859
canada_tsx_composite_hudbay_minerals,equities_companies,monthly,as_is,12,128,0.32750082291517946,0.32750082291517946,0.20538248489287672,0.20538248489287672
turkey_consumer_confidence_index,turkey,monthly,as_is,0,140,-0.3267389086049441,0.3267389086049441,-0.3975202816470228,0.3975202816470228
turkey_foreign_trade_balance_usd,turkey,monthly,as_is,12,128,-0.3257129204275472,0.3257129204275472,-0.30169611792711953,0.30169611792711953
global_container_portcalls,shipping,daily,monthly_sum,12,80,0.3256525899467776,0.3256525899467776,0.3511389541724277,0.3511389541724277
geopolitical_risk_index,risk,monthly,as_is,12,128,0.3227690831161499,0.3227690831161499,0.20733954403955318,0.20733954403955318
shfe_open_interest_lots,copper_market,daily,month_end_last,12,116,-0.32213338055997126,0.32213338055997126,-0.3488332756698574,0.3488332756698574
copper_supply_dry_bulk_export,shipping,daily,monthly_sum,2,90,0.3220018139983021,0.3220018139983021,0.27214059348890807,0.27214059348890807
chile_sulfuric_acid_export_ton,chile_cochilco,annual,repeat_within_year,1,120,-0.31980822005875315,0.31980822005875315,-0.3964174297015496,0.3964174297015496
peru_formal_private_income_pen,peru_cost_drivers,monthly,as_is,6,134,0.31775846483550974,0.31775846483550974,0.45251686430005367,0.45251686430005367
natural_gas_usd,macro_fred,monthly,as_is,0,140,0.31668851224294486,0.31668851224294486,0.3915943233255341,0.3915943233255341
lead_stock_ton,other_metals,daily,month_end_last,0,140,0.3162146253279607,0.3162146253279607,0.07962467308760886,0.07962467308760886
turkey_capacity_fabricated_metals_percent,turkey,monthly,as_is,1,139,0.3154187925201642,0.3154187925201642,0.35556995397470836,0.35556995397470836
peru_industrial_electricity_tariff_index,peru_cost_drivers,monthly,as_is,2,138,0.3152456984707437,0.3152456984707437,0.469345958149423,0.469345958149423
china_copper_related_dry_bulk_import,shipping,daily,monthly_sum,12,80,0.3147460351377491,0.3147460351377491,0.3130567276136897,0.3130567276136897
turkey_capacity_machinery_percent,turkey,monthly,as_is,3,137,-0.31402590624631427,0.31402590624631427,-0.3307353407881718,0.3307353407881718
global_dry_bulk_export,shipping,daily,monthly_sum,6,86,0.31170242579562296,0.31170242579562296,0.3447049389122128,0.3447049389122128
peru_industrial_electricity_tariff_index,peru_cost_drivers,monthly,as_is,0,139,0.31135000633390575,0.31135000633390575,0.45311583043965814,0.45311583043965814
baltic_dry_index,shipping,daily,monthly_mean,12,128,0.31058399922145347,0.31058399922145347,0.48450947628639435,0.48450947628639435
peru_formal_private_income_pen,peru_cost_drivers,monthly,as_is,12,128,0.3083643072155705,0.3083643072155705,0.43721960263687965,0.43721960263687965
g20_composite_leading_indicator,leading_indicators,monthly,as_is,2,138,0.30671379500042184,0.30671379500042184,0.48738895269059257,0.48738895269059257
euro_area_industrial_production,global_macro,monthly,as_is,0,138,0.3066841270273857,0.3066841270273857,0.39124527907110057,0.39124527907110057
coal_australia_usd_per_ton,commodities,monthly,as_is,6,134,0.3063253130188964,0.3063253130188964,0.5941940979137893,0.5941940979137893
copper_supply_dry_bulk_export,shipping,daily,monthly_sum,6,86,0.3055908332786857,0.3055908332786857,0.30872210953346857,0.30872210953346857
usd_cny,macro_fred,monthly,as_is,2,138,0.30558733329141985,0.30558733329141985,0.3147316485117206,0.3147316485117206
china_copper_related_dry_bulk_export,shipping,daily,monthly_sum,12,80,0.30518264501799286,0.30518264501799286,0.5241443975621192,0.5241443975621192
natural_gas_usd,macro_fred,monthly,as_is,1,139,0.30413772072342254,0.30413772072342254,0.3896063273604718,0.3896063273604718
china_csi300,equities_indices,monthly,as_is,12,128,0.3038440823530746,0.3038440823530746,0.37385552096685587,0.37385552096685587
turkey_capacity_fabricated_metals_percent,turkey,monthly,as_is,2,138,0.3034859802484311,0.3034859802484311,0.35524864779709076,0.35524864779709076
turkey_capacity_intermediate_goods_percent,turkey,monthly,as_is,12,128,-0.3029548333604356,0.3029548333604356,-0.30672082167449743,0.30672082167449743
vix_index,macro_fred,monthly,as_is,12,128,0.30266584041828876,0.30266584041828876,0.347495804763398,0.347495804763398
geopolitical_risk_index,risk,monthly,as_is,6,134,0.3022580338260019,0.3022580338260019,0.28732278457337374,0.28732278457337374
china_copper_related_dry_bulk_export,shipping,daily,monthly_sum,6,86,0.30164893036442486,0.30164893036442486,0.6116043209585357,0.6116043209585357
peru_industrial_electricity_tariff_index,peru_cost_drivers,monthly,as_is,1,139,0.29835486379819676,0.29835486379819676,0.45314489696517785,0.45314489696517785
lead_stock_ton,other_metals,daily,month_end_last,1,139,0.2966691858919468,0.2966691858919468,0.08459531076232078,0.08459531076232078
china_copper_related_portcalls,shipping,daily,monthly_sum,3,89,0.2965826279532633,0.2965826279532633,0.3242734810391783,0.3242734810391783
chile_sulfuric_acid_export_ton,chile_cochilco,annual,repeat_within_year,2,120,-0.29631453530243657,0.29631453530243657,-0.3562982771921386,0.3562982771921386
icsg_refined_balance_ton,icsg,annual,repeat_within_year,3,113,0.29561152058873563,0.29561152058873563,0.27492491382731804,0.27492491382731804
china_fixed_asset_investment_yoy_pct,china,monthly,as_is,12,117,-0.29322377393954646,0.29322377393954646,-0.6330748526178113,0.6330748526178113
turkey_capacity_machinery_percent,turkey,monthly,as_is,2,138,-0.2919051528724454,0.2919051528724454,-0.30708305459726154,0.30708305459726154
natural_gas_usd,macro_fred,monthly,as_is,3,137,0.29163512191546553,0.29163512191546553,0.376187764855228,0.376187764855228
brent_oil_usd,macro_fred,monthly,as_is,12,128,0.29131309304134295,0.29131309304134295,0.33181880607947256,0.33181880607947256
natural_gas_usd,macro_fred,monthly,as_is,6,134,0.29103708309178317,0.29103708309178317,0.30698387760445894,0.30698387760445894
global_dry_bulk_import,shipping,daily,monthly_sum,6,86,0.28966965056425065,0.28966965056425065,0.317401764234162,0.317401764234162
natural_gas_usd,macro_fred,monthly,as_is,2,138,0.2890207060509476,0.2890207060509476,0.3832995805830739,0.3832995805830739
turkey_capacity_fabricated_metals_percent,turkey,monthly,as_is,3,137,0.2883108675662471,0.2883108675662471,0.34513319767767464,0.34513319767767464
global_dry_bulk_import,shipping,daily,monthly_sum,12,80,0.2847799772000991,0.2847799772000991,0.28900609470229727,0.28900609470229727
indonesia_call_money_rate,macro_fred,monthly,as_is,12,128,-0.28445708370368133,0.28445708370368133,-0.31608111047224763,0.31608111047224763
euro_area_industrial_production,global_macro,monthly,as_is,1,138,0.28186689780234153,0.28186689780234153,0.3669367418203295,0.3669367418203295
uk_ftse100_glencore,equities_companies,monthly,as_is,12,128,0.2813165280843836,0.2813165280843836,0.31543558872001465,0.31543558872001465
china_copper_related_dry_bulk_export,shipping,daily,monthly_sum,3,89,0.2806647842968552,0.2806647842968552,0.5684882533197141,0.5684882533197141
g20_composite_leading_indicator,leading_indicators,monthly,as_is,3,137,0.2780893769993929,0.2780893769993929,0.4762213676330576,0.4762213676330576
usd_gbp,macro_fred,monthly,as_is,6,134,-0.2774799700774642,0.2774799700774642,-0.1825134976745346,0.1825134976745346
icsg_refined_balance_ton,icsg,annual,repeat_within_year,2,114,0.2754199335380388,0.2754199335380388,0.27449842724675905,0.27449842724675905
us_10y_2y_spread,macro_fred,monthly,as_is,0,140,-0.2722226343265987,0.2722226343265987,-0.3064456350615187,0.3064456350615187
china_copper_related_portcalls,shipping,daily,monthly_sum,2,90,0.27220045623336997,0.27220045623336997,0.3129573685631099,0.3129573685631099
usd_cny,macro_fred,monthly,as_is,1,139,0.27104159723610194,0.27104159723610194,0.27779614817462794,0.27779614817462794
copper_stock_ton,copper_market,daily,month_end_last,3,137,-0.27103482806871426,0.27103482806871426,-0.3779784615035901,0.3779784615035901
global_dry_bulk_import,shipping,daily,monthly_sum,1,91,0.26957851309666786,0.26957851309666786,0.31501831501831506,0.31501831501831506
us_10y_2y_spread,macro_fred,monthly,as_is,6,134,-0.26935237790951405,0.26935237790951405,-0.2798790927248547,0.2798790927248547
lead_stock_ton,other_metals,daily,month_end_last,2,138,0.26569942787434353,0.26569942787434353,0.0927082310671854,0.0927082310671854
us_10y_2y_spread,macro_fred,monthly,as_is,1,139,-0.2651855377253811,0.2651855377253811,-0.2869901258034375,0.2869901258034375
turkey_capacity_machinery_percent,turkey,monthly,as_is,1,139,-0.26500446235404984,0.26500446235404984,-0.2828723356718352,0.2828723356718352
global_dry_bulk_import,shipping,daily,monthly_sum,2,90,0.2637551806035671,0.2637551806035671,0.31351195620858546,0.31351195620858546
chile_sulfuric_acid_export_ton,chile_cochilco,annual,repeat_within_year,3,120,-0.2633528486719198,0.2633528486719198,-0.3142527353137997,0.3142527353137997
zinc_cash_usd_per_ton,other_metals,daily,monthly_mean,12,128,0.26068373129246447,0.26068373129246447,0.2775704999084417,0.2775704999084417
global_dry_bulk_export,shipping,daily,monthly_sum,12,80,0.25921852838267795,0.25921852838267795,0.2974449132676981,0.2974449132676981
germany_manufacturing_order_books,macro_fred,monthly,as_is,3,137,-0.2587466812250134,0.2587466812250134,-0.16469597158982485,0.16469597158982485
us_10y_2y_spread,macro_fred,monthly,as_is,2,138,-0.2579005320567321,0.2579005320567321,-0.27154887066322875,0.27154887066322875
icsg_refined_balance_ton,icsg,annual,repeat_within_year,1,115,0.2566753260341333,0.2566753260341333,0.27776855572345505,0.27776855572345505
us_industrial_production,macro_fred,monthly,as_is,12,128,-0.2546987996790856,0.2546987996790856,-0.3275103110558754,0.3275103110558754
us_10y_2y_spread,macro_fred,monthly,as_is,3,137,-0.25329838046422154,0.25329838046422154,-0.26493942385239116,0.26493942385239116
china_copper_related_dry_bulk_export,shipping,daily,monthly_sum,2,90,0.25228507946701695,0.25228507946701695,0.5139811499362061,0.5139811499362061
platinum_usd_per_troy_ounce,commodities,monthly,as_is,12,128,0.2513471428687026,0.2513471428687026,0.16348107255097855,0.16348107255097855
turkey_capacity_fabricated_metals_percent,turkey,monthly,as_is,6,134,0.2512947181257853,0.2512947181257853,0.31591166972156765,0.31591166972156765
lead_stock_ton,other_metals,daily,month_end_last,3,137,0.25082409299820485,0.25082409299820485,0.08628720241661736,0.08628720241661736
global_dry_bulk_export,shipping,daily,monthly_sum,2,90,0.25006196689191296,0.25006196689191296,0.2674815820883236,0.2674815820883236
global_dry_bulk_export,shipping,daily,monthly_sum,3,89,0.24948186603665204,0.24948186603665204,0.2684031324480763,0.2684031324480763
global_dry_bulk_import,shipping,daily,monthly_sum,3,89,0.2489241200633642,0.2489241200633642,0.29230507320394966,0.29230507320394966
china_fixed_asset_investment_yoy_pct,china,monthly,as_is,6,122,-0.24823321916622076,0.24823321916622076,-0.5445426816626531,0.5445426816626531
euro_area_industrial_production,global_macro,monthly,as_is,2,138,0.24816206207677385,0.24816206207677385,0.3412375141810455,0.3412375141810455
turkey_capacity_machinery_percent,turkey,monthly,as_is,0,140,-0.24499736480335974,0.24499736480335974,-0.2661389429489843,0.2661389429489843
icsg_refined_balance_ton,icsg,annual,repeat_within_year,0,116,0.2416421820543286,0.2416421820543286,0.2936967098411716,0.2936967098411716
usd_cny,macro_fred,monthly,as_is,0,140,0.24040661016491513,0.24040661016491513,0.24554459775644535,0.24554459775644535
korea_industrial_production,macro_fred,monthly,as_is,6,134,0.2391764343904362,0.2391764343904362,0.3532966162880293,0.3532966162880293
geopolitical_acts_index,risk,monthly,as_is,12,128,0.23886250867651795,0.23886250867651795,0.13906564731734114,0.13906564731734114
turkey_manufacturing_capacity_utilization_percent,turkey,monthly,as_is,6,134,-0.2370954639704578,0.2370954639704578,-0.36163312319067586,0.36163312319067586
india_industrial_production,macro_fred,monthly,as_is,1,137,0.23615969828162245,0.23615969828162245,0.28847051356245446,0.28847051356245446
china_copper_related_dry_bulk_portcalls,shipping,daily,monthly_sum,6,86,0.23590128917980668,0.23590128917980668,0.35553123544154647,0.35553123544154647
india_industrial_production,macro_fred,monthly,as_is,0,137,0.2357524002203324,0.2357524002203324,0.3326488323034704,0.3326488323034704
turkey_capacity_electrical_equipment_percent,turkey,monthly,as_is,12,128,-0.23505671082507748,0.23505671082507748,-0.23749084416773483,0.23749084416773483
copper_stock_ton,copper_market,daily,month_end_last,2,138,-0.23423807876298403,0.23423807876298403,-0.3567289514790524,0.3567289514790524
germany_manufacturing_order_books,macro_fred,monthly,as_is,2,138,-0.23355771821554672,0.23355771821554672,-0.14311791710195595,0.14311791710195595
tin_stock_ton,other_metals,daily,month_end_last,6,134,-0.22985696704436762,0.22985696704436762,-0.28342994802715094,0.28342994802715094
tin_stock_ton,other_metals,daily,month_end_last,12,128,-0.22965242190252352,0.22965242190252352,-0.17712421013161384,0.17712421013161384
coal_australia_usd_per_ton,commodities,monthly,as_is,12,128,0.22951897393142112,0.22951897393142112,0.4228098914171239,0.4228098914171239
us_industrial_production,macro_fred,monthly,as_is,0,139,0.2277254699868951,0.2277254699868951,0.2111959998169241,0.2111959998169241
global_dry_bulk_export,shipping,daily,monthly_sum,1,91,0.2250971459806312,0.2250971459806312,0.27630195891065457,0.27630195891065457
copper_stock_ton,copper_market,daily,month_end_last,1,139,-0.2234493683207806,0.2234493683207806,-0.35301924353107356,0.35301924353107356
korea_industrial_production,macro_fred,monthly,as_is,0,137,0.22250814076601133,0.22250814076601133,0.3163565212219111,0.3163565212219111
euro_area_industrial_production,global_macro,monthly,as_is,3,137,0.2181942566847701,0.2181942566847701,0.3175464167908224,0.3175464167908224
lead_cash_usd_per_ton,other_metals,daily,monthly_mean,1,139,0.21711326594057512,0.21711326594057512,0.3340188726250717,0.3340188726250717
lead_cash_usd_per_ton,other_metals,daily,monthly_mean,0,140,0.21706655142459058,0.21706655142459058,0.3390592148208001,0.3390592148208001
korea_industrial_production,macro_fred,monthly,as_is,12,128,0.21387860551251567,0.21387860551251567,0.2892556308368431,0.2892556308368431
china_ppi_yoy_pct,china,monthly,as_is,0,138,0.21341569188266885,0.21341569188266885,0.23618485617560925,0.23618485617560925
lead_cash_usd_per_ton,other_metals,daily,monthly_mean,2,138,0.21150591308386876,0.21150591308386876,0.31804716333897065,0.31804716333897065
lead_stock_ton,other_metals,daily,month_end_last,6,134,0.21016505075741868,0.21016505075741868,0.05900352375301885,0.05900352375301885
china_copper_related_dry_bulk_import,shipping,daily,monthly_sum,6,86,0.20931498798500697,0.20931498798500697,0.23464314354450683,0.23464314354450683
copper_stock_ton,copper_market,daily,month_end_last,0,140,-0.20703146817484444,0.20703146817484444,-0.3417689133613677,0.3417689133613677
turkey_manufacturing_capacity_utilization_percent,turkey,monthly,as_is,3,137,-0.2053736731398055,0.2053736731398055,-0.3654457619261457,0.3654457619261457
turkey_capacity_basic_metals_percent,turkey,monthly,as_is,12,128,-0.20501218473706118,0.20501218473706118,-0.15008125801135322,0.15008125801135322
china_copper_related_dry_bulk_export,shipping,daily,monthly_sum,1,91,0.20354228679829553,0.20354228679829553,0.4543876413441631,0.4543876413441631
germany_manufacturing_order_books,macro_fred,monthly,as_is,1,138,-0.20317275820131586,0.20317275820131586,-0.11307783549593144,0.11307783549593144
korea_industrial_production,macro_fred,monthly,as_is,1,137,0.20257375633433222,0.20257375633433222,0.29784463597551863,0.29784463597551863
usd_gbp,macro_fred,monthly,as_is,3,137,-0.20229221244150955,0.20229221244150955,-0.07598894841973602,0.07598894841973602
china_copper_related_portcalls,shipping,daily,monthly_sum,1,91,0.20153981938391366,0.20153981938391366,0.24896876844642507,0.24896876844642507
chile_mining_wage_index,chile_cochilco,annual,repeat_within_year,0,120,0.20000171960495425,0.20000171960495425,0.2579686633172983,0.2579686633172983
korea_industrial_production,macro_fred,monthly,as_is,3,137,0.19915128201957968,0.19915128201957968,0.2939383084950622,0.2939383084950622
g20_composite_leading_indicator,leading_indicators,monthly,as_is,6,134,0.19829140522919922,0.19829140522919922,0.3890447511814362,0.3890447511814362
lead_cash_usd_per_ton,other_metals,daily,monthly_mean,3,137,0.19595510327213744,0.19595510327213744,0.30073121130008534,0.30073121130008534
korea_industrial_production,macro_fred,monthly,as_is,2,137,0.194497544005755,0.194497544005755,0.2900039786670756,0.2900039786670756
global_dry_bulk_portcalls,shipping,daily,monthly_sum,12,80,0.1944865113526468,0.1944865113526468,0.2195264885138303,0.2195264885138303
china_ppi_yoy_pct,china,monthly,as_is,1,138,0.19414131269932786,0.19414131269932786,0.21995309891980344,0.21995309891980344
india_industrial_production,macro_fred,monthly,as_is,2,137,0.19399878098797782,0.19399878098797782,0.2701943360651147,0.2701943360651147
china_fixed_asset_investment_yoy_pct,china,monthly,as_is,2,126,-0.19336048924222018,0.19336048924222018,-0.4487975119308423,0.4487975119308423
global_cargo_portcalls,shipping,daily,monthly_sum,12,80,0.1925497446552838,0.1925497446552838,0.24137365213314582,0.24137365213314582
china_fixed_asset_investment_yoy_pct,china,monthly,as_is,3,125,-0.19137350698481395,0.19137350698481395,-0.4764398034824848,0.4764398034824848
indonesia_reer,macro_fred,monthly,as_is,12,128,-0.19021795929350604,0.19021795929350604,-0.07409929500091557,0.07409929500091557
geopolitical_acts_index,risk,monthly,as_is,6,134,0.18915514579442294,0.18915514579442294,0.14924624995324134,0.14924624995324134
us_industrial_production,macro_fred,monthly,as_is,1,139,0.18830745515419017,0.18830745515419017,0.16286715544399483,0.16286715544399483
turkey_capacity_electrical_equipment_percent,turkey,monthly,as_is,2,138,-0.1854734736612301,0.1854734736612301,-0.28602316496533015,0.28602316496533015
turkey_manufacturing_capacity_utilization_percent,turkey,monthly,as_is,2,138,-0.1832379954159288,0.1832379954159288,-0.3480416018908504,0.3480416018908504
global_dry_bulk_import,shipping,daily,monthly_sum,0,92,0.18246687281393278,0.18246687281393278,0.3175253918591927,0.3175253918591927
chile_mining_wage_index,chile_cochilco,annual,repeat_within_year,1,120,0.1807342601032582,0.1807342601032582,0.2514356906748472,0.2514356906748472
turkey_capacity_electrical_equipment_percent,turkey,monthly,as_is,1,139,-0.17945076398356166,0.17945076398356166,-0.2898565619554046,0.2898565619554046
usd_gbp,macro_fred,monthly,as_is,2,138,-0.17869191082696467,0.17869191082696467,-0.04017680809335394,0.04017680809335394
global_portcalls,shipping,daily,monthly_sum,12,80,0.17779889090258147,0.17779889090258147,0.1928973277074543,0.1928973277074543
turkey_capacity_electrical_equipment_percent,turkey,monthly,as_is,0,140,-0.17480969780519376,0.17480969780519376,-0.2961842076490784,0.2961842076490784
turkey_capacity_electrical_equipment_percent,turkey,monthly,as_is,3,137,-0.17324356917494987,0.17324356917494987,-0.2507980659734538,0.2507980659734538
germany_manufacturing_order_books,macro_fred,monthly,as_is,0,138,-0.17278910756269145,0.17278910756269145,-0.08518396326207861,0.08518396326207861
copper_supply_dry_bulk_import,shipping,daily,monthly_sum,0,92,-0.1724212968093628,0.1724212968093628,-0.07259220442951157,0.07259220442951157
china_fixed_asset_investment_yoy_pct,china,monthly,as_is,0,126,-0.1717763980179576,0.1717763980179576,-0.40268684287747186,0.40268684287747186
china_ppi_yoy_pct,china,monthly,as_is,2,138,0.1716351042711714,0.1716351042711714,0.2021182615298423,0.2021182615298423
hong_kong_hang_seng,equities_indices,monthly,as_is,6,134,-0.17126021693000762,0.17126021693000762,-0.16908190875197948,0.16908190875197948
china_fixed_asset_investment_yoy_pct,china,monthly,as_is,1,126,-0.17122312193740283,0.17122312193740283,-0.4198410917809964,0.4198410917809964
global_container_portcalls,shipping,daily,monthly_sum,6,86,0.1656427061240166,0.1656427061240166,0.153121152514334,0.153121152514334
chile_sulfuric_acid_export_ton,chile_cochilco,annual,repeat_within_year,6,120,-0.16529371014647198,0.16529371014647198,-0.2010982989041666,0.2010982989041666
turkey_capacity_electrical_equipment_percent,turkey,monthly,as_is,6,134,-0.16198866178967916,0.16198866178967916,-0.190204366637988,0.190204366637988
shfe_open_interest_lots,copper_market,daily,month_end_last,6,122,-0.16106719236195519,0.16106719236195519,-0.256171911400729,0.256171911400729
eur_usd,macro_fred,monthly,as_is,3,137,0.16103920820945344,0.16103920820945344,0.17294270012998186,0.17294270012998186
turkey_manufacturing_capacity_utilization_percent,turkey,monthly,as_is,1,139,-0.15998025371598248,0.15998025371598248,-0.32765819322908124,0.32765819322908124
eur_usd,macro_fred,monthly,as_is,2,138,0.15988171372483648,0.15988171372483648,0.18096157885651334,0.18096157885651334
chile_mining_wage_index,chile_cochilco,annual,repeat_within_year,2,120,0.15978425896021403,0.15978425896021403,0.23912354992561255,0.23912354992561255
india_industrial_production,macro_fred,monthly,as_is,3,137,0.15951960313195013,0.15951960313195013,0.22189034293501592,0.22189034293501592
usd_gbp,macro_fred,monthly,as_is,1,139,-0.15653581464695804,0.15653581464695804,-0.011148844899235889,0.011148844899235889
india_industrial_production,macro_fred,monthly,as_is,6,134,0.15359736776961597,0.15359736776961597,0.2360802503771868,0.2360802503771868
euro_area_industrial_production,global_macro,monthly,as_is,6,134,0.15262414052881565,0.15262414052881565,0.23767093253304103,0.23767093253304103
eur_usd,macro_fred,monthly,as_is,1,139,0.15061069223041304,0.15061069223041304,0.17883770239488397,0.17883770239488397
china_copper_related_dry_bulk_export,shipping,daily,monthly_sum,0,92,0.14969027053367787,0.14969027053367787,0.3995653715148806,0.3995653715148806
copper_supply_dry_bulk_portcalls,shipping,daily,monthly_sum,12,80,0.14947938407748057,0.14947938407748057,0.06162132113971513,0.06162132113971513
lead_stock_ton,other_metals,daily,month_end_last,12,128,0.1493421034290338,0.1493421034290338,-0.018085733415269426,0.018085733415269426
vix_index,macro_fred,monthly,as_is,6,134,0.14837796381315835,0.14837796381315835,0.2621133207564735,0.2621133207564735
copper_supply_dry_bulk_import,shipping,daily,monthly_sum,3,89,-0.14580428890118657,0.14580428890118657,-0.06831801157643855,0.06831801157643855
global_dry_bulk_export,shipping,daily,monthly_sum,0,92,0.1452425358669131,0.1452425358669131,0.27167362791486216,0.27167362791486216
china_industrial_value_added_yoy_pct,china,monthly,as_is,0,114,-0.14483818570994772,0.14483818570994772,-0.23275021322178066,0.23275021322178066
global_dry_bulk_portcalls,shipping,daily,monthly_sum,6,86,0.1447617434488381,0.1447617434488381,0.20577385725741779,0.20577385725741779
turkey_manufacturing_capacity_utilization_percent,turkey,monthly,as_is,0,140,-0.14459694958662964,0.14459694958662964,-0.3216161289053757,0.3216161289053757
eur_usd,macro_fred,monthly,as_is,0,140,0.142888625820048,0.142888625820048,0.16838505255786373,0.16838505255786373
shfe_open_interest_change,copper_market,daily,monthly_sum,12,116,0.1428151947615253,0.1428151947615253,0.15670626225348866,0.15670626225348866
china_copper_related_dry_bulk_portcalls,shipping,daily,monthly_sum,0,92,-0.13970865218575576,0.13970865218575576,0.03124121004027178,0.03124121004027178
china_ppi_yoy_pct,china,monthly,as_is,3,137,0.138392897858839,0.138392897858839,0.18138873552031146,0.18138873552031146
eur_usd,macro_fred,monthly,as_is,12,128,-0.13552266864261323,0.13552266864261323,-0.173243148128193,0.173243148128193
chile_mining_wage_index,chile_cochilco,annual,repeat_within_year,3,120,0.13490790739803254,0.13490790739803254,0.22563882434311738,0.22563882434311738
lead_cash_usd_per_ton,other_metals,daily,monthly_mean,6,134,0.13452182517140235,0.13452182517140235,0.22358411399674982,0.22358411399674982
usd_gbp,macro_fred,monthly,as_is,0,140,-0.13432358452984708,0.13432358452984708,0.00687935973409722,0.00687935973409722
vix_index,macro_fred,monthly,as_is,3,137,0.13377276189937645,0.13377276189937645,0.2907133714711728,0.2907133714711728
copper_supply_dry_bulk_import,shipping,daily,monthly_sum,2,90,-0.1332169596714719,0.1332169596714719,-0.05427007449479359,0.05427007449479359
us_industrial_production,macro_fred,monthly,as_is,2,138,0.13275365006495748,0.13275365006495748,0.09872861958710828,0.09872861958710828
drc_inflation_mom,global_macro,monthly,as_is,0,138,-0.1296717097546675,0.1296717097546675,0.12155854118989355,0.12155854118989355
poland_wig20,equities_indices,monthly,as_is,12,128,0.1292691736019013,0.1292691736019013,-0.042746291887932615,0.042746291887932615
china_copper_related_dry_bulk_import,shipping,daily,monthly_sum,3,89,0.12857177437217276,0.12857177437217276,0.17970718420156623,0.17970718420156623
copper_supply_dry_bulk_import,shipping,daily,monthly_sum,12,80,-0.1236137800106902,0.1236137800106902,-0.1640881387716831,0.1640881387716831
turkey_capacity_intermediate_goods_percent,turkey,monthly,as_is,6,134,-0.12231535193908163,0.12231535193908163,-0.15197884172520013,0.15197884172520013
copper_supply_dry_bulk_import,shipping,daily,monthly_sum,1,91,-0.12092409211551498,0.12092409211551498,-0.045198279980888684,0.045198279980888684
china_industrial_value_added_yoy_pct,china,monthly,as_is,1,114,-0.12028766269412981,0.12028766269412981,-0.22604624183927816,0.22604624183927816
hong_kong_hang_seng,equities_indices,monthly,as_is,3,137,-0.11802377397223732,0.11802377397223732,-0.11058580842682993,0.11058580842682993
tin_stock_ton,other_metals,daily,month_end_last,3,137,-0.11756906228056531,0.11756906228056531,-0.29075974401977867,0.29075974401977867
eur_usd,macro_fred,monthly,as_is,6,134,0.11688605064472661,0.11688605064472661,0.0972633006980685,0.0972633006980685
copper_supply_dry_bulk_import,shipping,daily,monthly_sum,6,86,-0.11622527160060701,0.11622527160060701,-0.08023963394499742,0.08023963394499742
turkey_real_sector_confidence_index,turkey,monthly,as_is,0,140,0.11567203089770373,0.11567203089770373,0.039772870306726035,0.039772870306726035
hong_kong_hang_seng,equities_indices,monthly,as_is,2,138,-0.11409147369003257,0.11409147369003257,-0.09695905604935282,0.09695905604935282
china_copper_related_dry_bulk_portcalls,shipping,daily,monthly_sum,3,89,0.1140522241670735,0.1140522241670735,0.2146265061441482,0.2146265061441482
drc_inflation_mom,global_macro,monthly,as_is,1,138,-0.11403222140546908,0.11403222140546908,0.15835876220187123,0.15835876220187123
shfe_open_interest_lots,copper_market,daily,month_end_last,3,125,-0.11363985582059473,0.11363985582059473,-0.1644854070660522,0.1644854070660522
vix_index,macro_fred,monthly,as_is,2,138,0.11241204344874905,0.11241204344874905,0.2834617803893958,0.2834617803893958
shfe_open_interest_lots,copper_market,daily,month_end_last,2,126,-0.10839861049848065,0.10839861049848065,-0.13718185226846646,0.13718185226846646
turkey_real_sector_confidence_index,turkey,monthly,as_is,1,139,0.10674773130126078,0.10674773130126078,0.041924463267489095,0.041924463267489095
hong_kong_hang_seng,equities_indices,monthly,as_is,1,139,-0.10492227674065768,0.10492227674065768,-0.07411412484918896,0.07411412484918896
china_copper_related_dry_bulk_import,shipping,daily,monthly_sum,2,90,0.10028407469067975,0.10028407469067975,0.1599950611186566,0.1599950611186566
copper_supply_portcalls,shipping,daily,monthly_sum,12,80,-0.09945038688014865,0.09945038688014865,-0.16032499445020584,0.16032499445020584
china_industrial_value_added_yoy_pct,china,monthly,as_is,2,114,-0.09806408844300588,0.09806408844300588,-0.22922394048733255,0.22922394048733255
shfe_open_interest_change,copper_market,daily,monthly_sum,6,122,0.09748900793223533,0.09748900793223533,0.0907835213022229,0.0907835213022229
drc_inflation_mom,global_macro,monthly,as_is,3,137,-0.09739979715218544,0.09739979715218544,0.19598234444081772,0.19598234444081772
drc_inflation_mom,global_macro,monthly,as_is,2,138,-0.0968533739200425,0.0968533739200425,0.1838093183267326,0.1838093183267326
china_ppi_yoy_pct,china,monthly,as_is,12,128,-0.09569780985988526,0.09569780985988526,-0.033857998069136426,0.033857998069136426
turkey_capacity_intermediate_goods_percent,turkey,monthly,as_is,3,137,-0.09529175751032523,0.09529175751032523,-0.15757134846633805,0.15757134846633805
turkey_real_sector_confidence_index,turkey,monthly,as_is,2,138,0.09520185891728383,0.09520185891728383,0.04299786293293282,0.04299786293293282
global_container_portcalls,shipping,daily,monthly_sum,3,89,0.09393068729163462,0.09393068729163462,0.06835235083629679,0.06835235083629679
hong_kong_hang_seng,equities_indices,monthly,as_is,0,140,-0.09370439604924195,0.09370439604924195,-0.05468063239378103,0.05468063239378103
global_dry_bulk_portcalls,shipping,daily,monthly_sum,3,89,0.09082794702121363,0.09082794702121363,0.18736806264896155,0.18736806264896155
global_container_portcalls,shipping,daily,monthly_sum,2,90,0.09014591098149242,0.09014591098149242,0.07863554609913949,0.07863554609913949
indonesia_inflation_mom,global_macro,monthly,as_is,12,128,-0.08826491052554027,0.08826491052554027,-0.13886480513098715,0.13886480513098715
china_industrial_value_added_yoy_pct,china,monthly,as_is,3,113,-0.08624996134311928,0.08624996134311928,-0.20732771507256287,0.20732771507256287
global_dry_bulk_portcalls,shipping,daily,monthly_sum,2,90,0.08610013712103777,0.08610013712103777,0.1876363337037494,0.1876363337037494
global_cargo_portcalls,shipping,daily,monthly_sum,6,86,0.08597003761852279,0.08597003761852279,0.1029576866833341,0.1029576866833341
turkey_real_sector_confidence_index,turkey,monthly,as_is,12,128,-0.08438891930711521,0.08438891930711521,-0.0076228192640731786,0.0076228192640731786
global_container_portcalls,shipping,daily,monthly_sum,1,91,0.08384490075981858,0.08384490075981858,0.06141129722654676,0.06141129722654676
vix_index,macro_fred,monthly,as_is,1,139,0.08306380888799249,0.08306380888799249,0.25327790928778177,0.25327790928778177
turkey_capacity_intermediate_goods_percent,turkey,monthly,as_is,2,138,-0.08293809880028029,0.08293809880028029,-0.1551550738486504,0.1551550738486504
global_portcalls,shipping,daily,monthly_sum,6,86,0.08230754781318624,0.08230754781318624,0.07074862021793481,0.07074862021793481
turkey_real_sector_confidence_index,turkey,monthly,as_is,3,137,0.08156997007687508,0.08156997007687508,0.04481659376257857,0.04481659376257857
tin_stock_ton,other_metals,daily,month_end_last,2,138,-0.08081034431689892,0.08081034431689892,-0.2733834795988066,0.2733834795988066
global_dry_bulk_portcalls,shipping,daily,monthly_sum,1,91,0.07937574772147539,0.07937574772147539,0.19687848383500559,0.19687848383500559
us_industrial_production,macro_fred,monthly,as_is,3,137,0.07936860234132036,0.07936860234132036,0.034692575060899546,0.034692575060899546
china_copper_related_portcalls,shipping,daily,monthly_sum,0,92,0.07862087563820755,0.07862087563820755,0.20819333561857523,0.20819333561857523
natural_gas_usd,macro_fred,monthly,as_is,12,128,0.07846860392438038,0.07846860392438038,-0.029510391869620945,0.029510391869620945
shfe_open_interest_lots,copper_market,daily,month_end_last,1,127,-0.07417590408855093,0.07417590408855093,-0.08223776715410573,0.08223776715410573
drc_inflation_mom,global_macro,monthly,as_is,6,134,-0.07197320451516565,0.07197320451516565,0.26492764827787213,0.26492764827787213
copper_supply_portcalls,shipping,daily,monthly_sum,1,91,0.07030803112215693,0.07030803112215693,0.015523634344752374,0.015523634344752374
global_portcalls,shipping,daily,monthly_sum,1,91,0.06967606916334206,0.06967606916334206,0.08437649307214526,0.08437649307214526
copper_supply_dry_bulk_export,shipping,daily,monthly_sum,12,80,0.06843203158032181,0.06843203158032181,0.1115096108766995,0.1115096108766995
turkey_capacity_intermediate_goods_percent,turkey,monthly,as_is,1,139,-0.06631635681626522,0.06631635681626522,-0.14702504326744667,0.14702504326744667
china_industrial_value_added_yoy_pct,china,monthly,as_is,12,106,-0.06446419850031712,0.06446419850031712,-0.16023967671249922,0.16023967671249922
copper_supply_portcalls,shipping,daily,monthly_sum,6,86,0.06446092279483741,0.06446092279483741,0.05227944178723155,0.05227944178723155
china_copper_related_dry_bulk_portcalls,shipping,daily,monthly_sum,2,90,0.06416041859670737,0.06416041859670737,0.1896224590315228,0.1896224590315228
vix_index,macro_fred,monthly,as_is,0,140,0.0632255592918246,0.0632255592918246,0.2296409761880363,0.2296409761880363
japan_manufacturing_growth,macro_fred,monthly,as_is,0,137,0.06303946644283163,0.06303946644283163,0.02644616142302755,0.02644616142302755
turkey_real_sector_confidence_index,turkey,monthly,as_is,6,134,0.06207711021740811,0.06207711021740811,0.0559975460817064,0.0559975460817064
shfe_open_interest_change,copper_market,daily,monthly_sum,0,128,0.062030028700453516,0.062030028700453516,0.020366004394799485,0.020366004394799485
tin_stock_ton,other_metals,daily,month_end_last,1,139,-0.061202872862630806,0.061202872862630806,-0.24200779085432728,0.24200779085432728
shfe_open_interest_change,copper_market,daily,monthly_sum,3,125,0.06116318871215077,0.06116318871215077,0.01772043010752688,0.01772043010752688
india_industrial_production,macro_fred,monthly,as_is,12,128,0.05997065891414965,0.05997065891414965,0.1105852865775499,0.1105852865775499
japan_manufacturing_growth,macro_fred,monthly,as_is,6,134,0.059204970427756,0.059204970427756,0.031053143472326034,0.031053143472326034
shfe_open_interest_change,copper_market,daily,monthly_sum,1,127,0.056616807983193136,0.056616807983193136,0.014675899887514061,0.014675899887514061
g20_composite_leading_indicator,leading_indicators,monthly,as_is,12,128,-0.05566986948644213,0.05566986948644213,0.11224478117560888,0.11224478117560888
china_ppi_yoy_pct,china,monthly,as_is,6,134,0.05432967158860845,0.05432967158860845,0.1331954845146883,0.1331954845146883
turkey_capacity_intermediate_goods_percent,turkey,monthly,as_is,0,140,-0.0535199472139584,0.0535199472139584,-0.15009197920130513,0.15009197920130513
chile_mining_wage_index,chile_cochilco,annual,repeat_within_year,12,120,-0.051436686560414,0.051436686560414,0.06935001728140357,0.06935001728140357
japan_manufacturing_growth,macro_fred,monthly,as_is,2,137,0.051121582184979975,0.051121582184979975,0.016810919164518705,0.016810919164518705
global_cargo_portcalls,shipping,daily,monthly_sum,1,91,0.050928230412002576,0.050928230412002576,0.05801879280140151,0.05801879280140151
copper_supply_portcalls,shipping,daily,monthly_sum,3,89,0.05069482791236135,0.05069482791236135,-0.016083166346065703,0.016083166346065703
global_portcalls,shipping,daily,monthly_sum,2,90,0.050412734166803815,0.050412734166803815,0.06623863028357409,0.06623863028357409
turkey_capacity_basic_metals_percent,turkey,monthly,as_is,3,137,-0.0501443711952924,0.0501443711952924,-0.02545410420594769,0.02545410420594769
japan_manufacturing_growth,macro_fred,monthly,as_is,1,137,0.049615777992334756,0.049615777992334756,0.016785250076399645,0.016785250076399645
shfe_open_interest_lots,copper_market,daily,month_end_last,0,128,-0.0464488841426988,0.0464488841426988,-0.05261170115363486,0.05261170115363486
turkey_capacity_basic_metals_percent,turkey,monthly,as_is,6,134,-0.0456731413994513,0.0456731413994513,0.006645968154216387,0.006645968154216387
turkey_capacity_basic_metals_percent,turkey,monthly,as_is,1,139,-0.04473158498768326,0.04473158498768326,-0.0164618615666473,0.0164618615666473
turkey_capacity_basic_metals_percent,turkey,monthly,as_is,2,138,-0.044167939731084106,0.044167939731084106,-0.02092061672781736,0.02092061672781736
turkey_capacity_basic_metals_percent,turkey,monthly,as_is,0,140,-0.04382950484751703,0.04382950484751703,-0.01540311823489537,0.01540311823489537
global_portcalls,shipping,daily,monthly_sum,3,89,0.04273730614197318,0.04273730614197318,0.056571331290432424,0.056571331290432424
china_copper_related_dry_bulk_import,shipping,daily,monthly_sum,0,92,-0.04192715882315303,0.04192715882315303,0.04202949925250066,0.04202949925250066
indonesia_inflation_mom,global_macro,monthly,as_is,6,134,-0.04066382228511955,0.04066382228511955,-0.08878768179304239,0.08878768179304239
global_cargo_portcalls,shipping,daily,monthly_sum,2,90,0.03961415319773781,0.03961415319773781,0.04235090751944684,0.04235090751944684
chile_mining_wage_index,chile_cochilco,annual,repeat_within_year,6,120,0.03960112975319244,0.03960112975319244,0.15251978438337666,0.15251978438337666
china_industrial_value_added_yoy_pct,china,monthly,as_is,6,110,-0.03957791137713707,0.03957791137713707,-0.09721601728045895,0.09721601728045895
drc_inflation_mom,global_macro,monthly,as_is,12,128,0.03946034602666077,0.03946034602666077,0.39164638779376293,0.39164638779376293
china_copper_related_dry_bulk_import,shipping,daily,monthly_sum,1,91,0.037813316707139714,0.037813316707139714,0.06891224717311674,0.06891224717311674
tin_stock_ton,other_metals,daily,month_end_last,0,140,-0.03759706563981074,0.03759706563981074,-0.2061398713413036,0.2061398713413036
us_industrial_production,macro_fred,monthly,as_is,6,134,-0.03758582787121079,0.03758582787121079,-0.1355479938005191,0.1355479938005191
global_cargo_portcalls,shipping,daily,monthly_sum,3,89,0.033957428160346845,0.033957428160346845,0.03726591760299626,0.03726591760299626
shfe_open_interest_change,copper_market,daily,monthly_sum,2,126,0.032800989689266195,0.032800989689266195,-0.008563929508811399,0.008563929508811399
euro_area_industrial_production,global_macro,monthly,as_is,12,128,-0.029533762843298495,0.029533762843298495,0.06570916009032843,0.06570916009032843
peru_mining_employment_yoy_pct,peru_mining,annual,repeat_within_year,12,56,0.029157422305405814,0.029157422305405814,-0.022905492610131337,0.022905492610131337
japan_manufacturing_growth,macro_fred,monthly,as_is,3,137,0.028935796669866773,0.028935796669866773,-0.016768915202142062,0.016768915202142062
indonesia_inflation_mom,global_macro,monthly,as_is,1,139,-0.023910355384010665,0.023910355384010665,-0.05005944092607963,0.05005944092607963
china_copper_related_dry_bulk_portcalls,shipping,daily,monthly_sum,1,91,-0.022850001625115468,0.022850001625115468,0.09439513930207515,0.09439513930207515
shfe_turnover,copper_market,daily,monthly_sum,12,50,-0.0208406152926803,0.0208406152926803,-0.006194477791116446,0.006194477791116446
usa_nyse_mp_materials,equities_companies,monthly,as_is,12,63,0.02023283843319029,0.02023283843319029,-0.3446620583717358,0.3446620583717358
global_cargo_portcalls,shipping,daily,monthly_sum,0,92,-0.01918898850695062,0.01918898850695062,0.0754280782331273,0.0754280782331273
lead_cash_usd_per_ton,other_metals,daily,monthly_mean,12,128,0.018898510836949257,0.018898510836949257,0.10217065065167172,0.10217065065167172
indonesia_inflation_mom,global_macro,monthly,as_is,3,137,-0.017722844400628223,0.017722844400628223,-0.06634139828010423,0.06634139828010423
global_container_portcalls,shipping,daily,monthly_sum,0,92,0.015350188583575574,0.015350188583575574,0.04350154702168067,0.04350154702168067
copper_supply_portcalls,shipping,daily,monthly_sum,0,92,0.013755829125092838,0.013755829125092838,0.003961876675321069,0.003961876675321069
copper_supply_portcalls,shipping,daily,monthly_sum,2,90,0.01362245239575783,0.01362245239575783,-0.015816297546018588,0.015816297546018588
chile_sulfuric_acid_export_ton,chile_cochilco,annual,repeat_within_year,12,120,-0.010382218134756663,0.010382218134756663,-0.04397193124726675,0.04397193124726675
global_portcalls,shipping,daily,monthly_sum,0,92,0.009212547547637765,0.009212547547637765,0.10924279086971934,0.10924279086971934
japan_manufacturing_growth,macro_fred,monthly,as_is,12,128,-0.008237579650472872,0.008237579650472872,0.027018675306556918,0.027018675306556918
global_dry_bulk_portcalls,shipping,daily,monthly_sum,0,92,-0.008073703078052748,0.008073703078052748,0.2101166715472466,0.2101166715472466
turkey_capacity_fabricated_metals_percent,turkey,monthly,as_is,12,128,0.007159468911520156,0.007159468911520156,0.12050791979490934,0.12050791979490934
indonesia_inflation_mom,global_macro,monthly,as_is,2,138,0.005266398307595136,0.005266398307595136,-0.042028512820383356,0.042028512820383356
indonesia_inflation_mom,global_macro,monthly,as_is,0,140,0.0036280869741865973,0.0036280869741865973,-0.012488162667541096,0.012488162667541096
