horizon,origin_date,expert,prior_mae,weight,weight_method
1,2025-01-31,arima_10y,,0.045454545454545456,equal_warmup
1,2025-01-31,arima_5y,,0.045454545454545456,equal_warmup
1,2025-01-31,arima_8y,,0.045454545454545456,equal_warmup
1,2025-01-31,elasticnet_10y,,0.045454545454545456,equal_warmup
1,2025-01-31,elasticnet_5y,,0.045454545454545456,equal_warmup
1,2025-01-31,elasticnet_8y,,0.045454545454545456,equal_warmup
1,2025-01-31,lightgbm_10y,,0.045454545454545456,equal_warmup
1,2025-01-31,lightgbm_5y,,0.045454545454545456,equal_warmup
1,2025-01-31,lightgbm_8y,,0.045454545454545456,equal_warmup
1,2025-01-31,lightgbm_return_10y,,0.045454545454545456,equal_warmup
1,2025-01-31,lightgbm_return_5y,,0.045454545454545456,equal_warmup
1,2025-01-31,lightgbm_return_8y,,0.045454545454545456,equal_warmup
1,2025-01-31,naive,,0.045454545454545456,equal_warmup
1,2025-01-31,ridge_10y,,0.045454545454545456,equal_warmup
1,2025-01-31,ridge_5y,,0.045454545454545456,equal_warmup
1,2025-01-31,ridge_8y,,0.045454545454545456,equal_warmup
1,2025-01-31,sarimax_10y,,0.045454545454545456,equal_warmup
1,2025-01-31,sarimax_5y,,0.045454545454545456,equal_warmup
1,2025-01-31,sarimax_8y,,0.045454545454545456,equal_warmup
1,2025-01-31,xgboost_return_10y,,0.045454545454545456,equal_warmup
1,2025-01-31,xgboost_return_5y,,0.045454545454545456,equal_warmup
1,2025-01-31,xgboost_return_8y,,0.045454545454545456,equal_warmup
1,2025-02-28,arima_10y,,0.045454545454545456,equal_warmup
1,2025-02-28,arima_5y,,0.045454545454545456,equal_warmup
1,2025-02-28,arima_8y,,0.045454545454545456,equal_warmup
1,2025-02-28,elasticnet_10y,,0.045454545454545456,equal_warmup
1,2025-02-28,elasticnet_5y,,0.045454545454545456,equal_warmup
1,2025-02-28,elasticnet_8y,,0.045454545454545456,equal_warmup
1,2025-02-28,lightgbm_10y,,0.045454545454545456,equal_warmup
1,2025-02-28,lightgbm_5y,,0.045454545454545456,equal_warmup
1,2025-02-28,lightgbm_8y,,0.045454545454545456,equal_warmup
1,2025-02-28,lightgbm_return_10y,,0.045454545454545456,equal_warmup
1,2025-02-28,lightgbm_return_5y,,0.045454545454545456,equal_warmup
1,2025-02-28,lightgbm_return_8y,,0.045454545454545456,equal_warmup
1,2025-02-28,naive,,0.045454545454545456,equal_warmup
1,2025-02-28,ridge_10y,,0.045454545454545456,equal_warmup
1,2025-02-28,ridge_5y,,0.045454545454545456,equal_warmup
1,2025-02-28,ridge_8y,,0.045454545454545456,equal_warmup
1,2025-02-28,sarimax_10y,,0.045454545454545456,equal_warmup
1,2025-02-28,sarimax_5y,,0.045454545454545456,equal_warmup
1,2025-02-28,sarimax_8y,,0.045454545454545456,equal_warmup
1,2025-02-28,xgboost_return_10y,,0.045454545454545456,equal_warmup
1,2025-02-28,xgboost_return_5y,,0.045454545454545456,equal_warmup
1,2025-02-28,xgboost_return_8y,,0.045454545454545456,equal_warmup
1,2025-03-31,arima_10y,,0.045454545454545456,equal_warmup
1,2025-03-31,arima_5y,,0.045454545454545456,equal_warmup
1,2025-03-31,arima_8y,,0.045454545454545456,equal_warmup
1,2025-03-31,elasticnet_10y,,0.045454545454545456,equal_warmup
1,2025-03-31,elasticnet_5y,,0.045454545454545456,equal_warmup
1,2025-03-31,elasticnet_8y,,0.045454545454545456,equal_warmup
1,2025-03-31,lightgbm_10y,,0.045454545454545456,equal_warmup
1,2025-03-31,lightgbm_5y,,0.045454545454545456,equal_warmup
1,2025-03-31,lightgbm_8y,,0.045454545454545456,equal_warmup
1,2025-03-31,lightgbm_return_10y,,0.045454545454545456,equal_warmup
1,2025-03-31,lightgbm_return_5y,,0.045454545454545456,equal_warmup
1,2025-03-31,lightgbm_return_8y,,0.045454545454545456,equal_warmup
1,2025-03-31,naive,,0.045454545454545456,equal_warmup
1,2025-03-31,ridge_10y,,0.045454545454545456,equal_warmup
1,2025-03-31,ridge_5y,,0.045454545454545456,equal_warmup
1,2025-03-31,ridge_8y,,0.045454545454545456,equal_warmup
1,2025-03-31,sarimax_10y,,0.045454545454545456,equal_warmup
1,2025-03-31,sarimax_5y,,0.045454545454545456,equal_warmup
1,2025-03-31,sarimax_8y,,0.045454545454545456,equal_warmup
1,2025-03-31,xgboost_return_10y,,0.045454545454545456,equal_warmup
1,2025-03-31,xgboost_return_5y,,0.045454545454545456,equal_warmup
1,2025-03-31,xgboost_return_8y,,0.045454545454545456,equal_warmup
1,2025-04-30,arima_10y,406.89255996330576,0.04112107331292206,inverse_prior_mae
1,2025-04-30,arima_5y,378.70281180410103,0.044182029462612585,inverse_prior_mae
1,2025-04-30,arima_8y,385.06687272536266,0.043451826095265836,inverse_prior_mae
1,2025-04-30,elasticnet_10y,376.6764135858066,0.04441971460177222,inverse_prior_mae
1,2025-04-30,elasticnet_5y,289.67498537562886,0.05776079963159611,inverse_prior_mae
1,2025-04-30,elasticnet_8y,311.6148955559456,0.05369402755525195,inverse_prior_mae
1,2025-04-30,lightgbm_10y,426.9003300826207,0.03919382958901597,inverse_prior_mae
1,2025-04-30,lightgbm_5y,286.8798834797399,0.058323569382456364,inverse_prior_mae
1,2025-04-30,lightgbm_8y,449.1406241162579,0.0372530514728976,inverse_prior_mae
1,2025-04-30,lightgbm_return_10y,435.04389242211255,0.03846016248063017,inverse_prior_mae
1,2025-04-30,lightgbm_return_5y,506.03066883957337,0.03306491052643824,inverse_prior_mae
1,2025-04-30,lightgbm_return_8y,481.64761364474606,0.03473879723431693,inverse_prior_mae
1,2025-04-30,naive,430.8165584415589,0.03883754804894801,inverse_prior_mae
1,2025-04-30,ridge_10y,248.00339295680655,0.06746624950967618,inverse_prior_mae
1,2025-04-30,ridge_5y,300.0468716752633,0.05576415009817488,inverse_prior_mae
1,2025-04-30,ridge_8y,369.34604694259724,0.0453013073436041,inverse_prior_mae
1,2025-04-30,sarimax_10y,269.940725299671,0.06198345496015973,inverse_prior_mae
1,2025-04-30,sarimax_5y,501.39040507617455,0.0333709193861999,inverse_prior_mae
1,2025-04-30,sarimax_8y,317.891210285455,0.05263391451935362,inverse_prior_mae
1,2025-04-30,xgboost_return_10y,366.2836401969119,0.0456800603480218,inverse_prior_mae
1,2025-04-30,xgboost_return_5y,466.63608524910705,0.035856332842013734,inverse_prior_mae
1,2025-04-30,xgboost_return_8y,446.87082472218026,0.03744227159867199,inverse_prior_mae
1,2025-05-31,arima_10y,420.2286572647531,0.04414984690011849,inverse_prior_mae
1,2025-05-31,arima_5y,398.88105951434363,0.04651268953167838,inverse_prior_mae
1,2025-05-31,arima_8y,412.36824526725104,0.044991415062158334,inverse_prior_mae
1,2025-05-31,elasticnet_10y,453.903395019905,0.04087440430028148,inverse_prior_mae
1,2025-05-31,elasticnet_5y,371.8743139317153,0.049890595252649196,inverse_prior_mae
1,2025-05-31,elasticnet_8y,343.1126473268837,0.05407271059730567,inverse_prior_mae
1,2025-05-31,lightgbm_10y,506.1374327063554,0.03665611291018664,inverse_prior_mae
1,2025-05-31,lightgbm_5y,345.4439415784459,0.053707790608255555,inverse_prior_mae
1,2025-05-31,lightgbm_8y,466.22461603969623,0.0397941898454909,inverse_prior_mae
1,2025-05-31,lightgbm_return_10y,448.2240685841375,0.041392312866898505,inverse_prior_mae
1,2025-05-31,lightgbm_return_5y,493.3647598805587,0.037605099492388286,inverse_prior_mae
1,2025-05-31,lightgbm_return_8y,482.69704328332364,0.038436180912027,inverse_prior_mae
1,2025-05-31,naive,407.5249188311691,0.04552612619242965,inverse_prior_mae
1,2025-05-31,ridge_10y,275.0692971395497,0.06744857050198447,inverse_prior_mae
1,2025-05-31,ridge_5y,354.2586819333005,0.052371421865935096,inverse_prior_mae
1,2025-05-31,ridge_8y,368.69484362855974,0.05032083090348475,inverse_prior_mae
1,2025-05-31,sarimax_10y,393.0090434984818,0.04720764366156961,inverse_prior_mae
1,2025-05-31,sarimax_5y,513.3908486776668,0.03613821892062958,inverse_prior_mae
1,2025-05-31,sarimax_8y,388.211593501298,0.04779102734648951,inverse_prior_mae
1,2025-05-31,xgboost_return_10y,409.45139124867865,0.045311925366011245,inverse_prior_mae
1,2025-05-31,xgboost_return_5y,449.04049416717635,0.04131705519280475,inverse_prior_mae
1,2025-05-31,xgboost_return_8y,482.0993655880061,0.03848383176922283,inverse_prior_mae
1,2025-06-30,arima_10y,411.91399341358994,0.04556671397131305,inverse_prior_mae
1,2025-06-30,arima_5y,406.94297164532435,0.046123335274141655,inverse_prior_mae
1,2025-06-30,arima_8y,412.81685729015044,0.04546705588010203,inverse_prior_mae
1,2025-06-30,elasticnet_10y,518.524678503336,0.0361980208404513,inverse_prior_mae
1,2025-06-30,elasticnet_5y,460.28606520173196,0.040778047691884894,inverse_prior_mae
1,2025-06-30,elasticnet_8y,416.6725254381505,0.04504632768605636,inverse_prior_mae
1,2025-06-30,lightgbm_10y,477.5389224766692,0.03930479011297349,inverse_prior_mae
1,2025-06-30,lightgbm_5y,320.22177331314924,0.05861427511418123,inverse_prior_mae
1,2025-06-30,lightgbm_8y,470.4783998571569,0.03989464154871675,inverse_prior_mae
1,2025-06-30,lightgbm_return_10y,418.57374620423724,0.04484172093657131,inverse_prior_mae
1,2025-06-30,lightgbm_return_5y,458.5542116904202,0.040932056974272144,inverse_prior_mae
1,2025-06-30,lightgbm_return_8y,454.427061140614,0.04130380587720571,inverse_prior_mae
1,2025-06-30,naive,386.81255411255444,0.048523676181324915,inverse_prior_mae
1,2025-06-30,ridge_10y,273.40907325435876,0.06865012523181989,inverse_prior_mae
1,2025-06-30,ridge_5y,418.9428237396936,0.044802216567691656,inverse_prior_mae
1,2025-06-30,ridge_8y,408.1771822878847,0.04598387154678371,inverse_prior_mae
1,2025-06-30,sarimax_10y,374.5493797390445,0.050112396746431746,inverse_prior_mae
1,2025-06-30,sarimax_5y,492.4041027198076,0.03811821838010416,inverse_prior_mae
1,2025-06-30,sarimax_8y,412.7161385168023,0.045478151608299974,inverse_prior_mae
1,2025-06-30,xgboost_return_10y,399.27360428612667,0.0470092861565508,inverse_prior_mae
1,2025-06-30,xgboost_return_5y,398.5364919349813,0.0470962320853299,inverse_prior_mae
1,2025-06-30,xgboost_return_8y,467.42750389376596,0.040155033587793175,inverse_prior_mae
1,2025-07-31,arima_10y,386.31542557782905,0.045118965564919976,inverse_prior_mae
1,2025-07-31,arima_5y,378.85435860711976,0.04600752766291923,inverse_prior_mae
1,2025-07-31,arima_8y,389.1237767674111,0.04479333678513602,inverse_prior_mae
1,2025-07-31,elasticnet_10y,467.8201642774396,0.037258232361239506,inverse_prior_mae
1,2025-07-31,elasticnet_5y,453.24810517950453,0.038456095424838146,inverse_prior_mae
1,2025-07-31,elasticnet_8y,392.08102058746863,0.04445548615878908,inverse_prior_mae
1,2025-07-31,lightgbm_10y,437.2256792004564,0.03986534463339411,inverse_prior_mae
1,2025-07-31,lightgbm_5y,328.2334955609276,0.05310290576522895,inverse_prior_mae
1,2025-07-31,lightgbm_8y,421.8307772367528,0.04132024812902349,inverse_prior_mae
1,2025-07-31,lightgbm_return_10y,364.04179479090027,0.047879536452201776,inverse_prior_mae
1,2025-07-31,lightgbm_return_5y,390.335662584285,0.044654265686227004,inverse_prior_mae
1,2025-07-31,lightgbm_return_8y,408.1507934557703,0.04270517824132675,inverse_prior_mae
1,2025-07-31,naive,331.5972457494199,0.05256422544878605,inverse_prior_mae
1,2025-07-31,ridge_10y,273.01097239394494,0.06384414600928619,inverse_prior_mae
1,2025-07-31,ridge_5y,385.62559013910777,0.045199677691397606,inverse_prior_mae
1,2025-07-31,ridge_8y,357.7087624544638,0.048727216700558865,inverse_prior_mae
1,2025-07-31,sarimax_10y,423.8989177100381,0.041118652715707846,inverse_prior_mae
1,2025-07-31,sarimax_5y,413.3792078063225,0.04216504375333612,inverse_prior_mae
1,2025-07-31,sarimax_8y,441.235534074049,0.03950305684350089,inverse_prior_mae
1,2025-07-31,xgboost_return_10y,351.3974160100003,0.04960239202015817,inverse_prior_mae
1,2025-07-31,xgboost_return_5y,358.5996125653907,0.04860616624517465,inverse_prior_mae
1,2025-07-31,xgboost_return_8y,404.8599610833571,0.04305229970684956,inverse_prior_mae
1,2025-08-31,arima_10y,352.09940029690705,0.046640656148327166,inverse_prior_mae
1,2025-08-31,arima_5y,350.1378607931186,0.046901946056558494,inverse_prior_mae
1,2025-08-31,arima_8y,356.05082061082896,0.04612304229804086,inverse_prior_mae
1,2025-08-31,elasticnet_10y,408.536466642879,0.04019750597613126,inverse_prior_mae
1,2025-08-31,elasticnet_5y,395.9679675629941,0.04147342311652859,inverse_prior_mae
1,2025-08-31,elasticnet_8y,375.69284179054273,0.0437116315047207,inverse_prior_mae
1,2025-08-31,lightgbm_10y,387.3590036736124,0.042395160312731384,inverse_prior_mae
1,2025-08-31,lightgbm_5y,327.3360145420312,0.05016908109613553,inverse_prior_mae
1,2025-08-31,lightgbm_8y,372.71793007920184,0.04406052334486933,inverse_prior_mae
1,2025-08-31,lightgbm_return_10y,341.7312521278587,0.04805573665566225,inverse_prior_mae
1,2025-08-31,lightgbm_return_5y,353.80835695411224,0.04641537356736997,inverse_prior_mae
1,2025-08-31,lightgbm_return_8y,392.3557397598935,0.041855248681662766,inverse_prior_mae
1,2025-08-31,naive,303.13583797155246,0.054174218294657836,inverse_prior_mae
1,2025-08-31,ridge_10y,320.9597235917307,0.05116575648639454,inverse_prior_mae
1,2025-08-31,ridge_5y,349.49515993104484,0.0469881959524614,inverse_prior_mae
1,2025-08-31,ridge_8y,365.4469777359014,0.04493715384113841,inverse_prior_mae
1,2025-08-31,sarimax_10y,406.70633723605744,0.04037838989907662,inverse_prior_mae
1,2025-08-31,sarimax_5y,361.536474014582,0.04542320966108128,inverse_prior_mae
1,2025-08-31,sarimax_8y,449.72692028521226,0.03651581953103171,inverse_prior_mae
1,2025-08-31,xgboost_return_10y,340.1429044839962,0.04828014003166283,inverse_prior_mae
1,2025-08-31,xgboost_return_5y,324.4547329446029,0.050614601643195666,inverse_prior_mae
1,2025-08-31,xgboost_return_8y,377.31950728127987,0.04352318590056152,inverse_prior_mae
1,2025-09-30,arima_10y,355.5100756011468,0.04645605958182923,inverse_prior_mae
1,2025-09-30,arima_5y,352.3914843127177,0.046867186039624,inverse_prior_mae
1,2025-09-30,arima_8y,360.87271733048965,0.045765713119701706,inverse_prior_mae
1,2025-09-30,elasticnet_10y,367.8707171449032,0.044895112560909965,inverse_prior_mae
1,2025-09-30,elasticnet_5y,387.8039201579111,0.04258749433832732,inverse_prior_mae
1,2025-09-30,elasticnet_8y,351.81336913480027,0.04694420025787741,inverse_prior_mae
1,2025-09-30,lightgbm_10y,408.9001444122937,0.04039029450054556,inverse_prior_mae
1,2025-09-30,lightgbm_5y,334.7737865547383,0.04933360351778402,inverse_prior_mae
1,2025-09-30,lightgbm_8y,380.5369952127187,0.04340076644812389,inverse_prior_mae
1,2025-09-30,lightgbm_return_10y,346.295979212101,0.04769214269143905,inverse_prior_mae
1,2025-09-30,lightgbm_return_5y,368.2223671126121,0.0448522380201652,inverse_prior_mae
1,2025-09-30,lightgbm_return_8y,389.489403985973,0.04240320040825247,inverse_prior_mae
1,2025-09-30,naive,303.60351731601736,0.05439857021418225,inverse_prior_mae
1,2025-09-30,ridge_10y,337.22508519037865,0.048974996165301606,inverse_prior_mae
1,2025-09-30,ridge_5y,316.5047102540002,0.05218120526786538,inverse_prior_mae
1,2025-09-30,ridge_8y,364.8144424940026,0.045271226493043375,inverse_prior_mae
1,2025-09-30,sarimax_10y,474.9853456029989,0.03477075115489641,inverse_prior_mae
1,2025-09-30,sarimax_5y,347.07716292986015,0.04758479962968291,inverse_prior_mae
1,2025-09-30,sarimax_8y,445.3717695449627,0.037082721410553805,inverse_prior_mae
1,2025-09-30,xgboost_return_10y,348.0789187891471,0.047447852663729084,inverse_prior_mae
1,2025-09-30,xgboost_return_5y,343.5364373316545,0.04807524169003048,inverse_prior_mae
1,2025-09-30,xgboost_return_8y,387.4661116417733,0.04262462382613498,inverse_prior_mae
1,2025-10-31,arima_10y,392.0205552919231,0.045911673558212705,inverse_prior_mae
1,2025-10-31,arima_5y,392.8236523522862,0.045817810752729324,inverse_prior_mae
1,2025-10-31,arima_8y,397.2777782538449,0.04530411905187887,inverse_prior_mae
1,2025-10-31,elasticnet_10y,368.99976270434246,0.0487759656828408,inverse_prior_mae
1,2025-10-31,elasticnet_5y,413.1507060528519,0.04356357014283576,inverse_prior_mae
1,2025-10-31,elasticnet_8y,329.9046574645789,0.05455612509659109,inverse_prior_mae
1,2025-10-31,lightgbm_10y,481.1568235258997,0.0374063483727947,inverse_prior_mae
1,2025-10-31,lightgbm_5y,427.11977100393557,0.04213881207232605,inverse_prior_mae
1,2025-10-31,lightgbm_8y,479.4729103438941,0.03753771980537292,inverse_prior_mae
1,2025-10-31,lightgbm_return_10y,394.02327244401283,0.04567831653961958,inverse_prior_mae
1,2025-10-31,lightgbm_return_5y,414.2941464483968,0.043443335893085196,inverse_prior_mae
1,2025-10-31,lightgbm_return_8y,437.08300027229984,0.04117826534435461,inverse_prior_mae
1,2025-10-31,naive,352.458067214589,0.05106513777612727,inverse_prior_mae
1,2025-10-31,ridge_10y,327.7860191288376,0.05490874751283326,inverse_prior_mae
1,2025-10-31,ridge_5y,337.42234317136314,0.05334062822703221,inverse_prior_mae
1,2025-10-31,ridge_8y,328.9949146266491,0.054706984705246875,inverse_prior_mae
1,2025-10-31,sarimax_10y,487.2796120902193,0.03693632837531776,inverse_prior_mae
1,2025-10-31,sarimax_5y,362.6247987956748,0.049633449842398106,inverse_prior_mae
1,2025-10-31,sarimax_8y,460.7008364573582,0.03906726087398018,inverse_prior_mae
1,2025-10-31,xgboost_return_10y,404.15225311243216,0.04453351335809287,inverse_prior_mae
1,2025-10-31,xgboost_return_5y,402.96875953577444,0.04466430544992826,inverse_prior_mae
1,2025-10-31,xgboost_return_8y,451.8605351567213,0.03983158156640166,inverse_prior_mae
1,2025-11-30,arima_10y,365.6385965859939,0.05019744524612597,inverse_prior_mae
1,2025-11-30,arima_5y,358.1243512242287,0.0512506992871126,inverse_prior_mae
1,2025-11-30,arima_8y,372.08454459609146,0.04932783072709564,inverse_prior_mae
1,2025-11-30,elasticnet_10y,430.07422578263123,0.04267664122087509,inverse_prior_mae
1,2025-11-30,elasticnet_5y,380.9953718082803,0.04817413750960717,inverse_prior_mae
1,2025-11-30,elasticnet_8y,385.5171909933335,0.04760909204782788,inverse_prior_mae
1,2025-11-30,lightgbm_10y,496.24243714093006,0.03698620282834742,inverse_prior_mae
1,2025-11-30,lightgbm_5y,475.02446445444855,0.03863826982719833,inverse_prior_mae
1,2025-11-30,lightgbm_8y,507.0671953364754,0.036196629561012134,inverse_prior_mae
1,2025-11-30,lightgbm_return_10y,363.6988100527407,0.050465173172635686,inverse_prior_mae
1,2025-11-30,lightgbm_return_5y,386.2116015133146,0.047523490646330976,inverse_prior_mae
1,2025-11-30,lightgbm_return_8y,407.4726942646157,0.04504381199130857,inverse_prior_mae
1,2025-11-30,naive,327.68758658008664,0.05601104278465519,inverse_prior_mae
1,2025-11-30,ridge_10y,384.94002958015574,0.04768047493537971,inverse_prior_mae
1,2025-11-30,ridge_5y,374.65868401517,0.04898891768718403,inverse_prior_mae
1,2025-11-30,ridge_8y,412.81766077961146,0.044460606160577384,inverse_prior_mae
1,2025-11-30,sarimax_10y,516.2918972150668,0.03554989634961605,inverse_prior_mae
1,2025-11-30,sarimax_5y,395.6639624862777,0.04638816059137662,inverse_prior_mae
1,2025-11-30,sarimax_8y,481.4949032836759,0.03811903990456801,inverse_prior_mae
1,2025-11-30,xgboost_return_10y,374.88272051597943,0.048959641049195285,inverse_prior_mae
1,2025-11-30,xgboost_return_5y,386.19645667741753,0.04752535429747182,inverse_prior_mae
1,2025-11-30,xgboost_return_8y,434.6491875172049,0.042227442174498385,inverse_prior_mae
1,2025-12-31,arima_10y,416.1471349268542,0.047655352330578146,inverse_prior_mae
1,2025-12-31,arima_5y,410.985715338954,0.04825383850613412,inverse_prior_mae
1,2025-12-31,arima_8y,420.6843796795345,0.04714137080966068,inverse_prior_mae
1,2025-12-31,elasticnet_10y,424.69420886871904,0.046696276808520835,inverse_prior_mae
1,2025-12-31,elasticnet_5y,426.3605143936855,0.04651377805121863,inverse_prior_mae
1,2025-12-31,elasticnet_8y,370.83139637756045,0.053478854622250334,inverse_prior_mae
1,2025-12-31,lightgbm_10y,578.0432234306026,0.034308227365309224,inverse_prior_mae
1,2025-12-31,lightgbm_5y,557.1639434402094,0.03559390116662973,inverse_prior_mae
1,2025-12-31,lightgbm_8y,589.5896153728531,0.033636342668448546,inverse_prior_mae
1,2025-12-31,lightgbm_return_10y,399.747812917231,0.04961037357917085,inverse_prior_mae
1,2025-12-31,lightgbm_return_5y,430.543971907189,0.04606181860697578,inverse_prior_mae
1,2025-12-31,lightgbm_return_8y,430.9126267975465,0.04602241174435022,inverse_prior_mae
1,2025-12-31,naive,389.08059818968917,0.050970514665956625,inverse_prior_mae
1,2025-12-31,ridge_10y,351.1387851314668,0.056478062737463364,inverse_prior_mae
1,2025-12-31,ridge_5y,385.22497513174363,0.051480666147046605,inverse_prior_mae
1,2025-12-31,ridge_8y,411.40033430859825,0.04820520714846658,inverse_prior_mae
1,2025-12-31,sarimax_10y,549.9261580683477,0.03606236591122663,inverse_prior_mae
1,2025-12-31,sarimax_5y,402.8345018590753,0.04923023783901679,inverse_prior_mae
1,2025-12-31,sarimax_8y,555.1016405120251,0.03572613894299878,inverse_prior_mae
1,2025-12-31,xgboost_return_10y,423.42708723178754,0.04683601719001993,inverse_prior_mae
1,2025-12-31,xgboost_return_5y,417.77745808572996,0.04746938340611041,inverse_prior_mae
1,2025-12-31,xgboost_return_8y,465.8719648982526,0.04256885975244725,inverse_prior_mae
1,2026-01-31,arima_10y,473.7697260114489,0.04711540654437169,inverse_prior_mae
1,2026-01-31,arima_5y,474.5558624484067,0.0470373564331904,inverse_prior_mae
1,2026-01-31,arima_8y,478.88586293467097,0.04661205305301559,inverse_prior_mae
1,2026-01-31,elasticnet_10y,514.1907011560914,0.04341162374055819,inverse_prior_mae
1,2026-01-31,elasticnet_5y,548.5895836334377,0.04068953169264787,inverse_prior_mae
1,2026-01-31,elasticnet_8y,382.87915676612846,0.058299995846908606,inverse_prior_mae
1,2026-01-31,lightgbm_10y,717.8326535962852,0.031096179781979073,inverse_prior_mae
1,2026-01-31,lightgbm_5y,730.8306743233034,0.030543125834556897,inverse_prior_mae
1,2026-01-31,lightgbm_8y,728.2939276927173,0.030649511688675957,inverse_prior_mae
1,2026-01-31,lightgbm_return_10y,468.700065901325,0.04762502690609671,inverse_prior_mae
1,2026-01-31,lightgbm_return_5y,478.9533185613806,0.046605488226906244,inverse_prior_mae
1,2026-01-31,lightgbm_return_8y,495.37011202583136,0.045060960900890124,inverse_prior_mae
1,2026-01-31,naive,463.7484848484849,0.04813353353968968,inverse_prior_mae
1,2026-01-31,ridge_10y,365.6373241543112,0.06104916477259059,inverse_prior_mae
1,2026-01-31,ridge_5y,495.42911772575917,0.045055594132078616,inverse_prior_mae
1,2026-01-31,ridge_8y,395.59924306805334,0.056425419513535226,inverse_prior_mae
1,2026-01-31,sarimax_10y,558.7746913536457,0.0399478601928828,inverse_prior_mae
1,2026-01-31,sarimax_5y,427.9895427488427,0.052155137029816986,inverse_prior_mae
1,2026-01-31,sarimax_8y,575.2097859551437,0.03880645600015714,inverse_prior_mae
1,2026-01-31,xgboost_return_10y,467.2863888149838,0.04776910644892874,inverse_prior_mae
1,2026-01-31,xgboost_return_5y,432.981313560135,0.05155384897759665,inverse_prior_mae
1,2026-01-31,xgboost_return_8y,503.2247871293201,0.04435761874292621,inverse_prior_mae
1,2026-02-28,arima_10y,484.81715327903083,0.04916568223467337,inverse_prior_mae
1,2026-02-28,arima_5y,472.23691104230574,0.05047544048899487,inverse_prior_mae
1,2026-02-28,arima_8y,491.11628074679135,0.048535076181544005,inverse_prior_mae
1,2026-02-28,elasticnet_10y,481.2349512896856,0.049531660234053726,inverse_prior_mae
1,2026-02-28,elasticnet_5y,554.6614602225677,0.04297462111489216,inverse_prior_mae
1,2026-02-28,elasticnet_8y,420.2967899437966,0.05671317666534584,inverse_prior_mae
1,2026-02-28,lightgbm_10y,774.2331420353813,0.0307870650403264,inverse_prior_mae
1,2026-02-28,lightgbm_5y,796.3028037541483,0.029933796525457617,inverse_prior_mae
1,2026-02-28,lightgbm_8y,779.6199514834153,0.03057434081165731,inverse_prior_mae
1,2026-02-28,lightgbm_return_10y,476.24276125243466,0.05005087329273303,inverse_prior_mae
1,2026-02-28,lightgbm_return_5y,503.0648513518708,0.0473822928316277,inverse_prior_mae
1,2026-02-28,lightgbm_return_8y,496.425768409484,0.048015972612415816,inverse_prior_mae
1,2026-02-28,naive,437.38752081252085,0.05449713347034318,inverse_prior_mae
1,2026-02-28,ridge_10y,439.9188677880884,0.05418355029834208,inverse_prior_mae
1,2026-02-28,ridge_5y,533.1704936312816,0.044706836527537826,inverse_prior_mae
1,2026-02-28,ridge_8y,478.0379409605409,0.049862916847423076,inverse_prior_mae
1,2026-02-28,sarimax_10y,624.6089428489942,0.03816206343671979,inverse_prior_mae
1,2026-02-28,sarimax_5y,531.9128205104917,0.04481254292235872,inverse_prior_mae
1,2026-02-28,sarimax_8y,665.234113782954,0.03583154502498379,inverse_prior_mae
1,2026-02-28,xgboost_return_10y,493.35178396513027,0.0483151513276559,inverse_prior_mae
1,2026-02-28,xgboost_return_5y,479.21351145646247,0.049740596895076476,inverse_prior_mae
1,2026-02-28,xgboost_return_8y,521.0400571834639,0.04574766521583752,inverse_prior_mae
1,2026-03-31,arima_10y,485.58176102308477,0.05159275185452936,inverse_prior_mae
1,2026-03-31,arima_5y,473.1389053241996,0.05294956516917499,inverse_prior_mae
1,2026-03-31,arima_8y,492.4680981996483,0.05087131408743604,inverse_prior_mae
1,2026-03-31,elasticnet_10y,491.2313082581468,0.0509993945426418,inverse_prior_mae
1,2026-03-31,elasticnet_5y,626.6930467538588,0.0399757096898272,inverse_prior_mae
1,2026-03-31,elasticnet_8y,459.5194536660965,0.05451890905085421,inverse_prior_mae
1,2026-03-31,lightgbm_10y,757.9583902296898,0.03305260503039348,inverse_prior_mae
1,2026-03-31,lightgbm_5y,786.4602128704794,0.03185475742035105,inverse_prior_mae
1,2026-03-31,lightgbm_8y,755.7491970221206,0.03314922384363519,inverse_prior_mae
1,2026-03-31,lightgbm_return_10y,474.77461381069446,0.05276714165582315,inverse_prior_mae
1,2026-03-31,lightgbm_return_5y,513.6420971522149,0.04877423295418368,inverse_prior_mae
1,2026-03-31,lightgbm_return_8y,498.9298965467815,0.05021246366465069,inverse_prior_mae
1,2026-03-31,naive,439.6346784168214,0.056984811552429404,inverse_prior_mae
1,2026-03-31,ridge_10y,547.5905850141102,0.04575042008978709,inverse_prior_mae
1,2026-03-31,ridge_5y,611.67690272277,0.04095707912157388,inverse_prior_mae
1,2026-03-31,ridge_8y,588.8790475287194,0.04254269090872704,inverse_prior_mae
1,2026-03-31,sarimax_10y,662.0668320017485,0.03783983442568946,inverse_prior_mae
1,2026-03-31,sarimax_5y,564.1730011249401,0.04440570401573188,inverse_prior_mae
1,2026-03-31,sarimax_8y,685.9866645595904,0.03652038821743575,inverse_prior_mae
1,2026-03-31,xgboost_return_10y,520.7727172429289,0.048106397420773134,inverse_prior_mae
1,2026-03-31,xgboost_return_5y,508.4584403914309,0.04927147886912099,inverse_prior_mae
1,2026-03-31,xgboost_return_8y,534.1328226141699,0.04690312641523048,inverse_prior_mae
1,2026-04-30,arima_10y,490.8748116746665,0.05070153482000218,inverse_prior_mae
1,2026-04-30,arima_5y,474.5957437314336,0.05244064382181126,inverse_prior_mae
1,2026-04-30,arima_8y,497.3991801850869,0.05003648447335733,inverse_prior_mae
1,2026-04-30,elasticnet_10y,467.92589681558724,0.05318813625348207,inverse_prior_mae
1,2026-04-30,elasticnet_5y,644.9465974538684,0.03858940640164619,inverse_prior_mae
1,2026-04-30,elasticnet_8y,444.8526614709335,0.05594685277151891,inverse_prior_mae
1,2026-04-30,lightgbm_10y,755.4182194311193,0.0329461293312532,inverse_prior_mae
1,2026-04-30,lightgbm_5y,790.2851598561901,0.03149256448280788,inverse_prior_mae
1,2026-04-30,lightgbm_8y,745.6667810268357,0.03337698150142304,inverse_prior_mae
1,2026-04-30,lightgbm_return_10y,468.34606317891377,0.05314041968759577,inverse_prior_mae
1,2026-04-30,lightgbm_return_5y,515.6500170068732,0.04826550089317215,inverse_prior_mae
1,2026-04-30,lightgbm_return_8y,492.56360346513236,0.050527700750322764,inverse_prior_mae
1,2026-04-30,naive,436.48554834054846,0.057019313585392965,inverse_prior_mae
1,2026-04-30,ridge_10y,572.4785433880127,0.043474304223117065,inverse_prior_mae
1,2026-04-30,ridge_5y,613.2792131583712,0.040582015210189885,inverse_prior_mae
1,2026-04-30,ridge_8y,572.0323426880947,0.04350821535632556,inverse_prior_mae
1,2026-04-30,sarimax_10y,634.5294105472453,0.03922293583686741,inverse_prior_mae
1,2026-04-30,sarimax_5y,566.1413363802803,0.04396094183049555,inverse_prior_mae
1,2026-04-30,sarimax_8y,686.7088133478666,0.0362425905606109,inverse_prior_mae
1,2026-04-30,xgboost_return_10y,511.7634381243935,0.048632052433484514,inverse_prior_mae
1,2026-04-30,xgboost_return_5y,522.3443209819491,0.04764693585569916,inverse_prior_mae
1,2026-04-30,xgboost_return_8y,507.3165214574931,0.049058339919424175,inverse_prior_mae
1,2026-05-31,arima_10y,492.4560890020872,0.05135585118011965,inverse_prior_mae
1,2026-05-31,arima_5y,477.6011959507814,0.05295317899942037,inverse_prior_mae
1,2026-05-31,arima_8y,498.55441674945325,0.05072766536586693,inverse_prior_mae
1,2026-05-31,elasticnet_10y,469.3204386829698,0.05388749249975365,inverse_prior_mae
1,2026-05-31,elasticnet_5y,753.0867499050624,0.033582454641382174,inverse_prior_mae
1,2026-05-31,elasticnet_8y,448.7732182747134,0.05635474798766524,inverse_prior_mae
1,2026-05-31,lightgbm_10y,770.5476972417382,0.03282146155293238,inverse_prior_mae
1,2026-05-31,lightgbm_5y,809.7956512570818,0.03123072046691857,inverse_prior_mae
1,2026-05-31,lightgbm_8y,760.7950646186158,0.033242199898331534,inverse_prior_mae
1,2026-05-31,lightgbm_return_10y,491.0767971960289,0.051500094820073526,inverse_prior_mae
1,2026-05-31,lightgbm_return_5y,519.0147515268641,0.048727905218802235,inverse_prior_mae
1,2026-05-31,lightgbm_return_8y,509.24166817657465,0.049663064120634044,inverse_prior_mae
1,2026-05-31,naive,447.6899877534747,0.05649110391409977,inverse_prior_mae
1,2026-05-31,ridge_10y,580.2045726978957,0.04358893881517376,inverse_prior_mae
1,2026-05-31,ridge_5y,644.065729820142,0.03926695746832906,inverse_prior_mae
1,2026-05-31,ridge_8y,559.3042375889368,0.0452177901040394,inverse_prior_mae
1,2026-05-31,sarimax_10y,610.4593458993337,0.041428641873564966,inverse_prior_mae
1,2026-05-31,sarimax_5y,562.7965428613281,0.044937201445870746,inverse_prior_mae
1,2026-05-31,sarimax_8y,668.0183781792839,0.03785899077896687,inverse_prior_mae
1,2026-05-31,xgboost_return_10y,533.5065911451621,0.047404290854755636,inverse_prior_mae
1,2026-05-31,xgboost_return_5y,509.07456044194623,0.049679366412645136,inverse_prior_mae
1,2026-05-31,xgboost_return_8y,526.0100646700378,0.04807988158065426,inverse_prior_mae
1,2026-06-30,arima_10y,469.0209768620972,0.05267742782110758,inverse_prior_mae
1,2026-06-30,arima_5y,451.54170904434164,0.05471658134861663,inverse_prior_mae
1,2026-06-30,arima_8y,474.5245944651627,0.05206646598179319,inverse_prior_mae
1,2026-06-30,elasticnet_10y,480.98521517872626,0.05136710625517033,inverse_prior_mae
1,2026-06-30,elasticnet_5y,711.9205973061263,0.03470445826249114,inverse_prior_mae
1,2026-06-30,elasticnet_8y,453.0900455299601,0.05452959935661676,inverse_prior_mae
1,2026-06-30,lightgbm_10y,770.125087421805,0.03208156578583485,inverse_prior_mae
1,2026-06-30,lightgbm_5y,810.5041882151911,0.03048327080192793,inverse_prior_mae
1,2026-06-30,lightgbm_8y,758.5162892216325,0.032572561732053196,inverse_prior_mae
1,2026-06-30,lightgbm_return_10y,466.5241181104545,0.05295935986183264,inverse_prior_mae
1,2026-06-30,lightgbm_return_5y,503.86061119348096,0.04903502696262076,inverse_prior_mae
1,2026-06-30,lightgbm_return_8y,494.1204654472947,0.050001609694307635,inverse_prior_mae
1,2026-06-30,naive,425.30743570155346,0.05809166871119932,inverse_prior_mae
1,2026-06-30,ridge_10y,611.8913886657103,0.04037778454316403,inverse_prior_mae
1,2026-06-30,ridge_5y,622.1596793554035,0.03971137872670561,inverse_prior_mae
1,2026-06-30,ridge_8y,575.5243753535108,0.04292923065189034,inverse_prior_mae
1,2026-06-30,sarimax_10y,596.971125770745,0.04138695757429241,inverse_prior_mae
1,2026-06-30,sarimax_5y,543.0505478456505,0.04549635158886285,inverse_prior_mae
1,2026-06-30,sarimax_8y,629.5272756781421,0.03924662140930751,inverse_prior_mae
1,2026-06-30,xgboost_return_10y,506.3639836094057,0.048792606613063255,inverse_prior_mae
1,2026-06-30,xgboost_return_5y,498.96515244452337,0.04951612058322468,inverse_prior_mae
1,2026-06-30,xgboost_return_8y,522.8265231734199,0.047256245733917235,inverse_prior_mae
1,2026-07-31,arima_10y,445.87920552819963,0.0537807684423786,inverse_prior_mae
1,2026-07-31,arima_5y,428.27849110185525,0.055990965701004036,inverse_prior_mae
1,2026-07-31,arima_8y,450.94436381744174,0.0531766848193666,inverse_prior_mae
1,2026-07-31,elasticnet_10y,497.56811972826733,0.048193855986865784,inverse_prior_mae
1,2026-07-31,elasticnet_5y,673.5364837784383,0.035602713265720905,inverse_prior_mae
1,2026-07-31,elasticnet_8y,428.51068630234244,0.055960626122735176,inverse_prior_mae
1,2026-07-31,lightgbm_10y,758.9466908518071,0.03159606148238414,inverse_prior_mae
1,2026-07-31,lightgbm_5y,799.5722574401238,0.029990693252407483,inverse_prior_mae
1,2026-07-31,lightgbm_8y,745.2910533797253,0.03217498210565831,inverse_prior_mae
1,2026-07-31,lightgbm_return_10y,455.07405022390765,0.052694119328483106,inverse_prior_mae
1,2026-07-31,lightgbm_return_5y,480.24067247237184,0.04993272681876371,inverse_prior_mae
1,2026-07-31,lightgbm_return_8y,479.70340762091683,0.04998865116416187,inverse_prior_mae
1,2026-07-31,naive,404.40948198339515,0.0592956579260258,inverse_prior_mae
1,2026-07-31,ridge_10y,620.819244306839,0.03862593907298957,inverse_prior_mae
1,2026-07-31,ridge_5y,604.6193773936124,0.03966086301980036,inverse_prior_mae
1,2026-07-31,ridge_8y,592.8117496463656,0.04045082831138544,inverse_prior_mae
1,2026-07-31,sarimax_10y,572.981821141904,0.041850762835919625,inverse_prior_mae
1,2026-07-31,sarimax_5y,512.9581273898323,0.04674792156598451,inverse_prior_mae
1,2026-07-31,sarimax_8y,608.9337827390012,0.03937985867374014,inverse_prior_mae
1,2026-07-31,xgboost_return_10y,483.4629480786986,0.049599925705003975,inverse_prior_mae
1,2026-07-31,xgboost_return_5y,495.68896507472044,0.04837655867974217,inverse_prior_mae
1,2026-07-31,xgboost_return_8y,510.98063564144854,0.046928835719478736,inverse_prior_mae
3,2025-01-31,arima_10y,,0.045454545454545456,equal_warmup
3,2025-01-31,arima_5y,,0.045454545454545456,equal_warmup
3,2025-01-31,arima_8y,,0.045454545454545456,equal_warmup
3,2025-01-31,elasticnet_10y,,0.045454545454545456,equal_warmup
3,2025-01-31,elasticnet_5y,,0.045454545454545456,equal_warmup
3,2025-01-31,elasticnet_8y,,0.045454545454545456,equal_warmup
3,2025-01-31,lightgbm_10y,,0.045454545454545456,equal_warmup
3,2025-01-31,lightgbm_5y,,0.045454545454545456,equal_warmup
3,2025-01-31,lightgbm_8y,,0.045454545454545456,equal_warmup
3,2025-01-31,lightgbm_return_10y,,0.045454545454545456,equal_warmup
3,2025-01-31,lightgbm_return_5y,,0.045454545454545456,equal_warmup
3,2025-01-31,lightgbm_return_8y,,0.045454545454545456,equal_warmup
3,2025-01-31,naive,,0.045454545454545456,equal_warmup
3,2025-01-31,ridge_10y,,0.045454545454545456,equal_warmup
3,2025-01-31,ridge_5y,,0.045454545454545456,equal_warmup
3,2025-01-31,ridge_8y,,0.045454545454545456,equal_warmup
3,2025-01-31,sarimax_10y,,0.045454545454545456,equal_warmup
3,2025-01-31,sarimax_5y,,0.045454545454545456,equal_warmup
3,2025-01-31,sarimax_8y,,0.045454545454545456,equal_warmup
3,2025-01-31,xgboost_return_10y,,0.045454545454545456,equal_warmup
3,2025-01-31,xgboost_return_5y,,0.045454545454545456,equal_warmup
3,2025-01-31,xgboost_return_8y,,0.045454545454545456,equal_warmup
3,2025-02-28,arima_10y,,0.045454545454545456,equal_warmup
3,2025-02-28,arima_5y,,0.045454545454545456,equal_warmup
3,2025-02-28,arima_8y,,0.045454545454545456,equal_warmup
3,2025-02-28,elasticnet_10y,,0.045454545454545456,equal_warmup
3,2025-02-28,elasticnet_5y,,0.045454545454545456,equal_warmup
3,2025-02-28,elasticnet_8y,,0.045454545454545456,equal_warmup
3,2025-02-28,lightgbm_10y,,0.045454545454545456,equal_warmup
3,2025-02-28,lightgbm_5y,,0.045454545454545456,equal_warmup
3,2025-02-28,lightgbm_8y,,0.045454545454545456,equal_warmup
3,2025-02-28,lightgbm_return_10y,,0.045454545454545456,equal_warmup
3,2025-02-28,lightgbm_return_5y,,0.045454545454545456,equal_warmup
3,2025-02-28,lightgbm_return_8y,,0.045454545454545456,equal_warmup
3,2025-02-28,naive,,0.045454545454545456,equal_warmup
3,2025-02-28,ridge_10y,,0.045454545454545456,equal_warmup
3,2025-02-28,ridge_5y,,0.045454545454545456,equal_warmup
3,2025-02-28,ridge_8y,,0.045454545454545456,equal_warmup
3,2025-02-28,sarimax_10y,,0.045454545454545456,equal_warmup
3,2025-02-28,sarimax_5y,,0.045454545454545456,equal_warmup
3,2025-02-28,sarimax_8y,,0.045454545454545456,equal_warmup
3,2025-02-28,xgboost_return_10y,,0.045454545454545456,equal_warmup
3,2025-02-28,xgboost_return_5y,,0.045454545454545456,equal_warmup
3,2025-02-28,xgboost_return_8y,,0.045454545454545456,equal_warmup
3,2025-03-31,arima_10y,,0.045454545454545456,equal_warmup
3,2025-03-31,arima_5y,,0.045454545454545456,equal_warmup
3,2025-03-31,arima_8y,,0.045454545454545456,equal_warmup
3,2025-03-31,elasticnet_10y,,0.045454545454545456,equal_warmup
3,2025-03-31,elasticnet_5y,,0.045454545454545456,equal_warmup
3,2025-03-31,elasticnet_8y,,0.045454545454545456,equal_warmup
3,2025-03-31,lightgbm_10y,,0.045454545454545456,equal_warmup
3,2025-03-31,lightgbm_5y,,0.045454545454545456,equal_warmup
3,2025-03-31,lightgbm_8y,,0.045454545454545456,equal_warmup
3,2025-03-31,lightgbm_return_10y,,0.045454545454545456,equal_warmup
3,2025-03-31,lightgbm_return_5y,,0.045454545454545456,equal_warmup
3,2025-03-31,lightgbm_return_8y,,0.045454545454545456,equal_warmup
3,2025-03-31,naive,,0.045454545454545456,equal_warmup
3,2025-03-31,ridge_10y,,0.045454545454545456,equal_warmup
3,2025-03-31,ridge_5y,,0.045454545454545456,equal_warmup
3,2025-03-31,ridge_8y,,0.045454545454545456,equal_warmup
3,2025-03-31,sarimax_10y,,0.045454545454545456,equal_warmup
3,2025-03-31,sarimax_5y,,0.045454545454545456,equal_warmup
3,2025-03-31,sarimax_8y,,0.045454545454545456,equal_warmup
3,2025-03-31,xgboost_return_10y,,0.045454545454545456,equal_warmup
3,2025-03-31,xgboost_return_5y,,0.045454545454545456,equal_warmup
3,2025-03-31,xgboost_return_8y,,0.045454545454545456,equal_warmup
3,2025-04-30,arima_10y,89.4255794947112,0.10474283035221885,inverse_prior_mae
3,2025-04-30,arima_5y,99.00296563052932,0.09461017902453962,inverse_prior_mae
3,2025-04-30,arima_8y,86.71641906824152,0.10801516486467866,inverse_prior_mae
3,2025-04-30,elasticnet_10y,441.17574131205157,0.0212311952491814,inverse_prior_mae
3,2025-04-30,elasticnet_5y,405.18387783243514,0.023117129815449545,inverse_prior_mae
3,2025-04-30,elasticnet_8y,235.23297411188287,0.03981877259417549,inverse_prior_mae
3,2025-04-30,lightgbm_10y,400.7204261341285,0.02337462153686639,inverse_prior_mae
3,2025-04-30,lightgbm_5y,353.4084517353992,0.026503860496122845,inverse_prior_mae
3,2025-04-30,lightgbm_8y,378.82506416085016,0.024725629819959443,inverse_prior_mae
3,2025-04-30,lightgbm_return_10y,108.47068286582665,0.08635225717103186,inverse_prior_mae
3,2025-04-30,lightgbm_return_5y,243.57702475101723,0.03845472828318205,inverse_prior_mae
3,2025-04-30,lightgbm_return_8y,413.20536899276703,0.022668360592255757,inverse_prior_mae
3,2025-04-30,naive,172.5828282828279,0.05427358211628102,inverse_prior_mae
3,2025-04-30,ridge_10y,198.94810998300636,0.047081062009285184,inverse_prior_mae
3,2025-04-30,ridge_5y,357.90098952498374,0.026171171852251214,inverse_prior_mae
3,2025-04-30,ridge_8y,352.00902301634716,0.026609227862064617,inverse_prior_mae
3,2025-04-30,sarimax_10y,148.35954925472652,0.06313505500409211,inverse_prior_mae
3,2025-04-30,sarimax_5y,162.7606157157558,0.05754886255157246,inverse_prior_mae
3,2025-04-30,sarimax_8y,280.2544105888489,0.033422090604019544,inverse_prior_mae
3,2025-04-30,xgboost_return_10y,390.1313420394272,0.02400906385528011,inverse_prior_mae
3,2025-04-30,xgboost_return_5y,318.5596957702528,0.029403243496541078,inverse_prior_mae
3,2025-04-30,xgboost_return_8y,378.72885601804893,0.024731910848950784,inverse_prior_mae
3,2025-05-31,arima_10y,292.03996397860146,0.05369062594418746,inverse_prior_mae
3,2025-05-31,arima_5y,320.92880093599024,0.04885759215454385,inverse_prior_mae
3,2025-05-31,arima_8y,323.548001375073,0.04846207796105203,inverse_prior_mae
3,2025-05-31,elasticnet_10y,512.6987384486697,0.03058288872409616,inverse_prior_mae
3,2025-05-31,elasticnet_5y,521.8882672083673,0.03004437817856761,inverse_prior_mae
3,2025-05-31,elasticnet_8y,280.1837427726646,0.05596259194605959,inverse_prior_mae
3,2025-05-31,lightgbm_10y,452.5616615553122,0.03464678915362149,inverse_prior_mae
3,2025-05-31,lightgbm_5y,407.88335014138556,0.03844189389306141,inverse_prior_mae
3,2025-05-31,lightgbm_8y,444.75898698929177,0.03525461862626948,inverse_prior_mae
3,2025-05-31,lightgbm_return_10y,228.55828950341856,0.06860310558259329,inverse_prior_mae
3,2025-05-31,lightgbm_return_5y,214.45096132671233,0.07311605585505816,inverse_prior_mae
3,2025-05-31,lightgbm_return_8y,378.5376855286763,0.04142205404186613,inverse_prior_mae
3,2025-05-31,naive,275.9602190382079,0.056819089799775985,inverse_prior_mae
3,2025-05-31,ridge_10y,214.33275671869887,0.07315637939147764,inverse_prior_mae
3,2025-05-31,ridge_5y,482.0493940102747,0.03252738964465225,inverse_prior_mae
3,2025-05-31,ridge_8y,267.3118527516658,0.058657363320309006,inverse_prior_mae
3,2025-05-31,sarimax_10y,357.21120644635675,0.04389506315553317,inverse_prior_mae
3,2025-05-31,sarimax_5y,418.09157241019557,0.03750328756090607,inverse_prior_mae
3,2025-05-31,sarimax_8y,458.3853225466846,0.034206611110081935,inverse_prior_mae
3,2025-05-31,xgboost_return_10y,556.4976346929557,0.02817587621128967,inverse_prior_mae
3,2025-05-31,xgboost_return_5y,380.8387506560798,0.041171777923969886,inverse_prior_mae
3,2025-05-31,xgboost_return_8y,450.5369744392319,0.03480248982102763,inverse_prior_mae
3,2025-06-30,arima_10y,246.32610513705876,0.057844673213199624,inverse_prior_mae
3,2025-06-30,arima_5y,280.301135400221,0.050833376166168384,inverse_prior_mae
3,2025-06-30,arima_8y,273.0568976930441,0.05218199274939253,inverse_prior_mae
3,2025-06-30,elasticnet_10y,487.59702629352796,0.029222190225668264,inverse_prior_mae
3,2025-06-30,elasticnet_5y,500.15489484045537,0.028488480674316235,inverse_prior_mae
3,2025-06-30,elasticnet_8y,280.751139007659,0.05075189759146672,inverse_prior_mae
3,2025-06-30,lightgbm_10y,410.06221155892854,0.03474753989545991,inverse_prior_mae
3,2025-06-30,lightgbm_5y,396.6456740831676,0.03592287521775674,inverse_prior_mae
3,2025-06-30,lightgbm_8y,379.94125071000235,0.03750225338551725,inverse_prior_mae
3,2025-06-30,lightgbm_return_10y,192.10536852932128,0.07417103001572477,inverse_prior_mae
3,2025-06-30,lightgbm_return_5y,191.05560512101692,0.07457856599569958,inverse_prior_mae
3,2025-06-30,lightgbm_return_8y,310.5140050290378,0.04588731208539379,inverse_prior_mae
3,2025-06-30,naive,243.98317523056647,0.058400146002128006,inverse_prior_mae
3,2025-06-30,ridge_10y,249.10981163198556,0.057198281200540095,inverse_prior_mae
3,2025-06-30,ridge_5y,468.64493006120136,0.030403941538313592,inverse_prior_mae
3,2025-06-30,ridge_8y,254.49840808019218,0.05598719914610334,inverse_prior_mae
3,2025-06-30,sarimax_10y,312.9615910145352,0.04552844011773578,inverse_prior_mae
3,2025-06-30,sarimax_5y,376.07448535266303,0.03788784831380237,inverse_prior_mae
3,2025-06-30,sarimax_8y,372.99077875085896,0.03820108664200333,inverse_prior_mae
3,2025-06-30,xgboost_return_10y,501.3704456233143,0.02841941159517978,inverse_prior_mae
3,2025-06-30,xgboost_return_5y,323.19492762205374,0.044086870918758556,inverse_prior_mae
3,2025-06-30,xgboost_return_8y,448.71164335537503,0.03175458730967124,inverse_prior_mae
3,2025-07-31,arima_10y,233.68453138521758,0.057155850903417155,inverse_prior_mae
3,2025-07-31,arima_5y,260.66155212575967,0.05124053825898943,inverse_prior_mae
3,2025-07-31,arima_8y,260.2174278235304,0.05132799269464962,inverse_prior_mae
3,2025-07-31,elasticnet_10y,475.442699802089,0.028092635011829768,inverse_prior_mae
3,2025-07-31,elasticnet_5y,524.0075035843702,0.025489020945774606,inverse_prior_mae
3,2025-07-31,elasticnet_8y,250.20650399448581,0.05338165883417843,inverse_prior_mae
3,2025-07-31,lightgbm_10y,367.7420112595525,0.03632013157471361,inverse_prior_mae
3,2025-07-31,lightgbm_5y,418.0796166062831,0.03194711653957196,inverse_prior_mae
3,2025-07-31,lightgbm_8y,351.07892270322253,0.038043976356194185,inverse_prior_mae
3,2025-07-31,lightgbm_return_10y,193.2697820217912,0.06910774200936877,inverse_prior_mae
3,2025-07-31,lightgbm_return_5y,163.43010002465053,0.0817256933210475,inverse_prior_mae
3,2025-07-31,lightgbm_return_8y,268.69594240768555,0.04970837339291671,inverse_prior_mae
3,2025-07-31,naive,223.1508422736682,0.05985385534812961,inverse_prior_mae
3,2025-07-31,ridge_10y,312.55772650916606,0.04273270855788921,inverse_prior_mae
3,2025-07-31,ridge_5y,451.7748065784684,0.029564371541033353,inverse_prior_mae
3,2025-07-31,ridge_8y,236.14559126551043,0.05656018459932644,inverse_prior_mae
3,2025-07-31,sarimax_10y,283.1729033432148,0.04716707734637962,inverse_prior_mae
3,2025-07-31,sarimax_5y,327.6511264681855,0.04076420666830582,inverse_prior_mae
3,2025-07-31,sarimax_8y,345.8975787503541,0.03861385292931933,inverse_prior_mae
3,2025-07-31,xgboost_return_10y,473.0105629873894,0.028237082381886845,inverse_prior_mae
3,2025-07-31,xgboost_return_5y,270.187716020025,0.04943392109423549,inverse_prior_mae
3,2025-07-31,xgboost_return_8y,398.3190496981212,0.03353200969084267,inverse_prior_mae
3,2025-08-31,arima_10y,335.82609544319166,0.05042405599429991,inverse_prior_mae
3,2025-08-31,arima_5y,354.91995514783724,0.04771136025290043,inverse_prior_mae
3,2025-08-31,arima_8y,358.1399156392202,0.047282397469665324,inverse_prior_mae
3,2025-08-31,elasticnet_10y,547.8560329512699,0.030909057896011075,inverse_prior_mae
3,2025-08-31,elasticnet_5y,626.6400740566593,0.027023030511893986,inverse_prior_mae
3,2025-08-31,elasticnet_8y,316.8864974787276,0.05343778916323569,inverse_prior_mae
3,2025-08-31,lightgbm_10y,431.000603080763,0.039289304284135365,inverse_prior_mae
3,2025-08-31,lightgbm_5y,585.4004141399777,0.02892671995469494,inverse_prior_mae
3,2025-08-31,lightgbm_8y,439.3161916660018,0.038545617398886026,inverse_prior_mae
3,2025-08-31,lightgbm_return_10y,262.3768662221277,0.06453966039253399,inverse_prior_mae
3,2025-08-31,lightgbm_return_5y,295.6928557518334,0.05726791673018352,inverse_prior_mae
3,2025-08-31,lightgbm_return_8y,305.71758029054035,0.05539005583137187,inverse_prior_mae
3,2025-08-31,naive,322.38705735258503,0.05252603494697272,inverse_prior_mae
3,2025-08-31,ridge_10y,297.2407088608865,0.05696969942577548,inverse_prior_mae
3,2025-08-31,ridge_5y,554.8407992209284,0.030519950704690192,inverse_prior_mae
3,2025-08-31,ridge_8y,213.4130995424683,0.07934711541601332,inverse_prior_mae
3,2025-08-31,sarimax_10y,333.6375280138491,0.0507548234809736,inverse_prior_mae
3,2025-08-31,sarimax_5y,403.5062456321822,0.04196642313312587,inverse_prior_mae
3,2025-08-31,sarimax_8y,430.15192623493414,0.0393668209028002,inverse_prior_mae
3,2025-08-31,xgboost_return_10y,548.5474069075564,0.0308701009756553,inverse_prior_mae
3,2025-08-31,xgboost_return_5y,389.21367848779926,0.0435074992914839,inverse_prior_mae
3,2025-08-31,xgboost_return_8y,506.62479569183,0.033424565842697214,inverse_prior_mae
3,2025-09-30,arima_10y,450.54322959484807,0.048407070321322895,inverse_prior_mae
3,2025-09-30,arima_5y,466.5193831108611,0.04674934973200809,inverse_prior_mae
3,2025-09-30,arima_8y,472.96164208066375,0.04611257205102706,inverse_prior_mae
3,2025-09-30,elasticnet_10y,587.5473735079381,0.037119522239872554,inverse_prior_mae
3,2025-09-30,elasticnet_5y,732.9298224036563,0.029756570317272225,inverse_prior_mae
3,2025-09-30,elasticnet_8y,374.208585394533,0.05828160723437432,inverse_prior_mae
3,2025-09-30,lightgbm_10y,520.7900399287098,0.04187767838425731,inverse_prior_mae
3,2025-09-30,lightgbm_5y,728.3517827202272,0.029943604608922578,inverse_prior_mae
3,2025-09-30,lightgbm_8y,552.716596684508,0.03945869895839608,inverse_prior_mae
3,2025-09-30,lightgbm_return_10y,374.3789837099134,0.05825508040428432,inverse_prior_mae
3,2025-09-30,lightgbm_return_5y,411.294575766158,0.053026417275552275,inverse_prior_mae
3,2025-09-30,lightgbm_return_8y,431.8283232300498,0.05050497298240926,inverse_prior_mae
3,2025-09-30,naive,426.4543001835118,0.0511414184084469,inverse_prior_mae
3,2025-09-30,ridge_10y,309.50139198784154,0.07046649340572242,inverse_prior_mae
3,2025-09-30,ridge_5y,663.636668466238,0.03286358158652397,inverse_prior_mae
3,2025-09-30,ridge_8y,420.5084030637454,0.05186454691240269,inverse_prior_mae
3,2025-09-30,sarimax_10y,390.77517902013847,0.055810806234947066,inverse_prior_mae
3,2025-09-30,sarimax_5y,498.3513310138419,0.04376325784757342,inverse_prior_mae
3,2025-09-30,sarimax_8y,514.2861025581626,0.042407285923864176,inverse_prior_mae
3,2025-09-30,xgboost_return_10y,645.9289666648867,0.033764514247671296,inverse_prior_mae
3,2025-09-30,xgboost_return_5y,495.8015240306295,0.04398832343341201,inverse_prior_mae
3,2025-09-30,xgboost_return_8y,633.3221162389741,0.03443662748973696,inverse_prior_mae
3,2025-10-31,arima_10y,593.2141092531903,0.04593836880407078,inverse_prior_mae
3,2025-10-31,arima_5y,611.972373065295,0.04453025942031843,inverse_prior_mae
3,2025-10-31,arima_8y,612.4252337198492,0.04449733131527328,inverse_prior_mae
3,2025-10-31,elasticnet_10y,703.1510740487286,0.03875595094210821,inverse_prior_mae
3,2025-10-31,elasticnet_5y,910.7895978990504,0.02992050918639503,inverse_prior_mae
3,2025-10-31,elasticnet_8y,405.53923009192516,0.06719766303314638,inverse_prior_mae
3,2025-10-31,lightgbm_10y,695.6468255815756,0.039174028441711604,inverse_prior_mae
3,2025-10-31,lightgbm_5y,918.0947037628783,0.029682437355452056,inverse_prior_mae
3,2025-10-31,lightgbm_8y,748.9015993028863,0.03638834334993236,inverse_prior_mae
3,2025-10-31,lightgbm_return_10y,537.1467767718441,0.0507334116279703,inverse_prior_mae
3,2025-10-31,lightgbm_return_5y,581.0631207978508,0.046899015881826,inverse_prior_mae
3,2025-10-31,lightgbm_return_8y,585.8563827876083,0.046515305339815835,inverse_prior_mae
3,2025-10-31,naive,584.7436492251707,0.046603821292894324,inverse_prior_mae
3,2025-10-31,ridge_10y,294.6923365443662,0.09247369256269525,inverse_prior_mae
3,2025-10-31,ridge_5y,842.8438945331917,0.032332545454197725,inverse_prior_mae
3,2025-10-31,ridge_8y,475.5586945358961,0.05730373315355452,inverse_prior_mae
3,2025-10-31,sarimax_10y,504.7415616170583,0.05399057775877413,inverse_prior_mae
3,2025-10-31,sarimax_5y,643.1018630868296,0.04237476221866838,inverse_prior_mae
3,2025-10-31,sarimax_8y,631.7220677792354,0.04313809809823323,inverse_prior_mae
3,2025-10-31,xgboost_return_10y,828.3210478381554,0.03289942782681332,inverse_prior_mae
3,2025-10-31,xgboost_return_5y,647.1624291254518,0.042108885349719606,inverse_prior_mae
3,2025-10-31,xgboost_return_8y,745.7559555078759,0.03654183158642916,inverse_prior_mae
3,2025-11-30,arima_10y,737.9984404813815,0.04513231046545409,inverse_prior_mae
3,2025-11-30,arima_5y,766.6526798861972,0.043445455305507745,inverse_prior_mae
3,2025-11-30,arima_8y,751.4760127978547,0.04432287148438151,inverse_prior_mae
3,2025-11-30,elasticnet_10y,822.7067405077947,0.040485355350698686,inverse_prior_mae
3,2025-11-30,elasticnet_5y,1101.8226672905218,0.03022952397674112,inverse_prior_mae
3,2025-11-30,elasticnet_8y,524.1476584291368,0.06354616719735971,inverse_prior_mae
3,2025-11-30,lightgbm_10y,939.8555599177113,0.03543903569803834,inverse_prior_mae
3,2025-11-30,lightgbm_5y,1198.569104644803,0.027789448776815263,inverse_prior_mae
3,2025-11-30,lightgbm_8y,1003.8968574414224,0.03317828369722703,inverse_prior_mae
3,2025-11-30,lightgbm_return_10y,761.03851285914,0.04376595162537482,inverse_prior_mae
3,2025-11-30,lightgbm_return_5y,751.4605255662791,0.04432378495694781,inverse_prior_mae
3,2025-11-30,lightgbm_return_8y,747.7482793656261,0.04454383334334113,inverse_prior_mae
3,2025-11-30,naive,765.5552056277054,0.04350773725264249,inverse_prior_mae
3,2025-11-30,ridge_10y,301.17990701381785,0.11059029491181811,inverse_prior_mae
3,2025-11-30,ridge_5y,998.3793738667267,0.03336164148698706,inverse_prior_mae
3,2025-11-30,ridge_8y,470.91084630566365,0.0707301074075305,inverse_prior_mae
3,2025-11-30,sarimax_10y,609.9654409036197,0.054605675182825365,inverse_prior_mae
3,2025-11-30,sarimax_5y,825.7926521704092,0.04033406527817026,inverse_prior_mae
3,2025-11-30,sarimax_8y,752.6788018847528,0.04425204304336895,inverse_prior_mae
3,2025-11-30,xgboost_return_10y,1055.8348988014172,0.031546196073622156,inverse_prior_mae
3,2025-11-30,xgboost_return_5y,854.9773474558681,0.03895725990635987,inverse_prior_mae
3,2025-11-30,xgboost_return_8y,927.4528466737056,0.035912957578787874,inverse_prior_mae
3,2025-12-31,arima_10y,862.1011795953592,0.04274038226565429,inverse_prior_mae
3,2025-12-31,arima_5y,888.36922644751,0.041476598772939244,inverse_prior_mae
3,2025-12-31,arima_8y,873.5137893729069,0.04218197172827087,inverse_prior_mae
3,2025-12-31,elasticnet_10y,911.8714003636159,0.04040759909007742,inverse_prior_mae
3,2025-12-31,elasticnet_5y,1292.0947840430454,0.02851689707501509,inverse_prior_mae
3,2025-12-31,elasticnet_8y,543.6011646905422,0.06778229400649367,inverse_prior_mae
3,2025-12-31,lightgbm_10y,1093.123219438867,0.033707575973531974,inverse_prior_mae
3,2025-12-31,lightgbm_5y,1358.457929761313,0.027123794679609556,inverse_prior_mae
3,2025-12-31,lightgbm_8y,1154.6624162966446,0.03191108799216271,inverse_prior_mae
3,2025-12-31,lightgbm_return_10y,864.0380198978597,0.04264457479768521,inverse_prior_mae
3,2025-12-31,lightgbm_return_5y,848.7676730352963,0.0434118017664395,inverse_prior_mae
3,2025-12-31,lightgbm_return_8y,847.062561705317,0.0434991884110539,inverse_prior_mae
3,2025-12-31,naive,892.9638232979141,0.04126318783162958,inverse_prior_mae
3,2025-12-31,ridge_10y,285.0896811360832,0.12924541435480424,inverse_prior_mae
3,2025-12-31,ridge_5y,1165.910198930418,0.03160323496740209,inverse_prior_mae
3,2025-12-31,ridge_8y,494.273155681294,0.07454690497296118,inverse_prior_mae
3,2025-12-31,sarimax_10y,719.4862348675478,0.05121228479690873,inverse_prior_mae
3,2025-12-31,sarimax_5y,953.9446305324626,0.03862544301659488,inverse_prior_mae
3,2025-12-31,sarimax_8y,861.6685920604141,0.04276183942073347,inverse_prior_mae
3,2025-12-31,xgboost_return_10y,1153.1895697651769,0.03195184463486611,inverse_prior_mae
3,2025-12-31,xgboost_return_5y,1014.4077526121193,0.03632319831227707,inverse_prior_mae
3,2025-12-31,xgboost_return_8y,994.1626997512826,0.037062881132889115,inverse_prior_mae
3,2026-01-31,arima_10y,816.7604542175003,0.04559177417786187,inverse_prior_mae
3,2026-01-31,arima_5y,852.7961001086909,0.04366525384129385,inverse_prior_mae
3,2026-01-31,arima_8y,826.7477589503641,0.04504101496854898,inverse_prior_mae
3,2026-01-31,elasticnet_10y,910.2582577839726,0.040908783708036855,inverse_prior_mae
3,2026-01-31,elasticnet_5y,1383.3065704608737,0.026919237558361717,inverse_prior_mae
3,2026-01-31,elasticnet_8y,547.1255236282633,0.06806035649539174,inverse_prior_mae
3,2026-01-31,lightgbm_10y,1144.4563647134908,0.03253733330020403,inverse_prior_mae
3,2026-01-31,lightgbm_5y,1438.5954710071044,0.02588466246193635,inverse_prior_mae
3,2026-01-31,lightgbm_8y,1192.5087628299186,0.031226234428557254,inverse_prior_mae
3,2026-01-31,lightgbm_return_10y,799.6446974962508,0.04656762972689754,inverse_prior_mae
3,2026-01-31,lightgbm_return_5y,859.2487863550723,0.04333734161450048,inverse_prior_mae
3,2026-01-31,lightgbm_return_8y,800.5305035335891,0.046516101537310735,inverse_prior_mae
3,2026-01-31,naive,876.4828012265511,0.042485212640810455,inverse_prior_mae
3,2026-01-31,ridge_10y,337.6421489099386,0.11028705481725215,inverse_prior_mae
3,2026-01-31,ridge_5y,1265.3018690896226,0.029429782011660185,inverse_prior_mae
3,2026-01-31,ridge_8y,537.506757798826,0.06927830700836005,inverse_prior_mae
3,2026-01-31,sarimax_10y,672.063847784842,0.055407768634975624,inverse_prior_mae
3,2026-01-31,sarimax_5y,932.8332931134263,0.039918770546733755,inverse_prior_mae
3,2026-01-31,sarimax_8y,798.2268839540401,0.04665034332297135,inverse_prior_mae
3,2026-01-31,xgboost_return_10y,1110.2780610721722,0.03353894802735557,inverse_prior_mae
3,2026-01-31,xgboost_return_5y,1001.2915830539083,0.03718952482612786,inverse_prior_mae
3,2026-01-31,xgboost_return_8y,941.3273409402387,0.039558564344851596,inverse_prior_mae
3,2026-02-28,arima_10y,824.387685432359,0.04878459367668545,inverse_prior_mae
3,2026-02-28,arima_5y,837.8247252391546,0.048002185963667635,inverse_prior_mae
3,2026-02-28,arima_8y,837.0802898235767,0.04804487544959929,inverse_prior_mae
3,2026-02-28,elasticnet_10y,912.7524680616802,0.044061692159905845,inverse_prior_mae
3,2026-02-28,elasticnet_5y,1529.8079760941373,0.026289193738411376,inverse_prior_mae
3,2026-02-28,elasticnet_8y,624.7908646479021,0.06436940829534904,inverse_prior_mae
3,2026-02-28,lightgbm_10y,1190.0444895094965,0.0337948863429528,inverse_prior_mae
3,2026-02-28,lightgbm_5y,1477.7611288679068,0.027215100925618844,inverse_prior_mae
3,2026-02-28,lightgbm_8y,1202.7371943554413,0.03343824274727548,inverse_prior_mae
3,2026-02-28,lightgbm_return_10y,861.5334124511749,0.046681205493212447,inverse_prior_mae
3,2026-02-28,lightgbm_return_5y,912.0857802716945,0.04409389899045204,inverse_prior_mae
3,2026-02-28,lightgbm_return_8y,889.8659918127487,0.045194915454617714,inverse_prior_mae
3,2026-02-28,naive,824.2538128538127,0.04879251710906381,inverse_prior_mae
3,2026-02-28,ridge_10y,443.25778206531226,0.09073144317528412,inverse_prior_mae
3,2026-02-28,ridge_5y,1393.8709440323416,0.028853042986702063,inverse_prior_mae
3,2026-02-28,ridge_8y,659.9350652782609,0.060941478005569566,inverse_prior_mae
3,2026-02-28,sarimax_10y,705.7933533294283,0.05698186030809419,inverse_prior_mae
3,2026-02-28,sarimax_5y,883.1556280339157,0.04553831396109138,inverse_prior_mae
3,2026-02-28,sarimax_8y,923.3945948067651,0.04355388096499445,inverse_prior_mae
3,2026-02-28,xgboost_return_10y,1123.5308388983663,0.03579556241237162,inverse_prior_mae
3,2026-02-28,xgboost_return_5y,1021.7854620889855,0.039359943704574456,inverse_prior_mae
3,2026-02-28,xgboost_return_8y,1018.6329121656966,0.039481758134506315,inverse_prior_mae
3,2026-03-31,arima_10y,807.2796563921002,0.051745679623101656,inverse_prior_mae
3,2026-03-31,arima_5y,817.9840110573186,0.051068522001945095,inverse_prior_mae
3,2026-03-31,arima_8y,818.4226649482117,0.051041150563155016,inverse_prior_mae
3,2026-03-31,elasticnet_10y,917.9084944898194,0.04550914902382885,inverse_prior_mae
3,2026-03-31,elasticnet_5y,1603.1457300400366,0.02605704128041239,inverse_prior_mae
3,2026-03-31,elasticnet_8y,703.2286995424137,0.059402061510029684,inverse_prior_mae
3,2026-03-31,lightgbm_10y,1213.6075113704671,0.03442071186500321,inverse_prior_mae
3,2026-03-31,lightgbm_5y,1550.3425875441005,0.02694451845790694,inverse_prior_mae
3,2026-03-31,lightgbm_8y,1215.9731350925597,0.03435374784238745,inverse_prior_mae
3,2026-03-31,lightgbm_return_10y,828.2088968681257,0.05043804120420812,inverse_prior_mae
3,2026-03-31,lightgbm_return_5y,962.7663914646292,0.04338875436070046,inverse_prior_mae
3,2026-03-31,lightgbm_return_8y,854.7977747541879,0.04886914273724518,inverse_prior_mae
3,2026-03-31,naive,803.9004390033524,0.05196319399663473,inverse_prior_mae
3,2026-03-31,ridge_10y,557.3076822992969,0.07495542550810771,inverse_prior_mae
3,2026-03-31,ridge_5y,1450.619472766123,0.028796824563844532,inverse_prior_mae
3,2026-03-31,ridge_8y,787.9864781736106,0.053012628545000204,inverse_prior_mae
3,2026-03-31,sarimax_10y,734.1792428418587,0.056897869114585664,inverse_prior_mae
3,2026-03-31,sarimax_5y,851.2323098010331,0.049073835643884324,inverse_prior_mae
3,2026-03-31,sarimax_8y,963.8179903756879,0.04334141392164137,inverse_prior_mae
3,2026-03-31,xgboost_return_10y,1105.7375685977363,0.03777861551636385,inverse_prior_mae
3,2026-03-31,xgboost_return_5y,1022.3649577441149,0.040859415367870404,inverse_prior_mae
3,2026-03-31,xgboost_return_8y,1042.1876716930024,0.04008225735214319,inverse_prior_mae
3,2026-04-30,arima_10y,839.970588741936,0.050007046502899145,inverse_prior_mae
3,2026-04-30,arima_5y,842.9314192597254,0.049831394740483446,inverse_prior_mae
3,2026-04-30,arima_8y,850.5222064979951,0.0493866567755404,inverse_prior_mae
3,2026-04-30,elasticnet_10y,907.4862911641723,0.046286592647517805,inverse_prior_mae
3,2026-04-30,elasticnet_5y,1714.254536338459,0.024503040477442454,inverse_prior_mae
3,2026-04-30,elasticnet_8y,670.6876011821066,0.06262893218560367,inverse_prior_mae
3,2026-04-30,lightgbm_10y,1215.137354589174,0.03456765454028961,inverse_prior_mae
3,2026-04-30,lightgbm_5y,1541.925219448667,0.027241559942532363,inverse_prior_mae
3,2026-04-30,lightgbm_8y,1217.2501892346131,0.034507653943231076,inverse_prior_mae
3,2026-04-30,lightgbm_return_10y,789.3507757208739,0.05321391906392057,inverse_prior_mae
3,2026-04-30,lightgbm_return_5y,907.5846797127709,0.046281574856041244,inverse_prior_mae
3,2026-04-30,lightgbm_return_8y,855.1920876727442,0.049116974885259096,inverse_prior_mae
3,2026-04-30,naive,821.9964703425229,0.05110052148371335,inverse_prior_mae
3,2026-04-30,ridge_10y,654.3331783964398,0.06419428156628568,inverse_prior_mae
3,2026-04-30,ridge_5y,1540.3198416174912,0.027269952095406388,inverse_prior_mae
3,2026-04-30,ridge_8y,830.7506095539821,0.05056204330061412,inverse_prior_mae
3,2026-04-30,sarimax_10y,711.7048421062467,0.05901947802952396,inverse_prior_mae
3,2026-04-30,sarimax_5y,842.0024712745108,0.04988637174509246,inverse_prior_mae
3,2026-04-30,sarimax_8y,905.9088266061661,0.04636719177324336,inverse_prior_mae
3,2026-04-30,xgboost_return_10y,1065.3285403460752,0.03942863323528917,inverse_prior_mae
3,2026-04-30,xgboost_return_5y,967.3123462182934,0.043423872812714266,inverse_prior_mae
3,2026-04-30,xgboost_return_8y,1020.1530511261243,0.04117465339735652,inverse_prior_mae
3,2026-05-31,arima_10y,818.608743867273,0.05070930876674631,inverse_prior_mae
3,2026-05-31,arima_5y,824.1998596226414,0.050365312572284486,inverse_prior_mae
3,2026-05-31,arima_8y,828.7941213816922,0.05008612209112501,inverse_prior_mae
3,2026-05-31,elasticnet_10y,859.5761010270644,0.048292505459782496,inverse_prior_mae
3,2026-05-31,elasticnet_5y,1808.5445748153672,0.02295275666978752,inverse_prior_mae
3,2026-05-31,elasticnet_8y,703.1949955049897,0.059032108898940686,inverse_prior_mae
3,2026-05-31,lightgbm_10y,1198.9741258489203,0.034622167949365304,inverse_prior_mae
3,2026-05-31,lightgbm_5y,1520.3029155745926,0.027304481973231622,inverse_prior_mae
3,2026-05-31,lightgbm_8y,1219.8144763558987,0.03403065331385624,inverse_prior_mae
3,2026-05-31,lightgbm_return_10y,748.2492746726292,0.055477612818319075,inverse_prior_mae
3,2026-05-31,lightgbm_return_5y,851.6317991890854,0.048742993851885234,inverse_prior_mae
3,2026-05-31,lightgbm_return_8y,803.3804363625019,0.051670518316161256,inverse_prior_mae
3,2026-05-31,naive,810.2341230113326,0.05123344274570628,inverse_prior_mae
3,2026-05-31,ridge_10y,782.3914691117994,0.05305666688700655,inverse_prior_mae
3,2026-05-31,ridge_5y,1601.316590227319,0.025923095910896008,inverse_prior_mae
3,2026-05-31,ridge_8y,816.882407205049,0.05081647393283002,inverse_prior_mae
3,2026-05-31,sarimax_10y,714.1674907415606,0.058125137436242605,inverse_prior_mae
3,2026-05-31,sarimax_5y,821.1370911978847,0.05055317071521952,inverse_prior_mae
3,2026-05-31,sarimax_8y,862.5165608899594,0.0481278684192659,inverse_prior_mae
3,2026-05-31,xgboost_return_10y,1016.3464349024151,0.040843438936260204,inverse_prior_mae
3,2026-05-31,xgboost_return_5y,922.2041582284302,0.04501289999789672,inverse_prior_mae
3,2026-05-31,xgboost_return_8y,964.8969206585856,0.04302126233719099,inverse_prior_mae
6,2025-01-31,arima_10y,,0.045454545454545456,equal_warmup
6,2025-01-31,arima_5y,,0.045454545454545456,equal_warmup
6,2025-01-31,arima_8y,,0.045454545454545456,equal_warmup
6,2025-01-31,elasticnet_10y,,0.045454545454545456,equal_warmup
6,2025-01-31,elasticnet_5y,,0.045454545454545456,equal_warmup
6,2025-01-31,elasticnet_8y,,0.045454545454545456,equal_warmup
6,2025-01-31,lightgbm_10y,,0.045454545454545456,equal_warmup
6,2025-01-31,lightgbm_5y,,0.045454545454545456,equal_warmup
6,2025-01-31,lightgbm_8y,,0.045454545454545456,equal_warmup
6,2025-01-31,lightgbm_return_10y,,0.045454545454545456,equal_warmup
6,2025-01-31,lightgbm_return_5y,,0.045454545454545456,equal_warmup
6,2025-01-31,lightgbm_return_8y,,0.045454545454545456,equal_warmup
6,2025-01-31,naive,,0.045454545454545456,equal_warmup
6,2025-01-31,ridge_10y,,0.045454545454545456,equal_warmup
6,2025-01-31,ridge_5y,,0.045454545454545456,equal_warmup
6,2025-01-31,ridge_8y,,0.045454545454545456,equal_warmup
6,2025-01-31,sarimax_10y,,0.045454545454545456,equal_warmup
6,2025-01-31,sarimax_5y,,0.045454545454545456,equal_warmup
6,2025-01-31,sarimax_8y,,0.045454545454545456,equal_warmup
6,2025-01-31,xgboost_return_10y,,0.045454545454545456,equal_warmup
6,2025-01-31,xgboost_return_5y,,0.045454545454545456,equal_warmup
6,2025-01-31,xgboost_return_8y,,0.045454545454545456,equal_warmup
6,2025-02-28,arima_10y,,0.045454545454545456,equal_warmup
6,2025-02-28,arima_5y,,0.045454545454545456,equal_warmup
6,2025-02-28,arima_8y,,0.045454545454545456,equal_warmup
6,2025-02-28,elasticnet_10y,,0.045454545454545456,equal_warmup
6,2025-02-28,elasticnet_5y,,0.045454545454545456,equal_warmup
6,2025-02-28,elasticnet_8y,,0.045454545454545456,equal_warmup
6,2025-02-28,lightgbm_10y,,0.045454545454545456,equal_warmup
6,2025-02-28,lightgbm_5y,,0.045454545454545456,equal_warmup
6,2025-02-28,lightgbm_8y,,0.045454545454545456,equal_warmup
6,2025-02-28,lightgbm_return_10y,,0.045454545454545456,equal_warmup
6,2025-02-28,lightgbm_return_5y,,0.045454545454545456,equal_warmup
6,2025-02-28,lightgbm_return_8y,,0.045454545454545456,equal_warmup
6,2025-02-28,naive,,0.045454545454545456,equal_warmup
6,2025-02-28,ridge_10y,,0.045454545454545456,equal_warmup
6,2025-02-28,ridge_5y,,0.045454545454545456,equal_warmup
6,2025-02-28,ridge_8y,,0.045454545454545456,equal_warmup
6,2025-02-28,sarimax_10y,,0.045454545454545456,equal_warmup
6,2025-02-28,sarimax_5y,,0.045454545454545456,equal_warmup
6,2025-02-28,sarimax_8y,,0.045454545454545456,equal_warmup
6,2025-02-28,xgboost_return_10y,,0.045454545454545456,equal_warmup
6,2025-02-28,xgboost_return_5y,,0.045454545454545456,equal_warmup
6,2025-02-28,xgboost_return_8y,,0.045454545454545456,equal_warmup
6,2025-03-31,arima_10y,,0.045454545454545456,equal_warmup
6,2025-03-31,arima_5y,,0.045454545454545456,equal_warmup
6,2025-03-31,arima_8y,,0.045454545454545456,equal_warmup
6,2025-03-31,elasticnet_10y,,0.045454545454545456,equal_warmup
6,2025-03-31,elasticnet_5y,,0.045454545454545456,equal_warmup
6,2025-03-31,elasticnet_8y,,0.045454545454545456,equal_warmup
6,2025-03-31,lightgbm_10y,,0.045454545454545456,equal_warmup
6,2025-03-31,lightgbm_5y,,0.045454545454545456,equal_warmup
6,2025-03-31,lightgbm_8y,,0.045454545454545456,equal_warmup
6,2025-03-31,lightgbm_return_10y,,0.045454545454545456,equal_warmup
6,2025-03-31,lightgbm_return_5y,,0.045454545454545456,equal_warmup
6,2025-03-31,lightgbm_return_8y,,0.045454545454545456,equal_warmup
6,2025-03-31,naive,,0.045454545454545456,equal_warmup
6,2025-03-31,ridge_10y,,0.045454545454545456,equal_warmup
6,2025-03-31,ridge_5y,,0.045454545454545456,equal_warmup
6,2025-03-31,ridge_8y,,0.045454545454545456,equal_warmup
6,2025-03-31,sarimax_10y,,0.045454545454545456,equal_warmup
6,2025-03-31,sarimax_5y,,0.045454545454545456,equal_warmup
6,2025-03-31,sarimax_8y,,0.045454545454545456,equal_warmup
6,2025-03-31,xgboost_return_10y,,0.045454545454545456,equal_warmup
6,2025-03-31,xgboost_return_5y,,0.045454545454545456,equal_warmup
6,2025-03-31,xgboost_return_8y,,0.045454545454545456,equal_warmup
6,2025-04-30,arima_10y,246.66002254518935,0.06768491636977982,inverse_prior_mae
6,2025-04-30,arima_5y,208.93275985641594,0.07990687056012795,inverse_prior_mae
6,2025-04-30,arima_8y,205.24222032845623,0.08134370682057869,inverse_prior_mae
6,2025-04-30,elasticnet_10y,278.2366573239906,0.060003463089248525,inverse_prior_mae
6,2025-04-30,elasticnet_5y,900.3340771516099,0.018543297895653475,inverse_prior_mae
6,2025-04-30,elasticnet_8y,264.41856806034474,0.06313914760318379,inverse_prior_mae
6,2025-04-30,lightgbm_10y,493.73211614476895,0.03381421311710378,inverse_prior_mae
6,2025-04-30,lightgbm_5y,978.9827208094102,0.017053582911496244,inverse_prior_mae
6,2025-04-30,lightgbm_8y,427.97062600975914,0.03901006747515702,inverse_prior_mae
6,2025-04-30,lightgbm_return_10y,555.9553188543092,0.030029684818054143,inverse_prior_mae
6,2025-04-30,lightgbm_return_5y,936.3856893308936,0.017829365814173694,inverse_prior_mae
6,2025-04-30,lightgbm_return_8y,401.65359845140483,0.04156607350804115,inverse_prior_mae
6,2025-04-30,naive,446.3016845473364,0.03740779740720689,inverse_prior_mae
6,2025-04-30,ridge_10y,695.6006285292569,0.02400107520528755,inverse_prior_mae
6,2025-04-30,ridge_5y,747.522037297269,0.022334007781971848,inverse_prior_mae
6,2025-04-30,ridge_8y,404.3313109321595,0.041290799269325634,inverse_prior_mae
6,2025-04-30,sarimax_10y,269.4870367367251,0.06195163670936346,inverse_prior_mae
6,2025-04-30,sarimax_5y,235.97397782105813,0.07075001723439453,inverse_prior_mae
6,2025-04-30,sarimax_8y,164.41822975150959,0.10154082684525012,inverse_prior_mae
6,2025-04-30,xgboost_return_10y,692.311533587202,0.02411510163880862,inverse_prior_mae
6,2025-04-30,xgboost_return_5y,834.3579532942409,0.020009592923875753,inverse_prior_mae
6,2025-04-30,xgboost_return_8y,357.6914971972213,0.04667475500191717,inverse_prior_mae
6,2025-05-31,arima_10y,639.4168832229816,0.048742420807822255,inverse_prior_mae
6,2025-05-31,arima_5y,632.8272335619267,0.04924997715134797,inverse_prior_mae
6,2025-05-31,arima_8y,641.8934392767555,0.04855436258828142,inverse_prior_mae
6,2025-05-31,elasticnet_10y,522.2674449587494,0.0596757984714767,inverse_prior_mae
6,2025-05-31,elasticnet_5y,1135.9887513200429,0.02743577060747951,inverse_prior_mae
6,2025-05-31,elasticnet_8y,544.9884366410706,0.057187868032001314,inverse_prior_mae
6,2025-05-31,lightgbm_10y,675.9164215222681,0.046110326367740484,inverse_prior_mae
6,2025-05-31,lightgbm_5y,1108.04741736615,0.028127611061962283,inverse_prior_mae
6,2025-05-31,lightgbm_8y,605.1990881735701,0.05149830428150709,inverse_prior_mae
6,2025-05-31,lightgbm_return_10y,826.5852128900283,0.03770540085615783,inverse_prior_mae
6,2025-05-31,lightgbm_return_5y,1145.808749710327,0.027200636058832176,inverse_prior_mae
6,2025-05-31,lightgbm_return_8y,773.3369494085191,0.04030161343978553,inverse_prior_mae
6,2025-05-31,naive,710.7004481931108,0.04385353473881729,inverse_prior_mae
6,2025-05-31,ridge_10y,589.1054491837881,0.052905174849122376,inverse_prior_mae
6,2025-05-31,ridge_5y,1011.5251245168802,0.030811619047767816,inverse_prior_mae
6,2025-05-31,ridge_8y,452.40967921068295,0.06889049511021883,inverse_prior_mae
6,2025-05-31,sarimax_10y,490.4100032239958,0.06355238797871166,inverse_prior_mae
6,2025-05-31,sarimax_5y,642.2190090014005,0.048529748196249466,inverse_prior_mae
6,2025-05-31,sarimax_8y,507.30153497515266,0.061436295072673695,inverse_prior_mae
6,2025-05-31,xgboost_return_10y,929.3858456175758,0.033534755172780296,inverse_prior_mae
6,2025-05-31,xgboost_return_5y,987.5132324933388,0.03156081940812146,inverse_prior_mae
6,2025-05-31,xgboost_return_8y,722.5378111535847,0.04313508070114257,inverse_prior_mae
6,2025-06-30,arima_10y,755.2126405325628,0.0470280228146796,inverse_prior_mae
6,2025-06-30,arima_5y,760.80488150097,0.04668234675207976,inverse_prior_mae
6,2025-06-30,arima_8y,758.7182480143899,0.04681073294579354,inverse_prior_mae
6,2025-06-30,elasticnet_10y,674.7065505350289,0.05263941377281733,inverse_prior_mae
6,2025-06-30,elasticnet_5y,1285.641811037331,0.027625235103731806,inverse_prior_mae
6,2025-06-30,elasticnet_8y,693.9753475546389,0.05117783710041945,inverse_prior_mae
6,2025-06-30,lightgbm_10y,817.2632133057559,0.043457428048517974,inverse_prior_mae
6,2025-06-30,lightgbm_5y,1352.4228738952206,0.026261133240681255,inverse_prior_mae
6,2025-06-30,lightgbm_8y,776.6022411971902,0.045732751471540864,inverse_prior_mae
6,2025-06-30,lightgbm_return_10y,869.3415881073124,0.04085408747818627,inverse_prior_mae
6,2025-06-30,lightgbm_return_5y,1211.7495410675679,0.029309816992203475,inverse_prior_mae
6,2025-06-30,lightgbm_return_8y,733.425239519868,0.04842505462743037,inverse_prior_mae
6,2025-06-30,naive,822.7603585544887,0.04316707400844747,inverse_prior_mae
6,2025-06-30,ridge_10y,530.5007981526945,0.0669483578768866,inverse_prior_mae
6,2025-06-30,ridge_5y,1179.5067009390616,0.030111026296665247,inverse_prior_mae
6,2025-06-30,ridge_8y,485.2523137951419,0.07319111373394077,inverse_prior_mae
6,2025-06-30,sarimax_10y,607.2970922573866,0.058482343718735716,inverse_prior_mae
6,2025-06-30,sarimax_5y,776.2880671228974,0.04575126012247441,inverse_prior_mae
6,2025-06-30,sarimax_8y,578.9758989702077,0.06134306687364232,inverse_prior_mae
6,2025-06-30,xgboost_return_10y,1007.5941269366289,0.035248475888795365,inverse_prior_mae
6,2025-06-30,xgboost_return_5y,1071.2325138056717,0.03315448031246125,inverse_prior_mae
6,2025-06-30,xgboost_return_8y,762.1666214730907,0.04659894081986903,inverse_prior_mae
6,2025-07-31,arima_10y,909.440830265874,0.04804510427167546,inverse_prior_mae
6,2025-07-31,arima_5y,915.4365355516398,0.047730430043100874,inverse_prior_mae
6,2025-07-31,arima_8y,908.1049338590716,0.04811578253777354,inverse_prior_mae
6,2025-07-31,elasticnet_10y,884.3770097533837,0.04940673382182776,inverse_prior_mae
6,2025-07-31,elasticnet_5y,1534.6469422841856,0.028471812190368588,inverse_prior_mae
6,2025-07-31,elasticnet_8y,872.9784463360344,0.05005184229050692,inverse_prior_mae
6,2025-07-31,lightgbm_10y,1092.3110870867852,0.0400015893234744,inverse_prior_mae
6,2025-07-31,lightgbm_5y,1605.8882676675582,0.027208729523078318,inverse_prior_mae
6,2025-07-31,lightgbm_8y,1026.6456967106803,0.04256013506810749,inverse_prior_mae
6,2025-07-31,lightgbm_return_10y,1087.840672767258,0.0401659733938539,inverse_prior_mae
6,2025-07-31,lightgbm_return_5y,1389.1199880660815,0.03145457548274107,inverse_prior_mae
6,2025-07-31,lightgbm_return_8y,965.0277954002204,0.045277638351286724,inverse_prior_mae
6,2025-07-31,naive,1013.9749019700103,0.04309197341492469,inverse_prior_mae
6,2025-07-31,ridge_10y,567.3901053844617,0.07700906149772624,inverse_prior_mae
6,2025-07-31,ridge_5y,1429.0084446321714,0.030576571946336294,inverse_prior_mae
6,2025-07-31,ridge_8y,586.0500243398383,0.07455708165526932,inverse_prior_mae
6,2025-07-31,sarimax_10y,801.3731430678572,0.054524137596757935,inverse_prior_mae
6,2025-07-31,sarimax_5y,944.0000413012021,0.04628620509256854,inverse_prior_mae
6,2025-07-31,sarimax_8y,714.149713843976,0.061183500702848045,inverse_prior_mae
6,2025-07-31,xgboost_return_10y,1170.0219763711568,0.03734475112567396,inverse_prior_mae
6,2025-07-31,xgboost_return_5y,1305.9513015258624,0.033457740321662065,inverse_prior_mae
6,2025-07-31,xgboost_return_8y,1004.9575887953106,0.043478630348437824,inverse_prior_mae
6,2025-08-31,arima_10y,1256.8828106623998,0.04698131719549914,inverse_prior_mae
6,2025-08-31,arima_5y,1257.9926856915229,0.04693986751826075,inverse_prior_mae
6,2025-08-31,arima_8y,1255.3090941340438,0.047040215259521304,inverse_prior_mae
6,2025-08-31,elasticnet_10y,1222.8752090091396,0.048287846192527,inverse_prior_mae
6,2025-08-31,elasticnet_5y,1873.9186447227403,0.03151151207751192,inverse_prior_mae
6,2025-08-31,elasticnet_8y,1147.204298767342,0.05147296786518701,inverse_prior_mae
6,2025-08-31,lightgbm_10y,1464.802299107274,0.04031261422879764,inverse_prior_mae
6,2025-08-31,lightgbm_5y,1869.4827195925477,0.03158628287204738,inverse_prior_mae
6,2025-08-31,lightgbm_8y,1385.8150055688907,0.04261031217590532,inverse_prior_mae
6,2025-08-31,lightgbm_return_10y,1436.4782477983863,0.04110748637917925,inverse_prior_mae
6,2025-08-31,lightgbm_return_5y,1749.6308106253316,0.03374998293744501,inverse_prior_mae
6,2025-08-31,lightgbm_return_8y,1188.6713958254443,0.04967732058889823,inverse_prior_mae
6,2025-08-31,naive,1342.0732818423808,0.04399909513455736,inverse_prior_mae
6,2025-08-31,ridge_10y,802.0741660953366,0.07362163313712246,inverse_prior_mae
6,2025-08-31,ridge_5y,1754.1887900259069,0.03366228899716193,inverse_prior_mae
6,2025-08-31,ridge_8y,951.2680573418426,0.062075047668640325,inverse_prior_mae
6,2025-08-31,sarimax_10y,1202.822530994989,0.04909286988200389,inverse_prior_mae
6,2025-08-31,sarimax_5y,1280.4555948715472,0.046116405943177695,inverse_prior_mae
6,2025-08-31,sarimax_8y,1121.0480409558636,0.05267393354070239,inverse_prior_mae
6,2025-08-31,xgboost_return_10y,1459.11728104167,0.04046968038320385,inverse_prior_mae
6,2025-08-31,xgboost_return_5y,1689.0715611782684,0.034960040392976954,inverse_prior_mae
6,2025-08-31,xgboost_return_8y,1134.4583730769011,0.052051279629673285,inverse_prior_mae
6,2025-09-30,arima_10y,1527.3491054116553,0.045106962812382585,inverse_prior_mae
6,2025-09-30,arima_5y,1527.5892723365862,0.04509987111519164,inverse_prior_mae
6,2025-09-30,arima_8y,1528.8659232636346,0.04506221131036998,inverse_prior_mae
6,2025-09-30,elasticnet_10y,1425.122807381286,0.048342556123912105,inverse_prior_mae
6,2025-09-30,elasticnet_5y,2068.056521277447,0.03331344119013301,inverse_prior_mae
6,2025-09-30,elasticnet_8y,1296.6500602425558,0.05313236116023589,inverse_prior_mae
6,2025-09-30,lightgbm_10y,1735.8253068114875,0.039689523495848825,inverse_prior_mae
6,2025-09-30,lightgbm_5y,2095.7068429865026,0.03287391055195185,inverse_prior_mae
6,2025-09-30,lightgbm_8y,1672.5603131040668,0.04119078921076965,inverse_prior_mae
6,2025-09-30,lightgbm_return_10y,1671.4758705161014,0.041217513524796405,inverse_prior_mae
6,2025-09-30,lightgbm_return_5y,2035.9414035000625,0.03383893032530487,inverse_prior_mae
6,2025-09-30,lightgbm_return_8y,1382.8802756786345,0.049819265276217176,inverse_prior_mae
6,2025-09-30,naive,1589.5609966120833,0.04334157635107093,inverse_prior_mae
6,2025-09-30,ridge_10y,815.686273201349,0.08446149158370055,inverse_prior_mae
6,2025-09-30,ridge_5y,1957.108370441624,0.03520197467853166,inverse_prior_mae
6,2025-09-30,ridge_8y,1169.9753023733474,0.05888507147068561,inverse_prior_mae
6,2025-09-30,sarimax_10y,1491.2269607755459,0.046199593429754326,inverse_prior_mae
6,2025-09-30,sarimax_5y,1527.9311200310851,0.04508978081284705,inverse_prior_mae
6,2025-09-30,sarimax_8y,1404.0183046978261,0.04906921730918399,inverse_prior_mae
6,2025-09-30,xgboost_return_10y,1683.1812457072951,0.04093087388840345,inverse_prior_mae
6,2025-09-30,xgboost_return_5y,1945.577836819828,0.03541060038596971,inverse_prior_mae
6,2025-09-30,xgboost_return_8y,1306.7305271265623,0.05272248399273871,inverse_prior_mae
6,2025-10-31,arima_10y,1627.6183942505254,0.04383292691833526,inverse_prior_mae
6,2025-10-31,arima_5y,1632.3891144261127,0.0437048234980447,inverse_prior_mae
6,2025-10-31,arima_8y,1628.2503234871076,0.04381591521709686,inverse_prior_mae
6,2025-10-31,elasticnet_10y,1486.9123139423798,0.04798082405876468,inverse_prior_mae
6,2025-10-31,elasticnet_5y,2149.670009206409,0.033188013890823,inverse_prior_mae
6,2025-10-31,elasticnet_8y,1249.490744837226,0.05709788441472839,inverse_prior_mae
6,2025-10-31,lightgbm_10y,1863.1344897058782,0.038292070980576076,inverse_prior_mae
6,2025-10-31,lightgbm_5y,2193.943324802626,0.0325182867395414,inverse_prior_mae
6,2025-10-31,lightgbm_8y,1814.949447186094,0.03930868611066697,inverse_prior_mae
6,2025-10-31,lightgbm_return_10y,1805.3641814049238,0.0395173887135867,inverse_prior_mae
6,2025-10-31,lightgbm_return_5y,2197.109228198994,0.03247142982723545,inverse_prior_mae
6,2025-10-31,lightgbm_return_8y,1372.2934806025598,0.05198835317261277,inverse_prior_mae
6,2025-10-31,naive,1695.8597747662961,0.0420690903739201,inverse_prior_mae
6,2025-10-31,ridge_10y,759.8833382129134,0.09388714627353902,inverse_prior_mae
6,2025-10-31,ridge_5y,2062.409875408584,0.03459219187072601,inverse_prior_mae
6,2025-10-31,ridge_8y,1182.0904292768935,0.06035348595927492,inverse_prior_mae
6,2025-10-31,sarimax_10y,1577.8639994719606,0.04521509974876351,inverse_prior_mae
6,2025-10-31,sarimax_5y,1613.3450982696859,0.044220717689373044,inverse_prior_mae
6,2025-10-31,sarimax_8y,1497.5812758257325,0.04763900248869387,inverse_prior_mae
6,2025-10-31,xgboost_return_10y,1780.3139574178938,0.04007342515565788,inverse_prior_mae
6,2025-10-31,xgboost_return_5y,2066.423304417358,0.034525006552967745,inverse_prior_mae
6,2025-10-31,xgboost_return_8y,1328.3490755075547,0.05370823034507164,inverse_prior_mae
6,2025-11-30,arima_10y,1649.2117017408877,0.04370846949620415,inverse_prior_mae
6,2025-11-30,arima_5y,1665.277151872838,0.043286800204554284,inverse_prior_mae
6,2025-11-30,arima_8y,1645.967998350292,0.043794605624515155,inverse_prior_mae
6,2025-11-30,elasticnet_10y,1537.4133901562075,0.046886881446354944,inverse_prior_mae
6,2025-11-30,elasticnet_5y,2247.58969576636,0.0320719210869412,inverse_prior_mae
6,2025-11-30,elasticnet_8y,1322.8469798319888,0.05449195595349353,inverse_prior_mae
6,2025-11-30,lightgbm_10y,2007.3537335332535,0.03591022257523221,inverse_prior_mae
6,2025-11-30,lightgbm_5y,2314.49283221978,0.031144844501123575,inverse_prior_mae
6,2025-11-30,lightgbm_8y,1980.7176683951634,0.036393131897895725,inverse_prior_mae
6,2025-11-30,lightgbm_return_10y,1826.6154551731822,0.03946343449258322,inverse_prior_mae
6,2025-11-30,lightgbm_return_5y,2288.4732388261446,0.03149895665610747,inverse_prior_mae
6,2025-11-30,lightgbm_return_8y,1317.828741965684,0.05469945908957241,inverse_prior_mae
6,2025-11-30,naive,1745.8091233766231,0.04129003474270304,inverse_prior_mae
6,2025-11-30,ridge_10y,696.246657019418,0.10353302041881957,inverse_prior_mae
6,2025-11-30,ridge_5y,2161.8846776581204,0.033343369377368606,inverse_prior_mae
6,2025-11-30,ridge_8y,1111.9501170284072,0.0648271161216774,inverse_prior_mae
6,2025-11-30,sarimax_10y,1680.8072613043398,0.04288684432645401,inverse_prior_mae
6,2025-11-30,sarimax_5y,1652.051876382839,0.04363332676704683,inverse_prior_mae
6,2025-11-30,sarimax_8y,1530.873484493661,0.04708718263686748,inverse_prior_mae
6,2025-11-30,xgboost_return_10y,1791.0891403376786,0.04024619307600115,inverse_prior_mae
6,2025-11-30,xgboost_return_5y,2135.5465417985624,0.033754600027454465,inverse_prior_mae
6,2025-11-30,xgboost_return_8y,1286.129672667062,0.0560476294810294,inverse_prior_mae
6,2025-12-31,arima_10y,1739.5047424628528,0.04306142409601957,inverse_prior_mae
6,2025-12-31,arima_5y,1754.3284354305804,0.042697564446562204,inverse_prior_mae
6,2025-12-31,arima_8y,1735.7161925067014,0.04315541432153809,inverse_prior_mae
6,2025-12-31,elasticnet_10y,1619.098540744913,0.04626373846136365,inverse_prior_mae
6,2025-12-31,elasticnet_5y,2380.518580043956,0.03146606460469762,inverse_prior_mae
6,2025-12-31,elasticnet_8y,1428.66580778895,0.05243042216294293,inverse_prior_mae
6,2025-12-31,lightgbm_10y,2178.3551331133667,0.034386290046866615,inverse_prior_mae
6,2025-12-31,lightgbm_5y,2454.988670961317,0.030511567046468048,inverse_prior_mae
6,2025-12-31,lightgbm_8y,2160.4300969985425,0.03467159226136473,inverse_prior_mae
6,2025-12-31,lightgbm_return_10y,1878.6395096852407,0.039872232563027625,inverse_prior_mae
6,2025-12-31,lightgbm_return_5y,2359.5073484201907,0.03174626749202388,inverse_prior_mae
6,2025-12-31,lightgbm_return_8y,1301.6780370724073,0.05754537550664586,inverse_prior_mae
6,2025-12-31,naive,1833.1316193376,0.04086206939102346,inverse_prior_mae
6,2025-12-31,ridge_10y,683.0330757130025,0.10966606756689196,inverse_prior_mae
6,2025-12-31,ridge_5y,2296.010993157063,0.032624212887298894,inverse_prior_mae
6,2025-12-31,ridge_8y,1145.1062960301867,0.06541362290268297,inverse_prior_mae
6,2025-12-31,sarimax_10y,1750.1019601841808,0.04280067855266544,inverse_prior_mae
6,2025-12-31,sarimax_5y,1830.5799925904184,0.04091902661202706,inverse_prior_mae
6,2025-12-31,sarimax_8y,1601.472727233128,0.04677291730194355,inverse_prior_mae
6,2025-12-31,xgboost_return_10y,1839.340950975352,0.0407241253409452,inverse_prior_mae
6,2025-12-31,xgboost_return_5y,2194.411583799316,0.03413468648512647,inverse_prior_mae
6,2025-12-31,xgboost_return_8y,1285.388489684521,0.05827463994987423,inverse_prior_mae
6,2026-01-31,arima_10y,1710.6587959369451,0.043168977990783015,inverse_prior_mae
6,2026-01-31,arima_5y,1736.2037841007477,0.042533827300575984,inverse_prior_mae
6,2026-01-31,arima_8y,1706.7117042472516,0.04326881436845298,inverse_prior_mae
6,2026-01-31,elasticnet_10y,1653.7710939748313,0.044653938009059424,inverse_prior_mae
6,2026-01-31,elasticnet_5y,2497.086881561799,0.02957341711133798,inverse_prior_mae
6,2026-01-31,elasticnet_8y,1505.8483156724424,0.049040392145012164,inverse_prior_mae
6,2026-01-31,lightgbm_10y,2295.698806264342,0.03216771804303848,inverse_prior_mae
6,2026-01-31,lightgbm_5y,2564.017085263913,0.02880144299197755,inverse_prior_mae
6,2026-01-31,lightgbm_8y,2299.763603961421,0.03211086208358429,inverse_prior_mae
6,2026-01-31,lightgbm_return_10y,1808.8120138020688,0.04082646032206507,inverse_prior_mae
6,2026-01-31,lightgbm_return_5y,2362.675007320193,0.031255839962272304,inverse_prior_mae
6,2026-01-31,lightgbm_return_8y,1206.724474011159,0.061196564337418255,inverse_prior_mae
6,2026-01-31,naive,1827.9150233538392,0.04039979483076551,inverse_prior_mae
6,2026-01-31,ridge_10y,635.5643874223791,0.11619183417483415,inverse_prior_mae
6,2026-01-31,ridge_5y,2394.7804162120065,0.030836811346768203,inverse_prior_mae
6,2026-01-31,ridge_8y,1135.8382316977197,0.06501576531804563,inverse_prior_mae
6,2026-01-31,sarimax_10y,1613.2937274681487,0.045774300522081014,inverse_prior_mae
6,2026-01-31,sarimax_5y,1825.304645443762,0.0404575707928552,inverse_prior_mae
6,2026-01-31,sarimax_8y,1546.972081301102,0.04773673216480114,inverse_prior_mae
6,2026-01-31,xgboost_return_10y,1770.4161447692811,0.04171188346295816,inverse_prior_mae
6,2026-01-31,xgboost_return_5y,2120.0813898097927,0.034832338167097486,inverse_prior_mae
6,2026-01-31,xgboost_return_8y,1263.542691151045,0.0584447145542159,inverse_prior_mae
6,2026-02-28,arima_10y,1600.770853708502,0.04575186170343359,inverse_prior_mae
6,2026-02-28,arima_5y,1604.5242094592472,0.04564483744526507,inverse_prior_mae
6,2026-02-28,arima_8y,1600.6009383250516,0.04575671859495396,inverse_prior_mae
6,2026-02-28,elasticnet_10y,1621.4592066689297,0.04516810932803095,inverse_prior_mae
6,2026-02-28,elasticnet_5y,2570.5256484545907,0.028491544817676653,inverse_prior_mae
6,2026-02-28,elasticnet_8y,1499.972902139971,0.048826379872090306,inverse_prior_mae
6,2026-02-28,lightgbm_10y,2339.268218407406,0.03130818695419389,inverse_prior_mae
6,2026-02-28,lightgbm_5y,2608.1996140324914,0.02808000059654294,inverse_prior_mae
6,2026-02-28,lightgbm_8y,2365.081818549956,0.030966474877731423,inverse_prior_mae
6,2026-02-28,lightgbm_return_10y,1702.1100209399588,0.04302791583198687,inverse_prior_mae
6,2026-02-28,lightgbm_return_5y,2206.8267670539176,0.033187129960208145,inverse_prior_mae
6,2026-02-28,lightgbm_return_8y,1269.306219122265,0.0576994310862859,inverse_prior_mae
6,2026-02-28,naive,1720.8671723775842,0.0425589190690431,inverse_prior_mae
6,2026-02-28,ridge_10y,692.457176035463,0.10576574155310334,inverse_prior_mae
6,2026-02-28,ridge_5y,2468.4255415923703,0.029670024671140723,inverse_prior_mae
6,2026-02-28,ridge_8y,1066.2698179747383,0.06868641077793736,inverse_prior_mae
6,2026-02-28,sarimax_10y,1629.3636515433116,0.04494898769123544,inverse_prior_mae
6,2026-02-28,sarimax_5y,1700.0866538940363,0.043079125731640654,inverse_prior_mae
6,2026-02-28,sarimax_8y,1513.2171773151981,0.04839903208584643,inverse_prior_mae
6,2026-02-28,xgboost_return_10y,1670.0250830131117,0.04385457886994064,inverse_prior_mae
6,2026-02-28,xgboost_return_5y,2001.4689822065961,0.03659224667928953,inverse_prior_mae
6,2026-02-28,xgboost_return_8y,1394.04922773502,0.052536341802423024,inverse_prior_mae
12,2025-01-31,arima_10y,,0.045454545454545456,equal_warmup
12,2025-01-31,arima_5y,,0.045454545454545456,equal_warmup
12,2025-01-31,arima_8y,,0.045454545454545456,equal_warmup
12,2025-01-31,elasticnet_10y,,0.045454545454545456,equal_warmup
12,2025-01-31,elasticnet_5y,,0.045454545454545456,equal_warmup
12,2025-01-31,elasticnet_8y,,0.045454545454545456,equal_warmup
12,2025-01-31,lightgbm_10y,,0.045454545454545456,equal_warmup
12,2025-01-31,lightgbm_5y,,0.045454545454545456,equal_warmup
12,2025-01-31,lightgbm_8y,,0.045454545454545456,equal_warmup
12,2025-01-31,lightgbm_return_10y,,0.045454545454545456,equal_warmup
12,2025-01-31,lightgbm_return_5y,,0.045454545454545456,equal_warmup
12,2025-01-31,lightgbm_return_8y,,0.045454545454545456,equal_warmup
12,2025-01-31,naive,,0.045454545454545456,equal_warmup
12,2025-01-31,ridge_10y,,0.045454545454545456,equal_warmup
12,2025-01-31,ridge_5y,,0.045454545454545456,equal_warmup
12,2025-01-31,ridge_8y,,0.045454545454545456,equal_warmup
12,2025-01-31,sarimax_10y,,0.045454545454545456,equal_warmup
12,2025-01-31,sarimax_5y,,0.045454545454545456,equal_warmup
12,2025-01-31,sarimax_8y,,0.045454545454545456,equal_warmup
12,2025-01-31,xgboost_return_10y,,0.045454545454545456,equal_warmup
12,2025-01-31,xgboost_return_5y,,0.045454545454545456,equal_warmup
12,2025-01-31,xgboost_return_8y,,0.045454545454545456,equal_warmup
12,2025-02-28,arima_10y,,0.045454545454545456,equal_warmup
12,2025-02-28,arima_5y,,0.045454545454545456,equal_warmup
12,2025-02-28,arima_8y,,0.045454545454545456,equal_warmup
12,2025-02-28,elasticnet_10y,,0.045454545454545456,equal_warmup
12,2025-02-28,elasticnet_5y,,0.045454545454545456,equal_warmup
12,2025-02-28,elasticnet_8y,,0.045454545454545456,equal_warmup
12,2025-02-28,lightgbm_10y,,0.045454545454545456,equal_warmup
12,2025-02-28,lightgbm_5y,,0.045454545454545456,equal_warmup
12,2025-02-28,lightgbm_8y,,0.045454545454545456,equal_warmup
12,2025-02-28,lightgbm_return_10y,,0.045454545454545456,equal_warmup
12,2025-02-28,lightgbm_return_5y,,0.045454545454545456,equal_warmup
12,2025-02-28,lightgbm_return_8y,,0.045454545454545456,equal_warmup
12,2025-02-28,naive,,0.045454545454545456,equal_warmup
12,2025-02-28,ridge_10y,,0.045454545454545456,equal_warmup
12,2025-02-28,ridge_5y,,0.045454545454545456,equal_warmup
12,2025-02-28,ridge_8y,,0.045454545454545456,equal_warmup
12,2025-02-28,sarimax_10y,,0.045454545454545456,equal_warmup
12,2025-02-28,sarimax_5y,,0.045454545454545456,equal_warmup
12,2025-02-28,sarimax_8y,,0.045454545454545456,equal_warmup
12,2025-02-28,xgboost_return_10y,,0.045454545454545456,equal_warmup
12,2025-02-28,xgboost_return_5y,,0.045454545454545456,equal_warmup
12,2025-02-28,xgboost_return_8y,,0.045454545454545456,equal_warmup
12,2025-03-31,arima_10y,,0.045454545454545456,equal_warmup
12,2025-03-31,arima_5y,,0.045454545454545456,equal_warmup
12,2025-03-31,arima_8y,,0.045454545454545456,equal_warmup
12,2025-03-31,elasticnet_10y,,0.045454545454545456,equal_warmup
12,2025-03-31,elasticnet_5y,,0.045454545454545456,equal_warmup
12,2025-03-31,elasticnet_8y,,0.045454545454545456,equal_warmup
12,2025-03-31,lightgbm_10y,,0.045454545454545456,equal_warmup
12,2025-03-31,lightgbm_5y,,0.045454545454545456,equal_warmup
12,2025-03-31,lightgbm_8y,,0.045454545454545456,equal_warmup
12,2025-03-31,lightgbm_return_10y,,0.045454545454545456,equal_warmup
12,2025-03-31,lightgbm_return_5y,,0.045454545454545456,equal_warmup
12,2025-03-31,lightgbm_return_8y,,0.045454545454545456,equal_warmup
12,2025-03-31,naive,,0.045454545454545456,equal_warmup
12,2025-03-31,ridge_10y,,0.045454545454545456,equal_warmup
12,2025-03-31,ridge_5y,,0.045454545454545456,equal_warmup
12,2025-03-31,ridge_8y,,0.045454545454545456,equal_warmup
12,2025-03-31,sarimax_10y,,0.045454545454545456,equal_warmup
12,2025-03-31,sarimax_5y,,0.045454545454545456,equal_warmup
12,2025-03-31,sarimax_8y,,0.045454545454545456,equal_warmup
12,2025-03-31,xgboost_return_10y,,0.045454545454545456,equal_warmup
12,2025-03-31,xgboost_return_5y,,0.045454545454545456,equal_warmup
12,2025-03-31,xgboost_return_8y,,0.045454545454545456,equal_warmup
12,2025-04-30,arima_10y,3300.321659854559,0.03954625647059954,inverse_prior_mae
12,2025-04-30,arima_5y,3234.3454109928475,0.04035294633420454,inverse_prior_mae
12,2025-04-30,arima_8y,3256.1569524138636,0.04008263996590329,inverse_prior_mae
12,2025-04-30,elasticnet_10y,3308.1537207937035,0.03945263062466469,inverse_prior_mae
12,2025-04-30,elasticnet_5y,3705.2858001774275,0.035224102494300615,inverse_prior_mae
12,2025-04-30,elasticnet_8y,2802.490953099961,0.0465712000431773,inverse_prior_mae
12,2025-04-30,lightgbm_10y,4059.3970285780856,0.03215141703985375,inverse_prior_mae
12,2025-04-30,lightgbm_5y,3942.1976725530926,0.03310726088263901,inverse_prior_mae
12,2025-04-30,lightgbm_8y,3868.8588883772313,0.033734848068052735,inverse_prior_mae
12,2025-04-30,lightgbm_return_10y,2272.072702124615,0.05744330569785874,inverse_prior_mae
12,2025-04-30,lightgbm_return_5y,2941.0233081723777,0.044377535680647236,inverse_prior_mae
12,2025-04-30,lightgbm_return_8y,2618.6613421502566,0.04984049090090068,inverse_prior_mae
12,2025-04-30,naive,3505.9312049062046,0.037227018777055004,inverse_prior_mae
12,2025-04-30,ridge_10y,2267.479414807814,0.05755966997696656,inverse_prior_mae
12,2025-04-30,ridge_5y,3615.9366020605617,0.036094484267711655,inverse_prior_mae
12,2025-04-30,ridge_8y,3296.200889920494,0.03959569551576414,inverse_prior_mae
12,2025-04-30,sarimax_10y,1527.8828918023075,0.08542236286294627,inverse_prior_mae
12,2025-04-30,sarimax_5y,3906.127202308424,0.0334129842773715,inverse_prior_mae
12,2025-04-30,sarimax_8y,2557.3248663126565,0.05103589634435267,inverse_prior_mae
12,2025-04-30,xgboost_return_10y,1880.1818096093236,0.06941635438059247,inverse_prior_mae
12,2025-04-30,xgboost_return_5y,3851.6880930615844,0.033885237756206076,inverse_prior_mae
12,2025-04-30,xgboost_return_8y,2024.571895783222,0.06446566163823145,inverse_prior_mae
12,2025-05-31,arima_10y,3478.5014264224005,0.039164514720139355,inverse_prior_mae
12,2025-05-31,arima_5y,3450.725037131642,0.039479766962940865,inverse_prior_mae
12,2025-05-31,arima_8y,3478.9178035582026,0.039159827283015224,inverse_prior_mae
12,2025-05-31,elasticnet_10y,3311.694232913377,0.04113719768122372,inverse_prior_mae
12,2025-05-31,elasticnet_5y,3725.732488005562,0.03656564736135947,inverse_prior_mae
12,2025-05-31,elasticnet_8y,2818.539541961473,0.048334897662725904,inverse_prior_mae
12,2025-05-31,lightgbm_10y,4082.669795654262,0.03336880696651389,inverse_prior_mae
12,2025-05-31,lightgbm_5y,3912.4237622966903,0.03482082427574682,inverse_prior_mae
12,2025-05-31,lightgbm_8y,3914.337499423255,0.034803800218878,inverse_prior_mae
12,2025-05-31,lightgbm_return_10y,2439.429335547704,0.05584659425618969,inverse_prior_mae
12,2025-05-31,lightgbm_return_5y,3035.3749349791524,0.044882040353286495,inverse_prior_mae
12,2025-05-31,lightgbm_return_8y,2555.147115474196,0.05331740763338451,inverse_prior_mae
12,2025-05-31,naive,3554.2609036796534,0.038329718614104585,inverse_prior_mae
12,2025-05-31,ridge_10y,2347.8962632395574,0.05802378173684126,inverse_prior_mae
12,2025-05-31,ridge_5y,3634.685265292522,0.03748160029702007,inverse_prior_mae
12,2025-05-31,ridge_8y,3170.27086588878,0.04297229671601415,inverse_prior_mae
12,2025-05-31,sarimax_10y,1761.3102290793977,0.07734799813771066,inverse_prior_mae
12,2025-05-31,sarimax_5y,4040.082618457429,0.03372055306413923,inverse_prior_mae
12,2025-05-31,sarimax_8y,2861.554193544825,0.04760833138382685,inverse_prior_mae
12,2025-05-31,xgboost_return_10y,2128.687010787569,0.06399899075275228,inverse_prior_mae
12,2025-05-31,xgboost_return_5y,3686.573878929271,0.03695404589551742,inverse_prior_mae
12,2025-05-31,xgboost_return_8y,2173.434408695261,0.06268135802666963,inverse_prior_mae
12,2025-06-30,arima_10y,3567.7515908815717,0.039999527653855206,inverse_prior_mae
12,2025-06-30,arima_5y,3556.3944401462154,0.04012726395323147,inverse_prior_mae
12,2025-06-30,arima_8y,3569.6090552290216,0.039978713694852376,inverse_prior_mae
12,2025-06-30,elasticnet_10y,3385.8814522841944,0.04214807294131856,inverse_prior_mae
12,2025-06-30,elasticnet_5y,3844.8741542311172,0.03711652779702498,inverse_prior_mae
12,2025-06-30,elasticnet_8y,2970.376188551628,0.04804387369232794,inverse_prior_mae
12,2025-06-30,lightgbm_10y,4192.161510482024,0.034041717635350355,inverse_prior_mae
12,2025-06-30,lightgbm_5y,3933.426536309076,0.03628093142308962,inverse_prior_mae
12,2025-06-30,lightgbm_8y,4055.0827361512943,0.03519247021752431,inverse_prior_mae
12,2025-06-30,lightgbm_return_10y,2631.80801654471,0.05422446376190172,inverse_prior_mae
12,2025-06-30,lightgbm_return_5y,3160.7252104669674,0.04515051733979051,inverse_prior_mae
12,2025-06-30,lightgbm_return_8y,2736.0482251859053,0.05215857568144114,inverse_prior_mae
12,2025-06-30,naive,3638.8800387331967,0.03921766502400069,inverse_prior_mae
12,2025-06-30,ridge_10y,2440.4960245840766,0.05847515299505139,inverse_prior_mae
12,2025-06-30,ridge_5y,3756.8402504040014,0.037986278071373135,inverse_prior_mae
12,2025-06-30,ridge_8y,3167.6615995915713,0.04505164896398757,inverse_prior_mae
12,2025-06-30,sarimax_10y,1836.1719146651667,0.07772059755483166,inverse_prior_mae
12,2025-06-30,sarimax_5y,4138.920921778884,0.0344796098110213,inverse_prior_mae
12,2025-06-30,sarimax_8y,2946.8389348367327,0.04842761398813122,inverse_prior_mae
12,2025-06-30,xgboost_return_10y,2495.8157017314325,0.057179053053628866,inverse_prior_mae
12,2025-06-30,xgboost_return_5y,3689.1550531270505,0.03868321509029612,inverse_prior_mae
12,2025-06-30,xgboost_return_8y,2447.135112565177,0.05831650965596991,inverse_prior_mae
12,2025-07-31,arima_10y,3548.3120334787927,0.04044101147182838,inverse_prior_mae
12,2025-07-31,arima_5y,3540.183245678089,0.04053387005509542,inverse_prior_mae
12,2025-07-31,arima_8y,3545.602684460009,0.0404719142052987,inverse_prior_mae
12,2025-07-31,elasticnet_10y,3394.3138981927937,0.04227579768857715,inverse_prior_mae
12,2025-07-31,elasticnet_5y,3904.5634112511775,0.036751183816885996,inverse_prior_mae
12,2025-07-31,elasticnet_8y,3036.8805610744116,0.0472515546020377,inverse_prior_mae
12,2025-07-31,lightgbm_10y,4233.009240048092,0.033899601799588244,inverse_prior_mae
12,2025-07-31,lightgbm_5y,3917.2372457233323,0.03663227898903614,inverse_prior_mae
12,2025-07-31,lightgbm_8y,4156.181099162398,0.03452624518227104,inverse_prior_mae
12,2025-07-31,lightgbm_return_10y,2619.0917891204485,0.05478896472719223,inverse_prior_mae
12,2025-07-31,lightgbm_return_5y,3190.410989213471,0.044977693512419044,inverse_prior_mae
12,2025-07-31,lightgbm_return_8y,2895.5136852139985,0.04955850438014625,inverse_prior_mae
12,2025-07-31,naive,3655.8300467076783,0.039251640754138305,inverse_prior_mae
12,2025-07-31,ridge_10y,2441.87805416506,0.05876514898301287,inverse_prior_mae
12,2025-07-31,ridge_5y,3824.550116592591,0.03752005419644439,inverse_prior_mae
12,2025-07-31,ridge_8y,3133.47930315873,0.04579488605743632,inverse_prior_mae
12,2025-07-31,sarimax_10y,1808.109005828311,0.07936320608359336,inverse_prior_mae
12,2025-07-31,sarimax_5y,4198.143445267538,0.034181139716263416,inverse_prior_mae
12,2025-07-31,sarimax_8y,2913.3267438229827,0.0492554870323785,inverse_prior_mae
12,2025-07-31,xgboost_return_10y,2391.0705752889385,0.06001384029996962,inverse_prior_mae
12,2025-07-31,xgboost_return_5y,3624.6731216168882,0.03958903957318501,inverse_prior_mae
12,2025-07-31,xgboost_return_8y,2649.6573834553546,0.054156936873202055,inverse_prior_mae
12,2025-08-31,arima_10y,3581.0999792252624,0.040601547533728105,inverse_prior_mae
12,2025-08-31,arima_5y,3570.1031458945545,0.04072661071340385,inverse_prior_mae
12,2025-08-31,arima_8y,3578.3490176009227,0.04063276117404222,inverse_prior_mae
12,2025-08-31,elasticnet_10y,3400.1656535879583,0.04276209333392242,inverse_prior_mae
12,2025-08-31,elasticnet_5y,3968.9571101705233,0.036633855442025666,inverse_prior_mae
12,2025-08-31,elasticnet_8y,3099.225736780652,0.04691436293392354,inverse_prior_mae
12,2025-08-31,lightgbm_10y,4233.330053998158,0.03434605834531819,inverse_prior_mae
12,2025-08-31,lightgbm_5y,3924.037936332829,0.03705320982841036,inverse_prior_mae
12,2025-08-31,lightgbm_8y,4234.136465403887,0.03433951697533219,inverse_prior_mae
12,2025-08-31,lightgbm_return_10y,2695.817294523777,0.053934738576227895,inverse_prior_mae
12,2025-08-31,lightgbm_return_5y,3265.4225206875135,0.04452661182691155,inverse_prior_mae
12,2025-08-31,lightgbm_return_8y,3019.05232341164,0.04816021236265501,inverse_prior_mae
12,2025-08-31,naive,3668.848114569314,0.03963047705686372,inverse_prior_mae
12,2025-08-31,ridge_10y,2474.761636862563,0.05875240623727208,inverse_prior_mae
12,2025-08-31,ridge_5y,3903.787400302055,0.0372454199268973,inverse_prior_mae
12,2025-08-31,ridge_8y,3090.032186571046,0.04705394385902125,inverse_prior_mae
12,2025-08-31,sarimax_10y,1802.8493205536452,0.08064911436109133,inverse_prior_mae
12,2025-08-31,sarimax_5y,4299.101130578671,0.033820604962145666,inverse_prior_mae
12,2025-08-31,sarimax_8y,2865.014668090593,0.050749548562118614,inverse_prior_mae
12,2025-08-31,xgboost_return_10y,2421.5159181394347,0.060044288761508156,inverse_prior_mae
12,2025-08-31,xgboost_return_5y,3617.9272994566672,0.04018825946319787,inverse_prior_mae
12,2025-08-31,xgboost_return_8y,2837.90423799659,0.05123435776398301,inverse_prior_mae
