country,query,series_id,title,frequency,units,seasonal_adjustment,observation_start,observation_end,popularity,notes
chile,Chile CPI,FPCPITOTLZGCHL,"Inflation, consumer prices for Chile",Annual,Percent,Not Seasonally Adjusted,1971-01-01,2025-01-01,21,"Inflation as measured by the consumer price index reflects the annual percentage change in the cost to the average consumer of acquiring a basket of goods and services that may be fixed or changed at specified intervals, such as yearly. The Laspeyres formula is generally used.

International Monetary Fund, International Financial Statistics and data files."
chile,Chile CPI,CHLCPIALLMINMEI,"Consumer Price Indices (CPIs, HICPs), COICOP 1999: Consumer Price Index: Total for Chile",Monthly,Index 2015=100,Not Seasonally Adjusted,1970-01-01,2023-12-01,7,"OECD Data Filters: 
REF_AREA: CHL
MEASURE: CPI
UNIT_MEASURE: IX
METHODOLOGY: N
EXPENDITURE: _T
ADJUSTMENT: N
TRANSFORMATION: _Z
FREQ: M

All OECD data should be cited as follows: OECD (year), (dataset name), (data source) DOI or https://data-explorer.oecd.org/ (https://data-explorer.oecd.org/). (accessed on (date))."
chile,Chile CPI,CPALTT01CLM657N,Consumer Price Index: All Items: Total for Chile,Monthly,Growth rate previous period,Not Seasonally Adjusted,1970-02-01,2023-12-01,6,"OECD Descriptor ID: CPALTT01
OECD unit ID: PC
OECD country ID: CHL

All OECD data should be cited as follows: OECD, ""Main Economic Indicators - complete database"", Main Economic Indicators (database), https://dx.doi.org/10.1787/data-00052-en (Accessed on date) Copyright, 2016, OECD. Reprinted with permission"
chile,Chile CPI,CPALTT01CLM659N,"Consumer Price Indices (CPIs, HICPs), COICOP 1999: Consumer Price Index: Total for Chile",Monthly,Growth rate same period previous year,Not Seasonally Adjusted,1971-01-01,2023-12-01,3,"OECD Data Filters: 
REF_AREA: CHL
MEASURE: CPI
UNIT_MEASURE: PA
METHODOLOGY: N
EXPENDITURE: _T
ADJUSTMENT: N
TRANSFORMATION: GY
FREQ: M

All OECD data should be cited as follows: OECD (year), (dataset name), (data source) DOI or https://data-explorer.oecd.org/ (https://data-explorer.oecd.org/). (accessed on (date))."
chile,Chile CPI,CPALTT01CLA659N,"Consumer Price Indices (CPIs, HICPs), COICOP 1999: Consumer Price Index: Total for Chile",Annual,Growth rate same period previous year,Not Seasonally Adjusted,1971-01-01,2023-01-01,3,"OECD Data Filters: 
REF_AREA: CHL
MEASURE: CPI
UNIT_MEASURE: PA
METHODOLOGY: N
EXPENDITURE: _T
ADJUSTMENT: N
TRANSFORMATION: GY
FREQ: A

All OECD data should be cited as follows: OECD (year), (dataset name), (data source) DOI or https://data-explorer.oecd.org/ (https://data-explorer.oecd.org/). (accessed on (date))."
chile,Chile CPI,CHLCPIALLQINMEI,"Consumer Price Indices (CPIs, HICPs), COICOP 1999: Consumer Price Index: Total for Chile",Quarterly,Index 2015=100,Not Seasonally Adjusted,1970-01-01,2023-10-01,2,"OECD Data Filters: 
REF_AREA: CHL
MEASURE: CPI
UNIT_MEASURE: IX
METHODOLOGY: N
EXPENDITURE: _T
ADJUSTMENT: N
TRANSFORMATION: _Z
FREQ: Q

All OECD data should be cited as follows: OECD (year), (dataset name), (data source) DOI or https://data-explorer.oecd.org/ (https://data-explorer.oecd.org/). (accessed on (date))."
chile,Chile CPI,CHLCPALTT01CTGYM,"Consumer Price Indices (CPIs, HICPs), COICOP 1999: Consumer Price Index: Total for Chile",Monthly,"Contribution to growth rate, over 1 year",Not Seasonally Adjusted,2010-01-01,2023-12-01,2,"OECD Data Filters: 
REF_AREA: CHL
MEASURE: CPI
UNIT_MEASURE: PD
METHODOLOGY: N
EXPENDITURE: _T
ADJUSTMENT: N
TRANSFORMATION: GOY
FREQ: M

All OECD data should be cited as follows: OECD (year), (dataset name), (data source) DOI or https://data-explorer.oecd.org/ (https://data-explorer.oecd.org/). (accessed on (date))."
chile,Chile CPI,CPALTT01CLA657N,Consumer Price Index: All Items: Total for Chile,Annual,Growth rate previous period,Not Seasonally Adjusted,1971-01-01,2023-01-01,2,"OECD Descriptor ID: CPALTT01
OECD unit ID: PC
OECD country ID: CHL

All OECD data should be cited as follows: OECD, ""Main Economic Indicators - complete database"", Main Economic Indicators (database), https://dx.doi.org/10.1787/data-00052-en (Accessed on date) Copyright, 2016, OECD. Reprinted with permission"
chile,Chile CPI,CPALTT01CLQ657N,Consumer Price Index: All Items: Total for Chile,Quarterly,Growth rate previous period,Not Seasonally Adjusted,1970-04-01,2023-10-01,2,"OECD Descriptor ID: CPALTT01
OECD unit ID: PC
OECD country ID: CHL

All OECD data should be cited as follows: OECD, ""Main Economic Indicators - complete database"", Main Economic Indicators (database), https://dx.doi.org/10.1787/data-00052-en (Accessed on date) Copyright, 2016, OECD. Reprinted with permission"
chile,Chile CPI,DDOE02CLA086NWDB,Consumer Price Index for Chile,Annual,Index 2010=100,Not Seasonally Adjusted,1960-01-01,2017-01-01,2,"Consumer price index reflects changes in the cost to the average consumer of acquiring a basket of goods and services that may be fixed or changed at specified intervals, such as yearly. The Laspeyres formula is generally used.

Source Code: GFDD.OE.02"
chile,Chile CPI,CCRETT01CLQ661N,Financial Market: Real Effective Exchange Rates: CPI Based for Chile,Quarterly,Index 2015=100,Not Seasonally Adjusted,1997-01-01,2026-04-01,1,"OECD Data Filters: 
REF_AREA: CHL
MEASURE: CCRE
UNIT_MEASURE: IX
ACTIVITY: _Z
ADJUSTMENT: _Z
TRANSFORMATION: _Z
TIME_HORIZ: _Z
METHODOLOGY: N
FREQ: Q

All OECD data should be cited as follows: OECD (year), (dataset name), (data source) DOI or https://data-explorer.oecd.org/ (https://data-explorer.oecd.org/). (accessed on (date))."
chile,Chile CPI,CCRETT01CLM661N,Financial Market: Real Effective Exchange Rates: CPI Based for Chile,Monthly,Index 2015=100,Not Seasonally Adjusted,1997-01-01,2026-07-01,1,"OECD Data Filters: 
REF_AREA: CHL
MEASURE: CCRE
UNIT_MEASURE: IX
ACTIVITY: _Z
ADJUSTMENT: _Z
TRANSFORMATION: _Z
TIME_HORIZ: _Z
METHODOLOGY: N
FREQ: M

All OECD data should be cited as follows: OECD (year), (dataset name), (data source) DOI or https://data-explorer.oecd.org/ (https://data-explorer.oecd.org/). (accessed on (date))."
chile,Chile CPI,CCRETT01CLA661N,Financial Market: Real Effective Exchange Rates: CPI Based for Chile,Annual,Index 2015=100,Not Seasonally Adjusted,1997-01-01,2025-01-01,1,"OECD Data Filters: 
REF_AREA: CHL
MEASURE: CCRE
UNIT_MEASURE: IX
ACTIVITY: _Z
ADJUSTMENT: _Z
TRANSFORMATION: _Z
TIME_HORIZ: _Z
METHODOLOGY: N
FREQ: A

All OECD data should be cited as follows: OECD (year), (dataset name), (data source) DOI or https://data-explorer.oecd.org/ (https://data-explorer.oecd.org/). (accessed on (date))."
chile,Chile CPI,CHLCPIALLAINMEI,"Consumer Price Indices (CPIs, HICPs), COICOP 1999: Consumer Price Index: Total for Chile",Annual,Index 2015=100,Not Seasonally Adjusted,1970-01-01,2023-01-01,1,"OECD Data Filters: 
REF_AREA: CHL
MEASURE: CPI
UNIT_MEASURE: IX
METHODOLOGY: N
EXPENDITURE: _T
ADJUSTMENT: N
TRANSFORMATION: _Z
FREQ: A

All OECD data should be cited as follows: OECD (year), (dataset name), (data source) DOI or https://data-explorer.oecd.org/ (https://data-explorer.oecd.org/). (accessed on (date))."
chile,Chile CPI,CPALTT01CLQ659N,"Consumer Price Indices (CPIs, HICPs), COICOP 1999: Consumer Price Index: Total for Chile",Quarterly,Growth rate same period previous year,Not Seasonally Adjusted,1971-01-01,2023-10-01,1,"OECD Data Filters: 
REF_AREA: CHL
MEASURE: CPI
UNIT_MEASURE: PA
METHODOLOGY: N
EXPENDITURE: _T
ADJUSTMENT: N
TRANSFORMATION: GY
FREQ: Q

All OECD data should be cited as follows: OECD (year), (dataset name), (data source) DOI or https://data-explorer.oecd.org/ (https://data-explorer.oecd.org/). (accessed on (date))."
chile,Chile CPI,CHLCPALTT01IXNBM,Consumer Price Index: All Items: Total for Chile,Monthly,Index source base,Not Seasonally Adjusted,1970-01-01,2023-12-01,1,"OECD Descriptor ID: CPALTT01
OECD unit ID: IDX
OECD country ID: CHL

All OECD data should be cited as follows: OECD, ""Main Economic Indicators - complete database"", Main Economic Indicators (database), https://dx.doi.org/10.1787/data-00052-en (Accessed on date) Copyright, 2016, OECD. Reprinted with permission"
chile,Chile CPI,CHLCPALTT01IXNBQ,Consumer Price Index: All Items: Total for Chile,Quarterly,Index source base,Not Seasonally Adjusted,1970-01-01,2023-10-01,1,"OECD Descriptor ID: CPALTT01
OECD unit ID: IDX
OECD country ID: CHL

All OECD data should be cited as follows: OECD, ""Main Economic Indicators - complete database"", Main Economic Indicators (database), https://dx.doi.org/10.1787/data-00052-en (Accessed on date) Copyright, 2016, OECD. Reprinted with permission"
chile,Chile CPI,DDOE01CLA086NWDB,Consumer Price Index for Chile,"Annual, End of Year",Index 2010=100,Not Seasonally Adjusted,1960-01-01,2017-01-01,1,"Consumer price index reflects changes in the cost to the average consumer of acquiring a basket of goods and services that may be fixed or changed at specified intervals, such as yearly. The Laspeyres formula is generally used.

Source Code: GFDD.OE.01"
chile,Chile CPI,CHLCP110000IXNBM,Consumer Price Index: Restaurants and Hotels (COICOP 11): Total for Chile,Monthly,Index source base,Not Seasonally Adjusted,2009-01-01,2023-12-01,1,"OECD Descriptor ID: CP110000
OECD unit ID: IDX
OECD country ID: CHL

All OECD data should be cited as follows: OECD, ""Main Economic Indicators - complete database"", Main Economic Indicators (database), https://dx.doi.org/10.1787/data-00052-en (Accessed on date) Copyright, 2016, OECD. Reprinted with permission"
chile,Chile CPI,CHLCP110000IXNBQ,Consumer Price Index: Restaurants and Hotels (COICOP 11): Total for Chile,Quarterly,Index source base,Not Seasonally Adjusted,2009-01-01,2023-10-01,1,"OECD Descriptor ID: CP110000
OECD unit ID: IDX
OECD country ID: CHL

All OECD data should be cited as follows: OECD, ""Main Economic Indicators - complete database"", Main Economic Indicators (database), https://dx.doi.org/10.1787/data-00052-en (Accessed on date) Copyright, 2016, OECD. Reprinted with permission"
chile,Chile PPI,CHLPIEATI01IXOBM,Producer Prices Index: Economic Activities: Industrial Activities: Total for Chile,Monthly,Index 2015=100,Not Seasonally Adjusted,2009-01-01,2022-12-01,3,"OECD Descriptor ID: PIEATI01
OECD unit ID: IDX
OECD country ID: CHL

All OECD data should be cited as follows: OECD, ""Main Economic Indicators - complete database"", Main Economic Indicators (database), https://dx.doi.org/10.1787/data-00052-en (Accessed on date) Copyright, 2016, OECD. Reprinted with permission"
chile,Chile PPI,CHLPIEATI01IXOBQ,Producer Prices Index: Economic Activities: Industrial Activities: Total for Chile,Quarterly,Index 2015=100,Not Seasonally Adjusted,2009-01-01,2022-10-01,1,"OECD Descriptor ID: PIEATI01
OECD unit ID: IDX
OECD country ID: CHL

All OECD data should be cited as follows: OECD, ""Main Economic Indicators - complete database"", Main Economic Indicators (database), https://dx.doi.org/10.1787/data-00052-en (Accessed on date) Copyright, 2016, OECD. Reprinted with permission"
chile,Chile PPI,CHLPIEATI01GPM,Producer Prices Index: Economic Activities: Industrial Activities: Total for Chile,Monthly,Growth rate previous period,Not Seasonally Adjusted,2009-02-01,2022-12-01,1,"OECD Descriptor ID: PIEATI01
OECD unit ID: PC
OECD country ID: CHL

All OECD data should be cited as follows: OECD, ""Main Economic Indicators - complete database"", Main Economic Indicators (database), https://dx.doi.org/10.1787/data-00052-en (Accessed on date) Copyright, 2016, OECD. Reprinted with permission"
chile,Chile PPI,CHLPIEATI01GPQ,Producer Prices Index: Economic Activities: Industrial Activities: Total for Chile,Quarterly,Growth rate previous period,Not Seasonally Adjusted,2009-04-01,2022-10-01,1,"OECD Descriptor ID: PIEATI01
OECD unit ID: PC
OECD country ID: CHL

All OECD data should be cited as follows: OECD, ""Main Economic Indicators - complete database"", Main Economic Indicators (database), https://dx.doi.org/10.1787/data-00052-en (Accessed on date) Copyright, 2016, OECD. Reprinted with permission"
chile,Chile PPI,CHLPIEATI01GYM,Producer Prices Index: Economic Activities: Industrial Activities: Total for Chile,Monthly,Growth rate same period previous year,Not Seasonally Adjusted,2010-01-01,2022-12-01,1,"OECD Descriptor ID: PIEATI01
OECD unit ID: PC
OECD country ID: CHL

All OECD data should be cited as follows: OECD, ""Main Economic Indicators - complete database"", Main Economic Indicators (database), https://dx.doi.org/10.1787/data-00052-en (Accessed on date) Copyright, 2016, OECD. Reprinted with permission"
chile,Chile PPI,CHLPIEATI01GYQ,Producer Prices Index: Economic Activities: Industrial Activities: Total for Chile,Quarterly,Growth rate same period previous year,Not Seasonally Adjusted,2010-01-01,2022-10-01,1,"OECD Descriptor ID: PIEATI01
OECD unit ID: PC
OECD country ID: CHL

All OECD data should be cited as follows: OECD, ""Main Economic Indicators - complete database"", Main Economic Indicators (database), https://dx.doi.org/10.1787/data-00052-en (Accessed on date) Copyright, 2016, OECD. Reprinted with permission"
chile,Chile PPI,PIEAMP01CLM661N,Producer Prices Index: Economic Activities: Manufacturing: Total for Chile,Monthly,Index 2015=100,Not Seasonally Adjusted,2003-04-01,2022-12-01,1,"OECD Descriptor ID: PIEAMP01
OECD unit ID: IDX
OECD country ID: CHL

All OECD data should be cited as follows: OECD, ""Main Economic Indicators - complete database"", Main Economic Indicators (database), https://dx.doi.org/10.1787/data-00052-en (Accessed on date) Copyright, 2016, OECD. Reprinted with permission"
chile,Chile PPI,PIEAMP01CLA661N,Producer Prices Index: Economic Activities: Manufacturing: Total for Chile,Annual,Index 2015=100,Not Seasonally Adjusted,2004-01-01,2022-01-01,1,"OECD Descriptor ID: PIEAMP01
OECD unit ID: IDX
OECD country ID: CHL

All OECD data should be cited as follows: OECD, ""Main Economic Indicators - complete database"", Main Economic Indicators (database), https://dx.doi.org/10.1787/data-00052-en (Accessed on date) Copyright, 2016, OECD. Reprinted with permission"
chile,Chile PPI,PIEAMP01CLQ661N,Producer Prices Index: Economic Activities: Manufacturing: Total for Chile,Quarterly,Index 2015=100,Not Seasonally Adjusted,2003-04-01,2022-10-01,1,"OECD Descriptor ID: PIEAMP01
OECD unit ID: IDX
OECD country ID: CHL

All OECD data should be cited as follows: OECD, ""Main Economic Indicators - complete database"", Main Economic Indicators (database), https://dx.doi.org/10.1787/data-00052-en (Accessed on date) Copyright, 2016, OECD. Reprinted with permission"
chile,Chile PPI,CHLPIEAMP01GPM,Producer Prices Index: Economic Activities: Manufacturing: Total for Chile,Monthly,Growth rate previous period,Not Seasonally Adjusted,2003-05-01,2022-12-01,1,"OECD Data Filters: 
REF_AREA: CHL
MEASURE: PP
UNIT_MEASURE: GR
ACTIVITY: C
ADJUSTMENT: _Z
TRANSFORMATION: G1
FREQ: M

All OECD data should be cited as follows: OECD (year), (dataset name), (data source) DOI or https://data-explorer.oecd.org/ (https://data-explorer.oecd.org/). (accessed on (date))."
chile,Chile PPI,CHLPIEAMP01GPQ,Producer Prices Index: Economic Activities: Manufacturing: Total for Chile,Quarterly,Growth rate previous period,Not Seasonally Adjusted,2003-07-01,2022-10-01,1,"OECD Data Filters: 
REF_AREA: CHL
MEASURE: PP
UNIT_MEASURE: GR
ACTIVITY: C
ADJUSTMENT: _Z
TRANSFORMATION: G1
FREQ: Q

All OECD data should be cited as follows: OECD (year), (dataset name), (data source) DOI or https://data-explorer.oecd.org/ (https://data-explorer.oecd.org/). (accessed on (date))."
chile,Chile PPI,PIEAMP01CLM659N,Producer Prices Index: Economic Activities: Manufacturing: Total for Chile,Monthly,Growth rate same period previous year,Not Seasonally Adjusted,2004-04-01,2022-12-01,1,"OECD Data Filters: 
REF_AREA: CHL
MEASURE: PP
UNIT_MEASURE: GR
ACTIVITY: C
ADJUSTMENT: _Z
TRANSFORMATION: GY
FREQ: M

All OECD data should be cited as follows: OECD (year), (dataset name), (data source) DOI or https://data-explorer.oecd.org/ (https://data-explorer.oecd.org/). (accessed on (date))."
chile,Chile PPI,PIEAMP01CLQ659N,Producer Prices Index: Economic Activities: Manufacturing: Total for Chile,Quarterly,Growth rate same period previous year,Not Seasonally Adjusted,2004-04-01,2022-10-01,1,"OECD Data Filters: 
REF_AREA: CHL
MEASURE: PP
UNIT_MEASURE: GR
ACTIVITY: C
ADJUSTMENT: _Z
TRANSFORMATION: GY
FREQ: Q

All OECD data should be cited as follows: OECD (year), (dataset name), (data source) DOI or https://data-explorer.oecd.org/ (https://data-explorer.oecd.org/). (accessed on (date))."
chile,Chile PPI,PIEAMP01CLA659N,Producer Prices Index: Economic Activities: Manufacturing: Total for Chile,Annual,Growth rate same period previous year,Not Seasonally Adjusted,2005-01-01,2022-01-01,1,"OECD Data Filters: 
REF_AREA: CHL
MEASURE: PP
UNIT_MEASURE: GR
ACTIVITY: C
ADJUSTMENT: _Z
TRANSFORMATION: GY
FREQ: A

All OECD data should be cited as follows: OECD (year), (dataset name), (data source) DOI or https://data-explorer.oecd.org/ (https://data-explorer.oecd.org/). (accessed on (date))."
chile,Chile PPI,CHLPIEAFD01IXOBM,Producer Prices Index: Economic Activities: Manufacture of Food Products: Total for Chile,Monthly,Index 2015=100,Not Seasonally Adjusted,2009-01-01,2022-12-01,1,"OECD Descriptor ID: PIEAFD01
OECD unit ID: IDX
OECD country ID: CHL

All OECD data should be cited as follows: OECD, ""Main Economic Indicators - complete database"", Main Economic Indicators (database), https://dx.doi.org/10.1787/data-00052-en (Accessed on date) Copyright, 2016, OECD. Reprinted with permission"
chile,Chile PPI,CHLPIEAFD01IXOBQ,Producer Prices Index: Economic Activities: Manufacture of Food Products: Total for Chile,Quarterly,Index 2015=100,Not Seasonally Adjusted,2009-01-01,2022-10-01,1,"OECD Descriptor ID: PIEAFD01
OECD unit ID: IDX
OECD country ID: CHL

All OECD data should be cited as follows: OECD, ""Main Economic Indicators - complete database"", Main Economic Indicators (database), https://dx.doi.org/10.1787/data-00052-en (Accessed on date) Copyright, 2016, OECD. Reprinted with permission"
chile,Chile PPI,CHLPIEAMI01IXOBM,Producer Prices Index: Economic Activities: Mining and Quarrying Activities: Total for Chile,Monthly,Index 2015=100,Not Seasonally Adjusted,2003-04-01,2022-12-01,1,"OECD Descriptor ID: PIEAMI01
OECD unit ID: IDX
OECD country ID: CHL

All OECD data should be cited as follows: OECD, ""Main Economic Indicators - complete database"", Main Economic Indicators (database), https://dx.doi.org/10.1787/data-00052-en (Accessed on date) Copyright, 2016, OECD. Reprinted with permission"
chile,Chile PPI,CHLPIEAMI01IXOBQ,Producer Prices Index: Economic Activities: Mining and Quarrying Activities: Total for Chile,Quarterly,Index 2015=100,Not Seasonally Adjusted,2003-04-01,2022-10-01,1,"OECD Descriptor ID: PIEAMI01
OECD unit ID: IDX
OECD country ID: CHL

All OECD data should be cited as follows: OECD, ""Main Economic Indicators - complete database"", Main Economic Indicators (database), https://dx.doi.org/10.1787/data-00052-en (Accessed on date) Copyright, 2016, OECD. Reprinted with permission"
chile,Chile PPI,CHLPIEAFD01GPQ,Producer Prices Index: Economic Activities: Manufacture of Food Products: Total for Chile,Quarterly,Growth rate previous period,Not Seasonally Adjusted,2009-04-01,2022-10-01,1,"OECD Descriptor ID: PIEAFD01
OECD unit ID: PC
OECD country ID: CHL

All OECD data should be cited as follows: OECD, ""Main Economic Indicators - complete database"", Main Economic Indicators (database), https://dx.doi.org/10.1787/data-00052-en (Accessed on date) Copyright, 2016, OECD. Reprinted with permission"
chile,Chile PPI,CHLPIEAFD01GPM,Producer Prices Index: Economic Activities: Manufacture of Food Products: Total for Chile,Monthly,Growth rate previous period,Not Seasonally Adjusted,2009-02-01,2022-12-01,1,"OECD Descriptor ID: PIEAFD01
OECD unit ID: PC
OECD country ID: CHL

All OECD data should be cited as follows: OECD, ""Main Economic Indicators - complete database"", Main Economic Indicators (database), https://dx.doi.org/10.1787/data-00052-en (Accessed on date) Copyright, 2016, OECD. Reprinted with permission"
chile,Chile copper production,M0147A43M601NNBR,Refined Copper Production for North and South America,Monthly,Thousands of Short Tons,Not Seasonally Adjusted,1919-01-01,1946-12-01,2,"Series Is Presented Here As Two Variables--(1)--Original Data, 1919-1946 (2)--Original Data, 1933-1955 Data Represent Output From Domestic And Foreign Material Including Secondary Copper Produced At Primary Refineries. North And South America Refers To The United States And Chile Through 1925 And Canada Beginning In 1926. Beginning In 1939 Only U.S. Production Is Covered. Data From October 1924-June 1925 Were Prorated From Quarterly Totals. Published Totals For 1945 And 1946 Have Been Revised To Eliminate 2,140 Tons 9,712 Tons Respectively; These Quantities Cannot Be Allocated To Monthly Figures. Source: Data For 1919-1926: Record Book Of Business Statistics, Part Ii, P. 48. Data For 1927-1946: American Bureau Of Metal Statistics Yearbook.

This NBER data series m01247a appears on the NBER website in Chapter 1 at http://www.nber.org/databases/macrohistory/contents/chapter01.html.

NBER Indicator: m01247a"
chile,Chile exports,XTEXVA01CLM664S,International Merchandise Trade Statistics: Exports: Commodities for Chile,Monthly,Chilean Peso,Seasonally Adjusted,1996-01-01,2026-07-01,4,"OECD Data Filters: 
REF_AREA: CHL
COUNTERPART_AREA: W
UNIT_MEASURE: XDC
TRADE_FLOW: X
PRODUCT_TYPE: C
ADJUSTMENT: Y
TRANSFORMATION: N
FREQ: M

All OECD data should be cited as follows: OECD (year), (dataset name), (data source) DOI or https://data-explorer.oecd.org/ (https://data-explorer.oecd.org/). (accessed on (date))."
chile,Chile exports,CHLXTEXVA01NCMLM,International Merchandise Trade Statistics: Exports: Commodities for Chile,Monthly,Chilean Peso,Not Seasonally Adjusted,1996-01-01,2026-07-01,2,"OECD Data Filters: 
REF_AREA: CHL
COUNTERPART_AREA: W
UNIT_MEASURE: XDC
TRADE_FLOW: X
PRODUCT_TYPE: C
ADJUSTMENT: N
TRANSFORMATION: N
FREQ: M

All OECD data should be cited as follows: OECD (year), (dataset name), (data source) DOI or https://data-explorer.oecd.org/ (https://data-explorer.oecd.org/). (accessed on (date))."
chile,Chile exports,CHLXTEXVA01NCMLQ,International Merchandise Trade Statistics: Exports: Commodities for Chile,Quarterly,Chilean Peso,Not Seasonally Adjusted,1996-01-01,2026-04-01,1,"OECD Data Filters: 
REF_AREA: CHL
COUNTERPART_AREA: W
UNIT_MEASURE: XDC
TRADE_FLOW: X
PRODUCT_TYPE: C
ADJUSTMENT: N
TRANSFORMATION: N
FREQ: Q

All OECD data should be cited as follows: OECD (year), (dataset name), (data source) DOI or https://data-explorer.oecd.org/ (https://data-explorer.oecd.org/). (accessed on (date))."
chile,Chile exports,XTEXVA01CLQ664S,International Merchandise Trade Statistics: Exports: Commodities for Chile,Quarterly,Chilean Peso,Seasonally Adjusted,1996-01-01,2026-04-01,1,"OECD Data Filters: 
REF_AREA: CHL
COUNTERPART_AREA: W
UNIT_MEASURE: XDC
TRADE_FLOW: X
PRODUCT_TYPE: C
ADJUSTMENT: Y
TRANSFORMATION: N
FREQ: Q

All OECD data should be cited as follows: OECD (year), (dataset name), (data source) DOI or https://data-explorer.oecd.org/ (https://data-explorer.oecd.org/). (accessed on (date))."
chile,Chile exports,XTEXVA01CLA664S,International Merchandise Trade Statistics: Exports: Commodities for Chile,Annual,Chilean Peso,Seasonally Adjusted,1996-01-01,2025-01-01,1,"OECD Data Filters: 
REF_AREA: CHL
COUNTERPART_AREA: W
UNIT_MEASURE: XDC
TRADE_FLOW: X
PRODUCT_TYPE: C
ADJUSTMENT: Y
TRANSFORMATION: N
FREQ: A

All OECD data should be cited as follows: OECD (year), (dataset name), (data source) DOI or https://data-explorer.oecd.org/ (https://data-explorer.oecd.org/). (accessed on (date))."
chile,Chile exports,CHLXTEXVA01GPSAM,International Merchandise Trade Statistics: Exports: Commodities for Chile,Monthly,Growth rate previous period,Seasonally Adjusted,1996-02-01,2026-07-01,1,"OECD Data Filters: 
REF_AREA: CHL
COUNTERPART_AREA: W
UNIT_MEASURE: PC
TRADE_FLOW: X
PRODUCT_TYPE: C
ADJUSTMENT: Y
TRANSFORMATION: G1
FREQ: M

All OECD data should be cited as follows: OECD (year), (dataset name), (data source) DOI or https://data-explorer.oecd.org/ (https://data-explorer.oecd.org/). (accessed on (date))."
chile,Chile exports,CHLXTEXVA01GPSAQ,International Merchandise Trade Statistics: Exports: Commodities for Chile,Quarterly,Growth rate previous period,Seasonally Adjusted,1996-04-01,2026-04-01,1,"OECD Data Filters: 
REF_AREA: CHL
COUNTERPART_AREA: W
UNIT_MEASURE: PC
TRADE_FLOW: X
PRODUCT_TYPE: C
ADJUSTMENT: Y
TRANSFORMATION: G1
FREQ: Q

All OECD data should be cited as follows: OECD (year), (dataset name), (data source) DOI or https://data-explorer.oecd.org/ (https://data-explorer.oecd.org/). (accessed on (date))."
chile,Chile exports,XTEXVA01CLM667S,International Merchandise Trade Statistics: Exports: Commodities for Chile,Monthly,"US dollars, exchange rate converted",Seasonally Adjusted,1996-01-01,2026-07-01,1,"OECD Data Filters: 
REF_AREA: CHL
COUNTERPART_AREA: W
UNIT_MEASURE: USD_EXC
TRADE_FLOW: X
PRODUCT_TYPE: C
ADJUSTMENT: Y
TRANSFORMATION: N
FREQ: M

All OECD data should be cited as follows: OECD (year), (dataset name), (data source) DOI or https://data-explorer.oecd.org/ (https://data-explorer.oecd.org/). (accessed on (date))."
chile,Chile exports,XTEXVA01CLQ667S,International Merchandise Trade Statistics: Exports: Commodities for Chile,Quarterly,"US dollars, exchange rate converted",Seasonally Adjusted,1996-01-01,2026-04-01,1,"OECD Data Filters: 
REF_AREA: CHL
COUNTERPART_AREA: W
UNIT_MEASURE: USD_EXC
TRADE_FLOW: X
PRODUCT_TYPE: C
ADJUSTMENT: Y
TRANSFORMATION: N
FREQ: Q

All OECD data should be cited as follows: OECD (year), (dataset name), (data source) DOI or https://data-explorer.oecd.org/ (https://data-explorer.oecd.org/). (accessed on (date))."
chile,Chile exports,XTEXVA01CLA667S,International Merchandise Trade Statistics: Exports: Commodities for Chile,Annual,"US dollars, exchange rate converted",Seasonally Adjusted,1996-01-01,2025-01-01,1,"OECD Data Filters: 
REF_AREA: CHL
COUNTERPART_AREA: W
UNIT_MEASURE: USD_EXC
TRADE_FLOW: X
PRODUCT_TYPE: C
ADJUSTMENT: Y
TRANSFORMATION: N
FREQ: A

All OECD data should be cited as follows: OECD (year), (dataset name), (data source) DOI or https://data-explorer.oecd.org/ (https://data-explorer.oecd.org/). (accessed on (date))."
chile,Chile exports,CHLXTEXVA01GYSAM,International Merchandise Trade Statistics: Exports: Commodities for Chile,Monthly,Growth rate same period previous year,Seasonally Adjusted,1997-01-01,2026-07-01,1,"OECD Data Filters: 
REF_AREA: CHL
COUNTERPART_AREA: W
UNIT_MEASURE: PC
TRADE_FLOW: X
PRODUCT_TYPE: C
ADJUSTMENT: Y
TRANSFORMATION: GY
FREQ: M

All OECD data should be cited as follows: OECD (year), (dataset name), (data source) DOI or https://data-explorer.oecd.org/ (https://data-explorer.oecd.org/). (accessed on (date))."
chile,Chile exports,XTEXVA01CLM667N,International Merchandise Trade Statistics: Exports: Commodities for Chile,Monthly,"US dollars, exchange rate converted",Not Seasonally Adjusted,1996-01-01,2026-07-01,1,"OECD Data Filters: 
REF_AREA: CHL
COUNTERPART_AREA: W
UNIT_MEASURE: USD_EXC
TRADE_FLOW: X
PRODUCT_TYPE: C
ADJUSTMENT: N
TRANSFORMATION: N
FREQ: M

All OECD data should be cited as follows: OECD (year), (dataset name), (data source) DOI or https://data-explorer.oecd.org/ (https://data-explorer.oecd.org/). (accessed on (date))."
chile,Chile exports,XTEXVA01CLQ667N,International Merchandise Trade Statistics: Exports: Commodities for Chile,Quarterly,"US dollars, exchange rate converted",Not Seasonally Adjusted,1996-01-01,2026-04-01,1,"OECD Data Filters: 
REF_AREA: CHL
COUNTERPART_AREA: W
UNIT_MEASURE: USD_EXC
TRADE_FLOW: X
PRODUCT_TYPE: C
ADJUSTMENT: N
TRANSFORMATION: N
FREQ: Q

All OECD data should be cited as follows: OECD (year), (dataset name), (data source) DOI or https://data-explorer.oecd.org/ (https://data-explorer.oecd.org/). (accessed on (date))."
chile,Chile exports,XTEXVA01CLA667N,International Merchandise Trade Statistics: Exports: Commodities for Chile,Annual,"US dollars, exchange rate converted",Not Seasonally Adjusted,1996-01-01,2025-01-01,1,"OECD Data Filters: 
REF_AREA: CHL
COUNTERPART_AREA: W
UNIT_MEASURE: USD_EXC
TRADE_FLOW: X
PRODUCT_TYPE: C
ADJUSTMENT: N
TRANSFORMATION: N
FREQ: A

All OECD data should be cited as follows: OECD (year), (dataset name), (data source) DOI or https://data-explorer.oecd.org/ (https://data-explorer.oecd.org/). (accessed on (date))."
chile,Chile exports,CHLXTEXVA01GYSAQ,International Merchandise Trade Statistics: Exports: Commodities for Chile,Quarterly,Growth rate same period previous year,Seasonally Adjusted,1997-01-01,2026-04-01,1,"OECD Data Filters: 
REF_AREA: CHL
COUNTERPART_AREA: W
UNIT_MEASURE: PC
TRADE_FLOW: X
PRODUCT_TYPE: C
ADJUSTMENT: Y
TRANSFORMATION: GY
FREQ: Q

All OECD data should be cited as follows: OECD (year), (dataset name), (data source) DOI or https://data-explorer.oecd.org/ (https://data-explorer.oecd.org/). (accessed on (date))."
chile,Chile exports,NAEXKP06CLQ652S,National Accounts: GDP by Expenditure: Constant Prices: Exports of Goods and Services for Chile,Quarterly,Chilean Peso,Seasonally Adjusted,1996-01-01,2023-07-01,1,"OECD Descriptor ID: NAEXKP06
OECD unit ID: CLP
OECD country ID: CHL

All OECD data should be cited as follows: OECD, ""Main Economic Indicators - complete database"", Main Economic Indicators (database), https://dx.doi.org/10.1787/data-00052-en (Accessed on date) Copyright, 2016, OECD. Reprinted with permission"
chile,Chile exports,NAEXKP06CLA652S,National Accounts: GDP by Expenditure: Constant Prices: Exports of Goods and Services for Chile,Annual,Chilean Peso,Seasonally Adjusted,1996-01-01,2022-01-01,1,"OECD Descriptor ID: NAEXKP06
OECD unit ID: CLP
OECD country ID: CHL

All OECD data should be cited as follows: OECD, ""Main Economic Indicators - complete database"", Main Economic Indicators (database), https://dx.doi.org/10.1787/data-00052-en (Accessed on date) Copyright, 2016, OECD. Reprinted with permission"
chile,Chile exports,NAEXKP06CLA661S,National Accounts: GDP by Expenditure: Constant Prices: Exports of Goods and Services for Chile,Annual,Index 2015=100,Seasonally Adjusted,1996-01-01,2022-01-01,1,"OECD Descriptor ID: NAEXKP06
OECD unit ID: IDX
OECD country ID: CHL

All OECD data should be cited as follows: OECD, ""Main Economic Indicators - complete database"", Main Economic Indicators (database), https://dx.doi.org/10.1787/data-00052-en (Accessed on date) Copyright, 2016, OECD. Reprinted with permission"
chile,Chile exports,NAEXKP06CLQ661S,National Accounts: GDP by Expenditure: Constant Prices: Exports of Goods and Services for Chile,Quarterly,Index 2015=100,Seasonally Adjusted,1996-01-01,2023-07-01,1,"OECD Descriptor ID: NAEXKP06
OECD unit ID: IDX
OECD country ID: CHL

All OECD data should be cited as follows: OECD, ""Main Economic Indicators - complete database"", Main Economic Indicators (database), https://dx.doi.org/10.1787/data-00052-en (Accessed on date) Copyright, 2016, OECD. Reprinted with permission"
chile,Chile exports,NAEXKP06CLQ657S,National Accounts: GDP by Expenditure: Constant Prices: Exports of Goods and Services for Chile,Quarterly,Growth rate previous period,Seasonally Adjusted,1996-04-01,2026-01-01,1,"OECD Data Filters: 
REF_AREA: CHL
MEASURE: P6_Q
UNIT_MEASURE: GR
ACTIVITY: _T
ADJUSTMENT: Y
TRANSFORMATION: G1
FREQ: Q

All OECD data should be cited as follows: OECD (year), (dataset name), (data source) DOI or https://data-explorer.oecd.org/ (https://data-explorer.oecd.org/). (accessed on (date))."
chile,Chile industrial production,CHLPROINDMISMEI,"Production, Sales, Work Started and Orders: Production Volume: Economic Activity: Industry (Except Construction) for Chile",Monthly,Index 2015=100,Seasonally Adjusted,1991-04-01,2024-03-01,2,"OECD Data Filters: 
REF_AREA: CHL
MEASURE: PRVM
UNIT_MEASURE: IX
ACTIVITY: BTE
ADJUSTMENT: Y
TRANSFORMATION: _Z
TIME_HORIZ: _Z
METHODOLOGY: N
FREQ: M

All OECD data should be cited as follows: OECD (year), (dataset name), (data source) DOI or https://data-explorer.oecd.org/ (https://data-explorer.oecd.org/). (accessed on (date))."
chile,Chile industrial production,PRINTO01CLQ661N,"Production, Sales, Work Started and Orders: Production Volume: Economic Activity: Industry (Except Construction) for Chile",Quarterly,Index 2015=100,Not Seasonally Adjusted,1991-01-01,2023-07-01,1,"OECD Data Filters: 
REF_AREA: CHL
MEASURE: PRVM
UNIT_MEASURE: IX
ACTIVITY: BTE
ADJUSTMENT: N
TRANSFORMATION: _Z
TIME_HORIZ: _Z
METHODOLOGY: N
FREQ: Q

All OECD data should be cited as follows: OECD (year), (dataset name), (data source) DOI or https://data-explorer.oecd.org/ (https://data-explorer.oecd.org/). (accessed on (date))."
chile,Chile industrial production,CHLPROINDQISMEI,"Production, Sales, Work Started and Orders: Production Volume: Economic Activity: Industry (Except Construction) for Chile",Quarterly,Index 2015=100,Seasonally Adjusted,1991-04-01,2024-01-01,1,"OECD Data Filters: 
REF_AREA: CHL
MEASURE: PRVM
UNIT_MEASURE: IX
ACTIVITY: BTE
ADJUSTMENT: Y
TRANSFORMATION: _Z
TIME_HORIZ: _Z
METHODOLOGY: N
FREQ: Q

All OECD data should be cited as follows: OECD (year), (dataset name), (data source) DOI or https://data-explorer.oecd.org/ (https://data-explorer.oecd.org/). (accessed on (date))."
chile,Chile industrial production,PRINTO01CLA661N,"Production, Sales, Work Started and Orders: Production Volume: Economic Activity: Industry (Except Construction) for Chile",Annual,Index 2015=100,Not Seasonally Adjusted,1991-01-01,2022-01-01,1,"OECD Data Filters: 
REF_AREA: CHL
MEASURE: PRVM
UNIT_MEASURE: IX
ACTIVITY: BTE
ADJUSTMENT: N
TRANSFORMATION: _Z
TIME_HORIZ: _Z
METHODOLOGY: N
FREQ: A

All OECD data should be cited as follows: OECD (year), (dataset name), (data source) DOI or https://data-explorer.oecd.org/ (https://data-explorer.oecd.org/). (accessed on (date))."
chile,Chile industrial production,CHLPROINDAISMEI,"Production, Sales, Work Started and Orders: Production Volume: Economic Activity: Industry (Except Construction) for Chile",Annual,Index 2015=100,Seasonally Adjusted,1991-01-01,2022-01-01,1,"OECD Data Filters: 
REF_AREA: CHL
MEASURE: PRVM
UNIT_MEASURE: IX
ACTIVITY: BTE
ADJUSTMENT: Y
TRANSFORMATION: _Z
TIME_HORIZ: _Z
METHODOLOGY: N
FREQ: A

All OECD data should be cited as follows: OECD (year), (dataset name), (data source) DOI or https://data-explorer.oecd.org/ (https://data-explorer.oecd.org/). (accessed on (date))."
chile,Chile industrial production,CHLPRINTO01IXOBM,"Production, Sales, Work Started and Orders: Production Volume: Economic Activity: Industry (Except Construction) for Chile",Monthly,Index 2015=100,Not Seasonally Adjusted,1991-01-01,2023-10-01,1,"OECD Data Filters: 
REF_AREA: CHL
MEASURE: PRVM
UNIT_MEASURE: IX
ACTIVITY: BTE
ADJUSTMENT: N
TRANSFORMATION: _Z
TIME_HORIZ: _Z
METHODOLOGY: N
FREQ: M

All OECD data should be cited as follows: OECD (year), (dataset name), (data source) DOI or https://data-explorer.oecd.org/ (https://data-explorer.oecd.org/). (accessed on (date))."
chile,Chile industrial production,PRCNTO01CLQ657S,Production: Construction: Total for Chile,Quarterly,Growth rate previous period,Seasonally Adjusted,1991-04-01,2026-01-01,1,"OECD Data Filters: 
REF_AREA: CHL
MEASURE: PRVM
UNIT_MEASURE: GR
ACTIVITY: F
ADJUSTMENT: Y
TRANSFORMATION: G1
FREQ: Q

All OECD data should be cited as follows: OECD (year), (dataset name), (data source) DOI or https://data-explorer.oecd.org/ (https://data-explorer.oecd.org/). (accessed on (date))."
chile,Chile industrial production,PRCNTO01CLA657S,Production: Construction: Total for Chile,Annual,Growth rate previous period,Seasonally Adjusted,1992-01-01,2025-01-01,1,"OECD Data Filters: 
REF_AREA: CHL
MEASURE: PRVM
UNIT_MEASURE: GR
ACTIVITY: F
ADJUSTMENT: Y
TRANSFORMATION: G1
FREQ: A

All OECD data should be cited as follows: OECD (year), (dataset name), (data source) DOI or https://data-explorer.oecd.org/ (https://data-explorer.oecd.org/). (accessed on (date))."
chile,Chile industrial production,PRCNTO01CLA189N,Production: Construction: Total for Chile,Annual,"Square metres, Monthly level",Not Seasonally Adjusted,1991-01-01,2022-01-01,1,"OECD Descriptor ID: PRCNTO01
OECD unit ID: M2
OECD country ID: CHL

All OECD data should be cited as follows: OECD, ""Main Economic Indicators - complete database"", Main Economic Indicators (database), https://dx.doi.org/10.1787/data-00052-en (Accessed on date) Copyright, 2016, OECD. Reprinted with permission"
chile,Chile industrial production,PRCNTO01CLA659S,Production: Construction: Total for Chile,Annual,Growth rate same period previous year,Seasonally Adjusted,1992-01-01,2025-01-01,1,"OECD Data Filters: 
REF_AREA: CHL
MEASURE: PRVM
UNIT_MEASURE: GR
ACTIVITY: F
ADJUSTMENT: Y
TRANSFORMATION: GY
FREQ: A

All OECD data should be cited as follows: OECD (year), (dataset name), (data source) DOI or https://data-explorer.oecd.org/ (https://data-explorer.oecd.org/). (accessed on (date))."
chile,Chile industrial production,PRCNTO01CLQ189N,Production: Construction: Total for Chile,Quarterly,"Square metres, Monthly level",Not Seasonally Adjusted,1991-01-01,2018-07-01,1,"OECD Descriptor ID: PRCNTO01
OECD unit ID: M2
OECD country ID: CHL

All OECD data should be cited as follows: OECD, ""Main Economic Indicators - complete database"", Main Economic Indicators (database), https://dx.doi.org/10.1787/data-00052-en (Accessed on date) Copyright, 2016, OECD. Reprinted with permission"
chile,Chile industrial production,PRCNTO01CLQ659S,Production: Construction: Total for Chile,Quarterly,Growth rate same period previous year,Seasonally Adjusted,1992-01-01,2026-01-01,1,"OECD Data Filters: 
REF_AREA: CHL
MEASURE: PRVM
UNIT_MEASURE: GR
ACTIVITY: F
ADJUSTMENT: Y
TRANSFORMATION: GY
FREQ: Q

All OECD data should be cited as follows: OECD (year), (dataset name), (data source) DOI or https://data-explorer.oecd.org/ (https://data-explorer.oecd.org/). (accessed on (date))."
chile,Chile industrial production,PRCNTO01CLQ189S,Production: Construction: Total for Chile,Quarterly,"Square metres, Monthly level",Seasonally Adjusted,1991-01-01,2018-07-01,1,"OECD Descriptor ID: PRCNTO01
OECD unit ID: M2
OECD country ID: CHL

All OECD data should be cited as follows: OECD, ""Main Economic Indicators - complete database"", Main Economic Indicators (database), https://dx.doi.org/10.1787/data-00052-en (Accessed on date) Copyright, 2016, OECD. Reprinted with permission"
chile,Chile industrial production,PRCNTO01CLA189S,Production: Construction: Total for Chile,Annual,"Square metres, Monthly level",Seasonally Adjusted,1991-01-01,2022-01-01,1,"OECD Descriptor ID: PRCNTO01
OECD unit ID: M2
OECD country ID: CHL

All OECD data should be cited as follows: OECD, ""Main Economic Indicators - complete database"", Main Economic Indicators (database), https://dx.doi.org/10.1787/data-00052-en (Accessed on date) Copyright, 2016, OECD. Reprinted with permission"
chile,Chile industrial production,PRMNTO01CLQ659S,Production: Manufacturing: Total Manufacturing for Chile,Quarterly,Growth rate same period previous year,Seasonally Adjusted,1992-01-01,2026-01-01,1,"OECD Data Filters: 
REF_AREA: CHL
MEASURE: PRVM
UNIT_MEASURE: GR
ACTIVITY: C
ADJUSTMENT: Y
TRANSFORMATION: GY
FREQ: Q

All OECD data should be cited as follows: OECD (year), (dataset name), (data source) DOI or https://data-explorer.oecd.org/ (https://data-explorer.oecd.org/). (accessed on (date))."
chile,Chile industrial production,PRMNTO01CLA657S,Production: Manufacturing: Total Manufacturing for Chile,Annual,Growth rate previous period,Seasonally Adjusted,1992-01-01,2025-01-01,1,"OECD Data Filters: 
REF_AREA: CHL
MEASURE: PRVM
UNIT_MEASURE: GR
ACTIVITY: C
ADJUSTMENT: Y
TRANSFORMATION: G1
FREQ: A

All OECD data should be cited as follows: OECD (year), (dataset name), (data source) DOI or https://data-explorer.oecd.org/ (https://data-explorer.oecd.org/). (accessed on (date))."
chile,Chile industrial production,PRMNTO01CLQ657S,Production: Manufacturing: Total Manufacturing for Chile,Quarterly,Growth rate previous period,Seasonally Adjusted,1991-04-01,2026-01-01,1,"OECD Data Filters: 
REF_AREA: CHL
MEASURE: PRVM
UNIT_MEASURE: GR
ACTIVITY: C
ADJUSTMENT: Y
TRANSFORMATION: G1
FREQ: Q

All OECD data should be cited as follows: OECD (year), (dataset name), (data source) DOI or https://data-explorer.oecd.org/ (https://data-explorer.oecd.org/). (accessed on (date))."
chile,Chile industrial production,PRMNTO01CLQ661N,"Production, Sales, Work Started and Orders: Production Volume: Economic Activity: Manufacturing for Chile",Quarterly,Index 2015=100,Not Seasonally Adjusted,1991-01-01,2024-01-01,1,"OECD Data Filters: 
REF_AREA: CHL
MEASURE: PRVM
UNIT_MEASURE: IX
ACTIVITY: C
ADJUSTMENT: N
TRANSFORMATION: _Z
TIME_HORIZ: _Z
METHODOLOGY: N
FREQ: Q

All OECD data should be cited as follows: OECD (year), (dataset name), (data source) DOI or https://data-explorer.oecd.org/ (https://data-explorer.oecd.org/). (accessed on (date))."
chile,Chile industrial production,PRMNTO01CLA661N,"Production, Sales, Work Started and Orders: Production Volume: Economic Activity: Manufacturing for Chile",Annual,Index 2015=100,Not Seasonally Adjusted,1991-01-01,2023-01-01,1,"OECD Data Filters: 
REF_AREA: CHL
MEASURE: PRVM
UNIT_MEASURE: IX
ACTIVITY: C
ADJUSTMENT: N
TRANSFORMATION: _Z
TIME_HORIZ: _Z
METHODOLOGY: N
FREQ: A

All OECD data should be cited as follows: OECD (year), (dataset name), (data source) DOI or https://data-explorer.oecd.org/ (https://data-explorer.oecd.org/). (accessed on (date))."
chile,Chile industrial production,CHLPRINTO01GPSAM,Production: Industry: Total Industry Excluding Construction for Chile,Monthly,Growth rate previous period,Seasonally Adjusted,1991-05-01,2023-10-01,1,"OECD Data Filters: 
REF_AREA: CHL
MEASURE: PRVM
UNIT_MEASURE: GR
ACTIVITY: BTE
ADJUSTMENT: Y
TRANSFORMATION: G1
FREQ: M

All OECD data should be cited as follows: OECD (year), (dataset name), (data source) DOI or https://data-explorer.oecd.org/ (https://data-explorer.oecd.org/). (accessed on (date))."
chile,Chile policy rate,GEPUCURRENT,Global Economic Policy Uncertainty Index: Current Price Adjusted GDP,Monthly,Index,Not Seasonally Adjusted,1997-01-01,2026-07-01,60,"The Global Economic Policy Uncertainty Index is a GDP-weighted average of national EPU indices for 20 countries: Australia, Brazil, Canada, Chile, China, France, Germany, Greece, India, Ireland, Italy, Japan, Mexico, the Netherlands, Russia, South Korea, Spain, Sweden, the United Kingdom, and the United States..

For additional details, including an analysis of the performance of the model, see Baker, Scott, Nicholas Bloom and Steven Davis (2016), ""Measuring Economic Policy Uncertainty"" (https://www.policyuncertainty.com/media/EPU_BBD_Mar2016.pdf)"
chile,Chile policy rate,GEPUPPP,Global Economic Policy Uncertainty Index: PPP-Adjusted GDP,Monthly,Index,Not Seasonally Adjusted,1997-01-01,2026-07-01,25,"The Global Economic Policy Uncertainty Index is a GDP-weighted average of national EPU indices for 20 countries: Australia, Brazil, Canada, Chile, China, France, Germany, Greece, India, Ireland, Italy, Japan, Mexico, the Netherlands, Russia, South Korea, Spain, Sweden, the United Kingdom, and the United States..

For additional details, including an analysis of the performance of the model, see Baker, Scott, Nicholas Bloom and Steven Davis (2016), ""Measuring Economic Policy Uncertainty"" (https://www.policyuncertainty.com/media/EPU_BBD_Mar2016.pdf)"
chile,Chile policy rate,CHLGGXWDGGDP,General Government Gross Debt for Chile,Annual,Percent of Fiscal Year GDP,Not Seasonally Adjusted,1991-01-01,2031-01-01,7,"Observations for the current and future years are projections.

The IMF provides these series as part of their Regional Economic Outlook (REO) reports. These reports discuss recent economic developments and prospects for countries in various regions. They also address economic policy developments that have affected economic performance in their regions and provide country-specific data and analysis.

For more information, please see the Regional Economic Outlook (https://www.imf.org/en/publications/reo) publications.

Copyright © 2016, International Monetary Fund. Reprinted with permission. Complete terms of use and contact details are available here (http://www.imf.org/external/terms.htm)."
chile,Chile policy rate,CHLNGDPRPCH,Gross Domestic Product for Chile,Annual,Percent Change,Not Seasonally Adjusted,1980-01-01,2031-01-01,3,"Observations for the current and future years are projections.

The IMF provides these series as part of their Regional Economic Outlook (REO) reports. These reports discuss recent economic developments and prospects for countries in various regions. They also address economic policy developments that have affected economic performance in their regions and provide country-specific data and analysis.

For more information, please see the Regional Economic Outlook (https://www.imf.org/en/publications/reo) publications.

Copyright © 2016, International Monetary Fund. Reprinted with permission. Complete terms of use and contact details are available here (http://www.imf.org/external/terms.htm)."
chile,Chile policy rate,CHLBCAGDPBP6,Balance of Payments: Current account balance (credit less debit) for Chile,Annual,Percent of GDP in U.S. Dollars,Not Seasonally Adjusted,1980-01-01,2031-01-01,3,"Observations for the current and future years are projections.

The IMF provides these series as part of their Regional Economic Outlook (REO) reports. These reports discuss recent economic developments and prospects for countries in various regions. They also address economic policy developments that have affected economic performance in their regions and provide country-specific data and analysis.

For more information, please see the Regional Economic Outlook (https://www.imf.org/en/publications/reo) publications.

Copyright © 2016, International Monetary Fund. Reprinted with permission. Complete terms of use and contact details are available here (http://www.imf.org/external/terms.htm)."
chile,Chile policy rate,CHLGGXCNLGDP,General Government Net Lending/Borrowing for Chile,Annual,Percent of Fiscal Year GDP,Not Seasonally Adjusted,1990-01-01,2030-01-01,3,"Observations for the current and future years are projections.

The IMF provides these series as part of their Regional Economic Outlook (REO) reports. These reports discuss recent economic developments and prospects for countries in various regions. They also address economic policy developments that have affected economic performance in their regions and provide country-specific data and analysis.

For more information, please see the Regional Economic Outlook (https://www.imf.org/en/publications/reo) publications.

Copyright © 2016, International Monetary Fund. Reprinted with permission. Complete terms of use and contact details are available here (http://www.imf.org/external/terms.htm)."
chile,Chile policy rate,CHLGGXGDP,General Government Total Expenditure for Chile,Annual,Percent of Fiscal Year GDP,Not Seasonally Adjusted,2011-01-01,2024-01-01,2,"Observations for the current and future years are projections.

The IMF provides these series as part of their Regional Economic Outlook (REO) reports. These reports discuss recent economic developments and prospects for countries in various regions. They also address economic policy developments that have affected economic performance in their regions and provide country-specific data and analysis.

For more information, please see the Regional Economic Outlook (https://www.imf.org/en/publications/reo) publications.

Copyright © 2016, International Monetary Fund. Reprinted with permission. Complete terms of use and contact details are available here (http://www.imf.org/external/terms.htm)."
chile,Chile policy rate,CHLPCPIEPCH,Consumer Prices for Chile,Annual,Percent Change,Not Seasonally Adjusted,1980-01-01,2031-01-01,1,"Observations for the current and future years are projections.

The IMF provides these series as part of their Regional Economic Outlook (REO) reports. These reports discuss recent economic developments and prospects for countries in various regions. They also address economic policy developments that have affected economic performance in their regions and provide country-specific data and analysis.

For more information, please see the Regional Economic Outlook (https://www.imf.org/en/publications/reo) publications.

Copyright © 2016, International Monetary Fund. Reprinted with permission. Complete terms of use and contact details are available here (http://www.imf.org/external/terms.htm)."
chile,Chile policy rate,CHLPPPSH,"Purchasing Power Parity, Share of World for Chile",Annual,Percent,Not Seasonally Adjusted,2011-01-01,2024-01-01,1,"Observations for the current and future years are projections.

The IMF provides these series as part of their Regional Economic Outlook (REO) reports. These reports discuss recent economic developments and prospects for countries in various regions. They also address economic policy developments that have affected economic performance in their regions and provide country-specific data and analysis.

For more information, please see the Regional Economic Outlook (https://www.imf.org/en/publications/reo) publications.

Copyright © 2016, International Monetary Fund. Reprinted with permission. Complete terms of use and contact details are available here (http://www.imf.org/external/terms.htm)."
chile,Chile policy rate,CHLNGDPD,Gross Domestic Product in U.S. Dollars for Chile,Annual,U.S. Dollars,Not Seasonally Adjusted,2011-01-01,2024-01-01,1,"Observations for the current and future years are projections.

The IMF provides these series as part of their Regional Economic Outlook (REO) reports. These reports discuss recent economic developments and prospects for countries in various regions. They also address economic policy developments that have affected economic performance in their regions and provide country-specific data and analysis.

For more information, please see the Regional Economic Outlook (https://www.imf.org/en/publications/reo) publications.

Copyright © 2016, International Monetary Fund. Reprinted with permission. Complete terms of use and contact details are available here (http://www.imf.org/external/terms.htm)."
chile,Chile policy rate,CHLGGROPI,"General Government Revenue, interest income for Chile",Annual,US Dollars,Not Seasonally Adjusted,2008-01-01,2021-01-01,1,"Observations for the current and future years are projections.

The IMF provides these series as part of their Regional Economic Outlook (REO) reports. These reports discuss recent economic developments and prospects for countries in various regions. They also address economic policy developments that have affected economic performance in their regions and provide country-specific data and analysis.

For more information, please see the Regional Economic Outlook (https://www.imf.org/en/publications/reo) publications.

Copyright © 2016, International Monetary Fund. Reprinted with permission. Complete terms of use and contact details are available here (http://www.imf.org/external/terms.htm)."
chile,Chile policy rate,CHLGGRGDP,General Government Revenue for Chile,Annual,Percent of Fiscal Year GDP,Not Seasonally Adjusted,2011-01-01,2024-01-01,1,"Observations for the current and future years are projections.

The IMF provides these series as part of their Regional Economic Outlook (REO) reports. These reports discuss recent economic developments and prospects for countries in various regions. They also address economic policy developments that have affected economic performance in their regions and provide country-specific data and analysis.

For more information, please see the Regional Economic Outlook (https://www.imf.org/en/publications/reo) publications.

Copyright © 2016, International Monetary Fund. Reprinted with permission. Complete terms of use and contact details are available here (http://www.imf.org/external/terms.htm)."
chile,Chile policy rate,CHLGGEIGDP,General Government Expense for Chile,Annual,Percent of Fiscal Year GDP,Not Seasonally Adjusted,2011-01-01,2024-01-01,1,"Observations for the current and future years are projections.

The IMF provides these series as part of their Regional Economic Outlook (REO) reports. These reports discuss recent economic developments and prospects for countries in various regions. They also address economic policy developments that have affected economic performance in their regions and provide country-specific data and analysis.

For more information, please see the Regional Economic Outlook (https://www.imf.org/en/publications/reo) publications.

Copyright © 2016, International Monetary Fund. Reprinted with permission. Complete terms of use and contact details are available here (http://www.imf.org/external/terms.htm)."
chile,Chile policy rate,CHLNGDPFY,Fiscal Year Gross Domestic Product for Chile,Annual,Current Prices,Not Seasonally Adjusted,2011-01-01,2024-01-01,1,"Observations for the current and future years are projections.

The IMF provides these series as part of their Regional Economic Outlook (REO) reports. These reports discuss recent economic developments and prospects for countries in various regions. They also address economic policy developments that have affected economic performance in their regions and provide country-specific data and analysis.

For more information, please see the Regional Economic Outlook (https://www.imf.org/en/publications/reo) publications.

Copyright © 2016, International Monetary Fund. Reprinted with permission. Complete terms of use and contact details are available here (http://www.imf.org/external/terms.htm)."
chile,Chile policy rate,CHLGGXONLBGDP,General Government Primary Net Lending/Borrowing for Chile,Annual,Percent of Fiscal Year GDP,Not Seasonally Adjusted,1990-01-01,2031-01-01,1,"Observations for the current and future years are projections.

The IMF provides these series as part of their Regional Economic Outlook (REO) reports. These reports discuss recent economic developments and prospects for countries in various regions. They also address economic policy developments that have affected economic performance in their regions and provide country-specific data and analysis.

For more information, please see the Regional Economic Outlook (https://www.imf.org/en/publications/reo) publications.

Copyright © 2016, International Monetary Fund. Reprinted with permission. Complete terms of use and contact details are available here (http://www.imf.org/external/terms.htm)."
china,China CPI,QCNR628BIS,Real Residential Property Prices for China,Quarterly,Index 2010=100,Not Seasonally Adjusted,2005-04-01,2026-01-01,70,"Source Code: Q:CN:R:628

Coverage includes Q1 2007-Q4 2015: New dwellings in 70 cities in China; from Q1 2016: Existing buildings in 70 cities in China. The series is deflated using CPI.

For more information, please see https://www.bis.org/statistics/pp_detailed.htm.

Any use of the series shall be cited as follows: ""Sources: National sources, BIS Residential Property Price database, http://www.bis.org/statistics/pp.htm.""

Copyright, 2016, Bank for International Settlements (BIS). Terms and conditions of use are available at http://www.bis.org/terms_conditions.htm#Copyright_and_Permissions."
china,China CPI,CHNCPIALLMINMEI,"Consumer Price Indices (CPIs, HICPs), COICOP 1999: Consumer Price Index: Total for China",Monthly,Index 2015=100,Not Seasonally Adjusted,1993-01-01,2025-04-01,48,"OECD Data Filters: 
REF_AREA: CHN
MEASURE: CPI
UNIT_MEASURE: IX
METHODOLOGY: N
EXPENDITURE: _T
ADJUSTMENT: N
TRANSFORMATION: _Z
FREQ: M

All OECD data should be cited as follows: OECD (year), (dataset name), (data source) DOI or https://data-explorer.oecd.org/ (https://data-explorer.oecd.org/). (accessed on (date))."
china,China CPI,FPCPITOTLZGCHN,"Inflation, consumer prices for China",Annual,Percent,Not Seasonally Adjusted,1987-01-01,2025-01-01,46,"Inflation as measured by the consumer price index reflects the annual percentage change in the cost to the average consumer of acquiring a basket of goods and services that may be fixed or changed at specified intervals, such as yearly. The Laspeyres formula is generally used.

International Monetary Fund, International Financial Statistics and data files."
china,China CPI,CPALTT01CNM659N,"Consumer Price Indices (CPIs, HICPs), COICOP 1999: Consumer Price Index: Total for China",Monthly,Growth rate same period previous year,Not Seasonally Adjusted,1987-01-01,2025-04-01,38,"OECD Data Filters: 
REF_AREA: CHN
MEASURE: CPI
UNIT_MEASURE: PA
METHODOLOGY: N
EXPENDITURE: _T
ADJUSTMENT: N
TRANSFORMATION: GY
FREQ: M

All OECD data should be cited as follows: OECD (year), (dataset name), (data source) DOI or https://data-explorer.oecd.org/ (https://data-explorer.oecd.org/). (accessed on (date))."
china,China CPI,QCNR368BIS,Real Residential Property Prices for China,Quarterly,Percent per Annum,Not Seasonally Adjusted,2006-04-01,2026-01-01,35,"Source Code: Q:CN:R:368

Coverage includes Q1 2007-Q4 2015: New dwellings in 70 cities in China; from Q1 2016: Existing buildings in 70 cities in China. The series is deflated using CPI.

For more information, please see https://www.bis.org/statistics/pp_detailed.htm.

Any use of the series shall be cited as follows: ""Sources: National sources, BIS Residential Property Price database, http://www.bis.org/statistics/pp.htm.""

Copyright, 2016, Bank for International Settlements (BIS). Terms and conditions of use are available at http://www.bis.org/terms_conditions.htm#Copyright_and_Permissions."
china,China CPI,CPALTT01CNM657N,Consumer Price Index: All Items: Total for China,Monthly,Growth rate previous period,Not Seasonally Adjusted,1993-02-01,2024-03-01,30,"OECD Descriptor ID: CPALTT01
OECD unit ID: PC
OECD country ID: CHN

All OECD data should be cited as follows: OECD, ""Main Economic Indicators - complete database"", Main Economic Indicators (database), https://dx.doi.org/10.1787/data-00052-en (Accessed on date) Copyright, 2016, OECD. Reprinted with permission"
china,China CPI,FPCPITOTLZGHKG,"Inflation, consumer prices for Hong Kong SAR, China",Annual,Percent,Not Seasonally Adjusted,1982-01-01,2025-01-01,23,"Inflation as measured by the consumer price index reflects the annual percentage change in the cost to the average consumer of acquiring a basket of goods and services that may be fixed or changed at specified intervals, such as yearly. The Laspeyres formula is generally used.

International Monetary Fund, International Financial Statistics and data files."
china,China CPI,DDOE01CNA086NWDB,Consumer Price Index for China,"Annual, End of Year",Index 2010=100,Not Seasonally Adjusted,1985-01-01,2017-01-01,18,"Consumer price index reflects changes in the cost to the average consumer of acquiring a basket of goods and services that may be fixed or changed at specified intervals, such as yearly. The Laspeyres formula is generally used.

Source Code: GFDD.OE.01"
china,China CPI,CHNCPALTT01IXNBM,Consumer Price Index: All Items: Total for China,Monthly,Index source base,Not Seasonally Adjusted,1993-01-01,2023-11-01,17,"OECD Descriptor ID: CPALTT01
OECD unit ID: IDX
OECD country ID: CHN

All OECD data should be cited as follows: OECD, ""Main Economic Indicators - complete database"", Main Economic Indicators (database), https://dx.doi.org/10.1787/data-00052-en (Accessed on date) Copyright, 2016, OECD. Reprinted with permission"
china,China CPI,CCRETT01CNM661N,Financial Market: Real Effective Exchange Rates: CPI Based for China,Monthly,Index 2015=100,Not Seasonally Adjusted,1970-01-01,2026-07-01,14,"OECD Data Filters: 
REF_AREA: CHN
MEASURE: CCRE
UNIT_MEASURE: IX
ACTIVITY: _Z
ADJUSTMENT: _Z
TRANSFORMATION: _Z
TIME_HORIZ: _Z
METHODOLOGY: N
FREQ: M

All OECD data should be cited as follows: OECD (year), (dataset name), (data source) DOI or https://data-explorer.oecd.org/ (https://data-explorer.oecd.org/). (accessed on (date))."
china,China CPI,CHNCPIALLQINMEI,"Consumer Price Indices (CPIs, HICPs), COICOP 1999: Consumer Price Index: Total for China",Quarterly,Index 2015=100,Not Seasonally Adjusted,1993-01-01,2025-01-01,14,"OECD Data Filters: 
REF_AREA: CHN
MEASURE: CPI
UNIT_MEASURE: IX
METHODOLOGY: N
EXPENDITURE: _T
ADJUSTMENT: N
TRANSFORMATION: _Z
FREQ: Q

All OECD data should be cited as follows: OECD (year), (dataset name), (data source) DOI or https://data-explorer.oecd.org/ (https://data-explorer.oecd.org/). (accessed on (date))."
china,China CPI,CHNCPIALLAINMEI,"Consumer Price Indices (CPIs, HICPs), COICOP 1999: Consumer Price Index: Total for China",Annual,Index 2015=100,Not Seasonally Adjusted,1993-01-01,2024-01-01,10,"OECD Data Filters: 
REF_AREA: CHN
MEASURE: CPI
UNIT_MEASURE: IX
METHODOLOGY: N
EXPENDITURE: _T
ADJUSTMENT: N
TRANSFORMATION: _Z
FREQ: A

All OECD data should be cited as follows: OECD (year), (dataset name), (data source) DOI or https://data-explorer.oecd.org/ (https://data-explorer.oecd.org/). (accessed on (date))."
china,China CPI,CPALTT01CNQ657N,Consumer Price Index: All Items: Total for China,Quarterly,Growth rate previous period,Not Seasonally Adjusted,1993-04-01,2024-01-01,8,"OECD Descriptor ID: CPALTT01
OECD unit ID: PC
OECD country ID: CHN

All OECD data should be cited as follows: OECD, ""Main Economic Indicators - complete database"", Main Economic Indicators (database), https://dx.doi.org/10.1787/data-00052-en (Accessed on date) Copyright, 2016, OECD. Reprinted with permission"
china,China CPI,CPALTT01CNQ659N,"Consumer Price Indices (CPIs, HICPs), COICOP 1999: Consumer Price Index: Total for China",Quarterly,Growth rate same period previous year,Not Seasonally Adjusted,1994-01-01,2025-01-01,6,"OECD Data Filters: 
REF_AREA: CHN
MEASURE: CPI
UNIT_MEASURE: PA
METHODOLOGY: N
EXPENDITURE: _T
ADJUSTMENT: N
TRANSFORMATION: GY
FREQ: Q

All OECD data should be cited as follows: OECD (year), (dataset name), (data source) DOI or https://data-explorer.oecd.org/ (https://data-explorer.oecd.org/). (accessed on (date))."
china,China CPI,CCRETT01CNQ661N,Financial Market: Real Effective Exchange Rates: CPI Based for China,Quarterly,Index 2015=100,Not Seasonally Adjusted,1970-01-01,2026-04-01,5,"OECD Data Filters: 
REF_AREA: CHN
MEASURE: CCRE
UNIT_MEASURE: IX
ACTIVITY: _Z
ADJUSTMENT: _Z
TRANSFORMATION: _Z
TIME_HORIZ: _Z
METHODOLOGY: N
FREQ: Q

All OECD data should be cited as follows: OECD (year), (dataset name), (data source) DOI or https://data-explorer.oecd.org/ (https://data-explorer.oecd.org/). (accessed on (date))."
china,China CPI,CPALTT01CNA659N,"Consumer Price Indices (CPIs, HICPs), COICOP 1999: Consumer Price Index: Total for China",Annual,Growth rate same period previous year,Not Seasonally Adjusted,1985-01-01,2024-01-01,4,"OECD Data Filters: 
REF_AREA: CHN
MEASURE: CPI
UNIT_MEASURE: PA
METHODOLOGY: N
EXPENDITURE: _T
ADJUSTMENT: N
TRANSFORMATION: GY
FREQ: A

All OECD data should be cited as follows: OECD (year), (dataset name), (data source) DOI or https://data-explorer.oecd.org/ (https://data-explorer.oecd.org/). (accessed on (date))."
china,China CPI,CPALTT01CNA657N,Consumer Price Index: All Items: Total for China,Annual,Growth rate previous period,Not Seasonally Adjusted,1994-01-01,2023-01-01,4,"OECD Descriptor ID: CPALTT01
OECD unit ID: PC
OECD country ID: CHN

All OECD data should be cited as follows: OECD, ""Main Economic Indicators - complete database"", Main Economic Indicators (database), https://dx.doi.org/10.1787/data-00052-en (Accessed on date) Copyright, 2016, OECD. Reprinted with permission"
china,China CPI,DDOE02CNA086NWDB,Consumer Price Index for China,Annual,Index 2010=100,Not Seasonally Adjusted,1985-01-01,2017-01-01,4,"Consumer price index reflects changes in the cost to the average consumer of acquiring a basket of goods and services that may be fixed or changed at specified intervals, such as yearly. The Laspeyres formula is generally used.

Source Code: GFDD.OE.02"
china,China CPI,CCRETT01CNA661N,Financial Market: Real Effective Exchange Rates: CPI Based for China,Annual,Index 2015=100,Not Seasonally Adjusted,1970-01-01,2025-01-01,3,"OECD Data Filters: 
REF_AREA: CHN
MEASURE: CCRE
UNIT_MEASURE: IX
ACTIVITY: _Z
ADJUSTMENT: _Z
TRANSFORMATION: _Z
TIME_HORIZ: _Z
METHODOLOGY: N
FREQ: A

All OECD data should be cited as follows: OECD (year), (dataset name), (data source) DOI or https://data-explorer.oecd.org/ (https://data-explorer.oecd.org/). (accessed on (date))."
china,China CPI,CHNCPALTT01IXNBQ,Consumer Price Index: All Items: Total for China,Quarterly,Index source base,Not Seasonally Adjusted,1993-01-01,2023-07-01,2,"OECD Descriptor ID: CPALTT01
OECD unit ID: IDX
OECD country ID: CHN

All OECD data should be cited as follows: OECD, ""Main Economic Indicators - complete database"", Main Economic Indicators (database), https://dx.doi.org/10.1787/data-00052-en (Accessed on date) Copyright, 2016, OECD. Reprinted with permission"
china,China PPI,CHNPIEATI01GYM,Producer Prices Index: Economic Activities: Industrial Activities: Total for China,Monthly,Growth rate same period previous year,Not Seasonally Adjusted,1999-01-01,2022-12-01,28,"OECD Descriptor ID: PIEATI01
OECD unit ID: PC
OECD country ID: CHN

All OECD data should be cited as follows: OECD, ""Main Economic Indicators - complete database"", Main Economic Indicators (database), https://dx.doi.org/10.1787/data-00052-en (Accessed on date) Copyright, 2016, OECD. Reprinted with permission"
china,China PPI,PIEATI01CNA661N,Producer Prices Index: Economic Activities: Industrial Activities: Total for China,Annual,Index 2015=100,Not Seasonally Adjusted,1990-01-01,2015-01-01,10,"OECD Descriptor ID: PIEATI01
OECD unit ID: IDX
OECD country ID: CHN

All OECD data should be cited as follows: OECD, ""Main Economic Indicators - complete database"", Main Economic Indicators (database), https://dx.doi.org/10.1787/data-00052-en (Accessed on date) Copyright, 2016, OECD. Reprinted with permission"
china,China PPI,CHNPIEATI01GYQ,Producer Prices Index: Economic Activities: Industrial Activities: Total for China,Quarterly,Growth rate same period previous year,Not Seasonally Adjusted,1999-01-01,2022-10-01,8,"OECD Descriptor ID: PIEATI01
OECD unit ID: PC
OECD country ID: CHN

All OECD data should be cited as follows: OECD, ""Main Economic Indicators - complete database"", Main Economic Indicators (database), https://dx.doi.org/10.1787/data-00052-en (Accessed on date) Copyright, 2016, OECD. Reprinted with permission"
china,China PPI,WPU12610104,"Producer Price Index by Commodity: Furniture and Household Durables: Vitreous China, Porcelain, and Earthenware (Semivitreous) Table and Kitchenware",Monthly,Index Jun 2008=100,Not Seasonally Adjusted,2008-06-01,2026-07-01,5,
china,China PPI,WPU1261,"Producer Price Index by Commodity: Furniture and Household Durables: Vitreous China, Fine Earthenware, and Other Pottery Products",Monthly,Index 1982=100,Not Seasonally Adjusted,1947-01-01,2026-07-01,4,
china,China PPI,PCU3271103271101,"Producer Price Index by Industry: Pottery, Ceramics, and Plumbing Fixture Manufacturing: Vitreous Plumbing Fixtures, China Lavatories, and Flush Tanks, Including Plumbing Accessories",Monthly,Index Jun 1985=100,Not Seasonally Adjusted,1965-01-01,2014-06-01,2,
china,China PPI,WPU1052,Producer Price Index by Commodity: Metals and Metal Products: Vitreous China Plumbing Fixtures and China and Earthenware Bathroom Accessories,Monthly,Index 1982=100,Not Seasonally Adjusted,1947-01-01,2014-06-01,1,
china,China PPI,WPS1052,Producer Price Index by Commodity: Metals and Metal Products: Vitreous China Plumbing Fixtures and China and Earthenware Bathroom Accessories (DISCONTINUED),Monthly,Index 1982=100,Seasonally Adjusted,1975-01-01,2003-12-01,1,
china,China PPI,PCU3271103271106,"Producer Price Index by Industry: Pottery, Ceramics, and Plumbing Fixture Manufacturing: All Other Pottery Products (Including China Decorated for the Trade)",Monthly,Index Dec 2006=100,Not Seasonally Adjusted,2006-12-01,2026-07-01,1,
china,China PPI,WPU12610105,Producer Price Index by Commodity: Furniture and Household Durables: All Other Pottery Products (Including China Decorated for the Trade),Monthly,Index Jun 2008=100,Not Seasonally Adjusted,2008-06-01,2026-07-01,1,
china,China PPI,PCU32711032711021,"Producer Price Index by Industry: Pottery, Ceramics, and Plumbing Fixture Manufacturing: Vitreous China, Porcelain, and Earthenware (DISCONTINUED)",Monthly,Index Dec 2006=100,Not Seasonally Adjusted,2006-12-01,2017-12-01,1,
china,China PPI,WPU105201,"Producer Price Index by Commodity: Metals and Metal Products: Vitreous Plumbing Fixtures, China Lavatories, and Flush Tanks, Including Plumbing Accessories",Monthly,Index 1982=100,Not Seasonally Adjusted,1975-01-01,2014-06-01,1,
china,China PPI,PCU32711032711025,"Producer Price Index by Industry: Pottery, Ceramics, and Plumbing Fixture Manufacturing: All Other Pottery Products (Including China Decorated for the Trade) (DISCONTINUED)",Monthly,Index Dec 2006=100,Not Seasonally Adjusted,2006-12-01,2017-12-01,1,
china,China PPI,WPS1261,"Producer Price Index by Commodity: Furniture and Household Durables: Vitreous China, Fine Earthenware, and Other Pottery Products (DISCONTINUED)",Monthly,Index 1982=100,Seasonally Adjusted,1975-01-01,2008-12-01,1,
china,China PPI,PCU3271103271105,"Producer Price Index by Industry: Pottery, Ceramics, and Plumbing Fixture Manufacturing: Vitreous China, Porcelain, and Earthenware (Semivitreous) Table and Kitchenware",Monthly,Index Dec 2006=100,Not Seasonally Adjusted,2006-12-01,2026-07-01,1,
china,China PPI,WPU10520114,"Producer Price Index by Commodity: Metals and Metal Products: Vitreous Plumbing Fixtures, China Lavatories, and Flush Tanks, Including Plumbing Accessories",Monthly,Index Dec 2003=100,Not Seasonally Adjusted,2003-12-01,2014-06-01,1,
china,China PPI,WPS105201,"Producer Price Index by Commodity: Metals and Metal Products: Vitreous Plumbing Fixtures, China Lavatories, and Flush Tanks, Including Plumbing Accessories (DISCONTINUED)",Monthly,Index 1982=100,Seasonally Adjusted,1996-01-01,2003-12-01,1,
china,China PPI,PCU3271103271102,"Producer Price Index by Industry: Pottery, Ceramics, and Plumbing Fixture Manufacturing: Vitreous China, Fine Earthenware, and Other Pottery Products (DISCONTINUED)",Monthly,Index Dec 2003=100,Not Seasonally Adjusted,2003-12-01,2017-12-01,1,
china,China PPI,WPU126101,"Producer Price Index by Commodity: Furniture and Household Durables: Vitreous China, Porcelain, and Earthenware Table and Kitchenware and Other Pottery Products",Monthly,Index 1982=100,Not Seasonally Adjusted,1975-01-01,2026-07-01,1,
china,China PPI,WPS126101,"Producer Price Index by Commodity: Furniture and Household Durables: Vitreous China, Porcelain, and Earthenware Table and Kitchenware and Other Pottery Products (DISCONTINUED)",Monthly,Index 1982=100,Seasonally Adjusted,1990-01-01,2008-12-01,1,
china,China credit,QCNPAM770A,"Total Credit to Private Non-Financial Sector, Adjusted for Breaks, for China","Quarterly, End of Quarter",Percentage of GDP,Not Seasonally Adjusted,1985-10-01,2025-10-01,18,"Credit is provided by domestic banks, all other sectors of the economy and non-residents. The ""private non-financial sector"" includes non-financial corporations (both private-owned and public-owned), households and non-profit institutions serving households as defined in the System of National Accounts 2008. The series have quarterly frequency and capture the outstanding amount of credit at the end of the reference quarter. In terms of financial instruments, credit covers loans and debt securities.(1)

The combination of different sources and data from various methodological frameworks resulted in breaks in the series. The BIS is therefore, in addition, publishing a second set of series adjusted for breaks, which covers the same time span as the unadjusted series. The break-adjusted series are the result of the BIS's own calculations, and were obtained by adjusting levels through standard statistical techniques described in the special feature on the long credit series of the March 2013 issue of the BIS Quarterly Review at https://www.bis.org/publ/qtrpdf/r_qt1303h.htm. (1)

Source Code: Q:CN:P:A:M:770:A

(1) Bank for International Settlements. ""Long series on credit to private non-financial ://www.bis.org/statistics/credtopriv.htm

Copyright, 2016, Bank for International Settlements (BIS). Terms and conditions of use are available at http://www.bis.org/terms_conditions.htm#Copyright_and_Permissions.

Unless otherwise specified, series values are market values. For information specifying what comprises G20, Advanced Economies, Emerging Market Economies, and All Reporting Economies, visit https://www.bis.org/statistics/totcredit/tables_f.pdf"
china,China credit,QCNCAM770A,"Total Credit to Non-Financial Sector, Adjusted for Breaks, for China","Quarterly, End of Quarter",Percentage of GDP,Not Seasonally Adjusted,1995-10-01,2025-10-01,18,"Credit is provided by domestic banks, all other sectors of the economy and non-residents. The ""private non-financial sector"" includes non-financial corporations (both private-owned and public-owned), households and non-profit institutions serving households as defined in the System of National Accounts 2008. The series have quarterly frequency and capture the outstanding amount of credit at the end of the reference quarter. In terms of financial instruments, credit covers loans and debt securities.(1)

The combination of different sources and data from various methodological frameworks resulted in breaks in the series. The BIS is therefore, in addition, publishing a second set of series adjusted for breaks, which covers the same time span as the unadjusted series. The break-adjusted series are the result of the BIS's own calculations, and were obtained by adjusting levels through standard statistical techniques described in the special feature on the long credit series of the March 2013 issue of the BIS Quarterly Review at https://www.bis.org/publ/qtrpdf/r_qt1303h.htm. (1)

Source Code: Q:CN:C:A:M:770:A

(1) Bank for International Settlements. ""Long series on credit to private non-financial ://www.bis.org/statistics/credtopriv.htm

Copyright, 2016, Bank for International Settlements (BIS). Terms and conditions of use are available at http://www.bis.org/terms_conditions.htm#Copyright_and_Permissions.

Unless otherwise specified, series values are market values. For information specifying what comprises G20, Advanced Economies, Emerging Market Economies, and All Reporting Economies, visit https://www.bis.org/statistics/totcredit/tables_f.pdf"
china,China credit,QCNPAMUSDA,"Total Credit to Private Non-Financial Sector, Adjusted for Breaks, for China","Quarterly, End of Quarter",Billions of US Dollars,Not Seasonally Adjusted,1985-10-01,2025-10-01,11,"Credit is provided by domestic banks, all other sectors of the economy and non-residents. The ""private non-financial sector"" includes non-financial corporations (both private-owned and public-owned), households and non-profit institutions serving households as defined in the System of National Accounts 2008. The series have quarterly frequency and capture the outstanding amount of credit at the end of the reference quarter. In terms of financial instruments, credit covers loans and debt securities.(1)

The combination of different sources and data from various methodological frameworks resulted in breaks in the series. The BIS is therefore, in addition, publishing a second set of series adjusted for breaks, which covers the same time span as the unadjusted series. The break-adjusted series are the result of the BIS's own calculations, and were obtained by adjusting levels through standard statistical techniques described in the special feature on the long credit series of the March 2013 issue of the BIS Quarterly Review at https://www.bis.org/publ/qtrpdf/r_qt1303h.htm. (1)

Source Code: Q:CN:P:A:M:USD:A

(1) Bank for International Settlements. ""Long series on credit to private non-financial ://www.bis.org/statistics/credtopriv.htm

Copyright, 2016, Bank for International Settlements (BIS). Terms and conditions of use are available at http://www.bis.org/terms_conditions.htm#Copyright_and_Permissions.

Unless otherwise specified, series values are market values. For information specifying what comprises G20, Advanced Economies, Emerging Market Economies, and All Reporting Economies, visit https://www.bis.org/statistics/totcredit/tables_f.pdf"
china,China credit,QCNHAM770A,"Total Credit to Households and NPISHs, Adjusted for Breaks, for China","Quarterly, End of Quarter",Percentage of GDP,Not Seasonally Adjusted,2006-01-01,2025-10-01,10,"Credit is provided by domestic banks, all other sectors of the economy and non-residents. The ""private non-financial sector"" includes non-financial corporations (both private-owned and public-owned), households and non-profit institutions serving households as defined in the System of National Accounts 2008. The series have quarterly frequency and capture the outstanding amount of credit at the end of the reference quarter. In terms of financial instruments, credit covers loans and debt securities.(1)

The combination of different sources and data from various methodological frameworks resulted in breaks in the series. The BIS is therefore, in addition, publishing a second set of series adjusted for breaks, which covers the same time span as the unadjusted series. The break-adjusted series are the result of the BIS's own calculations, and were obtained by adjusting levels through standard statistical techniques described in the special feature on the long credit series of the March 2013 issue of the BIS Quarterly Review at https://www.bis.org/publ/qtrpdf/r_qt1303h.htm. (1)

Source Code: Q:CN:H:A:M:770:A

(1) Bank for International Settlements. ""Long series on credit to private non-financial ://www.bis.org/statistics/credtopriv.htm

Copyright, 2016, Bank for International Settlements (BIS). Terms and conditions of use are available at http://www.bis.org/terms_conditions.htm#Copyright_and_Permissions.

Unless otherwise specified, series values are market values. For information specifying what comprises G20, Advanced Economies, Emerging Market Economies, and All Reporting Economies, visit https://www.bis.org/statistics/totcredit/tables_f.pdf"
china,China credit,CRDQCNAPABIS,"Total Credit to Private Non-Financial Sector, Adjusted for Breaks, for China","Quarterly, End of Quarter",Billions of Chinese Renminbi Yuans,Not Seasonally Adjusted,1985-10-01,2025-10-01,9,"Credit is provided by domestic banks, all other sectors of the economy and non-residents. The ""private non-financial sector"" includes non-financial corporations (both private-owned and public-owned), households and non-profit institutionsserving households as defined in the System of National Accounts 2008. The series have quarterly frequency and capture the outstanding amount of credit at the end of the reference quarter. In terms of financial instruments, credit covers loans and debt securities.(1)

The combination of different sources and data from various methodological frameworks resulted in breaks in the series. The BIS is therefore, in addition, publishing a second set of series adjusted for breaks, which covers the same time span as the unadjusted series. The break-adjusted series are the result of the BIS's own calculations, and were obtained by adjusting levels through standard statistical techniques described in the special feature on the long credit series of the March 2013 issue of the BIS Quarterly Review at https://www.bis.org/publ/qtrpdf/r_qt1303h.htm. (1)

Source Code: Q:CN:A:P:A

(1) Bank for International Settlements. ""Long series on credit to private non-financial sectors"".https://www.bis.org/statistics/credtopriv.htm

Copyright, 2016, Bank for International Settlements (BIS). Terms and conditions of use are available at http://www.bis.org/terms_conditions.htm#Copyright_and_Permissions."
china,China credit,QCNNAM770A,"Total Credit to Non-Financial Corporations, Adjusted for Breaks, for China","Quarterly, End of Quarter",Percentage of GDP,Not Seasonally Adjusted,2006-01-01,2025-10-01,8,"Credit is provided by domestic banks, all other sectors of the economy and non-residents. The ""private non-financial sector"" includes non-financial corporations (both private-owned and public-owned), households and non-profit institutions serving households as defined in the System of National Accounts 2008. The series have quarterly frequency and capture the outstanding amount of credit at the end of the reference quarter. In terms of financial instruments, credit covers loans and debt securities.(1)

The combination of different sources and data from various methodological frameworks resulted in breaks in the series. The BIS is therefore, in addition, publishing a second set of series adjusted for breaks, which covers the same time span as the unadjusted series. The break-adjusted series are the result of the BIS's own calculations, and were obtained by adjusting levels through standard statistical techniques described in the special feature on the long credit series of the March 2013 issue of the BIS Quarterly Review at https://www.bis.org/publ/qtrpdf/r_qt1303h.htm. (1)

Source Code: Q:CN:N:A:M:770:A

(1) Bank for International Settlements. ""Long series on credit to private non-financial ://www.bis.org/statistics/credtopriv.htm

Copyright, 2016, Bank for International Settlements (BIS). Terms and conditions of use are available at http://www.bis.org/terms_conditions.htm#Copyright_and_Permissions.

Unless otherwise specified, series values are market values. For information specifying what comprises G20, Advanced Economies, Emerging Market Economies, and All Reporting Economies, visit https://www.bis.org/statistics/totcredit/tables_f.pdf"
china,China credit,QCNGANUSDA,"Nominal Total Credit to General Government, Adjusted for Breaks, for China","Quarterly, End of Quarter",Billions of US Dollars,Not Seasonally Adjusted,1995-10-01,2025-10-01,5,"Credit is provided by domestic banks, all other sectors of the economy and non-residents. The ""private non-financial sector"" includes non-financial corporations (both private-owned and public-owned), households and non-profit institutions serving households as defined in the System of National Accounts 2008. The series have quarterly frequency and capture the outstanding amount of credit at the end of the reference quarter. In terms of financial instruments, credit covers loans and debt securities.(1)

The combination of different sources and data from various methodological frameworks resulted in breaks in the series. The BIS is therefore, in addition, publishing a second set of series adjusted for breaks, which covers the same time span as the unadjusted series. The break-adjusted series are the result of the BIS's own calculations, and were obtained by adjusting levels through standard statistical techniques described in the special feature on the long credit series of the March 2013 issue of the BIS Quarterly Review at https://www.bis.org/publ/qtrpdf/r_qt1303h.htm. (1)

Source Code: Q:CN:G:A:N:USD:A

(1) Bank for International Settlements. ""Long series on credit to private non-financial ://www.bis.org/statistics/credtopriv.htm

Copyright, 2016, Bank for International Settlements (BIS). Terms and conditions of use are available at http://www.bis.org/terms_conditions.htm#Copyright_and_Permissions.

For information specifying what comprises G20, Advanced Economies, Emerging Market Economies, and All Reporting Economies, visit https://www.bis.org/statistics/totcredit/tables_f.pdf"
china,China credit,CRDQCNAHABIS,"Total Credit to Households and Non-Profit Institutions Serving Households, Adjusted for Breaks, for China","Quarterly, End of Quarter",Billions of Chinese Renminbi Yuans,Not Seasonally Adjusted,2006-01-01,2025-10-01,5,"Credit is provided by domestic banks, all other sectors of the economy and non-residents. The ""private non-financial sector"" includes non-financial corporations (both private-owned and public-owned), households and non-profit institutionsserving households as defined in the System of National Accounts 2008. The series have quarterly frequency and capture the outstanding amount of credit at the end of the reference quarter. In terms of financial instruments, credit covers loans and debt securities.(1)

The combination of different sources and data from various methodological frameworks resulted in breaks in the series. The BIS is therefore, in addition, publishing a second set of series adjusted for breaks, which covers the same time span as the unadjusted series. The break-adjusted series are the result of the BIS's own calculations, and were obtained by adjusting levels through standard statistical techniques described in the special feature on the long credit series of the March 2013 issue of the BIS Quarterly Review at https://www.bis.org/publ/qtrpdf/r_qt1303h.htm. (1)

Source Code: Q:CN:A:H:A

(1) Bank for International Settlements. ""Long series on credit to private non-financial sectors"".https://www.bis.org/statistics/credtopriv.htm

Copyright, 2016, Bank for International Settlements (BIS). Terms and conditions of use are available at http://www.bis.org/terms_conditions.htm#Copyright_and_Permissions."
china,China credit,QCNCAMXDCA,"Total Credit to Non-Financial Sector, Adjusted for Breaks, for China","Quarterly, End of Quarter",Billions of Chinese Renminbi Yuans,Not Seasonally Adjusted,1995-10-01,2025-10-01,4,"Credit is provided by domestic banks, all other sectors of the economy and non-residents. The ""private non-financial sector"" includes non-financial corporations (both private-owned and public-owned), households and non-profit institutions serving households as defined in the System of National Accounts 2008. The series have quarterly frequency and capture the outstanding amount of credit at the end of the reference quarter. In terms of financial instruments, credit covers loans and debt securities.(1)

The combination of different sources and data from various methodological frameworks resulted in breaks in the series. The BIS is therefore, in addition, publishing a second set of series adjusted for breaks, which covers the same time span as the unadjusted series. The break-adjusted series are the result of the BIS's own calculations, and were obtained by adjusting levels through standard statistical techniques described in the special feature on the long credit series of the March 2013 issue of the BIS Quarterly Review at https://www.bis.org/publ/qtrpdf/r_qt1303h.htm. (1)

Source Code: Q:CN:C:A:M:XDC:A

(1) Bank for International Settlements. ""Long series on credit to private non-financial ://www.bis.org/statistics/credtopriv.htm

Copyright, 2016, Bank for International Settlements (BIS). Terms and conditions of use are available at http://www.bis.org/terms_conditions.htm#Copyright_and_Permissions.

Unless otherwise specified, series values are market values. For information specifying what comprises G20, Advanced Economies, Emerging Market Economies, and All Reporting Economies, visit https://www.bis.org/statistics/totcredit/tables_f.pdf"
china,China credit,QCNGAN770A,"Nominal Total Credit to General Government, Adjusted for Breaks, for China","Quarterly, End of Quarter",Percentage of GDP,Not Seasonally Adjusted,1995-10-01,2025-10-01,4,"Credit is provided by domestic banks, all other sectors of the economy and non-residents. The ""private non-financial sector"" includes non-financial corporations (both private-owned and public-owned), households and non-profit institutions serving households as defined in the System of National Accounts 2008. The series have quarterly frequency and capture the outstanding amount of credit at the end of the reference quarter. In terms of financial instruments, credit covers loans and debt securities.(1)

The combination of different sources and data from various methodological frameworks resulted in breaks in the series. The BIS is therefore, in addition, publishing a second set of series adjusted for breaks, which covers the same time span as the unadjusted series. The break-adjusted series are the result of the BIS's own calculations, and were obtained by adjusting levels through standard statistical techniques described in the special feature on the long credit series of the March 2013 issue of the BIS Quarterly Review at https://www.bis.org/publ/qtrpdf/r_qt1303h.htm. (1)

Source Code: Q:CN:G:A:N:770:A

(1) Bank for International Settlements. ""Long series on credit to private non-financial ://www.bis.org/statistics/credtopriv.htm

Copyright, 2016, Bank for International Settlements (BIS). Terms and conditions of use are available at http://www.bis.org/terms_conditions.htm#Copyright_and_Permissions.

For information specifying what comprises G20, Advanced Economies, Emerging Market Economies, and All Reporting Economies, visit https://www.bis.org/statistics/totcredit/tables_f.pdf"
china,China credit,QCNGANXDCA,"Nominal Total Credit to General Government, Adjusted for Breaks, for China","Quarterly, End of Quarter",Billions of Chinese Renminbi Yuans,Not Seasonally Adjusted,1995-10-01,2025-10-01,4,"Credit is provided by domestic banks, all other sectors of the economy and non-residents. The ""private non-financial sector"" includes non-financial corporations (both private-owned and public-owned), households and non-profit institutions serving households as defined in the System of National Accounts 2008. The series have quarterly frequency and capture the outstanding amount of credit at the end of the reference quarter. In terms of financial instruments, credit covers loans and debt securities.(1)

The combination of different sources and data from various methodological frameworks resulted in breaks in the series. The BIS is therefore, in addition, publishing a second set of series adjusted for breaks, which covers the same time span as the unadjusted series. The break-adjusted series are the result of the BIS's own calculations, and were obtained by adjusting levels through standard statistical techniques described in the special feature on the long credit series of the March 2013 issue of the BIS Quarterly Review at https://www.bis.org/publ/qtrpdf/r_qt1303h.htm. (1)

Source Code: Q:CN:G:A:N:XDC:A

(1) Bank for International Settlements. ""Long series on credit to private non-financial ://www.bis.org/statistics/credtopriv.htm

Copyright, 2016, Bank for International Settlements (BIS). Terms and conditions of use are available at http://www.bis.org/terms_conditions.htm#Copyright_and_Permissions.

For information specifying what comprises G20, Advanced Economies, Emerging Market Economies, and All Reporting Economies, visit https://www.bis.org/statistics/totcredit/tables_f.pdf"
china,China credit,DDSI04CNA156NWDB,Bank Credit to Bank Deposits for China,Annual,Percent,Not Seasonally Adjusted,1985-01-01,2021-01-01,4,"The financial resources provided to the private sector by domestic money banks as a share of total deposits. Domestic money banks comprise commercial banks and other financial institutions that accept transferable deposits, such as demand deposits. Total deposits include demand, time and saving deposits in deposit money banks.

Raw data are from the electronic version of the IMF's International Financial Statistics. Private credit by deposit money banks (IFS line 22d); bank deposits (IFS lines 24 and 25). (International Monetary Fund, International Financial Statistics)

Source Code: GFDD.SI.04"
china,China credit,DDEI08CNA156NWDB,Credit to Government and State-Owned Enterprises to GDP for China,Annual,Percent,Not Seasonally Adjusted,1993-01-01,2020-01-01,4,"Ratio between credit by domestic money banks to the government and state-owned enterprises and GDP.

Raw data are from the electronic version of the IMF's International Financial Statistics. IFS line 22A + line 22B + line 22C) / GDP. Local currency GDP is from IFS (line 99B..ZF or, if not available, line 99B.CZF). Missing observations are imputed by using GDP growth rates from World Development Indicators, instead of substituting the levels. This approach ensures a smoother GDP series. (International Monetary Fund, International Financial Statistics)

Source Code: GFDD.EI.08"
china,China credit,QCNCAMUSDA,"Total Credit to Non-Financial Sector, Adjusted for Breaks, for China","Quarterly, End of Quarter",Billions of US Dollars,Not Seasonally Adjusted,1995-10-01,2025-10-01,3,"Credit is provided by domestic banks, all other sectors of the economy and non-residents. The ""private non-financial sector"" includes non-financial corporations (both private-owned and public-owned), households and non-profit institutions serving households as defined in the System of National Accounts 2008. The series have quarterly frequency and capture the outstanding amount of credit at the end of the reference quarter. In terms of financial instruments, credit covers loans and debt securities.(1)

The combination of different sources and data from various methodological frameworks resulted in breaks in the series. The BIS is therefore, in addition, publishing a second set of series adjusted for breaks, which covers the same time span as the unadjusted series. The break-adjusted series are the result of the BIS's own calculations, and were obtained by adjusting levels through standard statistical techniques described in the special feature on the long credit series of the March 2013 issue of the BIS Quarterly Review at https://www.bis.org/publ/qtrpdf/r_qt1303h.htm. (1)

Source Code: Q:CN:C:A:M:USD:A

(1) Bank for International Settlements. ""Long series on credit to private non-financial ://www.bis.org/statistics/credtopriv.htm

Copyright, 2016, Bank for International Settlements (BIS). Terms and conditions of use are available at http://www.bis.org/terms_conditions.htm#Copyright_and_Permissions.

Unless otherwise specified, series values are market values. For information specifying what comprises G20, Advanced Economies, Emerging Market Economies, and All Reporting Economies, visit https://www.bis.org/statistics/totcredit/tables_f.pdf"
china,China credit,CRDQCNANABIS,"Total Credit to Non-Financial Corporations, Adjusted for Breaks, for China","Quarterly, End of Quarter",Billions of Chinese Renminbi Yuans,Not Seasonally Adjusted,2006-01-01,2025-10-01,3,"Credit is provided by domestic banks, all other sectors of the economy and non-residents. The ""private non-financial sector"" includes non-financial corporations (both private-owned and public-owned), households and non-profit institutionsserving households as defined in the System of National Accounts 2008. The series have quarterly frequency and capture the outstanding amount of credit at the end of the reference quarter. In terms of financial instruments, credit covers loans and debt securities.(1)

The combination of different sources and data from various methodological frameworks resulted in breaks in the series. The BIS is therefore, in addition, publishing a second set of series adjusted for breaks, which covers the same time span as the unadjusted series. The break-adjusted series are the result of the BIS's own calculations, and were obtained by adjusting levels through standard statistical techniques described in the special feature on the long credit series of the March 2013 issue of the BIS Quarterly Review at https://www.bis.org/publ/qtrpdf/r_qt1303h.htm. (1)

Source Code: Q:CN:A:N:A

(1) Bank for International Settlements. ""Long series on credit to private non-financial sectors"".https://www.bis.org/statistics/credtopriv.htm

Copyright, 2016, Bank for International Settlements (BIS). Terms and conditions of use are available at http://www.bis.org/terms_conditions.htm#Copyright_and_Permissions."
china,China credit,DDDI01CNA156NWDB,Private Credit by Deposit Money Banks to GDP for China,Annual,Percent,Not Seasonally Adjusted,1985-01-01,2021-01-01,3,"The financial resources provided to the private sector by domestic money banks as a share of GDP. Domestic money banks comprise commercial banks and other financial institutions that accept transferable deposits, such as demand deposits. Private credit by deposit money banks and other financial institutions to GDP, calculated using the following deflation method: {(0.5)*[Ft/P_et + Ft-1/P_et-1]}/[GDPt/P_at] where F is credit to the private sector, P_e is end-of period CPI, and P_a is average annual CPI. Raw data are from the electronic version of the IMF's International Financial Statistics. Private credit by deposit money banks (IFS line 22d and FOSAOP); GDP in local currency (IFS line NGDP); end-of period CPI (IFS line PCPI); and average annual CPI is calculated using the monthly CPI values (IFS line PCPI). (International Monetary Fund, International Financial Statistics, and World Bank GDP estimates)

Source Code: GFDD.DI.01"
china,China credit,CRDQCNANUBIS,"Total Credit to Non-Financial Corporations, Unadjusted for Breaks, for China","Quarterly, End of Quarter",Billions of Chinese Renminbi Yuans,Not Seasonally Adjusted,2006-01-01,2025-10-01,3,"Credit is provided by domestic banks, all other sectors of the economy and non-residents. The ""private non-financial sector"" includes non-financial corporations (both private-owned and public-owned), households and non-profit institutionsserving households as defined in the System of National Accounts 2008. The series have quarterly frequency and capture the outstanding amount of credit at the end of the reference quarter. In terms of financial instruments, credit covers loans and debt securities.(1)

The combination of different sources and data from various methodological frameworks resulted in breaks in the series. The BIS is therefore, in addition, publishing a second set of series adjusted for breaks, which covers the same time span as the unadjusted series. The break-adjusted series are the result of the BIS's own calculations, and were obtained by adjusting levels through standard statistical techniques described in the special feature on the long credit series of the March 2013 issue of the BIS Quarterly Review at https://www.bis.org/publ/qtrpdf/r_qt1303h.htm. (1)

Source Code: Q:CN:A:N:U

(1) Bank for International Settlements. ""Long series on credit to private non-financial sectors"".https://www.bis.org/statistics/credtopriv.htm

Copyright, 2016, Bank for International Settlements (BIS). Terms and conditions of use are available at http://www.bis.org/terms_conditions.htm#Copyright_and_Permissions."
china,China credit,DDDI12CNA156NWDB,Private Credit by Deposit Money Banks and Other Financial Institutions to GDP for China,Annual,Percent,Not Seasonally Adjusted,1985-01-01,2021-01-01,3,"Private credit by deposit money banks and other financial institutions to GDP.

Private credit by deposit money banks and other financial institutions to GDP, calculated using the following deflation method: {(0.5)*[Ft/P_et + Ft-1/P_et-1]}/[GDPt/P_at] where F is credit to the private sector, P_e is end-of period CPI, and P_a is average annual CPI. Raw data are from the electronic version of the IMF's International Financial Statistics. Private credit by deposit money banks and other financial institutions (IFS lines 22d and 42d); GDP in local currency (IFS line 99B..ZF or, if not available, line 99B.CZF); end-of period CPI (IFS line 64M..ZF or, if not available, 64Q..ZF); and annual CPI (IFS line 64..ZF). (International Monetary Fund, International Financial Statistics)

Source Code: GFDD.DI.12"
china,China credit,QCNHAMUSDA,"Total Credit to Households and NPISHs, Adjusted for Breaks, for China","Quarterly, End of Quarter",Billions of US Dollars,Not Seasonally Adjusted,2006-01-01,2025-10-01,2,"Credit is provided by domestic banks, all other sectors of the economy and non-residents. The ""private non-financial sector"" includes non-financial corporations (both private-owned and public-owned), households and non-profit institutions serving households as defined in the System of National Accounts 2008. The series have quarterly frequency and capture the outstanding amount of credit at the end of the reference quarter. In terms of financial instruments, credit covers loans and debt securities.(1)

The combination of different sources and data from various methodological frameworks resulted in breaks in the series. The BIS is therefore, in addition, publishing a second set of series adjusted for breaks, which covers the same time span as the unadjusted series. The break-adjusted series are the result of the BIS's own calculations, and were obtained by adjusting levels through standard statistical techniques described in the special feature on the long credit series of the March 2013 issue of the BIS Quarterly Review at https://www.bis.org/publ/qtrpdf/r_qt1303h.htm. (1)

Source Code: Q:CN:H:A:M:USD:A

(1) Bank for International Settlements. ""Long series on credit to private non-financial ://www.bis.org/statistics/credtopriv.htm

Copyright, 2016, Bank for International Settlements (BIS). Terms and conditions of use are available at http://www.bis.org/terms_conditions.htm#Copyright_and_Permissions.

Unless otherwise specified, series values are market values. For information specifying what comprises G20, Advanced Economies, Emerging Market Economies, and All Reporting Economies, visit https://www.bis.org/statistics/totcredit/tables_f.pdf"
china,China credit,QCNNAMUSDA,"Total Credit to Non-Financial Corporations, Adjusted for Breaks, for China","Quarterly, End of Quarter",Billions of US Dollars,Not Seasonally Adjusted,2006-01-01,2025-10-01,2,"Credit is provided by domestic banks, all other sectors of the economy and non-residents. The ""private non-financial sector"" includes non-financial corporations (both private-owned and public-owned), households and non-profit institutions serving households as defined in the System of National Accounts 2008. The series have quarterly frequency and capture the outstanding amount of credit at the end of the reference quarter. In terms of financial instruments, credit covers loans and debt securities.(1)

The combination of different sources and data from various methodological frameworks resulted in breaks in the series. The BIS is therefore, in addition, publishing a second set of series adjusted for breaks, which covers the same time span as the unadjusted series. The break-adjusted series are the result of the BIS's own calculations, and were obtained by adjusting levels through standard statistical techniques described in the special feature on the long credit series of the March 2013 issue of the BIS Quarterly Review at https://www.bis.org/publ/qtrpdf/r_qt1303h.htm. (1)

Source Code: Q:CN:N:A:M:USD:A

(1) Bank for International Settlements. ""Long series on credit to private non-financial ://www.bis.org/statistics/credtopriv.htm

Copyright, 2016, Bank for International Settlements (BIS). Terms and conditions of use are available at http://www.bis.org/terms_conditions.htm#Copyright_and_Permissions.

Unless otherwise specified, series values are market values. For information specifying what comprises G20, Advanced Economies, Emerging Market Economies, and All Reporting Economies, visit https://www.bis.org/statistics/totcredit/tables_f.pdf"
china,China exports,EXPCH,U.S. Exports of Goods by F.A.S. Basis to Mainland China,Monthly,Millions of Dollars,Not Seasonally Adjusted,1985-01-01,2026-06-01,35,"Free Alongside Ship Basis (f.a.s.)
Further information related to the international trade data can be found at https://www.census.gov/foreign-trade/data/index.html 
Methodology details can be found at https://www.census.gov/foreign-trade/Press-Release/current_press_release/explain.pdf"
china,China exports,XTEXVA01CNM667S,International Merchandise Trade Statistics: Exports: Commodities for China,Monthly,"US dollars, exchange rate converted",Seasonally Adjusted,1992-01-01,2026-06-01,25,"OECD Data Filters: 
REF_AREA: CHN
COUNTERPART_AREA: W
UNIT_MEASURE: USD_EXC
TRADE_FLOW: X
PRODUCT_TYPE: C
ADJUSTMENT: Y
TRANSFORMATION: N
FREQ: M

All OECD data should be cited as follows: OECD (year), (dataset name), (data source) DOI or https://data-explorer.oecd.org/ (https://data-explorer.oecd.org/). (accessed on (date))."
china,China exports,XTEITT01CNM156S,International Trade: Ratio: Exports to Imports: Total for China,Monthly,Percent,Seasonally Adjusted,1992-01-01,2023-10-01,19,"OECD Descriptor ID: XTEITT01
OECD unit ID: PC
OECD country ID: CHN

All OECD data should be cited as follows: OECD, ""Main Economic Indicators - complete database"", Main Economic Indicators (database), https://dx.doi.org/10.1787/data-00052-en (Accessed on date) Copyright, 2016, OECD. Reprinted with permission"
china,China exports,XTEXVA01CNM664S,International Merchandise Trade Statistics: Exports: Commodities for China,Monthly,Yuan Renminbi,Seasonally Adjusted,1992-01-01,2026-06-01,17,"OECD Data Filters: 
REF_AREA: CHN
COUNTERPART_AREA: W
UNIT_MEASURE: XDC
TRADE_FLOW: X
PRODUCT_TYPE: C
ADJUSTMENT: Y
TRANSFORMATION: N
FREQ: M

All OECD data should be cited as follows: OECD (year), (dataset name), (data source) DOI or https://data-explorer.oecd.org/ (https://data-explorer.oecd.org/). (accessed on (date))."
china,China exports,XTEXVA01CNM667N,International Merchandise Trade Statistics: Exports: Commodities for China,Monthly,"US dollars, exchange rate converted",Not Seasonally Adjusted,1992-01-01,2026-06-01,8,"OECD Data Filters: 
REF_AREA: CHN
COUNTERPART_AREA: W
UNIT_MEASURE: USD_EXC
TRADE_FLOW: X
PRODUCT_TYPE: C
ADJUSTMENT: N
TRANSFORMATION: N
FREQ: M

All OECD data should be cited as follows: OECD (year), (dataset name), (data source) DOI or https://data-explorer.oecd.org/ (https://data-explorer.oecd.org/). (accessed on (date))."
china,China exports,XTEXVA01CNQ664S,International Merchandise Trade Statistics: Exports: Commodities for China,Quarterly,Yuan Renminbi,Seasonally Adjusted,1992-01-01,2026-04-01,5,"OECD Data Filters: 
REF_AREA: CHN
COUNTERPART_AREA: W
UNIT_MEASURE: XDC
TRADE_FLOW: X
PRODUCT_TYPE: C
ADJUSTMENT: Y
TRANSFORMATION: N
FREQ: Q

All OECD data should be cited as follows: OECD (year), (dataset name), (data source) DOI or https://data-explorer.oecd.org/ (https://data-explorer.oecd.org/). (accessed on (date))."
china,China exports,XTEXVA01CNM657S,International Merchandise Trade Statistics: Exports: Commodities for China,Monthly,Growth rate previous period,Seasonally Adjusted,1992-02-01,2026-06-01,4,"OECD Data Filters: 
REF_AREA: CHN
COUNTERPART_AREA: W
UNIT_MEASURE: PC
TRADE_FLOW: X
PRODUCT_TYPE: C
ADJUSTMENT: Y
TRANSFORMATION: G1
FREQ: M

All OECD data should be cited as follows: OECD (year), (dataset name), (data source) DOI or https://data-explorer.oecd.org/ (https://data-explorer.oecd.org/). (accessed on (date))."
china,China exports,XTEXVA01CNQ667N,International Merchandise Trade Statistics: Exports: Commodities for China,Quarterly,"US dollars, exchange rate converted",Not Seasonally Adjusted,1992-01-01,2026-04-01,4,"OECD Data Filters: 
REF_AREA: CHN
COUNTERPART_AREA: W
UNIT_MEASURE: USD_EXC
TRADE_FLOW: X
PRODUCT_TYPE: C
ADJUSTMENT: N
TRANSFORMATION: N
FREQ: Q

All OECD data should be cited as follows: OECD (year), (dataset name), (data source) DOI or https://data-explorer.oecd.org/ (https://data-explorer.oecd.org/). (accessed on (date))."
china,China exports,XTEXVA01CNQ667S,International Merchandise Trade Statistics: Exports: Commodities for China,Quarterly,"US dollars, exchange rate converted",Seasonally Adjusted,1992-01-01,2026-04-01,4,"OECD Data Filters: 
REF_AREA: CHN
COUNTERPART_AREA: W
UNIT_MEASURE: USD_EXC
TRADE_FLOW: X
PRODUCT_TYPE: C
ADJUSTMENT: Y
TRANSFORMATION: N
FREQ: Q

All OECD data should be cited as follows: OECD (year), (dataset name), (data source) DOI or https://data-explorer.oecd.org/ (https://data-explorer.oecd.org/). (accessed on (date))."
china,China exports,XTEXVA01CNM659S,International Merchandise Trade Statistics: Exports: Commodities for China,Monthly,Growth rate same period previous year,Seasonally Adjusted,1993-01-01,2026-06-01,4,"OECD Data Filters: 
REF_AREA: CHN
COUNTERPART_AREA: W
UNIT_MEASURE: PC
TRADE_FLOW: X
PRODUCT_TYPE: C
ADJUSTMENT: Y
TRANSFORMATION: GY
FREQ: M

All OECD data should be cited as follows: OECD (year), (dataset name), (data source) DOI or https://data-explorer.oecd.org/ (https://data-explorer.oecd.org/). (accessed on (date))."
china,China exports,CHNXTEXVA01NCMLM,International Merchandise Trade Statistics: Exports: Commodities for China,Monthly,Yuan Renminbi,Not Seasonally Adjusted,1992-01-01,2026-06-01,3,"OECD Data Filters: 
REF_AREA: CHN
COUNTERPART_AREA: W
UNIT_MEASURE: XDC
TRADE_FLOW: X
PRODUCT_TYPE: C
ADJUSTMENT: N
TRANSFORMATION: N
FREQ: M

All OECD data should be cited as follows: OECD (year), (dataset name), (data source) DOI or https://data-explorer.oecd.org/ (https://data-explorer.oecd.org/). (accessed on (date))."
china,China exports,XTEXVA01CNA664S,International Merchandise Trade Statistics: Exports: Commodities for China,Annual,Yuan Renminbi,Seasonally Adjusted,1992-01-01,2025-01-01,2,"OECD Data Filters: 
REF_AREA: CHN
COUNTERPART_AREA: W
UNIT_MEASURE: XDC
TRADE_FLOW: X
PRODUCT_TYPE: C
ADJUSTMENT: Y
TRANSFORMATION: N
FREQ: A

All OECD data should be cited as follows: OECD (year), (dataset name), (data source) DOI or https://data-explorer.oecd.org/ (https://data-explorer.oecd.org/). (accessed on (date))."
china,China exports,XTEXVA01CNA657S,International Merchandise Trade Statistics: Exports: Commodities for China,Annual,Growth rate previous period,Seasonally Adjusted,1993-01-01,2025-01-01,2,"OECD Data Filters: 
REF_AREA: CHN
COUNTERPART_AREA: W
UNIT_MEASURE: PC
TRADE_FLOW: X
PRODUCT_TYPE: C
ADJUSTMENT: Y
TRANSFORMATION: G1
FREQ: A

All OECD data should be cited as follows: OECD (year), (dataset name), (data source) DOI or https://data-explorer.oecd.org/ (https://data-explorer.oecd.org/). (accessed on (date))."
china,China exports,XTEXVA01CNQ657S,International Merchandise Trade Statistics: Exports: Commodities for China,Quarterly,Growth rate previous period,Seasonally Adjusted,1992-04-01,2026-04-01,2,"OECD Data Filters: 
REF_AREA: CHN
COUNTERPART_AREA: W
UNIT_MEASURE: PC
TRADE_FLOW: X
PRODUCT_TYPE: C
ADJUSTMENT: Y
TRANSFORMATION: G1
FREQ: Q

All OECD data should be cited as follows: OECD (year), (dataset name), (data source) DOI or https://data-explorer.oecd.org/ (https://data-explorer.oecd.org/). (accessed on (date))."
china,China exports,XTEXVA01CNA667N,International Merchandise Trade Statistics: Exports: Commodities for China,Annual,"US dollars, exchange rate converted",Not Seasonally Adjusted,1992-01-01,2025-01-01,2,"OECD Data Filters: 
REF_AREA: CHN
COUNTERPART_AREA: W
UNIT_MEASURE: USD_EXC
TRADE_FLOW: X
PRODUCT_TYPE: C
ADJUSTMENT: N
TRANSFORMATION: N
FREQ: A

All OECD data should be cited as follows: OECD (year), (dataset name), (data source) DOI or https://data-explorer.oecd.org/ (https://data-explorer.oecd.org/). (accessed on (date))."
china,China exports,XTEXVA01CNA667S,International Merchandise Trade Statistics: Exports: Commodities for China,Annual,"US dollars, exchange rate converted",Seasonally Adjusted,1992-01-01,2025-01-01,2,"OECD Data Filters: 
REF_AREA: CHN
COUNTERPART_AREA: W
UNIT_MEASURE: USD_EXC
TRADE_FLOW: X
PRODUCT_TYPE: C
ADJUSTMENT: Y
TRANSFORMATION: N
FREQ: A

All OECD data should be cited as follows: OECD (year), (dataset name), (data source) DOI or https://data-explorer.oecd.org/ (https://data-explorer.oecd.org/). (accessed on (date))."
china,China exports,XTEITT01CNQ156S,International Trade: Ratio: Exports to Imports: Total for China,Quarterly,Percent,Seasonally Adjusted,1992-01-01,2023-07-01,2,"OECD Descriptor ID: XTEITT01
OECD unit ID: PC
OECD country ID: CHN

All OECD data should be cited as follows: OECD, ""Main Economic Indicators - complete database"", Main Economic Indicators (database), https://dx.doi.org/10.1787/data-00052-en (Accessed on date) Copyright, 2016, OECD. Reprinted with permission"
china,China exports,CHNXTEXVA01NCMLQ,International Merchandise Trade Statistics: Exports: Commodities for China,Quarterly,Yuan Renminbi,Not Seasonally Adjusted,1992-01-01,2026-04-01,1,"OECD Data Filters: 
REF_AREA: CHN
COUNTERPART_AREA: W
UNIT_MEASURE: XDC
TRADE_FLOW: X
PRODUCT_TYPE: C
ADJUSTMENT: N
TRANSFORMATION: N
FREQ: Q

All OECD data should be cited as follows: OECD (year), (dataset name), (data source) DOI or https://data-explorer.oecd.org/ (https://data-explorer.oecd.org/). (accessed on (date))."
china,China exports,XTEXVA01CNA659S,International Merchandise Trade Statistics: Exports: Commodities for China,Annual,Growth rate same period previous year,Seasonally Adjusted,1993-01-01,2025-01-01,1,"OECD Data Filters: 
REF_AREA: CHN
COUNTERPART_AREA: W
UNIT_MEASURE: PC
TRADE_FLOW: X
PRODUCT_TYPE: C
ADJUSTMENT: Y
TRANSFORMATION: GY
FREQ: A

All OECD data should be cited as follows: OECD (year), (dataset name), (data source) DOI or https://data-explorer.oecd.org/ (https://data-explorer.oecd.org/). (accessed on (date))."
china,China exports,XTEXVA01CNQ659S,International Merchandise Trade Statistics: Exports: Commodities for China,Quarterly,Growth rate same period previous year,Seasonally Adjusted,1993-01-01,2026-04-01,1,"OECD Data Filters: 
REF_AREA: CHN
COUNTERPART_AREA: W
UNIT_MEASURE: PC
TRADE_FLOW: X
PRODUCT_TYPE: C
ADJUSTMENT: Y
TRANSFORMATION: GY
FREQ: Q

All OECD data should be cited as follows: OECD (year), (dataset name), (data source) DOI or https://data-explorer.oecd.org/ (https://data-explorer.oecd.org/). (accessed on (date))."
china,China industrial production,CHNPRINTO01IXPYM,Production: Industry: Total Industry Excluding Construction for China,Monthly,Index same period previous year = 100,Not Seasonally Adjusted,1999-01-01,2023-11-01,28,"OECD Descriptor ID: PRINTO01
OECD unit ID: IDX
OECD country ID: CHN

All OECD data should be cited as follows: OECD, ""Main Economic Indicators - complete database"", Main Economic Indicators (database), https://dx.doi.org/10.1787/data-00052-en (Accessed on date) Copyright, 2016, OECD. Reprinted with permission"
china,China industrial production,PRINTO01CNQ663N,Production: Industry: Total Industry Excluding Construction for China,Quarterly,Index same period previous year = 100,Not Seasonally Adjusted,1999-01-01,2023-07-01,13,"OECD Descriptor ID: PRINTO01
OECD unit ID: IDX
OECD country ID: CHN

All OECD data should be cited as follows: OECD, ""Main Economic Indicators - complete database"", Main Economic Indicators (database), https://dx.doi.org/10.1787/data-00052-en (Accessed on date) Copyright, 2016, OECD. Reprinted with permission"
china,China industrial production,OECDNMERECDM,OECD based Recession Indicators for OECD and Non-member Economies from the Peak through the Trough (DISCONTINUED),"Daily, 7-Day",+1 or 0,Not Seasonally Adjusted,1960-02-01,2022-02-28,12,"This time series is an interpretation of Organisation of Economic Development (OECD) Composite Leading Indicators: Reference Turning Points and Component Series data, which can be found at http://www.oecd.org/std/leading-indicators/oecdcompositeleadingindicatorsreferenceturningpointsandcomponentseries.htm. The OECD identifies months of turning points without designating a date within the month that turning points occurred. The dummy variable adopts an arbitrary convention that the turning point occurred at a specific date within the month. The arbitrary convention does not reflect any judgment on this issue by the OECD. Our time series is composed of dummy variables that represent periods of expansion and recession. A value of 1 is a recessionary period, while a value of 0 is an expansionary period. For this time series, the recession begins on the 15th day of the month of the peak and ends on the 15th day of the month of the trough. This time series is a disaggregation of the monthly series. For more options on recession shading, see the note and links below.

The recession shading data that we provide initially comes from the source as a list of dates that are either an economic peak or trough. We interpret dates into recession shading data using one of three arbitrary methods. All of our recession shading data is available using all three interpretations. The period between a peak and trough is always shaded as a recession. The peak and trough are collectively extrema. Depending on the application, the extrema, both individually and collectively, may be included in the recession period in whole or in part. In situations where a portion of a period is included in the recession, the whole period is deemed to be included in the recession period.

The first interpretation, known as the midpoint method, is to show a recession from the midpoint of the peak through the midpoint of the trough for monthly and quarterly data. For daily data, the recession begins on the 15th of the month of the peak and ends on the 15th of the month of the trough. Daily data is a disaggregation of monthly data. For monthly and quarterly data, the entire peak and trough periods are included in the recession shading. This method shows the maximum number of periods as a recession for monthly and quarterly data. The Federal Reserve Bank of St. Louis uses this method in its own publications. The midpoint method is used for this series.

The second interpretation, known as the trough method, is to show a recession from the period following the peak through the trough (i.e. the peak is not included in the recession shading, but the trough is). For daily data, the recession begins on the first day of the first month following the peak and ends on the last day of the month of the trough. Daily data is a disaggregation of monthly data. The trough method is used when displaying data on FRED graphs. A version of this time series represented using the trough method can be found at:

https://fred.stlouisfed.org/series/OECDNMERECD

The third interpretation, known as the peak method, is to show a recession from the period of the peak to the trough (i.e. the peak is included in the recession shading, but the trough is not). For daily data, the recession begins on the first day of the month of the peak and ends on the last day of the month preceding the trough. Daily data is a disaggregation of monthly data. A version of this time series represented using the peak method can be found at:

https://fred.stlouisfed.org/series/OECDNMERECDP

The OECD CLI system is based on the ""growth cycle"" approach, where business cycles and turning points are measured and identified in the deviation-from-trend series. The main reference series used in the OECD CLI system for the majority of countries is industrial production (IIP) covering all industry sectors excluding construction. This series is used because of its cyclical sensitivity and monthly availability, while the broad based Gross Domestic Product (GDP) is used to supplement the IIP series for identification of the final reference turning points in the growth cycle.

Zones aggregates of the CLIs and the reference series are calculated as weighted averages of the corresponding zone member series (i.e. CLIs and IIPs).

Up to December 2008 the turning points chronologies shown for regional/zone area aggregates or individual countries are determined by the rules established by the National Bureau of Economic Research (NBER) in the United States, which have been formalized and incorporated in a computer routine (Bry and Boschan) and included in the Phase-Average Trend (PAT) de-trending procedure. Starting from December 2008 the turning point detection algorithm is decoupled from the de-trending procedure, and is a simplified version of the original Bry and Boschan routine. (The routine parses local minima and maxima in the cycle series and applies censor rules to guarantee alternating peaks and troughs, as well as phase and cycle length constraints.)

The components of the CLI are time series which exhibit leading relationship with the reference series (IIP) at turning points. Country CLIs are compiled by combining de-trended smoothed and normalized components. The component series for each country are selected based on various criteria such as economic significance; cyclical behavior; data quality; timeliness and availability.

The OECD and Non-member economies covers the following 35 countries: Australia, Austria, Belgium, Brazil, Canada, China, Czech Republic, Denmark, Finland, France, Germany, Greece, Hungary, India, Indonesia, Ireland, Italy, Japan, Korea, Luxembourg, Mexico, Netherlands, New Zealand, Norway, Poland, Portugal, Russian Federation, Slovak Republic, Spain, South Africa, Sweden, Switzerland, Turkey, United Kingdom and United States.

OECD data should be cited as follows: OECD Composite Leading Indicators, ""Composite Leading Indicators: Reference Turning Points and Component Series"", http://www.oecd.org/std/leading-indicators/oecdcompositeleadingindicatorsreferenceturningpointsandcomponentseries.htm (Accessed on date)"
china,China industrial production,PRCNTO01CNQ661S,"Production, Sales, Work Started and Orders: Production Volume: Economic Activity: Construction for China",Quarterly,Index 2015=100,Seasonally Adjusted,1996-01-01,2024-01-01,11,"OECD Data Filters: 
REF_AREA: CHN
MEASURE: PRVM
UNIT_MEASURE: IX
ACTIVITY: F
ADJUSTMENT: Y
TRANSFORMATION: _Z
TIME_HORIZ: _Z
METHODOLOGY: N
FREQ: Q

All OECD data should be cited as follows: OECD (year), (dataset name), (data source) DOI or https://data-explorer.oecd.org/ (https://data-explorer.oecd.org/). (accessed on (date))."
china,China industrial production,CHNRECM,OECD based Recession Indicators for China from the Peak through the Trough (DISCONTINUED),Monthly,+1 or 0,Not Seasonally Adjusted,1978-01-01,2022-09-01,8,"This time series is an interpretation of Organisation of Economic Development (OECD) Composite Leading Indicators: Reference Turning Points and Component Series data, which can be found at http://www.oecd.org/std/leading-indicators/oecdcompositeleadingindicatorsreferenceturningpointsandcomponentseries.htm. The OECD identifies months of turning points without designating a date within the month that turning points occurred. The dummy variable adopts an arbitrary convention that the turning point occurred at a specific date within the month. The arbitrary convention does not reflect any judgment on this issue by the OECD. Our time series is composed of dummy variables that represent periods of expansion and recession. A value of 1 is a recessionary period, while a value of 0 is an expansionary period. For this time series, the recession begins midpoint of the period of the peak and ends midpoint of the period of the trough. Therefore, the recession period includes the entire period of both peak and trough. For more options on recession shading, see the notes and links below.

The recession shading data that we provide initially comes from the source as a list of dates that are either an economic peak or trough. We interpret dates into recession shading data using one of three arbitrary methods. All of our recession shading data is available using all three interpretations. The period between a peak and trough is always shaded as a recession. The peak and trough are collectively extrema. Depending on the application, the extrema, both individually and collectively, may be included in the recession period in whole or in part. In situations where a portion of a period is included in the recession, the whole period is deemed to be included in the recession period.

The first interpretation, known as the midpoint method, is to show a recession from the midpoint of the peak through the midpoint of the trough for monthly and quarterly data. For daily data, the recession begins on the 15th of the month of the peak and ends on the 15th of the month of the trough. Daily data is a disaggregation of monthly data. For monthly and quarterly data, the entire peak and trough periods are included in the recession shading. This method shows the maximum number of periods as a recession for monthly and quarterly data. The Federal Reserve Bank of St. Louis uses this method in its own publications. The midpoint method is used for this series.

The second interpretation, known as the trough method, is to show a recession from the period following the peak through the trough (i.e. the peak is not included in the recession shading, but the trough is). For daily data, the recession begins on the first day of the first month following the peak and ends on the last day of the month of the trough. Daily data is a disaggregation of monthly data. The trough method is used when displaying data on FRED graphs. A version of this time series represented using the trough method can be found at:

https://fred.stlouisfed.org/series/CHNREC

The third interpretation, known as the peak method, is to show a recession from the period of the peak to the trough (i.e. the peak is included in the recession shading, but the trough is not). For daily data, the recession begins on the first day of the month of the peak and ends on the last day of the month preceding the trough. Daily data is a disaggregation of monthly data. A version of this time series represented using the peak method can be found at:

https://fred.stlouisfed.org/series/CHNRECP

The OECD CLI system is based on the ""growth cycle"" approach, where business cycles and turning points are measured and identified in the deviation-from-trend series. The main reference series used in the OECD CLI system for the majority of countries is industrial production (IIP) covering all industry sectors excluding construction. This series is used because of its cyclical sensitivity and monthly availability, while the broad based Gross Domestic Product (GDP) is used to supplement the IIP series for identification of the final reference turning points in the growth cycle.

Zones aggregates of the CLIs and the reference series are calculated as weighted averages of the corresponding zone member series (i.e. CLIs and IIPs).

Up to December 2008 the turning points chronologies shown for regional/zone area aggregates or individual countries are determined by the rules established by the National Bureau of Economic Research (NBER) in the United States, which have been formalized and incorporated in a computer routine (Bry and Boschan) and included in the Phase-Average Trend (PAT) de-trending procedure. Starting from December 2008 the turning point detection algorithm is decoupled from the de-trending procedure, and is a simplified version of the original Bry and Boschan routine. (The routine parses local minima and maxima in the cycle series and applies censor rules to guarantee alternating peaks and troughs, as well as phase and cycle length constraints.)

The components of the CLI are time series which exhibit leading relationship with the reference series (IIP) at turning points. Country CLIs are compiled by combining de-trended smoothed and normalized components. The component series for each country are selected based on various criteria such as economic significance; cyclical behavior; data quality; timeliness and availability.

OECD data should be cited as follows: OECD Composite Leading Indicators, ""Composite Leading Indicators: Reference Turning Points and Component Series"", http://www.oecd.org/std/leading-indicators/oecdcompositeleadingindicatorsreferenceturningpointsandcomponentseries.htm (Accessed on date)"
china,China industrial production,PRINTO01CNA663N,Production: Industry: Total Industry Excluding Construction for China,Annual,Index same period previous year = 100,Not Seasonally Adjusted,1999-01-01,2017-01-01,3,"OECD Descriptor ID: PRINTO01
OECD unit ID: IDX
OECD country ID: CHN

All OECD data should be cited as follows: OECD, ""Main Economic Indicators - complete database"", Main Economic Indicators (database), https://dx.doi.org/10.1787/data-00052-en (Accessed on date) Copyright, 2016, OECD. Reprinted with permission"
china,China industrial production,CHNRECDM,OECD based Recession Indicators for China from the Peak through the Trough (DISCONTINUED),"Daily, 7-Day",+1 or 0,Not Seasonally Adjusted,1978-01-01,2022-09-30,3,"This time series is an interpretation of Organisation of Economic Development (OECD) Composite Leading Indicators: Reference Turning Points and Component Series data, which can be found at http://www.oecd.org/std/leading-indicators/oecdcompositeleadingindicatorsreferenceturningpointsandcomponentseries.htm. The OECD identifies months of turning points without designating a date within the month that turning points occurred. The dummy variable adopts an arbitrary convention that the turning point occurred at a specific date within the month. The arbitrary convention does not reflect any judgment on this issue by the OECD. Our time series is composed of dummy variables that represent periods of expansion and recession. A value of 1 is a recessionary period, while a value of 0 is an expansionary period. For this time series, the recession begins on the 15th day of the month of the peak and ends on the 15th day of the month of the trough. This time series is a disaggregation of the monthly series. For more options on recession shading, see the note and links below.

The recession shading data that we provide initially comes from the source as a list of dates that are either an economic peak or trough. We interpret dates into recession shading data using one of three arbitrary methods. All of our recession shading data is available using all three interpretations. The period between a peak and trough is always shaded as a recession. The peak and trough are collectively extrema. Depending on the application, the extrema, both individually and collectively, may be included in the recession period in whole or in part. In situations where a portion of a period is included in the recession, the whole period is deemed to be included in the recession period.

The first interpretation, known as the midpoint method, is to show a recession from the midpoint of the peak through the midpoint of the trough for monthly and quarterly data. For daily data, the recession begins on the 15th of the month of the peak and ends on the 15th of the month of the trough. Daily data is a disaggregation of monthly data. For monthly and quarterly data, the entire peak and trough periods are included in the recession shading. This method shows the maximum number of periods as a recession for monthly and quarterly data. The Federal Reserve Bank of St. Louis uses this method in its own publications. The midpoint method is used for this series.

The second interpretation, known as the trough method, is to show a recession from the period following the peak through the trough (i.e. the peak is not included in the recession shading, but the trough is). For daily data, the recession begins on the first day of the first month following the peak and ends on the last day of the month of the trough. Daily data is a disaggregation of monthly data. The trough method is used when displaying data on FRED graphs. A version of this time series represented using the trough method can be found at:

https://fred.stlouisfed.org/series/CHNRECD

The third interpretation, known as the peak method, is to show a recession from the period of the peak to the trough (i.e. the peak is included in the recession shading, but the trough is not). For daily data, the recession begins on the first day of the month of the peak and ends on the last day of the month preceding the trough. Daily data is a disaggregation of monthly data. A version of this time series represented using the peak method can be found at:

https://fred.stlouisfed.org/series/CHNRECDP

The OECD CLI system is based on the ""growth cycle"" approach, where business cycles and turning points are measured and identified in the deviation-from-trend series. The main reference series used in the OECD CLI system for the majority of countries is industrial production (IIP) covering all industry sectors excluding construction. This series is used because of its cyclical sensitivity and monthly availability, while the broad based Gross Domestic Product (GDP) is used to supplement the IIP series for identification of the final reference turning points in the growth cycle.

Zones aggregates of the CLIs and the reference series are calculated as weighted averages of the corresponding zone member series (i.e. CLIs and IIPs).

Up to December 2008 the turning points chronologies shown for regional/zone area aggregates or individual countries are determined by the rules established by the National Bureau of Economic Research (NBER) in the United States, which have been formalized and incorporated in a computer routine (Bry and Boschan) and included in the Phase-Average Trend (PAT) de-trending procedure. Starting from December 2008 the turning point detection algorithm is decoupled from the de-trending procedure, and is a simplified version of the original Bry and Boschan routine. (The routine parses local minima and maxima in the cycle series and applies censor rules to guarantee alternating peaks and troughs, as well as phase and cycle length constraints.)

The components of the CLI are time series which exhibit leading relationship with the reference series (IIP) at turning points. Country CLIs are compiled by combining de-trended smoothed and normalized components. The component series for each country are selected based on various criteria such as economic significance; cyclical behavior; data quality; timeliness and availability.

OECD data should be cited as follows: OECD Composite Leading Indicators, ""Composite Leading Indicators: Reference Turning Points and Component Series"", http://www.oecd.org/std/leading-indicators/oecdcompositeleadingindicatorsreferenceturningpointsandcomponentseries.htm (Accessed on date)"
china,China industrial production,PRCNTO01CNA661S,"Production, Sales, Work Started and Orders: Production Volume: Economic Activity: Construction for China",Annual,Index 2015=100,Seasonally Adjusted,1996-01-01,2023-01-01,2,"OECD Data Filters: 
REF_AREA: CHN
MEASURE: PRVM
UNIT_MEASURE: IX
ACTIVITY: F
ADJUSTMENT: Y
TRANSFORMATION: _Z
TIME_HORIZ: _Z
METHODOLOGY: N
FREQ: A

All OECD data should be cited as follows: OECD (year), (dataset name), (data source) DOI or https://data-explorer.oecd.org/ (https://data-explorer.oecd.org/). (accessed on (date))."
china,China industrial production,PRCNTO01CNQ657S,Total Construction for China (DISCONTINUED),Quarterly,Growth Rate Previous Period,Seasonally Adjusted,1996-04-01,2013-10-01,2,"OECD descriptor ID: PRCNTO01
OECD unit ID: GPSA
OECD country ID: CHN

All OECD data should be cited as follows: OECD, ""Main Economic Indicators - complete database"", Main Economic Indicators (database),http://dx.doi.org/10.1787/data-00052-en (Accessed on date)
Copyright, 2016, OECD. Reprinted with permission."
china,China industrial production,OECDNMERECD,OECD based Recession Indicators for OECD and Non-member Economies from the Period following the Peak through the Trough (DISCONTINUED),"Daily, 7-Day",+1 or 0,Not Seasonally Adjusted,1960-02-01,2022-02-28,2,"This time series is an interpretation of Organisation of Economic Development (OECD) Composite Leading Indicators: Reference Turning Points and Component Series data, which can be found at http://www.oecd.org/std/leading-indicators/oecdcompositeleadingindicatorsreferenceturningpointsandcomponentseries.htm. The OECD identifies months of turning points without designating a date within the month that turning points occurred. The dummy variable adopts an arbitrary convention that the turning point occurred at a specific date within the month. The arbitrary convention does not reflect any judgment on this issue by the OECD. Our time series is composed of dummy variables that represent periods of expansion and recession. A value of 1 is a recessionary period, while a value of 0 is an expansionary period. For this time series, the recession begins the first day of the period following a peak and ends on the last day of the period of the trough. For more options on recession shading, see the notes and links below.

The recession shading data that we provide initially comes from the source as a list of dates that are either an economic peak or trough. We interpret dates into recession shading data using one of three arbitrary methods. All of our recession shading data is available using all three interpretations. The period between a peak and trough is always shaded as a recession. The peak and trough are collectively extrema. Depending on the application, the extrema, both individually and collectively, may be included in the recession period in whole or in part. In situations where a portion of a period is included in the recession, the whole period is deemed to be included in the recession period.

The first interpretation, known as the midpoint method, is to show a recession from the midpoint of the peak through the midpoint of the trough for monthly and quarterly data. For daily data, the recession begins on the 15th of the month of the peak and ends on the 15th of the month of the trough. Daily data is a disaggregation of monthly data. For monthly and quarterly data, the entire peak and trough periods are included in the recession shading. This method shows the maximum number of periods as a recession for monthly and quarterly data. The Federal Reserve Bank of St. Louis uses this method in its own publications. A version of this time series represented using the midpoint method can be found at:

https://fred.stlouisfed.org/series/OECDNMERECDM

The second interpretation, known as the trough method, is to show a recession from the period following the peak through the trough (i.e. the peak is not included in the recession shading, but the trough is). For daily data, the recession begins on the first day of the first month following the peak and ends on the last day of the month of the trough. Daily data is a disaggregation of monthly data. The trough method is used when displaying data on FRED graphs. The trough method is used for this series.

The third interpretation, known as the peak method, is to show a recession from the period of the peak to the trough (i.e. the peak is included in the recession shading, but the trough is not). For daily data, the recession begins on the first day of the month of the peak and ends on the last day of the month preceding the trough. Daily data is a disaggregation of monthly data. A version of this time series represented using the peak method can be found at:

https://fred.stlouisfed.org/series/OECDNMERECDP

The OECD CLI system is based on the ""growth cycle"" approach, where business cycles and turning points are measured and identified in the deviation-from-trend series. The main reference series used in the OECD CLI system for the majority of countries is industrial production (IIP) covering all industry sectors excluding construction. This series is used because of its cyclical sensitivity and monthly availability, while the broad based Gross Domestic Product (GDP) is used to supplement the IIP series for identification of the final reference turning points in the growth cycle.

Zones aggregates of the CLIs and the reference series are calculated as weighted averages of the corresponding zone member series (i.e. CLIs and IIPs).

Up to December 2008 the turning points chronologies shown for regional/zone area aggregates or individual countries are determined by the rules established by the National Bureau of Economic Research (NBER) in the United States, which have been formalized and incorporated in a computer routine (Bry and Boschan) and included in the Phase-Average Trend (PAT) de-trending procedure. Starting from December 2008 the turning point detection algorithm is decoupled from the de-trending procedure, and is a simplified version of the original Bry and Boschan routine. (The routine parses local minima and maxima in the cycle series and applies censor rules to guarantee alternating peaks and troughs, as well as phase and cycle length constraints.)

The components of the CLI are time series which exhibit leading relationship with the reference series (IIP) at turning points. Country CLIs are compiled by combining de-trended smoothed and normalized components. The component series for each country are selected based on various criteria such as economic significance; cyclical behavior; data quality; timeliness and availability.

The OECD and Non-member economies covers the following 35 countries: Australia, Austria, Belgium, Brazil, Canada, China, Czech Republic, Denmark, Finland, France, Germany, Greece, Hungary, India, Indonesia, Ireland, Italy, Japan, Korea, Luxembourg, Mexico, Netherlands, New Zealand, Norway, Poland, Portugal, Russian Federation, Slovak Republic, Spain, South Africa, Sweden, Switzerland, Turkey, United Kingdom and United States.

OECD data should be cited as follows: OECD Composite Leading Indicators, ""Composite Leading Indicators: Reference Turning Points and Component Series"", http://www.oecd.org/std/leading-indicators/oecdcompositeleadingindicatorsreferenceturningpointsandcomponentseries.htm (Accessed on date)"
china,China industrial production,OECDNMEREC,OECD based Recession Indicators for OECD and Non-member Economies from the Period following the Peak through the Trough (DISCONTINUED),Monthly,+1 or 0,Not Seasonally Adjusted,1960-02-01,2022-02-01,2,"This time series is an interpretation of Organisation of Economic Development (OECD) Composite Leading Indicators: Reference Turning Points and Component Series data provided by the OECD at http://www.oecd.org/std/leading-indicators/oecdcompositeleadingindicatorsreferenceturningpointsandcomponentseries.htm. The OECD identifies months of turning points without designating a date within the month that turning points occurred. The dummy variable adopts an arbitrary convention that the turning point occurred at a specific date within the month. The arbitrary convention does not reflect any judgment on this issue by the OECD. Our time series is composed of dummy variables that represent periods of expansion and recession. A value of 1 is a recessionary period, while a value of 0 is an expansionary period. For this time series, the recession begins the first day of the period following a peak and ends on the last day of the period of the trough. For more options on recession shading, see the notes and links below.

The recession shading data that we provide initially comes from the source as a list of dates that are either an economic peak or trough. We interpret dates into recession shading data using one of three arbitrary methods. All of our recession shading data is available using all three interpretations. The period between a peak and trough is always shaded as a recession. The peak and trough are collectively extrema. Depending on the application, the extrema, both individually and collectively, may be included in the recession period in whole or in part. In situations where a portion of a period is included in the recession, the whole period is deemed to be included in the recession period.

The first interpretation, known as the midpoint method, is to show a recession from the midpoint of the peak through the midpoint of the trough for monthly and quarterly data. For daily data, the recession begins on the 15th of the month of the peak and ends on the 15th of the month of the trough. Daily data is a disaggregation of monthly data. For monthly and quarterly data, the entire peak and trough periods are included in the recession shading. This method shows the maximum number of periods as a recession for monthly and quarterly data. The Federal Reserve Bank of St. Louis uses this method in its own publications. A version of this time series represented using the midpoint method can be found at:

https://fred.stlouisfed.org/series/OECDNMERECM

The second interpretation, known as the trough method, is to show a recession from the period following the peak through the trough (i.e. the peak is not included in the recession shading, but the trough is). For daily data, the recession begins on the first day of the first month following the peak and ends on the last day of the month of the trough. Daily data is a disaggregation of monthly data. The trough method is used when displaying data on FRED graphs. The trough method is used for this series.

The third interpretation, known as the peak method, is to show a recession from the period of the peak to the trough (i.e. the peak is included in the recession shading, but the trough is not). For daily data, the recession begins on the first day of the month of the peak and ends on the last day of the month preceding the trough. Daily data is a disaggregation of monthly data. A version of this time series represented using the peak method can be found at:

https://fred.stlouisfed.org/series/OECDNMERECP

The OECD CLI system is based on the ""growth cycle"" approach, where business cycles and turning points are measured and identified in the deviation-from-trend series. The main reference series used in the OECD CLI system for the majority of countries is industrial production (IIP) covering all industry sectors excluding construction. This series is used because of its cyclical sensitivity and monthly availability, while the broad based Gross Domestic Product (GDP) is used to supplement the IIP series for identification of the final reference turning points in the growth cycle.

Zones aggregates of the CLIs and the reference series are calculated as weighted averages of the corresponding zone member series (i.e. CLIs and IIPs).

Up to December 2008 the turning points chronologies shown for regional/zone area aggregates or individual countries are determined by the rules established by the National Bureau of Economic Research (NBER) in the United States, which have been formalized and incorporated in a computer routine (Bry and Boschan) and included in the Phase-Average Trend (PAT) de-trending procedure. Starting from December 2008 the turning point detection algorithm is decoupled from the de-trending procedure, and is a simplified version of the original Bry and Boschan routine. (The routine parses local minima and maxima in the cycle series and applies censor rules to guarantee alternating peaks and troughs, as well as phase and cycle length constraints.)

The components of the CLI are time series which exhibit leading relationship with the reference series (IIP) at turning points. Country CLIs are compiled by combining de-trended smoothed and normalized components. The component series for each country are selected based on various criteria such as economic significance; cyclical behavior; data quality; timeliness and availability.

The OECD and Non-member economies covers the following 35 countries: Australia, Austria, Belgium, Brazil, Canada, China, Czech Republic, Denmark, Finland, France, Germany, Greece, Hungary, India, Indonesia, Ireland, Italy, Japan, Korea, Luxembourg, Mexico, Netherlands, New Zealand, Norway, Poland, Portugal, Russian Federation, Slovak Republic, Spain, South Africa, Sweden, Switzerland, Turkey, United Kingdom and United States.

OECD data should be cited as follows: OECD Composite Leading Indicators, ""Composite Leading Indicators: Reference Turning Points and Component Series"", http://www.oecd.org/std/leading-indicators/oecdcompositeleadingindicatorsreferenceturningpointsandcomponentseries.htm (Accessed on date)"
china,China industrial production,CHNRECDP,OECD based Recession Indicators for China from the Peak through the Period preceding the Trough (DISCONTINUED),"Daily, 7-Day",+1 or 0,Not Seasonally Adjusted,1978-01-01,2022-09-30,2,"This time series is an interpretation of Organisation of Economic Development (OECD) Composite Leading Indicators: Reference Turning Points and Component Series data, which can be found at http://www.oecd.org/std/leading-indicators/oecdcompositeleadingindicatorsreferenceturningpointsandcomponentseries.htm. The OECD identifies months of turning points without designating a date within the month that turning points occurred. The dummy variable adopts an arbitrary convention that the turning point occurred at a specific date within the month. The arbitrary convention does not reflect any judgment on this issue by the OECD. Our time series is composed of dummy variables that represent periods of expansion and recession. A value of 1 is a recessionary period, while a value of 0 is an expansionary period. For this time series, the recession begins the first day of the period of the peak and ends on the last day of the period before the trough. For more options on recession shading, see the notes and links below.

The recession shading data that we provide initially comes from the source as a list of dates that are either an economic peak or trough. We interpret dates into recession shading data using one of three arbitrary methods. All of our recession shading data is available using all three interpretations. The period between a peak and trough is always shaded as a recession. The peak and trough are collectively extrema. Depending on the application, the extrema, both individually and collectively, may be included in the recession period in whole or in part. In situations where a portion of a period is included in the recession, the whole period is deemed to be included in the recession period.

The first interpretation, known as the midpoint method, is to show a recession from the midpoint of the peak through the midpoint of the trough for monthly and quarterly data. For daily data, the recession begins on the 15th of the month of the peak and ends on the 15th of the month of the trough. Daily data is a disaggregation of monthly data. For monthly and quarterly data, the entire peak and trough periods are included in the recession shading. This method shows the maximum number of periods as a recession for monthly and quarterly data. The Federal Reserve Bank of St. Louis uses this method in its own publications. A version of this time series represented using the midpoint method can be found at:

https://fred.stlouisfed.org/series/CHNRECDM

The second interpretation, known as the trough method, is to show a recession from the period following the peak through the trough (i.e. the peak is not included in the recession shading, but the trough is). For daily data, the recession begins on the first day of the first month following the peak and ends on the last day of the month of the trough. Daily data is a disaggregation of monthly data. The trough method is used when displaying data on FRED graphs. A version of this time series represented using the trough method can be found at:

https://fred.stlouisfed.org/series/CHNRECD

The third interpretation, known as the peak method, is to show a recession from the period of the peak to the trough (i.e. the peak is included in the recession shading, but the trough is not). For daily data, the recession begins on the first day of the month of the peak and ends on the last day of the month preceding the trough. Daily data is a disaggregation of monthly data. The peak method is used for this series.

The OECD CLI system is based on the ""growth cycle"" approach, where business cycles and turning points are measured and identified in the deviation-from-trend series. The main reference series used in the OECD CLI system for the majority of countries is industrial production (IIP) covering all industry sectors excluding construction. This series is used because of its cyclical sensitivity and monthly availability, while the broad based Gross Domestic Product (GDP) is used to supplement the IIP series for identification of the final reference turning points in the growth cycle.

Zones aggregates of the CLIs and the reference series are calculated as weighted averages of the corresponding zone member series (i.e. CLIs and IIPs).

Up to December 2008 the turning points chronologies shown for regional/zone area aggregates or individual countries are determined by the rules established by the National Bureau of Economic Research (NBER) in the United States, which have been formalized and incorporated in a computer routine (Bry and Boschan) and included in the Phase-Average Trend (PAT) de-trending procedure. Starting from December 2008 the turning point detection algorithm is decoupled from the de-trending procedure, and is a simplified version of the original Bry and Boschan routine. (The routine parses local minima and maxima in the cycle series and applies censor rules to guarantee alternating peaks and troughs, as well as phase and cycle length constraints.)

The components of the CLI are time series which exhibit leading relationship with the reference series (IIP) at turning points. Country CLIs are compiled by combining de-trended smoothed and normalized components. The component series for each country are selected based on various criteria such as economic significance; cyclical behavior; data quality; timeliness and availability.

OECD data should be cited as follows: OECD Composite Leading Indicators, ""Composite Leading Indicators: Reference Turning Points and Component Series"", http://www.oecd.org/std/leading-indicators/oecdcompositeleadingindicatorsreferenceturningpointsandcomponentseries.htm (Accessed on date)"
china,China industrial production,PRCNTO01CNA657S,Total Construction for China (DISCONTINUED),Annual,Growth Rate Previous Period,Not Seasonally Adjusted,1997-01-01,2014-01-01,1,"OECD descriptor ID: PRCNTO01
OECD unit ID: GPSA
OECD country ID: CHN

All OECD data should be cited as follows: OECD, ""Main Economic Indicators - complete database"", Main Economic Indicators (database),http://dx.doi.org/10.1787/data-00052-en (Accessed on date)
Copyright, 2016, OECD. Reprinted with permission."
china,China industrial production,PCU3271103271106,"Producer Price Index by Industry: Pottery, Ceramics, and Plumbing Fixture Manufacturing: All Other Pottery Products (Including China Decorated for the Trade)",Monthly,Index Dec 2006=100,Not Seasonally Adjusted,2006-12-01,2026-07-01,1,
china,China industrial production,PCU32711032711025,"Producer Price Index by Industry: Pottery, Ceramics, and Plumbing Fixture Manufacturing: All Other Pottery Products (Including China Decorated for the Trade) (DISCONTINUED)",Monthly,Index Dec 2006=100,Not Seasonally Adjusted,2006-12-01,2017-12-01,1,
china,China industrial production,PCU3271103271102,"Producer Price Index by Industry: Pottery, Ceramics, and Plumbing Fixture Manufacturing: Vitreous China, Fine Earthenware, and Other Pottery Products (DISCONTINUED)",Monthly,Index Dec 2003=100,Not Seasonally Adjusted,2003-12-01,2017-12-01,1,
china,China industrial production,OECDNMERECM,OECD based Recession Indicators for OECD and Non-member Economies from the Peak through the Trough (DISCONTINUED),Monthly,+1 or 0,Not Seasonally Adjusted,1960-02-01,2022-02-01,1,"This time series is an interpretation of Organisation of Economic Development (OECD) Composite Leading Indicators: Reference Turning Points and Component Series data, which can be found at http://www.oecd.org/std/leading-indicators/oecdcompositeleadingindicatorsreferenceturningpointsandcomponentseries.htm. The OECD identifies months of turning points without designating a date within the month that turning points occurred. The dummy variable adopts an arbitrary convention that the turning point occurred at a specific date within the month. The arbitrary convention does not reflect any judgment on this issue by the OECD. Our time series is composed of dummy variables that represent periods of expansion and recession. A value of 1 is a recessionary period, while a value of 0 is an expansionary period. For this time series, the recession begins midpoint of the period of the peak and ends midpoint of the period of the trough. Therefore, the recession period includes the entire period of both peak and trough. For more options on recession shading, see the notes and links below.

The recession shading data that we provide initially comes from the source as a list of dates that are either an economic peak or trough. We interpret dates into recession shading data using one of three arbitrary methods. All of our recession shading data is available using all three interpretations. The period between a peak and trough is always shaded as a recession. The peak and trough are collectively extrema. Depending on the application, the extrema, both individually and collectively, may be included in the recession period in whole or in part. In situations where a portion of a period is included in the recession, the whole period is deemed to be included in the recession period.

The first interpretation, known as the midpoint method, is to show a recession from the midpoint of the peak through the midpoint of the trough for monthly and quarterly data. For daily data, the recession begins on the 15th of the month of the peak and ends on the 15th of the month of the trough. Daily data is a disaggregation of monthly data. For monthly and quarterly data, the entire peak and trough periods are included in the recession shading. This method shows the maximum number of periods as a recession for monthly and quarterly data. The Federal Reserve Bank of St. Louis uses this method in its own publications. The midpoint method is used for this series.

The second interpretation, known as the trough method, is to show a recession from the period following the peak through the trough (i.e. the peak is not included in the recession shading, but the trough is). For daily data, the recession begins on the first day of the first month following the peak and ends on the last day of the month of the trough. Daily data is a disaggregation of monthly data. The trough method is used when displaying data on FRED graphs. A version of this time series represented using the trough method can be found at:

https://fred.stlouisfed.org/series/OECDNMEREC

The third interpretation, known as the peak method, is to show a recession from the period of the peak to the trough (i.e. the peak is included in the recession shading, but the trough is not). For daily data, the recession begins on the first day of the month of the peak and ends on the last day of the month preceding the trough. Daily data is a disaggregation of monthly data. A version of this time series represented using the peak method can be found at:

https://fred.stlouisfed.org/series/OECDNMERECP

The OECD CLI system is based on the ""growth cycle"" approach, where business cycles and turning points are measured and identified in the deviation-from-trend series. The main reference series used in the OECD CLI system for the majority of countries is industrial production (IIP) covering all industry sectors excluding construction. This series is used because of its cyclical sensitivity and monthly availability, while the broad based Gross Domestic Product (GDP) is used to supplement the IIP series for identification of the final reference turning points in the growth cycle.

Zones aggregates of the CLIs and the reference series are calculated as weighted averages of the corresponding zone member series (i.e. CLIs and IIPs).

Up to December 2008 the turning points chronologies shown for regional/zone area aggregates or individual countries are determined by the rules established by the National Bureau of Economic Research (NBER) in the United States, which have been formalized and incorporated in a computer routine (Bry and Boschan) and included in the Phase-Average Trend (PAT) de-trending procedure. Starting from December 2008 the turning point detection algorithm is decoupled from the de-trending procedure, and is a simplified version of the original Bry and Boschan routine. (The routine parses local minima and maxima in the cycle series and applies censor rules to guarantee alternating peaks and troughs, as well as phase and cycle length constraints.)

The components of the CLI are time series which exhibit leading relationship with the reference series (IIP) at turning points. Country CLIs are compiled by combining de-trended smoothed and normalized components. The component series for each country are selected based on various criteria such as economic significance; cyclical behavior; data quality; timeliness and availability.

The OECD and Non-member economies covers the following 35 countries: Australia, Austria, Belgium, Brazil, Canada, China, Czech Republic, Denmark, Finland, France, Germany, Greece, Hungary, India, Indonesia, Ireland, Italy, Japan, Korea, Luxembourg, Mexico, Netherlands, New Zealand, Norway, Poland, Portugal, Russian Federation, Slovak Republic, Spain, South Africa, Sweden, Switzerland, Turkey, United Kingdom and United States.

OECD data should be cited as follows: OECD Composite Leading Indicators, ""Composite Leading Indicators: Reference Turning Points and Component Series"", http://www.oecd.org/std/leading-indicators/oecdcompositeleadingindicatorsreferenceturningpointsandcomponentseries.htm (Accessed on date)"
china,China industrial production,CHNRECP,OECD based Recession Indicators for China from the Peak through the Period preceding the Trough (DISCONTINUED),Monthly,+1 or 0,Not Seasonally Adjusted,1978-01-01,2022-09-01,1,"This time series is an interpretation of Organisation of Economic Development (OECD) Composite Leading Indicators: Reference Turning Points and Component Series data, which can be found at http://www.oecd.org/std/leading-indicators/oecdcompositeleadingindicatorsreferenceturningpointsandcomponentseries.htm. The OECD identifies months of turning points without designating a date within the month that turning points occurred. The dummy variable adopts an arbitrary convention that the turning point occurred at a specific date within the month. The arbitrary convention does not reflect any judgment on this issue by the OECD. Our time series is composed of dummy variables that represent periods of expansion and recession. A value of 1 is a recessionary period, while a value of 0 is an expansionary period. For this time series, the recession begins the first day of the period of the peak and ends on the last day of the period before the trough. For more options on recession shading, see the notes and links below.

The recession shading data that we provide initially comes from the source as a list of dates that are either an economic peak or trough. We interpret dates into recession shading data using one of three arbitrary methods. All of our recession shading data is available using all three interpretations. The period between a peak and trough is always shaded as a recession. The peak and trough are collectively extrema. Depending on the application, the extrema, both individually and collectively, may be included in the recession period in whole or in part. In situations where a portion of a period is included in the recession, the whole period is deemed to be included in the recession period.

The first interpretation, known as the midpoint method, is to show a recession from the midpoint of the peak through the midpoint of the trough for monthly and quarterly data. For daily data, the recession begins on the 15th of the month of the peak and ends on the 15th of the month of the trough. Daily data is a disaggregation of monthly data. For monthly and quarterly data, the entire peak and trough periods are included in the recession shading. This method shows the maximum number of periods as a recession for monthly and quarterly data. The Federal Reserve Bank of St. Louis uses this method in its own publications. A version of this time series represented using the midpoint method can be found at:

https://fred.stlouisfed.org/series/CHNRECM

The second interpretation, known as the trough method, is to show a recession from the period following the peak through the trough (i.e. the peak is not included in the recession shading, but the trough is). For daily data, the recession begins on the first day of the first month following the peak and ends on the last day of the month of the trough. Daily data is a disaggregation of monthly data. The trough method is used when displaying data on FRED graphs. A version of this time series represented using the trough method can be found at:

https://fred.stlouisfed.org/series/CHNREC

The third interpretation, known as the peak method, is to show a recession from the period of the peak to the trough (i.e. the peak is included in the recession shading, but the trough is not). For daily data, the recession begins on the first day of the month of the peak and ends on the last day of the month preceding the trough. Daily data is a disaggregation of monthly data. The peak method is used for this series.

The OECD CLI system is based on the ""growth cycle"" approach, where business cycles and turning points are measured and identified in the deviation-from-trend series. The main reference series used in the OECD CLI system for the majority of countries is industrial production (IIP) covering all industry sectors excluding construction. This series is used because of its cyclical sensitivity and monthly availability, while the broad based Gross Domestic Product (GDP) is used to supplement the IIP series for identification of the final reference turning points in the growth cycle.

Zones aggregates of the CLIs and the reference series are calculated as weighted averages of the corresponding zone member series (i.e. CLIs and IIPs).

Up to December 2008 the turning points chronologies shown for regional/zone area aggregates or individual countries are determined by the rules established by the National Bureau of Economic Research (NBER) in the United States, which have been formalized and incorporated in a computer routine (Bry and Boschan) and included in the Phase-Average Trend (PAT) de-trending procedure. Starting from December 2008 the turning point detection algorithm is decoupled from the de-trending procedure, and is a simplified version of the original Bry and Boschan routine. (The routine parses local minima and maxima in the cycle series and applies censor rules to guarantee alternating peaks and troughs, as well as phase and cycle length constraints.)

The components of the CLI are time series which exhibit leading relationship with the reference series (IIP) at turning points. Country CLIs are compiled by combining de-trended smoothed and normalized components. The component series for each country are selected based on various criteria such as economic significance; cyclical behavior; data quality; timeliness and availability.

OECD data should be cited as follows: OECD Composite Leading Indicators, ""Composite Leading Indicators: Reference Turning Points and Component Series"", http://www.oecd.org/std/leading-indicators/oecdcompositeleadingindicatorsreferenceturningpointsandcomponentseries.htm (Accessed on date)"
china,China industrial production,CHNREC,OECD based Recession Indicators for China from the Period following the Peak through the Trough (DISCONTINUED),Monthly,+1 or 0,Not Seasonally Adjusted,1978-01-01,2022-09-01,1,"This time series is an interpretation of Organisation of Economic Development (OECD) Composite Leading Indicators: Reference Turning Points and Component Series data provided by the OECD at http://www.oecd.org/std/leading-indicators/oecdcompositeleadingindicatorsreferenceturningpointsandcomponentseries.htm. The OECD identifies months of turning points without designating a date within the month that turning points occurred. The dummy variable adopts an arbitrary convention that the turning point occurred at a specific date within the month. The arbitrary convention does not reflect any judgment on this issue by the OECD. Our time series is composed of dummy variables that represent periods of expansion and recession. A value of 1 is a recessionary period, while a value of 0 is an expansionary period. For this time series, the recession begins the first day of the period following a peak and ends on the last day of the period of the trough. For more options on recession shading, see the notes and links below.

The recession shading data that we provide initially comes from the source as a list of dates that are either an economic peak or trough. We interpret dates into recession shading data using one of three arbitrary methods. All of our recession shading data is available using all three interpretations. The period between a peak and trough is always shaded as a recession. The peak and trough are collectively extrema. Depending on the application, the extrema, both individually and collectively, may be included in the recession period in whole or in part. In situations where a portion of a period is included in the recession, the whole period is deemed to be included in the recession period.

The first interpretation, known as the midpoint method, is to show a recession from the midpoint of the peak through the midpoint of the trough for monthly and quarterly data. For daily data, the recession begins on the 15th of the month of the peak and ends on the 15th of the month of the trough. Daily data is a disaggregation of monthly data. For monthly and quarterly data, the entire peak and trough periods are included in the recession shading. This method shows the maximum number of periods as a recession for monthly and quarterly data. The Federal Reserve Bank of St. Louis uses this method in its own publications. A version of this time series represented using the midpoint method can be found at:

https://fred.stlouisfed.org/series/CHNRECM

The second interpretation, known as the trough method, is to show a recession from the period following the peak through the trough (i.e. the peak is not included in the recession shading, but the trough is). For daily data, the recession begins on the first day of the first month following the peak and ends on the last day of the month of the trough. Daily data is a disaggregation of monthly data. The trough method is used when displaying data on FRED graphs. The trough method is used for this series.

The third interpretation, known as the peak method, is to show a recession from the period of the peak to the trough (i.e. the peak is included in the recession shading, but the trough is not). For daily data, the recession begins on the first day of the month of the peak and ends on the last day of the month preceding the trough. Daily data is a disaggregation of monthly data. A version of this time series represented using the peak method can be found at:

https://fred.stlouisfed.org/series/CHNRECP

The OECD CLI system is based on the ""growth cycle"" approach, where business cycles and turning points are measured and identified in the deviation-from-trend series. The main reference series used in the OECD CLI system for the majority of countries is industrial production (IIP) covering all industry sectors excluding construction. This series is used because of its cyclical sensitivity and monthly availability, while the broad based Gross Domestic Product (GDP) is used to supplement the IIP series for identification of the final reference turning points in the growth cycle.

Zones aggregates of the CLIs and the reference series are calculated as weighted averages of the corresponding zone member series (i.e. CLIs and IIPs).

Up to December 2008 the turning points chronologies shown for regional/zone area aggregates or individual countries are determined by the rules established by the National Bureau of Economic Research (NBER) in the United States, which have been formalized and incorporated in a computer routine (Bry and Boschan) and included in the Phase-Average Trend (PAT) de-trending procedure. Starting from December 2008 the turning point detection algorithm is decoupled from the de-trending procedure, and is a simplified version of the original Bry and Boschan routine. (The routine parses local minima and maxima in the cycle series and applies censor rules to guarantee alternating peaks and troughs, as well as phase and cycle length constraints.)

The components of the CLI are time series which exhibit leading relationship with the reference series (IIP) at turning points. Country CLIs are compiled by combining de-trended smoothed and normalized components. The component series for each country are selected based on various criteria such as economic significance; cyclical behavior; data quality; timeliness and availability.

OECD data should be cited as follows: OECD Composite Leading Indicators, ""Composite Leading Indicators: Reference Turning Points and Component Series"", http://www.oecd.org/std/leading-indicators/oecdcompositeleadingindicatorsreferenceturningpointsandcomponentseries.htm (Accessed on date)"
china,China industrial production,CHNRECD,OECD based Recession Indicators for China from the Period following the Peak through the Trough (DISCONTINUED),"Daily, 7-Day",+1 or 0,Not Seasonally Adjusted,1978-01-01,2022-09-30,1,"This time series is an interpretation of Organisation of Economic Development (OECD) Composite Leading Indicators: Reference Turning Points and Component Series data, which can be found at http://www.oecd.org/std/leading-indicators/oecdcompositeleadingindicatorsreferenceturningpointsandcomponentseries.htm. The OECD identifies months of turning points without designating a date within the month that turning points occurred. The dummy variable adopts an arbitrary convention that the turning point occurred at a specific date within the month. The arbitrary convention does not reflect any judgment on this issue by the OECD. Our time series is composed of dummy variables that represent periods of expansion and recession. A value of 1 is a recessionary period, while a value of 0 is an expansionary period. For this time series, the recession begins the first day of the period following a peak and ends on the last day of the period of the trough. For more options on recession shading, see the notes and links below.

The recession shading data that we provide initially comes from the source as a list of dates that are either an economic peak or trough. We interpret dates into recession shading data using one of three arbitrary methods. All of our recession shading data is available using all three interpretations. The period between a peak and trough is always shaded as a recession. The peak and trough are collectively extrema. Depending on the application, the extrema, both individually and collectively, may be included in the recession period in whole or in part. In situations where a portion of a period is included in the recession, the whole period is deemed to be included in the recession period.

The first interpretation, known as the midpoint method, is to show a recession from the midpoint of the peak through the midpoint of the trough for monthly and quarterly data. For daily data, the recession begins on the 15th of the month of the peak and ends on the 15th of the month of the trough. Daily data is a disaggregation of monthly data. For monthly and quarterly data, the entire peak and trough periods are included in the recession shading. This method shows the maximum number of periods as a recession for monthly and quarterly data. The Federal Reserve Bank of St. Louis uses this method in its own publications. A version of this time series represented using the midpoint method can be found at:

https://fred.stlouisfed.org/series/CHNRECDM

The second interpretation, known as the trough method, is to show a recession from the period following the peak through the trough (i.e. the peak is not included in the recession shading, but the trough is). For daily data, the recession begins on the first day of the first month following the peak and ends on the last day of the month of the trough. Daily data is a disaggregation of monthly data. The trough method is used when displaying data on FRED graphs. The trough method is used for this series.

The third interpretation, known as the peak method, is to show a recession from the period of the peak to the trough (i.e. the peak is included in the recession shading, but the trough is not). For daily data, the recession begins on the first day of the month of the peak and ends on the last day of the month preceding the trough. Daily data is a disaggregation of monthly data. A version of this time series represented using the peak method can be found at:

https://fred.stlouisfed.org/series/CHNRECDP

The OECD CLI system is based on the ""growth cycle"" approach, where business cycles and turning points are measured and identified in the deviation-from-trend series. The main reference series used in the OECD CLI system for the majority of countries is industrial production (IIP) covering all industry sectors excluding construction. This series is used because of its cyclical sensitivity and monthly availability, while the broad based Gross Domestic Product (GDP) is used to supplement the IIP series for identification of the final reference turning points in the growth cycle.

Zones aggregates of the CLIs and the reference series are calculated as weighted averages of the corresponding zone member series (i.e. CLIs and IIPs).

Up to December 2008 the turning points chronologies shown for regional/zone area aggregates or individual countries are determined by the rules established by the National Bureau of Economic Research (NBER) in the United States, which have been formalized and incorporated in a computer routine (Bry and Boschan) and included in the Phase-Average Trend (PAT) de-trending procedure. Starting from December 2008 the turning point detection algorithm is decoupled from the de-trending procedure, and is a simplified version of the original Bry and Boschan routine. (The routine parses local minima and maxima in the cycle series and applies censor rules to guarantee alternating peaks and troughs, as well as phase and cycle length constraints.)

The components of the CLI are time series which exhibit leading relationship with the reference series (IIP) at turning points. Country CLIs are compiled by combining de-trended smoothed and normalized components. The component series for each country are selected based on various criteria such as economic significance; cyclical behavior; data quality; timeliness and availability.

OECD data should be cited as follows: OECD Composite Leading Indicators, ""Composite Leading Indicators: Reference Turning Points and Component Series"", http://www.oecd.org/std/leading-indicators/oecdcompositeleadingindicatorsreferenceturningpointsandcomponentseries.htm (Accessed on date)"
china,China money supply,MYAGM2CNM189N,M2 for China,Monthly,National Currency,Not Seasonally Adjusted,1998-12-01,2019-08-01,46,"M2 comprises M1 plus time and savings deposits in national currency of resident non-bank financial corporations and non-bank non-government sectors with the PBC and banking institutions.

Copyright © 2016, International Monetary Fund. Reprinted with permission. Complete terms of use and contact details are available at http://www.imf.org/external/terms.htm."
china,China money supply,MYAGM1CNM189N,M1 for China,Monthly,National Currency,Not Seasonally Adjusted,1998-12-01,2019-08-01,12,"M1 comprises currency in circulation plus demand deposits in national currency of resident non-bank non-government sectors with the PBC and banking institutions. Currency in circulation refers to notes and coins by the PBC less the amount held by banking institutions.

Copyright © 2016, International Monetary Fund. Reprinted with permission. Complete terms of use and contact details are available at http://www.imf.org/external/terms.htm."
china,China money supply,MANMM101CNM189S,Monetary Aggregates and Their Components: Narrow Money and Components: M1 and Components: M1 for China,Monthly,Yuan Renminbi,Seasonally Adjusted,1999-01-01,2018-12-01,8,"OECD Data Filters: 
REF_AREA: CHN
MEASURE: MANM
UNIT_MEASURE: IX
ACTIVITY: _Z
ADJUSTMENT: Y
TRANSFORMATION: _Z
FREQ: M

All OECD data should be cited as follows: OECD (year), (dataset name), (data source) DOI or https://data-explorer.oecd.org/ (https://data-explorer.oecd.org/). (accessed on (date))."
china,China money supply,MABMM301CNM189S,Monetary Aggregates and Their Components: Broad Money and Components: M3 for China,Monthly,Yuan Renminbi,Seasonally Adjusted,1999-01-01,2018-12-01,7,"OECD Data Filters: 
REF_AREA: CHN
MEASURE: MABM
UNIT_MEASURE: IX
ACTIVITY: _Z
ADJUSTMENT: Y
TRANSFORMATION: _Z
FREQ: M

All OECD data should be cited as follows: OECD (year), (dataset name), (data source) DOI or https://data-explorer.oecd.org/ (https://data-explorer.oecd.org/). (accessed on (date))."
china,China money supply,MABMM301CNA189S,Monetary Aggregates and Their Components: Broad Money and Components: M3 for China,Annual,Yuan Renminbi,Seasonally Adjusted,1999-01-01,2022-01-01,4,"OECD Data Filters: 
REF_AREA: CHN
MEASURE: MABM
UNIT_MEASURE: IX
ACTIVITY: _Z
ADJUSTMENT: Y
TRANSFORMATION: _Z
FREQ: A

All OECD data should be cited as follows: OECD (year), (dataset name), (data source) DOI or https://data-explorer.oecd.org/ (https://data-explorer.oecd.org/). (accessed on (date))."
china,China money supply,MABMM301CNQ189S,Monetary Aggregates and Their Components: Broad Money and Components: M3 for China,Quarterly,Yuan Renminbi,Seasonally Adjusted,1999-01-01,2018-10-01,3,"OECD Data Filters: 
REF_AREA: CHN
MEASURE: MABM
UNIT_MEASURE: IX
ACTIVITY: _Z
ADJUSTMENT: Y
TRANSFORMATION: _Z
FREQ: Q

All OECD data should be cited as follows: OECD (year), (dataset name), (data source) DOI or https://data-explorer.oecd.org/ (https://data-explorer.oecd.org/). (accessed on (date))."
china,China money supply,MANMM101CNM189N,Monetary Aggregates and Their Components: Narrow Money and Components: M1 and Components: M1 for China,Monthly,Yuan Renminbi,Not Seasonally Adjusted,1999-01-01,2023-11-01,3,"OECD Descriptor ID: MANMM101
OECD unit ID: CNY
OECD country ID: CHN

All OECD data should be cited as follows: OECD, ""Main Economic Indicators - complete database"", Main Economic Indicators (database), https://dx.doi.org/10.1787/data-00052-en (Accessed on date) Copyright, 2016, OECD. Reprinted with permission"
china,China money supply,MABMM301CNA657S,Monetary Aggregates and Their Components: Broad Money and Components: M3 for China,Annual,Growth rate previous period,Seasonally Adjusted,1992-01-01,2018-01-01,2,"OECD Data Filters: 
REF_AREA: CHN
MEASURE: MABM
UNIT_MEASURE: GR
ACTIVITY: _Z
ADJUSTMENT: Y
TRANSFORMATION: G1
FREQ: A

All OECD data should be cited as follows: OECD (year), (dataset name), (data source) DOI or https://data-explorer.oecd.org/ (https://data-explorer.oecd.org/). (accessed on (date))."
china,China money supply,MABMM301CNQ657S,Monetary Aggregates and Their Components: Broad Money and Components: M3 for China,Quarterly,Growth rate previous period,Seasonally Adjusted,1990-07-01,2018-10-01,2,"OECD Data Filters: 
REF_AREA: CHN
MEASURE: MABM
UNIT_MEASURE: GR
ACTIVITY: _Z
ADJUSTMENT: Y
TRANSFORMATION: G1
FREQ: Q

All OECD data should be cited as follows: OECD (year), (dataset name), (data source) DOI or https://data-explorer.oecd.org/ (https://data-explorer.oecd.org/). (accessed on (date))."
china,China money supply,CHNMABMM301GYSAM,Monetary Aggregates and Their Components: Broad Money and Components: M3 for China,Monthly,Growth rate same period previous year,Seasonally Adjusted,1991-02-01,2018-12-01,2,"OECD Data Filters: 
REF_AREA: CHN
MEASURE: MABM
UNIT_MEASURE: GR
ACTIVITY: _Z
ADJUSTMENT: Y
TRANSFORMATION: GY
FREQ: M

All OECD data should be cited as follows: OECD (year), (dataset name), (data source) DOI or https://data-explorer.oecd.org/ (https://data-explorer.oecd.org/). (accessed on (date))."
china,China money supply,MABMM301CNM657S,Monetary Aggregates and Their Components: Broad Money and Components: M3 for China,Monthly,Growth rate previous period,Seasonally Adjusted,1990-03-01,2018-12-01,2,"OECD Data Filters: 
REF_AREA: CHN
MEASURE: MABM
UNIT_MEASURE: GR
ACTIVITY: _Z
ADJUSTMENT: Y
TRANSFORMATION: G1
FREQ: M

All OECD data should be cited as follows: OECD (year), (dataset name), (data source) DOI or https://data-explorer.oecd.org/ (https://data-explorer.oecd.org/). (accessed on (date))."
china,China money supply,CHNMABMM301GYSAQ,Monetary Aggregates and Their Components: Broad Money and Components: M3 for China,Quarterly,Growth rate same period previous year,Seasonally Adjusted,1991-04-01,2018-10-01,1,"OECD Data Filters: 
REF_AREA: CHN
MEASURE: MABM
UNIT_MEASURE: GR
ACTIVITY: _Z
ADJUSTMENT: Y
TRANSFORMATION: GY
FREQ: Q

All OECD data should be cited as follows: OECD (year), (dataset name), (data source) DOI or https://data-explorer.oecd.org/ (https://data-explorer.oecd.org/). (accessed on (date))."
china,China money supply,CHNMABMM301IXOBSAQ,Monetary Aggregates and Their Components: Broad Money and Components: M3 for China,Quarterly,Index 2015=100,Seasonally Adjusted,1990-04-01,2018-10-01,1,"OECD Descriptor ID: MABMM301
OECD unit ID: IDX
OECD country ID: CHN

All OECD data should be cited as follows: OECD, ""Main Economic Indicators - complete database"", Main Economic Indicators (database), https://dx.doi.org/10.1787/data-00052-en (Accessed on date) Copyright, 2016, OECD. Reprinted with permission"
china,China money supply,CHNMABMM301IXOBSAM,Monetary Aggregates and Their Components: Broad Money and Components: M3 for China,Monthly,Index 2015=100,Seasonally Adjusted,1990-02-01,2018-12-01,1,"OECD Descriptor ID: MABMM301
OECD unit ID: IDX
OECD country ID: CHN

All OECD data should be cited as follows: OECD, ""Main Economic Indicators - complete database"", Main Economic Indicators (database), https://dx.doi.org/10.1787/data-00052-en (Accessed on date) Copyright, 2016, OECD. Reprinted with permission"
china,China money supply,MANMM101CNQ189S,Monetary Aggregates and Their Components: Narrow Money and Components: M1 and Components: M1 for China,Quarterly,Yuan Renminbi,Seasonally Adjusted,1999-01-01,2018-10-01,1,"OECD Data Filters: 
REF_AREA: CHN
MEASURE: MANM
UNIT_MEASURE: IX
ACTIVITY: _Z
ADJUSTMENT: Y
TRANSFORMATION: _Z
FREQ: Q

All OECD data should be cited as follows: OECD (year), (dataset name), (data source) DOI or https://data-explorer.oecd.org/ (https://data-explorer.oecd.org/). (accessed on (date))."
china,China money supply,MANMM101CNQ189N,Monetary Aggregates and Their Components: Narrow Money and Components: M1 and Components: M1 for China,Quarterly,Yuan Renminbi,Not Seasonally Adjusted,1990-01-01,2023-07-01,1,"OECD Descriptor ID: MANMM101
OECD unit ID: CNY
OECD country ID: CHN

All OECD data should be cited as follows: OECD, ""Main Economic Indicators - complete database"", Main Economic Indicators (database), https://dx.doi.org/10.1787/data-00052-en (Accessed on date) Copyright, 2016, OECD. Reprinted with permission"
china,China money supply,MANMM101CNM657S,Monetary Aggregates and Their Components: Narrow Money and Components: M1 and Components: M1 for China,Monthly,Growth rate previous period,Seasonally Adjusted,1990-03-01,2018-12-01,1,"OECD Data Filters: 
REF_AREA: CHN
MEASURE: MANM
UNIT_MEASURE: GR
ACTIVITY: _Z
ADJUSTMENT: Y
TRANSFORMATION: G1
FREQ: M

All OECD data should be cited as follows: OECD (year), (dataset name), (data source) DOI or https://data-explorer.oecd.org/ (https://data-explorer.oecd.org/). (accessed on (date))."
china,China money supply,MANMM101CNA189S,Monetary Aggregates and Their Components: Narrow Money and Components: M1 and Components: M1 for China,Annual,Yuan Renminbi,Seasonally Adjusted,1990-01-01,2022-01-01,1,"OECD Data Filters: 
REF_AREA: CHN
MEASURE: MANM
UNIT_MEASURE: IX
ACTIVITY: _Z
ADJUSTMENT: Y
TRANSFORMATION: _Z
FREQ: A

All OECD data should be cited as follows: OECD (year), (dataset name), (data source) DOI or https://data-explorer.oecd.org/ (https://data-explorer.oecd.org/). (accessed on (date))."
china,China money supply,MANMM101CNA189N,Monetary Aggregates and Their Components: Narrow Money and Components: M1 and Components: M1 for China,Annual,Yuan Renminbi,Not Seasonally Adjusted,1990-01-01,2022-01-01,1,"OECD Descriptor ID: MANMM101
OECD unit ID: CNY
OECD country ID: CHN

All OECD data should be cited as follows: OECD, ""Main Economic Indicators - complete database"", Main Economic Indicators (database), https://dx.doi.org/10.1787/data-00052-en (Accessed on date) Copyright, 2016, OECD. Reprinted with permission"
china,China money supply,MANMM101CNQ657S,Monetary Aggregates and Their Components: Narrow Money and Components: M1 and Components: M1 for China,Quarterly,Growth rate previous period,Seasonally Adjusted,1990-07-01,2018-10-01,1,"OECD Data Filters: 
REF_AREA: CHN
MEASURE: MANM
UNIT_MEASURE: GR
ACTIVITY: _Z
ADJUSTMENT: Y
TRANSFORMATION: G1
FREQ: Q

All OECD data should be cited as follows: OECD (year), (dataset name), (data source) DOI or https://data-explorer.oecd.org/ (https://data-explorer.oecd.org/). (accessed on (date))."
china,China policy rate,GEPUCURRENT,Global Economic Policy Uncertainty Index: Current Price Adjusted GDP,Monthly,Index,Not Seasonally Adjusted,1997-01-01,2026-07-01,60,"The Global Economic Policy Uncertainty Index is a GDP-weighted average of national EPU indices for 20 countries: Australia, Brazil, Canada, Chile, China, France, Germany, Greece, India, Ireland, Italy, Japan, Mexico, the Netherlands, Russia, South Korea, Spain, Sweden, the United Kingdom, and the United States..

For additional details, including an analysis of the performance of the model, see Baker, Scott, Nicholas Bloom and Steven Davis (2016), ""Measuring Economic Policy Uncertainty"" (https://www.policyuncertainty.com/media/EPU_BBD_Mar2016.pdf)"
china,China policy rate,CHNMAINLANDEPU,Economic Policy Uncertainty Index: Mainland Papers for China,Monthly,Index,Not Seasonally Adjusted,1949-10-01,2026-07-01,44,"The Chinese Mainland EPU (https://www.policyuncertainty.com/china_monthly.html) newspaper-based indices of policy uncertainty in China is based on the working paper ""Economic Policy Uncertainty in China Since 1949: The View from Mainland Newspapers."" by Steven J. Davis, Dingqian Liu and Xuguang S. Sheng. The index quantifies uncertainty-related concepts from October 1949 onwards using two mainland Chinese newspapers: the Renmin Daily and the Guangming Daily."
china,China policy rate,CHNMAINLANDTPU,Trade Policy Uncertainty Index: Mainland Papers for China,Monthly,Index,Not Seasonally Adjusted,2000-01-01,2026-07-01,33,"The Chinese Mainland TPU (https://www.policyuncertainty.com/china_monthly.html) newspaper-based indices of policy uncertainty in China is based on the working paper ""Economic Policy Uncertainty in China Since 1949: The View from Mainland Newspapers."" by Steven J. Davis, Dingqian Liu and Xuguang S. Sheng. The index quantifies uncertainty-related concepts from October 1949 onwards using two mainland Chinese newspapers: the Renmin Daily and the Guangming Daily."
china,China policy rate,GEPUPPP,Global Economic Policy Uncertainty Index: PPP-Adjusted GDP,Monthly,Index,Not Seasonally Adjusted,1997-01-01,2026-07-01,25,"The Global Economic Policy Uncertainty Index is a GDP-weighted average of national EPU indices for 20 countries: Australia, Brazil, Canada, Chile, China, France, Germany, Greece, India, Ireland, Italy, Japan, Mexico, the Netherlands, Russia, South Korea, Spain, Sweden, the United Kingdom, and the United States..

For additional details, including an analysis of the performance of the model, see Baker, Scott, Nicholas Bloom and Steven Davis (2016), ""Measuring Economic Policy Uncertainty"" (https://www.policyuncertainty.com/media/EPU_BBD_Mar2016.pdf)"
china,China policy rate,TWNPCPIPCPPPT,Prices: Consumer Price Index for Taiwan Province of China,Annual,Percent Change,Not Seasonally Adjusted,1990-01-01,2031-01-01,19,"Observations for the current and future years are projections.

The IMF provides these series as part of their Regional Economic Outlook (REO) reports. These reports discuss recent economic developments and prospects for countries in various regions. They also address economic policy developments that have affected economic performance in their regions and provide country-specific data and analysis.

For more information, please see the Regional Economic Outlook (https://www.imf.org/en/publications/reo) publications.

Copyright © 2016, International Monetary Fund. Reprinted with permission. Complete terms of use and contact details are available here (http://www.imf.org/external/terms.htm)."
china,China policy rate,CHNPCPIPCPPPT,"Prices: Consumer Price Index for China, P.R.: Mainland",Annual,Percent Change,Not Seasonally Adjusted,1990-01-01,2031-01-01,15,"Observations for the current and future years are projections.

The IMF provides these series as part of their Regional Economic Outlook (REO) reports. These reports discuss recent economic developments and prospects for countries in various regions. They also address economic policy developments that have affected economic performance in their regions and provide country-specific data and analysis.

For more information, please see the Regional Economic Outlook (https://www.imf.org/en/publications/reo) publications.

Copyright © 2016, International Monetary Fund. Reprinted with permission. Complete terms of use and contact details are available here (http://www.imf.org/external/terms.htm)."
china,China policy rate,CHIEPUINDXM,Economic Policy Uncertainty Index for China,Monthly,Index,Not Seasonally Adjusted,1995-01-01,2019-04-01,14,"For additional details, including an analysis of the performance of the model, see Baker, Scott, Nicholas Bloom and Steven Davis (2012), ""Measuring Economic Policy Uncertainty"" (http://www.policyuncertainty.com/media/BakerBloomDavis.pdf)"
china,China policy rate,CHNNGDPRPCPPPT,"National Accounts: Real Gross Domestic Product for China, P.R.: Mainland",Annual,Percent Change,Not Seasonally Adjusted,1990-01-01,2031-01-01,14,"Observations for the current and future years are projections.

The IMF provides these series as part of their Regional Economic Outlook (REO) reports. These reports discuss recent economic developments and prospects for countries in various regions. They also address economic policy developments that have affected economic performance in their regions and provide country-specific data and analysis.

For more information, please see the Regional Economic Outlook (https://www.imf.org/en/publications/reo) publications.

Copyright © 2016, International Monetary Fund. Reprinted with permission. Complete terms of use and contact details are available here (http://www.imf.org/external/terms.htm)."
china,China policy rate,TWNNGDPRPCPPPT,National Accounts: Real Gross Domestic Product for Taiwan Province of China,Annual,Percent Change,Not Seasonally Adjusted,1990-01-01,2031-01-01,12,"Observations for the current and future years are projections.

The IMF provides these series as part of their Regional Economic Outlook (REO) reports. These reports discuss recent economic developments and prospects for countries in various regions. They also address economic policy developments that have affected economic performance in their regions and provide country-specific data and analysis.

For more information, please see the Regional Economic Outlook (https://www.imf.org/en/publications/reo) publications.

Copyright © 2016, International Monetary Fund. Reprinted with permission. Complete terms of use and contact details are available here (http://www.imf.org/external/terms.htm)."
china,China policy rate,HKGPCPIPCPPPT,"Prices: Consumer Price Index for China, P.R.: Hong Kong",Annual,Percent Change,Not Seasonally Adjusted,1990-01-01,2031-01-01,8,"Observations for the current and future years are projections.

The IMF provides these series as part of their Regional Economic Outlook (REO) reports. These reports discuss recent economic developments and prospects for countries in various regions. They also address economic policy developments that have affected economic performance in their regions and provide country-specific data and analysis.

For more information, please see the Regional Economic Outlook (https://www.imf.org/en/publications/reo) publications.

Copyright © 2016, International Monetary Fund. Reprinted with permission. Complete terms of use and contact details are available here (http://www.imf.org/external/terms.htm)."
china,China policy rate,TWNTXRPCPPPT,External Trade: Volume of Exports of Goods and Services for Taiwan Province of China,Annual,Percent Change,Not Seasonally Adjusted,2016-01-01,2024-01-01,4,"Observations for the current and future years are projections.

The IMF provides these series as part of their Regional Economic Outlook (REO) reports. These reports discuss recent economic developments and prospects for countries in various regions. They also address economic policy developments that have affected economic performance in their regions and provide country-specific data and analysis.

For more information, please see the Regional Economic Outlook (https://www.imf.org/en/publications/reo) publications.

Copyright © 2016, International Monetary Fund. Reprinted with permission. Complete terms of use and contact details are available here (http://www.imf.org/external/terms.htm)."
china,China policy rate,HKGNGDPRPCPPPT,"National Accounts: Real Gross Domestic Product for China, P.R.: Hong Kong",Annual,Percent Change,Not Seasonally Adjusted,1990-01-01,2031-01-01,4,"Observations for the current and future years are projections.

The IMF provides these series as part of their Regional Economic Outlook (REO) reports. These reports discuss recent economic developments and prospects for countries in various regions. They also address economic policy developments that have affected economic performance in their regions and provide country-specific data and analysis.

For more information, please see the Regional Economic Outlook (https://www.imf.org/en/publications/reo) publications.

Copyright © 2016, International Monetary Fund. Reprinted with permission. Complete terms of use and contact details are available here (http://www.imf.org/external/terms.htm)."
china,China policy rate,CHNTXRPCPPPT,"External Trade: Volume of Exports of Goods and Services for China, P.R.: Mainland",Annual,Percent Change,Not Seasonally Adjusted,2016-01-01,2024-01-01,2,"Observations for the current and future years are projections.

The IMF provides these series as part of their Regional Economic Outlook (REO) reports. These reports discuss recent economic developments and prospects for countries in various regions. They also address economic policy developments that have affected economic performance in their regions and provide country-specific data and analysis.

For more information, please see the Regional Economic Outlook (https://www.imf.org/en/publications/reo) publications.

Copyright © 2016, International Monetary Fund. Reprinted with permission. Complete terms of use and contact details are available here (http://www.imf.org/external/terms.htm)."
china,China policy rate,CHNNTDDRPCPPPT,"National Accounts: Real Total Domestic Demand for China, P.R.: Mainland",Annual,Percent Change,Not Seasonally Adjusted,2016-01-01,2024-01-01,1,"Observations for the current and future years are projections.

The IMF provides these series as part of their Regional Economic Outlook (REO) reports. These reports discuss recent economic developments and prospects for countries in various regions. They also address economic policy developments that have affected economic performance in their regions and provide country-specific data and analysis.

For more information, please see the Regional Economic Outlook (https://www.imf.org/en/publications/reo) publications.

Copyright © 2016, International Monetary Fund. Reprinted with permission. Complete terms of use and contact details are available here (http://www.imf.org/external/terms.htm)."
china,China policy rate,TWNNTDDRPCPPPT,National Accounts: Real Total Domestic Demand for Taiwan Province of China,Annual,Percent Change,Not Seasonally Adjusted,2016-01-01,2024-01-01,1,"Observations for the current and future years are projections.

The IMF provides these series as part of their Regional Economic Outlook (REO) reports. These reports discuss recent economic developments and prospects for countries in various regions. They also address economic policy developments that have affected economic performance in their regions and provide country-specific data and analysis.

For more information, please see the Regional Economic Outlook (https://www.imf.org/en/publications/reo) publications.

Copyright © 2016, International Monetary Fund. Reprinted with permission. Complete terms of use and contact details are available here (http://www.imf.org/external/terms.htm)."
china,China policy rate,TWNTMRPCPPPT,External Trade: Volume of Imports of Goods and Services for Taiwan Province of China,Annual,Percent Change,Not Seasonally Adjusted,2016-01-01,2024-01-01,1,"Observations for the current and future years are projections.

The IMF provides these series as part of their Regional Economic Outlook (REO) reports. These reports discuss recent economic developments and prospects for countries in various regions. They also address economic policy developments that have affected economic performance in their regions and provide country-specific data and analysis.

For more information, please see the Regional Economic Outlook (https://www.imf.org/en/publications/reo) publications.

Copyright © 2016, International Monetary Fund. Reprinted with permission. Complete terms of use and contact details are available here (http://www.imf.org/external/terms.htm)."
china,China policy rate,HKGNTDDRPCPPPT,"National Accounts: Real Total Domestic Demand for China, P.R.: Hong Kong",Annual,Percent Change,Not Seasonally Adjusted,2016-01-01,2024-01-01,1,"Observations for the current and future years are projections.

The IMF provides these series as part of their Regional Economic Outlook (REO) reports. These reports discuss recent economic developments and prospects for countries in various regions. They also address economic policy developments that have affected economic performance in their regions and provide country-specific data and analysis.

For more information, please see the Regional Economic Outlook (https://www.imf.org/en/publications/reo) publications.

Copyright © 2016, International Monetary Fund. Reprinted with permission. Complete terms of use and contact details are available here (http://www.imf.org/external/terms.htm)."
china,China policy rate,CHNTMRPCPPPT,"External Trade: Volume of Imports of Goods and Services for China, P.R.: Mainland",Annual,Percent Change,Not Seasonally Adjusted,2016-01-01,2024-01-01,1,"Observations for the current and future years are projections.

The IMF provides these series as part of their Regional Economic Outlook (REO) reports. These reports discuss recent economic developments and prospects for countries in various regions. They also address economic policy developments that have affected economic performance in their regions and provide country-specific data and analysis.

For more information, please see the Regional Economic Outlook (https://www.imf.org/en/publications/reo) publications.

Copyright © 2016, International Monetary Fund. Reprinted with permission. Complete terms of use and contact details are available here (http://www.imf.org/external/terms.htm)."
china,China policy rate,HKGTXRPCPPPT,"External Trade: Volume of Exports of Goods and Services for China, P.R.: Hong Kong",Annual,Percent Change,Not Seasonally Adjusted,2016-01-01,2024-01-01,1,"Observations for the current and future years are projections.

The IMF provides these series as part of their Regional Economic Outlook (REO) reports. These reports discuss recent economic developments and prospects for countries in various regions. They also address economic policy developments that have affected economic performance in their regions and provide country-specific data and analysis.

For more information, please see the Regional Economic Outlook (https://www.imf.org/en/publications/reo) publications.

Copyright © 2016, International Monetary Fund. Reprinted with permission. Complete terms of use and contact details are available here (http://www.imf.org/external/terms.htm)."
china,China policy rate,HKGTMRPCPPPT,"External Trade: Volume of Imports of Goods and Services for China, P.R.: Hong Kong",Annual,Percent Change,Not Seasonally Adjusted,2016-01-01,2024-01-01,1,"Observations for the current and future years are projections.

The IMF provides these series as part of their Regional Economic Outlook (REO) reports. These reports discuss recent economic developments and prospects for countries in various regions. They also address economic policy developments that have affected economic performance in their regions and provide country-specific data and analysis.

For more information, please see the Regional Economic Outlook (https://www.imf.org/en/publications/reo) publications.

Copyright © 2016, International Monetary Fund. Reprinted with permission. Complete terms of use and contact details are available here (http://www.imf.org/external/terms.htm)."
drc,Democratic Republic of Congo CPI,FPCPITOTLZGCOD,"Inflation, consumer prices for the Democratic Republic of the Congo",Annual,Percent,Not Seasonally Adjusted,1964-01-01,2016-01-01,6,"Inflation as measured by the consumer price index reflects the annual percentage change in the cost to the average consumer of acquiring a basket of goods and services that may be fixed or changed at specified intervals, such as yearly. The Laspeyres formula is generally used.

International Monetary Fund, International Financial Statistics and data files."
drc,Democratic Republic of Congo CPI,DDOE02CDA086NWDB,Consumer Price Index for the Democratic Republic of the Congo (DISCONTINUED),Annual,Index 2010=100,Not Seasonally Adjusted,1963-01-01,2013-01-01,4,"Consumer price index reflects changes in the cost to the average consumer of acquiring a basket of goods and services that may be fixed or changed at specified intervals, such as yearly. The Laspeyres formula is generally used.

Source Code: GFDD.OE.02"
drc,Democratic Republic of Congo CPI,DDOE01CDA086NWDB,Consumer Price Index for the Democratic Republic of the Congo (DISCONTINUED),"Annual, End of Year",Index 2010=100,Not Seasonally Adjusted,1963-01-01,2013-01-01,1,"Consumer price index reflects changes in the cost to the average consumer of acquiring a basket of goods and services that may be fixed or changed at specified intervals, such as yearly. The Laspeyres formula is generally used.

Source Code: GFDD.OE.01"
drc,Democratic Republic of Congo CPI,DDOI02CDA156NWDB,Bank Deposits to GDP for the Democratic Republic of the Congo (DISCONTINUED),Annual,Percent,Not Seasonally Adjusted,1963-01-01,2014-01-01,1,"The total value of demand, time and saving deposits at domestic deposit money banks as a share of GDP. Deposit money banks comprise commercial banks and other financial institutions that accept transferable deposits, such as demand deposits.

Demand, time and saving deposits in deposit money banks as a share of GDP, calculated using the following deflation method: {(0.5)*[Ft/P_et + Ft-1/P_et-1]}/[GDPt/P_at] where F is demand and time and saving deposits, P_e is end-of period CPI, and P_a is average annual CPI. Raw data are from the electronic version of the IMF's International Financial Statistics. Bank deposits (IFS lines 24 and 25); GDP in local currency (IFS line 99B..ZF or, if not available, line 99B.CZF); end-of period CPI (IFS line 64M..ZF or, if not available, 64Q..ZF); and annual CPI (IFS line 64..ZF). (International Monetary Fund, International Financial Statistics, and World Bank GDP estimates)

Source Code: GFDD.OI.02"
drc,Democratic Republic of Congo CPI,DDDI02CDA156NWDB,Deposit Money Bank Assets to GDP for the Democratic Republic of the Congo (DISCONTINUED),Annual,Percent,Not Seasonally Adjusted,1963-01-01,2014-01-01,1,"Total assets held by deposit money banks as a share of GDP. Assets include claims on domestic real nonfinancial sector which includes central, state and local governments, nonfinancial public enterprises and private sector. Deposit money banks comprise commercial banks and other financial institutions that accept transferable deposits, such as demand deposits.

Claims on domestic real nonfinancial sector by deposit money banks as a share of GDP, calculated using the following deflation method: {(0.5)*[Ft/P_et + Ft-1/P_et-1]}/[GDPt/P_at] where F is deposit money bank claims, P_e is end-of period CPI, and P_a is average annual CPI. Raw data are from the electronic version of the IMF's International Financial Statistics. Deposit money bank assets (IFS lines 22, a-d); GDP in local currency (IFS line 99B..ZF or, if not available, line 99B.CZF); end-of period CPI (IFS line 64M..ZF or, if not available, 64Q..ZF); and annual CPI (IFS line 64..ZF). (International Monetary Fund, International Financial Statistics, and World Bank GDP estimates)

Source Code: GFDD.DI.02"
drc,Democratic Republic of Congo CPI,DDDI08CDA156NWDB,Financial System Deposits to GDP for the Democratic Republic of the Congo (DISCONTINUED),Annual,Percent,Not Seasonally Adjusted,1963-01-01,2014-01-01,1,"Demand, time and saving deposits in deposit money banks and other financial institutions as a share of GDP.

Demand, time and saving deposits in deposit money banks and other financial institutions as a share of GDP, calculated using the following deflation method: {(0.5)*[Ft/P_et + Ft-1/P_et-1]}/[GDPt/P_at] where F is demand and time and saving deposits, P_e is end-of period CPI, and P_a is average annual CPI. Raw data are from the electronic version of the IMF's International Financial Statistics. Financial system deposits (IFS lines 24, 25, and 45); GDP in local currency (IFS line 99B..ZF or, if not available, line 99B.CZF); end-of period CPI (IFS line 64M..ZF or, if not available, 64Q..ZF); and annual CPI (IFS line 64..ZF). (International Monetary Fund, International Financial Statistics, and World Bank GDP estimates)

Source Code: GFDD.DI.08"
drc,Democratic Republic of Congo CPI,DDDI01CDA156NWDB,Private Credit by Deposit Money Banks to GDP for the Democratic Republic of the Congo (DISCONTINUED),Annual,Percent,Not Seasonally Adjusted,1963-01-01,2014-01-01,1,"The financial resources provided to the private sector by domestic money banks as a share of GDP. Domestic money banks comprise commercial banks and other financial institutions that accept transferable deposits, such as demand deposits. Private credit by deposit money banks and other financial institutions to GDP, calculated using the following deflation method: {(0.5)*[Ft/P_et + Ft-1/P_et-1]}/[GDPt/P_at] where F is credit to the private sector, P_e is end-of period CPI, and P_a is average annual CPI. Raw data are from the electronic version of the IMF's International Financial Statistics. Private credit by deposit money banks (IFS line 22d and FOSAOP); GDP in local currency (IFS line NGDP); end-of period CPI (IFS line PCPI); and average annual CPI is calculated using the monthly CPI values (IFS line PCPI). (International Monetary Fund, International Financial Statistics, and World Bank GDP estimates)

Source Code: GFDD.DI.01"
drc,Democratic Republic of Congo CPI,DDDI03CDA156NWDB,Non-Bank Financial Institutions' Assets to GDP for the Democratic Republic of the Congo (DISCONTINUED),Annual,Percent,Not Seasonally Adjusted,1973-01-01,1980-01-01,1,"Total assets held by financial institutions that do not accept transferable deposits but that perform financial intermediation by accepting other types of deposits or by issuing securities or other liabilities that are close substitutes for deposits as a share of GDP. It covers institutions such as saving and mortgage loan institutions, post-office savings institution, building and loan associations, finance companies that accept deposits or deposit substitutes, development banks, and offshore banking institutions. Assets include claims on domestic real nonfinancial sector such as central-, state- and local government, nonfinancial public enterprises and private sector.

Claims on domestic real nonfinancial sector by other financial institutions as a share of GDP, calculated using the following deflation method: {(0.5)*[Ft/P_et + Ft-1/P_et-1]}/[GDPt/P_at] where F is other financial institutions' claims, P_e is end-of period CPI, and P_a is average annual CPI. Raw data are from the electronic version of the IMF's International Financial Statistics. Non-bank financial institutions assets (IFS lines 42, a-d and h); GDP in local currency (IFS line 99B..ZF or, if not available, line 99B.CZF); end-of period CPI (IFS line 64M..ZF or, if not available, 64Q..ZF); and annual CPI (IFS line 64..ZF). (International Monetary Fund, International Financial Statistics, and World Bank GDP estimates)

Source Code: GFDD.DI.03"
drc,Democratic Republic of Congo CPI,DDDI12CDA156NWDB,Private Credit by Deposit Money Banks and Other Financial Institutions to GDP for the Democratic Republic of the Congo (DISCONTINUED),Annual,Percent,Not Seasonally Adjusted,1963-01-01,2014-01-01,1,"Private credit by deposit money banks and other financial institutions to GDP.

Private credit by deposit money banks and other financial institutions to GDP, calculated using the following deflation method: {(0.5)*[Ft/P_et + Ft-1/P_et-1]}/[GDPt/P_at] where F is credit to the private sector, P_e is end-of period CPI, and P_a is average annual CPI. Raw data are from the electronic version of the IMF's International Financial Statistics. Private credit by deposit money banks and other financial institutions (IFS lines 22d and 42d); GDP in local currency (IFS line 99B..ZF or, if not available, line 99B.CZF); end-of period CPI (IFS line 64M..ZF or, if not available, 64Q..ZF); and annual CPI (IFS line 64..ZF). (International Monetary Fund, International Financial Statistics)

Source Code: GFDD.DI.12"
drc,Democratic Republic of Congo CPI,DDDI06CDA156NWDB,Central Bank Assets to GDP for the Democratic Republic of the Congo (DISCONTINUED),Annual,Percent,Not Seasonally Adjusted,1963-01-01,2014-01-01,1,"Ratio of central bank assets to GDP. Central bank assets are claims on domestic real nonfinancial sector by the Central Bank.

Claims on domestic real nonfinancial sector by the Central Bank as a share of GDP, calculated using the following deflation method: {(0.5)*[Ft/P_et + Ft-1/P_et-1]}/[GDPt/P_at] where F is Central Bank claims, P_e is end-of period CPI, and P_a is average annual CPI. Raw data are from the electronic version of the IMF's International Financial Statistics. Central Bank claims (IFS lines 12, a-d); GDP in local currency (IFS line 99B..ZF or, if not available, line 99B.CZF); end-of period CPI (IFS line 64M..ZF or, if not available, 64Q..ZF); and annual CPI (IFS line 64..ZF). (International Monetary Fund, International Financial Statistics, and World Bank GDP estimates)

Source Code: GFDD.DI.06"
drc,Democratic Republic of Congo CPI,DDDI05CDA156NWDB,Liquid Liabilities to GDP for the Democratic Republic of the Congo (DISCONTINUED),Annual,Percent,Not Seasonally Adjusted,1963-01-01,2014-01-01,1,"Ratio of liquid liabilities to GDP. Liquid liabilities are also known as broad money, or M3. They are the sum of currency and deposits in the central bank (M0), plus transferable deposits and electronic currency (M1), plus time and savings deposits, foreign currency transferable deposits, certificates of deposit, and securities repurchase agreements (M2), plus travelers checks, foreign currency time deposits, commercial paper, and shares of mutual funds or market funds held by residents.

Ratio of liquid liabilities to GDP, calculated using the following deflation method: {(0.5)*[Ft/P_et + Ft-1/P_et-1]}/[GDPt/P_at] where F is liquid liabilities, P_e is end-of period CPI, and P_a is average annual CPI. Raw data are from the electronic version of the IMF's International Financial Statistics. Liquid liabilities (IFS lines 55L..ZF or, if not available, line 35L..ZF); GDP in local currency (IFS line 99B..ZF or, if not available, line 99B.CZF); end-of period CPI (IFS line 64M..ZF or, if not available, 64Q..ZF); and annual CPI (IFS line 64..ZF). For Eurocurrency area countries (BEF, DEM, ESP, FRF, GRD, IEP, ITL, LUF, NLG, ATS, PTE, FIM), liquid liabilities are estimated by summing IFS items 34A, 34B and 35. (International Monetary Fund, International Financial Statistics, and World Bank GDP estimates)

Source Code: GFDD.DI.05"
drc,Democratic Republic of Congo exports,PLXCPPCDA670NRUG,Price Level of Exports for the Democratic Republic of the Congo,Annual,Price Level of USA Output-side GDP in 2021=1,Not Seasonally Adjusted,1950-01-01,2023-01-01,1,"Source ID: pl_x

When using these data in your research, please make the following reference: Feenstra, Robert C., Robert Inklaar and Marcel P. Timmer (2015), ""The Next Generation of the Penn World Table"" American Economic Review, 105(10), 3150-3182, available for download at www.ggdc.net/pwt

For more information, see http://www.rug.nl/research/ggdc/data/pwt/."
drc,Democratic Republic of Congo exports,EXP7660,U.S. Exports of Goods by F.A.S. Basis to Democratic Republic of the Congo,Monthly,Millions of Dollars,Not Seasonally Adjusted,1985-01-01,2026-06-01,1,"Further information related to the international trade data can be found at https://www.census.gov/foreign-trade/data/index.html
Methodology details can be found at https://www.census.gov/foreign-trade/Press-Release/current_press_release/explain.pdf"
drc,Democratic Republic of Congo exports,RGDPLPCDA625NUPN,"Purchasing Power Parity Converted GDP Per Capita (Laspeyres), derived from growth rates of Consumption, Government Consumption, Investment for Democratic Republic of the Congo",Annual,2005 International Dollars per Person,Not Seasonally Adjusted,1950-01-01,2010-01-01,1,"Series is obtained by adding up consumption, investment, government and exports, and subtracting imports in any given year.

For more information and proper citation see http://www.rug.nl/research/ggdc/data/pwt/pwt-7.1

Source Indicator: rgdpl"
drc,Democratic Republic of Congo exports,IDCODA475SCEN,Number of Identified Exporters to the Democratic Republic of the Congo from Idaho,Annual,Number of Firms,Not Seasonally Adjusted,2004-01-01,2021-01-01,1,"This data series illustrates the movement of exports from the given state to the given country. A missing observation can mean two things. First, missing observations can appear because no exports were made to the listed country that year. Secondly, it could signify a low number of exporters thus giving away proprietary data away."
drc,Democratic Republic of Congo exports,IACODA052SCEN,Value of Exports to the Democratic Republic of the Congo from Iowa,Annual,Dollars,Not Seasonally Adjusted,2008-01-01,2015-01-01,1,"This data series illustrates the movement of exports from the given state to the given country. A missing observation can mean two things. First, missing observations can appear because no exports were made to the listed country that year. Secondly, it could signify a low number of exporters thus giving away proprietary data away."
drc,Democratic Republic of Congo exports,UTCODA475SCEN,Number of Identified Exporters to the Democratic Republic of the Congo from Utah,Annual,Number of Firms,Not Seasonally Adjusted,2002-01-01,2022-01-01,1,"This data series illustrates the movement of exports from the given state to the given country. A missing observation can mean two things. First, missing observations can appear because no exports were made to the listed country that year. Secondly, it could signify a low number of exporters thus giving away proprietary data away."
drc,Democratic Republic of Congo exports,TXCODA052SCEN,Value of Exports to the Democratic Republic of the Congo from Texas,Annual,Dollars,Not Seasonally Adjusted,1992-01-01,2022-01-01,1,"This data series illustrates the movement of exports from the given state to the given country. A missing observation can mean two things. First, missing observations can appear because no exports were made to the listed country that year. Secondly, it could signify a low number of exporters thus giving away proprietary data away."
drc,Democratic Republic of Congo exports,WVCODA475SCEN,Number of Identified Exporters to the Democratic Republic of the Congo from West Virginia,Annual,Number of Firms,Not Seasonally Adjusted,2006-01-01,2011-01-01,1,"This data series illustrates the movement of exports from the given state to the given country. A missing observation can mean two things. First, missing observations can appear because no exports were made to the listed country that year. Secondly, it could signify a low number of exporters thus giving away proprietary data away."
drc,Democratic Republic of Congo exports,NHCODA052SCEN,Value of Exports to the Democratic Republic of the Congo from New Hampshire,Annual,Dollars,Not Seasonally Adjusted,2004-01-01,2014-01-01,1,"This data series illustrates the movement of exports from the given state to the given country. A missing observation can mean two things. First, missing observations can appear because no exports were made to the listed country that year. Secondly, it could signify a low number of exporters thus giving away proprietary data away."
drc,Democratic Republic of Congo exports,OHCODA052SCEN,Value of Exports to the Democratic Republic of the Congo from Ohio,Annual,Dollars,Not Seasonally Adjusted,1992-01-01,2022-01-01,1,"This data series illustrates the movement of exports from the given state to the given country. A missing observation can mean two things. First, missing observations can appear because no exports were made to the listed country that year. Secondly, it could signify a low number of exporters thus giving away proprietary data away."
drc,Democratic Republic of Congo exports,MNCODA475SCEN,Number of Identified Exporters to the Democratic Republic of the Congo from Minnesota,Annual,Number of Firms,Not Seasonally Adjusted,1992-01-01,2022-01-01,1,"This data series illustrates the movement of exports from the given state to the given country. A missing observation can mean two things. First, missing observations can appear because no exports were made to the listed country that year. Secondly, it could signify a low number of exporters thus giving away proprietary data away."
drc,Democratic Republic of Congo exports,WICODA475SCEN,Number of Identified Exporters to the Democratic Republic of the Congo from Wisconsin,Annual,Number of Firms,Not Seasonally Adjusted,1992-01-01,2022-01-01,1,"This data series illustrates the movement of exports from the given state to the given country. A missing observation can mean two things. First, missing observations can appear because no exports were made to the listed country that year. Secondly, it could signify a low number of exporters thus giving away proprietary data away."
drc,Democratic Republic of Congo exports,ORCODA052SCEN,Value of Exports to the Democratic Republic of the Congo from Oregon,Annual,Dollars,Not Seasonally Adjusted,2006-01-01,2022-01-01,1,"This data series illustrates the movement of exports from the given state to the given country. A missing observation can mean two things. First, missing observations can appear because no exports were made to the listed country that year. Secondly, it could signify a low number of exporters thus giving away proprietary data away."
drc,Democratic Republic of Congo exports,NDCODA052SCEN,Value of Exports to the Democratic Republic of the Congo from North Dakota,Annual,Dollars,Not Seasonally Adjusted,2014-01-01,2019-01-01,1,"This data series illustrates the movement of exports from the given state to the given country. A missing observation can mean two things. First, missing observations can appear because no exports were made to the listed country that year. Secondly, it could signify a low number of exporters thus giving away proprietary data away."
drc,Democratic Republic of Congo exports,RICODA475SCEN,Number of Identified Exporters to the Democratic Republic of the Congo from Rhode Island,Annual,Number of Firms,Not Seasonally Adjusted,2005-01-01,2022-01-01,1,"This data series illustrates the movement of exports from the given state to the given country. A missing observation can mean two things. First, missing observations can appear because no exports were made to the listed country that year. Secondly, it could signify a low number of exporters thus giving away proprietary data away."
drc,Democratic Republic of Congo exports,SCCODA475SCEN,Number of Identified Exporters to the Democratic Republic of the Congo from South Carolina,Annual,Number of Firms,Not Seasonally Adjusted,1992-01-01,2022-01-01,1,"This data series illustrates the movement of exports from the given state to the given country. A missing observation can mean two things. First, missing observations can appear because no exports were made to the listed country that year. Secondly, it could signify a low number of exporters thus giving away proprietary data away."
drc,Democratic Republic of Congo exports,MECODA475SCEN,Number of Identified Exporters to the Democratic Republic of the Congo from Maine,Annual,Number of Firms,Not Seasonally Adjusted,1997-01-01,2022-01-01,1,"This data series illustrates the movement of exports from the given state to the given country. A missing observation can mean two things. First, missing observations can appear because no exports were made to the listed country that year. Secondly, it could signify a low number of exporters thus giving away proprietary data away."
drc,Democratic Republic of Congo exports,MECODA052SCEN,Value of Exports to the Democratic Republic of the Congo from Maine,Annual,Dollars,Not Seasonally Adjusted,2011-01-01,2022-01-01,1,"This data series illustrates the movement of exports from the given state to the given country. A missing observation can mean two things. First, missing observations can appear because no exports were made to the listed country that year. Secondly, it could signify a low number of exporters thus giving away proprietary data away."
drc,Democratic Republic of Congo exports,OPENRPCDA156NUPN,Openness at constant prices for Democratic Republic of the Congo,Annual,Percent,Not Seasonally Adjusted,1950-01-01,2010-01-01,1,"Exports plus Imports divided by GDP is the total trade as a percentage of GDP.

For more information and proper citation see http://www.rug.nl/research/ggdc/data/pwt/pwt-7.1

Source Indicator: openk"
drc,Democratic Republic of Congo exports,MSCODA052SCEN,Value of Exports to the Democratic Republic of the Congo from Mississippi,Annual,Dollars,Not Seasonally Adjusted,2012-01-01,2012-01-01,1,"This data series illustrates the movement of exports from the given state to the given country. A missing observation can mean two things. First, missing observations can appear because no exports were made to the listed country that year. Secondly, it could signify a low number of exporters thus giving away proprietary data away."
euro_area,Euro Area CPI,CP0000EZ19M086NEST,Harmonized Index of Consumer Prices: Total for Euro Area (19 Countries),Monthly,Index 2025=100,Not Seasonally Adjusted,1996-12-01,2026-07-01,55,"The Harmonized Index of Consumer Prices (HICP) gives comparable measures of inflation for the countries and country groups for which it is produced. It is a macroeconomic indicator that measures the change over time of the prices of consumer goods and services acquired by households. For more details, see the source website https://ec.europa.eu/eurostat/web/hicp/information-data.

Copyright, European Union: https://commission.europa.eu/legal-notice_en#copyright-notice"
euro_area,Euro Area CPI,CP0213EZ19M086NEST,Harmonized Index of Consumer Prices: Beer for Euro Area (19 Countries),Monthly,Index 2025=100,Not Seasonally Adjusted,1998-12-01,2026-07-01,27,"The Harmonized Index of Consumer Prices (HICP) gives comparable measures of inflation for the countries and country groups for which it is produced. It is a macroeconomic indicator that measures the change over time of the prices of consumer goods and services acquired by households. For more details, see the source website https://ec.europa.eu/eurostat/web/hicp/information-data.

Copyright, European Union: https://commission.europa.eu/legal-notice_en#copyright-notice"
euro_area,Euro Area CPI,CPHPTT01EZM659N,Consumer Price Index: Harmonised Prices: All Items: Total for the Euro Area (19 Countries),Monthly,Growth rate same period previous year,Not Seasonally Adjusted,1991-01-01,2023-01-01,25,"OECD descriptor ID: CPHPTT01
OECD unit ID: GY
OECD country ID: EA17

All OECD data should be cited as follows: OECD, ""Main Economic Indicators - complete database"", Main Economic Indicators (database),http://dx.doi.org/10.1787/data-00052-en (Accessed on date)
Copyright, 2016, OECD. Reprinted with permission."
euro_area,Euro Area CPI,00XTOBEZ19M086NEST,Harmonized Index of Consumer Prices: Overall Index Excluding Tobacco for Euro Area (19 Countries),Monthly,Index 2025=100,Not Seasonally Adjusted,1999-12-01,2026-07-01,22,"The Harmonized Index of Consumer Prices (HICP) gives comparable measures of inflation for the countries and country groups for which it is produced. It is a macroeconomic indicator that measures the change over time of the prices of consumer goods and services acquired by households. For more details, see the source website https://ec.europa.eu/eurostat/web/hicp/information-data.

Copyright, European Union: https://commission.europa.eu/legal-notice_en#copyright-notice"
euro_area,Euro Area CPI,ENRGY0EZ19M086NEST,Harmonized Index of Consumer Prices: Energy for Euro Area (19 Countries),Monthly,Index 2025=100,Not Seasonally Adjusted,1998-12-01,2026-07-01,19,"The Harmonized Index of Consumer Prices (HICP) gives comparable measures of inflation for the countries and country groups for which it is produced. It is a macroeconomic indicator that measures the change over time of the prices of consumer goods and services acquired by households. For more details, see the source website https://ec.europa.eu/eurostat/web/hicp/information-data.

Copyright, European Union: https://commission.europa.eu/legal-notice_en#copyright-notice"
euro_area,Euro Area CPI,CP0000EZCCM086NEST,"Harmonized Index of Consumer Prices: Total for Euro Area (EA11-1999, EA12-2001, EA13-2007, EA15-2008, EA16-2009, EA17-2011, EA18-2014, EA19-2015, EA20-2023)",Monthly,Index 2025=100,Not Seasonally Adjusted,1996-01-01,2026-07-01,17,"The Harmonized Index of Consumer Prices (HICP) gives comparable measures of inflation for the countries and country groups for which it is produced. It is a macroeconomic indicator that measures the change over time of the prices of consumer goods and services acquired by households. For more details, see the source website https://ec.europa.eu/eurostat/web/hicp/information-data.

Copyright, European Union: https://commission.europa.eu/legal-notice_en#copyright-notice"
euro_area,Euro Area CPI,EA19CPALTT01GYM,Consumer Price Index: All Items: Total: Total for the Euro Area (19 Countries),Monthly,Growth rate same period previous year,Not Seasonally Adjusted,1991-01-01,2023-01-01,14,"OECD descriptor ID: CPALTT01 OECD unit ID: GY OECD country ID: EA19 All OECD data should be cited as follows: OECD,""Main Economic Indicators - complete database""Main Economic Indicators(database)http://dx.doi.org/10.1787/data-00052-en(Accessed on date)Copyright, 2016, OECD. Reprinted with permission."
euro_area,Euro Area CPI,QXMR628BIS,Real Residential Property Prices for Euro area,Quarterly,Index 2010=100,Not Seasonally Adjusted,1975-01-01,2026-01-01,13,"Source Code: Q:XM:R:628

Coverage includes all types of new and existing dwellings in the whole country. The series is deflated using CPI.

For more information, please see https://www.bis.org/statistics/pp_detailed.htm.

Any use of the series shall be cited as follows: ""Sources: National sources, BIS Residential Property Price database, http://www.bis.org/statistics/pp.htm.""

Copyright, 2016, Bank for International Settlements (BIS). Terms and conditions of use are available at http://www.bis.org/terms_conditions.htm#Copyright_and_Permissions."
euro_area,Euro Area CPI,CPHPTT01EZM661N,Consumer Price Index: Harmonised Prices: All Items: Total for the Euro Area (19 Countries),Monthly,Index 2015=100,Not Seasonally Adjusted,1990-01-01,2023-01-01,10,"OECD descriptor ID: CPHPTT01
OECD unit ID: IXOB
OECD country ID: EA17

All OECD data should be cited as follows: OECD, ""Main Economic Indicators - complete database"", Main Economic Indicators (database),http://dx.doi.org/10.1787/data-00052-en (Accessed on date)
Copyright, 2016, OECD. Reprinted with permission."
euro_area,Euro Area CPI,EA19CPALTT01IXOBM,Consumer Price Index: All Items: Total: Total for the Euro Area (19 Countries),Monthly,Index 2015=100,Not Seasonally Adjusted,1990-01-01,2023-01-01,7,"OECD descriptor ID: CPALTT01 OECD unit ID: IXOB OECD country ID: EA19 All OECD data should be cited as follows: OECD,""Main Economic Indicators - complete database""Main Economic Indicators(database)http://dx.doi.org/10.1787/data-00052-en(Accessed on date)Copyright, 2016, OECD. Reprinted with permission."
euro_area,Euro Area CPI,EA19CPALTT01IXOBQ,Consumer Price Index: All Items: Total: Total for the Euro Area (19 Countries),Quarterly,Index 2015=100,Not Seasonally Adjusted,1990-01-01,2022-10-01,4,"OECD descriptor ID: CPALTT01 OECD unit ID: IXOB OECD country ID: EA19 All OECD data should be cited as follows: OECD,""Main Economic Indicators - complete database""Main Economic Indicators(database)http://dx.doi.org/10.1787/data-00052-en(Accessed on date)Copyright, 2016, OECD. Reprinted with permission."
euro_area,Euro Area CPI,CPHPTT01EZA661N,Consumer Price Index: Harmonised Prices: All Items: Total for the Euro Area (19 Countries),Annual,Index 2015=100,Not Seasonally Adjusted,1990-01-01,2022-01-01,2,"OECD descriptor ID: CPHPTT01
OECD unit ID: IXOB
OECD country ID: EA17

All OECD data should be cited as follows: OECD, ""Main Economic Indicators - complete database"", Main Economic Indicators (database),http://dx.doi.org/10.1787/data-00052-en (Accessed on date)
Copyright, 2016, OECD. Reprinted with permission."
euro_area,Euro Area CPI,CPHPTT01EZM657N,Consumer Price Index: Harmonised Prices: All Items: Total for the Euro Area (19 Countries),Monthly,Growth rate previous period,Not Seasonally Adjusted,1991-01-01,2023-01-01,2,"OECD descriptor ID: CPHPTT01
OECD unit ID: GP
OECD country ID: EA17

All OECD data should be cited as follows: OECD, ""Main Economic Indicators - complete database"", Main Economic Indicators (database),http://dx.doi.org/10.1787/data-00052-en (Accessed on date)
Copyright, 2016, OECD. Reprinted with permission."
euro_area,Euro Area CPI,CPHPTT01EZA659N,Consumer Price Index: Harmonised Prices: All Items: Total for the Euro Area (19 Countries),Annual,Growth rate same period previous year,Not Seasonally Adjusted,1991-01-01,2022-01-01,2,"OECD descriptor ID: CPHPTT01
OECD unit ID: GY
OECD country ID: EA17

All OECD data should be cited as follows: OECD, ""Main Economic Indicators - complete database"", Main Economic Indicators (database),http://dx.doi.org/10.1787/data-00052-en (Accessed on date)
Copyright, 2016, OECD. Reprinted with permission."
euro_area,Euro Area CPI,EA19CPALTT01GYQ,Consumer Price Index: All Items: Total: Total for the Euro Area (19 Countries),Quarterly,Growth rate same period previous year,Not Seasonally Adjusted,1991-01-01,2022-10-01,2,"OECD descriptor ID: CPALTT01 OECD unit ID: GY OECD country ID: EA19 All OECD data should be cited as follows: OECD,""Main Economic Indicators - complete database""Main Economic Indicators(database)http://dx.doi.org/10.1787/data-00052-en(Accessed on date)Copyright, 2016, OECD. Reprinted with permission."
euro_area,Euro Area CPI,EA19CPALTT01IXNBM,Consumer Price Index: All Items: Total: Total for the Euro Area (19 Countries),Monthly,Index source base,Not Seasonally Adjusted,1990-01-01,2023-01-01,2,"OECD descriptor ID: CPALTT01 OECD unit ID: IXNB OECD country ID: EA19All OECD data should be cited as follows: OECD,""Main Economic Indicators - complete database""Main Economic Indicators(database)http://dx.doi.org/10.1787/data-00052-en(Accessed on date)Copyright, 2016, OECD. Reprinted with permission."
euro_area,Euro Area CPI,EA19CPALTT01GPM,Consumer Price Index: All Items: Total: Total for the Euro Area (19 Countries),Monthly,Growth rate previous period,Not Seasonally Adjusted,1991-01-01,2023-01-01,2,"OECD descriptor ID: CPALTT01 OECD unit ID: GP OECD country ID: EA19All OECD data should be cited as follows: OECD,""Main Economic Indicators - complete database""Main Economic Indicators(database)http://dx.doi.org/10.1787/data-00052-en(Accessed on date)Copyright, 2016, OECD. Reprinted with permission."
euro_area,Euro Area CPI,EA19CPALTT01GPQ,Consumer Price Index: All Items: Total: Total for the Euro Area (19 Countries),Quarterly,Growth rate previous period,Not Seasonally Adjusted,1990-04-01,2022-10-01,2,"OECD descriptor ID: CPALTT01 OECD unit ID: GP OECD country ID: EA19All OECD data should be cited as follows: OECD,""Main Economic Indicators - complete database""Main Economic Indicators(database)http://dx.doi.org/10.1787/data-00052-en(Accessed on date)Copyright, 2016, OECD. Reprinted with permission."
euro_area,Euro Area CPI,CPHPTT01EZA657N,Consumer Price Index: Harmonised Prices: All Items: Total for the Euro Area (19 Countries),Annual,Growth rate previous period,Not Seasonally Adjusted,1991-01-01,2022-01-01,1,"OECD descriptor ID: CPHPTT01
OECD unit ID: GP
OECD country ID: EA17

All OECD data should be cited as follows: OECD, ""Main Economic Indicators - complete database"", Main Economic Indicators (database),http://dx.doi.org/10.1787/data-00052-en (Accessed on date)
Copyright, 2016, OECD. Reprinted with permission."
euro_area,Euro Area CPI,EA19CPALTT01IXNBQ,Consumer Price Index: All Items: Total: Total for the Euro Area (19 Countries),Quarterly,Index source base,Not Seasonally Adjusted,1990-01-01,2022-10-01,1,"OECD descriptor ID: CPALTT01 OECD unit ID: IXNB OECD country ID: EA19All OECD data should be cited as follows: OECD,""Main Economic Indicators - complete database""Main Economic Indicators(database)http://dx.doi.org/10.1787/data-00052-en(Accessed on date)Copyright, 2016, OECD. Reprinted with permission."
euro_area,Euro Area PPI,PIEAMP01EZM661N,Producer Prices Index: Economic Activities: Manufacturing: Total for Euro Area (19 Countries),Monthly,Index 2015=100,Not Seasonally Adjusted,2000-01-01,2022-12-01,16,"OECD Descriptor ID: PIEAMP01
OECD unit ID: IDX
OECD country ID: EA19

All OECD data should be cited as follows: OECD, ""Main Economic Indicators - complete database"", Main Economic Indicators (database), https://dx.doi.org/10.1787/data-00052-en (Accessed on date) Copyright, 2016, OECD. Reprinted with permission"
euro_area,Euro Area PPI,EA19PIEAMP01GYM,Producer Prices Index: Economic Activities: Manufacturing: Total for Euro Area (19 Countries),Monthly,Growth rate same period previous year,Not Seasonally Adjusted,2001-01-01,2022-12-01,4,"OECD Data Filters: 
REF_AREA: EA19
MEASURE: PP
UNIT_MEASURE: GR
ACTIVITY: C
ADJUSTMENT: _Z
TRANSFORMATION: GY
FREQ: M

All OECD data should be cited as follows: OECD (year), (dataset name), (data source) DOI or https://data-explorer.oecd.org/ (https://data-explorer.oecd.org/). (accessed on (date))."
euro_area,Euro Area PPI,EA19PIEAMP01GYQ,Producer Prices Index: Economic Activities: Manufacturing: Total for Euro Area (19 Countries),Quarterly,Growth rate same period previous year,Not Seasonally Adjusted,2001-01-01,2022-10-01,4,"OECD Data Filters: 
REF_AREA: EA19
MEASURE: PP
UNIT_MEASURE: GR
ACTIVITY: C
ADJUSTMENT: _Z
TRANSFORMATION: GY
FREQ: Q

All OECD data should be cited as follows: OECD (year), (dataset name), (data source) DOI or https://data-explorer.oecd.org/ (https://data-explorer.oecd.org/). (accessed on (date))."
euro_area,Euro Area PPI,PIEAMP01EZA661N,Producer Prices Index: Economic Activities: Manufacturing: Total for Euro Area (19 Countries),Annual,Index 2015=100,Not Seasonally Adjusted,2000-01-01,2022-01-01,3,"OECD Descriptor ID: PIEAMP01
OECD unit ID: IDX
OECD country ID: EA19

All OECD data should be cited as follows: OECD, ""Main Economic Indicators - complete database"", Main Economic Indicators (database), https://dx.doi.org/10.1787/data-00052-en (Accessed on date) Copyright, 2016, OECD. Reprinted with permission"
euro_area,Euro Area PPI,PIEAMP02EZM659N,Producer Prices Index: Economic Activities: Manufacturing: Domestic for Euro Area (19 Countries),Monthly,Growth rate same period previous year,Not Seasonally Adjusted,1996-01-01,2022-12-01,2,"OECD Descriptor ID: PIEAMP02
OECD unit ID: PC
OECD country ID: EA19

All OECD data should be cited as follows: OECD, ""Main Economic Indicators - complete database"", Main Economic Indicators (database), https://dx.doi.org/10.1787/data-00052-en (Accessed on date) Copyright, 2016, OECD. Reprinted with permission"
euro_area,Euro Area PPI,PIEAEN01EZM661N,Producer Prices Index: Economic Activities: Energy: Total for Euro Area (19 Countries),Monthly,Index 2015=100,Not Seasonally Adjusted,2000-01-01,2022-12-01,2,"OECD Descriptor ID: PIEAEN01
OECD unit ID: IDX
OECD country ID: EA19

All OECD data should be cited as follows: OECD, ""Main Economic Indicators - complete database"", Main Economic Indicators (database), https://dx.doi.org/10.1787/data-00052-en (Accessed on date) Copyright, 2016, OECD. Reprinted with permission"
euro_area,Euro Area PPI,PIEATI01EZM661N,Producer Prices Index: Economic Activities: Industrial Activities: Total for Euro Area (19 Countries),Monthly,Index 2015=100,Not Seasonally Adjusted,2000-01-01,2022-12-01,2,"OECD Descriptor ID: PIEATI01
OECD unit ID: IDX
OECD country ID: EA19

All OECD data should be cited as follows: OECD, ""Main Economic Indicators - complete database"", Main Economic Indicators (database), https://dx.doi.org/10.1787/data-00052-en (Accessed on date) Copyright, 2016, OECD. Reprinted with permission"
euro_area,Euro Area PPI,PITGCG01EZM661N,Producer Prices Index: Type of Goods: Consumer Goods: Total for Euro Area (19 Countries),Monthly,Index 2015=100,Not Seasonally Adjusted,2000-01-01,2022-12-01,2,"OECD Descriptor ID: PITGCG01
OECD unit ID: IDX
OECD country ID: EA19

All OECD data should be cited as follows: OECD, ""Main Economic Indicators - complete database"", Main Economic Indicators (database), https://dx.doi.org/10.1787/data-00052-en (Accessed on date) Copyright, 2016, OECD. Reprinted with permission"
euro_area,Euro Area PPI,EA19PIEAMP01GPM,Producer Prices Index: Economic Activities: Manufacturing: Total for Euro Area (19 Countries),Monthly,Growth rate previous period,Not Seasonally Adjusted,2000-02-01,2022-12-01,1,"OECD Data Filters: 
REF_AREA: EA19
MEASURE: PP
UNIT_MEASURE: GR
ACTIVITY: C
ADJUSTMENT: _Z
TRANSFORMATION: G1
FREQ: M

All OECD data should be cited as follows: OECD (year), (dataset name), (data source) DOI or https://data-explorer.oecd.org/ (https://data-explorer.oecd.org/). (accessed on (date))."
euro_area,Euro Area PPI,PIEAMP01EZQ661N,Producer Prices Index: Economic Activities: Manufacturing: Total for Euro Area (19 Countries),Quarterly,Index 2015=100,Not Seasonally Adjusted,2000-01-01,2022-10-01,1,"OECD Descriptor ID: PIEAMP01
OECD unit ID: IDX
OECD country ID: EA19

All OECD data should be cited as follows: OECD, ""Main Economic Indicators - complete database"", Main Economic Indicators (database), https://dx.doi.org/10.1787/data-00052-en (Accessed on date) Copyright, 2016, OECD. Reprinted with permission"
euro_area,Euro Area PPI,EA19PIEAMP01GPQ,Producer Prices Index: Economic Activities: Manufacturing: Total for Euro Area (19 Countries),Quarterly,Growth rate previous period,Not Seasonally Adjusted,2000-04-01,2022-10-01,1,"OECD Data Filters: 
REF_AREA: EA19
MEASURE: PP
UNIT_MEASURE: GR
ACTIVITY: C
ADJUSTMENT: _Z
TRANSFORMATION: G1
FREQ: Q

All OECD data should be cited as follows: OECD (year), (dataset name), (data source) DOI or https://data-explorer.oecd.org/ (https://data-explorer.oecd.org/). (accessed on (date))."
euro_area,Euro Area PPI,PIEAMP02EZM661N,Producer Prices Index: Economic Activities: Manufacturing: Domestic for Euro Area (19 Countries),Monthly,Index 2015=100,Not Seasonally Adjusted,1995-01-01,2022-12-01,1,"OECD Descriptor ID: PIEAMP02
OECD unit ID: IDX
OECD country ID: EA19

All OECD data should be cited as follows: OECD, ""Main Economic Indicators - complete database"", Main Economic Indicators (database), https://dx.doi.org/10.1787/data-00052-en (Accessed on date) Copyright, 2016, OECD. Reprinted with permission"
euro_area,Euro Area PPI,PIEAMP02EZA661N,Producer Prices Index: Economic Activities: Manufacturing: Domestic for Euro Area (19 Countries),Annual,Index 2015=100,Not Seasonally Adjusted,1995-01-01,2022-01-01,1,"OECD Descriptor ID: PIEAMP02
OECD unit ID: IDX
OECD country ID: EA19

All OECD data should be cited as follows: OECD, ""Main Economic Indicators - complete database"", Main Economic Indicators (database), https://dx.doi.org/10.1787/data-00052-en (Accessed on date) Copyright, 2016, OECD. Reprinted with permission"
euro_area,Euro Area PPI,EA19PIEAMP02GPM,Producer Prices Index: Economic Activities: Manufacturing: Domestic for Euro Area (19 Countries),Monthly,Growth rate previous period,Not Seasonally Adjusted,1995-02-01,2022-12-01,1,"OECD Descriptor ID: PIEAMP02
OECD unit ID: PC
OECD country ID: EA19

All OECD data should be cited as follows: OECD, ""Main Economic Indicators - complete database"", Main Economic Indicators (database), https://dx.doi.org/10.1787/data-00052-en (Accessed on date) Copyright, 2016, OECD. Reprinted with permission"
euro_area,Euro Area PPI,PIEAMP02EZQ661N,Producer Prices Index: Economic Activities: Manufacturing: Domestic for Euro Area (19 Countries),Quarterly,Index 2015=100,Not Seasonally Adjusted,1995-01-01,2022-10-01,1,"OECD Descriptor ID: PIEAMP02
OECD unit ID: IDX
OECD country ID: EA19

All OECD data should be cited as follows: OECD, ""Main Economic Indicators - complete database"", Main Economic Indicators (database), https://dx.doi.org/10.1787/data-00052-en (Accessed on date) Copyright, 2016, OECD. Reprinted with permission"
euro_area,Euro Area PPI,PIEAMP02EZA659N,Producer Prices Index: Economic Activities: Manufacturing: Domestic for Euro Area (19 Countries),Annual,Growth rate same period previous year,Not Seasonally Adjusted,1996-01-01,2022-01-01,1,"OECD Descriptor ID: PIEAMP02
OECD unit ID: PC
OECD country ID: EA19

All OECD data should be cited as follows: OECD, ""Main Economic Indicators - complete database"", Main Economic Indicators (database), https://dx.doi.org/10.1787/data-00052-en (Accessed on date) Copyright, 2016, OECD. Reprinted with permission"
euro_area,Euro Area PPI,PIEAMP02EZQ659N,Producer Prices Index: Economic Activities: Manufacturing: Domestic for Euro Area (19 Countries),Quarterly,Growth rate same period previous year,Not Seasonally Adjusted,1996-01-01,2022-10-01,1,"OECD Descriptor ID: PIEAMP02
OECD unit ID: PC
OECD country ID: EA19

All OECD data should be cited as follows: OECD, ""Main Economic Indicators - complete database"", Main Economic Indicators (database), https://dx.doi.org/10.1787/data-00052-en (Accessed on date) Copyright, 2016, OECD. Reprinted with permission"
euro_area,Euro Area PPI,EA19PIEAMP02GPQ,Producer Prices Index: Economic Activities: Manufacturing: Domestic for Euro Area (19 Countries),Quarterly,Growth rate previous period,Not Seasonally Adjusted,1995-04-01,2022-10-01,1,"OECD Descriptor ID: PIEAMP02
OECD unit ID: PC
OECD country ID: EA19

All OECD data should be cited as follows: OECD, ""Main Economic Indicators - complete database"", Main Economic Indicators (database), https://dx.doi.org/10.1787/data-00052-en (Accessed on date) Copyright, 2016, OECD. Reprinted with permission"
euro_area,Euro Area PPI,PIEAEN01EZA661N,Producer Prices Index: Economic Activities: Energy: Total for Euro Area (19 Countries),Annual,Index 2015=100,Not Seasonally Adjusted,2000-01-01,2022-01-01,1,"OECD Descriptor ID: PIEAEN01
OECD unit ID: IDX
OECD country ID: EA19

All OECD data should be cited as follows: OECD, ""Main Economic Indicators - complete database"", Main Economic Indicators (database), https://dx.doi.org/10.1787/data-00052-en (Accessed on date) Copyright, 2016, OECD. Reprinted with permission"
euro_area,Euro Area PPI,PIEAEN01EZQ661N,Producer Prices Index: Economic Activities: Energy: Total for Euro Area (19 Countries),Quarterly,Index 2015=100,Not Seasonally Adjusted,2000-01-01,2022-10-01,1,"OECD Descriptor ID: PIEAEN01
OECD unit ID: IDX
OECD country ID: EA19

All OECD data should be cited as follows: OECD, ""Main Economic Indicators - complete database"", Main Economic Indicators (database), https://dx.doi.org/10.1787/data-00052-en (Accessed on date) Copyright, 2016, OECD. Reprinted with permission"
euro_area,Euro Area construction,BAMLHE00EHYIOAS,ICE BofA Euro High Yield Index Option-Adjusted Spread,"Daily, Close",Percent,Not Seasonally Adjusted,2023-09-04,2026-08-31,73,"Starting in April 2026, this series will only include 3 years of observations. For more data, go to the source.

This data represents the Option-Adjusted Spread (OAS) of the ICE BofA Euro High Yield Index tracks the performance of Euro denominated below investment grade corporate debt publicly issued in the euro domestic or eurobond markets. Qualifying securities must have a below investment grade rating (based on an average of Moody's, S&P, and Fitch). Qualifying securities must have at least one year remaining term to maturity, a fixed coupon schedule, and a minimum amount outstanding of Euro 100 million. Original issue zero coupon bonds, ""global"" securities (debt issued simultaneously in the eurobond and euro domestic markets), 144a securities and pay-in-kind securities, including toggle notes, qualify for inclusion in the Index. Callable perpetual securities qualify provided they are at least one year from the first call date. Fixed-to-floating rate securities also qualify provided they are callable within the fixed rate period and are at least one year from the last call prior to the date the bond transitions from a fixed to a floating rate security. Defaulted, warrant-bearing and euro legacy currency securities are excluded from the Index.

ICE BofA Explains the Construction Methodology of this series as:
Index constituents are capitalization-weighted based on their current amount outstanding. With the exception of U.S. mortgage pass-throughs and U.S. structured products (ABS, CMBS and CMOs), accrued interest is calculated assuming next-day settlement. Accrued interest for U.S. mortgage pass-through and U.S. structured products is calculated assuming same-day settlement. Cash flows from bond payments that are received during the month are retained in the index until
the end of the month and then are removed as part of the rebalancing. Cash does not earn any reinvestment income while it is held in the Index. The Index is rebalanced on the last calendar day of the month, based on information available up to and including the third business day before the last business day of the month. Issues that meet the qualifying criteria are included in the Index for the following month. Issues that no longer meet the criteria during the course of the month remain in the Index until the next month-end rebalancing at which point they are removed from the Index.

The ICE BofA OASs are the calculated spreads between a computed OAS index of all bonds in a given rating category and a spot Treasury curve. An OAS index is constructed using each constituent bond's OAS, weighted by market capitalization. When the last calendar day of the month takes place on the weekend, weekend observations will occur as a result of month ending accrued interest adjustments.

Certain indices and index data included in FRED are the property of ICE Data Indices, LLC (“ICE DATA”) and used under license. ICE® IS A REGISTERED TRADEMARK OF ICE DATA OR ITS AFFILIATES AND BOFA® IS A REGISTERED TRADEMARK OF BANK OF AMERICA CORPORATION LICENSED BY BANK OF AMERICA CORPORATION AND ITS AFFILIATES (“BOFA”) AND MAY NOT BE USED WITHOUT BOFA’S PRIOR WRITTEN APPROVAL. ICE DATA, ITS AFFILIATES AND THEIR RESPECTIVE THIRD PARTY SUPPLIERS DISCLAIM ANY AND ALL WARRANTIES AND REPRESENTATIONS, EXPRESS AND/OR IMPLIED, INCLUDING ANY WARRANTIES OF MERCHANTABILITY OR FITNESS FOR A PARTICULAR PURPOSE OR USE, INCLUDING WITH REGARD TO THE INDICES, INDEX DATA AND ANY DATA INCLUDED IN, RELATED TO, OR DERIVED THEREFROM. NEITHER ICE DATA, NOR ITS AFFILIATES OR THEIR RESPECTIVE THIRD PARTY PROVIDERS SHALL BE SUBJECT TO ANY DAMAGES OR LIABILITY WITH RESPECT TO THE ADEQUACY, ACCURACY, TIMELINESS OR COMPLETENESS OF THE INDICES OR THE INDEX DATA OR ANY COMPONENT THEREOF. THE INDICES AND INDEX DATA AND ALL COMPONENTS THEREOF ARE PROVIDED ON AN “AS IS” BASIS AND YOUR USE IS AT YOUR OWN RISK. ICE DATA, ITS AFFILIATES AND THEIR RESPECTIVE THIRD PARTY SUPPLIERS DO NOT SPONSOR, ENDORSE, OR RECOMMEND FRED, OR ANY OF ITS PRODUCTS OR SERVICES.

Copyright, 2023, ICE Data Indices. Reproduction of this data in any form is prohibited except with the prior written permission of ICE Data Indices.

The end of day Index values, Index returns, and Index statistics (“Top Level Data”) are being provided for your internal use only and you are not authorized or permitted to publish, distribute or otherwise furnish Top Level Data to any third-party without prior written approval of ICE Data.
Neither ICE Data, its affiliates nor any of its third party suppliers shall have any liability for the accuracy or completeness of the Top Level Data furnished through FRED, or for delays, interruptions or omissions therein nor for any lost profits, direct, indirect, special or consequential damages.
The Top Level Data is not investment advice and a reference to a particular investment or security, a credit rating or any observation concerning a security or investment provided in the Top Level Data is not a recommendation to buy, sell or hold such investment or security or make any other investment decisions.
You shall not use any Indices as a reference index for the purpose of creating financial products (including but not limited to any exchange-traded fund or other passive index-tracking fund, or any other financial instrument whose objective or return is linked in any way to any Index) without prior written approval of ICE Data.
ICE Data, their affiliates or their third party suppliers have exclusive proprietary rights in the Top Level Data and any information and software received in connection therewith.
You shall not use or permit anyone to use the Top Level Data for any unlawful or unauthorized purpose.
Access to the Top Level Data is subject to termination in the event that any agreement between FRED and ICE Data terminates for any reason.
ICE Data may enforce its rights against you as the third-party beneficiary of the FRED Services Terms of Use, even though ICE Data is not a party to the FRED Services Terms of Use.
The FRED Services Terms of Use, including but limited to the limitation of liability, indemnity and disclaimer provisions, shall extend to third party suppliers."
euro_area,Euro Area construction,BAMLHE00EHYIEY,ICE BofA Euro High Yield Index Effective Yield,"Daily, Close",Percent,Not Seasonally Adjusted,2023-09-04,2026-08-31,66,"Starting in April 2026, this series will only include 3 years of observations. For more data, go to the source.

This data represents the effective yield of the ICE BofA Euro High Yield Index tracks the performance of Euro denominated below investment grade corporate debt publicly issued in the euro domestic or eurobond markets. Qualifying securities must have a below investment grade rating (based on an average of Moody's, S&P, and Fitch). Qualifying securities must have at least one year remaining term to maturity, a fixed coupon schedule, and a minimum amount outstanding of Euro 100 million. Original issue zero coupon bonds, ""global"" securities (debt issued simultaneously in the eurobond and euro domestic markets), 144a securities and pay-in-kind securities, including toggle notes, qualify for inclusion in the Index. Callable perpetual securities qualify provided they are at least one year from the first call date. Fixed-to-floating rate securities also qualify provided they are callable within the fixed rate period and are at least one year from the last call prior to the date the bond transitions from a fixed to a floating rate security. Defaulted, warrant-bearing and euro legacy currency securities are excluded from the Index.

ICE BofA Explains the Construction Methodology of this series as:
Index constituents are capitalization-weighted based on their current amount outstanding. With the exception of U.S. mortgage pass-throughs and U.S. structured products (ABS, CMBS and CMOs), accrued interest is calculated assuming next-day settlement. Accrued interest for U.S. mortgage pass-through and U.S. structured products is calculated assuming same-day settlement. Cash flows from bond payments that are received during the month are retained in the index until
the end of the month and then are removed as part of the rebalancing. Cash does not earn any reinvestment income while it is held in the Index. The Index is rebalanced on the last calendar day of the month, based on information available up to and including the third business day before the last business day of the month. Issues that meet the qualifying criteria are included in the Index for the following month. Issues that no longer meet the criteria during the course of the month remain in the Index until the next month-end rebalancing at which point they are removed from the Index.

Certain indices and index data included in FRED are the property of ICE Data Indices, LLC (“ICE DATA”) and used under license. ICE® IS A REGISTERED TRADEMARK OF ICE DATA OR ITS AFFILIATES AND BOFA® IS A REGISTERED TRADEMARK OF BANK OF AMERICA CORPORATION LICENSED BY BANK OF AMERICA CORPORATION AND ITS AFFILIATES (“BOFA”) AND MAY NOT BE USED WITHOUT BOFA’S PRIOR WRITTEN APPROVAL. ICE DATA, ITS AFFILIATES AND THEIR RESPECTIVE THIRD PARTY SUPPLIERS DISCLAIM ANY AND ALL WARRANTIES AND REPRESENTATIONS, EXPRESS AND/OR IMPLIED, INCLUDING ANY WARRANTIES OF MERCHANTABILITY OR FITNESS FOR A PARTICULAR PURPOSE OR USE, INCLUDING WITH REGARD TO THE INDICES, INDEX DATA AND ANY DATA INCLUDED IN, RELATED TO, OR DERIVED THEREFROM. NEITHER ICE DATA, NOR ITS AFFILIATES OR THEIR RESPECTIVE THIRD PARTY PROVIDERS SHALL BE SUBJECT TO ANY DAMAGES OR LIABILITY WITH RESPECT TO THE ADEQUACY, ACCURACY, TIMELINESS OR COMPLETENESS OF THE INDICES OR THE INDEX DATA OR ANY COMPONENT THEREOF. THE INDICES AND INDEX DATA AND ALL COMPONENTS THEREOF ARE PROVIDED ON AN “AS IS” BASIS AND YOUR USE IS AT YOUR OWN RISK. ICE DATA, ITS AFFILIATES AND THEIR RESPECTIVE THIRD PARTY SUPPLIERS DO NOT SPONSOR, ENDORSE, OR RECOMMEND FRED, OR ANY OF ITS PRODUCTS OR SERVICES.

Copyright, 2023, ICE Data Indices. Reproduction of this data in any form is prohibited except with the prior written permission of ICE Data Indices.

The end of day Index values, Index returns, and Index statistics (“Top Level Data”) are being provided for your internal use only and you are not authorized or permitted to publish, distribute or otherwise furnish Top Level Data to any third-party without prior written approval of ICE Data.
Neither ICE Data, its affiliates nor any of its third party suppliers shall have any liability for the accuracy or completeness of the Top Level Data furnished through FRED, or for delays, interruptions or omissions therein nor for any lost profits, direct, indirect, special or consequential damages.
The Top Level Data is not investment advice and a reference to a particular investment or security, a credit rating or any observation concerning a security or investment provided in the Top Level Data is not a recommendation to buy, sell or hold such investment or security or make any other investment decisions.
You shall not use any Indices as a reference index for the purpose of creating financial products (including but not limited to any exchange-traded fund or other passive index-tracking fund, or any other financial instrument whose objective or return is linked in any way to any Index) without prior written approval of ICE Data.
ICE Data, their affiliates or their third party suppliers have exclusive proprietary rights in the Top Level Data and any information and software received in connection therewith.
You shall not use or permit anyone to use the Top Level Data for any unlawful or unauthorized purpose.
Access to the Top Level Data is subject to termination in the event that any agreement between FRED and ICE Data terminates for any reason.
ICE Data may enforce its rights against you as the third-party beneficiary of the FRED Services Terms of Use, even though ICE Data is not a party to the FRED Services Terms of Use.
The FRED Services Terms of Use, including but limited to the limitation of liability, indemnity and disclaimer provisions, shall extend to third party suppliers."
euro_area,Euro Area construction,BAMLHE00EHYITRIV,ICE BofA Euro High Yield Index Total Return Index Value,"Daily, Close",Index,Not Seasonally Adjusted,2023-09-04,2026-08-31,57,"Starting in April 2026, this series will only include 3 years of observations. For more data, go to the source.

This data represents the ICE BofA Euro High Yield Index value, which tracks the performance of Euro denominated below investment grade corporate debt publicly issued in the euro domestic or eurobond markets. Qualifying securities must have a below investment grade rating (based on an average of Moody's, S&P, and Fitch). Qualifying securities must have at least one year remaining term to maturity, a fixed coupon schedule, and a minimum amount outstanding of Euro 100 million. Original issue zero coupon bonds, ""global"" securities (debt issued simultaneously in the eurobond and euro domestic markets), 144a securities and pay-in-kind securities, including toggle notes, qualify for inclusion in the Index. Callable perpetual securities qualify provided they are at least one year from the first call date. Fixed-to-floating rate securities also qualify provided they are callable within the fixed rate period and are at least one year from the last call prior to the date the bond transitions from a fixed to a floating rate security. Defaulted, warrant-bearing and euro legacy currency securities are excluded from the Index.

ICE BofA Explains the Construction Methodology of this series as:
Index constituents are capitalization-weighted based on their current amount outstanding. With the exception of U.S. mortgage pass-throughs and U.S. structured products (ABS, CMBS and CMOs), accrued interest is calculated assuming next-day settlement. Accrued interest for U.S. mortgage pass-through and U.S. structured products is calculated assuming same-day settlement. Cash flows from bond payments that are received during the month are retained in the index until
the end of the month and then are removed as part of the rebalancing. Cash does not earn any reinvestment income while it is held in the Index. The Index is rebalanced on the last calendar day of the month, based on information available up to and including the third business day before the last business day of the month. Issues that meet the qualifying criteria are included in the Index for the following month. Issues that no longer meet the criteria during the course of the month remain in the Index until the next month-end rebalancing at which point they are removed from the Index.

Certain indices and index data included in FRED are the property of ICE Data Indices, LLC (“ICE DATA”) and used under license. ICE® IS A REGISTERED TRADEMARK OF ICE DATA OR ITS AFFILIATES AND BOFA® IS A REGISTERED TRADEMARK OF BANK OF AMERICA CORPORATION LICENSED BY BANK OF AMERICA CORPORATION AND ITS AFFILIATES (“BOFA”) AND MAY NOT BE USED WITHOUT BOFA’S PRIOR WRITTEN APPROVAL. ICE DATA, ITS AFFILIATES AND THEIR RESPECTIVE THIRD PARTY SUPPLIERS DISCLAIM ANY AND ALL WARRANTIES AND REPRESENTATIONS, EXPRESS AND/OR IMPLIED, INCLUDING ANY WARRANTIES OF MERCHANTABILITY OR FITNESS FOR A PARTICULAR PURPOSE OR USE, INCLUDING WITH REGARD TO THE INDICES, INDEX DATA AND ANY DATA INCLUDED IN, RELATED TO, OR DERIVED THEREFROM. NEITHER ICE DATA, NOR ITS AFFILIATES OR THEIR RESPECTIVE THIRD PARTY PROVIDERS SHALL BE SUBJECT TO ANY DAMAGES OR LIABILITY WITH RESPECT TO THE ADEQUACY, ACCURACY, TIMELINESS OR COMPLETENESS OF THE INDICES OR THE INDEX DATA OR ANY COMPONENT THEREOF. THE INDICES AND INDEX DATA AND ALL COMPONENTS THEREOF ARE PROVIDED ON AN “AS IS” BASIS AND YOUR USE IS AT YOUR OWN RISK. ICE DATA, ITS AFFILIATES AND THEIR RESPECTIVE THIRD PARTY SUPPLIERS DO NOT SPONSOR, ENDORSE, OR RECOMMEND FRED, OR ANY OF ITS PRODUCTS OR SERVICES.

Copyright, 2023, ICE Data Indices. Reproduction of this data in any form is prohibited except with the prior written permission of ICE Data Indices.

The end of day Index values, Index returns, and Index statistics (“Top Level Data”) are being provided for your internal use only and you are not authorized or permitted to publish, distribute or otherwise furnish Top Level Data to any third-party without prior written approval of ICE Data.
Neither ICE Data, its affiliates nor any of its third party suppliers shall have any liability for the accuracy or completeness of the Top Level Data furnished through FRED, or for delays, interruptions or omissions therein nor for any lost profits, direct, indirect, special or consequential damages.
The Top Level Data is not investment advice and a reference to a particular investment or security, a credit rating or any observation concerning a security or investment provided in the Top Level Data is not a recommendation to buy, sell or hold such investment or security or make any other investment decisions.
You shall not use any Indices as a reference index for the purpose of creating financial products (including but not limited to any exchange-traded fund or other passive index-tracking fund, or any other financial instrument whose objective or return is linked in any way to any Index) without prior written approval of ICE Data.
ICE Data, their affiliates or their third party suppliers have exclusive proprietary rights in the Top Level Data and any information and software received in connection therewith.
You shall not use or permit anyone to use the Top Level Data for any unlawful or unauthorized purpose.
Access to the Top Level Data is subject to termination in the event that any agreement between FRED and ICE Data terminates for any reason.
ICE Data may enforce its rights against you as the third-party beneficiary of the FRED Services Terms of Use, even though ICE Data is not a party to the FRED Services Terms of Use.
The FRED Services Terms of Use, including but limited to the limitation of liability, indemnity and disclaimer provisions, shall extend to third party suppliers."
euro_area,Euro Area construction,BAMLHE00EHYISYTW,ICE BofA Euro High Yield Index Semi-Annual Yield to Worst,"Daily, Close",Percent,Not Seasonally Adjusted,2023-09-04,2026-08-31,30,"Starting in April 2026, this series will only include 3 years of observations. For more data, go to the source.

This data represents the semi-annual yield to worst of the ICE BofA Euro High Yield Index tracks the performance of Euro denominated below investment grade corporate debt publicly issued in the euro domestic or eurobond markets. Qualifying securities must have a below investment grade rating (based on an average of Moody's, S&P, and Fitch). Qualifying securities must have at least one year remaining term to maturity, a fixed coupon schedule, and a minimum amount outstanding of Euro 100 million. Original issue zero coupon bonds, ""global"" securities (debt issued simultaneously in the eurobond and euro domestic markets), 144a securities and pay-in-kind securities, including toggle notes, qualify for inclusion in the Index. Callable perpetual securities qualify provided they are at least one year from the first call date. Fixed-to-floating rate securities also qualify provided they are callable within the fixed rate period and are at least one year from the last call prior to the date the bond transitions from a fixed to a floating rate security. Defaulted, warrant-bearing and euro legacy currency securities are excluded from the Index.

ICE BofA Explains the Construction Methodology of this series as:
Index constituents are capitalization-weighted based on their current amount outstanding. With the exception of U.S. mortgage pass-throughs and U.S. structured products (ABS, CMBS and CMOs), accrued interest is calculated assuming next-day settlement. Accrued interest for U.S. mortgage pass-through and U.S. structured products is calculated assuming same-day settlement. Cash flows from bond payments that are received during the month are retained in the index until
the end of the month and then are removed as part of the rebalancing. Cash does not earn any reinvestment income while it is held in the Index. The Index is rebalanced on the last calendar day of the month, based on information available up to and including the third business day before the last business day of the month. Issues that meet the qualifying criteria are included in the Index for the following month. Issues that no longer meet the criteria during the course of the month remain in the Index until the next month-end rebalancing at which point they are removed from the Index.

Yield to worst is the lowest potential yield that a bond can generate without the issuer defaulting. The standard US convention for this series is to use semi-annual coupon payments, whereas the standard in the foreign markets is to use coupon payment frequencies of annual, semi-annual, quarterly, and monthly. When the last calendar day of the month takes place on the weekend, weekend observations will occur as a result of month ending accrued interest adjustments.

Certain indices and index data included in FRED are the property of ICE Data Indices, LLC (“ICE DATA”) and used under license. ICE® IS A REGISTERED TRADEMARK OF ICE DATA OR ITS AFFILIATES AND BOFA® IS A REGISTERED TRADEMARK OF BANK OF AMERICA CORPORATION LICENSED BY BANK OF AMERICA CORPORATION AND ITS AFFILIATES (“BOFA”) AND MAY NOT BE USED WITHOUT BOFA’S PRIOR WRITTEN APPROVAL. ICE DATA, ITS AFFILIATES AND THEIR RESPECTIVE THIRD PARTY SUPPLIERS DISCLAIM ANY AND ALL WARRANTIES AND REPRESENTATIONS, EXPRESS AND/OR IMPLIED, INCLUDING ANY WARRANTIES OF MERCHANTABILITY OR FITNESS FOR A PARTICULAR PURPOSE OR USE, INCLUDING WITH REGARD TO THE INDICES, INDEX DATA AND ANY DATA INCLUDED IN, RELATED TO, OR DERIVED THEREFROM. NEITHER ICE DATA, NOR ITS AFFILIATES OR THEIR RESPECTIVE THIRD PARTY PROVIDERS SHALL BE SUBJECT TO ANY DAMAGES OR LIABILITY WITH RESPECT TO THE ADEQUACY, ACCURACY, TIMELINESS OR COMPLETENESS OF THE INDICES OR THE INDEX DATA OR ANY COMPONENT THEREOF. THE INDICES AND INDEX DATA AND ALL COMPONENTS THEREOF ARE PROVIDED ON AN “AS IS” BASIS AND YOUR USE IS AT YOUR OWN RISK. ICE DATA, ITS AFFILIATES AND THEIR RESPECTIVE THIRD PARTY SUPPLIERS DO NOT SPONSOR, ENDORSE, OR RECOMMEND FRED, OR ANY OF ITS PRODUCTS OR SERVICES.

Copyright, 2023, ICE Data Indices. Reproduction of this data in any form is prohibited except with the prior written permission of ICE Data Indices.

The end of day Index values, Index returns, and Index statistics (“Top Level Data”) are being provided for your internal use only and you are not authorized or permitted to publish, distribute or otherwise furnish Top Level Data to any third-party without prior written approval of ICE Data.
Neither ICE Data, its affiliates nor any of its third party suppliers shall have any liability for the accuracy or completeness of the Top Level Data furnished through FRED, or for delays, interruptions or omissions therein nor for any lost profits, direct, indirect, special or consequential damages.
The Top Level Data is not investment advice and a reference to a particular investment or security, a credit rating or any observation concerning a security or investment provided in the Top Level Data is not a recommendation to buy, sell or hold such investment or security or make any other investment decisions.
You shall not use any Indices as a reference index for the purpose of creating financial products (including but not limited to any exchange-traded fund or other passive index-tracking fund, or any other financial instrument whose objective or return is linked in any way to any Index) without prior written approval of ICE Data.
ICE Data, their affiliates or their third party suppliers have exclusive proprietary rights in the Top Level Data and any information and software received in connection therewith.
You shall not use or permit anyone to use the Top Level Data for any unlawful or unauthorized purpose.
Access to the Top Level Data is subject to termination in the event that any agreement between FRED and ICE Data terminates for any reason.
ICE Data may enforce its rights against you as the third-party beneficiary of the FRED Services Terms of Use, even though ICE Data is not a party to the FRED Services Terms of Use.
The FRED Services Terms of Use, including but limited to the limitation of liability, indemnity and disclaimer provisions, shall extend to third party suppliers."
euro_area,Euro Area construction,EUROREC,OECD based Recession Indicators for Euro Area from the Period following the Peak through the Trough (DISCONTINUED),Monthly,+1 or 0,Not Seasonally Adjusted,1960-03-01,2022-08-01,19,"This time series is an interpretation of Organisation of Economic Development (OECD) Composite Leading Indicators: Reference Turning Points and Component Series data provided by the OECD at http://www.oecd.org/std/leading-indicators/oecdcompositeleadingindicatorsreferenceturningpointsandcomponentseries.htm. The OECD identifies months of turning points without designating a date within the month that turning points occurred. The dummy variable adopts an arbitrary convention that the turning point occurred at a specific date within the month. The arbitrary convention does not reflect any judgment on this issue by the OECD. Our time series is composed of dummy variables that represent periods of expansion and recession. A value of 1 is a recessionary period, while a value of 0 is an expansionary period. For this time series, the recession begins the first day of the period following a peak and ends on the last day of the period of the trough. For more options on recession shading, see the notes and links below.

The recession shading data that we provide initially comes from the source as a list of dates that are either an economic peak or trough. We interpret dates into recession shading data using one of three arbitrary methods. All of our recession shading data is available using all three interpretations. The period between a peak and trough is always shaded as a recession. The peak and trough are collectively extrema. Depending on the application, the extrema, both individually and collectively, may be included in the recession period in whole or in part. In situations where a portion of a period is included in the recession, the whole period is deemed to be included in the recession period.

The first interpretation, known as the midpoint method, is to show a recession from the midpoint of the peak through the midpoint of the trough for monthly and quarterly data. For daily data, the recession begins on the 15th of the month of the peak and ends on the 15th of the month of the trough. Daily data is a disaggregation of monthly data. For monthly and quarterly data, the entire peak and trough periods are included in the recession shading. This method shows the maximum number of periods as a recession for monthly and quarterly data. The Federal Reserve Bank of St. Louis uses this method in its own publications. A version of this time series represented using the midpoint method can be found at:

https://fred.stlouisfed.org/series/EURORECM

The second interpretation, known as the trough method, is to show a recession from the period following the peak through the trough (i.e. the peak is not included in the recession shading, but the trough is). For daily data, the recession begins on the first day of the first month following the peak and ends on the last day of the month of the trough. Daily data is a disaggregation of monthly data. The trough method is used when displaying data on FRED graphs. The trough method is used for this series.

The third interpretation, known as the peak method, is to show a recession from the period of the peak to the trough (i.e. the peak is included in the recession shading, but the trough is not). For daily data, the recession begins on the first day of the month of the peak and ends on the last day of the month preceding the trough. Daily data is a disaggregation of monthly data. A version of this time series represented using the peak method can be found at:

https://fred.stlouisfed.org/series/EURORECP

The OECD CLI system is based on the ""growth cycle"" approach, where business cycles and turning points are measured and identified in the deviation-from-trend series. The main reference series used in the OECD CLI system for the majority of countries is industrial production (IIP) covering all industry sectors excluding construction. This series is used because of its cyclical sensitivity and monthly availability, while the broad based Gross Domestic Product (GDP) is used to supplement the IIP series for identification of the final reference turning points in the growth cycle.

Zones aggregates of the CLIs and the reference series are calculated as weighted averages of the corresponding zone member series (i.e. CLIs and IIPs).

Up to December 2008 the turning points chronologies shown for regional/zone area aggregates or individual countries are determined by the rules established by the National Bureau of Economic Research (NBER) in the United States, which have been formalized and incorporated in a computer routine (Bry and Boschan) and included in the Phase-Average Trend (PAT) de-trending procedure. Starting from December 2008 the turning point detection algorithm is decoupled from the de-trending procedure, and is a simplified version of the original Bry and Boschan routine. (The routine parses local minima and maxima in the cycle series and applies censor rules to guarantee alternating peaks and troughs, as well as phase and cycle length constraints.)

The components of the CLI are time series which exhibit leading relationship with the reference series (IIP) at turning points. Country CLIs are compiled by combining de-trended smoothed and normalized components. The component series for each country are selected based on various criteria such as economic significance; cyclical behavior; data quality; timeliness and availability.

The Euro area covers the Europe 16 area excluding Denmark, Sweden, and United Kingdom.

OECD data should be cited as follows: OECD Composite Leading Indicators, ""Composite Leading Indicators: Reference Turning Points and Component Series"", http://www.oecd.org/std/leading-indicators/oecdcompositeleadingindicatorsreferenceturningpointsandcomponentseries.htm (Accessed on date)"
euro_area,Euro Area construction,EURORECD,OECD based Recession Indicators for Euro Area from the Period following the Peak through the Trough (DISCONTINUED),"Daily, 7-Day",+1 or 0,Not Seasonally Adjusted,1960-03-01,2022-08-31,10,"This time series is an interpretation of Organisation of Economic Development (OECD) Composite Leading Indicators: Reference Turning Points and Component Series data, which can be found at http://www.oecd.org/std/leading-indicators/oecdcompositeleadingindicatorsreferenceturningpointsandcomponentseries.htm. The OECD identifies months of turning points without designating a date within the month that turning points occurred. The dummy variable adopts an arbitrary convention that the turning point occurred at a specific date within the month. The arbitrary convention does not reflect any judgment on this issue by the OECD. Our time series is composed of dummy variables that represent periods of expansion and recession. A value of 1 is a recessionary period, while a value of 0 is an expansionary period. For this time series, the recession begins the first day of the period following a peak and ends on the last day of the period of the trough. For more options on recession shading, see the notes and links below.

The recession shading data that we provide initially comes from the source as a list of dates that are either an economic peak or trough. We interpret dates into recession shading data using one of three arbitrary methods. All of our recession shading data is available using all three interpretations. The period between a peak and trough is always shaded as a recession. The peak and trough are collectively extrema. Depending on the application, the extrema, both individually and collectively, may be included in the recession period in whole or in part. In situations where a portion of a period is included in the recession, the whole period is deemed to be included in the recession period.

The first interpretation, known as the midpoint method, is to show a recession from the midpoint of the peak through the midpoint of the trough for monthly and quarterly data. For daily data, the recession begins on the 15th of the month of the peak and ends on the 15th of the month of the trough. Daily data is a disaggregation of monthly data. For monthly and quarterly data, the entire peak and trough periods are included in the recession shading. This method shows the maximum number of periods as a recession for monthly and quarterly data. The Federal Reserve Bank of St. Louis uses this method in its own publications. A version of this time series represented using the midpoint method can be found at:

https://fred.stlouisfed.org/series/EURORECDM

The second interpretation, known as the trough method, is to show a recession from the period following the peak through the trough (i.e. the peak is not included in the recession shading, but the trough is). For daily data, the recession begins on the first day of the first month following the peak and ends on the last day of the month of the trough. Daily data is a disaggregation of monthly data. The trough method is used when displaying data on FRED graphs. The trough method is used for this series.

The third interpretation, known as the peak method, is to show a recession from the period of the peak to the trough (i.e. the peak is included in the recession shading, but the trough is not). For daily data, the recession begins on the first day of the month of the peak and ends on the last day of the month preceding the trough. Daily data is a disaggregation of monthly data. A version of this time series represented using the peak method can be found at:

https://fred.stlouisfed.org/series/EURORECDP

The OECD CLI system is based on the ""growth cycle"" approach, where business cycles and turning points are measured and identified in the deviation-from-trend series. The main reference series used in the OECD CLI system for the majority of countries is industrial production (IIP) covering all industry sectors excluding construction. This series is used because of its cyclical sensitivity and monthly availability, while the broad based Gross Domestic Product (GDP) is used to supplement the IIP series for identification of the final reference turning points in the growth cycle.

Zones aggregates of the CLIs and the reference series are calculated as weighted averages of the corresponding zone member series (i.e. CLIs and IIPs).

Up to December 2008 the turning points chronologies shown for regional/zone area aggregates or individual countries are determined by the rules established by the National Bureau of Economic Research (NBER) in the United States, which have been formalized and incorporated in a computer routine (Bry and Boschan) and included in the Phase-Average Trend (PAT) de-trending procedure. Starting from December 2008 the turning point detection algorithm is decoupled from the de-trending procedure, and is a simplified version of the original Bry and Boschan routine. (The routine parses local minima and maxima in the cycle series and applies censor rules to guarantee alternating peaks and troughs, as well as phase and cycle length constraints.)

The components of the CLI are time series which exhibit leading relationship with the reference series (IIP) at turning points. Country CLIs are compiled by combining de-trended smoothed and normalized components. The component series for each country are selected based on various criteria such as economic significance; cyclical behavior; data quality; timeliness and availability.

The Euro area covers the Europe 16 area excluding Denmark, Sweden, and United Kingdom.

OECD data should be cited as follows: OECD Composite Leading Indicators, ""Composite Leading Indicators: Reference Turning Points and Component Series"", http://www.oecd.org/std/leading-indicators/oecdcompositeleadingindicatorsreferenceturningpointsandcomponentseries.htm (Accessed on date)"
euro_area,Euro Area construction,PRINTO01EZQ661S,Production: Industry: Total Industry Excluding Construction for Euro Area (19 Countries),Quarterly,Index 2015=100,Seasonally Adjusted,1975-07-01,2023-07-01,10,"OECD Descriptor ID: PRINTO01
OECD unit ID: IDX
OECD country ID: EA19

All OECD data should be cited as follows: OECD, ""Main Economic Indicators - complete database"", Main Economic Indicators (database), https://dx.doi.org/10.1787/data-00052-en (Accessed on date) Copyright, 2016, OECD. Reprinted with permission"
euro_area,Euro Area construction,EA19PRINTO01GYSAM,Production: Industry: Total Industry Excluding Construction for Euro Area (19 Countries),Monthly,Growth rate same period previous year,Seasonally Adjusted,1976-07-01,2023-10-01,7,"OECD Data Filters: 
REF_AREA: EA19
MEASURE: PRVM
UNIT_MEASURE: GR
ACTIVITY: BTE
ADJUSTMENT: Y
TRANSFORMATION: GY
FREQ: M

All OECD data should be cited as follows: OECD (year), (dataset name), (data source) DOI or https://data-explorer.oecd.org/ (https://data-explorer.oecd.org/). (accessed on (date))."
euro_area,Euro Area construction,EA19PRINTO01IXOBSAM,Production: Industry: Total Industry Excluding Construction for Euro Area (19 Countries),Monthly,Index 2015=100,Seasonally Adjusted,1975-07-01,2023-10-01,4,"OECD Descriptor ID: PRINTO01
OECD unit ID: IDX
OECD country ID: EA19

All OECD data should be cited as follows: OECD, ""Main Economic Indicators - complete database"", Main Economic Indicators (database), https://dx.doi.org/10.1787/data-00052-en (Accessed on date) Copyright, 2016, OECD. Reprinted with permission"
euro_area,Euro Area construction,PRINTO01EZA661S,Production: Industry: Total Industry Excluding Construction for Euro Area (19 Countries),Annual,Index 2015=100,Seasonally Adjusted,1980-01-01,2022-01-01,2,"OECD Descriptor ID: PRINTO01
OECD unit ID: IDX
OECD country ID: EA19

All OECD data should be cited as follows: OECD, ""Main Economic Indicators - complete database"", Main Economic Indicators (database), https://dx.doi.org/10.1787/data-00052-en (Accessed on date) Copyright, 2016, OECD. Reprinted with permission"
euro_area,Euro Area construction,PRINTO01EZA657S,Production: Industry: Total Industry Excluding Construction for Euro Area (19 Countries),Annual,Growth rate previous period,Seasonally Adjusted,1981-01-01,2022-01-01,2,"OECD Data Filters: 
REF_AREA: EA19
MEASURE: PRVM
UNIT_MEASURE: GR
ACTIVITY: BTE
ADJUSTMENT: Y
TRANSFORMATION: G1
FREQ: A

All OECD data should be cited as follows: OECD (year), (dataset name), (data source) DOI or https://data-explorer.oecd.org/ (https://data-explorer.oecd.org/). (accessed on (date))."
euro_area,Euro Area construction,PRINTO01EZQ657S,Production: Industry: Total Industry Excluding Construction for Euro Area (19 Countries),Quarterly,Growth rate previous period,Seasonally Adjusted,1975-10-01,2023-07-01,2,"OECD Data Filters: 
REF_AREA: EA19
MEASURE: PRVM
UNIT_MEASURE: GR
ACTIVITY: BTE
ADJUSTMENT: Y
TRANSFORMATION: G1
FREQ: Q

All OECD data should be cited as follows: OECD (year), (dataset name), (data source) DOI or https://data-explorer.oecd.org/ (https://data-explorer.oecd.org/). (accessed on (date))."
euro_area,Euro Area construction,EA19PRINTO01GPSAM,Production: Industry: Total Industry Excluding Construction for Euro Area (19 Countries),Monthly,Growth rate previous period,Seasonally Adjusted,1975-08-01,2023-10-01,1,"OECD Data Filters: 
REF_AREA: EA19
MEASURE: PRVM
UNIT_MEASURE: GR
ACTIVITY: BTE
ADJUSTMENT: Y
TRANSFORMATION: G1
FREQ: M

All OECD data should be cited as follows: OECD (year), (dataset name), (data source) DOI or https://data-explorer.oecd.org/ (https://data-explorer.oecd.org/). (accessed on (date))."
euro_area,Euro Area construction,EA19PRINTO01IXNBSAM,Production: Industry: Total Industry Excluding Construction for Euro Area (19 Countries),Monthly,Index source base,Seasonally Adjusted,1975-07-01,2023-10-01,1,"OECD Descriptor ID: PRINTO01
OECD unit ID: IDX
OECD country ID: EA19

All OECD data should be cited as follows: OECD, ""Main Economic Indicators - complete database"", Main Economic Indicators (database), https://dx.doi.org/10.1787/data-00052-en (Accessed on date) Copyright, 2016, OECD. Reprinted with permission"
euro_area,Euro Area construction,PRINTO01EZQ661N,Production: Industry: Total Industry Excluding Construction for Euro Area (19 Countries),Quarterly,Index 2015=100,Not Seasonally Adjusted,1980-01-01,2022-10-01,1,"OECD Descriptor ID: PRINTO01
OECD unit ID: IDX
OECD country ID: EA19

All OECD data should be cited as follows: OECD, ""Main Economic Indicators - complete database"", Main Economic Indicators (database), https://dx.doi.org/10.1787/data-00052-en (Accessed on date) Copyright, 2016, OECD. Reprinted with permission"
euro_area,Euro Area construction,EA19PRINTO01IXOBM,Production: Industry: Total Industry Excluding Construction for Euro Area (19 Countries),Monthly,Index 2015=100,Not Seasonally Adjusted,1980-01-01,2022-12-01,1,"OECD Descriptor ID: PRINTO01
OECD unit ID: IDX
OECD country ID: EA19

All OECD data should be cited as follows: OECD, ""Main Economic Indicators - complete database"", Main Economic Indicators (database), https://dx.doi.org/10.1787/data-00052-en (Accessed on date) Copyright, 2016, OECD. Reprinted with permission"
euro_area,Euro Area construction,PRINTO01EZQ659S,Production: Industry: Total Industry Excluding Construction for Euro Area (19 Countries),Quarterly,Growth rate same period previous year,Seasonally Adjusted,1976-07-01,2023-07-01,1,"OECD Data Filters: 
REF_AREA: EA19
MEASURE: PRVM
UNIT_MEASURE: GR
ACTIVITY: BTE
ADJUSTMENT: Y
TRANSFORMATION: GY
FREQ: Q

All OECD data should be cited as follows: OECD (year), (dataset name), (data source) DOI or https://data-explorer.oecd.org/ (https://data-explorer.oecd.org/). (accessed on (date))."
euro_area,Euro Area construction,PRINTO01EZA659S,Production: Industry: Total Industry Excluding Construction for Euro Area (19 Countries),Annual,Growth rate same period previous year,Seasonally Adjusted,1981-01-01,2022-01-01,1,"OECD Data Filters: 
REF_AREA: EA19
MEASURE: PRVM
UNIT_MEASURE: GR
ACTIVITY: BTE
ADJUSTMENT: Y
TRANSFORMATION: GY
FREQ: A

All OECD data should be cited as follows: OECD (year), (dataset name), (data source) DOI or https://data-explorer.oecd.org/ (https://data-explorer.oecd.org/). (accessed on (date))."
euro_area,Euro Area construction,EA19PRINTO01IXNBSAQ,Production: Industry: Total Industry Excluding Construction for Euro Area (19 Countries),Quarterly,Index source base,Seasonally Adjusted,1975-07-01,2023-07-01,1,"OECD Descriptor ID: PRINTO01
OECD unit ID: IDX
OECD country ID: EA19

All OECD data should be cited as follows: OECD, ""Main Economic Indicators - complete database"", Main Economic Indicators (database), https://dx.doi.org/10.1787/data-00052-en (Accessed on date) Copyright, 2016, OECD. Reprinted with permission"
euro_area,Euro Area construction,PRINTO01EZA661N,Production: Industry: Total Industry Excluding Construction for Euro Area (19 Countries),Annual,Index 2015=100,Not Seasonally Adjusted,1980-01-01,2022-01-01,1,"OECD Descriptor ID: PRINTO01
OECD unit ID: IDX
OECD country ID: EA19

All OECD data should be cited as follows: OECD, ""Main Economic Indicators - complete database"", Main Economic Indicators (database), https://dx.doi.org/10.1787/data-00052-en (Accessed on date) Copyright, 2016, OECD. Reprinted with permission"
euro_area,Euro Area industrial production,EUROREC,OECD based Recession Indicators for Euro Area from the Period following the Peak through the Trough (DISCONTINUED),Monthly,+1 or 0,Not Seasonally Adjusted,1960-03-01,2022-08-01,19,"This time series is an interpretation of Organisation of Economic Development (OECD) Composite Leading Indicators: Reference Turning Points and Component Series data provided by the OECD at http://www.oecd.org/std/leading-indicators/oecdcompositeleadingindicatorsreferenceturningpointsandcomponentseries.htm. The OECD identifies months of turning points without designating a date within the month that turning points occurred. The dummy variable adopts an arbitrary convention that the turning point occurred at a specific date within the month. The arbitrary convention does not reflect any judgment on this issue by the OECD. Our time series is composed of dummy variables that represent periods of expansion and recession. A value of 1 is a recessionary period, while a value of 0 is an expansionary period. For this time series, the recession begins the first day of the period following a peak and ends on the last day of the period of the trough. For more options on recession shading, see the notes and links below.

The recession shading data that we provide initially comes from the source as a list of dates that are either an economic peak or trough. We interpret dates into recession shading data using one of three arbitrary methods. All of our recession shading data is available using all three interpretations. The period between a peak and trough is always shaded as a recession. The peak and trough are collectively extrema. Depending on the application, the extrema, both individually and collectively, may be included in the recession period in whole or in part. In situations where a portion of a period is included in the recession, the whole period is deemed to be included in the recession period.

The first interpretation, known as the midpoint method, is to show a recession from the midpoint of the peak through the midpoint of the trough for monthly and quarterly data. For daily data, the recession begins on the 15th of the month of the peak and ends on the 15th of the month of the trough. Daily data is a disaggregation of monthly data. For monthly and quarterly data, the entire peak and trough periods are included in the recession shading. This method shows the maximum number of periods as a recession for monthly and quarterly data. The Federal Reserve Bank of St. Louis uses this method in its own publications. A version of this time series represented using the midpoint method can be found at:

https://fred.stlouisfed.org/series/EURORECM

The second interpretation, known as the trough method, is to show a recession from the period following the peak through the trough (i.e. the peak is not included in the recession shading, but the trough is). For daily data, the recession begins on the first day of the first month following the peak and ends on the last day of the month of the trough. Daily data is a disaggregation of monthly data. The trough method is used when displaying data on FRED graphs. The trough method is used for this series.

The third interpretation, known as the peak method, is to show a recession from the period of the peak to the trough (i.e. the peak is included in the recession shading, but the trough is not). For daily data, the recession begins on the first day of the month of the peak and ends on the last day of the month preceding the trough. Daily data is a disaggregation of monthly data. A version of this time series represented using the peak method can be found at:

https://fred.stlouisfed.org/series/EURORECP

The OECD CLI system is based on the ""growth cycle"" approach, where business cycles and turning points are measured and identified in the deviation-from-trend series. The main reference series used in the OECD CLI system for the majority of countries is industrial production (IIP) covering all industry sectors excluding construction. This series is used because of its cyclical sensitivity and monthly availability, while the broad based Gross Domestic Product (GDP) is used to supplement the IIP series for identification of the final reference turning points in the growth cycle.

Zones aggregates of the CLIs and the reference series are calculated as weighted averages of the corresponding zone member series (i.e. CLIs and IIPs).

Up to December 2008 the turning points chronologies shown for regional/zone area aggregates or individual countries are determined by the rules established by the National Bureau of Economic Research (NBER) in the United States, which have been formalized and incorporated in a computer routine (Bry and Boschan) and included in the Phase-Average Trend (PAT) de-trending procedure. Starting from December 2008 the turning point detection algorithm is decoupled from the de-trending procedure, and is a simplified version of the original Bry and Boschan routine. (The routine parses local minima and maxima in the cycle series and applies censor rules to guarantee alternating peaks and troughs, as well as phase and cycle length constraints.)

The components of the CLI are time series which exhibit leading relationship with the reference series (IIP) at turning points. Country CLIs are compiled by combining de-trended smoothed and normalized components. The component series for each country are selected based on various criteria such as economic significance; cyclical behavior; data quality; timeliness and availability.

The Euro area covers the Europe 16 area excluding Denmark, Sweden, and United Kingdom.

OECD data should be cited as follows: OECD Composite Leading Indicators, ""Composite Leading Indicators: Reference Turning Points and Component Series"", http://www.oecd.org/std/leading-indicators/oecdcompositeleadingindicatorsreferenceturningpointsandcomponentseries.htm (Accessed on date)"
euro_area,Euro Area industrial production,EURORECD,OECD based Recession Indicators for Euro Area from the Period following the Peak through the Trough (DISCONTINUED),"Daily, 7-Day",+1 or 0,Not Seasonally Adjusted,1960-03-01,2022-08-31,10,"This time series is an interpretation of Organisation of Economic Development (OECD) Composite Leading Indicators: Reference Turning Points and Component Series data, which can be found at http://www.oecd.org/std/leading-indicators/oecdcompositeleadingindicatorsreferenceturningpointsandcomponentseries.htm. The OECD identifies months of turning points without designating a date within the month that turning points occurred. The dummy variable adopts an arbitrary convention that the turning point occurred at a specific date within the month. The arbitrary convention does not reflect any judgment on this issue by the OECD. Our time series is composed of dummy variables that represent periods of expansion and recession. A value of 1 is a recessionary period, while a value of 0 is an expansionary period. For this time series, the recession begins the first day of the period following a peak and ends on the last day of the period of the trough. For more options on recession shading, see the notes and links below.

The recession shading data that we provide initially comes from the source as a list of dates that are either an economic peak or trough. We interpret dates into recession shading data using one of three arbitrary methods. All of our recession shading data is available using all three interpretations. The period between a peak and trough is always shaded as a recession. The peak and trough are collectively extrema. Depending on the application, the extrema, both individually and collectively, may be included in the recession period in whole or in part. In situations where a portion of a period is included in the recession, the whole period is deemed to be included in the recession period.

The first interpretation, known as the midpoint method, is to show a recession from the midpoint of the peak through the midpoint of the trough for monthly and quarterly data. For daily data, the recession begins on the 15th of the month of the peak and ends on the 15th of the month of the trough. Daily data is a disaggregation of monthly data. For monthly and quarterly data, the entire peak and trough periods are included in the recession shading. This method shows the maximum number of periods as a recession for monthly and quarterly data. The Federal Reserve Bank of St. Louis uses this method in its own publications. A version of this time series represented using the midpoint method can be found at:

https://fred.stlouisfed.org/series/EURORECDM

The second interpretation, known as the trough method, is to show a recession from the period following the peak through the trough (i.e. the peak is not included in the recession shading, but the trough is). For daily data, the recession begins on the first day of the first month following the peak and ends on the last day of the month of the trough. Daily data is a disaggregation of monthly data. The trough method is used when displaying data on FRED graphs. The trough method is used for this series.

The third interpretation, known as the peak method, is to show a recession from the period of the peak to the trough (i.e. the peak is included in the recession shading, but the trough is not). For daily data, the recession begins on the first day of the month of the peak and ends on the last day of the month preceding the trough. Daily data is a disaggregation of monthly data. A version of this time series represented using the peak method can be found at:

https://fred.stlouisfed.org/series/EURORECDP

The OECD CLI system is based on the ""growth cycle"" approach, where business cycles and turning points are measured and identified in the deviation-from-trend series. The main reference series used in the OECD CLI system for the majority of countries is industrial production (IIP) covering all industry sectors excluding construction. This series is used because of its cyclical sensitivity and monthly availability, while the broad based Gross Domestic Product (GDP) is used to supplement the IIP series for identification of the final reference turning points in the growth cycle.

Zones aggregates of the CLIs and the reference series are calculated as weighted averages of the corresponding zone member series (i.e. CLIs and IIPs).

Up to December 2008 the turning points chronologies shown for regional/zone area aggregates or individual countries are determined by the rules established by the National Bureau of Economic Research (NBER) in the United States, which have been formalized and incorporated in a computer routine (Bry and Boschan) and included in the Phase-Average Trend (PAT) de-trending procedure. Starting from December 2008 the turning point detection algorithm is decoupled from the de-trending procedure, and is a simplified version of the original Bry and Boschan routine. (The routine parses local minima and maxima in the cycle series and applies censor rules to guarantee alternating peaks and troughs, as well as phase and cycle length constraints.)

The components of the CLI are time series which exhibit leading relationship with the reference series (IIP) at turning points. Country CLIs are compiled by combining de-trended smoothed and normalized components. The component series for each country are selected based on various criteria such as economic significance; cyclical behavior; data quality; timeliness and availability.

The Euro area covers the Europe 16 area excluding Denmark, Sweden, and United Kingdom.

OECD data should be cited as follows: OECD Composite Leading Indicators, ""Composite Leading Indicators: Reference Turning Points and Component Series"", http://www.oecd.org/std/leading-indicators/oecdcompositeleadingindicatorsreferenceturningpointsandcomponentseries.htm (Accessed on date)"
euro_area,Euro Area industrial production,PRINTO01EZQ661S,Production: Industry: Total Industry Excluding Construction for Euro Area (19 Countries),Quarterly,Index 2015=100,Seasonally Adjusted,1975-07-01,2023-07-01,10,"OECD Descriptor ID: PRINTO01
OECD unit ID: IDX
OECD country ID: EA19

All OECD data should be cited as follows: OECD, ""Main Economic Indicators - complete database"", Main Economic Indicators (database), https://dx.doi.org/10.1787/data-00052-en (Accessed on date) Copyright, 2016, OECD. Reprinted with permission"
euro_area,Euro Area industrial production,PRMNTO01EZQ657S,Production: Manufacturing: Total Manufacturing for Euro Area (19 Countries),Quarterly,Growth rate previous period,Seasonally Adjusted,1980-04-01,2023-07-01,10,"OECD Data Filters: 
REF_AREA: EA19
MEASURE: PRVM
UNIT_MEASURE: GR
ACTIVITY: C
ADJUSTMENT: Y
TRANSFORMATION: G1
FREQ: Q

All OECD data should be cited as follows: OECD (year), (dataset name), (data source) DOI or https://data-explorer.oecd.org/ (https://data-explorer.oecd.org/). (accessed on (date))."
euro_area,Euro Area industrial production,EA19PRINTO01GYSAM,Production: Industry: Total Industry Excluding Construction for Euro Area (19 Countries),Monthly,Growth rate same period previous year,Seasonally Adjusted,1976-07-01,2023-10-01,7,"OECD Data Filters: 
REF_AREA: EA19
MEASURE: PRVM
UNIT_MEASURE: GR
ACTIVITY: BTE
ADJUSTMENT: Y
TRANSFORMATION: GY
FREQ: M

All OECD data should be cited as follows: OECD (year), (dataset name), (data source) DOI or https://data-explorer.oecd.org/ (https://data-explorer.oecd.org/). (accessed on (date))."
euro_area,Euro Area industrial production,EA19PRINTO01IXOBSAM,Production: Industry: Total Industry Excluding Construction for Euro Area (19 Countries),Monthly,Index 2015=100,Seasonally Adjusted,1975-07-01,2023-10-01,4,"OECD Descriptor ID: PRINTO01
OECD unit ID: IDX
OECD country ID: EA19

All OECD data should be cited as follows: OECD, ""Main Economic Indicators - complete database"", Main Economic Indicators (database), https://dx.doi.org/10.1787/data-00052-en (Accessed on date) Copyright, 2016, OECD. Reprinted with permission"
euro_area,Euro Area industrial production,PRMNTO01EZQ661S,Production: Manufacturing: Total Manufacturing for Euro Area (19 Countries),Quarterly,Index 2015=100,Seasonally Adjusted,1980-01-01,2023-07-01,3,"OECD Descriptor ID: PRMNTO01
OECD unit ID: IDX
OECD country ID: EA19

All OECD data should be cited as follows: OECD, ""Main Economic Indicators - complete database"", Main Economic Indicators (database), https://dx.doi.org/10.1787/data-00052-en (Accessed on date) Copyright, 2016, OECD. Reprinted with permission"
euro_area,Euro Area industrial production,PRINTO01EZA661S,Production: Industry: Total Industry Excluding Construction for Euro Area (19 Countries),Annual,Index 2015=100,Seasonally Adjusted,1980-01-01,2022-01-01,2,"OECD Descriptor ID: PRINTO01
OECD unit ID: IDX
OECD country ID: EA19

All OECD data should be cited as follows: OECD, ""Main Economic Indicators - complete database"", Main Economic Indicators (database), https://dx.doi.org/10.1787/data-00052-en (Accessed on date) Copyright, 2016, OECD. Reprinted with permission"
euro_area,Euro Area industrial production,PRINTO01EZA657S,Production: Industry: Total Industry Excluding Construction for Euro Area (19 Countries),Annual,Growth rate previous period,Seasonally Adjusted,1981-01-01,2022-01-01,2,"OECD Data Filters: 
REF_AREA: EA19
MEASURE: PRVM
UNIT_MEASURE: GR
ACTIVITY: BTE
ADJUSTMENT: Y
TRANSFORMATION: G1
FREQ: A

All OECD data should be cited as follows: OECD (year), (dataset name), (data source) DOI or https://data-explorer.oecd.org/ (https://data-explorer.oecd.org/). (accessed on (date))."
euro_area,Euro Area industrial production,PRINTO01EZQ657S,Production: Industry: Total Industry Excluding Construction for Euro Area (19 Countries),Quarterly,Growth rate previous period,Seasonally Adjusted,1975-10-01,2023-07-01,2,"OECD Data Filters: 
REF_AREA: EA19
MEASURE: PRVM
UNIT_MEASURE: GR
ACTIVITY: BTE
ADJUSTMENT: Y
TRANSFORMATION: G1
FREQ: Q

All OECD data should be cited as follows: OECD (year), (dataset name), (data source) DOI or https://data-explorer.oecd.org/ (https://data-explorer.oecd.org/). (accessed on (date))."
euro_area,Euro Area industrial production,EA19PRINTO01GPSAM,Production: Industry: Total Industry Excluding Construction for Euro Area (19 Countries),Monthly,Growth rate previous period,Seasonally Adjusted,1975-08-01,2023-10-01,1,"OECD Data Filters: 
REF_AREA: EA19
MEASURE: PRVM
UNIT_MEASURE: GR
ACTIVITY: BTE
ADJUSTMENT: Y
TRANSFORMATION: G1
FREQ: M

All OECD data should be cited as follows: OECD (year), (dataset name), (data source) DOI or https://data-explorer.oecd.org/ (https://data-explorer.oecd.org/). (accessed on (date))."
euro_area,Euro Area industrial production,EA19PRINTO01IXNBSAM,Production: Industry: Total Industry Excluding Construction for Euro Area (19 Countries),Monthly,Index source base,Seasonally Adjusted,1975-07-01,2023-10-01,1,"OECD Descriptor ID: PRINTO01
OECD unit ID: IDX
OECD country ID: EA19

All OECD data should be cited as follows: OECD, ""Main Economic Indicators - complete database"", Main Economic Indicators (database), https://dx.doi.org/10.1787/data-00052-en (Accessed on date) Copyright, 2016, OECD. Reprinted with permission"
euro_area,Euro Area industrial production,PRINTO01EZQ661N,Production: Industry: Total Industry Excluding Construction for Euro Area (19 Countries),Quarterly,Index 2015=100,Not Seasonally Adjusted,1980-01-01,2022-10-01,1,"OECD Descriptor ID: PRINTO01
OECD unit ID: IDX
OECD country ID: EA19

All OECD data should be cited as follows: OECD, ""Main Economic Indicators - complete database"", Main Economic Indicators (database), https://dx.doi.org/10.1787/data-00052-en (Accessed on date) Copyright, 2016, OECD. Reprinted with permission"
euro_area,Euro Area industrial production,EA19PRINTO01IXOBM,Production: Industry: Total Industry Excluding Construction for Euro Area (19 Countries),Monthly,Index 2015=100,Not Seasonally Adjusted,1980-01-01,2022-12-01,1,"OECD Descriptor ID: PRINTO01
OECD unit ID: IDX
OECD country ID: EA19

All OECD data should be cited as follows: OECD, ""Main Economic Indicators - complete database"", Main Economic Indicators (database), https://dx.doi.org/10.1787/data-00052-en (Accessed on date) Copyright, 2016, OECD. Reprinted with permission"
euro_area,Euro Area industrial production,PRINTO01EZQ659S,Production: Industry: Total Industry Excluding Construction for Euro Area (19 Countries),Quarterly,Growth rate same period previous year,Seasonally Adjusted,1976-07-01,2023-07-01,1,"OECD Data Filters: 
REF_AREA: EA19
MEASURE: PRVM
UNIT_MEASURE: GR
ACTIVITY: BTE
ADJUSTMENT: Y
TRANSFORMATION: GY
FREQ: Q

All OECD data should be cited as follows: OECD (year), (dataset name), (data source) DOI or https://data-explorer.oecd.org/ (https://data-explorer.oecd.org/). (accessed on (date))."
euro_area,Euro Area industrial production,PRINTO01EZA659S,Production: Industry: Total Industry Excluding Construction for Euro Area (19 Countries),Annual,Growth rate same period previous year,Seasonally Adjusted,1981-01-01,2022-01-01,1,"OECD Data Filters: 
REF_AREA: EA19
MEASURE: PRVM
UNIT_MEASURE: GR
ACTIVITY: BTE
ADJUSTMENT: Y
TRANSFORMATION: GY
FREQ: A

All OECD data should be cited as follows: OECD (year), (dataset name), (data source) DOI or https://data-explorer.oecd.org/ (https://data-explorer.oecd.org/). (accessed on (date))."
euro_area,Euro Area industrial production,EA19PRINTO01IXNBSAQ,Production: Industry: Total Industry Excluding Construction for Euro Area (19 Countries),Quarterly,Index source base,Seasonally Adjusted,1975-07-01,2023-07-01,1,"OECD Descriptor ID: PRINTO01
OECD unit ID: IDX
OECD country ID: EA19

All OECD data should be cited as follows: OECD, ""Main Economic Indicators - complete database"", Main Economic Indicators (database), https://dx.doi.org/10.1787/data-00052-en (Accessed on date) Copyright, 2016, OECD. Reprinted with permission"
euro_area,Euro Area industrial production,PRINTO01EZA661N,Production: Industry: Total Industry Excluding Construction for Euro Area (19 Countries),Annual,Index 2015=100,Not Seasonally Adjusted,1980-01-01,2022-01-01,1,"OECD Descriptor ID: PRINTO01
OECD unit ID: IDX
OECD country ID: EA19

All OECD data should be cited as follows: OECD, ""Main Economic Indicators - complete database"", Main Economic Indicators (database), https://dx.doi.org/10.1787/data-00052-en (Accessed on date) Copyright, 2016, OECD. Reprinted with permission"
euro_area,Euro Area industrial production,EA19PRINTO01IXNBM,Production: Industry: Total Industry Excluding Construction for Euro Area (19 Countries),Monthly,Index source base,Not Seasonally Adjusted,1980-01-01,2022-12-01,1,"OECD Descriptor ID: PRINTO01
OECD unit ID: IDX
OECD country ID: EA19

All OECD data should be cited as follows: OECD, ""Main Economic Indicators - complete database"", Main Economic Indicators (database), https://dx.doi.org/10.1787/data-00052-en (Accessed on date) Copyright, 2016, OECD. Reprinted with permission"
euro_area,Euro Area industrial production,EA19PRINTO01IXNBQ,Production: Industry: Total Industry Excluding Construction for Euro Area (19 Countries),Quarterly,Index source base,Not Seasonally Adjusted,1980-01-01,2022-10-01,1,"OECD Descriptor ID: PRINTO01
OECD unit ID: IDX
OECD country ID: EA19

All OECD data should be cited as follows: OECD, ""Main Economic Indicators - complete database"", Main Economic Indicators (database), https://dx.doi.org/10.1787/data-00052-en (Accessed on date) Copyright, 2016, OECD. Reprinted with permission"
germany,Germany 10 year yield,IRLTLT01DEM156N,Interest Rates: Long-Term Government Bond Yields: 10-Year: Main (Including Benchmark) for Germany,Monthly,Percent,Not Seasonally Adjusted,1956-05-01,2026-06-01,63,"OECD Data Filters: 
REF_AREA: DEU
MEASURE: IRLT
UNIT_MEASURE: PA
ACTIVITY: _Z
ADJUSTMENT: _Z
TRANSFORMATION: _Z
FREQ: M

All OECD data should be cited as follows: OECD (year), (dataset name), (data source) DOI or https://data-explorer.oecd.org/ (https://data-explorer.oecd.org/). (accessed on (date))."
germany,Germany 10 year yield,IRLTLT01DEA156N,Interest Rates: Long-Term Government Bond Yields: 10-Year: Main (Including Benchmark) for Germany,Annual,Percent,Not Seasonally Adjusted,1957-01-01,2025-01-01,22,"OECD Data Filters: 
REF_AREA: DEU
MEASURE: IRLT
UNIT_MEASURE: PA
ACTIVITY: _Z
ADJUSTMENT: _Z
TRANSFORMATION: _Z
FREQ: A

All OECD data should be cited as follows: OECD (year), (dataset name), (data source) DOI or https://data-explorer.oecd.org/ (https://data-explorer.oecd.org/). (accessed on (date))."
germany,Germany 10 year yield,IRLTLT01DEQ156N,Interest Rates: Long-Term Government Bond Yields: 10-Year: Main (Including Benchmark) for Germany,Quarterly,Percent,Not Seasonally Adjusted,1956-07-01,2026-04-01,16,"OECD Data Filters: 
REF_AREA: DEU
MEASURE: IRLT
UNIT_MEASURE: PA
ACTIVITY: _Z
ADJUSTMENT: _Z
TRANSFORMATION: _Z
FREQ: Q

All OECD data should be cited as follows: OECD (year), (dataset name), (data source) DOI or https://data-explorer.oecd.org/ (https://data-explorer.oecd.org/). (accessed on (date))."
germany,Germany 10 year yield,M1328CDE00BERM156NNBR,"Bond Yields for Berlin, Germany",Monthly,Percent,Not Seasonally Adjusted,1926-01-01,1935-03-01,5,"Series Is Presented Here As Three Variables--(1)--Original Data, 1870-1813 (2)--Original Data, 1924-1931 (3)--Original Data, 1926-1935. Data For 1926-1927 Were Computed By NBER By Using Gold Mortgage Bond Yields For The Two Years Multiplied By .900, The Average Monthly Ratio Of January-June 1928 Of This Variable And The Previous (Covering 1925-1930) -- Six Percent Bond Yields To Gold Mortgage Bond Yields. Data For 1928-1935 Were Originally Given As""Price Of Six Percent Bonds In Percent Of Par"" And Have Been Reduced To Bond Yields By Dividing ""Price"" Into Six Percent. Bonds Include The Weighted Average Market Value Of (1)--Mortgage Bonds (2)--Municipal Loans (3)-- Other Public Loans, Government And State (4)--Industrial Bonds. Weights Are Based On Outstanding Amount And Are Seventeen, Five, Seven, And Two Respectively. Data For 1928-September 1931 Include 59 Bonds, 20 Mortgage, 15 Municipal, 14 Other Public, And 10 Industrial. Data For July 1931-February 1932 Reflect A Banking Crisis, Where Interest Rates Above 6% Were Reduced To 6%. No Data Indicates A Banking Holiday. Data For April 1932-February 1935 Include 169 Bonds; 50 Mortgage, 55 Municipal, 34 Other Public, And 30 Industrial. Data For November 1933-1935 Exclude Loans Floated With A Dollar Clause; Data For July 1934-1935 Exclude Two Government Loans, Formerly Included. The Figure For June 1934 On The New Basis Is 6.75. This Variable Ends In March 1935, As The Law Of April 1935 Reduced Interest To 4.5%, With The Exception Of Industrials. Source: Data For 1926-1927: Computed By NBER. Data For 1928-1932: Konjunkturstatistisches Handbuch, 1933, P. 134. Data For 1933-1935: Wirtschaft Und Statistik.

This NBER data series m13028c appears on the NBER website in Chapter 13 at http://www.nber.org/databases/macrohistory/contents/chapter13.html.

NBER Indicator: m13028c"
germany,Germany CPI,QDER628BIS,Real Residential Property Prices for Germany,Quarterly,Index 2010=100,Not Seasonally Adjusted,1970-01-01,2026-01-01,51,"Source Code: Q:DE:R:628

Coverage includes all types of owner occupied new and existing dwellings in the whole country. The series is deflated using CPI.

For more information, please see https://www.bis.org/statistics/pp_detailed.htm.

Any use of the series shall be cited as follows: ""Sources: National sources, BIS Residential Property Price database, http://www.bis.org/statistics/pp.htm.""

Copyright, 2016, Bank for International Settlements (BIS). Terms and conditions of use are available at http://www.bis.org/terms_conditions.htm#Copyright_and_Permissions."
germany,Germany CPI,FPCPITOTLZGDEU,"Inflation, consumer prices for Germany",Annual,Percent,Not Seasonally Adjusted,1960-01-01,2025-01-01,35,"Inflation as measured by the consumer price index reflects the annual percentage change in the cost to the average consumer of acquiring a basket of goods and services that may be fixed or changed at specified intervals, such as yearly. The Laspeyres formula is generally used.

International Monetary Fund, International Financial Statistics and data files."
germany,Germany CPI,DEUCPIALLMINMEI,"Consumer Price Indices (CPIs, HICPs), COICOP 1999: Consumer Price Index: Total for Germany",Monthly,Index 2015=100,Not Seasonally Adjusted,1955-01-01,2025-03-01,29,"OECD Data Filters: 
REF_AREA: DEU
MEASURE: CPI
UNIT_MEASURE: IX
METHODOLOGY: N
EXPENDITURE: _T
ADJUSTMENT: N
TRANSFORMATION: _Z
FREQ: M

All OECD data should be cited as follows: OECD (year), (dataset name), (data source) DOI or https://data-explorer.oecd.org/ (https://data-explorer.oecd.org/). (accessed on (date))."
germany,Germany CPI,CPALTT01DEM659N,"Consumer Price Indices (CPIs, HICPs), COICOP 1999: Consumer Price Index: Total for Germany",Monthly,Growth rate same period previous year,Not Seasonally Adjusted,1956-01-01,2025-03-01,22,"OECD Data Filters: 
REF_AREA: DEU
MEASURE: CPI
UNIT_MEASURE: PA
METHODOLOGY: N
EXPENDITURE: _T
ADJUSTMENT: N
TRANSFORMATION: GY
FREQ: M

All OECD data should be cited as follows: OECD (year), (dataset name), (data source) DOI or https://data-explorer.oecd.org/ (https://data-explorer.oecd.org/). (accessed on (date))."
germany,Germany CPI,DEUCPIALLQINMEI,"Consumer Price Indices (CPIs, HICPs), COICOP 1999: Consumer Price Index: Total for Germany",Quarterly,Index 2015=100,Not Seasonally Adjusted,1955-01-01,2025-01-01,9,"OECD Data Filters: 
REF_AREA: DEU
MEASURE: CPI
UNIT_MEASURE: IX
METHODOLOGY: N
EXPENDITURE: _T
ADJUSTMENT: N
TRANSFORMATION: _Z
FREQ: Q

All OECD data should be cited as follows: OECD (year), (dataset name), (data source) DOI or https://data-explorer.oecd.org/ (https://data-explorer.oecd.org/). (accessed on (date))."
germany,Germany CPI,DEUCPALTT01IXOBSAM,"Consumer Price Indices (CPIs, HICPs), COICOP 1999: Consumer Price Index: Total for Germany",Monthly,Index 2015=100,Seasonally Adjusted,1948-06-01,2025-03-01,8,"OECD Data Filters: 
REF_AREA: DEU
MEASURE: CPI
UNIT_MEASURE: IX
METHODOLOGY: N
EXPENDITURE: _T
ADJUSTMENT: S
TRANSFORMATION: _Z
FREQ: M

All OECD data should be cited as follows: OECD (year), (dataset name), (data source) DOI or https://data-explorer.oecd.org/ (https://data-explorer.oecd.org/). (accessed on (date))."
germany,Germany CPI,DEUCPIALLAINMEI,"Consumer Price Indices (CPIs, HICPs), COICOP 1999: Consumer Price Index: Total for Germany",Annual,Index 2015=100,Not Seasonally Adjusted,1955-01-01,2024-01-01,7,"OECD Data Filters: 
REF_AREA: DEU
MEASURE: CPI
UNIT_MEASURE: IX
METHODOLOGY: N
EXPENDITURE: _T
ADJUSTMENT: N
TRANSFORMATION: _Z
FREQ: A

All OECD data should be cited as follows: OECD (year), (dataset name), (data source) DOI or https://data-explorer.oecd.org/ (https://data-explorer.oecd.org/). (accessed on (date))."
germany,Germany CPI,DEUCPALTT01CTGYM,"Consumer Price Indices (CPIs, HICPs), COICOP 1999: Consumer Price Index: Total for Germany",Monthly,"Contribution to growth rate, over 1 year",Not Seasonally Adjusted,2010-01-01,2025-03-01,5,"OECD Data Filters: 
REF_AREA: DEU
MEASURE: CPI
UNIT_MEASURE: PD
METHODOLOGY: N
EXPENDITURE: _T
ADJUSTMENT: N
TRANSFORMATION: GOY
FREQ: M

All OECD data should be cited as follows: OECD (year), (dataset name), (data source) DOI or https://data-explorer.oecd.org/ (https://data-explorer.oecd.org/). (accessed on (date))."
germany,Germany CPI,CCRETT01DEA661N,Financial Market: Real Effective Exchange Rates: CPI Based for Germany,Annual,Index 2015=100,Not Seasonally Adjusted,1970-01-01,2025-01-01,4,"OECD Data Filters: 
REF_AREA: DEU
MEASURE: CCRE
UNIT_MEASURE: IX
ACTIVITY: _Z
ADJUSTMENT: _Z
TRANSFORMATION: _Z
TIME_HORIZ: _Z
METHODOLOGY: N
FREQ: A

All OECD data should be cited as follows: OECD (year), (dataset name), (data source) DOI or https://data-explorer.oecd.org/ (https://data-explorer.oecd.org/). (accessed on (date))."
germany,Germany CPI,CPALTT01DEQ659N,"Consumer Price Indices (CPIs, HICPs), COICOP 1999: Consumer Price Index: Total for Germany",Quarterly,Growth rate same period previous year,Not Seasonally Adjusted,1956-01-01,2025-01-01,4,"OECD Data Filters: 
REF_AREA: DEU
MEASURE: CPI
UNIT_MEASURE: PA
METHODOLOGY: N
EXPENDITURE: _T
ADJUSTMENT: N
TRANSFORMATION: GY
FREQ: Q

All OECD data should be cited as follows: OECD (year), (dataset name), (data source) DOI or https://data-explorer.oecd.org/ (https://data-explorer.oecd.org/). (accessed on (date))."
germany,Germany CPI,CPHPTT01DEM659N,"Consumer Price Indices (CPIs, HICPs), COICOP 1999: Consumer Price Index: Total for Germany",Monthly,Growth rate same period previous year,Not Seasonally Adjusted,1997-01-01,2025-04-01,4,"OECD Data Filters: 
REF_AREA: DEU
MEASURE: CPI
UNIT_MEASURE: PA
METHODOLOGY: HICP
EXPENDITURE: _T
ADJUSTMENT: N
TRANSFORMATION: GY
FREQ: M

All OECD data should be cited as follows: OECD (year), (dataset name), (data source) DOI or https://data-explorer.oecd.org/ (https://data-explorer.oecd.org/). (accessed on (date))."
germany,Germany CPI,DEUCPIHICMINMEI,"Consumer Price Indices (CPIs, HICPs), COICOP 1999: Consumer Price Index: Total for Germany",Monthly,Index 2015=100,Not Seasonally Adjusted,1995-01-01,2025-03-01,3,"OECD Data Filters: 
REF_AREA: DEU
MEASURE: CPI
UNIT_MEASURE: IX
METHODOLOGY: HICP
EXPENDITURE: _T
ADJUSTMENT: N
TRANSFORMATION: _Z
FREQ: M

All OECD data should be cited as follows: OECD (year), (dataset name), (data source) DOI or https://data-explorer.oecd.org/ (https://data-explorer.oecd.org/). (accessed on (date))."
germany,Germany CPI,CCRETT01DEM661N,Financial Market: Real Effective Exchange Rates: CPI Based for Germany,Monthly,Index 2015=100,Not Seasonally Adjusted,1970-01-01,2026-07-01,3,"OECD Data Filters: 
REF_AREA: DEU
MEASURE: CCRE
UNIT_MEASURE: IX
ACTIVITY: _Z
ADJUSTMENT: _Z
TRANSFORMATION: _Z
TIME_HORIZ: _Z
METHODOLOGY: N
FREQ: M

All OECD data should be cited as follows: OECD (year), (dataset name), (data source) DOI or https://data-explorer.oecd.org/ (https://data-explorer.oecd.org/). (accessed on (date))."
germany,Germany CPI,DEUCPALTT01IXOBSAQ,"Consumer Price Indices (CPIs, HICPs), COICOP 1999: Consumer Price Index: Total for Germany",Quarterly,Index 2015=100,Seasonally Adjusted,1948-07-01,2025-01-01,3,"OECD Data Filters: 
REF_AREA: DEU
MEASURE: CPI
UNIT_MEASURE: IX
METHODOLOGY: N
EXPENDITURE: _T
ADJUSTMENT: S
TRANSFORMATION: _Z
FREQ: Q

All OECD data should be cited as follows: OECD (year), (dataset name), (data source) DOI or https://data-explorer.oecd.org/ (https://data-explorer.oecd.org/). (accessed on (date))."
germany,Germany CPI,CPALTT01DEA659N,"Consumer Price Indices (CPIs, HICPs), COICOP 1999: Consumer Price Index: Total for Germany",Annual,Growth rate same period previous year,Not Seasonally Adjusted,1956-01-01,2024-01-01,3,"OECD Data Filters: 
REF_AREA: DEU
MEASURE: CPI
UNIT_MEASURE: PA
METHODOLOGY: N
EXPENDITURE: _T
ADJUSTMENT: N
TRANSFORMATION: GY
FREQ: A

All OECD data should be cited as follows: OECD (year), (dataset name), (data source) DOI or https://data-explorer.oecd.org/ (https://data-explorer.oecd.org/). (accessed on (date))."
germany,Germany CPI,CPHPTT01DEA659N,"Consumer Price Indices (CPIs, HICPs), COICOP 1999: Consumer Price Index: Total for Germany",Annual,Growth rate same period previous year,Not Seasonally Adjusted,1996-01-01,2024-01-01,3,"OECD Data Filters: 
REF_AREA: DEU
MEASURE: CPI
UNIT_MEASURE: PA
METHODOLOGY: HICP
EXPENDITURE: _T
ADJUSTMENT: N
TRANSFORMATION: GY
FREQ: A

All OECD data should be cited as follows: OECD (year), (dataset name), (data source) DOI or https://data-explorer.oecd.org/ (https://data-explorer.oecd.org/). (accessed on (date))."
germany,Germany CPI,DEUCPIHICAINMEI,"Consumer Price Indices (CPIs, HICPs), COICOP 1999: Consumer Price Index: Total for Germany",Annual,Index 2015=100,Not Seasonally Adjusted,1995-01-01,2024-01-01,2,"OECD Data Filters: 
REF_AREA: DEU
MEASURE: CPI
UNIT_MEASURE: IX
METHODOLOGY: HICP
EXPENDITURE: _T
ADJUSTMENT: N
TRANSFORMATION: _Z
FREQ: A

All OECD data should be cited as follows: OECD (year), (dataset name), (data source) DOI or https://data-explorer.oecd.org/ (https://data-explorer.oecd.org/). (accessed on (date))."
germany,Germany CPI,CCRETT01DEQ661N,Financial Market: Real Effective Exchange Rates: CPI Based for Germany,Quarterly,Index 2015=100,Not Seasonally Adjusted,1970-01-01,2026-04-01,2,"OECD Data Filters: 
REF_AREA: DEU
MEASURE: CCRE
UNIT_MEASURE: IX
ACTIVITY: _Z
ADJUSTMENT: _Z
TRANSFORMATION: _Z
TIME_HORIZ: _Z
METHODOLOGY: N
FREQ: Q

All OECD data should be cited as follows: OECD (year), (dataset name), (data source) DOI or https://data-explorer.oecd.org/ (https://data-explorer.oecd.org/). (accessed on (date))."
germany,Germany CPI,DEURAHCMF,"Real Average Annual Compensation in Manufacturing, CPI Basis, in Germany (DISCONTINUED)",Annual,Index 2002=100,Not Seasonally Adjusted,1950-01-01,2011-01-01,1,Bureau of Labor Statistics (BLS) has eliminated the International Labor Comparisons (ILC) program. This is the last BLS release of international comparisons of manufacturing productivity and unit labor cost trends.
germany,Germany CPI,DEURHCMF,"Real Hourly Compensation in Manufacturing, CPI Basis, in Germany (DISCONTINUED)",Annual,Index 2002=100,Not Seasonally Adjusted,1950-01-01,2011-01-01,1,Bureau of Labor Statistics (BLS) has eliminated the International Labor Comparisons (ILC) program. This is the last BLS release of international comparisons of manufacturing productivity and unit labor cost trends.
germany,Germany PPI,DEUPPDMMINMEI,Producer Prices Index: Economic Activities: Manufacturing: Domestic for Germany,Monthly,Index 2015=100,Not Seasonally Adjusted,1960-01-01,2022-12-01,7,"OECD Descriptor ID: PIEAMP02
OECD unit ID: IDX
OECD country ID: DEU

All OECD data should be cited as follows: OECD, ""Main Economic Indicators - complete database"", Main Economic Indicators (database), https://dx.doi.org/10.1787/data-00052-en (Accessed on date) Copyright, 2016, OECD. Reprinted with permission"
germany,Germany PPI,PITGIG02DEQ661N,Producer Prices Index: Type of Goods: Intermediate Goods: Domestic for Germany,Quarterly,Index 2015=100,Not Seasonally Adjusted,1995-01-01,2022-10-01,4,"OECD Descriptor ID: PITGIG02
OECD unit ID: IDX
OECD country ID: DEU

All OECD data should be cited as follows: OECD, ""Main Economic Indicators - complete database"", Main Economic Indicators (database), https://dx.doi.org/10.1787/data-00052-en (Accessed on date) Copyright, 2016, OECD. Reprinted with permission"
germany,Germany PPI,PIEAMP02DEM659N,Producer Prices Index: Economic Activities: Manufacturing: Domestic for Germany,Monthly,Growth rate same period previous year,Not Seasonally Adjusted,1960-01-01,2022-12-01,3,"OECD Descriptor ID: PIEAMP02
OECD unit ID: PC
OECD country ID: DEU

All OECD data should be cited as follows: OECD, ""Main Economic Indicators - complete database"", Main Economic Indicators (database), https://dx.doi.org/10.1787/data-00052-en (Accessed on date) Copyright, 2016, OECD. Reprinted with permission"
germany,Germany PPI,PIEATI01DEM661N,Producer Prices Index: Economic Activities: Industrial Activities: Total for Germany,Monthly,Index 2015=100,Not Seasonally Adjusted,1995-01-01,2022-12-01,3,"OECD Descriptor ID: PIEATI01
OECD unit ID: IDX
OECD country ID: DEU

All OECD data should be cited as follows: OECD, ""Main Economic Indicators - complete database"", Main Economic Indicators (database), https://dx.doi.org/10.1787/data-00052-en (Accessed on date) Copyright, 2016, OECD. Reprinted with permission"
germany,Germany PPI,DEUPPDMAINMEI,Producer Prices Index: Economic Activities: Manufacturing: Domestic for Germany,Annual,Index 2015=100,Not Seasonally Adjusted,1960-01-01,2022-01-01,1,"OECD Descriptor ID: PIEAMP02
OECD unit ID: IDX
OECD country ID: DEU

All OECD data should be cited as follows: OECD, ""Main Economic Indicators - complete database"", Main Economic Indicators (database), https://dx.doi.org/10.1787/data-00052-en (Accessed on date) Copyright, 2016, OECD. Reprinted with permission"
germany,Germany PPI,DEUPPDMQINMEI,Producer Prices Index: Economic Activities: Manufacturing: Domestic for Germany,Quarterly,Index 2015=100,Not Seasonally Adjusted,1960-01-01,2022-10-01,1,"OECD Descriptor ID: PIEAMP02
OECD unit ID: IDX
OECD country ID: DEU

All OECD data should be cited as follows: OECD, ""Main Economic Indicators - complete database"", Main Economic Indicators (database), https://dx.doi.org/10.1787/data-00052-en (Accessed on date) Copyright, 2016, OECD. Reprinted with permission"
germany,Germany PPI,DEUPIEAMP02GPM,Producer Prices Index: Economic Activities: Manufacturing: Domestic for Germany,Monthly,Growth rate previous period,Not Seasonally Adjusted,1960-01-01,2022-12-01,1,"OECD Descriptor ID: PIEAMP02
OECD unit ID: PC
OECD country ID: DEU

All OECD data should be cited as follows: OECD, ""Main Economic Indicators - complete database"", Main Economic Indicators (database), https://dx.doi.org/10.1787/data-00052-en (Accessed on date) Copyright, 2016, OECD. Reprinted with permission"
germany,Germany PPI,DEUPIEAMP02GPQ,Producer Prices Index: Economic Activities: Manufacturing: Domestic for Germany,Quarterly,Growth rate previous period,Not Seasonally Adjusted,1960-01-01,2022-10-01,1,"OECD Descriptor ID: PIEAMP02
OECD unit ID: PC
OECD country ID: DEU

All OECD data should be cited as follows: OECD, ""Main Economic Indicators - complete database"", Main Economic Indicators (database), https://dx.doi.org/10.1787/data-00052-en (Accessed on date) Copyright, 2016, OECD. Reprinted with permission"
germany,Germany PPI,PIEAMP02DEA659N,Producer Prices Index: Economic Activities: Manufacturing: Domestic for Germany,Annual,Growth rate same period previous year,Not Seasonally Adjusted,1960-01-01,2022-01-01,1,"OECD Descriptor ID: PIEAMP02
OECD unit ID: PC
OECD country ID: DEU

All OECD data should be cited as follows: OECD, ""Main Economic Indicators - complete database"", Main Economic Indicators (database), https://dx.doi.org/10.1787/data-00052-en (Accessed on date) Copyright, 2016, OECD. Reprinted with permission"
germany,Germany PPI,PIEAMP02DEQ659N,Producer Prices Index: Economic Activities: Manufacturing: Domestic for Germany,Quarterly,Growth rate same period previous year,Not Seasonally Adjusted,1960-01-01,2022-10-01,1,"OECD Descriptor ID: PIEAMP02
OECD unit ID: PC
OECD country ID: DEU

All OECD data should be cited as follows: OECD, ""Main Economic Indicators - complete database"", Main Economic Indicators (database), https://dx.doi.org/10.1787/data-00052-en (Accessed on date) Copyright, 2016, OECD. Reprinted with permission"
germany,Germany PPI,DEUPITGIG02GPM,Producer Prices Index: Type of Goods: Intermediate Goods: Domestic for Germany,Monthly,Growth rate previous period,Not Seasonally Adjusted,1995-02-01,2022-12-01,1,"OECD Descriptor ID: PITGIG02
OECD unit ID: PC
OECD country ID: DEU

All OECD data should be cited as follows: OECD, ""Main Economic Indicators - complete database"", Main Economic Indicators (database), https://dx.doi.org/10.1787/data-00052-en (Accessed on date) Copyright, 2016, OECD. Reprinted with permission"
germany,Germany PPI,DEUPITGIG02GPQ,Producer Prices Index: Type of Goods: Intermediate Goods: Domestic for Germany,Quarterly,Growth rate previous period,Not Seasonally Adjusted,1995-04-01,2022-10-01,1,"OECD Descriptor ID: PITGIG02
OECD unit ID: PC
OECD country ID: DEU

All OECD data should be cited as follows: OECD, ""Main Economic Indicators - complete database"", Main Economic Indicators (database), https://dx.doi.org/10.1787/data-00052-en (Accessed on date) Copyright, 2016, OECD. Reprinted with permission"
germany,Germany PPI,PITGIG02DEA661N,Producer Prices Index: Type of Goods: Intermediate Goods: Domestic for Germany,Annual,Index 2015=100,Not Seasonally Adjusted,1995-01-01,2022-01-01,1,"OECD Descriptor ID: PITGIG02
OECD unit ID: IDX
OECD country ID: DEU

All OECD data should be cited as follows: OECD, ""Main Economic Indicators - complete database"", Main Economic Indicators (database), https://dx.doi.org/10.1787/data-00052-en (Accessed on date) Copyright, 2016, OECD. Reprinted with permission"
germany,Germany PPI,PITGIG02DEM661N,Producer Prices Index: Type of Goods: Intermediate Goods: Domestic for Germany,Monthly,Index 2015=100,Not Seasonally Adjusted,1995-01-01,2022-12-01,1,"OECD Descriptor ID: PITGIG02
OECD unit ID: IDX
OECD country ID: DEU

All OECD data should be cited as follows: OECD, ""Main Economic Indicators - complete database"", Main Economic Indicators (database), https://dx.doi.org/10.1787/data-00052-en (Accessed on date) Copyright, 2016, OECD. Reprinted with permission"
germany,Germany PPI,PIEATI01DEQ661N,Producer Prices Index: Economic Activities: Industrial Activities: Total for Germany,Quarterly,Index 2015=100,Not Seasonally Adjusted,1995-01-01,2022-10-01,1,"OECD Descriptor ID: PIEATI01
OECD unit ID: IDX
OECD country ID: DEU

All OECD data should be cited as follows: OECD, ""Main Economic Indicators - complete database"", Main Economic Indicators (database), https://dx.doi.org/10.1787/data-00052-en (Accessed on date) Copyright, 2016, OECD. Reprinted with permission"
germany,Germany PPI,DEUPIEATI01GPM,Producer Prices Index: Economic Activities: Industrial Activities: Total for Germany,Monthly,Growth rate previous period,Not Seasonally Adjusted,1995-02-01,2022-12-01,1,"OECD Descriptor ID: PIEATI01
OECD unit ID: PC
OECD country ID: DEU

All OECD data should be cited as follows: OECD, ""Main Economic Indicators - complete database"", Main Economic Indicators (database), https://dx.doi.org/10.1787/data-00052-en (Accessed on date) Copyright, 2016, OECD. Reprinted with permission"
germany,Germany PPI,PIEATI01DEA661N,Producer Prices Index: Economic Activities: Industrial Activities: Total for Germany,Annual,Index 2015=100,Not Seasonally Adjusted,1995-01-01,2022-01-01,1,"OECD Descriptor ID: PIEATI01
OECD unit ID: IDX
OECD country ID: DEU

All OECD data should be cited as follows: OECD, ""Main Economic Indicators - complete database"", Main Economic Indicators (database), https://dx.doi.org/10.1787/data-00052-en (Accessed on date) Copyright, 2016, OECD. Reprinted with permission"
germany,Germany PPI,DEUPIEATI01GPQ,Producer Prices Index: Economic Activities: Industrial Activities: Total for Germany,Quarterly,Growth rate previous period,Not Seasonally Adjusted,1995-04-01,2022-10-01,1,"OECD Descriptor ID: PIEATI01
OECD unit ID: PC
OECD country ID: DEU

All OECD data should be cited as follows: OECD, ""Main Economic Indicators - complete database"", Main Economic Indicators (database), https://dx.doi.org/10.1787/data-00052-en (Accessed on date) Copyright, 2016, OECD. Reprinted with permission"
germany,Germany PPI,DEUPITGIG02GYQ,Producer Prices Index: Type of Goods: Intermediate Goods: Domestic for Germany,Quarterly,Growth rate same period previous year,Not Seasonally Adjusted,1996-01-01,2022-10-01,1,"OECD Descriptor ID: PITGIG02
OECD unit ID: PC
OECD country ID: DEU

All OECD data should be cited as follows: OECD, ""Main Economic Indicators - complete database"", Main Economic Indicators (database), https://dx.doi.org/10.1787/data-00052-en (Accessed on date) Copyright, 2016, OECD. Reprinted with permission"
germany,Germany PPI,DEUPITGIG02GYM,Producer Prices Index: Type of Goods: Intermediate Goods: Domestic for Germany,Monthly,Growth rate same period previous year,Not Seasonally Adjusted,1996-01-01,2022-12-01,1,"OECD Descriptor ID: PITGIG02
OECD unit ID: PC
OECD country ID: DEU

All OECD data should be cited as follows: OECD, ""Main Economic Indicators - complete database"", Main Economic Indicators (database), https://dx.doi.org/10.1787/data-00052-en (Accessed on date) Copyright, 2016, OECD. Reprinted with permission"
germany,Germany exports,DEUEXPORTQDSNAQ,Exports of Goods and Services in Germany,Quarterly,Chained 2010 Euros,Seasonally Adjusted,1991-01-01,2024-01-01,12,"Copyright, 2016, OECD. Reprinted with permission.

All OECD data should be cited as follows: OECD (2010), OECD National Accounts Statistics, http://dx.doi.org/10.1787/na-data-en, (accessed on date)"
germany,Germany exports,EXPGE,U.S. Exports of Goods by F.A.S. Basis to Germany,Monthly,Millions of Dollars,Not Seasonally Adjusted,1985-01-01,2026-06-01,7,"Free Alongside Ship Basis (f.a.s.)
Further information related to the international trade data can be found at https://www.census.gov/foreign-trade/data/index.html 
Methodology details can be found at https://www.census.gov/foreign-trade/Press-Release/current_press_release/explain.pdf"
germany,Germany exports,NXRSAXDCDEQ,Real Exports of Goods and Services for Germany,Quarterly,Millions of Domestic Currency,Seasonally Adjusted,1991-01-01,2026-01-01,6,
germany,Germany exports,XTEXVA01DEM664S,International Merchandise Trade Statistics: Exports: Commodities for Germany,Monthly,Euro,Seasonally Adjusted,1950-01-01,2026-05-01,3,"OECD Data Filters: 
REF_AREA: DEU
COUNTERPART_AREA: W
UNIT_MEASURE: XDC
TRADE_FLOW: X
PRODUCT_TYPE: C
ADJUSTMENT: Y
TRANSFORMATION: N
FREQ: M

All OECD data should be cited as follows: OECD (year), (dataset name), (data source) DOI or https://data-explorer.oecd.org/ (https://data-explorer.oecd.org/). (accessed on (date))."
germany,Germany exports,XTEXVA01DEQ664S,International Merchandise Trade Statistics: Exports: Commodities for Germany,Quarterly,Euro,Seasonally Adjusted,1950-01-01,2026-01-01,2,"OECD Data Filters: 
REF_AREA: DEU
COUNTERPART_AREA: W
UNIT_MEASURE: XDC
TRADE_FLOW: X
PRODUCT_TYPE: C
ADJUSTMENT: Y
TRANSFORMATION: N
FREQ: Q

All OECD data should be cited as follows: OECD (year), (dataset name), (data source) DOI or https://data-explorer.oecd.org/ (https://data-explorer.oecd.org/). (accessed on (date))."
germany,Germany exports,XTEXVA01DEA667S,International Merchandise Trade Statistics: Exports: Commodities for Germany,Annual,"US dollars, exchange rate converted",Seasonally Adjusted,1957-01-01,2025-01-01,2,"OECD Data Filters: 
REF_AREA: DEU
COUNTERPART_AREA: W
UNIT_MEASURE: USD_EXC
TRADE_FLOW: X
PRODUCT_TYPE: C
ADJUSTMENT: Y
TRANSFORMATION: N
FREQ: A

All OECD data should be cited as follows: OECD (year), (dataset name), (data source) DOI or https://data-explorer.oecd.org/ (https://data-explorer.oecd.org/). (accessed on (date))."
germany,Germany exports,XTEXVA01DEM667S,International Merchandise Trade Statistics: Exports: Commodities for Germany,Monthly,"US dollars, exchange rate converted",Seasonally Adjusted,1957-01-01,2026-05-01,2,"OECD Data Filters: 
REF_AREA: DEU
COUNTERPART_AREA: W
UNIT_MEASURE: USD_EXC
TRADE_FLOW: X
PRODUCT_TYPE: C
ADJUSTMENT: Y
TRANSFORMATION: N
FREQ: M

All OECD data should be cited as follows: OECD (year), (dataset name), (data source) DOI or https://data-explorer.oecd.org/ (https://data-explorer.oecd.org/). (accessed on (date))."
germany,Germany exports,XTEXVA01DEQ664N,International Merchandise Trade Statistics: Exports: Commodities for Germany,Quarterly,Euro,Not Seasonally Adjusted,1950-01-01,2026-01-01,1,"OECD Data Filters: 
REF_AREA: DEU
COUNTERPART_AREA: W
UNIT_MEASURE: XDC
TRADE_FLOW: X
PRODUCT_TYPE: C
ADJUSTMENT: N
TRANSFORMATION: N
FREQ: Q

All OECD data should be cited as follows: OECD (year), (dataset name), (data source) DOI or https://data-explorer.oecd.org/ (https://data-explorer.oecd.org/). (accessed on (date))."
germany,Germany exports,XTEXVA01DEA664S,International Merchandise Trade Statistics: Exports: Commodities for Germany,Annual,Euro,Seasonally Adjusted,1950-01-01,2025-01-01,1,"OECD Data Filters: 
REF_AREA: DEU
COUNTERPART_AREA: W
UNIT_MEASURE: XDC
TRADE_FLOW: X
PRODUCT_TYPE: C
ADJUSTMENT: Y
TRANSFORMATION: N
FREQ: A

All OECD data should be cited as follows: OECD (year), (dataset name), (data source) DOI or https://data-explorer.oecd.org/ (https://data-explorer.oecd.org/). (accessed on (date))."
germany,Germany exports,XTEXVA01DEM664N,International Merchandise Trade Statistics: Exports: Commodities for Germany,Monthly,Euro,Not Seasonally Adjusted,1950-01-01,2026-05-01,1,"OECD Data Filters: 
REF_AREA: DEU
COUNTERPART_AREA: W
UNIT_MEASURE: XDC
TRADE_FLOW: X
PRODUCT_TYPE: C
ADJUSTMENT: N
TRANSFORMATION: N
FREQ: M

All OECD data should be cited as follows: OECD (year), (dataset name), (data source) DOI or https://data-explorer.oecd.org/ (https://data-explorer.oecd.org/). (accessed on (date))."
germany,Germany exports,XTEXVA01DEA664N,International Merchandise Trade Statistics: Exports: Commodities for Germany,Annual,Euro,Not Seasonally Adjusted,1950-01-01,2025-01-01,1,"OECD Data Filters: 
REF_AREA: DEU
COUNTERPART_AREA: W
UNIT_MEASURE: XDC
TRADE_FLOW: X
PRODUCT_TYPE: C
ADJUSTMENT: N
TRANSFORMATION: N
FREQ: A

All OECD data should be cited as follows: OECD (year), (dataset name), (data source) DOI or https://data-explorer.oecd.org/ (https://data-explorer.oecd.org/). (accessed on (date))."
germany,Germany exports,XTEXVA01DEQ657S,International Merchandise Trade Statistics: Exports: Commodities for Germany,Quarterly,Growth rate previous period,Seasonally Adjusted,1957-04-01,2026-01-01,1,"OECD Data Filters: 
REF_AREA: DEU
COUNTERPART_AREA: W
UNIT_MEASURE: PC
TRADE_FLOW: X
PRODUCT_TYPE: C
ADJUSTMENT: Y
TRANSFORMATION: G1
FREQ: Q

All OECD data should be cited as follows: OECD (year), (dataset name), (data source) DOI or https://data-explorer.oecd.org/ (https://data-explorer.oecd.org/). (accessed on (date))."
germany,Germany exports,XTEXVA01DEM657S,International Merchandise Trade Statistics: Exports: Commodities for Germany,Monthly,Growth rate previous period,Seasonally Adjusted,1957-02-01,2026-05-01,1,"OECD Data Filters: 
REF_AREA: DEU
COUNTERPART_AREA: W
UNIT_MEASURE: PC
TRADE_FLOW: X
PRODUCT_TYPE: C
ADJUSTMENT: Y
TRANSFORMATION: G1
FREQ: M

All OECD data should be cited as follows: OECD (year), (dataset name), (data source) DOI or https://data-explorer.oecd.org/ (https://data-explorer.oecd.org/). (accessed on (date))."
germany,Germany exports,DEUXTEXVA01CXMLM,International Merchandise Trade Statistics: Exports: Commodities for Germany,Monthly,"US dollars, exchange rate converted",Not Seasonally Adjusted,1957-01-01,2026-05-01,1,"OECD Data Filters: 
REF_AREA: DEU
COUNTERPART_AREA: W
UNIT_MEASURE: USD_EXC
TRADE_FLOW: X
PRODUCT_TYPE: C
ADJUSTMENT: N
TRANSFORMATION: N
FREQ: M

All OECD data should be cited as follows: OECD (year), (dataset name), (data source) DOI or https://data-explorer.oecd.org/ (https://data-explorer.oecd.org/). (accessed on (date))."
germany,Germany exports,XTEXVA01DEA657S,International Merchandise Trade Statistics: Exports: Commodities for Germany,Annual,Growth rate previous period,Seasonally Adjusted,1958-01-01,2025-01-01,1,"OECD Data Filters: 
REF_AREA: DEU
COUNTERPART_AREA: W
UNIT_MEASURE: PC
TRADE_FLOW: X
PRODUCT_TYPE: C
ADJUSTMENT: Y
TRANSFORMATION: G1
FREQ: A

All OECD data should be cited as follows: OECD (year), (dataset name), (data source) DOI or https://data-explorer.oecd.org/ (https://data-explorer.oecd.org/). (accessed on (date))."
germany,Germany exports,DEUXTEXVA01CXMLQ,International Merchandise Trade Statistics: Exports: Commodities for Germany,Quarterly,"US dollars, exchange rate converted",Not Seasonally Adjusted,1957-01-01,2026-01-01,1,"OECD Data Filters: 
REF_AREA: DEU
COUNTERPART_AREA: W
UNIT_MEASURE: USD_EXC
TRADE_FLOW: X
PRODUCT_TYPE: C
ADJUSTMENT: N
TRANSFORMATION: N
FREQ: Q

All OECD data should be cited as follows: OECD (year), (dataset name), (data source) DOI or https://data-explorer.oecd.org/ (https://data-explorer.oecd.org/). (accessed on (date))."
germany,Germany exports,XTEXVA01DEQ667S,International Merchandise Trade Statistics: Exports: Commodities for Germany,Quarterly,"US dollars, exchange rate converted",Seasonally Adjusted,1957-01-01,2026-01-01,1,"OECD Data Filters: 
REF_AREA: DEU
COUNTERPART_AREA: W
UNIT_MEASURE: USD_EXC
TRADE_FLOW: X
PRODUCT_TYPE: C
ADJUSTMENT: Y
TRANSFORMATION: N
FREQ: Q

All OECD data should be cited as follows: OECD (year), (dataset name), (data source) DOI or https://data-explorer.oecd.org/ (https://data-explorer.oecd.org/). (accessed on (date))."
germany,Germany exports,XTEXVA01DEA659S,International Merchandise Trade Statistics: Exports: Commodities for Germany,Annual,Growth rate same period previous year,Seasonally Adjusted,1958-01-01,2025-01-01,1,"OECD Data Filters: 
REF_AREA: DEU
COUNTERPART_AREA: W
UNIT_MEASURE: PC
TRADE_FLOW: X
PRODUCT_TYPE: C
ADJUSTMENT: Y
TRANSFORMATION: GY
FREQ: A

All OECD data should be cited as follows: OECD (year), (dataset name), (data source) DOI or https://data-explorer.oecd.org/ (https://data-explorer.oecd.org/). (accessed on (date))."
germany,Germany exports,XTEXVA01DEM659S,International Merchandise Trade Statistics: Exports: Commodities for Germany,Monthly,Growth rate same period previous year,Seasonally Adjusted,1958-01-01,2026-05-01,1,"OECD Data Filters: 
REF_AREA: DEU
COUNTERPART_AREA: W
UNIT_MEASURE: PC
TRADE_FLOW: X
PRODUCT_TYPE: C
ADJUSTMENT: Y
TRANSFORMATION: GY
FREQ: M

All OECD data should be cited as follows: OECD (year), (dataset name), (data source) DOI or https://data-explorer.oecd.org/ (https://data-explorer.oecd.org/). (accessed on (date))."
germany,Germany exports,XTEXVA01DEQ659S,International Merchandise Trade Statistics: Exports: Commodities for Germany,Quarterly,Growth rate same period previous year,Seasonally Adjusted,1958-01-01,2026-01-01,1,"OECD Data Filters: 
REF_AREA: DEU
COUNTERPART_AREA: W
UNIT_MEASURE: PC
TRADE_FLOW: X
PRODUCT_TYPE: C
ADJUSTMENT: Y
TRANSFORMATION: GY
FREQ: Q

All OECD data should be cited as follows: OECD (year), (dataset name), (data source) DOI or https://data-explorer.oecd.org/ (https://data-explorer.oecd.org/). (accessed on (date))."
germany,Germany industrial production,DEUPROINDMISMEI,"Production, Sales, Work Started and Orders: Production Volume: Economic Activity: Industry (Except Construction) for Germany",Monthly,Index 2015=100,Seasonally Adjusted,1958-01-01,2024-03-01,26,"OECD Data Filters: 
REF_AREA: DEU
MEASURE: PRVM
UNIT_MEASURE: IX
ACTIVITY: BTE
ADJUSTMENT: Y
TRANSFORMATION: _Z
TIME_HORIZ: _Z
METHODOLOGY: N
FREQ: M

All OECD data should be cited as follows: OECD (year), (dataset name), (data source) DOI or https://data-explorer.oecd.org/ (https://data-explorer.oecd.org/). (accessed on (date))."
germany,Germany industrial production,A018ADDEA338NNBR,Index of Industrial Production for Germany,Annual,Index 1928=100,Not Seasonally Adjusted,1919-01-01,1931-01-01,15,"Series Is Presented Here As Five Varibles--(1)--Original Data, 1860-1913 (2)--Original Data, 1913-1931 (3)--Original Data, 1925-1937 (4)--Original Data, 1919-1931 (5)--Original Data, 1925-1937. Source: Institut Fur Konjunkturforschung, Vierteljahrshefte Zur Konjunkturforschung, Sonderheft 31, Pp. 23, 28, 64.

This NBER data series a01008ad appears on the NBER website in Chapter 1 at http://www.nber.org/databases/macrohistory/contents/chapter01.html.

NBER Indicator: a01008ad"
germany,Germany industrial production,A018AADEA324NNBR,Index of Industrial Production for Germany,Annual,Index 1913=100,Not Seasonally Adjusted,1860-01-01,1913-01-01,8,"Series Is Presented Here As Five Varibles--(1)--Original Data, 1860-1913 (2)--Original Data, 1913-1931 (3)--Original Data, 1925-1937 (4)--Original Data, 1919-1931 (5)--Original Data, 1925-1937. Source: Vierteljahrshefte Zur Konjunkturforschung, Sonderheft 31, P. 58.

This NBER data series a01008aa appears on the NBER website in Chapter 1 at http://www.nber.org/databases/macrohistory/contents/chapter01.html.

NBER Indicator: a01008aa"
germany,Germany industrial production,M0137ADEM580NNBR,Raw Steel Production for Germany,Monthly,Thousands of Metric Tons,Not Seasonally Adjusted,1914-01-01,1918-10-01,7,"Series Is Presented Here As Three Variables--(1)--Original Data, 1914-1918 (2)--Original Data, 1914-1920 (3)--Original Data, 1914-1935 Data Cover The Territory Of Pre-War Germany. Coverage Includes Ingots And Castings; Welded Steel (Schweiss Stahl) Is Excluded. Source: Wirtschaftsgruppe Eisen Schaffende Industrie (Formerly Verein Deutscher Eisen Und Stahl Industrieller), ""Die Rohstahl - Gerwinnung Im Deutscher Zollgebiet, 1910 Bis 1924"", February 1925, Pp. 9-12.

This NBER data series m01137a appears on the NBER website in Chapter 1 at http://www.nber.org/databases/macrohistory/contents/chapter01.html.

NBER Indicator: m01137a"
germany,Germany industrial production,PRMNTO01DEQ657S,Production: Manufacturing: Total Manufacturing for Germany,Quarterly,Growth rate previous period,Seasonally Adjusted,1950-04-01,2023-10-01,7,"OECD Data Filters: 
REF_AREA: DEU
MEASURE: PRVM
UNIT_MEASURE: GR
ACTIVITY: C
ADJUSTMENT: Y
TRANSFORMATION: G1
FREQ: Q

All OECD data should be cited as follows: OECD (year), (dataset name), (data source) DOI or https://data-explorer.oecd.org/ (https://data-explorer.oecd.org/). (accessed on (date))."
germany,Germany industrial production,M017ABDEM580NNBR,Raw Steel Production for Germany,Monthly,Thousands of Metric Tons,Not Seasonally Adjusted,1914-01-01,1935-12-01,6,"Series Is Presented Here As Three Variables--(1)--Original Data, 1914-1918 (2)--Original Data, 1914-1920 (3)--Original Data, 1914-1935 Coverage Excludes Alsace-Lorraine And The Saar Throughout (Data For 1919-1920 Were Computed By Subtracting Figures For The Saar); Beginning In July 1922, East Upper Silesia Is Excluded Also. Production In November 1928 Was Significantly Less Due To A Lockout. Source: Wirtschaftsgruppe Eisen Schaffende Industrie (Formerly Verein Deutscher Eisen Und Stahl Industrieller), Data For 1914-1923: ""Die Rohstahl - Gerwinnung Im Deutscher Zollgebiet, 1910 Bis 1924"", February 1925, Pp. 9-12. Data For 1924-1935: ""Deutschlande Gerwinnung An Roheisen, Rohstahl, Und Walzwerkserzengnissen"", 1935, P. 13.

This NBER data series m01137ab appears on the NBER website in Chapter 1 at http://www.nber.org/databases/macrohistory/contents/chapter01.html.

NBER Indicator: m01137ab"
germany,Germany industrial production,DEUPRINTO01GYSAM,Production: Industry: Total Industry Excluding Construction for Germany,Monthly,Growth rate same period previous year,Seasonally Adjusted,1959-01-01,2023-12-01,4,"OECD Data Filters: 
REF_AREA: DEU
MEASURE: PRVM
UNIT_MEASURE: GR
ACTIVITY: BTE
ADJUSTMENT: Y
TRANSFORMATION: GY
FREQ: M

All OECD data should be cited as follows: OECD (year), (dataset name), (data source) DOI or https://data-explorer.oecd.org/ (https://data-explorer.oecd.org/). (accessed on (date))."
germany,Germany industrial production,PRINTO01DEA661N,"Production, Sales, Work Started and Orders: Production Volume: Economic Activity: Industry (Except Construction) for Germany",Annual,Index 2015=100,Not Seasonally Adjusted,1958-01-01,2023-01-01,3,"OECD Data Filters: 
REF_AREA: DEU
MEASURE: PRVM
UNIT_MEASURE: IX
ACTIVITY: BTE
ADJUSTMENT: N
TRANSFORMATION: _Z
TIME_HORIZ: _Z
METHODOLOGY: N
FREQ: A

All OECD data should be cited as follows: OECD (year), (dataset name), (data source) DOI or https://data-explorer.oecd.org/ (https://data-explorer.oecd.org/). (accessed on (date))."
germany,Germany industrial production,DEUPROINDAISMEI,"Production, Sales, Work Started and Orders: Production Volume: Economic Activity: Industry (Except Construction) for Germany",Annual,Index 2015=100,Seasonally Adjusted,1958-01-01,2023-01-01,3,"OECD Data Filters: 
REF_AREA: DEU
MEASURE: PRVM
UNIT_MEASURE: IX
ACTIVITY: BTE
ADJUSTMENT: Y
TRANSFORMATION: _Z
TIME_HORIZ: _Z
METHODOLOGY: N
FREQ: A

All OECD data should be cited as follows: OECD (year), (dataset name), (data source) DOI or https://data-explorer.oecd.org/ (https://data-explorer.oecd.org/). (accessed on (date))."
germany,Germany industrial production,DEUPROINDQISMEI,"Production, Sales, Work Started and Orders: Production Volume: Economic Activity: Industry (Except Construction) for Germany",Quarterly,Index 2015=100,Seasonally Adjusted,1958-01-01,2024-01-01,3,"OECD Data Filters: 
REF_AREA: DEU
MEASURE: PRVM
UNIT_MEASURE: IX
ACTIVITY: BTE
ADJUSTMENT: Y
TRANSFORMATION: _Z
TIME_HORIZ: _Z
METHODOLOGY: N
FREQ: Q

All OECD data should be cited as follows: OECD (year), (dataset name), (data source) DOI or https://data-explorer.oecd.org/ (https://data-explorer.oecd.org/). (accessed on (date))."
germany,Germany industrial production,PRMNTO01DEQ661N,"Production, Sales, Work Started and Orders: Production Volume: Economic Activity: Manufacturing for Germany",Quarterly,Index 2015=100,Not Seasonally Adjusted,1950-01-01,2024-01-01,3,"OECD Data Filters: 
REF_AREA: DEU
MEASURE: PRVM
UNIT_MEASURE: IX
ACTIVITY: C
ADJUSTMENT: N
TRANSFORMATION: _Z
TIME_HORIZ: _Z
METHODOLOGY: N
FREQ: Q

All OECD data should be cited as follows: OECD (year), (dataset name), (data source) DOI or https://data-explorer.oecd.org/ (https://data-explorer.oecd.org/). (accessed on (date))."
germany,Germany industrial production,DEUPRINTO01GPSAM,Production: Industry: Total Industry Excluding Construction for Germany,Monthly,Growth rate previous period,Seasonally Adjusted,1958-02-01,2023-12-01,3,"OECD Data Filters: 
REF_AREA: DEU
MEASURE: PRVM
UNIT_MEASURE: GR
ACTIVITY: BTE
ADJUSTMENT: Y
TRANSFORMATION: G1
FREQ: M

All OECD data should be cited as follows: OECD (year), (dataset name), (data source) DOI or https://data-explorer.oecd.org/ (https://data-explorer.oecd.org/). (accessed on (date))."
germany,Germany industrial production,M0137BDEM580NNBR,Raw Steel Production for Germany,Monthly,Thousands of Metric Tons,Not Seasonally Adjusted,1914-01-01,1920-12-01,3,"Series Is Presented Here As Three Variables--(1)--Original Data, 1914-1918 (2)--Original Data, 1914-1920 (3)--Original Data, 1914-1935 Data Were Computed By Subtracting Figures For Alsace-Lorraine And Luxembourg, Which Are Not Covered. Source: Wirtschaftsgruppe Eisen Schaffende Industrie (Formerly Verein Deutscher Eisen Und Stahl Industrieller), ""Die Rohstahl - Gerwinnung Im Deutscher Zollgebiet, 1910 Bis 1924"", February 1925, Pp. 9-12.

This NBER data series m01137b appears on the NBER website in Chapter 1 at http://www.nber.org/databases/macrohistory/contents/chapter01.html.

NBER Indicator: m01137b"
germany,Germany industrial production,PRINTO01DEQ661N,"Production, Sales, Work Started and Orders: Production Volume: Economic Activity: Industry (Except Construction) for Germany",Quarterly,Index 2015=100,Not Seasonally Adjusted,1958-01-01,2024-01-01,2,"OECD Data Filters: 
REF_AREA: DEU
MEASURE: PRVM
UNIT_MEASURE: IX
ACTIVITY: BTE
ADJUSTMENT: N
TRANSFORMATION: _Z
TIME_HORIZ: _Z
METHODOLOGY: N
FREQ: Q

All OECD data should be cited as follows: OECD (year), (dataset name), (data source) DOI or https://data-explorer.oecd.org/ (https://data-explorer.oecd.org/). (accessed on (date))."
germany,Germany industrial production,DEUPRINTO01IXOBM,"Production, Sales, Work Started and Orders: Production Volume: Economic Activity: Industry (Except Construction) for Germany",Monthly,Index 2015=100,Not Seasonally Adjusted,1958-01-01,2024-03-01,2,"OECD Data Filters: 
REF_AREA: DEU
MEASURE: PRVM
UNIT_MEASURE: IX
ACTIVITY: BTE
ADJUSTMENT: N
TRANSFORMATION: _Z
TIME_HORIZ: _Z
METHODOLOGY: N
FREQ: M

All OECD data should be cited as follows: OECD (year), (dataset name), (data source) DOI or https://data-explorer.oecd.org/ (https://data-explorer.oecd.org/). (accessed on (date))."
germany,Germany industrial production,PRINTO01DEA657S,Production: Industry: Total Industry Excluding Construction for Germany,Annual,Growth rate previous period,Seasonally Adjusted,1959-01-01,2025-01-01,2,"OECD Data Filters: 
REF_AREA: DEU
MEASURE: PRVM
UNIT_MEASURE: GR
ACTIVITY: BTE
ADJUSTMENT: Y
TRANSFORMATION: G1
FREQ: A

All OECD data should be cited as follows: OECD (year), (dataset name), (data source) DOI or https://data-explorer.oecd.org/ (https://data-explorer.oecd.org/). (accessed on (date))."
germany,Germany industrial production,PRINTO01DEQ659S,Production: Industry: Total Industry Excluding Construction for Germany,Quarterly,Growth rate same period previous year,Seasonally Adjusted,1959-01-01,2023-10-01,2,"OECD Data Filters: 
REF_AREA: DEU
MEASURE: PRVM
UNIT_MEASURE: GR
ACTIVITY: BTE
ADJUSTMENT: Y
TRANSFORMATION: GY
FREQ: Q

All OECD data should be cited as follows: OECD (year), (dataset name), (data source) DOI or https://data-explorer.oecd.org/ (https://data-explorer.oecd.org/). (accessed on (date))."
germany,Germany industrial production,PRINTO01DEA659S,Production: Industry: Total Industry Excluding Construction for Germany,Annual,Growth rate same period previous year,Seasonally Adjusted,1959-01-01,2025-01-01,2,"OECD Data Filters: 
REF_AREA: DEU
MEASURE: PRVM
UNIT_MEASURE: GR
ACTIVITY: BTE
ADJUSTMENT: Y
TRANSFORMATION: GY
FREQ: A

All OECD data should be cited as follows: OECD (year), (dataset name), (data source) DOI or https://data-explorer.oecd.org/ (https://data-explorer.oecd.org/). (accessed on (date))."
germany,Germany industrial production,PRINTO01DEQ657S,Production: Industry: Total Industry Excluding Construction for Germany,Quarterly,Growth rate previous period,Seasonally Adjusted,1958-04-01,2023-10-01,2,"OECD Data Filters: 
REF_AREA: DEU
MEASURE: PRVM
UNIT_MEASURE: GR
ACTIVITY: BTE
ADJUSTMENT: Y
TRANSFORMATION: G1
FREQ: Q

All OECD data should be cited as follows: OECD (year), (dataset name), (data source) DOI or https://data-explorer.oecd.org/ (https://data-explorer.oecd.org/). (accessed on (date))."
germany,Germany industrial production,PRMNTO01DEA661N,"Production, Sales, Work Started and Orders: Production Volume: Economic Activity: Manufacturing for Germany",Annual,Index 2015=100,Not Seasonally Adjusted,1950-01-01,2023-01-01,1,"OECD Data Filters: 
REF_AREA: DEU
MEASURE: PRVM
UNIT_MEASURE: IX
ACTIVITY: C
ADJUSTMENT: N
TRANSFORMATION: _Z
TIME_HORIZ: _Z
METHODOLOGY: N
FREQ: A

All OECD data should be cited as follows: OECD (year), (dataset name), (data source) DOI or https://data-explorer.oecd.org/ (https://data-explorer.oecd.org/). (accessed on (date))."
germany,Germany manufacturing orders,DEUPROMANMISMEI,"Production, Sales, Work Started and Orders: Production Volume: Economic Activity: Manufacturing for Germany",Monthly,Index 2015=100,Seasonally Adjusted,1950-01-01,2024-01-01,10,"OECD Data Filters: 
REF_AREA: DEU
MEASURE: PRVM
UNIT_MEASURE: IX
ACTIVITY: C
ADJUSTMENT: Y
TRANSFORMATION: _Z
TIME_HORIZ: _Z
METHODOLOGY: N
FREQ: M

All OECD data should be cited as follows: OECD (year), (dataset name), (data source) DOI or https://data-explorer.oecd.org/ (https://data-explorer.oecd.org/). (accessed on (date))."
germany,Germany manufacturing orders,PRMNTO01DEQ661N,"Production, Sales, Work Started and Orders: Production Volume: Economic Activity: Manufacturing for Germany",Quarterly,Index 2015=100,Not Seasonally Adjusted,1950-01-01,2024-01-01,3,"OECD Data Filters: 
REF_AREA: DEU
MEASURE: PRVM
UNIT_MEASURE: IX
ACTIVITY: C
ADJUSTMENT: N
TRANSFORMATION: _Z
TIME_HORIZ: _Z
METHODOLOGY: N
FREQ: Q

All OECD data should be cited as follows: OECD (year), (dataset name), (data source) DOI or https://data-explorer.oecd.org/ (https://data-explorer.oecd.org/). (accessed on (date))."
germany,Germany manufacturing orders,BSOBLV02DEM460S,Business Tendency Surveys: Order Books: Economic Activity: Manufacturing: Current for Germany,Monthly,Percentage balance,Seasonally Adjusted,1962-12-01,2026-06-01,2,"OECD Data Filters: 
REF_AREA: DEU
MEASURE: OB
UNIT_MEASURE: PB
ACTIVITY: C
ADJUSTMENT: Y
TRANSFORMATION: _Z
TIME_HORIZ: C
METHODOLOGY: N
FREQ: M

All OECD data should be cited as follows: OECD (year), (dataset name), (data source) DOI or https://data-explorer.oecd.org/ (https://data-explorer.oecd.org/). (accessed on (date))."
germany,Germany manufacturing orders,DEUPROMANQISMEI,"Production, Sales, Work Started and Orders: Production Volume: Economic Activity: Manufacturing for Germany",Quarterly,Index 2015=100,Seasonally Adjusted,1950-01-01,2023-10-01,1,"OECD Data Filters: 
REF_AREA: DEU
MEASURE: PRVM
UNIT_MEASURE: IX
ACTIVITY: C
ADJUSTMENT: Y
TRANSFORMATION: _Z
TIME_HORIZ: _Z
METHODOLOGY: N
FREQ: Q

All OECD data should be cited as follows: OECD (year), (dataset name), (data source) DOI or https://data-explorer.oecd.org/ (https://data-explorer.oecd.org/). (accessed on (date))."
germany,Germany manufacturing orders,DEUPRMNTO01IXOBM,"Production, Sales, Work Started and Orders: Production Volume: Economic Activity: Manufacturing for Germany",Monthly,Index 2015=100,Not Seasonally Adjusted,1950-01-01,2024-03-01,1,"OECD Data Filters: 
REF_AREA: DEU
MEASURE: PRVM
UNIT_MEASURE: IX
ACTIVITY: C
ADJUSTMENT: N
TRANSFORMATION: _Z
TIME_HORIZ: _Z
METHODOLOGY: N
FREQ: M

All OECD data should be cited as follows: OECD (year), (dataset name), (data source) DOI or https://data-explorer.oecd.org/ (https://data-explorer.oecd.org/). (accessed on (date))."
germany,Germany manufacturing orders,DEUPROMANAISMEI,"Production, Sales, Work Started and Orders: Production Volume: Economic Activity: Manufacturing for Germany",Annual,Index 2015=100,Seasonally Adjusted,1950-01-01,2023-01-01,1,"OECD Data Filters: 
REF_AREA: DEU
MEASURE: PRVM
UNIT_MEASURE: IX
ACTIVITY: C
ADJUSTMENT: Y
TRANSFORMATION: _Z
TIME_HORIZ: _Z
METHODOLOGY: N
FREQ: A

All OECD data should be cited as follows: OECD (year), (dataset name), (data source) DOI or https://data-explorer.oecd.org/ (https://data-explorer.oecd.org/). (accessed on (date))."
germany,Germany manufacturing orders,PRMNTO01DEA661N,"Production, Sales, Work Started and Orders: Production Volume: Economic Activity: Manufacturing for Germany",Annual,Index 2015=100,Not Seasonally Adjusted,1950-01-01,2023-01-01,1,"OECD Data Filters: 
REF_AREA: DEU
MEASURE: PRVM
UNIT_MEASURE: IX
ACTIVITY: C
ADJUSTMENT: N
TRANSFORMATION: _Z
TIME_HORIZ: _Z
METHODOLOGY: N
FREQ: A

All OECD data should be cited as follows: OECD (year), (dataset name), (data source) DOI or https://data-explorer.oecd.org/ (https://data-explorer.oecd.org/). (accessed on (date))."
germany,Germany manufacturing orders,DEUODMNTO01IXOBSAM,Orders: Manufacturing: Total Orders: Volume for Germany,Monthly,Index 2015=100,Seasonally Adjusted,1960-01-01,2023-11-01,1,"OECD Descriptor ID: ODMNTO01
OECD unit ID: IDX
OECD country ID: DEU

All OECD data should be cited as follows: OECD, ""Main Economic Indicators - complete database"", Main Economic Indicators (database), https://dx.doi.org/10.1787/data-00052-en (Accessed on date) Copyright, 2016, OECD. Reprinted with permission"
germany,Germany manufacturing orders,ODMNTO01DEQ661N,Orders: Manufacturing: Total Orders: Volume for Germany,Quarterly,Index 2015=100,Not Seasonally Adjusted,1960-01-01,2023-07-01,1,"OECD Descriptor ID: ODMNTO01
OECD unit ID: IDX
OECD country ID: DEU

All OECD data should be cited as follows: OECD, ""Main Economic Indicators - complete database"", Main Economic Indicators (database), https://dx.doi.org/10.1787/data-00052-en (Accessed on date) Copyright, 2016, OECD. Reprinted with permission"
germany,Germany manufacturing orders,ODMNTO01DEQ661S,Orders: Manufacturing: Total Orders: Volume for Germany,Quarterly,Index 2015=100,Seasonally Adjusted,1960-01-01,2023-07-01,1,"OECD Descriptor ID: ODMNTO01
OECD unit ID: IDX
OECD country ID: DEU

All OECD data should be cited as follows: OECD, ""Main Economic Indicators - complete database"", Main Economic Indicators (database), https://dx.doi.org/10.1787/data-00052-en (Accessed on date) Copyright, 2016, OECD. Reprinted with permission"
germany,Germany manufacturing orders,DEUODMNTO01IXOBM,Orders: Manufacturing: Total Orders: Volume for Germany,Monthly,Index 2015=100,Not Seasonally Adjusted,1960-01-01,2023-11-01,1,"OECD Descriptor ID: ODMNTO01
OECD unit ID: IDX
OECD country ID: DEU

All OECD data should be cited as follows: OECD, ""Main Economic Indicators - complete database"", Main Economic Indicators (database), https://dx.doi.org/10.1787/data-00052-en (Accessed on date) Copyright, 2016, OECD. Reprinted with permission"
germany,Germany manufacturing orders,ODMNTO01DEA661S,Orders: Manufacturing: Total Orders: Volume for Germany,Annual,Index 2015=100,Seasonally Adjusted,1960-01-01,2022-01-01,1,"OECD Descriptor ID: ODMNTO01
OECD unit ID: IDX
OECD country ID: DEU

All OECD data should be cited as follows: OECD, ""Main Economic Indicators - complete database"", Main Economic Indicators (database), https://dx.doi.org/10.1787/data-00052-en (Accessed on date) Copyright, 2016, OECD. Reprinted with permission"
germany,Germany manufacturing orders,ODMNTO01DEA661N,Orders: Manufacturing: Total Orders: Volume for Germany,Annual,Index 2015=100,Not Seasonally Adjusted,1960-01-01,2022-01-01,1,"OECD Descriptor ID: ODMNTO01
OECD unit ID: IDX
OECD country ID: DEU

All OECD data should be cited as follows: OECD, ""Main Economic Indicators - complete database"", Main Economic Indicators (database), https://dx.doi.org/10.1787/data-00052-en (Accessed on date) Copyright, 2016, OECD. Reprinted with permission"
germany,Germany manufacturing orders,BSOITE02DEM460S,Business Tendency Surveys: Orders Inflow: Economic Activity: Manufacturing: Tendency for Germany,Monthly,Percentage balance,Seasonally Adjusted,1961-01-01,2026-06-01,1,"OECD Data Filters: 
REF_AREA: DEU
MEASURE: OI
UNIT_MEASURE: PB
ACTIVITY: C
ADJUSTMENT: Y
TRANSFORMATION: _Z
TIME_HORIZ: T
METHODOLOGY: N
FREQ: M

All OECD data should be cited as follows: OECD (year), (dataset name), (data source) DOI or https://data-explorer.oecd.org/ (https://data-explorer.oecd.org/). (accessed on (date))."
germany,Germany manufacturing orders,BSOITE02DEQ460S,Business Tendency Surveys: Orders Inflow: Economic Activity: Manufacturing: Tendency for Germany,Quarterly,Percentage balance,Seasonally Adjusted,1961-01-01,2026-01-01,1,"OECD Data Filters: 
REF_AREA: DEU
MEASURE: OI
UNIT_MEASURE: PB
ACTIVITY: C
ADJUSTMENT: Y
TRANSFORMATION: _Z
TIME_HORIZ: T
METHODOLOGY: N
FREQ: Q

All OECD data should be cited as follows: OECD (year), (dataset name), (data source) DOI or https://data-explorer.oecd.org/ (https://data-explorer.oecd.org/). (accessed on (date))."
germany,Germany manufacturing orders,BSXRLV02DEM086S,Business Tendency Surveys: Export Order Books or Demand: Economic Activity: Manufacturing: Current for Germany,Monthly,Percentage balance,Seasonally Adjusted,1985-01-01,2026-06-01,1,"OECD Data Filters: 
REF_AREA: DEU
MEASURE: XR
UNIT_MEASURE: PB
ACTIVITY: C
ADJUSTMENT: Y
TRANSFORMATION: _Z
TIME_HORIZ: C
METHODOLOGY: N
FREQ: M

All OECD data should be cited as follows: OECD (year), (dataset name), (data source) DOI or https://data-explorer.oecd.org/ (https://data-explorer.oecd.org/). (accessed on (date))."
germany,Germany manufacturing orders,M04115DE00AGBM371NNBR,"Wholesale Price of Cotton Yarn for Augsburg, Germany",Monthly,Marks per Kilogram,Not Seasonally Adjusted,1879-01-01,1935-12-01,1,"Data Refers To The Monthly Average Of Cotton Yarn From The Factory (1879-1909: 30 Days = 1% Discount, 90 Days = No Discount; 1910-1929: 30 Days = 2% Discount, 90 Days = No Discount; 1930-1935: 30 Days = 2% Discount, 60 Days = No Discount). For 1917 The Prices On Receipt Of Permit Of Purchase Refer To Yarn Transactions Of American Cotton. These Yarns Were Manufactured Only In Exceptional Cases Usually On Order Of The War Minister. Source: 1879-1891:""Monatshefte Zur Statistik Des Deutschen Reichs"", December 1879, P.119, And Following December Issues; 1892-1935:""Rierteljahrs Hefte Zur Statistik Des Deutschen Reichs"", 1893, Vol. 1, P. 41, And Yearly Thereafter.

This NBER data series m04115 appears on the NBER website in Chapter 4 at http://www.nber.org/databases/macrohistory/contents/chapter04.html.

NBER Indicator: m04115"
india,India CPI,FPCPITOTLZGIND,"Inflation, consumer prices for India",Annual,Percent,Not Seasonally Adjusted,1960-01-01,2025-01-01,42,"Inflation as measured by the consumer price index reflects the annual percentage change in the cost to the average consumer of acquiring a basket of goods and services that may be fixed or changed at specified intervals, such as yearly. The Laspeyres formula is generally used.

International Monetary Fund, International Financial Statistics and data files."
india,India CPI,INDCPIALLMINMEI,"Consumer Price Indices (CPIs, HICPs), COICOP 1999: Consumer Price Index: Total for India",Monthly,Index 2015=100,Not Seasonally Adjusted,1957-01-01,2025-03-01,38,"OECD Data Filters: 
REF_AREA: IND
MEASURE: CPI
UNIT_MEASURE: IX
METHODOLOGY: N
EXPENDITURE: _T
ADJUSTMENT: N
TRANSFORMATION: _Z
FREQ: M

All OECD data should be cited as follows: OECD (year), (dataset name), (data source) DOI or https://data-explorer.oecd.org/ (https://data-explorer.oecd.org/). (accessed on (date))."
india,India CPI,QINR628BIS,Real Residential Property Prices for India,Quarterly,Index 2010=100,Not Seasonally Adjusted,2009-01-01,2026-01-01,38,"Source Code: Q:IN:R:628

Coverage includes all types of new and existing dwellings in big cities. The series is deflated using CPI.

For more information, please see https://www.bis.org/statistics/pp_detailed.htm.

Any use of the series shall be cited as follows: ""Sources: National sources, BIS Residential Property Price database, http://www.bis.org/statistics/pp.htm.""

Copyright, 2016, Bank for International Settlements (BIS). Terms and conditions of use are available at http://www.bis.org/terms_conditions.htm#Copyright_and_Permissions."
india,India CPI,CPALTT01INM659N,"Consumer Price Indices (CPIs, HICPs), COICOP 1999: Consumer Price Index: Total for India",Monthly,Growth rate same period previous year,Not Seasonally Adjusted,1958-01-01,2025-03-01,30,"OECD Data Filters: 
REF_AREA: IND
MEASURE: CPI
UNIT_MEASURE: PA
METHODOLOGY: N
EXPENDITURE: _T
ADJUSTMENT: N
TRANSFORMATION: GY
FREQ: M

All OECD data should be cited as follows: OECD (year), (dataset name), (data source) DOI or https://data-explorer.oecd.org/ (https://data-explorer.oecd.org/). (accessed on (date))."
india,India CPI,CPALTT01INM657N,Consumer Price Index: All Items: Total for India,Monthly,Growth rate previous period,Not Seasonally Adjusted,1957-02-01,2024-01-01,29,"OECD Descriptor ID: CPALTT01
OECD unit ID: PC
OECD country ID: IND

All OECD data should be cited as follows: OECD, ""Main Economic Indicators - complete database"", Main Economic Indicators (database), https://dx.doi.org/10.1787/data-00052-en (Accessed on date) Copyright, 2016, OECD. Reprinted with permission"
india,India CPI,INDCPALTT01IXNBM,Consumer Price Index: All Items: Total for India,Monthly,Index source base,Not Seasonally Adjusted,1960-01-01,2023-11-01,20,"OECD Descriptor ID: CPALTT01
OECD unit ID: IDX
OECD country ID: IND

All OECD data should be cited as follows: OECD, ""Main Economic Indicators - complete database"", Main Economic Indicators (database), https://dx.doi.org/10.1787/data-00052-en (Accessed on date) Copyright, 2016, OECD. Reprinted with permission"
india,India CPI,INDCPIALLQINMEI,"Consumer Price Indices (CPIs, HICPs), COICOP 1999: Consumer Price Index: Total for India",Quarterly,Index 2015=100,Not Seasonally Adjusted,1957-01-01,2025-01-01,15,"OECD Data Filters: 
REF_AREA: IND
MEASURE: CPI
UNIT_MEASURE: IX
METHODOLOGY: N
EXPENDITURE: _T
ADJUSTMENT: N
TRANSFORMATION: _Z
FREQ: Q

All OECD data should be cited as follows: OECD (year), (dataset name), (data source) DOI or https://data-explorer.oecd.org/ (https://data-explorer.oecd.org/). (accessed on (date))."
india,India CPI,CCRETT01INM661N,Financial Market: Real Effective Exchange Rates: CPI Based for India,Monthly,Index 2015=100,Not Seasonally Adjusted,1970-01-01,2026-07-01,14,"OECD Data Filters: 
REF_AREA: IND
MEASURE: CCRE
UNIT_MEASURE: IX
ACTIVITY: _Z
ADJUSTMENT: _Z
TRANSFORMATION: _Z
TIME_HORIZ: _Z
METHODOLOGY: N
FREQ: M

All OECD data should be cited as follows: OECD (year), (dataset name), (data source) DOI or https://data-explorer.oecd.org/ (https://data-explorer.oecd.org/). (accessed on (date))."
india,India CPI,QINR368BIS,Real Residential Property Prices for India,Quarterly,Percent per Annum,Not Seasonally Adjusted,2010-01-01,2026-01-01,12,"Source Code: Q:IN:R:368

Coverage includes all types of new and existing dwellings in big cities. The series is deflated using CPI.

For more information, please see https://www.bis.org/statistics/pp_detailed.htm.

Any use of the series shall be cited as follows: ""Sources: National sources, BIS Residential Property Price database, http://www.bis.org/statistics/pp.htm.""

Copyright, 2016, Bank for International Settlements (BIS). Terms and conditions of use are available at http://www.bis.org/terms_conditions.htm#Copyright_and_Permissions."
india,India CPI,DDOE01INA086NWDB,Consumer Price Index for India,"Annual, End of Year",Index 2010=100,Not Seasonally Adjusted,1960-01-01,2017-01-01,10,"Consumer price index reflects changes in the cost to the average consumer of acquiring a basket of goods and services that may be fixed or changed at specified intervals, such as yearly. The Laspeyres formula is generally used.

Source Code: GFDD.OE.01"
india,India CPI,INDCPIALLAINMEI,"Consumer Price Indices (CPIs, HICPs), COICOP 1999: Consumer Price Index: Total for India",Annual,Index 2015=100,Not Seasonally Adjusted,1957-01-01,2024-01-01,8,"OECD Data Filters: 
REF_AREA: IND
MEASURE: CPI
UNIT_MEASURE: IX
METHODOLOGY: N
EXPENDITURE: _T
ADJUSTMENT: N
TRANSFORMATION: _Z
FREQ: A

All OECD data should be cited as follows: OECD (year), (dataset name), (data source) DOI or https://data-explorer.oecd.org/ (https://data-explorer.oecd.org/). (accessed on (date))."
india,India CPI,CPALTT01INQ657N,Consumer Price Index: All Items: Total for India,Quarterly,Growth rate previous period,Not Seasonally Adjusted,1957-04-01,2023-10-01,8,"OECD Descriptor ID: CPALTT01
OECD unit ID: PC
OECD country ID: IND

All OECD data should be cited as follows: OECD, ""Main Economic Indicators - complete database"", Main Economic Indicators (database), https://dx.doi.org/10.1787/data-00052-en (Accessed on date) Copyright, 2016, OECD. Reprinted with permission"
india,India CPI,CCRETT01INQ661N,Financial Market: Real Effective Exchange Rates: CPI Based for India,Quarterly,Index 2015=100,Not Seasonally Adjusted,1970-01-01,2026-04-01,6,"OECD Data Filters: 
REF_AREA: IND
MEASURE: CCRE
UNIT_MEASURE: IX
ACTIVITY: _Z
ADJUSTMENT: _Z
TRANSFORMATION: _Z
TIME_HORIZ: _Z
METHODOLOGY: N
FREQ: Q

All OECD data should be cited as follows: OECD (year), (dataset name), (data source) DOI or https://data-explorer.oecd.org/ (https://data-explorer.oecd.org/). (accessed on (date))."
india,India CPI,CPALTT01INQ659N,"Consumer Price Indices (CPIs, HICPs), COICOP 1999: Consumer Price Index: Total for India",Quarterly,Growth rate same period previous year,Not Seasonally Adjusted,1958-01-01,2025-01-01,4,"OECD Data Filters: 
REF_AREA: IND
MEASURE: CPI
UNIT_MEASURE: PA
METHODOLOGY: N
EXPENDITURE: _T
ADJUSTMENT: N
TRANSFORMATION: GY
FREQ: Q

All OECD data should be cited as follows: OECD (year), (dataset name), (data source) DOI or https://data-explorer.oecd.org/ (https://data-explorer.oecd.org/). (accessed on (date))."
india,India CPI,CCRETT01INA661N,Financial Market: Real Effective Exchange Rates: CPI Based for India,Annual,Index 2015=100,Not Seasonally Adjusted,1970-01-01,2025-01-01,3,"OECD Data Filters: 
REF_AREA: IND
MEASURE: CCRE
UNIT_MEASURE: IX
ACTIVITY: _Z
ADJUSTMENT: _Z
TRANSFORMATION: _Z
TIME_HORIZ: _Z
METHODOLOGY: N
FREQ: A

All OECD data should be cited as follows: OECD (year), (dataset name), (data source) DOI or https://data-explorer.oecd.org/ (https://data-explorer.oecd.org/). (accessed on (date))."
india,India CPI,CPALTT01INA659N,"Consumer Price Indices (CPIs, HICPs), COICOP 1999: Consumer Price Index: Total for India",Annual,Growth rate same period previous year,Not Seasonally Adjusted,1958-01-01,2024-01-01,3,"OECD Data Filters: 
REF_AREA: IND
MEASURE: CPI
UNIT_MEASURE: PA
METHODOLOGY: N
EXPENDITURE: _T
ADJUSTMENT: N
TRANSFORMATION: GY
FREQ: A

All OECD data should be cited as follows: OECD (year), (dataset name), (data source) DOI or https://data-explorer.oecd.org/ (https://data-explorer.oecd.org/). (accessed on (date))."
india,India CPI,CPALTT01INA657N,Consumer Price Index: All Items: Total for India,Annual,Growth rate previous period,Not Seasonally Adjusted,1958-01-01,2023-01-01,3,"OECD Descriptor ID: CPALTT01
OECD unit ID: PC
OECD country ID: IND

All OECD data should be cited as follows: OECD, ""Main Economic Indicators - complete database"", Main Economic Indicators (database), https://dx.doi.org/10.1787/data-00052-en (Accessed on date) Copyright, 2016, OECD. Reprinted with permission"
india,India CPI,INDCPALTT01IXNBQ,Consumer Price Index: All Items: Total for India,Quarterly,Index source base,Not Seasonally Adjusted,1960-01-01,2023-07-01,2,"OECD Descriptor ID: CPALTT01
OECD unit ID: IDX
OECD country ID: IND

All OECD data should be cited as follows: OECD, ""Main Economic Indicators - complete database"", Main Economic Indicators (database), https://dx.doi.org/10.1787/data-00052-en (Accessed on date) Copyright, 2016, OECD. Reprinted with permission"
india,India CPI,DDOE02INA086NWDB,Consumer Price Index for India,Annual,Index 2010=100,Not Seasonally Adjusted,1960-01-01,2017-01-01,2,"Consumer price index reflects changes in the cost to the average consumer of acquiring a basket of goods and services that may be fixed or changed at specified intervals, such as yearly. The Laspeyres formula is generally used.

Source Code: GFDD.OE.02"
india,India CPI,INDCP010000IXNBM,Consumer Price Index: Food and Non-Alcoholic Beverages (COICOP 01): Total for India,Monthly,Index source base,Not Seasonally Adjusted,2013-01-01,2019-05-01,1,"OECD Descriptor ID: CP010000
OECD unit ID: IDX
OECD country ID: IND

All OECD data should be cited as follows: OECD, ""Main Economic Indicators - complete database"", Main Economic Indicators (database), https://dx.doi.org/10.1787/data-00052-en (Accessed on date) Copyright, 2016, OECD. Reprinted with permission"
india,India exports,XTEITT01INM156S,International Trade: Ratio: Exports to Imports: Total for India,Monthly,Percent,Seasonally Adjusted,1990-01-01,2023-11-01,9,"OECD Descriptor ID: XTEITT01
OECD unit ID: PC
OECD country ID: IND

All OECD data should be cited as follows: OECD, ""Main Economic Indicators - complete database"", Main Economic Indicators (database), https://dx.doi.org/10.1787/data-00052-en (Accessed on date) Copyright, 2016, OECD. Reprinted with permission"
india,India exports,XTEITT01INM156N,International Trade: Ratio: Exports to Imports: Total for India,Monthly,Percent,Not Seasonally Adjusted,1990-01-01,2023-11-01,5,"OECD Descriptor ID: XTEITT01
OECD unit ID: PC
OECD country ID: IND

All OECD data should be cited as follows: OECD, ""Main Economic Indicators - complete database"", Main Economic Indicators (database), https://dx.doi.org/10.1787/data-00052-en (Accessed on date) Copyright, 2016, OECD. Reprinted with permission"
india,India exports,XTEITT01INA156S,International Trade: Ratio: Exports to Imports: Total for India,Annual,Percent,Seasonally Adjusted,1990-01-01,2022-01-01,4,"OECD Descriptor ID: XTEITT01
OECD unit ID: PC
OECD country ID: IND

All OECD data should be cited as follows: OECD, ""Main Economic Indicators - complete database"", Main Economic Indicators (database), https://dx.doi.org/10.1787/data-00052-en (Accessed on date) Copyright, 2016, OECD. Reprinted with permission"
india,India exports,XTEITT01INQ156S,International Trade: Ratio: Exports to Imports: Total for India,Quarterly,Percent,Seasonally Adjusted,1990-01-01,2023-07-01,4,"OECD Descriptor ID: XTEITT01
OECD unit ID: PC
OECD country ID: IND

All OECD data should be cited as follows: OECD, ""Main Economic Indicators - complete database"", Main Economic Indicators (database), https://dx.doi.org/10.1787/data-00052-en (Accessed on date) Copyright, 2016, OECD. Reprinted with permission"
india,India exports,XTEITT01INA156N,International Trade: Ratio: Exports to Imports: Total for India,Annual,Percent,Not Seasonally Adjusted,1990-01-01,2022-01-01,3,"OECD Descriptor ID: XTEITT01
OECD unit ID: PC
OECD country ID: IND

All OECD data should be cited as follows: OECD, ""Main Economic Indicators - complete database"", Main Economic Indicators (database), https://dx.doi.org/10.1787/data-00052-en (Accessed on date) Copyright, 2016, OECD. Reprinted with permission"
india,India exports,XTEXVA01INM664S,International Merchandise Trade Statistics: Exports: Commodities for India,Monthly,Indian Rupee,Seasonally Adjusted,1990-01-01,2026-06-01,3,"OECD Data Filters: 
REF_AREA: IND
COUNTERPART_AREA: W
UNIT_MEASURE: XDC
TRADE_FLOW: X
PRODUCT_TYPE: C
ADJUSTMENT: Y
TRANSFORMATION: N
FREQ: M

All OECD data should be cited as follows: OECD (year), (dataset name), (data source) DOI or https://data-explorer.oecd.org/ (https://data-explorer.oecd.org/). (accessed on (date))."
india,India exports,XTEXVA01INM667S,International Merchandise Trade Statistics: Exports: Commodities for India,Monthly,"US dollars, exchange rate converted",Seasonally Adjusted,1990-01-01,2026-06-01,3,"OECD Data Filters: 
REF_AREA: IND
COUNTERPART_AREA: W
UNIT_MEASURE: USD_EXC
TRADE_FLOW: X
PRODUCT_TYPE: C
ADJUSTMENT: Y
TRANSFORMATION: N
FREQ: M

All OECD data should be cited as follows: OECD (year), (dataset name), (data source) DOI or https://data-explorer.oecd.org/ (https://data-explorer.oecd.org/). (accessed on (date))."
india,India exports,XTEXVA01INA664N,International Merchandise Trade Statistics: Exports: Commodities for India,Annual,Indian Rupee,Not Seasonally Adjusted,1990-01-01,2025-01-01,2,"OECD Data Filters: 
REF_AREA: IND
COUNTERPART_AREA: W
UNIT_MEASURE: XDC
TRADE_FLOW: X
PRODUCT_TYPE: C
ADJUSTMENT: N
TRANSFORMATION: N
FREQ: A

All OECD data should be cited as follows: OECD (year), (dataset name), (data source) DOI or https://data-explorer.oecd.org/ (https://data-explorer.oecd.org/). (accessed on (date))."
india,India exports,XTEXVA01INQ664S,International Merchandise Trade Statistics: Exports: Commodities for India,Quarterly,Indian Rupee,Seasonally Adjusted,1990-01-01,2026-04-01,2,"OECD Data Filters: 
REF_AREA: IND
COUNTERPART_AREA: W
UNIT_MEASURE: XDC
TRADE_FLOW: X
PRODUCT_TYPE: C
ADJUSTMENT: Y
TRANSFORMATION: N
FREQ: Q

All OECD data should be cited as follows: OECD (year), (dataset name), (data source) DOI or https://data-explorer.oecd.org/ (https://data-explorer.oecd.org/). (accessed on (date))."
india,India exports,XTEXVA01INQ667S,International Merchandise Trade Statistics: Exports: Commodities for India,Quarterly,"US dollars, exchange rate converted",Seasonally Adjusted,1990-01-01,2026-04-01,2,"OECD Data Filters: 
REF_AREA: IND
COUNTERPART_AREA: W
UNIT_MEASURE: USD_EXC
TRADE_FLOW: X
PRODUCT_TYPE: C
ADJUSTMENT: Y
TRANSFORMATION: N
FREQ: Q

All OECD data should be cited as follows: OECD (year), (dataset name), (data source) DOI or https://data-explorer.oecd.org/ (https://data-explorer.oecd.org/). (accessed on (date))."
india,India exports,XTEITT01INQ156N,International Trade: Ratio: Exports to Imports: Total for India,Quarterly,Percent,Not Seasonally Adjusted,1990-01-01,2023-07-01,1,"OECD Descriptor ID: XTEITT01
OECD unit ID: PC
OECD country ID: IND

All OECD data should be cited as follows: OECD, ""Main Economic Indicators - complete database"", Main Economic Indicators (database), https://dx.doi.org/10.1787/data-00052-en (Accessed on date) Copyright, 2016, OECD. Reprinted with permission"
india,India exports,XTEXVA01INQ664N,International Merchandise Trade Statistics: Exports: Commodities for India,Quarterly,Indian Rupee,Not Seasonally Adjusted,1990-01-01,2026-04-01,1,"OECD Data Filters: 
REF_AREA: IND
COUNTERPART_AREA: W
UNIT_MEASURE: XDC
TRADE_FLOW: X
PRODUCT_TYPE: C
ADJUSTMENT: N
TRANSFORMATION: N
FREQ: Q

All OECD data should be cited as follows: OECD (year), (dataset name), (data source) DOI or https://data-explorer.oecd.org/ (https://data-explorer.oecd.org/). (accessed on (date))."
india,India exports,XTEXVA01INM664N,International Merchandise Trade Statistics: Exports: Commodities for India,Monthly,Indian Rupee,Not Seasonally Adjusted,1990-01-01,2026-06-01,1,"OECD Data Filters: 
REF_AREA: IND
COUNTERPART_AREA: W
UNIT_MEASURE: XDC
TRADE_FLOW: X
PRODUCT_TYPE: C
ADJUSTMENT: N
TRANSFORMATION: N
FREQ: M

All OECD data should be cited as follows: OECD (year), (dataset name), (data source) DOI or https://data-explorer.oecd.org/ (https://data-explorer.oecd.org/). (accessed on (date))."
india,India exports,XTEXVA01INA664S,International Merchandise Trade Statistics: Exports: Commodities for India,Annual,Indian Rupee,Seasonally Adjusted,1990-01-01,2025-01-01,1,"OECD Data Filters: 
REF_AREA: IND
COUNTERPART_AREA: W
UNIT_MEASURE: XDC
TRADE_FLOW: X
PRODUCT_TYPE: C
ADJUSTMENT: Y
TRANSFORMATION: N
FREQ: A

All OECD data should be cited as follows: OECD (year), (dataset name), (data source) DOI or https://data-explorer.oecd.org/ (https://data-explorer.oecd.org/). (accessed on (date))."
india,India exports,XTEXVA01INM657S,International Merchandise Trade Statistics: Exports: Commodities for India,Monthly,Growth rate previous period,Seasonally Adjusted,1990-02-01,2026-06-01,1,"OECD Data Filters: 
REF_AREA: IND
COUNTERPART_AREA: W
UNIT_MEASURE: PC
TRADE_FLOW: X
PRODUCT_TYPE: C
ADJUSTMENT: Y
TRANSFORMATION: G1
FREQ: M

All OECD data should be cited as follows: OECD (year), (dataset name), (data source) DOI or https://data-explorer.oecd.org/ (https://data-explorer.oecd.org/). (accessed on (date))."
india,India exports,XTEXVA01INA657S,International Merchandise Trade Statistics: Exports: Commodities for India,Annual,Growth rate previous period,Seasonally Adjusted,1991-01-01,2025-01-01,1,"OECD Data Filters: 
REF_AREA: IND
COUNTERPART_AREA: W
UNIT_MEASURE: PC
TRADE_FLOW: X
PRODUCT_TYPE: C
ADJUSTMENT: Y
TRANSFORMATION: G1
FREQ: A

All OECD data should be cited as follows: OECD (year), (dataset name), (data source) DOI or https://data-explorer.oecd.org/ (https://data-explorer.oecd.org/). (accessed on (date))."
india,India exports,XTEXVA01INQ657S,International Merchandise Trade Statistics: Exports: Commodities for India,Quarterly,Growth rate previous period,Seasonally Adjusted,1990-04-01,2026-04-01,1,"OECD Data Filters: 
REF_AREA: IND
COUNTERPART_AREA: W
UNIT_MEASURE: PC
TRADE_FLOW: X
PRODUCT_TYPE: C
ADJUSTMENT: Y
TRANSFORMATION: G1
FREQ: Q

All OECD data should be cited as follows: OECD (year), (dataset name), (data source) DOI or https://data-explorer.oecd.org/ (https://data-explorer.oecd.org/). (accessed on (date))."
india,India exports,XTEXVA01INM667N,International Merchandise Trade Statistics: Exports: Commodities for India,Monthly,"US dollars, exchange rate converted",Not Seasonally Adjusted,1990-01-01,2026-06-01,1,"OECD Data Filters: 
REF_AREA: IND
COUNTERPART_AREA: W
UNIT_MEASURE: USD_EXC
TRADE_FLOW: X
PRODUCT_TYPE: C
ADJUSTMENT: N
TRANSFORMATION: N
FREQ: M

All OECD data should be cited as follows: OECD (year), (dataset name), (data source) DOI or https://data-explorer.oecd.org/ (https://data-explorer.oecd.org/). (accessed on (date))."
india,India exports,XTEXVA01INA667S,International Merchandise Trade Statistics: Exports: Commodities for India,Annual,"US dollars, exchange rate converted",Seasonally Adjusted,1990-01-01,2025-01-01,1,"OECD Data Filters: 
REF_AREA: IND
COUNTERPART_AREA: W
UNIT_MEASURE: USD_EXC
TRADE_FLOW: X
PRODUCT_TYPE: C
ADJUSTMENT: Y
TRANSFORMATION: N
FREQ: A

All OECD data should be cited as follows: OECD (year), (dataset name), (data source) DOI or https://data-explorer.oecd.org/ (https://data-explorer.oecd.org/). (accessed on (date))."
india,India exports,XTEXVA01INQ667N,International Merchandise Trade Statistics: Exports: Commodities for India,Quarterly,"US dollars, exchange rate converted",Not Seasonally Adjusted,1990-01-01,2026-04-01,1,"OECD Data Filters: 
REF_AREA: IND
COUNTERPART_AREA: W
UNIT_MEASURE: USD_EXC
TRADE_FLOW: X
PRODUCT_TYPE: C
ADJUSTMENT: N
TRANSFORMATION: N
FREQ: Q

All OECD data should be cited as follows: OECD (year), (dataset name), (data source) DOI or https://data-explorer.oecd.org/ (https://data-explorer.oecd.org/). (accessed on (date))."
india,India industrial production,INDPROINDMISMEI,"Production, Sales, Work Started and Orders: Production Volume: Economic Activity: Industry (Except Construction) for India",Monthly,Index 2015=100,Seasonally Adjusted,1994-04-01,2023-01-01,14,"OECD Data Filters: 
REF_AREA: IND
MEASURE: PRVM
UNIT_MEASURE: IX
ACTIVITY: BTE
ADJUSTMENT: Y
TRANSFORMATION: _Z
TIME_HORIZ: _Z
METHODOLOGY: N
FREQ: M

All OECD data should be cited as follows: OECD (year), (dataset name), (data source) DOI or https://data-explorer.oecd.org/ (https://data-explorer.oecd.org/). (accessed on (date))."
india,India industrial production,INDPRINTO01GPSAM,Production: Industry: Total Industry Excluding Construction for India,Monthly,Growth rate previous period,Seasonally Adjusted,1994-05-01,2026-05-01,5,"OECD Data Filters: 
REF_AREA: IND
MEASURE: PRVM
UNIT_MEASURE: GR
ACTIVITY: BTE
ADJUSTMENT: Y
TRANSFORMATION: G1
FREQ: M

All OECD data should be cited as follows: OECD (year), (dataset name), (data source) DOI or https://data-explorer.oecd.org/ (https://data-explorer.oecd.org/). (accessed on (date))."
india,India industrial production,PRMNTO01INA657S,Production: Manufacturing: Total Manufacturing for India,Annual,Growth rate previous period,Seasonally Adjusted,1996-01-01,2025-01-01,2,"OECD Data Filters: 
REF_AREA: IND
MEASURE: PRVM
UNIT_MEASURE: GR
ACTIVITY: C
ADJUSTMENT: Y
TRANSFORMATION: G1
FREQ: A

All OECD data should be cited as follows: OECD (year), (dataset name), (data source) DOI or https://data-explorer.oecd.org/ (https://data-explorer.oecd.org/). (accessed on (date))."
india,India industrial production,PRMNTO01INQ657S,Production: Manufacturing: Total Manufacturing for India,Quarterly,Growth rate previous period,Seasonally Adjusted,1994-07-01,2026-01-01,2,"OECD Data Filters: 
REF_AREA: IND
MEASURE: PRVM
UNIT_MEASURE: GR
ACTIVITY: C
ADJUSTMENT: Y
TRANSFORMATION: G1
FREQ: Q

All OECD data should be cited as follows: OECD (year), (dataset name), (data source) DOI or https://data-explorer.oecd.org/ (https://data-explorer.oecd.org/). (accessed on (date))."
india,India industrial production,INDPRINTO01GYSAM,Production: Industry: Total Industry Excluding Construction for India,Monthly,Growth rate same period previous year,Seasonally Adjusted,1995-04-01,2026-05-01,2,"OECD Data Filters: 
REF_AREA: IND
MEASURE: PRVM
UNIT_MEASURE: GR
ACTIVITY: BTE
ADJUSTMENT: Y
TRANSFORMATION: GY
FREQ: M

All OECD data should be cited as follows: OECD (year), (dataset name), (data source) DOI or https://data-explorer.oecd.org/ (https://data-explorer.oecd.org/). (accessed on (date))."
india,India industrial production,INDPROINDAISMEI,"Production, Sales, Work Started and Orders: Production Volume: Economic Activity: Industry (Except Construction) for India",Annual,Index 2015=100,Seasonally Adjusted,1995-01-01,2023-01-01,1,"OECD Data Filters: 
REF_AREA: IND
MEASURE: PRVM
UNIT_MEASURE: IX
ACTIVITY: BTE
ADJUSTMENT: Y
TRANSFORMATION: _Z
TIME_HORIZ: _Z
METHODOLOGY: N
FREQ: A

All OECD data should be cited as follows: OECD (year), (dataset name), (data source) DOI or https://data-explorer.oecd.org/ (https://data-explorer.oecd.org/). (accessed on (date))."
india,India industrial production,PRINTO01INQ661N,"Production, Sales, Work Started and Orders: Production Volume: Economic Activity: Industry (Except Construction) for India",Quarterly,Index 2015=100,Not Seasonally Adjusted,1994-04-01,2024-01-01,1,"OECD Data Filters: 
REF_AREA: IND
MEASURE: PRVM
UNIT_MEASURE: IX
ACTIVITY: BTE
ADJUSTMENT: N
TRANSFORMATION: _Z
TIME_HORIZ: _Z
METHODOLOGY: N
FREQ: Q

All OECD data should be cited as follows: OECD (year), (dataset name), (data source) DOI or https://data-explorer.oecd.org/ (https://data-explorer.oecd.org/). (accessed on (date))."
india,India industrial production,INDPROINDQISMEI,"Production, Sales, Work Started and Orders: Production Volume: Economic Activity: Industry (Except Construction) for India",Quarterly,Index 2015=100,Seasonally Adjusted,1994-04-01,2022-10-01,1,"OECD Data Filters: 
REF_AREA: IND
MEASURE: PRVM
UNIT_MEASURE: IX
ACTIVITY: BTE
ADJUSTMENT: Y
TRANSFORMATION: _Z
TIME_HORIZ: _Z
METHODOLOGY: N
FREQ: Q

All OECD data should be cited as follows: OECD (year), (dataset name), (data source) DOI or https://data-explorer.oecd.org/ (https://data-explorer.oecd.org/). (accessed on (date))."
india,India industrial production,PRINTO01INA661N,"Production, Sales, Work Started and Orders: Production Volume: Economic Activity: Industry (Except Construction) for India",Annual,Index 2015=100,Not Seasonally Adjusted,1995-01-01,2023-01-01,1,"OECD Data Filters: 
REF_AREA: IND
MEASURE: PRVM
UNIT_MEASURE: IX
ACTIVITY: BTE
ADJUSTMENT: N
TRANSFORMATION: _Z
TIME_HORIZ: _Z
METHODOLOGY: N
FREQ: A

All OECD data should be cited as follows: OECD (year), (dataset name), (data source) DOI or https://data-explorer.oecd.org/ (https://data-explorer.oecd.org/). (accessed on (date))."
india,India industrial production,INDPRINTO01IXOBM,"Production, Sales, Work Started and Orders: Production Volume: Economic Activity: Industry (Except Construction) for India",Monthly,Index 2015=100,Not Seasonally Adjusted,1994-04-01,2024-03-01,1,"OECD Data Filters: 
REF_AREA: IND
MEASURE: PRVM
UNIT_MEASURE: IX
ACTIVITY: BTE
ADJUSTMENT: N
TRANSFORMATION: _Z
TIME_HORIZ: _Z
METHODOLOGY: N
FREQ: M

All OECD data should be cited as follows: OECD (year), (dataset name), (data source) DOI or https://data-explorer.oecd.org/ (https://data-explorer.oecd.org/). (accessed on (date))."
india,India industrial production,PRINTO01INQ657S,Production: Industry: Total Industry Excluding Construction for India,Quarterly,Growth rate previous period,Seasonally Adjusted,1994-07-01,2026-01-01,1,"OECD Data Filters: 
REF_AREA: IND
MEASURE: PRVM
UNIT_MEASURE: GR
ACTIVITY: BTE
ADJUSTMENT: Y
TRANSFORMATION: G1
FREQ: Q

All OECD data should be cited as follows: OECD (year), (dataset name), (data source) DOI or https://data-explorer.oecd.org/ (https://data-explorer.oecd.org/). (accessed on (date))."
india,India industrial production,PRINTO01INA657S,Production: Industry: Total Industry Excluding Construction for India,Annual,Growth rate previous period,Seasonally Adjusted,1996-01-01,2025-01-01,1,"OECD Data Filters: 
REF_AREA: IND
MEASURE: PRVM
UNIT_MEASURE: GR
ACTIVITY: BTE
ADJUSTMENT: Y
TRANSFORMATION: G1
FREQ: A

All OECD data should be cited as follows: OECD (year), (dataset name), (data source) DOI or https://data-explorer.oecd.org/ (https://data-explorer.oecd.org/). (accessed on (date))."
india,India industrial production,PRINTO01INA659S,Production: Industry: Total Industry Excluding Construction for India,Annual,Growth rate same period previous year,Seasonally Adjusted,1996-01-01,2025-01-01,1,"OECD Data Filters: 
REF_AREA: IND
MEASURE: PRVM
UNIT_MEASURE: GR
ACTIVITY: BTE
ADJUSTMENT: Y
TRANSFORMATION: GY
FREQ: A

All OECD data should be cited as follows: OECD (year), (dataset name), (data source) DOI or https://data-explorer.oecd.org/ (https://data-explorer.oecd.org/). (accessed on (date))."
india,India industrial production,PRINTO01INQ659S,Production: Industry: Total Industry Excluding Construction for India,Quarterly,Growth rate same period previous year,Seasonally Adjusted,1995-04-01,2026-01-01,1,"OECD Data Filters: 
REF_AREA: IND
MEASURE: PRVM
UNIT_MEASURE: GR
ACTIVITY: BTE
ADJUSTMENT: Y
TRANSFORMATION: GY
FREQ: Q

All OECD data should be cited as follows: OECD (year), (dataset name), (data source) DOI or https://data-explorer.oecd.org/ (https://data-explorer.oecd.org/). (accessed on (date))."
india,India industrial production,PRMNTO01INQ661N,"Production, Sales, Work Started and Orders: Production Volume: Economic Activity: Manufacturing for India",Quarterly,Index 2015=100,Not Seasonally Adjusted,1994-04-01,2024-01-01,1,"OECD Data Filters: 
REF_AREA: IND
MEASURE: PRVM
UNIT_MEASURE: IX
ACTIVITY: C
ADJUSTMENT: N
TRANSFORMATION: _Z
TIME_HORIZ: _Z
METHODOLOGY: N
FREQ: Q

All OECD data should be cited as follows: OECD (year), (dataset name), (data source) DOI or https://data-explorer.oecd.org/ (https://data-explorer.oecd.org/). (accessed on (date))."
india,India industrial production,PRMNTO01INA661N,"Production, Sales, Work Started and Orders: Production Volume: Economic Activity: Manufacturing for India",Annual,Index 2015=100,Not Seasonally Adjusted,1995-01-01,2023-01-01,1,"OECD Data Filters: 
REF_AREA: IND
MEASURE: PRVM
UNIT_MEASURE: IX
ACTIVITY: C
ADJUSTMENT: N
TRANSFORMATION: _Z
TIME_HORIZ: _Z
METHODOLOGY: N
FREQ: A

All OECD data should be cited as follows: OECD (year), (dataset name), (data source) DOI or https://data-explorer.oecd.org/ (https://data-explorer.oecd.org/). (accessed on (date))."
india,India industrial production,WPIAMP01INM661N,Wholesale Prices: Industry Aggregates: Manufactured Products: Total for India,Monthly,Index 2015=100,Not Seasonally Adjusted,1994-04-01,2022-11-01,1,"OECD Descriptor ID: WPIAMP01
OECD unit ID: IDX
OECD country ID: IND

All OECD data should be cited as follows: OECD, ""Main Economic Indicators - complete database"", Main Economic Indicators (database), https://dx.doi.org/10.1787/data-00052-en (Accessed on date) Copyright, 2016, OECD. Reprinted with permission"
india,India industrial production,WPIAMP01INA661N,Wholesale Prices: Industry Aggregates: Manufactured Products: Total for India,Annual,Index 2015=100,Not Seasonally Adjusted,1995-01-01,2021-01-01,1,"OECD Descriptor ID: WPIAMP01
OECD unit ID: IDX
OECD country ID: IND

All OECD data should be cited as follows: OECD, ""Main Economic Indicators - complete database"", Main Economic Indicators (database), https://dx.doi.org/10.1787/data-00052-en (Accessed on date) Copyright, 2016, OECD. Reprinted with permission"
india,India industrial production,WPIAMP01INQ661N,Wholesale Prices: Industry Aggregates: Manufactured Products: Total for India,Quarterly,Index 2015=100,Not Seasonally Adjusted,1994-04-01,2022-07-01,1,"OECD Descriptor ID: WPIAMP01
OECD unit ID: IDX
OECD country ID: IND

All OECD data should be cited as follows: OECD, ""Main Economic Indicators - complete database"", Main Economic Indicators (database), https://dx.doi.org/10.1787/data-00052-en (Accessed on date) Copyright, 2016, OECD. Reprinted with permission"
india,India industrial production,INDWPIAMP01GPM,Wholesale Prices: Industry Aggregates: Manufactured Products: Total for India,Monthly,Growth rate previous period,Not Seasonally Adjusted,1994-05-01,2022-11-01,1,"OECD Descriptor ID: WPIAMP01
OECD unit ID: PC
OECD country ID: IND

All OECD data should be cited as follows: OECD, ""Main Economic Indicators - complete database"", Main Economic Indicators (database), https://dx.doi.org/10.1787/data-00052-en (Accessed on date) Copyright, 2016, OECD. Reprinted with permission"
india,India money supply,MABMM301INQ657S,Monetary Aggregates and Their Components: Broad Money and Components: M3 for India,Quarterly,Growth rate previous period,Seasonally Adjusted,1951-10-01,2018-10-01,11,"OECD Data Filters: 
REF_AREA: IND
MEASURE: MABM
UNIT_MEASURE: GR
ACTIVITY: _Z
ADJUSTMENT: Y
TRANSFORMATION: G1
FREQ: Q

All OECD data should be cited as follows: OECD (year), (dataset name), (data source) DOI or https://data-explorer.oecd.org/ (https://data-explorer.oecd.org/). (accessed on (date))."
india,India money supply,MABMM301INM189N,Monetary Aggregates and Their Components: Broad Money and Components: M3 for India,Monthly,Indian Rupee,Not Seasonally Adjusted,1960-01-01,2023-09-01,9,"OECD Descriptor ID: MABMM301
OECD unit ID: INR
OECD country ID: IND

All OECD data should be cited as follows: OECD, ""Main Economic Indicators - complete database"", Main Economic Indicators (database), https://dx.doi.org/10.1787/data-00052-en (Accessed on date) Copyright, 2016, OECD. Reprinted with permission"
india,India money supply,MABMM301INM189S,Monetary Aggregates and Their Components: Broad Money and Components: M3 for India,Monthly,Indian Rupee,Seasonally Adjusted,1960-01-01,2018-12-01,6,"OECD Data Filters: 
REF_AREA: IND
MEASURE: MABM
UNIT_MEASURE: IX
ACTIVITY: _Z
ADJUSTMENT: Y
TRANSFORMATION: _Z
FREQ: M

All OECD data should be cited as follows: OECD (year), (dataset name), (data source) DOI or https://data-explorer.oecd.org/ (https://data-explorer.oecd.org/). (accessed on (date))."
india,India money supply,MANMM101INM189S,Monetary Aggregates and Their Components: Narrow Money and Components: M1 and Components: M1 for India,Monthly,Indian Rupee,Seasonally Adjusted,1960-01-01,2023-10-01,5,"OECD Data Filters: 
REF_AREA: IND
MEASURE: MANM
UNIT_MEASURE: IX
ACTIVITY: _Z
ADJUSTMENT: Y
TRANSFORMATION: _Z
FREQ: M

All OECD data should be cited as follows: OECD (year), (dataset name), (data source) DOI or https://data-explorer.oecd.org/ (https://data-explorer.oecd.org/). (accessed on (date))."
india,India money supply,MABMM301INQ189N,Monetary Aggregates and Their Components: Broad Money and Components: M3 for India,Quarterly,Indian Rupee,Not Seasonally Adjusted,1960-01-01,2023-07-01,3,"OECD Descriptor ID: MABMM301
OECD unit ID: INR
OECD country ID: IND

All OECD data should be cited as follows: OECD, ""Main Economic Indicators - complete database"", Main Economic Indicators (database), https://dx.doi.org/10.1787/data-00052-en (Accessed on date) Copyright, 2016, OECD. Reprinted with permission"
india,India money supply,MABMM301INA657S,Monetary Aggregates and Their Components: Broad Money and Components: M3 for India,Annual,Growth rate previous period,Seasonally Adjusted,1953-01-01,2018-01-01,3,"OECD Data Filters: 
REF_AREA: IND
MEASURE: MABM
UNIT_MEASURE: GR
ACTIVITY: _Z
ADJUSTMENT: Y
TRANSFORMATION: G1
FREQ: A

All OECD data should be cited as follows: OECD (year), (dataset name), (data source) DOI or https://data-explorer.oecd.org/ (https://data-explorer.oecd.org/). (accessed on (date))."
india,India money supply,MANMM101INQ657S,Monetary Aggregates and Their Components: Narrow Money and Components: M1 and Components: M1 for India,Quarterly,Growth rate previous period,Seasonally Adjusted,1951-07-01,2026-01-01,3,"OECD Data Filters: 
REF_AREA: IND
MEASURE: MANM
UNIT_MEASURE: GR
ACTIVITY: _Z
ADJUSTMENT: Y
TRANSFORMATION: G1
FREQ: Q

All OECD data should be cited as follows: OECD (year), (dataset name), (data source) DOI or https://data-explorer.oecd.org/ (https://data-explorer.oecd.org/). (accessed on (date))."
india,India money supply,MABMM301INA189S,Monetary Aggregates and Their Components: Broad Money and Components: M3 for India,Annual,Indian Rupee,Seasonally Adjusted,1960-01-01,2022-01-01,2,"OECD Data Filters: 
REF_AREA: IND
MEASURE: MABM
UNIT_MEASURE: IX
ACTIVITY: _Z
ADJUSTMENT: Y
TRANSFORMATION: _Z
FREQ: A

All OECD data should be cited as follows: OECD (year), (dataset name), (data source) DOI or https://data-explorer.oecd.org/ (https://data-explorer.oecd.org/). (accessed on (date))."
india,India money supply,INDMABMM301GYSAM,Monetary Aggregates and Their Components: Broad Money and Components: M3 for India,Monthly,Growth rate same period previous year,Seasonally Adjusted,1952-05-01,2018-12-01,2,"OECD Data Filters: 
REF_AREA: IND
MEASURE: MABM
UNIT_MEASURE: GR
ACTIVITY: _Z
ADJUSTMENT: Y
TRANSFORMATION: GY
FREQ: M

All OECD data should be cited as follows: OECD (year), (dataset name), (data source) DOI or https://data-explorer.oecd.org/ (https://data-explorer.oecd.org/). (accessed on (date))."
india,India money supply,INDMABMM301IXOBSAM,Monetary Aggregates and Their Components: Broad Money and Components: M3 for India,Monthly,Index 2015=100,Seasonally Adjusted,1960-01-01,2018-12-01,1,"OECD Descriptor ID: MABMM301
OECD unit ID: IDX
OECD country ID: IND

All OECD data should be cited as follows: OECD, ""Main Economic Indicators - complete database"", Main Economic Indicators (database), https://dx.doi.org/10.1787/data-00052-en (Accessed on date) Copyright, 2016, OECD. Reprinted with permission"
india,India money supply,MABMM301INQ189S,Monetary Aggregates and Their Components: Broad Money and Components: M3 for India,Quarterly,Indian Rupee,Seasonally Adjusted,1960-01-01,2018-10-01,1,"OECD Data Filters: 
REF_AREA: IND
MEASURE: MABM
UNIT_MEASURE: IX
ACTIVITY: _Z
ADJUSTMENT: Y
TRANSFORMATION: _Z
FREQ: Q

All OECD data should be cited as follows: OECD (year), (dataset name), (data source) DOI or https://data-explorer.oecd.org/ (https://data-explorer.oecd.org/). (accessed on (date))."
india,India money supply,MABMM301INA189N,Monetary Aggregates and Their Components: Broad Money and Components: M3 for India,Annual,Indian Rupee,Not Seasonally Adjusted,1960-01-01,2022-01-01,1,"OECD Descriptor ID: MABMM301
OECD unit ID: INR
OECD country ID: IND

All OECD data should be cited as follows: OECD, ""Main Economic Indicators - complete database"", Main Economic Indicators (database), https://dx.doi.org/10.1787/data-00052-en (Accessed on date) Copyright, 2016, OECD. Reprinted with permission"
india,India money supply,INDMABMM301GYSAQ,Monetary Aggregates and Their Components: Broad Money and Components: M3 for India,Quarterly,Growth rate same period previous year,Seasonally Adjusted,1952-07-01,2018-10-01,1,"OECD Data Filters: 
REF_AREA: IND
MEASURE: MABM
UNIT_MEASURE: GR
ACTIVITY: _Z
ADJUSTMENT: Y
TRANSFORMATION: GY
FREQ: Q

All OECD data should be cited as follows: OECD (year), (dataset name), (data source) DOI or https://data-explorer.oecd.org/ (https://data-explorer.oecd.org/). (accessed on (date))."
india,India money supply,MABMM301INM657S,Monetary Aggregates and Their Components: Broad Money and Components: M3 for India,Monthly,Growth rate previous period,Seasonally Adjusted,1951-06-01,2018-12-01,1,"OECD Data Filters: 
REF_AREA: IND
MEASURE: MABM
UNIT_MEASURE: GR
ACTIVITY: _Z
ADJUSTMENT: Y
TRANSFORMATION: G1
FREQ: M

All OECD data should be cited as follows: OECD (year), (dataset name), (data source) DOI or https://data-explorer.oecd.org/ (https://data-explorer.oecd.org/). (accessed on (date))."
india,India money supply,INDMABMM301IXOBSAQ,Monetary Aggregates and Their Components: Broad Money and Components: M3 for India,Quarterly,Index 2015=100,Seasonally Adjusted,1960-01-01,2018-10-01,1,"OECD Descriptor ID: MABMM301
OECD unit ID: IDX
OECD country ID: IND

All OECD data should be cited as follows: OECD, ""Main Economic Indicators - complete database"", Main Economic Indicators (database), https://dx.doi.org/10.1787/data-00052-en (Accessed on date) Copyright, 2016, OECD. Reprinted with permission"
india,India money supply,MANMM101INM657S,Monetary Aggregates and Their Components: Narrow Money and Components: M1 and Components: M1 for India,Monthly,Growth rate previous period,Seasonally Adjusted,1951-05-01,2026-05-01,1,"OECD Data Filters: 
REF_AREA: IND
MEASURE: MANM
UNIT_MEASURE: GR
ACTIVITY: _Z
ADJUSTMENT: Y
TRANSFORMATION: G1
FREQ: M

All OECD data should be cited as follows: OECD (year), (dataset name), (data source) DOI or https://data-explorer.oecd.org/ (https://data-explorer.oecd.org/). (accessed on (date))."
india,India money supply,MANMM101INQ189S,Monetary Aggregates and Their Components: Narrow Money and Components: M1 and Components: M1 for India,Quarterly,Indian Rupee,Seasonally Adjusted,1960-01-01,2023-07-01,1,"OECD Data Filters: 
REF_AREA: IND
MEASURE: MANM
UNIT_MEASURE: IX
ACTIVITY: _Z
ADJUSTMENT: Y
TRANSFORMATION: _Z
FREQ: Q

All OECD data should be cited as follows: OECD (year), (dataset name), (data source) DOI or https://data-explorer.oecd.org/ (https://data-explorer.oecd.org/). (accessed on (date))."
india,India money supply,MANMM101INM189N,Monetary Aggregates and Their Components: Narrow Money and Components: M1 and Components: M1 for India,Monthly,Indian Rupee,Not Seasonally Adjusted,1960-01-01,2023-10-01,1,"OECD Descriptor ID: MANMM101
OECD unit ID: INR
OECD country ID: IND

All OECD data should be cited as follows: OECD, ""Main Economic Indicators - complete database"", Main Economic Indicators (database), https://dx.doi.org/10.1787/data-00052-en (Accessed on date) Copyright, 2016, OECD. Reprinted with permission"
india,India money supply,MANMM101INA657S,Monetary Aggregates and Their Components: Narrow Money and Components: M1 and Components: M1 for India,Annual,Growth rate previous period,Seasonally Adjusted,1953-01-01,2025-01-01,1,"OECD Data Filters: 
REF_AREA: IND
MEASURE: MANM
UNIT_MEASURE: GR
ACTIVITY: _Z
ADJUSTMENT: Y
TRANSFORMATION: G1
FREQ: A

All OECD data should be cited as follows: OECD (year), (dataset name), (data source) DOI or https://data-explorer.oecd.org/ (https://data-explorer.oecd.org/). (accessed on (date))."
india,India money supply,MANMM101INQ189N,Monetary Aggregates and Their Components: Narrow Money and Components: M1 and Components: M1 for India,Quarterly,Indian Rupee,Not Seasonally Adjusted,1960-01-01,2023-07-01,1,"OECD Descriptor ID: MANMM101
OECD unit ID: INR
OECD country ID: IND

All OECD data should be cited as follows: OECD, ""Main Economic Indicators - complete database"", Main Economic Indicators (database), https://dx.doi.org/10.1787/data-00052-en (Accessed on date) Copyright, 2016, OECD. Reprinted with permission"
india,India policy rate,GEPUCURRENT,Global Economic Policy Uncertainty Index: Current Price Adjusted GDP,Monthly,Index,Not Seasonally Adjusted,1997-01-01,2026-07-01,60,"The Global Economic Policy Uncertainty Index is a GDP-weighted average of national EPU indices for 20 countries: Australia, Brazil, Canada, Chile, China, France, Germany, Greece, India, Ireland, Italy, Japan, Mexico, the Netherlands, Russia, South Korea, Spain, Sweden, the United Kingdom, and the United States..

For additional details, including an analysis of the performance of the model, see Baker, Scott, Nicholas Bloom and Steven Davis (2016), ""Measuring Economic Policy Uncertainty"" (https://www.policyuncertainty.com/media/EPU_BBD_Mar2016.pdf)"
india,India policy rate,INDEPUINDXM,Economic Policy Uncertainty Index for India,Monthly,Index,Not Seasonally Adjusted,2003-01-01,2026-07-01,28,"For additional details, including an analysis of the performance of the model, see Baker, Scott, Nicholas Bloom and Steven Davis (2012), ""Measuring Economic Policy Uncertainty"" (http://www.policyuncertainty.com/media/BakerBloomDavis.pdf)"
india,India policy rate,GEPUPPP,Global Economic Policy Uncertainty Index: PPP-Adjusted GDP,Monthly,Index,Not Seasonally Adjusted,1997-01-01,2026-07-01,25,"The Global Economic Policy Uncertainty Index is a GDP-weighted average of national EPU indices for 20 countries: Australia, Brazil, Canada, Chile, China, France, Germany, Greece, India, Ireland, Italy, Japan, Mexico, the Netherlands, Russia, South Korea, Spain, Sweden, the United Kingdom, and the United States..

For additional details, including an analysis of the performance of the model, see Baker, Scott, Nicholas Bloom and Steven Davis (2016), ""Measuring Economic Policy Uncertainty"" (https://www.policyuncertainty.com/media/EPU_BBD_Mar2016.pdf)"
india,India policy rate,INDBCAGDPBP6PT,Balance of Payments: Total Net Current Account for India,Annual,Percent of GDP,Not Seasonally Adjusted,1990-01-01,2031-01-01,10,"Observations for the current and future years are projections.

The IMF provides these series as part of their Regional Economic Outlook (REO) reports. These reports discuss recent economic developments and prospects for countries in various regions. They also address economic policy developments that have affected economic performance in their regions and provide country-specific data and analysis.

For more information, please see the Regional Economic Outlook (https://www.imf.org/en/publications/reo) publications.

Copyright © 2016, International Monetary Fund. Reprinted with permission. Complete terms of use and contact details are available here (http://www.imf.org/external/terms.htm)."
india,India policy rate,INDPCPIPCPPPT,Prices: Consumer Price Index for India,Annual,Percent Change,Not Seasonally Adjusted,1990-01-01,2031-01-01,9,"Observations for the current and future years are projections.

The IMF provides these series as part of their Regional Economic Outlook (REO) reports. These reports discuss recent economic developments and prospects for countries in various regions. They also address economic policy developments that have affected economic performance in their regions and provide country-specific data and analysis.

For more information, please see the Regional Economic Outlook (https://www.imf.org/en/publications/reo) publications.

Copyright © 2016, International Monetary Fund. Reprinted with permission. Complete terms of use and contact details are available here (http://www.imf.org/external/terms.htm)."
india,India policy rate,INDBCABP6USD,Balance of Payments: Total Net Current Account for India,Annual,U.S. Dollars,Not Seasonally Adjusted,2016-01-01,2024-01-01,6,"Observations for the current and future years are projections.

The IMF provides these series as part of their Regional Economic Outlook (REO) reports. These reports discuss recent economic developments and prospects for countries in various regions. They also address economic policy developments that have affected economic performance in their regions and provide country-specific data and analysis.

For more information, please see the Regional Economic Outlook (https://www.imf.org/en/publications/reo) publications.

Copyright © 2016, International Monetary Fund. Reprinted with permission. Complete terms of use and contact details are available here (http://www.imf.org/external/terms.htm)."
india,India policy rate,INDNGDPRPCPPPT,National Accounts: Real Gross Domestic Product for India,Annual,Percent Change,Not Seasonally Adjusted,1990-01-01,2031-01-01,3,"Observations for the current and future years are projections.

The IMF provides these series as part of their Regional Economic Outlook (REO) reports. These reports discuss recent economic developments and prospects for countries in various regions. They also address economic policy developments that have affected economic performance in their regions and provide country-specific data and analysis.

For more information, please see the Regional Economic Outlook (https://www.imf.org/en/publications/reo) publications.

Copyright © 2016, International Monetary Fund. Reprinted with permission. Complete terms of use and contact details are available here (http://www.imf.org/external/terms.htm)."
india,India policy rate,INDGGXCNLG01GDPPT,Fiscal Situation of General Government: Net Lending/borrowing for India,Annual,Percent of Fiscal Year GDP,Not Seasonally Adjusted,1990-01-01,2031-01-01,3,"Observations for the current and future years are projections.

The IMF provides these series as part of their Regional Economic Outlook (REO) reports. These reports discuss recent economic developments and prospects for countries in various regions. They also address economic policy developments that have affected economic performance in their regions and provide country-specific data and analysis.

For more information, please see the Regional Economic Outlook (https://www.imf.org/en/publications/reo) publications.

Copyright © 2016, International Monetary Fund. Reprinted with permission. Complete terms of use and contact details are available here (http://www.imf.org/external/terms.htm)."
india,India policy rate,INDNTDDRPCPPPT,National Accounts: Real Total Domestic Demand for India,Annual,Percent Change,Not Seasonally Adjusted,2016-01-01,2024-01-01,1,"Observations for the current and future years are projections.

The IMF provides these series as part of their Regional Economic Outlook (REO) reports. These reports discuss recent economic developments and prospects for countries in various regions. They also address economic policy developments that have affected economic performance in their regions and provide country-specific data and analysis.

For more information, please see the Regional Economic Outlook (https://www.imf.org/en/publications/reo) publications.

Copyright © 2016, International Monetary Fund. Reprinted with permission. Complete terms of use and contact details are available here (http://www.imf.org/external/terms.htm)."
india,India policy rate,INDTXRPCPPPT,External Trade: Volume of Exports of Goods and Services for India,Annual,Percent Change,Not Seasonally Adjusted,2016-01-01,2024-01-01,1,"Observations for the current and future years are projections.

The IMF provides these series as part of their Regional Economic Outlook (REO) reports. These reports discuss recent economic developments and prospects for countries in various regions. They also address economic policy developments that have affected economic performance in their regions and provide country-specific data and analysis.

For more information, please see the Regional Economic Outlook (https://www.imf.org/en/publications/reo) publications.

Copyright © 2016, International Monetary Fund. Reprinted with permission. Complete terms of use and contact details are available here (http://www.imf.org/external/terms.htm)."
india,India policy rate,INDTMRPCPPPT,External Trade: Volume of Imports of Goods and Services for India,Annual,Percent Change,Not Seasonally Adjusted,2016-01-01,2024-01-01,1,"Observations for the current and future years are projections.

The IMF provides these series as part of their Regional Economic Outlook (REO) reports. These reports discuss recent economic developments and prospects for countries in various regions. They also address economic policy developments that have affected economic performance in their regions and provide country-specific data and analysis.

For more information, please see the Regional Economic Outlook (https://www.imf.org/en/publications/reo) publications.

Copyright © 2016, International Monetary Fund. Reprinted with permission. Complete terms of use and contact details are available here (http://www.imf.org/external/terms.htm)."
india,India policy rate,INDNGDPDUSD,National Accounts: Gross Domestic Product for India,Annual,U.S. Dollars,Not Seasonally Adjusted,2016-01-01,2024-01-01,1,"Observations for the current and future years are projections.

The IMF provides these series as part of their Regional Economic Outlook (REO) reports. These reports discuss recent economic developments and prospects for countries in various regions. They also address economic policy developments that have affected economic performance in their regions and provide country-specific data and analysis.

For more information, please see the Regional Economic Outlook (https://www.imf.org/en/publications/reo) publications.

Copyright © 2016, International Monetary Fund. Reprinted with permission. Complete terms of use and contact details are available here (http://www.imf.org/external/terms.htm)."
india,India policy rate,INDGGXWDGG01GDPPT,Fiscal Situation of General Government: Gross Debt Position for India,Annual,Percent of Fiscal Year GDP,Not Seasonally Adjusted,2016-01-01,2024-01-01,1,"Observations for the current and future years are projections.

The IMF provides these series as part of their Regional Economic Outlook (REO) reports. These reports discuss recent economic developments and prospects for countries in various regions. They also address economic policy developments that have affected economic performance in their regions and provide country-specific data and analysis.

For more information, please see the Regional Economic Outlook (https://www.imf.org/en/publications/reo) publications.

Copyright © 2016, International Monetary Fund. Reprinted with permission. Complete terms of use and contact details are available here (http://www.imf.org/external/terms.htm)."
india,India wholesale price index,WPIATT01INM661N,Wholesale Prices: Industry Aggregates: Total for India,Monthly,Index 2015=100,Not Seasonally Adjusted,1960-01-01,2022-12-01,9,"OECD Descriptor ID: WPIATT01
OECD unit ID: IDX
OECD country ID: IND

All OECD data should be cited as follows: OECD, ""Main Economic Indicators - complete database"", Main Economic Indicators (database), https://dx.doi.org/10.1787/data-00052-en (Accessed on date) Copyright, 2016, OECD. Reprinted with permission"
india,India wholesale price index,WPIATT01INA661N,Wholesale Prices: Industry Aggregates: Total for India,Annual,Index 2015=100,Not Seasonally Adjusted,1960-01-01,2022-01-01,2,"OECD Descriptor ID: WPIATT01
OECD unit ID: IDX
OECD country ID: IND

All OECD data should be cited as follows: OECD, ""Main Economic Indicators - complete database"", Main Economic Indicators (database), https://dx.doi.org/10.1787/data-00052-en (Accessed on date) Copyright, 2016, OECD. Reprinted with permission"
india,India wholesale price index,WPIATT01INQ661N,Wholesale Prices: Industry Aggregates: Total for India,Quarterly,Index 2015=100,Not Seasonally Adjusted,1960-01-01,2022-10-01,1,"OECD Descriptor ID: WPIATT01
OECD unit ID: IDX
OECD country ID: IND

All OECD data should be cited as follows: OECD, ""Main Economic Indicators - complete database"", Main Economic Indicators (database), https://dx.doi.org/10.1787/data-00052-en (Accessed on date) Copyright, 2016, OECD. Reprinted with permission"
india,India wholesale price index,WPIAMP01INM661N,Wholesale Prices: Industry Aggregates: Manufactured Products: Total for India,Monthly,Index 2015=100,Not Seasonally Adjusted,1994-04-01,2022-11-01,1,"OECD Descriptor ID: WPIAMP01
OECD unit ID: IDX
OECD country ID: IND

All OECD data should be cited as follows: OECD, ""Main Economic Indicators - complete database"", Main Economic Indicators (database), https://dx.doi.org/10.1787/data-00052-en (Accessed on date) Copyright, 2016, OECD. Reprinted with permission"
india,India wholesale price index,WPIAMP01INA661N,Wholesale Prices: Industry Aggregates: Manufactured Products: Total for India,Annual,Index 2015=100,Not Seasonally Adjusted,1995-01-01,2021-01-01,1,"OECD Descriptor ID: WPIAMP01
OECD unit ID: IDX
OECD country ID: IND

All OECD data should be cited as follows: OECD, ""Main Economic Indicators - complete database"", Main Economic Indicators (database), https://dx.doi.org/10.1787/data-00052-en (Accessed on date) Copyright, 2016, OECD. Reprinted with permission"
india,India wholesale price index,WPIAMP01INQ661N,Wholesale Prices: Industry Aggregates: Manufactured Products: Total for India,Quarterly,Index 2015=100,Not Seasonally Adjusted,1994-04-01,2022-07-01,1,"OECD Descriptor ID: WPIAMP01
OECD unit ID: IDX
OECD country ID: IND

All OECD data should be cited as follows: OECD, ""Main Economic Indicators - complete database"", Main Economic Indicators (database), https://dx.doi.org/10.1787/data-00052-en (Accessed on date) Copyright, 2016, OECD. Reprinted with permission"
india,India wholesale price index,WPOTFD01INM661N,Wholesale Prices: Other Wholesale Prices: Food: Total for India,Monthly,Index 2015=100,Not Seasonally Adjusted,1994-04-01,2022-11-01,1,"OECD Descriptor ID: WPOTFD01
OECD unit ID: IDX
OECD country ID: IND

All OECD data should be cited as follows: OECD, ""Main Economic Indicators - complete database"", Main Economic Indicators (database), https://dx.doi.org/10.1787/data-00052-en (Accessed on date) Copyright, 2016, OECD. Reprinted with permission"
india,India wholesale price index,WPOTFD01INA661N,Wholesale Prices: Other Wholesale Prices: Food: Total for India,Annual,Index 2015=100,Not Seasonally Adjusted,1995-01-01,2021-01-01,1,"OECD Descriptor ID: WPOTFD01
OECD unit ID: IDX
OECD country ID: IND

All OECD data should be cited as follows: OECD, ""Main Economic Indicators - complete database"", Main Economic Indicators (database), https://dx.doi.org/10.1787/data-00052-en (Accessed on date) Copyright, 2016, OECD. Reprinted with permission"
india,India wholesale price index,WPOTFD01INQ661N,Wholesale Prices: Other Wholesale Prices: Food: Total for India,Quarterly,Index 2015=100,Not Seasonally Adjusted,1994-04-01,2022-07-01,1,"OECD Descriptor ID: WPOTFD01
OECD unit ID: IDX
OECD country ID: IND

All OECD data should be cited as follows: OECD, ""Main Economic Indicators - complete database"", Main Economic Indicators (database), https://dx.doi.org/10.1787/data-00052-en (Accessed on date) Copyright, 2016, OECD. Reprinted with permission"
indonesia,Indonesia CPI,FPCPITOTLZGIDN,"Inflation, consumer prices for Indonesia",Annual,Percent,Not Seasonally Adjusted,1960-01-01,2025-01-01,34,"Inflation as measured by the consumer price index reflects the annual percentage change in the cost to the average consumer of acquiring a basket of goods and services that may be fixed or changed at specified intervals, such as yearly. The Laspeyres formula is generally used.

International Monetary Fund, International Financial Statistics and data files."
indonesia,Indonesia CPI,IDNCPIALLMINMEI,"Consumer Price Indices (CPIs, HICPs), COICOP 1999: Consumer Price Index: Total for Indonesia",Monthly,Index 2015=100,Not Seasonally Adjusted,1968-01-01,2025-04-01,32,"OECD Data Filters: 
REF_AREA: IDN
MEASURE: CPI
UNIT_MEASURE: IX
METHODOLOGY: N
EXPENDITURE: _T
ADJUSTMENT: N
TRANSFORMATION: _Z
FREQ: M

All OECD data should be cited as follows: OECD (year), (dataset name), (data source) DOI or https://data-explorer.oecd.org/ (https://data-explorer.oecd.org/). (accessed on (date))."
indonesia,Indonesia CPI,CPALTT01IDM657N,Consumer Price Index: All Items: Total for Indonesia,Monthly,Growth rate previous period,Not Seasonally Adjusted,1968-02-01,2024-03-01,24,"OECD Descriptor ID: CPALTT01
OECD unit ID: PC
OECD country ID: IDN

All OECD data should be cited as follows: OECD, ""Main Economic Indicators - complete database"", Main Economic Indicators (database), https://dx.doi.org/10.1787/data-00052-en (Accessed on date) Copyright, 2016, OECD. Reprinted with permission"
indonesia,Indonesia CPI,CPALTT01IDM659N,"Consumer Price Indices (CPIs, HICPs), COICOP 1999: Consumer Price Index: Total for Indonesia",Monthly,Growth rate same period previous year,Not Seasonally Adjusted,1969-01-01,2025-04-01,15,"OECD Data Filters: 
REF_AREA: IDN
MEASURE: CPI
UNIT_MEASURE: PA
METHODOLOGY: N
EXPENDITURE: _T
ADJUSTMENT: N
TRANSFORMATION: GY
FREQ: M

All OECD data should be cited as follows: OECD (year), (dataset name), (data source) DOI or https://data-explorer.oecd.org/ (https://data-explorer.oecd.org/). (accessed on (date))."
indonesia,Indonesia CPI,CCRETT01IDM661N,Financial Market: Real Effective Exchange Rates: CPI Based for Indonesia,Monthly,Index 2015=100,Not Seasonally Adjusted,1970-01-01,2026-07-01,10,"OECD Data Filters: 
REF_AREA: IDN
MEASURE: CCRE
UNIT_MEASURE: IX
ACTIVITY: _Z
ADJUSTMENT: _Z
TRANSFORMATION: _Z
TIME_HORIZ: _Z
METHODOLOGY: N
FREQ: M

All OECD data should be cited as follows: OECD (year), (dataset name), (data source) DOI or https://data-explorer.oecd.org/ (https://data-explorer.oecd.org/). (accessed on (date))."
indonesia,Indonesia CPI,CPALTT01IDQ659N,"Consumer Price Indices (CPIs, HICPs), COICOP 1999: Consumer Price Index: Total for Indonesia",Quarterly,Growth rate same period previous year,Not Seasonally Adjusted,1969-01-01,2025-01-01,8,"OECD Data Filters: 
REF_AREA: IDN
MEASURE: CPI
UNIT_MEASURE: PA
METHODOLOGY: N
EXPENDITURE: _T
ADJUSTMENT: N
TRANSFORMATION: GY
FREQ: Q

All OECD data should be cited as follows: OECD (year), (dataset name), (data source) DOI or https://data-explorer.oecd.org/ (https://data-explorer.oecd.org/). (accessed on (date))."
indonesia,Indonesia CPI,CCRETT01IDQ661N,Financial Market: Real Effective Exchange Rates: CPI Based for Indonesia,Quarterly,Index 2015=100,Not Seasonally Adjusted,1970-01-01,2026-04-01,5,"OECD Data Filters: 
REF_AREA: IDN
MEASURE: CCRE
UNIT_MEASURE: IX
ACTIVITY: _Z
ADJUSTMENT: _Z
TRANSFORMATION: _Z
TIME_HORIZ: _Z
METHODOLOGY: N
FREQ: Q

All OECD data should be cited as follows: OECD (year), (dataset name), (data source) DOI or https://data-explorer.oecd.org/ (https://data-explorer.oecd.org/). (accessed on (date))."
indonesia,Indonesia CPI,CCRETT01IDA661N,Financial Market: Real Effective Exchange Rates: CPI Based for Indonesia,Annual,Index 2015=100,Not Seasonally Adjusted,1970-01-01,2025-01-01,5,"OECD Data Filters: 
REF_AREA: IDN
MEASURE: CCRE
UNIT_MEASURE: IX
ACTIVITY: _Z
ADJUSTMENT: _Z
TRANSFORMATION: _Z
TIME_HORIZ: _Z
METHODOLOGY: N
FREQ: A

All OECD data should be cited as follows: OECD (year), (dataset name), (data source) DOI or https://data-explorer.oecd.org/ (https://data-explorer.oecd.org/). (accessed on (date))."
indonesia,Indonesia CPI,IDNCPIALLQINMEI,"Consumer Price Indices (CPIs, HICPs), COICOP 1999: Consumer Price Index: Total for Indonesia",Quarterly,Index 2015=100,Not Seasonally Adjusted,1968-01-01,2025-01-01,5,"OECD Data Filters: 
REF_AREA: IDN
MEASURE: CPI
UNIT_MEASURE: IX
METHODOLOGY: N
EXPENDITURE: _T
ADJUSTMENT: N
TRANSFORMATION: _Z
FREQ: Q

All OECD data should be cited as follows: OECD (year), (dataset name), (data source) DOI or https://data-explorer.oecd.org/ (https://data-explorer.oecd.org/). (accessed on (date))."
indonesia,Indonesia CPI,IDNCPALTT01IXNBQ,Consumer Price Index: All Items: Total for Indonesia,Quarterly,Index source base,Not Seasonally Adjusted,1968-01-01,2023-07-01,5,"OECD Descriptor ID: CPALTT01
OECD unit ID: IDX
OECD country ID: IDN

All OECD data should be cited as follows: OECD, ""Main Economic Indicators - complete database"", Main Economic Indicators (database), https://dx.doi.org/10.1787/data-00052-en (Accessed on date) Copyright, 2016, OECD. Reprinted with permission"
indonesia,Indonesia CPI,CPALTT01IDA657N,Consumer Price Index: All Items: Total for Indonesia,Annual,Growth rate previous period,Not Seasonally Adjusted,1969-01-01,2023-01-01,5,"OECD Descriptor ID: CPALTT01
OECD unit ID: PC
OECD country ID: IDN

All OECD data should be cited as follows: OECD, ""Main Economic Indicators - complete database"", Main Economic Indicators (database), https://dx.doi.org/10.1787/data-00052-en (Accessed on date) Copyright, 2016, OECD. Reprinted with permission"
indonesia,Indonesia CPI,IDNCPIALLAINMEI,"Consumer Price Indices (CPIs, HICPs), COICOP 1999: Consumer Price Index: Total for Indonesia",Annual,Index 2015=100,Not Seasonally Adjusted,1968-01-01,2024-01-01,4,"OECD Data Filters: 
REF_AREA: IDN
MEASURE: CPI
UNIT_MEASURE: IX
METHODOLOGY: N
EXPENDITURE: _T
ADJUSTMENT: N
TRANSFORMATION: _Z
FREQ: A

All OECD data should be cited as follows: OECD (year), (dataset name), (data source) DOI or https://data-explorer.oecd.org/ (https://data-explorer.oecd.org/). (accessed on (date))."
indonesia,Indonesia CPI,CPALTT01IDQ657N,Consumer Price Index: All Items: Total for Indonesia,Quarterly,Growth rate previous period,Not Seasonally Adjusted,1968-04-01,2024-01-01,4,"OECD Descriptor ID: CPALTT01
OECD unit ID: PC
OECD country ID: IDN

All OECD data should be cited as follows: OECD, ""Main Economic Indicators - complete database"", Main Economic Indicators (database), https://dx.doi.org/10.1787/data-00052-en (Accessed on date) Copyright, 2016, OECD. Reprinted with permission"
indonesia,Indonesia CPI,IDNCPIFODMINMEI,Consumer Price Index: Food for Indonesia,Monthly,Index 2010=100,Not Seasonally Adjusted,1995-01-01,2018-06-01,4,"Copyright, 2016, OECD. Reprinted with permission.

All OECD data should be cited as follows: OECD (2010), ""Main Economic Indicators - complete database"", Main Economic Indicators (database),http://dx.doi.org/10.1787/data-00052-en (Accessed on date)"
indonesia,Indonesia CPI,IDNCPALTT01IXNBM,Consumer Price Index: All Items: Total for Indonesia,Monthly,Index source base,Not Seasonally Adjusted,1968-01-01,2023-11-01,3,"OECD Descriptor ID: CPALTT01
OECD unit ID: IDX
OECD country ID: IDN

All OECD data should be cited as follows: OECD, ""Main Economic Indicators - complete database"", Main Economic Indicators (database), https://dx.doi.org/10.1787/data-00052-en (Accessed on date) Copyright, 2016, OECD. Reprinted with permission"
indonesia,Indonesia CPI,DDOE02IDA086NWDB,Consumer Price Index for Indonesia,Annual,Index 2010=100,Not Seasonally Adjusted,1960-01-01,2017-01-01,3,"Consumer price index reflects changes in the cost to the average consumer of acquiring a basket of goods and services that may be fixed or changed at specified intervals, such as yearly. The Laspeyres formula is generally used.

Source Code: GFDD.OE.02"
indonesia,Indonesia CPI,IDNCPIFODAINMEI,Consumer Price Index: Food for Indonesia,Annual,Index 2010=100,Not Seasonally Adjusted,1995-01-01,2017-01-01,3,"Copyright, 2016, OECD. Reprinted with permission.

All OECD data should be cited as follows: OECD (2010), ""Main Economic Indicators - complete database"", Main Economic Indicators (database),http://dx.doi.org/10.1787/data-00052-en (Accessed on date)"
indonesia,Indonesia CPI,CPALTT01IDA659N,"Consumer Price Indices (CPIs, HICPs), COICOP 1999: Consumer Price Index: Total for Indonesia",Annual,Growth rate same period previous year,Not Seasonally Adjusted,1969-01-01,2024-01-01,2,"OECD Data Filters: 
REF_AREA: IDN
MEASURE: CPI
UNIT_MEASURE: PA
METHODOLOGY: N
EXPENDITURE: _T
ADJUSTMENT: N
TRANSFORMATION: GY
FREQ: A

All OECD data should be cited as follows: OECD (year), (dataset name), (data source) DOI or https://data-explorer.oecd.org/ (https://data-explorer.oecd.org/). (accessed on (date))."
indonesia,Indonesia CPI,DDOE01IDA086NWDB,Consumer Price Index for Indonesia,"Annual, End of Year",Index 2010=100,Not Seasonally Adjusted,1967-01-01,2017-01-01,2,"Consumer price index reflects changes in the cost to the average consumer of acquiring a basket of goods and services that may be fixed or changed at specified intervals, such as yearly. The Laspeyres formula is generally used.

Source Code: GFDD.OE.01"
indonesia,Indonesia CPI,IDNCPIFODQINMEI,Consumer Price Index: Food for Indonesia,Quarterly,Index 2010=100,Not Seasonally Adjusted,1995-01-01,2018-04-01,1,"Copyright, 2016, OECD. Reprinted with permission.

All OECD data should be cited as follows: OECD (2010), ""Main Economic Indicators - complete database"", Main Economic Indicators (database),http://dx.doi.org/10.1787/data-00052-en (Accessed on date)"
indonesia,Indonesia exports,XTEXVA01IDM664S,International Merchandise Trade Statistics: Exports: Commodities for Indonesia,Monthly,Rupiah,Seasonally Adjusted,1990-01-01,2026-06-01,6,"OECD Data Filters: 
REF_AREA: IDN
COUNTERPART_AREA: W
UNIT_MEASURE: XDC
TRADE_FLOW: X
PRODUCT_TYPE: C
ADJUSTMENT: Y
TRANSFORMATION: N
FREQ: M

All OECD data should be cited as follows: OECD (year), (dataset name), (data source) DOI or https://data-explorer.oecd.org/ (https://data-explorer.oecd.org/). (accessed on (date))."
indonesia,Indonesia exports,XTEITT01IDM156S,International Trade: Ratio: Exports to Imports: Total for Indonesia,Monthly,Percent,Seasonally Adjusted,1990-01-01,2023-10-01,6,"OECD Descriptor ID: XTEITT01
OECD unit ID: PC
OECD country ID: IDN

All OECD data should be cited as follows: OECD, ""Main Economic Indicators - complete database"", Main Economic Indicators (database), https://dx.doi.org/10.1787/data-00052-en (Accessed on date) Copyright, 2016, OECD. Reprinted with permission"
indonesia,Indonesia exports,NXRSAXDCIDQ,Real Exports of Goods and Services for Indonesia,Quarterly,Billions of Domestic Currency,Seasonally Adjusted,2000-01-01,2026-01-01,5,
indonesia,Indonesia exports,XTEXVA01IDM667S,International Merchandise Trade Statistics: Exports: Commodities for Indonesia,Monthly,"US dollars, exchange rate converted",Seasonally Adjusted,1990-01-01,2026-06-01,4,"OECD Data Filters: 
REF_AREA: IDN
COUNTERPART_AREA: W
UNIT_MEASURE: USD_EXC
TRADE_FLOW: X
PRODUCT_TYPE: C
ADJUSTMENT: Y
TRANSFORMATION: N
FREQ: M

All OECD data should be cited as follows: OECD (year), (dataset name), (data source) DOI or https://data-explorer.oecd.org/ (https://data-explorer.oecd.org/). (accessed on (date))."
indonesia,Indonesia exports,XTEXVA01IDQ664S,International Merchandise Trade Statistics: Exports: Commodities for Indonesia,Quarterly,Rupiah,Seasonally Adjusted,1990-01-01,2026-04-01,3,"OECD Data Filters: 
REF_AREA: IDN
COUNTERPART_AREA: W
UNIT_MEASURE: XDC
TRADE_FLOW: X
PRODUCT_TYPE: C
ADJUSTMENT: Y
TRANSFORMATION: N
FREQ: Q

All OECD data should be cited as follows: OECD (year), (dataset name), (data source) DOI or https://data-explorer.oecd.org/ (https://data-explorer.oecd.org/). (accessed on (date))."
indonesia,Indonesia exports,NXRXDCIDA,Real Exports of Goods and Services for Indonesia,Annual,Billions of Domestic Currency,Not Seasonally Adjusted,2008-01-01,2025-01-01,3,
indonesia,Indonesia exports,XTEXVA01IDM667N,International Merchandise Trade Statistics: Exports: Commodities for Indonesia,Monthly,"US dollars, exchange rate converted",Not Seasonally Adjusted,1990-01-01,2026-06-01,2,"OECD Data Filters: 
REF_AREA: IDN
COUNTERPART_AREA: W
UNIT_MEASURE: USD_EXC
TRADE_FLOW: X
PRODUCT_TYPE: C
ADJUSTMENT: N
TRANSFORMATION: N
FREQ: M

All OECD data should be cited as follows: OECD (year), (dataset name), (data source) DOI or https://data-explorer.oecd.org/ (https://data-explorer.oecd.org/). (accessed on (date))."
indonesia,Indonesia exports,IDNXTEXVA01NCMLM,International Merchandise Trade Statistics: Exports: Commodities for Indonesia,Monthly,Rupiah,Not Seasonally Adjusted,1990-01-01,2026-06-01,1,"OECD Data Filters: 
REF_AREA: IDN
COUNTERPART_AREA: W
UNIT_MEASURE: XDC
TRADE_FLOW: X
PRODUCT_TYPE: C
ADJUSTMENT: N
TRANSFORMATION: N
FREQ: M

All OECD data should be cited as follows: OECD (year), (dataset name), (data source) DOI or https://data-explorer.oecd.org/ (https://data-explorer.oecd.org/). (accessed on (date))."
indonesia,Indonesia exports,IDNXTEXVA01NCMLQ,International Merchandise Trade Statistics: Exports: Commodities for Indonesia,Quarterly,Rupiah,Not Seasonally Adjusted,1990-01-01,2026-04-01,1,"OECD Data Filters: 
REF_AREA: IDN
COUNTERPART_AREA: W
UNIT_MEASURE: XDC
TRADE_FLOW: X
PRODUCT_TYPE: C
ADJUSTMENT: N
TRANSFORMATION: N
FREQ: Q

All OECD data should be cited as follows: OECD (year), (dataset name), (data source) DOI or https://data-explorer.oecd.org/ (https://data-explorer.oecd.org/). (accessed on (date))."
indonesia,Indonesia exports,XTEXVA01IDA664S,International Merchandise Trade Statistics: Exports: Commodities for Indonesia,Annual,Rupiah,Seasonally Adjusted,1990-01-01,2025-01-01,1,"OECD Data Filters: 
REF_AREA: IDN
COUNTERPART_AREA: W
UNIT_MEASURE: XDC
TRADE_FLOW: X
PRODUCT_TYPE: C
ADJUSTMENT: Y
TRANSFORMATION: N
FREQ: A

All OECD data should be cited as follows: OECD (year), (dataset name), (data source) DOI or https://data-explorer.oecd.org/ (https://data-explorer.oecd.org/). (accessed on (date))."
indonesia,Indonesia exports,XTEXVA01IDM657S,International Merchandise Trade Statistics: Exports: Commodities for Indonesia,Monthly,Growth rate previous period,Seasonally Adjusted,1990-02-01,2026-06-01,1,"OECD Data Filters: 
REF_AREA: IDN
COUNTERPART_AREA: W
UNIT_MEASURE: PC
TRADE_FLOW: X
PRODUCT_TYPE: C
ADJUSTMENT: Y
TRANSFORMATION: G1
FREQ: M

All OECD data should be cited as follows: OECD (year), (dataset name), (data source) DOI or https://data-explorer.oecd.org/ (https://data-explorer.oecd.org/). (accessed on (date))."
indonesia,Indonesia exports,XTEXVA01IDQ657S,International Merchandise Trade Statistics: Exports: Commodities for Indonesia,Quarterly,Growth rate previous period,Seasonally Adjusted,1990-04-01,2026-04-01,1,"OECD Data Filters: 
REF_AREA: IDN
COUNTERPART_AREA: W
UNIT_MEASURE: PC
TRADE_FLOW: X
PRODUCT_TYPE: C
ADJUSTMENT: Y
TRANSFORMATION: G1
FREQ: Q

All OECD data should be cited as follows: OECD (year), (dataset name), (data source) DOI or https://data-explorer.oecd.org/ (https://data-explorer.oecd.org/). (accessed on (date))."
indonesia,Indonesia exports,XTEXVA01IDA657S,International Merchandise Trade Statistics: Exports: Commodities for Indonesia,Annual,Growth rate previous period,Seasonally Adjusted,1991-01-01,2025-01-01,1,"OECD Data Filters: 
REF_AREA: IDN
COUNTERPART_AREA: W
UNIT_MEASURE: PC
TRADE_FLOW: X
PRODUCT_TYPE: C
ADJUSTMENT: Y
TRANSFORMATION: G1
FREQ: A

All OECD data should be cited as follows: OECD (year), (dataset name), (data source) DOI or https://data-explorer.oecd.org/ (https://data-explorer.oecd.org/). (accessed on (date))."
indonesia,Indonesia exports,XTEXVA01IDQ667S,International Merchandise Trade Statistics: Exports: Commodities for Indonesia,Quarterly,"US dollars, exchange rate converted",Seasonally Adjusted,1990-01-01,2026-04-01,1,"OECD Data Filters: 
REF_AREA: IDN
COUNTERPART_AREA: W
UNIT_MEASURE: USD_EXC
TRADE_FLOW: X
PRODUCT_TYPE: C
ADJUSTMENT: Y
TRANSFORMATION: N
FREQ: Q

All OECD data should be cited as follows: OECD (year), (dataset name), (data source) DOI or https://data-explorer.oecd.org/ (https://data-explorer.oecd.org/). (accessed on (date))."
indonesia,Indonesia exports,XTEXVA01IDQ667N,International Merchandise Trade Statistics: Exports: Commodities for Indonesia,Quarterly,"US dollars, exchange rate converted",Not Seasonally Adjusted,1990-01-01,2026-04-01,1,"OECD Data Filters: 
REF_AREA: IDN
COUNTERPART_AREA: W
UNIT_MEASURE: USD_EXC
TRADE_FLOW: X
PRODUCT_TYPE: C
ADJUSTMENT: N
TRANSFORMATION: N
FREQ: Q

All OECD data should be cited as follows: OECD (year), (dataset name), (data source) DOI or https://data-explorer.oecd.org/ (https://data-explorer.oecd.org/). (accessed on (date))."
indonesia,Indonesia exports,XTEXVA01IDA667S,International Merchandise Trade Statistics: Exports: Commodities for Indonesia,Annual,"US dollars, exchange rate converted",Seasonally Adjusted,1990-01-01,2025-01-01,1,"OECD Data Filters: 
REF_AREA: IDN
COUNTERPART_AREA: W
UNIT_MEASURE: USD_EXC
TRADE_FLOW: X
PRODUCT_TYPE: C
ADJUSTMENT: Y
TRANSFORMATION: N
FREQ: A

All OECD data should be cited as follows: OECD (year), (dataset name), (data source) DOI or https://data-explorer.oecd.org/ (https://data-explorer.oecd.org/). (accessed on (date))."
indonesia,Indonesia exports,XTEXVA01IDA667N,International Merchandise Trade Statistics: Exports: Commodities for Indonesia,Annual,"US dollars, exchange rate converted",Not Seasonally Adjusted,1990-01-01,2025-01-01,1,"OECD Data Filters: 
REF_AREA: IDN
COUNTERPART_AREA: W
UNIT_MEASURE: USD_EXC
TRADE_FLOW: X
PRODUCT_TYPE: C
ADJUSTMENT: N
TRANSFORMATION: N
FREQ: A

All OECD data should be cited as follows: OECD (year), (dataset name), (data source) DOI or https://data-explorer.oecd.org/ (https://data-explorer.oecd.org/). (accessed on (date))."
indonesia,Indonesia exports,XTEXVA01IDM659S,International Merchandise Trade Statistics: Exports: Commodities for Indonesia,Monthly,Growth rate same period previous year,Seasonally Adjusted,1991-01-01,2026-06-01,1,"OECD Data Filters: 
REF_AREA: IDN
COUNTERPART_AREA: W
UNIT_MEASURE: PC
TRADE_FLOW: X
PRODUCT_TYPE: C
ADJUSTMENT: Y
TRANSFORMATION: GY
FREQ: M

All OECD data should be cited as follows: OECD (year), (dataset name), (data source) DOI or https://data-explorer.oecd.org/ (https://data-explorer.oecd.org/). (accessed on (date))."
indonesia,Indonesia exports,XTEXVA01IDQ659S,International Merchandise Trade Statistics: Exports: Commodities for Indonesia,Quarterly,Growth rate same period previous year,Seasonally Adjusted,1991-01-01,2026-04-01,1,"OECD Data Filters: 
REF_AREA: IDN
COUNTERPART_AREA: W
UNIT_MEASURE: PC
TRADE_FLOW: X
PRODUCT_TYPE: C
ADJUSTMENT: Y
TRANSFORMATION: GY
FREQ: Q

All OECD data should be cited as follows: OECD (year), (dataset name), (data source) DOI or https://data-explorer.oecd.org/ (https://data-explorer.oecd.org/). (accessed on (date))."
indonesia,Indonesia exports,XTEXVA01IDA659S,International Merchandise Trade Statistics: Exports: Commodities for Indonesia,Annual,Growth rate same period previous year,Seasonally Adjusted,1991-01-01,2025-01-01,1,"OECD Data Filters: 
REF_AREA: IDN
COUNTERPART_AREA: W
UNIT_MEASURE: PC
TRADE_FLOW: X
PRODUCT_TYPE: C
ADJUSTMENT: Y
TRANSFORMATION: GY
FREQ: A

All OECD data should be cited as follows: OECD (year), (dataset name), (data source) DOI or https://data-explorer.oecd.org/ (https://data-explorer.oecd.org/). (accessed on (date))."
indonesia,Indonesia industrial production,OECDNMERECDM,OECD based Recession Indicators for OECD and Non-member Economies from the Peak through the Trough (DISCONTINUED),"Daily, 7-Day",+1 or 0,Not Seasonally Adjusted,1960-02-01,2022-02-28,12,"This time series is an interpretation of Organisation of Economic Development (OECD) Composite Leading Indicators: Reference Turning Points and Component Series data, which can be found at http://www.oecd.org/std/leading-indicators/oecdcompositeleadingindicatorsreferenceturningpointsandcomponentseries.htm. The OECD identifies months of turning points without designating a date within the month that turning points occurred. The dummy variable adopts an arbitrary convention that the turning point occurred at a specific date within the month. The arbitrary convention does not reflect any judgment on this issue by the OECD. Our time series is composed of dummy variables that represent periods of expansion and recession. A value of 1 is a recessionary period, while a value of 0 is an expansionary period. For this time series, the recession begins on the 15th day of the month of the peak and ends on the 15th day of the month of the trough. This time series is a disaggregation of the monthly series. For more options on recession shading, see the note and links below.

The recession shading data that we provide initially comes from the source as a list of dates that are either an economic peak or trough. We interpret dates into recession shading data using one of three arbitrary methods. All of our recession shading data is available using all three interpretations. The period between a peak and trough is always shaded as a recession. The peak and trough are collectively extrema. Depending on the application, the extrema, both individually and collectively, may be included in the recession period in whole or in part. In situations where a portion of a period is included in the recession, the whole period is deemed to be included in the recession period.

The first interpretation, known as the midpoint method, is to show a recession from the midpoint of the peak through the midpoint of the trough for monthly and quarterly data. For daily data, the recession begins on the 15th of the month of the peak and ends on the 15th of the month of the trough. Daily data is a disaggregation of monthly data. For monthly and quarterly data, the entire peak and trough periods are included in the recession shading. This method shows the maximum number of periods as a recession for monthly and quarterly data. The Federal Reserve Bank of St. Louis uses this method in its own publications. The midpoint method is used for this series.

The second interpretation, known as the trough method, is to show a recession from the period following the peak through the trough (i.e. the peak is not included in the recession shading, but the trough is). For daily data, the recession begins on the first day of the first month following the peak and ends on the last day of the month of the trough. Daily data is a disaggregation of monthly data. The trough method is used when displaying data on FRED graphs. A version of this time series represented using the trough method can be found at:

https://fred.stlouisfed.org/series/OECDNMERECD

The third interpretation, known as the peak method, is to show a recession from the period of the peak to the trough (i.e. the peak is included in the recession shading, but the trough is not). For daily data, the recession begins on the first day of the month of the peak and ends on the last day of the month preceding the trough. Daily data is a disaggregation of monthly data. A version of this time series represented using the peak method can be found at:

https://fred.stlouisfed.org/series/OECDNMERECDP

The OECD CLI system is based on the ""growth cycle"" approach, where business cycles and turning points are measured and identified in the deviation-from-trend series. The main reference series used in the OECD CLI system for the majority of countries is industrial production (IIP) covering all industry sectors excluding construction. This series is used because of its cyclical sensitivity and monthly availability, while the broad based Gross Domestic Product (GDP) is used to supplement the IIP series for identification of the final reference turning points in the growth cycle.

Zones aggregates of the CLIs and the reference series are calculated as weighted averages of the corresponding zone member series (i.e. CLIs and IIPs).

Up to December 2008 the turning points chronologies shown for regional/zone area aggregates or individual countries are determined by the rules established by the National Bureau of Economic Research (NBER) in the United States, which have been formalized and incorporated in a computer routine (Bry and Boschan) and included in the Phase-Average Trend (PAT) de-trending procedure. Starting from December 2008 the turning point detection algorithm is decoupled from the de-trending procedure, and is a simplified version of the original Bry and Boschan routine. (The routine parses local minima and maxima in the cycle series and applies censor rules to guarantee alternating peaks and troughs, as well as phase and cycle length constraints.)

The components of the CLI are time series which exhibit leading relationship with the reference series (IIP) at turning points. Country CLIs are compiled by combining de-trended smoothed and normalized components. The component series for each country are selected based on various criteria such as economic significance; cyclical behavior; data quality; timeliness and availability.

The OECD and Non-member economies covers the following 35 countries: Australia, Austria, Belgium, Brazil, Canada, China, Czech Republic, Denmark, Finland, France, Germany, Greece, Hungary, India, Indonesia, Ireland, Italy, Japan, Korea, Luxembourg, Mexico, Netherlands, New Zealand, Norway, Poland, Portugal, Russian Federation, Slovak Republic, Spain, South Africa, Sweden, Switzerland, Turkey, United Kingdom and United States.

OECD data should be cited as follows: OECD Composite Leading Indicators, ""Composite Leading Indicators: Reference Turning Points and Component Series"", http://www.oecd.org/std/leading-indicators/oecdcompositeleadingindicatorsreferenceturningpointsandcomponentseries.htm (Accessed on date)"
indonesia,Indonesia industrial production,WPIAMP01IDM661N,Total Wholesale Prices of Manufactured Products by Industry Aggregate for Indonesia,Monthly,Index 2015=100,Not Seasonally Adjusted,1995-01-01,2019-12-01,4,"OECD descriptor ID: WPIAMP01
OECD unit ID: IXOB
OECD country ID: IDN

All OECD data should be cited as follows: OECD, ""Main Economic Indicators - complete database"", Main Economic Indicators (database),http://dx.doi.org/10.1787/data-00052-en (Accessed on date)
Copyright, 2016, OECD. Reprinted with permission."
indonesia,Indonesia industrial production,PRMNTO01IDQ661N,"Production, Sales, Work Started and Orders: Production Volume: Economic Activity: Manufacturing for Indonesia",Quarterly,Index 2015=100,Not Seasonally Adjusted,1986-01-01,2023-10-01,3,"OECD Data Filters: 
REF_AREA: IDN
MEASURE: PRVM
UNIT_MEASURE: IX
ACTIVITY: C
ADJUSTMENT: N
TRANSFORMATION: _Z
TIME_HORIZ: _Z
METHODOLOGY: N
FREQ: Q

All OECD data should be cited as follows: OECD (year), (dataset name), (data source) DOI or https://data-explorer.oecd.org/ (https://data-explorer.oecd.org/). (accessed on (date))."
indonesia,Indonesia industrial production,PRMNTO01IDA661N,"Production, Sales, Work Started and Orders: Production Volume: Economic Activity: Manufacturing for Indonesia",Annual,Index 2015=100,Not Seasonally Adjusted,1986-01-01,2023-01-01,3,"OECD Data Filters: 
REF_AREA: IDN
MEASURE: PRVM
UNIT_MEASURE: IX
ACTIVITY: C
ADJUSTMENT: N
TRANSFORMATION: _Z
TIME_HORIZ: _Z
METHODOLOGY: N
FREQ: A

All OECD data should be cited as follows: OECD (year), (dataset name), (data source) DOI or https://data-explorer.oecd.org/ (https://data-explorer.oecd.org/). (accessed on (date))."
indonesia,Indonesia industrial production,OECDNMERECD,OECD based Recession Indicators for OECD and Non-member Economies from the Period following the Peak through the Trough (DISCONTINUED),"Daily, 7-Day",+1 or 0,Not Seasonally Adjusted,1960-02-01,2022-02-28,2,"This time series is an interpretation of Organisation of Economic Development (OECD) Composite Leading Indicators: Reference Turning Points and Component Series data, which can be found at http://www.oecd.org/std/leading-indicators/oecdcompositeleadingindicatorsreferenceturningpointsandcomponentseries.htm. The OECD identifies months of turning points without designating a date within the month that turning points occurred. The dummy variable adopts an arbitrary convention that the turning point occurred at a specific date within the month. The arbitrary convention does not reflect any judgment on this issue by the OECD. Our time series is composed of dummy variables that represent periods of expansion and recession. A value of 1 is a recessionary period, while a value of 0 is an expansionary period. For this time series, the recession begins the first day of the period following a peak and ends on the last day of the period of the trough. For more options on recession shading, see the notes and links below.

The recession shading data that we provide initially comes from the source as a list of dates that are either an economic peak or trough. We interpret dates into recession shading data using one of three arbitrary methods. All of our recession shading data is available using all three interpretations. The period between a peak and trough is always shaded as a recession. The peak and trough are collectively extrema. Depending on the application, the extrema, both individually and collectively, may be included in the recession period in whole or in part. In situations where a portion of a period is included in the recession, the whole period is deemed to be included in the recession period.

The first interpretation, known as the midpoint method, is to show a recession from the midpoint of the peak through the midpoint of the trough for monthly and quarterly data. For daily data, the recession begins on the 15th of the month of the peak and ends on the 15th of the month of the trough. Daily data is a disaggregation of monthly data. For monthly and quarterly data, the entire peak and trough periods are included in the recession shading. This method shows the maximum number of periods as a recession for monthly and quarterly data. The Federal Reserve Bank of St. Louis uses this method in its own publications. A version of this time series represented using the midpoint method can be found at:

https://fred.stlouisfed.org/series/OECDNMERECDM

The second interpretation, known as the trough method, is to show a recession from the period following the peak through the trough (i.e. the peak is not included in the recession shading, but the trough is). For daily data, the recession begins on the first day of the first month following the peak and ends on the last day of the month of the trough. Daily data is a disaggregation of monthly data. The trough method is used when displaying data on FRED graphs. The trough method is used for this series.

The third interpretation, known as the peak method, is to show a recession from the period of the peak to the trough (i.e. the peak is included in the recession shading, but the trough is not). For daily data, the recession begins on the first day of the month of the peak and ends on the last day of the month preceding the trough. Daily data is a disaggregation of monthly data. A version of this time series represented using the peak method can be found at:

https://fred.stlouisfed.org/series/OECDNMERECDP

The OECD CLI system is based on the ""growth cycle"" approach, where business cycles and turning points are measured and identified in the deviation-from-trend series. The main reference series used in the OECD CLI system for the majority of countries is industrial production (IIP) covering all industry sectors excluding construction. This series is used because of its cyclical sensitivity and monthly availability, while the broad based Gross Domestic Product (GDP) is used to supplement the IIP series for identification of the final reference turning points in the growth cycle.

Zones aggregates of the CLIs and the reference series are calculated as weighted averages of the corresponding zone member series (i.e. CLIs and IIPs).

Up to December 2008 the turning points chronologies shown for regional/zone area aggregates or individual countries are determined by the rules established by the National Bureau of Economic Research (NBER) in the United States, which have been formalized and incorporated in a computer routine (Bry and Boschan) and included in the Phase-Average Trend (PAT) de-trending procedure. Starting from December 2008 the turning point detection algorithm is decoupled from the de-trending procedure, and is a simplified version of the original Bry and Boschan routine. (The routine parses local minima and maxima in the cycle series and applies censor rules to guarantee alternating peaks and troughs, as well as phase and cycle length constraints.)

The components of the CLI are time series which exhibit leading relationship with the reference series (IIP) at turning points. Country CLIs are compiled by combining de-trended smoothed and normalized components. The component series for each country are selected based on various criteria such as economic significance; cyclical behavior; data quality; timeliness and availability.

The OECD and Non-member economies covers the following 35 countries: Australia, Austria, Belgium, Brazil, Canada, China, Czech Republic, Denmark, Finland, France, Germany, Greece, Hungary, India, Indonesia, Ireland, Italy, Japan, Korea, Luxembourg, Mexico, Netherlands, New Zealand, Norway, Poland, Portugal, Russian Federation, Slovak Republic, Spain, South Africa, Sweden, Switzerland, Turkey, United Kingdom and United States.

OECD data should be cited as follows: OECD Composite Leading Indicators, ""Composite Leading Indicators: Reference Turning Points and Component Series"", http://www.oecd.org/std/leading-indicators/oecdcompositeleadingindicatorsreferenceturningpointsandcomponentseries.htm (Accessed on date)"
indonesia,Indonesia industrial production,OECDNMEREC,OECD based Recession Indicators for OECD and Non-member Economies from the Period following the Peak through the Trough (DISCONTINUED),Monthly,+1 or 0,Not Seasonally Adjusted,1960-02-01,2022-02-01,2,"This time series is an interpretation of Organisation of Economic Development (OECD) Composite Leading Indicators: Reference Turning Points and Component Series data provided by the OECD at http://www.oecd.org/std/leading-indicators/oecdcompositeleadingindicatorsreferenceturningpointsandcomponentseries.htm. The OECD identifies months of turning points without designating a date within the month that turning points occurred. The dummy variable adopts an arbitrary convention that the turning point occurred at a specific date within the month. The arbitrary convention does not reflect any judgment on this issue by the OECD. Our time series is composed of dummy variables that represent periods of expansion and recession. A value of 1 is a recessionary period, while a value of 0 is an expansionary period. For this time series, the recession begins the first day of the period following a peak and ends on the last day of the period of the trough. For more options on recession shading, see the notes and links below.

The recession shading data that we provide initially comes from the source as a list of dates that are either an economic peak or trough. We interpret dates into recession shading data using one of three arbitrary methods. All of our recession shading data is available using all three interpretations. The period between a peak and trough is always shaded as a recession. The peak and trough are collectively extrema. Depending on the application, the extrema, both individually and collectively, may be included in the recession period in whole or in part. In situations where a portion of a period is included in the recession, the whole period is deemed to be included in the recession period.

The first interpretation, known as the midpoint method, is to show a recession from the midpoint of the peak through the midpoint of the trough for monthly and quarterly data. For daily data, the recession begins on the 15th of the month of the peak and ends on the 15th of the month of the trough. Daily data is a disaggregation of monthly data. For monthly and quarterly data, the entire peak and trough periods are included in the recession shading. This method shows the maximum number of periods as a recession for monthly and quarterly data. The Federal Reserve Bank of St. Louis uses this method in its own publications. A version of this time series represented using the midpoint method can be found at:

https://fred.stlouisfed.org/series/OECDNMERECM

The second interpretation, known as the trough method, is to show a recession from the period following the peak through the trough (i.e. the peak is not included in the recession shading, but the trough is). For daily data, the recession begins on the first day of the first month following the peak and ends on the last day of the month of the trough. Daily data is a disaggregation of monthly data. The trough method is used when displaying data on FRED graphs. The trough method is used for this series.

The third interpretation, known as the peak method, is to show a recession from the period of the peak to the trough (i.e. the peak is included in the recession shading, but the trough is not). For daily data, the recession begins on the first day of the month of the peak and ends on the last day of the month preceding the trough. Daily data is a disaggregation of monthly data. A version of this time series represented using the peak method can be found at:

https://fred.stlouisfed.org/series/OECDNMERECP

The OECD CLI system is based on the ""growth cycle"" approach, where business cycles and turning points are measured and identified in the deviation-from-trend series. The main reference series used in the OECD CLI system for the majority of countries is industrial production (IIP) covering all industry sectors excluding construction. This series is used because of its cyclical sensitivity and monthly availability, while the broad based Gross Domestic Product (GDP) is used to supplement the IIP series for identification of the final reference turning points in the growth cycle.

Zones aggregates of the CLIs and the reference series are calculated as weighted averages of the corresponding zone member series (i.e. CLIs and IIPs).

Up to December 2008 the turning points chronologies shown for regional/zone area aggregates or individual countries are determined by the rules established by the National Bureau of Economic Research (NBER) in the United States, which have been formalized and incorporated in a computer routine (Bry and Boschan) and included in the Phase-Average Trend (PAT) de-trending procedure. Starting from December 2008 the turning point detection algorithm is decoupled from the de-trending procedure, and is a simplified version of the original Bry and Boschan routine. (The routine parses local minima and maxima in the cycle series and applies censor rules to guarantee alternating peaks and troughs, as well as phase and cycle length constraints.)

The components of the CLI are time series which exhibit leading relationship with the reference series (IIP) at turning points. Country CLIs are compiled by combining de-trended smoothed and normalized components. The component series for each country are selected based on various criteria such as economic significance; cyclical behavior; data quality; timeliness and availability.

The OECD and Non-member economies covers the following 35 countries: Australia, Austria, Belgium, Brazil, Canada, China, Czech Republic, Denmark, Finland, France, Germany, Greece, Hungary, India, Indonesia, Ireland, Italy, Japan, Korea, Luxembourg, Mexico, Netherlands, New Zealand, Norway, Poland, Portugal, Russian Federation, Slovak Republic, Spain, South Africa, Sweden, Switzerland, Turkey, United Kingdom and United States.

OECD data should be cited as follows: OECD Composite Leading Indicators, ""Composite Leading Indicators: Reference Turning Points and Component Series"", http://www.oecd.org/std/leading-indicators/oecdcompositeleadingindicatorsreferenceturningpointsandcomponentseries.htm (Accessed on date)"
indonesia,Indonesia industrial production,IDNRECM,OECD based Recession Indicators for Indonesia from the Peak through the Trough (DISCONTINUED),Monthly,+1 or 0,Not Seasonally Adjusted,1990-02-01,2022-05-01,2,"This time series is an interpretation of Organisation of Economic Development (OECD) Composite Leading Indicators: Reference Turning Points and Component Series data, which can be found at http://www.oecd.org/std/leading-indicators/oecdcompositeleadingindicatorsreferenceturningpointsandcomponentseries.htm. The OECD identifies months of turning points without designating a date within the month that turning points occurred. The dummy variable adopts an arbitrary convention that the turning point occurred at a specific date within the month. The arbitrary convention does not reflect any judgment on this issue by the OECD. Our time series is composed of dummy variables that represent periods of expansion and recession. A value of 1 is a recessionary period, while a value of 0 is an expansionary period. For this time series, the recession begins midpoint of the period of the peak and ends midpoint of the period of the trough. Therefore, the recession period includes the entire period of both peak and trough. For more options on recession shading, see the notes and links below.

The recession shading data that we provide initially comes from the source as a list of dates that are either an economic peak or trough. We interpret dates into recession shading data using one of three arbitrary methods. All of our recession shading data is available using all three interpretations. The period between a peak and trough is always shaded as a recession. The peak and trough are collectively extrema. Depending on the application, the extrema, both individually and collectively, may be included in the recession period in whole or in part. In situations where a portion of a period is included in the recession, the whole period is deemed to be included in the recession period.

The first interpretation, known as the midpoint method, is to show a recession from the midpoint of the peak through the midpoint of the trough for monthly and quarterly data. For daily data, the recession begins on the 15th of the month of the peak and ends on the 15th of the month of the trough. Daily data is a disaggregation of monthly data. For monthly and quarterly data, the entire peak and trough periods are included in the recession shading. This method shows the maximum number of periods as a recession for monthly and quarterly data. The Federal Reserve Bank of St. Louis uses this method in its own publications. The midpoint method is used for this series.

The second interpretation, known as the trough method, is to show a recession from the period following the peak through the trough (i.e. the peak is not included in the recession shading, but the trough is). For daily data, the recession begins on the first day of the first month following the peak and ends on the last day of the month of the trough. Daily data is a disaggregation of monthly data. The trough method is used when displaying data on FRED graphs. A version of this time series represented using the trough method can be found at:

https://fred.stlouisfed.org/series/IDNREC

The third interpretation, known as the peak method, is to show a recession from the period of the peak to the trough (i.e. the peak is included in the recession shading, but the trough is not). For daily data, the recession begins on the first day of the month of the peak and ends on the last day of the month preceding the trough. Daily data is a disaggregation of monthly data. A version of this time series represented using the peak method can be found at:

https://fred.stlouisfed.org/series/IDNRECP

The OECD CLI system is based on the ""growth cycle"" approach, where business cycles and turning points are measured and identified in the deviation-from-trend series. The main reference series used in the OECD CLI system for the majority of countries is industrial production (IIP) covering all industry sectors excluding construction. This series is used because of its cyclical sensitivity and monthly availability, while the broad based Gross Domestic Product (GDP) is used to supplement the IIP series for identification of the final reference turning points in the growth cycle.

Zones aggregates of the CLIs and the reference series are calculated as weighted averages of the corresponding zone member series (i.e. CLIs and IIPs).

Up to December 2008 the turning points chronologies shown for regional/zone area aggregates or individual countries are determined by the rules established by the National Bureau of Economic Research (NBER) in the United States, which have been formalized and incorporated in a computer routine (Bry and Boschan) and included in the Phase-Average Trend (PAT) de-trending procedure. Starting from December 2008 the turning point detection algorithm is decoupled from the de-trending procedure, and is a simplified version of the original Bry and Boschan routine. (The routine parses local minima and maxima in the cycle series and applies censor rules to guarantee alternating peaks and troughs, as well as phase and cycle length constraints.)

The components of the CLI are time series which exhibit leading relationship with the reference series (IIP) at turning points. Country CLIs are compiled by combining de-trended smoothed and normalized components. The component series for each country are selected based on various criteria such as economic significance; cyclical behavior; data quality; timeliness and availability.

OECD data should be cited as follows: OECD Composite Leading Indicators, ""Composite Leading Indicators: Reference Turning Points and Component Series"", http://www.oecd.org/std/leading-indicators/oecdcompositeleadingindicatorsreferenceturningpointsandcomponentseries.htm (Accessed on date)"
indonesia,Indonesia industrial production,WPIAMP01IDA661N,Total Wholesale Prices of Manufactured Products by Industry Aggregate for Indonesia,Annual,Index 2015=100,Not Seasonally Adjusted,1995-01-01,2019-01-01,1,"OECD descriptor ID: WPIAMP01
OECD unit ID: IXOB
OECD country ID: IDN

All OECD data should be cited as follows: OECD, ""Main Economic Indicators - complete database"", Main Economic Indicators (database),http://dx.doi.org/10.1787/data-00052-en (Accessed on date)
Copyright, 2016, OECD. Reprinted with permission."
indonesia,Indonesia industrial production,WPIAMP01IDQ661N,Total Wholesale Prices of Manufactured Products by Industry Aggregate for Indonesia,Quarterly,Index 2015=100,Not Seasonally Adjusted,1995-01-01,2019-10-01,1,"OECD descriptor ID: WPIAMP01
OECD unit ID: IXOB
OECD country ID: IDN

All OECD data should be cited as follows: OECD, ""Main Economic Indicators - complete database"", Main Economic Indicators (database),http://dx.doi.org/10.1787/data-00052-en (Accessed on date)
Copyright, 2016, OECD. Reprinted with permission."
indonesia,Indonesia industrial production,IDNWPIAMP01GPM,Wholesale prices: Industry aggregates: Manufactured products: Total for Indonesia,Monthly,Growth rate previous period,Not Seasonally Adjusted,1995-02-01,2019-12-01,1,"OECD descriptor ID: WPIAMP01 OECD unit ID: GP OECD country ID: IDNAll OECD data should be cited as follows: OECD,""Main Economic Indicators - complete database""Main Economic Indicators(database)http://dx.doi.org/10.1787/data-00052-en(Accessed on date)Copyright, 2016, OECD. Reprinted with permission."
indonesia,Indonesia industrial production,IDNWPIAMP01GPQ,Wholesale prices: Industry aggregates: Manufactured products: Total for Indonesia,Quarterly,Growth rate previous period,Not Seasonally Adjusted,1995-04-01,2019-10-01,1,"OECD descriptor ID: WPIAMP01 OECD unit ID: GP OECD country ID: IDNAll OECD data should be cited as follows: OECD,""Main Economic Indicators - complete database""Main Economic Indicators(database)http://dx.doi.org/10.1787/data-00052-en(Accessed on date)Copyright, 2016, OECD. Reprinted with permission."
indonesia,Indonesia industrial production,IDNWPIAMP01GYM,Wholesale prices: Industry aggregates: Manufactured products: Total for Indonesia,Monthly,Growth rate same period previous year,Not Seasonally Adjusted,1996-01-01,2019-12-01,1,"OECD descriptor ID: WPIAMP01 OECD unit ID: GY OECD country ID: IDNAll OECD data should be cited as follows: OECD,""Main Economic Indicators - complete database""Main Economic Indicators(database)http://dx.doi.org/10.1787/data-00052-en(Accessed on date)Copyright, 2016, OECD. Reprinted with permission."
indonesia,Indonesia industrial production,IDNWPIAMP01GYQ,Wholesale prices: Industry aggregates: Manufactured products: Total for Indonesia,Quarterly,Growth rate same period previous year,Not Seasonally Adjusted,1996-01-01,2019-10-01,1,"OECD descriptor ID: WPIAMP01 OECD unit ID: GY OECD country ID: IDNAll OECD data should be cited as follows: OECD,""Main Economic Indicators - complete database""Main Economic Indicators(database)http://dx.doi.org/10.1787/data-00052-en(Accessed on date)Copyright, 2016, OECD. Reprinted with permission."
indonesia,Indonesia industrial production,OECDNMERECM,OECD based Recession Indicators for OECD and Non-member Economies from the Peak through the Trough (DISCONTINUED),Monthly,+1 or 0,Not Seasonally Adjusted,1960-02-01,2022-02-01,1,"This time series is an interpretation of Organisation of Economic Development (OECD) Composite Leading Indicators: Reference Turning Points and Component Series data, which can be found at http://www.oecd.org/std/leading-indicators/oecdcompositeleadingindicatorsreferenceturningpointsandcomponentseries.htm. The OECD identifies months of turning points without designating a date within the month that turning points occurred. The dummy variable adopts an arbitrary convention that the turning point occurred at a specific date within the month. The arbitrary convention does not reflect any judgment on this issue by the OECD. Our time series is composed of dummy variables that represent periods of expansion and recession. A value of 1 is a recessionary period, while a value of 0 is an expansionary period. For this time series, the recession begins midpoint of the period of the peak and ends midpoint of the period of the trough. Therefore, the recession period includes the entire period of both peak and trough. For more options on recession shading, see the notes and links below.

The recession shading data that we provide initially comes from the source as a list of dates that are either an economic peak or trough. We interpret dates into recession shading data using one of three arbitrary methods. All of our recession shading data is available using all three interpretations. The period between a peak and trough is always shaded as a recession. The peak and trough are collectively extrema. Depending on the application, the extrema, both individually and collectively, may be included in the recession period in whole or in part. In situations where a portion of a period is included in the recession, the whole period is deemed to be included in the recession period.

The first interpretation, known as the midpoint method, is to show a recession from the midpoint of the peak through the midpoint of the trough for monthly and quarterly data. For daily data, the recession begins on the 15th of the month of the peak and ends on the 15th of the month of the trough. Daily data is a disaggregation of monthly data. For monthly and quarterly data, the entire peak and trough periods are included in the recession shading. This method shows the maximum number of periods as a recession for monthly and quarterly data. The Federal Reserve Bank of St. Louis uses this method in its own publications. The midpoint method is used for this series.

The second interpretation, known as the trough method, is to show a recession from the period following the peak through the trough (i.e. the peak is not included in the recession shading, but the trough is). For daily data, the recession begins on the first day of the first month following the peak and ends on the last day of the month of the trough. Daily data is a disaggregation of monthly data. The trough method is used when displaying data on FRED graphs. A version of this time series represented using the trough method can be found at:

https://fred.stlouisfed.org/series/OECDNMEREC

The third interpretation, known as the peak method, is to show a recession from the period of the peak to the trough (i.e. the peak is included in the recession shading, but the trough is not). For daily data, the recession begins on the first day of the month of the peak and ends on the last day of the month preceding the trough. Daily data is a disaggregation of monthly data. A version of this time series represented using the peak method can be found at:

https://fred.stlouisfed.org/series/OECDNMERECP

The OECD CLI system is based on the ""growth cycle"" approach, where business cycles and turning points are measured and identified in the deviation-from-trend series. The main reference series used in the OECD CLI system for the majority of countries is industrial production (IIP) covering all industry sectors excluding construction. This series is used because of its cyclical sensitivity and monthly availability, while the broad based Gross Domestic Product (GDP) is used to supplement the IIP series for identification of the final reference turning points in the growth cycle.

Zones aggregates of the CLIs and the reference series are calculated as weighted averages of the corresponding zone member series (i.e. CLIs and IIPs).

Up to December 2008 the turning points chronologies shown for regional/zone area aggregates or individual countries are determined by the rules established by the National Bureau of Economic Research (NBER) in the United States, which have been formalized and incorporated in a computer routine (Bry and Boschan) and included in the Phase-Average Trend (PAT) de-trending procedure. Starting from December 2008 the turning point detection algorithm is decoupled from the de-trending procedure, and is a simplified version of the original Bry and Boschan routine. (The routine parses local minima and maxima in the cycle series and applies censor rules to guarantee alternating peaks and troughs, as well as phase and cycle length constraints.)

The components of the CLI are time series which exhibit leading relationship with the reference series (IIP) at turning points. Country CLIs are compiled by combining de-trended smoothed and normalized components. The component series for each country are selected based on various criteria such as economic significance; cyclical behavior; data quality; timeliness and availability.

The OECD and Non-member economies covers the following 35 countries: Australia, Austria, Belgium, Brazil, Canada, China, Czech Republic, Denmark, Finland, France, Germany, Greece, Hungary, India, Indonesia, Ireland, Italy, Japan, Korea, Luxembourg, Mexico, Netherlands, New Zealand, Norway, Poland, Portugal, Russian Federation, Slovak Republic, Spain, South Africa, Sweden, Switzerland, Turkey, United Kingdom and United States.

OECD data should be cited as follows: OECD Composite Leading Indicators, ""Composite Leading Indicators: Reference Turning Points and Component Series"", http://www.oecd.org/std/leading-indicators/oecdcompositeleadingindicatorsreferenceturningpointsandcomponentseries.htm (Accessed on date)"
indonesia,Indonesia industrial production,IDNRECDM,OECD based Recession Indicators for Indonesia from the Peak through the Trough (DISCONTINUED),"Daily, 7-Day",+1 or 0,Not Seasonally Adjusted,1990-02-01,2022-05-31,1,"This time series is an interpretation of Organisation of Economic Development (OECD) Composite Leading Indicators: Reference Turning Points and Component Series data, which can be found at http://www.oecd.org/std/leading-indicators/oecdcompositeleadingindicatorsreferenceturningpointsandcomponentseries.htm. The OECD identifies months of turning points without designating a date within the month that turning points occurred. The dummy variable adopts an arbitrary convention that the turning point occurred at a specific date within the month. The arbitrary convention does not reflect any judgment on this issue by the OECD. Our time series is composed of dummy variables that represent periods of expansion and recession. A value of 1 is a recessionary period, while a value of 0 is an expansionary period. For this time series, the recession begins on the 15th day of the month of the peak and ends on the 15th day of the month of the trough. This time series is a disaggregation of the monthly series. For more options on recession shading, see the note and links below.

The recession shading data that we provide initially comes from the source as a list of dates that are either an economic peak or trough. We interpret dates into recession shading data using one of three arbitrary methods. All of our recession shading data is available using all three interpretations. The period between a peak and trough is always shaded as a recession. The peak and trough are collectively extrema. Depending on the application, the extrema, both individually and collectively, may be included in the recession period in whole or in part. In situations where a portion of a period is included in the recession, the whole period is deemed to be included in the recession period.

The first interpretation, known as the midpoint method, is to show a recession from the midpoint of the peak through the midpoint of the trough for monthly and quarterly data. For daily data, the recession begins on the 15th of the month of the peak and ends on the 15th of the month of the trough. Daily data is a disaggregation of monthly data. For monthly and quarterly data, the entire peak and trough periods are included in the recession shading. This method shows the maximum number of periods as a recession for monthly and quarterly data. The Federal Reserve Bank of St. Louis uses this method in its own publications. The midpoint method is used for this series.

The second interpretation, known as the trough method, is to show a recession from the period following the peak through the trough (i.e. the peak is not included in the recession shading, but the trough is). For daily data, the recession begins on the first day of the first month following the peak and ends on the last day of the month of the trough. Daily data is a disaggregation of monthly data. The trough method is used when displaying data on FRED graphs. A version of this time series represented using the trough method can be found at:

https://fred.stlouisfed.org/series/IDNRECD

The third interpretation, known as the peak method, is to show a recession from the period of the peak to the trough (i.e. the peak is included in the recession shading, but the trough is not). For daily data, the recession begins on the first day of the month of the peak and ends on the last day of the month preceding the trough. Daily data is a disaggregation of monthly data. A version of this time series represented using the peak method can be found at:

https://fred.stlouisfed.org/series/IDNRECDP

The OECD CLI system is based on the ""growth cycle"" approach, where business cycles and turning points are measured and identified in the deviation-from-trend series. The main reference series used in the OECD CLI system for the majority of countries is industrial production (IIP) covering all industry sectors excluding construction. This series is used because of its cyclical sensitivity and monthly availability, while the broad based Gross Domestic Product (GDP) is used to supplement the IIP series for identification of the final reference turning points in the growth cycle.

Zones aggregates of the CLIs and the reference series are calculated as weighted averages of the corresponding zone member series (i.e. CLIs and IIPs).

Up to December 2008 the turning points chronologies shown for regional/zone area aggregates or individual countries are determined by the rules established by the National Bureau of Economic Research (NBER) in the United States, which have been formalized and incorporated in a computer routine (Bry and Boschan) and included in the Phase-Average Trend (PAT) de-trending procedure. Starting from December 2008 the turning point detection algorithm is decoupled from the de-trending procedure, and is a simplified version of the original Bry and Boschan routine. (The routine parses local minima and maxima in the cycle series and applies censor rules to guarantee alternating peaks and troughs, as well as phase and cycle length constraints.)

The components of the CLI are time series which exhibit leading relationship with the reference series (IIP) at turning points. Country CLIs are compiled by combining de-trended smoothed and normalized components. The component series for each country are selected based on various criteria such as economic significance; cyclical behavior; data quality; timeliness and availability.

OECD data should be cited as follows: OECD Composite Leading Indicators, ""Composite Leading Indicators: Reference Turning Points and Component Series"", http://www.oecd.org/std/leading-indicators/oecdcompositeleadingindicatorsreferenceturningpointsandcomponentseries.htm (Accessed on date)"
indonesia,Indonesia industrial production,IDNRECD,OECD based Recession Indicators for Indonesia from the Period following the Peak through the Trough (DISCONTINUED),"Daily, 7-Day",+1 or 0,Not Seasonally Adjusted,1990-02-01,2022-05-31,1,"This time series is an interpretation of Organisation of Economic Development (OECD) Composite Leading Indicators: Reference Turning Points and Component Series data, which can be found at http://www.oecd.org/std/leading-indicators/oecdcompositeleadingindicatorsreferenceturningpointsandcomponentseries.htm. The OECD identifies months of turning points without designating a date within the month that turning points occurred. The dummy variable adopts an arbitrary convention that the turning point occurred at a specific date within the month. The arbitrary convention does not reflect any judgment on this issue by the OECD. Our time series is composed of dummy variables that represent periods of expansion and recession. A value of 1 is a recessionary period, while a value of 0 is an expansionary period. For this time series, the recession begins the first day of the period following a peak and ends on the last day of the period of the trough. For more options on recession shading, see the notes and links below.

The recession shading data that we provide initially comes from the source as a list of dates that are either an economic peak or trough. We interpret dates into recession shading data using one of three arbitrary methods. All of our recession shading data is available using all three interpretations. The period between a peak and trough is always shaded as a recession. The peak and trough are collectively extrema. Depending on the application, the extrema, both individually and collectively, may be included in the recession period in whole or in part. In situations where a portion of a period is included in the recession, the whole period is deemed to be included in the recession period.

The first interpretation, known as the midpoint method, is to show a recession from the midpoint of the peak through the midpoint of the trough for monthly and quarterly data. For daily data, the recession begins on the 15th of the month of the peak and ends on the 15th of the month of the trough. Daily data is a disaggregation of monthly data. For monthly and quarterly data, the entire peak and trough periods are included in the recession shading. This method shows the maximum number of periods as a recession for monthly and quarterly data. The Federal Reserve Bank of St. Louis uses this method in its own publications. A version of this time series represented using the midpoint method can be found at:

https://fred.stlouisfed.org/series/IDNRECDM

The second interpretation, known as the trough method, is to show a recession from the period following the peak through the trough (i.e. the peak is not included in the recession shading, but the trough is). For daily data, the recession begins on the first day of the first month following the peak and ends on the last day of the month of the trough. Daily data is a disaggregation of monthly data. The trough method is used when displaying data on FRED graphs. The trough method is used for this series.

The third interpretation, known as the peak method, is to show a recession from the period of the peak to the trough (i.e. the peak is included in the recession shading, but the trough is not). For daily data, the recession begins on the first day of the month of the peak and ends on the last day of the month preceding the trough. Daily data is a disaggregation of monthly data. A version of this time series represented using the peak method can be found at:

https://fred.stlouisfed.org/series/IDNRECDP

The OECD CLI system is based on the ""growth cycle"" approach, where business cycles and turning points are measured and identified in the deviation-from-trend series. The main reference series used in the OECD CLI system for the majority of countries is industrial production (IIP) covering all industry sectors excluding construction. This series is used because of its cyclical sensitivity and monthly availability, while the broad based Gross Domestic Product (GDP) is used to supplement the IIP series for identification of the final reference turning points in the growth cycle.

Zones aggregates of the CLIs and the reference series are calculated as weighted averages of the corresponding zone member series (i.e. CLIs and IIPs).

Up to December 2008 the turning points chronologies shown for regional/zone area aggregates or individual countries are determined by the rules established by the National Bureau of Economic Research (NBER) in the United States, which have been formalized and incorporated in a computer routine (Bry and Boschan) and included in the Phase-Average Trend (PAT) de-trending procedure. Starting from December 2008 the turning point detection algorithm is decoupled from the de-trending procedure, and is a simplified version of the original Bry and Boschan routine. (The routine parses local minima and maxima in the cycle series and applies censor rules to guarantee alternating peaks and troughs, as well as phase and cycle length constraints.)

The components of the CLI are time series which exhibit leading relationship with the reference series (IIP) at turning points. Country CLIs are compiled by combining de-trended smoothed and normalized components. The component series for each country are selected based on various criteria such as economic significance; cyclical behavior; data quality; timeliness and availability.

OECD data should be cited as follows: OECD Composite Leading Indicators, ""Composite Leading Indicators: Reference Turning Points and Component Series"", http://www.oecd.org/std/leading-indicators/oecdcompositeleadingindicatorsreferenceturningpointsandcomponentseries.htm (Accessed on date)"
indonesia,Indonesia industrial production,IDNREC,OECD based Recession Indicators for Indonesia from the Period following the Peak through the Trough (DISCONTINUED),Monthly,+1 or 0,Not Seasonally Adjusted,1990-02-01,2022-05-01,1,"This time series is an interpretation of Organisation of Economic Development (OECD) Composite Leading Indicators: Reference Turning Points and Component Series data provided by the OECD at http://www.oecd.org/std/leading-indicators/oecdcompositeleadingindicatorsreferenceturningpointsandcomponentseries.htm. The OECD identifies months of turning points without designating a date within the month that turning points occurred. The dummy variable adopts an arbitrary convention that the turning point occurred at a specific date within the month. The arbitrary convention does not reflect any judgment on this issue by the OECD. Our time series is composed of dummy variables that represent periods of expansion and recession. A value of 1 is a recessionary period, while a value of 0 is an expansionary period. For this time series, the recession begins the first day of the period following a peak and ends on the last day of the period of the trough. For more options on recession shading, see the notes and links below.

The recession shading data that we provide initially comes from the source as a list of dates that are either an economic peak or trough. We interpret dates into recession shading data using one of three arbitrary methods. All of our recession shading data is available using all three interpretations. The period between a peak and trough is always shaded as a recession. The peak and trough are collectively extrema. Depending on the application, the extrema, both individually and collectively, may be included in the recession period in whole or in part. In situations where a portion of a period is included in the recession, the whole period is deemed to be included in the recession period.

The first interpretation, known as the midpoint method, is to show a recession from the midpoint of the peak through the midpoint of the trough for monthly and quarterly data. For daily data, the recession begins on the 15th of the month of the peak and ends on the 15th of the month of the trough. Daily data is a disaggregation of monthly data. For monthly and quarterly data, the entire peak and trough periods are included in the recession shading. This method shows the maximum number of periods as a recession for monthly and quarterly data. The Federal Reserve Bank of St. Louis uses this method in its own publications. A version of this time series represented using the midpoint method can be found at:

https://fred.stlouisfed.org/series/IDNRECM

The second interpretation, known as the trough method, is to show a recession from the period following the peak through the trough (i.e. the peak is not included in the recession shading, but the trough is). For daily data, the recession begins on the first day of the first month following the peak and ends on the last day of the month of the trough. Daily data is a disaggregation of monthly data. The trough method is used when displaying data on FRED graphs. The trough method is used for this series.

The third interpretation, known as the peak method, is to show a recession from the period of the peak to the trough (i.e. the peak is included in the recession shading, but the trough is not). For daily data, the recession begins on the first day of the month of the peak and ends on the last day of the month preceding the trough. Daily data is a disaggregation of monthly data. A version of this time series represented using the peak method can be found at:

https://fred.stlouisfed.org/series/IDNRECP

The OECD CLI system is based on the ""growth cycle"" approach, where business cycles and turning points are measured and identified in the deviation-from-trend series. The main reference series used in the OECD CLI system for the majority of countries is industrial production (IIP) covering all industry sectors excluding construction. This series is used because of its cyclical sensitivity and monthly availability, while the broad based Gross Domestic Product (GDP) is used to supplement the IIP series for identification of the final reference turning points in the growth cycle.

Zones aggregates of the CLIs and the reference series are calculated as weighted averages of the corresponding zone member series (i.e. CLIs and IIPs).

Up to December 2008 the turning points chronologies shown for regional/zone area aggregates or individual countries are determined by the rules established by the National Bureau of Economic Research (NBER) in the United States, which have been formalized and incorporated in a computer routine (Bry and Boschan) and included in the Phase-Average Trend (PAT) de-trending procedure. Starting from December 2008 the turning point detection algorithm is decoupled from the de-trending procedure, and is a simplified version of the original Bry and Boschan routine. (The routine parses local minima and maxima in the cycle series and applies censor rules to guarantee alternating peaks and troughs, as well as phase and cycle length constraints.)

The components of the CLI are time series which exhibit leading relationship with the reference series (IIP) at turning points. Country CLIs are compiled by combining de-trended smoothed and normalized components. The component series for each country are selected based on various criteria such as economic significance; cyclical behavior; data quality; timeliness and availability.

OECD data should be cited as follows: OECD Composite Leading Indicators, ""Composite Leading Indicators: Reference Turning Points and Component Series"", http://www.oecd.org/std/leading-indicators/oecdcompositeleadingindicatorsreferenceturningpointsandcomponentseries.htm (Accessed on date)"
indonesia,Indonesia industrial production,MAJOR5ASIARECDP,OECD based Recession Indicators for Major 5 Asia from the Peak through the Period preceding the Trough (DISCONTINUED),"Daily, 7-Day",+1 or 0,Not Seasonally Adjusted,1978-01-01,2022-08-31,1,"This time series is an interpretation of Organisation of Economic Development (OECD) Composite Leading Indicators: Reference Turning Points and Component Series data, which can be found at http://www.oecd.org/std/leading-indicators/oecdcompositeleadingindicatorsreferenceturningpointsandcomponentseries.htm. The OECD identifies months of turning points without designating a date within the month that turning points occurred. The dummy variable adopts an arbitrary convention that the turning point occurred at a specific date within the month. The arbitrary convention does not reflect any judgment on this issue by the OECD. Our time series is composed of dummy variables that represent periods of expansion and recession. A value of 1 is a recessionary period, while a value of 0 is an expansionary period. For this time series, the recession begins the first day of the period of the peak and ends on the last day of the period before the trough. For more options on recession shading, see the notes and links below.

The recession shading data that we provide initially comes from the source as a list of dates that are either an economic peak or trough. We interpret dates into recession shading data using one of three arbitrary methods. All of our recession shading data is available using all three interpretations. The period between a peak and trough is always shaded as a recession. The peak and trough are collectively extrema. Depending on the application, the extrema, both individually and collectively, may be included in the recession period in whole or in part. In situations where a portion of a period is included in the recession, the whole period is deemed to be included in the recession period.

The first interpretation, known as the midpoint method, is to show a recession from the midpoint of the peak through the midpoint of the trough for monthly and quarterly data. For daily data, the recession begins on the 15th of the month of the peak and ends on the 15th of the month of the trough. Daily data is a disaggregation of monthly data. For monthly and quarterly data, the entire peak and trough periods are included in the recession shading. This method shows the maximum number of periods as a recession for monthly and quarterly data. The Federal Reserve Bank of St. Louis uses this method in its own publications. A version of this time series represented using the midpoint method can be found at:

https://fred.stlouisfed.org/series/MAJOR5ASIARECDM

The second interpretation, known as the trough method, is to show a recession from the period following the peak through the trough (i.e. the peak is not included in the recession shading, but the trough is). For daily data, the recession begins on the first day of the first month following the peak and ends on the last day of the month of the trough. Daily data is a disaggregation of monthly data. The trough method is used when displaying data on FRED graphs. A version of this time series represented using the trough method can be found at:

https://fred.stlouisfed.org/series/MAJOR5ASIARECD

The third interpretation, known as the peak method, is to show a recession from the period of the peak to the trough (i.e. the peak is included in the recession shading, but the trough is not). For daily data, the recession begins on the first day of the month of the peak and ends on the last day of the month preceding the trough. Daily data is a disaggregation of monthly data. The peak method is used for this series.

The OECD CLI system is based on the ""growth cycle"" approach, where business cycles and turning points are measured and identified in the deviation-from-trend series. The main reference series used in the OECD CLI system for the majority of countries is industrial production (IIP) covering all industry sectors excluding construction. This series is used because of its cyclical sensitivity and monthly availability, while the broad based Gross Domestic Product (GDP) is used to supplement the IIP series for identification of the final reference turning points in the growth cycle.

Zones aggregates of the CLIs and the reference series are calculated as weighted averages of the corresponding zone member series (i.e. CLIs and IIPs).

Up to December 2008 the turning points chronologies shown for regional/zone area aggregates or individual countries are determined by the rules established by the National Bureau of Economic Research (NBER) in the United States, which have been formalized and incorporated in a computer routine (Bry and Boschan) and included in the Phase-Average Trend (PAT) de-trending procedure. Starting from December 2008 the turning point detection algorithm is decoupled from the de-trending procedure, and is a simplified version of the original Bry and Boschan routine. (The routine parses local minima and maxima in the cycle series and applies censor rules to guarantee alternating peaks and troughs, as well as phase and cycle length constraints.)

The components of the CLI are time series which exhibit leading relationship with the reference series (IIP) at turning points. Country CLIs are compiled by combining de-trended smoothed and normalized components. The component series for each country are selected based on various criteria such as economic significance; cyclical behavior; data quality; timeliness and availability.

The Major 5 Asia countries are: China, India, Indonesia, Japan and Korea.

OECD data should be cited as follows: OECD Composite Leading Indicators, ""Composite Leading Indicators: Reference Turning Points and Component Series"", http://www.oecd.org/std/leading-indicators/oecdcompositeleadingindicatorsreferenceturningpointsandcomponentseries.htm (Accessed on date)"
indonesia,Indonesia industrial production,MAJOR5ASIARECP,OECD based Recession Indicators for Major 5 Asia from the Peak through the Period preceding the Trough (DISCONTINUED),Monthly,+1 or 0,Not Seasonally Adjusted,1978-01-01,2022-08-01,1,"This time series is an interpretation of Organisation of Economic Development (OECD) Composite Leading Indicators: Reference Turning Points and Component Series data, which can be found at http://www.oecd.org/std/leading-indicators/oecdcompositeleadingindicatorsreferenceturningpointsandcomponentseries.htm. The OECD identifies months of turning points without designating a date within the month that turning points occurred. The dummy variable adopts an arbitrary convention that the turning point occurred at a specific date within the month. The arbitrary convention does not reflect any judgment on this issue by the OECD. Our time series is composed of dummy variables that represent periods of expansion and recession. A value of 1 is a recessionary period, while a value of 0 is an expansionary period. For this time series, the recession begins the first day of the period of the peak and ends on the last day of the period before the trough. For more options on recession shading, see the notes and links below.

The recession shading data that we provide initially comes from the source as a list of dates that are either an economic peak or trough. We interpret dates into recession shading data using one of three arbitrary methods. All of our recession shading data is available using all three interpretations. The period between a peak and trough is always shaded as a recession. The peak and trough are collectively extrema. Depending on the application, the extrema, both individually and collectively, may be included in the recession period in whole or in part. In situations where a portion of a period is included in the recession, the whole period is deemed to be included in the recession period.

The first interpretation, known as the midpoint method, is to show a recession from the midpoint of the peak through the midpoint of the trough for monthly and quarterly data. For daily data, the recession begins on the 15th of the month of the peak and ends on the 15th of the month of the trough. Daily data is a disaggregation of monthly data. For monthly and quarterly data, the entire peak and trough periods are included in the recession shading. This method shows the maximum number of periods as a recession for monthly and quarterly data. The Federal Reserve Bank of St. Louis uses this method in its own publications. A version of this time series represented using the midpoint method can be found at:

https://fred.stlouisfed.org/series/MAJOR5ASIARECM

The second interpretation, known as the trough method, is to show a recession from the period following the peak through the trough (i.e. the peak is not included in the recession shading, but the trough is). For daily data, the recession begins on the first day of the first month following the peak and ends on the last day of the month of the trough. Daily data is a disaggregation of monthly data. The trough method is used when displaying data on FRED graphs. A version of this time series represented using the trough method can be found at:

https://fred.stlouisfed.org/series/MAJOR5ASIAREC

The third interpretation, known as the peak method, is to show a recession from the period of the peak to the trough (i.e. the peak is included in the recession shading, but the trough is not). For daily data, the recession begins on the first day of the month of the peak and ends on the last day of the month preceding the trough. Daily data is a disaggregation of monthly data. The peak method is used for this series.

The OECD CLI system is based on the ""growth cycle"" approach, where business cycles and turning points are measured and identified in the deviation-from-trend series. The main reference series used in the OECD CLI system for the majority of countries is industrial production (IIP) covering all industry sectors excluding construction. This series is used because of its cyclical sensitivity and monthly availability, while the broad based Gross Domestic Product (GDP) is used to supplement the IIP series for identification of the final reference turning points in the growth cycle.

Zones aggregates of the CLIs and the reference series are calculated as weighted averages of the corresponding zone member series (i.e. CLIs and IIPs).

Up to December 2008 the turning points chronologies shown for regional/zone area aggregates or individual countries are determined by the rules established by the National Bureau of Economic Research (NBER) in the United States, which have been formalized and incorporated in a computer routine (Bry and Boschan) and included in the Phase-Average Trend (PAT) de-trending procedure. Starting from December 2008 the turning point detection algorithm is decoupled from the de-trending procedure, and is a simplified version of the original Bry and Boschan routine. (The routine parses local minima and maxima in the cycle series and applies censor rules to guarantee alternating peaks and troughs, as well as phase and cycle length constraints.)

The components of the CLI are time series which exhibit leading relationship with the reference series (IIP) at turning points. Country CLIs are compiled by combining de-trended smoothed and normalized components. The component series for each country are selected based on various criteria such as economic significance; cyclical behavior; data quality; timeliness and availability.

The Major 5 Asia countries are: China, India, Indonesia, Japan and Korea.

OECD data should be cited as follows: OECD Composite Leading Indicators, ""Composite Leading Indicators: Reference Turning Points and Component Series"", http://www.oecd.org/std/leading-indicators/oecdcompositeleadingindicatorsreferenceturningpointsandcomponentseries.htm (Accessed on date)"
indonesia,Indonesia industrial production,OECDNMERECDP,OECD based Recession Indicators for OECD and Non-member Economies from the Peak through the Period preceding the Trough (DISCONTINUED),"Daily, 7-Day",+1 or 0,Not Seasonally Adjusted,1960-02-01,2022-02-28,1,"This time series is an interpretation of Organisation of Economic Development (OECD) Composite Leading Indicators: Reference Turning Points and Component Series data, which can be found at http://www.oecd.org/std/leading-indicators/oecdcompositeleadingindicatorsreferenceturningpointsandcomponentseries.htm. The OECD identifies months of turning points without designating a date within the month that turning points occurred. The dummy variable adopts an arbitrary convention that the turning point occurred at a specific date within the month. The arbitrary convention does not reflect any judgment on this issue by the OECD. Our time series is composed of dummy variables that represent periods of expansion and recession. A value of 1 is a recessionary period, while a value of 0 is an expansionary period. For this time series, the recession begins the first day of the period of the peak and ends on the last day of the period before the trough. For more options on recession shading, see the notes and links below.

The recession shading data that we provide initially comes from the source as a list of dates that are either an economic peak or trough. We interpret dates into recession shading data using one of three arbitrary methods. All of our recession shading data is available using all three interpretations. The period between a peak and trough is always shaded as a recession. The peak and trough are collectively extrema. Depending on the application, the extrema, both individually and collectively, may be included in the recession period in whole or in part. In situations where a portion of a period is included in the recession, the whole period is deemed to be included in the recession period.

The first interpretation, known as the midpoint method, is to show a recession from the midpoint of the peak through the midpoint of the trough for monthly and quarterly data. For daily data, the recession begins on the 15th of the month of the peak and ends on the 15th of the month of the trough. Daily data is a disaggregation of monthly data. For monthly and quarterly data, the entire peak and trough periods are included in the recession shading. This method shows the maximum number of periods as a recession for monthly and quarterly data. The Federal Reserve Bank of St. Louis uses this method in its own publications. A version of this time series represented using the midpoint method can be found at:

https://fred.stlouisfed.org/series/OECDNMERECDM

The second interpretation, known as the trough method, is to show a recession from the period following the peak through the trough (i.e. the peak is not included in the recession shading, but the trough is). For daily data, the recession begins on the first day of the first month following the peak and ends on the last day of the month of the trough. Daily data is a disaggregation of monthly data. The trough method is used when displaying data on FRED graphs. A version of this time series represented using the trough method can be found at:

https://fred.stlouisfed.org/series/OECDNMERECD

The third interpretation, known as the peak method, is to show a recession from the period of the peak to the trough (i.e. the peak is included in the recession shading, but the trough is not). For daily data, the recession begins on the first day of the month of the peak and ends on the last day of the month preceding the trough. Daily data is a disaggregation of monthly data. The peak method is used for this series.

The OECD CLI system is based on the ""growth cycle"" approach, where business cycles and turning points are measured and identified in the deviation-from-trend series. The main reference series used in the OECD CLI system for the majority of countries is industrial production (IIP) covering all industry sectors excluding construction. This series is used because of its cyclical sensitivity and monthly availability, while the broad based Gross Domestic Product (GDP) is used to supplement the IIP series for identification of the final reference turning points in the growth cycle.

Zones aggregates of the CLIs and the reference series are calculated as weighted averages of the corresponding zone member series (i.e. CLIs and IIPs).

Up to December 2008 the turning points chronologies shown for regional/zone area aggregates or individual countries are determined by the rules established by the National Bureau of Economic Research (NBER) in the United States, which have been formalized and incorporated in a computer routine (Bry and Boschan) and included in the Phase-Average Trend (PAT) de-trending procedure. Starting from December 2008 the turning point detection algorithm is decoupled from the de-trending procedure, and is a simplified version of the original Bry and Boschan routine. (The routine parses local minima and maxima in the cycle series and applies censor rules to guarantee alternating peaks and troughs, as well as phase and cycle length constraints.)

The components of the CLI are time series which exhibit leading relationship with the reference series (IIP) at turning points. Country CLIs are compiled by combining de-trended smoothed and normalized components. The component series for each country are selected based on various criteria such as economic significance; cyclical behavior; data quality; timeliness and availability.

The OECD and Non-member economies covers the following 35 countries: Australia, Austria, Belgium, Brazil, Canada, China, Czech Republic, Denmark, Finland, France, Germany, Greece, Hungary, India, Indonesia, Ireland, Italy, Japan, Korea, Luxembourg, Mexico, Netherlands, New Zealand, Norway, Poland, Portugal, Russian Federation, Slovak Republic, Spain, South Africa, Sweden, Switzerland, Turkey, United Kingdom and United States.

OECD data should be cited as follows: OECD Composite Leading Indicators, ""Composite Leading Indicators: Reference Turning Points and Component Series"", http://www.oecd.org/std/leading-indicators/oecdcompositeleadingindicatorsreferenceturningpointsandcomponentseries.htm (Accessed on date)"
indonesia,Indonesia money supply,MYAGM2IDM189N,M2 for Indonesia,Monthly,National Currency,Not Seasonally Adjusted,1995-01-01,2017-04-01,14,"M2 comprises M1, quasi-money, and securities issued by other depository corporations held by other financial corporations, state and local governments, public nonfinancial corporations, and the private sector. Quasi-money comprises time, savings, and foreign-currency deposits that other financial corporations, state and local governments, public nonfinancial corporations, and the private sector hold in the BI and other depository corporations.

Copyright © 2016, International Monetary Fund. Reprinted with permission. Complete terms of use and contact details are available at http://www.imf.org/external/terms.htm."
indonesia,Indonesia money supply,MABMM301IDM657S,Monetary Aggregates and Their Components: Broad Money and Components: M3 for Indonesia,Monthly,Growth rate previous period,Seasonally Adjusted,1990-03-01,2018-12-01,4,"OECD Data Filters: 
REF_AREA: IDN
MEASURE: MABM
UNIT_MEASURE: GR
ACTIVITY: _Z
ADJUSTMENT: Y
TRANSFORMATION: G1
FREQ: M

All OECD data should be cited as follows: OECD (year), (dataset name), (data source) DOI or https://data-explorer.oecd.org/ (https://data-explorer.oecd.org/). (accessed on (date))."
indonesia,Indonesia money supply,MABMM301IDM189S,Monetary Aggregates and Their Components: Broad Money and Components: M3 for Indonesia,Monthly,Rupiah,Seasonally Adjusted,1990-01-01,2018-12-01,3,"OECD Data Filters: 
REF_AREA: IDN
MEASURE: MABM
UNIT_MEASURE: IX
ACTIVITY: _Z
ADJUSTMENT: Y
TRANSFORMATION: _Z
FREQ: M

All OECD data should be cited as follows: OECD (year), (dataset name), (data source) DOI or https://data-explorer.oecd.org/ (https://data-explorer.oecd.org/). (accessed on (date))."
indonesia,Indonesia money supply,IDNMABMM301GYSAM,Monetary Aggregates and Their Components: Broad Money and Components: M3 for Indonesia,Monthly,Growth rate same period previous year,Seasonally Adjusted,1991-02-01,2018-12-01,3,"OECD Data Filters: 
REF_AREA: IDN
MEASURE: MABM
UNIT_MEASURE: GR
ACTIVITY: _Z
ADJUSTMENT: Y
TRANSFORMATION: GY
FREQ: M

All OECD data should be cited as follows: OECD (year), (dataset name), (data source) DOI or https://data-explorer.oecd.org/ (https://data-explorer.oecd.org/). (accessed on (date))."
indonesia,Indonesia money supply,MANMM101IDM189N,Monetary Aggregates and Their Components: Narrow Money and Components: M1 and Components: M1 for Indonesia,Monthly,Rupiah,Not Seasonally Adjusted,1990-01-01,2023-11-01,3,"OECD Descriptor ID: MANMM101
OECD unit ID: IDR
OECD country ID: IDN

All OECD data should be cited as follows: OECD, ""Main Economic Indicators - complete database"", Main Economic Indicators (database), https://dx.doi.org/10.1787/data-00052-en (Accessed on date) Copyright, 2016, OECD. Reprinted with permission"
indonesia,Indonesia money supply,IDNMABMM301GYSAQ,Monetary Aggregates and Their Components: Broad Money and Components: M3 for Indonesia,Quarterly,Growth rate same period previous year,Seasonally Adjusted,1991-04-01,2018-10-01,2,"OECD Data Filters: 
REF_AREA: IDN
MEASURE: MABM
UNIT_MEASURE: GR
ACTIVITY: _Z
ADJUSTMENT: Y
TRANSFORMATION: GY
FREQ: Q

All OECD data should be cited as follows: OECD (year), (dataset name), (data source) DOI or https://data-explorer.oecd.org/ (https://data-explorer.oecd.org/). (accessed on (date))."
indonesia,Indonesia money supply,MANMM101IDM189S,Monetary Aggregates and Their Components: Narrow Money and Components: M1 and Components: M1 for Indonesia,Monthly,Rupiah,Seasonally Adjusted,1990-01-01,2018-12-01,2,"OECD Data Filters: 
REF_AREA: IDN
MEASURE: MANM
UNIT_MEASURE: IX
ACTIVITY: _Z
ADJUSTMENT: Y
TRANSFORMATION: _Z
FREQ: M

All OECD data should be cited as follows: OECD (year), (dataset name), (data source) DOI or https://data-explorer.oecd.org/ (https://data-explorer.oecd.org/). (accessed on (date))."
indonesia,Indonesia money supply,MABMM301IDQ657S,Monetary Aggregates and Their Components: Broad Money and Components: M3 for Indonesia,Quarterly,Growth rate previous period,Seasonally Adjusted,1990-07-01,2018-10-01,1,"OECD Data Filters: 
REF_AREA: IDN
MEASURE: MABM
UNIT_MEASURE: GR
ACTIVITY: _Z
ADJUSTMENT: Y
TRANSFORMATION: G1
FREQ: Q

All OECD data should be cited as follows: OECD (year), (dataset name), (data source) DOI or https://data-explorer.oecd.org/ (https://data-explorer.oecd.org/). (accessed on (date))."
indonesia,Indonesia money supply,MABMM301IDA189S,Monetary Aggregates and Their Components: Broad Money and Components: M3 for Indonesia,Annual,Rupiah,Seasonally Adjusted,1990-01-01,2022-01-01,1,"OECD Data Filters: 
REF_AREA: IDN
MEASURE: MABM
UNIT_MEASURE: IX
ACTIVITY: _Z
ADJUSTMENT: Y
TRANSFORMATION: _Z
FREQ: A

All OECD data should be cited as follows: OECD (year), (dataset name), (data source) DOI or https://data-explorer.oecd.org/ (https://data-explorer.oecd.org/). (accessed on (date))."
indonesia,Indonesia money supply,MABMM301IDQ189S,Monetary Aggregates and Their Components: Broad Money and Components: M3 for Indonesia,Quarterly,Rupiah,Seasonally Adjusted,1990-01-01,2018-10-01,1,"OECD Data Filters: 
REF_AREA: IDN
MEASURE: MABM
UNIT_MEASURE: IX
ACTIVITY: _Z
ADJUSTMENT: Y
TRANSFORMATION: _Z
FREQ: Q

All OECD data should be cited as follows: OECD (year), (dataset name), (data source) DOI or https://data-explorer.oecd.org/ (https://data-explorer.oecd.org/). (accessed on (date))."
indonesia,Indonesia money supply,MABMM301IDA657S,Monetary Aggregates and Their Components: Broad Money and Components: M3 for Indonesia,Annual,Growth rate previous period,Seasonally Adjusted,1992-01-01,2018-01-01,1,"OECD Data Filters: 
REF_AREA: IDN
MEASURE: MABM
UNIT_MEASURE: GR
ACTIVITY: _Z
ADJUSTMENT: Y
TRANSFORMATION: G1
FREQ: A

All OECD data should be cited as follows: OECD (year), (dataset name), (data source) DOI or https://data-explorer.oecd.org/ (https://data-explorer.oecd.org/). (accessed on (date))."
indonesia,Indonesia money supply,IDNMABMM301IXOBSAQ,Monetary Aggregates and Their Components: Broad Money and Components: M3 for Indonesia,Quarterly,Index 2015=100,Seasonally Adjusted,1990-04-01,2018-10-01,1,"OECD Descriptor ID: MABMM301
OECD unit ID: IDX
OECD country ID: IDN

All OECD data should be cited as follows: OECD, ""Main Economic Indicators - complete database"", Main Economic Indicators (database), https://dx.doi.org/10.1787/data-00052-en (Accessed on date) Copyright, 2016, OECD. Reprinted with permission"
indonesia,Indonesia money supply,IDNMABMM301IXOBSAM,Monetary Aggregates and Their Components: Broad Money and Components: M3 for Indonesia,Monthly,Index 2015=100,Seasonally Adjusted,1990-02-01,2018-12-01,1,"OECD Descriptor ID: MABMM301
OECD unit ID: IDX
OECD country ID: IDN

All OECD data should be cited as follows: OECD, ""Main Economic Indicators - complete database"", Main Economic Indicators (database), https://dx.doi.org/10.1787/data-00052-en (Accessed on date) Copyright, 2016, OECD. Reprinted with permission"
indonesia,Indonesia money supply,MANMM101IDA189S,Monetary Aggregates and Their Components: Narrow Money and Components: M1 and Components: M1 for Indonesia,Annual,Rupiah,Seasonally Adjusted,1990-01-01,2022-01-01,1,"OECD Data Filters: 
REF_AREA: IDN
MEASURE: MANM
UNIT_MEASURE: IX
ACTIVITY: _Z
ADJUSTMENT: Y
TRANSFORMATION: _Z
FREQ: A

All OECD data should be cited as follows: OECD (year), (dataset name), (data source) DOI or https://data-explorer.oecd.org/ (https://data-explorer.oecd.org/). (accessed on (date))."
indonesia,Indonesia money supply,MANMM101IDQ189S,Monetary Aggregates and Their Components: Narrow Money and Components: M1 and Components: M1 for Indonesia,Quarterly,Rupiah,Seasonally Adjusted,1990-01-01,2018-10-01,1,"OECD Data Filters: 
REF_AREA: IDN
MEASURE: MANM
UNIT_MEASURE: IX
ACTIVITY: _Z
ADJUSTMENT: Y
TRANSFORMATION: _Z
FREQ: Q

All OECD data should be cited as follows: OECD (year), (dataset name), (data source) DOI or https://data-explorer.oecd.org/ (https://data-explorer.oecd.org/). (accessed on (date))."
indonesia,Indonesia money supply,MANMM101IDQ189N,Monetary Aggregates and Their Components: Narrow Money and Components: M1 and Components: M1 for Indonesia,Quarterly,Rupiah,Not Seasonally Adjusted,1990-01-01,2023-07-01,1,"OECD Descriptor ID: MANMM101
OECD unit ID: IDR
OECD country ID: IDN

All OECD data should be cited as follows: OECD, ""Main Economic Indicators - complete database"", Main Economic Indicators (database), https://dx.doi.org/10.1787/data-00052-en (Accessed on date) Copyright, 2016, OECD. Reprinted with permission"
indonesia,Indonesia money supply,MANMM101IDM657S,Monetary Aggregates and Their Components: Narrow Money and Components: M1 and Components: M1 for Indonesia,Monthly,Growth rate previous period,Seasonally Adjusted,1990-03-01,2018-12-01,1,"OECD Data Filters: 
REF_AREA: IDN
MEASURE: MANM
UNIT_MEASURE: GR
ACTIVITY: _Z
ADJUSTMENT: Y
TRANSFORMATION: G1
FREQ: M

All OECD data should be cited as follows: OECD (year), (dataset name), (data source) DOI or https://data-explorer.oecd.org/ (https://data-explorer.oecd.org/). (accessed on (date))."
indonesia,Indonesia money supply,MANMM101IDA657S,Monetary Aggregates and Their Components: Narrow Money and Components: M1 and Components: M1 for Indonesia,Annual,Growth rate previous period,Seasonally Adjusted,1992-01-01,2018-01-01,1,"OECD Data Filters: 
REF_AREA: IDN
MEASURE: MANM
UNIT_MEASURE: GR
ACTIVITY: _Z
ADJUSTMENT: Y
TRANSFORMATION: G1
FREQ: A

All OECD data should be cited as follows: OECD (year), (dataset name), (data source) DOI or https://data-explorer.oecd.org/ (https://data-explorer.oecd.org/). (accessed on (date))."
indonesia,Indonesia money supply,IDNMANMM101IXOBSAQ,Monetary Aggregates and Their Components: Narrow Money and Components: M1 and Components: M1 for Indonesia,Quarterly,Index 2015=100,Seasonally Adjusted,1990-04-01,2018-10-01,1,"OECD Descriptor ID: MANMM101
OECD unit ID: IDX
OECD country ID: IDN

All OECD data should be cited as follows: OECD, ""Main Economic Indicators - complete database"", Main Economic Indicators (database), https://dx.doi.org/10.1787/data-00052-en (Accessed on date) Copyright, 2016, OECD. Reprinted with permission"
indonesia,Indonesia money supply,MANMM101IDQ657S,Monetary Aggregates and Their Components: Narrow Money and Components: M1 and Components: M1 for Indonesia,Quarterly,Growth rate previous period,Seasonally Adjusted,1990-07-01,2018-10-01,1,"OECD Data Filters: 
REF_AREA: IDN
MEASURE: MANM
UNIT_MEASURE: GR
ACTIVITY: _Z
ADJUSTMENT: Y
TRANSFORMATION: G1
FREQ: Q

All OECD data should be cited as follows: OECD (year), (dataset name), (data source) DOI or https://data-explorer.oecd.org/ (https://data-explorer.oecd.org/). (accessed on (date))."
indonesia,Indonesia policy rate,IDNBCAGDPBP6PT,Balance of Payments: Total Net Current Account for Indonesia,Annual,Percent of GDP,Not Seasonally Adjusted,1990-01-01,2031-01-01,7,"Observations for the current and future years are projections.

The IMF provides these series as part of their Regional Economic Outlook (REO) reports. These reports discuss recent economic developments and prospects for countries in various regions. They also address economic policy developments that have affected economic performance in their regions and provide country-specific data and analysis.

For more information, please see the Regional Economic Outlook (https://www.imf.org/en/publications/reo) publications.

Copyright © 2016, International Monetary Fund. Reprinted with permission. Complete terms of use and contact details are available here (http://www.imf.org/external/terms.htm)."
indonesia,Indonesia policy rate,IDNPCPIPCPPPT,Prices: Consumer Price Index for Indonesia,Annual,Percent Change,Not Seasonally Adjusted,1990-01-01,2031-01-01,5,"Observations for the current and future years are projections.

The IMF provides these series as part of their Regional Economic Outlook (REO) reports. These reports discuss recent economic developments and prospects for countries in various regions. They also address economic policy developments that have affected economic performance in their regions and provide country-specific data and analysis.

For more information, please see the Regional Economic Outlook (https://www.imf.org/en/publications/reo) publications.

Copyright © 2016, International Monetary Fund. Reprinted with permission. Complete terms of use and contact details are available here (http://www.imf.org/external/terms.htm)."
indonesia,Indonesia policy rate,IDNBCABP6USD,Balance of Payments: Total Net Current Account for Indonesia,Annual,U.S. Dollars,Not Seasonally Adjusted,2016-01-01,2024-01-01,3,"Observations for the current and future years are projections.

The IMF provides these series as part of their Regional Economic Outlook (REO) reports. These reports discuss recent economic developments and prospects for countries in various regions. They also address economic policy developments that have affected economic performance in their regions and provide country-specific data and analysis.

For more information, please see the Regional Economic Outlook (https://www.imf.org/en/publications/reo) publications.

Copyright © 2016, International Monetary Fund. Reprinted with permission. Complete terms of use and contact details are available here (http://www.imf.org/external/terms.htm)."
indonesia,Indonesia policy rate,IDNNGDPRPCPPPT,National Accounts: Real Gross Domestic Product for Indonesia,Annual,Percent Change,Not Seasonally Adjusted,1990-01-01,2031-01-01,2,"Observations for the current and future years are projections.

The IMF provides these series as part of their Regional Economic Outlook (REO) reports. These reports discuss recent economic developments and prospects for countries in various regions. They also address economic policy developments that have affected economic performance in their regions and provide country-specific data and analysis.

For more information, please see the Regional Economic Outlook (https://www.imf.org/en/publications/reo) publications.

Copyright © 2016, International Monetary Fund. Reprinted with permission. Complete terms of use and contact details are available here (http://www.imf.org/external/terms.htm)."
indonesia,Indonesia policy rate,IDNNTDDRPCPPPT,National Accounts: Real Total Domestic Demand for Indonesia,Annual,Percent Change,Not Seasonally Adjusted,2016-01-01,2024-01-01,1,"Observations for the current and future years are projections.

The IMF provides these series as part of their Regional Economic Outlook (REO) reports. These reports discuss recent economic developments and prospects for countries in various regions. They also address economic policy developments that have affected economic performance in their regions and provide country-specific data and analysis.

For more information, please see the Regional Economic Outlook (https://www.imf.org/en/publications/reo) publications.

Copyright © 2016, International Monetary Fund. Reprinted with permission. Complete terms of use and contact details are available here (http://www.imf.org/external/terms.htm)."
indonesia,Indonesia policy rate,IDNTXRPCPPPT,External Trade: Volume of Exports of Goods and Services for Indonesia,Annual,Percent Change,Not Seasonally Adjusted,2016-01-01,2024-01-01,1,"Observations for the current and future years are projections.

The IMF provides these series as part of their Regional Economic Outlook (REO) reports. These reports discuss recent economic developments and prospects for countries in various regions. They also address economic policy developments that have affected economic performance in their regions and provide country-specific data and analysis.

For more information, please see the Regional Economic Outlook (https://www.imf.org/en/publications/reo) publications.

Copyright © 2016, International Monetary Fund. Reprinted with permission. Complete terms of use and contact details are available here (http://www.imf.org/external/terms.htm)."
indonesia,Indonesia policy rate,IDNTMRPCPPPT,External Trade: Volume of Imports of Goods and Services for Indonesia,Annual,Percent Change,Not Seasonally Adjusted,2016-01-01,2024-01-01,1,"Observations for the current and future years are projections.

The IMF provides these series as part of their Regional Economic Outlook (REO) reports. These reports discuss recent economic developments and prospects for countries in various regions. They also address economic policy developments that have affected economic performance in their regions and provide country-specific data and analysis.

For more information, please see the Regional Economic Outlook (https://www.imf.org/en/publications/reo) publications.

Copyright © 2016, International Monetary Fund. Reprinted with permission. Complete terms of use and contact details are available here (http://www.imf.org/external/terms.htm)."
indonesia,Indonesia policy rate,IDNNGDPDUSD,National Accounts: Gross Domestic Product for Indonesia,Annual,U.S. Dollars,Not Seasonally Adjusted,2016-01-01,2024-01-01,1,"Observations for the current and future years are projections.

The IMF provides these series as part of their Regional Economic Outlook (REO) reports. These reports discuss recent economic developments and prospects for countries in various regions. They also address economic policy developments that have affected economic performance in their regions and provide country-specific data and analysis.

For more information, please see the Regional Economic Outlook (https://www.imf.org/en/publications/reo) publications.

Copyright © 2016, International Monetary Fund. Reprinted with permission. Complete terms of use and contact details are available here (http://www.imf.org/external/terms.htm)."
indonesia,Indonesia policy rate,IDNGGXWDGG01GDPPT,Fiscal Situation of General Government: Gross Debt Position for Indonesia,Annual,Percent of Fiscal Year GDP,Not Seasonally Adjusted,2016-01-01,2024-01-01,1,"Observations for the current and future years are projections.

The IMF provides these series as part of their Regional Economic Outlook (REO) reports. These reports discuss recent economic developments and prospects for countries in various regions. They also address economic policy developments that have affected economic performance in their regions and provide country-specific data and analysis.

For more information, please see the Regional Economic Outlook (https://www.imf.org/en/publications/reo) publications.

Copyright © 2016, International Monetary Fund. Reprinted with permission. Complete terms of use and contact details are available here (http://www.imf.org/external/terms.htm)."
indonesia,Indonesia policy rate,IDNGGXCNLG01GDPPT,Fiscal Situation of General Government: Net Lending/borrowing for Indonesia,Annual,Percent of Fiscal Year GDP,Not Seasonally Adjusted,1993-01-01,2031-01-01,1,"Observations for the current and future years are projections.

The IMF provides these series as part of their Regional Economic Outlook (REO) reports. These reports discuss recent economic developments and prospects for countries in various regions. They also address economic policy developments that have affected economic performance in their regions and provide country-specific data and analysis.

For more information, please see the Regional Economic Outlook (https://www.imf.org/en/publications/reo) publications.

Copyright © 2016, International Monetary Fund. Reprinted with permission. Complete terms of use and contact details are available here (http://www.imf.org/external/terms.htm)."
japan,Japan CPI,FPCPITOTLZGJPN,"Inflation, consumer prices for Japan",Annual,Percent,Not Seasonally Adjusted,1960-01-01,2025-01-01,54,"Inflation as measured by the consumer price index reflects the annual percentage change in the cost to the average consumer of acquiring a basket of goods and services that may be fixed or changed at specified intervals, such as yearly. The Laspeyres formula is generally used.

International Monetary Fund, International Financial Statistics and data files."
japan,Japan CPI,JPNCPIALLMINMEI,"Consumer Price Indices (CPIs, HICPs), COICOP 1999: Consumer Price Index: Total for Japan",Monthly,Index 2015=100,Not Seasonally Adjusted,1955-01-01,2021-06-01,44,"OECD Data Filters: 
REF_AREA: JPN
MEASURE: CPI
UNIT_MEASURE: IX
METHODOLOGY: N
EXPENDITURE: _T
ADJUSTMENT: N
TRANSFORMATION: _Z
FREQ: M

All OECD data should be cited as follows: OECD (year), (dataset name), (data source) DOI or https://data-explorer.oecd.org/ (https://data-explorer.oecd.org/). (accessed on (date))."
japan,Japan CPI,CPALTT01JPM657N,Consumer Price Index: All Items: Total for Japan,Monthly,Growth rate previous period,Not Seasonally Adjusted,1955-02-01,2021-06-01,30,"OECD Descriptor ID: CPALTT01
OECD unit ID: PC
OECD country ID: JPN

All OECD data should be cited as follows: OECD, ""Main Economic Indicators - complete database"", Main Economic Indicators (database), https://dx.doi.org/10.1787/data-00052-en (Accessed on date) Copyright, 2016, OECD. Reprinted with permission"
japan,Japan CPI,JPNCPALTT01CTGYM,"Consumer Price Indices (CPIs, HICPs), COICOP 1999: Consumer Price Index: Total for Japan",Monthly,"Contribution to growth rate, over 1 year",Not Seasonally Adjusted,2011-01-01,2021-06-01,22,"OECD Data Filters: 
REF_AREA: JPN
MEASURE: CPI
UNIT_MEASURE: PD
METHODOLOGY: N
EXPENDITURE: _T
ADJUSTMENT: N
TRANSFORMATION: GOY
FREQ: M

All OECD data should be cited as follows: OECD (year), (dataset name), (data source) DOI or https://data-explorer.oecd.org/ (https://data-explorer.oecd.org/). (accessed on (date))."
japan,Japan CPI,CPALTT01JPM659N,"Consumer Price Indices (CPIs, HICPs), COICOP 1999: Consumer Price Index: Total for Japan",Monthly,Growth rate same period previous year,Not Seasonally Adjusted,1956-01-01,2021-06-01,13,"OECD Data Filters: 
REF_AREA: JPN
MEASURE: CPI
UNIT_MEASURE: PA
METHODOLOGY: N
EXPENDITURE: _T
ADJUSTMENT: N
TRANSFORMATION: GY
FREQ: M

All OECD data should be cited as follows: OECD (year), (dataset name), (data source) DOI or https://data-explorer.oecd.org/ (https://data-explorer.oecd.org/). (accessed on (date))."
japan,Japan CPI,CPALTT01JPM661S,"Consumer Price Indices (CPIs, HICPs), COICOP 1999: Consumer Price Index: Total for Japan",Monthly,Index 2015=100,Seasonally Adjusted,1985-01-01,2021-06-01,12,"OECD Data Filters: 
REF_AREA: JPN
MEASURE: CPI
UNIT_MEASURE: IX
METHODOLOGY: N
EXPENDITURE: _T
ADJUSTMENT: S
TRANSFORMATION: _Z
FREQ: M

All OECD data should be cited as follows: OECD (year), (dataset name), (data source) DOI or https://data-explorer.oecd.org/ (https://data-explorer.oecd.org/). (accessed on (date))."
japan,Japan CPI,JPNCPIALLQINMEI,"Consumer Price Indices (CPIs, HICPs), COICOP 1999: Consumer Price Index: Total for Japan",Quarterly,Index 2015=100,Not Seasonally Adjusted,1955-01-01,2021-04-01,12,"OECD Data Filters: 
REF_AREA: JPN
MEASURE: CPI
UNIT_MEASURE: IX
METHODOLOGY: N
EXPENDITURE: _T
ADJUSTMENT: N
TRANSFORMATION: _Z
FREQ: Q

All OECD data should be cited as follows: OECD (year), (dataset name), (data source) DOI or https://data-explorer.oecd.org/ (https://data-explorer.oecd.org/). (accessed on (date))."
japan,Japan CPI,CCRETT01JPM661N,Financial Market: Real Effective Exchange Rates: CPI Based for Japan,Monthly,Index 2015=100,Not Seasonally Adjusted,1970-01-01,2026-07-01,12,"OECD Data Filters: 
REF_AREA: JPN
MEASURE: CCRE
UNIT_MEASURE: IX
ACTIVITY: _Z
ADJUSTMENT: _Z
TRANSFORMATION: _Z
TIME_HORIZ: _Z
METHODOLOGY: N
FREQ: M

All OECD data should be cited as follows: OECD (year), (dataset name), (data source) DOI or https://data-explorer.oecd.org/ (https://data-explorer.oecd.org/). (accessed on (date))."
japan,Japan CPI,CPALTT01JPQ657N,Consumer Price Index: All Items: Total for Japan,Quarterly,Growth rate previous period,Not Seasonally Adjusted,1955-04-01,2021-04-01,12,"OECD Descriptor ID: CPALTT01
OECD unit ID: PC
OECD country ID: JPN

All OECD data should be cited as follows: OECD, ""Main Economic Indicators - complete database"", Main Economic Indicators (database), https://dx.doi.org/10.1787/data-00052-en (Accessed on date) Copyright, 2016, OECD. Reprinted with permission"
japan,Japan CPI,JPNCPALTT01IXNBM,Consumer Price Index: All Items: Total for Japan,Monthly,Index source base,Not Seasonally Adjusted,1960-01-01,2021-06-01,8,"OECD Descriptor ID: CPALTT01
OECD unit ID: IDX
OECD country ID: JPN

All OECD data should be cited as follows: OECD, ""Main Economic Indicators - complete database"", Main Economic Indicators (database), https://dx.doi.org/10.1787/data-00052-en (Accessed on date) Copyright, 2016, OECD. Reprinted with permission"
japan,Japan CPI,CCRETT01JPQ661N,Financial Market: Real Effective Exchange Rates: CPI Based for Japan,Quarterly,Index 2015=100,Not Seasonally Adjusted,1970-01-01,2026-04-01,6,"OECD Data Filters: 
REF_AREA: JPN
MEASURE: CCRE
UNIT_MEASURE: IX
ACTIVITY: _Z
ADJUSTMENT: _Z
TRANSFORMATION: _Z
TIME_HORIZ: _Z
METHODOLOGY: N
FREQ: Q

All OECD data should be cited as follows: OECD (year), (dataset name), (data source) DOI or https://data-explorer.oecd.org/ (https://data-explorer.oecd.org/). (accessed on (date))."
japan,Japan CPI,CPALTT01JPQ661S,"Consumer Price Indices (CPIs, HICPs), COICOP 1999: Consumer Price Index: Total for Japan",Quarterly,Index 2015=100,Seasonally Adjusted,1985-01-01,2021-04-01,5,"OECD Data Filters: 
REF_AREA: JPN
MEASURE: CPI
UNIT_MEASURE: IX
METHODOLOGY: N
EXPENDITURE: _T
ADJUSTMENT: S
TRANSFORMATION: _Z
FREQ: Q

All OECD data should be cited as follows: OECD (year), (dataset name), (data source) DOI or https://data-explorer.oecd.org/ (https://data-explorer.oecd.org/). (accessed on (date))."
japan,Japan CPI,JPNCPIALLAINMEI,"Consumer Price Indices (CPIs, HICPs), COICOP 1999: Consumer Price Index: Total for Japan",Annual,Index 2015=100,Not Seasonally Adjusted,1955-01-01,2020-01-01,5,"OECD Data Filters: 
REF_AREA: JPN
MEASURE: CPI
UNIT_MEASURE: IX
METHODOLOGY: N
EXPENDITURE: _T
ADJUSTMENT: N
TRANSFORMATION: _Z
FREQ: A

All OECD data should be cited as follows: OECD (year), (dataset name), (data source) DOI or https://data-explorer.oecd.org/ (https://data-explorer.oecd.org/). (accessed on (date))."
japan,Japan CPI,CPALTT01JPQ659N,"Consumer Price Indices (CPIs, HICPs), COICOP 1999: Consumer Price Index: Total for Japan",Quarterly,Growth rate same period previous year,Not Seasonally Adjusted,1956-01-01,2021-04-01,5,"OECD Data Filters: 
REF_AREA: JPN
MEASURE: CPI
UNIT_MEASURE: PA
METHODOLOGY: N
EXPENDITURE: _T
ADJUSTMENT: N
TRANSFORMATION: GY
FREQ: Q

All OECD data should be cited as follows: OECD (year), (dataset name), (data source) DOI or https://data-explorer.oecd.org/ (https://data-explorer.oecd.org/). (accessed on (date))."
japan,Japan CPI,CPALTT01JPA661S,"Consumer Price Indices (CPIs, HICPs), COICOP 1999: Consumer Price Index: Total for Japan",Annual,Index 2015=100,Seasonally Adjusted,1985-01-01,2020-01-01,2,"OECD Data Filters: 
REF_AREA: JPN
MEASURE: CPI
UNIT_MEASURE: IX
METHODOLOGY: N
EXPENDITURE: _T
ADJUSTMENT: S
TRANSFORMATION: _Z
FREQ: A

All OECD data should be cited as follows: OECD (year), (dataset name), (data source) DOI or https://data-explorer.oecd.org/ (https://data-explorer.oecd.org/). (accessed on (date))."
japan,Japan CPI,CCRETT01JPA661N,Financial Market: Real Effective Exchange Rates: CPI Based for Japan,Annual,Index 2015=100,Not Seasonally Adjusted,1970-01-01,2025-01-01,2,"OECD Data Filters: 
REF_AREA: JPN
MEASURE: CCRE
UNIT_MEASURE: IX
ACTIVITY: _Z
ADJUSTMENT: _Z
TRANSFORMATION: _Z
TIME_HORIZ: _Z
METHODOLOGY: N
FREQ: A

All OECD data should be cited as follows: OECD (year), (dataset name), (data source) DOI or https://data-explorer.oecd.org/ (https://data-explorer.oecd.org/). (accessed on (date))."
japan,Japan CPI,CPALTT01JPA659N,"Consumer Price Indices (CPIs, HICPs), COICOP 1999: Consumer Price Index: Total for Japan",Annual,Growth rate same period previous year,Not Seasonally Adjusted,1956-01-01,2020-01-01,2,"OECD Data Filters: 
REF_AREA: JPN
MEASURE: CPI
UNIT_MEASURE: PA
METHODOLOGY: N
EXPENDITURE: _T
ADJUSTMENT: N
TRANSFORMATION: GY
FREQ: A

All OECD data should be cited as follows: OECD (year), (dataset name), (data source) DOI or https://data-explorer.oecd.org/ (https://data-explorer.oecd.org/). (accessed on (date))."
japan,Japan CPI,JPNCPALTT01IXNBQ,Consumer Price Index: All Items: Total for Japan,Quarterly,Index source base,Not Seasonally Adjusted,1960-01-01,2021-04-01,2,"OECD Descriptor ID: CPALTT01
OECD unit ID: IDX
OECD country ID: JPN

All OECD data should be cited as follows: OECD, ""Main Economic Indicators - complete database"", Main Economic Indicators (database), https://dx.doi.org/10.1787/data-00052-en (Accessed on date) Copyright, 2016, OECD. Reprinted with permission"
japan,Japan CPI,JPNRAHCMF,"Real Average Annual Compensation in Manufacturing, CPI Basis, in Japan (DISCONTINUED)",Annual,Index 2002=100,Not Seasonally Adjusted,1950-01-01,2011-01-01,2,Bureau of Labor Statistics (BLS) has eliminated the International Labor Comparisons (ILC) program. This is the last BLS release of international comparisons of manufacturing productivity and unit labor cost trends.
japan,Japan CPI,JPNRHCMF,"Real Hourly Compensation in Manufacturing, CPI Basis, in Japan (DISCONTINUED)",Annual,Index 2002=100,Not Seasonally Adjusted,1950-01-01,2011-01-01,1,Bureau of Labor Statistics (BLS) has eliminated the International Labor Comparisons (ILC) program. This is the last BLS release of international comparisons of manufacturing productivity and unit labor cost trends.
japan,Japan PPI,JPNPPDMMINMEI,Producer Prices Index: Economic Activities: Manufacturing: Domestic for Japan,Monthly,Index 2015=100,Not Seasonally Adjusted,1960-01-01,2022-12-01,11,"OECD Descriptor ID: PIEAMP02
OECD unit ID: IDX
OECD country ID: JPN

All OECD data should be cited as follows: OECD, ""Main Economic Indicators - complete database"", Main Economic Indicators (database), https://dx.doi.org/10.1787/data-00052-en (Accessed on date) Copyright, 2016, OECD. Reprinted with permission"
japan,Japan PPI,PIEAMP02JPM659N,Producer Prices Index: Economic Activities: Manufacturing: Domestic for Japan,Monthly,Growth rate same period previous year,Not Seasonally Adjusted,1961-01-01,2022-12-01,6,"OECD Descriptor ID: PIEAMP02
OECD unit ID: PC
OECD country ID: JPN

All OECD data should be cited as follows: OECD, ""Main Economic Indicators - complete database"", Main Economic Indicators (database), https://dx.doi.org/10.1787/data-00052-en (Accessed on date) Copyright, 2016, OECD. Reprinted with permission"
japan,Japan PPI,JPNPIEAMP02GPM,Producer Prices Index: Economic Activities: Manufacturing: Domestic for Japan,Monthly,Growth rate previous period,Not Seasonally Adjusted,1960-02-01,2022-12-01,4,"OECD Descriptor ID: PIEAMP02
OECD unit ID: PC
OECD country ID: JPN

All OECD data should be cited as follows: OECD, ""Main Economic Indicators - complete database"", Main Economic Indicators (database), https://dx.doi.org/10.1787/data-00052-en (Accessed on date) Copyright, 2016, OECD. Reprinted with permission"
japan,Japan PPI,JPNPPDMAINMEI,Producer Prices Index: Economic Activities: Manufacturing: Domestic for Japan,Annual,Index 2015=100,Not Seasonally Adjusted,1960-01-01,2022-01-01,3,"OECD Descriptor ID: PIEAMP02
OECD unit ID: IDX
OECD country ID: JPN

All OECD data should be cited as follows: OECD, ""Main Economic Indicators - complete database"", Main Economic Indicators (database), https://dx.doi.org/10.1787/data-00052-en (Accessed on date) Copyright, 2016, OECD. Reprinted with permission"
japan,Japan PPI,PIEATI02JPA661N,Producer Prices Index: Economic Activities: Industrial Activities: Domestic for Japan,Annual,Index 2015=100,Not Seasonally Adjusted,1995-01-01,2022-01-01,2,"OECD Descriptor ID: PIEATI02
OECD unit ID: IDX
OECD country ID: JPN

All OECD data should be cited as follows: OECD, ""Main Economic Indicators - complete database"", Main Economic Indicators (database), https://dx.doi.org/10.1787/data-00052-en (Accessed on date) Copyright, 2016, OECD. Reprinted with permission"
japan,Japan PPI,JPNPPDMQINMEI,Producer Prices Index: Economic Activities: Manufacturing: Domestic for Japan,Quarterly,Index 2015=100,Not Seasonally Adjusted,1960-01-01,2022-10-01,1,"OECD Descriptor ID: PIEAMP02
OECD unit ID: IDX
OECD country ID: JPN

All OECD data should be cited as follows: OECD, ""Main Economic Indicators - complete database"", Main Economic Indicators (database), https://dx.doi.org/10.1787/data-00052-en (Accessed on date) Copyright, 2016, OECD. Reprinted with permission"
japan,Japan PPI,JPNPIEAMP02GPQ,Producer Prices Index: Economic Activities: Manufacturing: Domestic for Japan,Quarterly,Growth rate previous period,Not Seasonally Adjusted,1960-04-01,2022-10-01,1,"OECD Descriptor ID: PIEAMP02
OECD unit ID: PC
OECD country ID: JPN

All OECD data should be cited as follows: OECD, ""Main Economic Indicators - complete database"", Main Economic Indicators (database), https://dx.doi.org/10.1787/data-00052-en (Accessed on date) Copyright, 2016, OECD. Reprinted with permission"
japan,Japan PPI,PIEAMP02JPA659N,Producer Prices Index: Economic Activities: Manufacturing: Domestic for Japan,Annual,Growth rate same period previous year,Not Seasonally Adjusted,1961-01-01,2022-01-01,1,"OECD Descriptor ID: PIEAMP02
OECD unit ID: PC
OECD country ID: JPN

All OECD data should be cited as follows: OECD, ""Main Economic Indicators - complete database"", Main Economic Indicators (database), https://dx.doi.org/10.1787/data-00052-en (Accessed on date) Copyright, 2016, OECD. Reprinted with permission"
japan,Japan PPI,PIEAMP02JPQ659N,Producer Prices Index: Economic Activities: Manufacturing: Domestic for Japan,Quarterly,Growth rate same period previous year,Not Seasonally Adjusted,1961-01-01,2022-10-01,1,"OECD Descriptor ID: PIEAMP02
OECD unit ID: PC
OECD country ID: JPN

All OECD data should be cited as follows: OECD, ""Main Economic Indicators - complete database"", Main Economic Indicators (database), https://dx.doi.org/10.1787/data-00052-en (Accessed on date) Copyright, 2016, OECD. Reprinted with permission"
japan,Japan PPI,JPNPIEATI02GPM,Producer Prices Index: Economic Activities: Industrial Activities: Domestic for Japan,Monthly,Growth rate previous period,Not Seasonally Adjusted,1995-02-01,2022-12-01,1,"OECD Descriptor ID: PIEATI02
OECD unit ID: PC
OECD country ID: JPN

All OECD data should be cited as follows: OECD, ""Main Economic Indicators - complete database"", Main Economic Indicators (database), https://dx.doi.org/10.1787/data-00052-en (Accessed on date) Copyright, 2016, OECD. Reprinted with permission"
japan,Japan PPI,JPNPIEATI02GPQ,Producer Prices Index: Economic Activities: Industrial Activities: Domestic for Japan,Quarterly,Growth rate previous period,Not Seasonally Adjusted,1995-04-01,2022-10-01,1,"OECD Descriptor ID: PIEATI02
OECD unit ID: PC
OECD country ID: JPN

All OECD data should be cited as follows: OECD, ""Main Economic Indicators - complete database"", Main Economic Indicators (database), https://dx.doi.org/10.1787/data-00052-en (Accessed on date) Copyright, 2016, OECD. Reprinted with permission"
japan,Japan PPI,PISPPR01JPQ661N,Producer Prices Index: Stage of Processing: Primary Products: Total for Japan,Quarterly,Index 2015=100,Not Seasonally Adjusted,1960-01-01,2022-01-01,1,"OECD Descriptor ID: PISPPR01
OECD unit ID: IDX
OECD country ID: JPN

All OECD data should be cited as follows: OECD, ""Main Economic Indicators - complete database"", Main Economic Indicators (database), https://dx.doi.org/10.1787/data-00052-en (Accessed on date) Copyright, 2016, OECD. Reprinted with permission"
japan,Japan PPI,PISPPR01JPM661N,Producer Prices Index: Stage of Processing: Primary Products: Total for Japan,Monthly,Index 2015=100,Not Seasonally Adjusted,1960-01-01,2022-04-01,1,"OECD Descriptor ID: PISPPR01
OECD unit ID: IDX
OECD country ID: JPN

All OECD data should be cited as follows: OECD, ""Main Economic Indicators - complete database"", Main Economic Indicators (database), https://dx.doi.org/10.1787/data-00052-en (Accessed on date) Copyright, 2016, OECD. Reprinted with permission"
japan,Japan PPI,PISPPR01JPA661N,Producer Prices Index: Stage of Processing: Primary Products: Total for Japan,Annual,Index 2015=100,Not Seasonally Adjusted,1960-01-01,2021-01-01,1,"OECD Descriptor ID: PISPPR01
OECD unit ID: IDX
OECD country ID: JPN

All OECD data should be cited as follows: OECD, ""Main Economic Indicators - complete database"", Main Economic Indicators (database), https://dx.doi.org/10.1787/data-00052-en (Accessed on date) Copyright, 2016, OECD. Reprinted with permission"
japan,Japan PPI,JPNPITGCG01GPM,Producer Prices Index: Type of Goods: Consumer Goods: Total for Japan,Monthly,Growth rate previous period,Not Seasonally Adjusted,1960-02-01,2022-04-01,1,"OECD Descriptor ID: PITGCG01
OECD unit ID: PC
OECD country ID: JPN

All OECD data should be cited as follows: OECD, ""Main Economic Indicators - complete database"", Main Economic Indicators (database), https://dx.doi.org/10.1787/data-00052-en (Accessed on date) Copyright, 2016, OECD. Reprinted with permission"
japan,Japan PPI,JPNPITGCG01GPQ,Producer Prices Index: Type of Goods: Consumer Goods: Total for Japan,Quarterly,Growth rate previous period,Not Seasonally Adjusted,1960-04-01,2022-01-01,1,"OECD Descriptor ID: PITGCG01
OECD unit ID: PC
OECD country ID: JPN

All OECD data should be cited as follows: OECD, ""Main Economic Indicators - complete database"", Main Economic Indicators (database), https://dx.doi.org/10.1787/data-00052-en (Accessed on date) Copyright, 2016, OECD. Reprinted with permission"
japan,Japan PPI,JPNPISPFG02GPM,Producer Prices Index: Stage of Processing: Finished Goods: Domestic for Japan,Monthly,Growth rate previous period,Not Seasonally Adjusted,1970-02-01,2022-04-01,1,"OECD Descriptor ID: PISPFG02
OECD unit ID: PC
OECD country ID: JPN

All OECD data should be cited as follows: OECD, ""Main Economic Indicators - complete database"", Main Economic Indicators (database), https://dx.doi.org/10.1787/data-00052-en (Accessed on date) Copyright, 2016, OECD. Reprinted with permission"
japan,Japan PPI,JPNPISPFG02GPQ,Producer Prices Index: Stage of Processing: Finished Goods: Domestic for Japan,Quarterly,Growth rate previous period,Not Seasonally Adjusted,1970-04-01,2022-01-01,1,"OECD Descriptor ID: PISPFG02
OECD unit ID: PC
OECD country ID: JPN

All OECD data should be cited as follows: OECD, ""Main Economic Indicators - complete database"", Main Economic Indicators (database), https://dx.doi.org/10.1787/data-00052-en (Accessed on date) Copyright, 2016, OECD. Reprinted with permission"
japan,Japan PPI,JPNPITGCG02GPM,Producer Prices Index: Type of Goods: Consumer Goods: Domestic for Japan,Monthly,Growth rate previous period,Not Seasonally Adjusted,1970-02-01,2022-04-01,1,"OECD Descriptor ID: PITGCG02
OECD unit ID: PC
OECD country ID: JPN

All OECD data should be cited as follows: OECD, ""Main Economic Indicators - complete database"", Main Economic Indicators (database), https://dx.doi.org/10.1787/data-00052-en (Accessed on date) Copyright, 2016, OECD. Reprinted with permission"
japan,Japan PPI,JPNPITGCG02GPQ,Producer Prices Index: Type of Goods: Consumer Goods: Domestic for Japan,Quarterly,Growth rate previous period,Not Seasonally Adjusted,1970-04-01,2022-01-01,1,"OECD Descriptor ID: PITGCG02
OECD unit ID: PC
OECD country ID: JPN

All OECD data should be cited as follows: OECD, ""Main Economic Indicators - complete database"", Main Economic Indicators (database), https://dx.doi.org/10.1787/data-00052-en (Accessed on date) Copyright, 2016, OECD. Reprinted with permission"
japan,Japan exports,EXPJP,U.S. Exports of Goods by F.A.S. Basis to Japan,Monthly,Millions of Dollars,Not Seasonally Adjusted,1985-01-01,2026-06-01,25,"Free Alongside Ship Basis (f.a.s.)
Further information related to the international trade data can be found at https://www.census.gov/foreign-trade/data/index.html 
Methodology details can be found at https://www.census.gov/foreign-trade/Press-Release/current_press_release/explain.pdf"
japan,Japan exports,JPNRGDPNGS,Real Net Exports of Good and Services for Japan,Quarterly,Billions of Chained 2015 Yen,Seasonally Adjusted,1994-01-01,2026-04-01,19,"Copyright, 2016, Cabinet Office of Japan."
japan,Japan exports,JPNRGDPEGS,Real Exports of Goods and Services for Japan,Quarterly,Billions of Chained 2015 Yen,Seasonally Adjusted,1994-01-01,2026-04-01,12,"Copyright, 2016, Cabinet Office of Japan."
japan,Japan exports,XTEXVA01JPM667S,International Merchandise Trade Statistics: Exports: Commodities for Japan,Monthly,"US dollars, exchange rate converted",Seasonally Adjusted,1957-01-01,2026-06-01,6,"OECD Data Filters: 
REF_AREA: JPN
COUNTERPART_AREA: W
UNIT_MEASURE: USD_EXC
TRADE_FLOW: X
PRODUCT_TYPE: C
ADJUSTMENT: Y
TRANSFORMATION: N
FREQ: M

All OECD data should be cited as follows: OECD (year), (dataset name), (data source) DOI or https://data-explorer.oecd.org/ (https://data-explorer.oecd.org/). (accessed on (date))."
japan,Japan exports,XTEXVA01JPM664S,International Merchandise Trade Statistics: Exports: Commodities for Japan,Monthly,Yen,Seasonally Adjusted,1955-01-01,2026-06-01,5,"OECD Data Filters: 
REF_AREA: JPN
COUNTERPART_AREA: W
UNIT_MEASURE: XDC
TRADE_FLOW: X
PRODUCT_TYPE: C
ADJUSTMENT: Y
TRANSFORMATION: N
FREQ: M

All OECD data should be cited as follows: OECD (year), (dataset name), (data source) DOI or https://data-explorer.oecd.org/ (https://data-explorer.oecd.org/). (accessed on (date))."
japan,Japan exports,XTEXVA01JPA667S,International Merchandise Trade Statistics: Exports: Commodities for Japan,Annual,"US dollars, exchange rate converted",Seasonally Adjusted,1957-01-01,2025-01-01,2,"OECD Data Filters: 
REF_AREA: JPN
COUNTERPART_AREA: W
UNIT_MEASURE: USD_EXC
TRADE_FLOW: X
PRODUCT_TYPE: C
ADJUSTMENT: Y
TRANSFORMATION: N
FREQ: A

All OECD data should be cited as follows: OECD (year), (dataset name), (data source) DOI or https://data-explorer.oecd.org/ (https://data-explorer.oecd.org/). (accessed on (date))."
japan,Japan exports,XTEXVA01JPM664N,International Merchandise Trade Statistics: Exports: Commodities for Japan,Monthly,Yen,Not Seasonally Adjusted,1955-01-01,2026-06-01,1,"OECD Data Filters: 
REF_AREA: JPN
COUNTERPART_AREA: W
UNIT_MEASURE: XDC
TRADE_FLOW: X
PRODUCT_TYPE: C
ADJUSTMENT: N
TRANSFORMATION: N
FREQ: M

All OECD data should be cited as follows: OECD (year), (dataset name), (data source) DOI or https://data-explorer.oecd.org/ (https://data-explorer.oecd.org/). (accessed on (date))."
japan,Japan exports,XTEXVA01JPQ664S,International Merchandise Trade Statistics: Exports: Commodities for Japan,Quarterly,Yen,Seasonally Adjusted,1955-01-01,2026-04-01,1,"OECD Data Filters: 
REF_AREA: JPN
COUNTERPART_AREA: W
UNIT_MEASURE: XDC
TRADE_FLOW: X
PRODUCT_TYPE: C
ADJUSTMENT: Y
TRANSFORMATION: N
FREQ: Q

All OECD data should be cited as follows: OECD (year), (dataset name), (data source) DOI or https://data-explorer.oecd.org/ (https://data-explorer.oecd.org/). (accessed on (date))."
japan,Japan exports,XTEXVA01JPA664S,International Merchandise Trade Statistics: Exports: Commodities for Japan,Annual,Yen,Seasonally Adjusted,1955-01-01,2025-01-01,1,"OECD Data Filters: 
REF_AREA: JPN
COUNTERPART_AREA: W
UNIT_MEASURE: XDC
TRADE_FLOW: X
PRODUCT_TYPE: C
ADJUSTMENT: Y
TRANSFORMATION: N
FREQ: A

All OECD data should be cited as follows: OECD (year), (dataset name), (data source) DOI or https://data-explorer.oecd.org/ (https://data-explorer.oecd.org/). (accessed on (date))."
japan,Japan exports,XTEXVA01JPA664N,International Merchandise Trade Statistics: Exports: Commodities for Japan,Annual,Yen,Not Seasonally Adjusted,1955-01-01,2025-01-01,1,"OECD Data Filters: 
REF_AREA: JPN
COUNTERPART_AREA: W
UNIT_MEASURE: XDC
TRADE_FLOW: X
PRODUCT_TYPE: C
ADJUSTMENT: N
TRANSFORMATION: N
FREQ: A

All OECD data should be cited as follows: OECD (year), (dataset name), (data source) DOI or https://data-explorer.oecd.org/ (https://data-explorer.oecd.org/). (accessed on (date))."
japan,Japan exports,XTEXVA01JPQ664N,International Merchandise Trade Statistics: Exports: Commodities for Japan,Quarterly,Yen,Not Seasonally Adjusted,1955-01-01,2026-04-01,1,"OECD Data Filters: 
REF_AREA: JPN
COUNTERPART_AREA: W
UNIT_MEASURE: XDC
TRADE_FLOW: X
PRODUCT_TYPE: C
ADJUSTMENT: N
TRANSFORMATION: N
FREQ: Q

All OECD data should be cited as follows: OECD (year), (dataset name), (data source) DOI or https://data-explorer.oecd.org/ (https://data-explorer.oecd.org/). (accessed on (date))."
japan,Japan exports,JPNXTEXVA01CXMLQ,International Merchandise Trade Statistics: Exports: Commodities for Japan,Quarterly,"US dollars, exchange rate converted",Not Seasonally Adjusted,1957-01-01,2026-04-01,1,"OECD Data Filters: 
REF_AREA: JPN
COUNTERPART_AREA: W
UNIT_MEASURE: USD_EXC
TRADE_FLOW: X
PRODUCT_TYPE: C
ADJUSTMENT: N
TRANSFORMATION: N
FREQ: Q

All OECD data should be cited as follows: OECD (year), (dataset name), (data source) DOI or https://data-explorer.oecd.org/ (https://data-explorer.oecd.org/). (accessed on (date))."
japan,Japan exports,JPNXTEXVA01CXMLM,International Merchandise Trade Statistics: Exports: Commodities for Japan,Monthly,"US dollars, exchange rate converted",Not Seasonally Adjusted,1957-01-01,2026-06-01,1,"OECD Data Filters: 
REF_AREA: JPN
COUNTERPART_AREA: W
UNIT_MEASURE: USD_EXC
TRADE_FLOW: X
PRODUCT_TYPE: C
ADJUSTMENT: N
TRANSFORMATION: N
FREQ: M

All OECD data should be cited as follows: OECD (year), (dataset name), (data source) DOI or https://data-explorer.oecd.org/ (https://data-explorer.oecd.org/). (accessed on (date))."
japan,Japan exports,XTEXVA01JPQ657S,International Merchandise Trade Statistics: Exports: Commodities for Japan,Quarterly,Growth rate previous period,Seasonally Adjusted,1957-04-01,2026-04-01,1,"OECD Data Filters: 
REF_AREA: JPN
COUNTERPART_AREA: W
UNIT_MEASURE: PC
TRADE_FLOW: X
PRODUCT_TYPE: C
ADJUSTMENT: Y
TRANSFORMATION: G1
FREQ: Q

All OECD data should be cited as follows: OECD (year), (dataset name), (data source) DOI or https://data-explorer.oecd.org/ (https://data-explorer.oecd.org/). (accessed on (date))."
japan,Japan exports,XTEXVA01JPA657S,International Merchandise Trade Statistics: Exports: Commodities for Japan,Annual,Growth rate previous period,Seasonally Adjusted,1958-01-01,2025-01-01,1,"OECD Data Filters: 
REF_AREA: JPN
COUNTERPART_AREA: W
UNIT_MEASURE: PC
TRADE_FLOW: X
PRODUCT_TYPE: C
ADJUSTMENT: Y
TRANSFORMATION: G1
FREQ: A

All OECD data should be cited as follows: OECD (year), (dataset name), (data source) DOI or https://data-explorer.oecd.org/ (https://data-explorer.oecd.org/). (accessed on (date))."
japan,Japan exports,XTEXVA01JPM657S,International Merchandise Trade Statistics: Exports: Commodities for Japan,Monthly,Growth rate previous period,Seasonally Adjusted,1957-02-01,2026-06-01,1,"OECD Data Filters: 
REF_AREA: JPN
COUNTERPART_AREA: W
UNIT_MEASURE: PC
TRADE_FLOW: X
PRODUCT_TYPE: C
ADJUSTMENT: Y
TRANSFORMATION: G1
FREQ: M

All OECD data should be cited as follows: OECD (year), (dataset name), (data source) DOI or https://data-explorer.oecd.org/ (https://data-explorer.oecd.org/). (accessed on (date))."
japan,Japan exports,XTEXVA01JPQ667S,International Merchandise Trade Statistics: Exports: Commodities for Japan,Quarterly,"US dollars, exchange rate converted",Seasonally Adjusted,1957-01-01,2026-04-01,1,"OECD Data Filters: 
REF_AREA: JPN
COUNTERPART_AREA: W
UNIT_MEASURE: USD_EXC
TRADE_FLOW: X
PRODUCT_TYPE: C
ADJUSTMENT: Y
TRANSFORMATION: N
FREQ: Q

All OECD data should be cited as follows: OECD (year), (dataset name), (data source) DOI or https://data-explorer.oecd.org/ (https://data-explorer.oecd.org/). (accessed on (date))."
japan,Japan exports,XTEXVA01JPA659S,International Merchandise Trade Statistics: Exports: Commodities for Japan,Annual,Growth rate same period previous year,Seasonally Adjusted,1958-01-01,2025-01-01,1,"OECD Data Filters: 
REF_AREA: JPN
COUNTERPART_AREA: W
UNIT_MEASURE: PC
TRADE_FLOW: X
PRODUCT_TYPE: C
ADJUSTMENT: Y
TRANSFORMATION: GY
FREQ: A

All OECD data should be cited as follows: OECD (year), (dataset name), (data source) DOI or https://data-explorer.oecd.org/ (https://data-explorer.oecd.org/). (accessed on (date))."
japan,Japan exports,XTEXVA01JPM659S,International Merchandise Trade Statistics: Exports: Commodities for Japan,Monthly,Growth rate same period previous year,Seasonally Adjusted,1958-01-01,2026-06-01,1,"OECD Data Filters: 
REF_AREA: JPN
COUNTERPART_AREA: W
UNIT_MEASURE: PC
TRADE_FLOW: X
PRODUCT_TYPE: C
ADJUSTMENT: Y
TRANSFORMATION: GY
FREQ: M

All OECD data should be cited as follows: OECD (year), (dataset name), (data source) DOI or https://data-explorer.oecd.org/ (https://data-explorer.oecd.org/). (accessed on (date))."
japan,Japan exports,XTEXVA01JPQ659S,International Merchandise Trade Statistics: Exports: Commodities for Japan,Quarterly,Growth rate same period previous year,Seasonally Adjusted,1958-01-01,2026-04-01,1,"OECD Data Filters: 
REF_AREA: JPN
COUNTERPART_AREA: W
UNIT_MEASURE: PC
TRADE_FLOW: X
PRODUCT_TYPE: C
ADJUSTMENT: Y
TRANSFORMATION: GY
FREQ: Q

All OECD data should be cited as follows: OECD (year), (dataset name), (data source) DOI or https://data-explorer.oecd.org/ (https://data-explorer.oecd.org/). (accessed on (date))."
japan,Japan industrial production,JPNPROINDMISMEI,"Production, Sales, Work Started and Orders: Production Volume: Economic Activity: Industry (Except Construction) for Japan",Monthly,Index 2015=100,Seasonally Adjusted,1955-01-01,2024-03-01,23,"OECD Data Filters: 
REF_AREA: JPN
MEASURE: PRVM
UNIT_MEASURE: IX
ACTIVITY: BTE
ADJUSTMENT: Y
TRANSFORMATION: _Z
TIME_HORIZ: _Z
METHODOLOGY: N
FREQ: M

All OECD data should be cited as follows: OECD (year), (dataset name), (data source) DOI or https://data-explorer.oecd.org/ (https://data-explorer.oecd.org/). (accessed on (date))."
japan,Japan industrial production,JPNPRINTO01GYSAM,Production: Industry: Total Industry Excluding Construction for Japan,Monthly,Growth rate same period previous year,Seasonally Adjusted,1956-01-01,2026-05-01,6,"OECD Data Filters: 
REF_AREA: JPN
MEASURE: PRVM
UNIT_MEASURE: GR
ACTIVITY: BTE
ADJUSTMENT: Y
TRANSFORMATION: GY
FREQ: M

All OECD data should be cited as follows: OECD (year), (dataset name), (data source) DOI or https://data-explorer.oecd.org/ (https://data-explorer.oecd.org/). (accessed on (date))."
japan,Japan industrial production,JPNPROINDQISMEI,"Production, Sales, Work Started and Orders: Production Volume: Economic Activity: Industry (Except Construction) for Japan",Quarterly,Index 2015=100,Seasonally Adjusted,1955-01-01,2024-01-01,5,"OECD Data Filters: 
REF_AREA: JPN
MEASURE: PRVM
UNIT_MEASURE: IX
ACTIVITY: BTE
ADJUSTMENT: Y
TRANSFORMATION: _Z
TIME_HORIZ: _Z
METHODOLOGY: N
FREQ: Q

All OECD data should be cited as follows: OECD (year), (dataset name), (data source) DOI or https://data-explorer.oecd.org/ (https://data-explorer.oecd.org/). (accessed on (date))."
japan,Japan industrial production,PRMNTO01JPQ661N,Production: Manufacturing: Total Manufacturing for Japan,Quarterly,Index 2015=100,Not Seasonally Adjusted,1960-01-01,2023-01-01,5,"OECD Descriptor ID: PRMNTO01
OECD unit ID: IDX
OECD country ID: JPN

All OECD data should be cited as follows: OECD, ""Main Economic Indicators - complete database"", Main Economic Indicators (database), https://dx.doi.org/10.1787/data-00052-en (Accessed on date) Copyright, 2016, OECD. Reprinted with permission"
japan,Japan industrial production,PRMNTO01JPQ657S,Production: Manufacturing: Total Manufacturing for Japan,Quarterly,Growth rate previous period,Seasonally Adjusted,1960-01-01,2023-01-01,3,"OECD Descriptor ID: PRMNTO01
OECD unit ID: PC
OECD country ID: JPN

All OECD data should be cited as follows: OECD, ""Main Economic Indicators - complete database"", Main Economic Indicators (database), https://dx.doi.org/10.1787/data-00052-en (Accessed on date) Copyright, 2016, OECD. Reprinted with permission"
japan,Japan industrial production,PRINTO01JPQ661N,"Production, Sales, Work Started and Orders: Production Volume: Economic Activity: Industry (Except Construction) for Japan",Quarterly,Index 2015=100,Not Seasonally Adjusted,1955-01-01,2024-01-01,2,"OECD Data Filters: 
REF_AREA: JPN
MEASURE: PRVM
UNIT_MEASURE: IX
ACTIVITY: BTE
ADJUSTMENT: N
TRANSFORMATION: _Z
TIME_HORIZ: _Z
METHODOLOGY: N
FREQ: Q

All OECD data should be cited as follows: OECD (year), (dataset name), (data source) DOI or https://data-explorer.oecd.org/ (https://data-explorer.oecd.org/). (accessed on (date))."
japan,Japan industrial production,JPNPRINTO01GPSAM,Production: Industry: Total Industry Excluding Construction for Japan,Monthly,Growth rate previous period,Seasonally Adjusted,1955-02-01,2026-05-01,2,"OECD Data Filters: 
REF_AREA: JPN
MEASURE: PRVM
UNIT_MEASURE: GR
ACTIVITY: BTE
ADJUSTMENT: Y
TRANSFORMATION: G1
FREQ: M

All OECD data should be cited as follows: OECD (year), (dataset name), (data source) DOI or https://data-explorer.oecd.org/ (https://data-explorer.oecd.org/). (accessed on (date))."
japan,Japan industrial production,PRINTO01JPQ657S,Production: Industry: Total Industry Excluding Construction for Japan,Quarterly,Growth rate previous period,Seasonally Adjusted,1960-01-01,2023-01-01,2,"OECD Descriptor ID: PRINTO01
OECD unit ID: IDX
OECD country ID: JPN

All OECD data should be cited as follows: OECD, ""Main Economic Indicators - complete database"", Main Economic Indicators (database), https://dx.doi.org/10.1787/data-00052-en (Accessed on date) Copyright, 2016, OECD. Reprinted with permission"
japan,Japan industrial production,JPNPRENTO01IXOBM,"Production, Sales, Work Started and Orders: Production Volume: Economic Activity: Main Industrial Groupings (MIG): Energy for Japan",Monthly,Index 2015=100,Not Seasonally Adjusted,1998-01-01,2024-03-01,2,"OECD Data Filters: 
REF_AREA: JPN
MEASURE: PRVM
UNIT_MEASURE: IX
ACTIVITY: MIG_NRG
ADJUSTMENT: N
TRANSFORMATION: _Z
TIME_HORIZ: _Z
METHODOLOGY: N
FREQ: M

All OECD data should be cited as follows: OECD (year), (dataset name), (data source) DOI or https://data-explorer.oecd.org/ (https://data-explorer.oecd.org/). (accessed on (date))."
japan,Japan industrial production,JPNPROINDAISMEI,"Production, Sales, Work Started and Orders: Production Volume: Economic Activity: Industry (Except Construction) for Japan",Annual,Index 2015=100,Seasonally Adjusted,1955-01-01,2023-01-01,1,"OECD Data Filters: 
REF_AREA: JPN
MEASURE: PRVM
UNIT_MEASURE: IX
ACTIVITY: BTE
ADJUSTMENT: Y
TRANSFORMATION: _Z
TIME_HORIZ: _Z
METHODOLOGY: N
FREQ: A

All OECD data should be cited as follows: OECD (year), (dataset name), (data source) DOI or https://data-explorer.oecd.org/ (https://data-explorer.oecd.org/). (accessed on (date))."
japan,Japan industrial production,PRINTO01JPA661N,"Production, Sales, Work Started and Orders: Production Volume: Economic Activity: Industry (Except Construction) for Japan",Annual,Index 2015=100,Not Seasonally Adjusted,1955-01-01,2023-01-01,1,"OECD Data Filters: 
REF_AREA: JPN
MEASURE: PRVM
UNIT_MEASURE: IX
ACTIVITY: BTE
ADJUSTMENT: N
TRANSFORMATION: _Z
TIME_HORIZ: _Z
METHODOLOGY: N
FREQ: A

All OECD data should be cited as follows: OECD (year), (dataset name), (data source) DOI or https://data-explorer.oecd.org/ (https://data-explorer.oecd.org/). (accessed on (date))."
japan,Japan industrial production,JPNPRINTO01IXOBM,"Production, Sales, Work Started and Orders: Production Volume: Economic Activity: Industry (Except Construction) for Japan",Monthly,Index 2015=100,Not Seasonally Adjusted,1955-01-01,2024-03-01,1,"OECD Data Filters: 
REF_AREA: JPN
MEASURE: PRVM
UNIT_MEASURE: IX
ACTIVITY: BTE
ADJUSTMENT: N
TRANSFORMATION: _Z
TIME_HORIZ: _Z
METHODOLOGY: N
FREQ: M

All OECD data should be cited as follows: OECD (year), (dataset name), (data source) DOI or https://data-explorer.oecd.org/ (https://data-explorer.oecd.org/). (accessed on (date))."
japan,Japan industrial production,PRMNTO01JPA657S,Production: Manufacturing: Total Manufacturing for Japan,Annual,Growth rate previous period,Seasonally Adjusted,1960-01-01,2017-01-01,1,"OECD Descriptor ID: PRMNTO01
OECD unit ID: PC
OECD country ID: JPN

All OECD data should be cited as follows: OECD, ""Main Economic Indicators - complete database"", Main Economic Indicators (database), https://dx.doi.org/10.1787/data-00052-en (Accessed on date) Copyright, 2016, OECD. Reprinted with permission"
japan,Japan industrial production,PRINTO01JPA657S,Production: Industry: Total Industry Excluding Construction for Japan,Annual,Growth rate previous period,Seasonally Adjusted,1960-01-01,2022-01-01,1,"OECD Descriptor ID: PRINTO01
OECD unit ID: IDX
OECD country ID: JPN

All OECD data should be cited as follows: OECD, ""Main Economic Indicators - complete database"", Main Economic Indicators (database), https://dx.doi.org/10.1787/data-00052-en (Accessed on date) Copyright, 2016, OECD. Reprinted with permission"
japan,Japan industrial production,PRINTO01JPQ659S,Production: Industry: Total Industry Excluding Construction for Japan,Quarterly,Growth rate same period previous year,Seasonally Adjusted,1960-01-01,2023-01-01,1,"OECD Descriptor ID: PRINTO01
OECD unit ID: IDX
OECD country ID: JPN

All OECD data should be cited as follows: OECD, ""Main Economic Indicators - complete database"", Main Economic Indicators (database), https://dx.doi.org/10.1787/data-00052-en (Accessed on date) Copyright, 2016, OECD. Reprinted with permission"
japan,Japan industrial production,PRINTO01JPA659S,Production: Industry: Total Industry Excluding Construction for Japan,Annual,Growth rate same period previous year,Seasonally Adjusted,1960-01-01,2022-01-01,1,"OECD Descriptor ID: PRINTO01
OECD unit ID: IDX
OECD country ID: JPN

All OECD data should be cited as follows: OECD, ""Main Economic Indicators - complete database"", Main Economic Indicators (database), https://dx.doi.org/10.1787/data-00052-en (Accessed on date) Copyright, 2016, OECD. Reprinted with permission"
japan,Japan industrial production,PRMNTO01JPA661N,"Production, Sales, Work Started and Orders: Production Volume: Economic Activity: Manufacturing for Japan",Annual,Index 2015=100,Not Seasonally Adjusted,1955-01-01,2023-01-01,1,"OECD Data Filters: 
REF_AREA: JPN
MEASURE: PRVM
UNIT_MEASURE: IX
ACTIVITY: C
ADJUSTMENT: N
TRANSFORMATION: _Z
TIME_HORIZ: _Z
METHODOLOGY: N
FREQ: A

All OECD data should be cited as follows: OECD (year), (dataset name), (data source) DOI or https://data-explorer.oecd.org/ (https://data-explorer.oecd.org/). (accessed on (date))."
japan,Japan industrial production,JPNPRENTO01IXOBSAM,"Production, Sales, Work Started and Orders: Production Volume: Economic Activity: Main Industrial Groupings (MIG): Energy for Japan",Monthly,Index 2015=100,Seasonally Adjusted,1998-01-01,2024-03-01,1,"OECD Data Filters: 
REF_AREA: JPN
MEASURE: PRVM
UNIT_MEASURE: IX
ACTIVITY: MIG_NRG
ADJUSTMENT: Y
TRANSFORMATION: _Z
TIME_HORIZ: _Z
METHODOLOGY: N
FREQ: M

All OECD data should be cited as follows: OECD (year), (dataset name), (data source) DOI or https://data-explorer.oecd.org/ (https://data-explorer.oecd.org/). (accessed on (date))."
japan,Japan industrial production,PRENTO01JPA661S,"Production, Sales, Work Started and Orders: Production Volume: Economic Activity: Main Industrial Groupings (MIG): Energy for Japan",Annual,Index 2015=100,Seasonally Adjusted,1998-01-01,2023-01-01,1,"OECD Data Filters: 
REF_AREA: JPN
MEASURE: PRVM
UNIT_MEASURE: IX
ACTIVITY: MIG_NRG
ADJUSTMENT: Y
TRANSFORMATION: _Z
TIME_HORIZ: _Z
METHODOLOGY: N
FREQ: A

All OECD data should be cited as follows: OECD (year), (dataset name), (data source) DOI or https://data-explorer.oecd.org/ (https://data-explorer.oecd.org/). (accessed on (date))."
japan,Japan industrial production,PRENTO01JPA661N,"Production, Sales, Work Started and Orders: Production Volume: Economic Activity: Main Industrial Groupings (MIG): Energy for Japan",Annual,Index 2015=100,Not Seasonally Adjusted,1998-01-01,2023-01-01,1,"OECD Data Filters: 
REF_AREA: JPN
MEASURE: PRVM
UNIT_MEASURE: IX
ACTIVITY: MIG_NRG
ADJUSTMENT: N
TRANSFORMATION: _Z
TIME_HORIZ: _Z
METHODOLOGY: N
FREQ: A

All OECD data should be cited as follows: OECD (year), (dataset name), (data source) DOI or https://data-explorer.oecd.org/ (https://data-explorer.oecd.org/). (accessed on (date))."
japan,Japan policy rate,GEPUCURRENT,Global Economic Policy Uncertainty Index: Current Price Adjusted GDP,Monthly,Index,Not Seasonally Adjusted,1997-01-01,2026-07-01,60,"The Global Economic Policy Uncertainty Index is a GDP-weighted average of national EPU indices for 20 countries: Australia, Brazil, Canada, Chile, China, France, Germany, Greece, India, Ireland, Italy, Japan, Mexico, the Netherlands, Russia, South Korea, Spain, Sweden, the United Kingdom, and the United States..

For additional details, including an analysis of the performance of the model, see Baker, Scott, Nicholas Bloom and Steven Davis (2016), ""Measuring Economic Policy Uncertainty"" (https://www.policyuncertainty.com/media/EPU_BBD_Mar2016.pdf)"
japan,Japan policy rate,JPNPCPIPCPPPT,Prices: Consumer Price Index for Japan,Annual,Percent Change,Not Seasonally Adjusted,1990-01-01,2031-01-01,27,"Observations for the current and future years are projections.

The IMF provides these series as part of their Regional Economic Outlook (REO) reports. These reports discuss recent economic developments and prospects for countries in various regions. They also address economic policy developments that have affected economic performance in their regions and provide country-specific data and analysis.

For more information, please see the Regional Economic Outlook (https://www.imf.org/en/publications/reo) publications.

Copyright © 2016, International Monetary Fund. Reprinted with permission. Complete terms of use and contact details are available here (http://www.imf.org/external/terms.htm)."
japan,Japan policy rate,GEPUPPP,Global Economic Policy Uncertainty Index: PPP-Adjusted GDP,Monthly,Index,Not Seasonally Adjusted,1997-01-01,2026-07-01,25,"The Global Economic Policy Uncertainty Index is a GDP-weighted average of national EPU indices for 20 countries: Australia, Brazil, Canada, Chile, China, France, Germany, Greece, India, Ireland, Italy, Japan, Mexico, the Netherlands, Russia, South Korea, Spain, Sweden, the United Kingdom, and the United States..

For additional details, including an analysis of the performance of the model, see Baker, Scott, Nicholas Bloom and Steven Davis (2016), ""Measuring Economic Policy Uncertainty"" (https://www.policyuncertainty.com/media/EPU_BBD_Mar2016.pdf)"
japan,Japan policy rate,JPNBCABP6USD,Balance of Payments: Total Net Current Account for Japan,Annual,U.S. Dollars,Not Seasonally Adjusted,2016-01-01,2024-01-01,13,"Observations for the current and future years are projections.

The IMF provides these series as part of their Regional Economic Outlook (REO) reports. These reports discuss recent economic developments and prospects for countries in various regions. They also address economic policy developments that have affected economic performance in their regions and provide country-specific data and analysis.

For more information, please see the Regional Economic Outlook (https://www.imf.org/en/publications/reo) publications.

Copyright © 2016, International Monetary Fund. Reprinted with permission. Complete terms of use and contact details are available here (http://www.imf.org/external/terms.htm)."
japan,Japan policy rate,JPNGGXCNLG01GDPPT,Fiscal Situation of General Government: Net Lending/borrowing for Japan,Annual,Percent of Fiscal Year GDP,Not Seasonally Adjusted,1990-01-01,2031-01-01,12,"Observations for the current and future years are projections.

The IMF provides these series as part of their Regional Economic Outlook (REO) reports. These reports discuss recent economic developments and prospects for countries in various regions. They also address economic policy developments that have affected economic performance in their regions and provide country-specific data and analysis.

For more information, please see the Regional Economic Outlook (https://www.imf.org/en/publications/reo) publications.

Copyright © 2016, International Monetary Fund. Reprinted with permission. Complete terms of use and contact details are available here (http://www.imf.org/external/terms.htm)."
japan,Japan policy rate,JPNBCAGDPBP6PT,Balance of Payments: Total Net Current Account for Japan,Annual,Percent of GDP,Not Seasonally Adjusted,1990-01-01,2031-01-01,8,"Observations for the current and future years are projections.

The IMF provides these series as part of their Regional Economic Outlook (REO) reports. These reports discuss recent economic developments and prospects for countries in various regions. They also address economic policy developments that have affected economic performance in their regions and provide country-specific data and analysis.

For more information, please see the Regional Economic Outlook (https://www.imf.org/en/publications/reo) publications.

Copyright © 2016, International Monetary Fund. Reprinted with permission. Complete terms of use and contact details are available here (http://www.imf.org/external/terms.htm)."
japan,Japan policy rate,JPNGGXWDGG01GDPPT,Fiscal Situation of General Government: Gross Debt Position for Japan,Annual,Percent of Fiscal Year GDP,Not Seasonally Adjusted,2016-01-01,2024-01-01,7,"Observations for the current and future years are projections.

The IMF provides these series as part of their Regional Economic Outlook (REO) reports. These reports discuss recent economic developments and prospects for countries in various regions. They also address economic policy developments that have affected economic performance in their regions and provide country-specific data and analysis.

For more information, please see the Regional Economic Outlook (https://www.imf.org/en/publications/reo) publications.

Copyright © 2016, International Monetary Fund. Reprinted with permission. Complete terms of use and contact details are available here (http://www.imf.org/external/terms.htm)."
japan,Japan policy rate,JPNNGDPRPCPPPT,National Accounts: Real Gross Domestic Product for Japan,Annual,Percent Change,Not Seasonally Adjusted,1990-01-01,2031-01-01,6,"Observations for the current and future years are projections.

The IMF provides these series as part of their Regional Economic Outlook (REO) reports. These reports discuss recent economic developments and prospects for countries in various regions. They also address economic policy developments that have affected economic performance in their regions and provide country-specific data and analysis.

For more information, please see the Regional Economic Outlook (https://www.imf.org/en/publications/reo) publications.

Copyright © 2016, International Monetary Fund. Reprinted with permission. Complete terms of use and contact details are available here (http://www.imf.org/external/terms.htm)."
japan,Japan policy rate,JPNEPUINDXM,Economic Policy Uncertainty Index for Japan (DISCONTINUED),Monthly,Index,Not Seasonally Adjusted,1988-06-01,2016-04-01,4,"For additional details, including an analysis of the performance of the model, see Baker, Scott, Nicholas Bloom and Steven Davis (2012), ""Measuring Economic Policy Uncertainty"" (http://www.policyuncertainty.com/media/BakerBloomDavis.pdf)"
japan,Japan policy rate,JPNNTDDRPCPPPT,National Accounts: Real Total Domestic Demand for Japan,Annual,Percent Change,Not Seasonally Adjusted,2016-01-01,2024-01-01,2,"Observations for the current and future years are projections.

The IMF provides these series as part of their Regional Economic Outlook (REO) reports. These reports discuss recent economic developments and prospects for countries in various regions. They also address economic policy developments that have affected economic performance in their regions and provide country-specific data and analysis.

For more information, please see the Regional Economic Outlook (https://www.imf.org/en/publications/reo) publications.

Copyright © 2016, International Monetary Fund. Reprinted with permission. Complete terms of use and contact details are available here (http://www.imf.org/external/terms.htm)."
japan,Japan policy rate,JPNTMRPCPPPT,External Trade: Volume of Imports of Goods and Services for Japan,Annual,Percent Change,Not Seasonally Adjusted,2016-01-01,2024-01-01,2,"Observations for the current and future years are projections.

The IMF provides these series as part of their Regional Economic Outlook (REO) reports. These reports discuss recent economic developments and prospects for countries in various regions. They also address economic policy developments that have affected economic performance in their regions and provide country-specific data and analysis.

For more information, please see the Regional Economic Outlook (https://www.imf.org/en/publications/reo) publications.

Copyright © 2016, International Monetary Fund. Reprinted with permission. Complete terms of use and contact details are available here (http://www.imf.org/external/terms.htm)."
japan,Japan policy rate,JPNTXRPCPPPT,External Trade: Volume of Exports of Goods and Services for Japan,Annual,Percent Change,Not Seasonally Adjusted,2016-01-01,2024-01-01,2,"Observations for the current and future years are projections.

The IMF provides these series as part of their Regional Economic Outlook (REO) reports. These reports discuss recent economic developments and prospects for countries in various regions. They also address economic policy developments that have affected economic performance in their regions and provide country-specific data and analysis.

For more information, please see the Regional Economic Outlook (https://www.imf.org/en/publications/reo) publications.

Copyright © 2016, International Monetary Fund. Reprinted with permission. Complete terms of use and contact details are available here (http://www.imf.org/external/terms.htm)."
japan,Japan policy rate,JPNNGDPDUSD,National Accounts: Gross Domestic Product for Japan,Annual,U.S. Dollars,Not Seasonally Adjusted,2016-01-01,2024-01-01,1,"Observations for the current and future years are projections.

The IMF provides these series as part of their Regional Economic Outlook (REO) reports. These reports discuss recent economic developments and prospects for countries in various regions. They also address economic policy developments that have affected economic performance in their regions and provide country-specific data and analysis.

For more information, please see the Regional Economic Outlook (https://www.imf.org/en/publications/reo) publications.

Copyright © 2016, International Monetary Fund. Reprinted with permission. Complete terms of use and contact details are available here (http://www.imf.org/external/terms.htm)."
peru,Peru CPI,FPCPITOTLZGPER,"Inflation, consumer prices for Peru",Annual,Percent,Not Seasonally Adjusted,1960-01-01,2025-01-01,17,"Inflation as measured by the consumer price index reflects the annual percentage change in the cost to the average consumer of acquiring a basket of goods and services that may be fixed or changed at specified intervals, such as yearly. The Laspeyres formula is generally used.

International Monetary Fund, International Financial Statistics and data files."
peru,Peru CPI,QPER628BIS,Real Residential Property Prices for Peru,Quarterly,Index 2010=100,Not Seasonally Adjusted,1998-01-01,2026-01-01,9,"Source Code: Q:PE:R:628

Coverage includes new and existing flats in the high-end neighbours of the capital city. The series is deflated using CPI.

For more information, please see https://www.bis.org/statistics/pp_detailed.htm.

Any use of the series shall be cited as follows: ""Sources: National sources, BIS Residential Property Price database, http://www.bis.org/statistics/pp.htm.""

Copyright, 2016, Bank for International Settlements (BIS). Terms and conditions of use are available at http://www.bis.org/terms_conditions.htm#Copyright_and_Permissions."
peru,Peru CPI,DDOE02PEA086NWDB,Consumer Price Index for Peru,Annual,Index 2010=100,Not Seasonally Adjusted,1960-01-01,2017-01-01,6,"Consumer price index reflects changes in the cost to the average consumer of acquiring a basket of goods and services that may be fixed or changed at specified intervals, such as yearly. The Laspeyres formula is generally used.

Source Code: GFDD.OE.02"
peru,Peru CPI,DDOE01PEA086NWDB,Consumer Price Index for Peru,"Annual, End of Year",Index 2010=100,Not Seasonally Adjusted,1960-01-01,2017-01-01,3,"Consumer price index reflects changes in the cost to the average consumer of acquiring a basket of goods and services that may be fixed or changed at specified intervals, such as yearly. The Laspeyres formula is generally used.

Source Code: GFDD.OE.01"
peru,Peru CPI,QPER368BIS,Real Residential Property Prices for Peru,Quarterly,Percent per Annum,Not Seasonally Adjusted,1999-01-01,2026-01-01,2,"Source Code: Q:PE:R:368

Coverage includes new and existing flats in the high-end neighbours of the capital city. The series is deflated using CPI.

For more information, please see https://www.bis.org/statistics/pp_detailed.htm.

Any use of the series shall be cited as follows: ""Sources: National sources, BIS Residential Property Price database, http://www.bis.org/statistics/pp.htm.""

Copyright, 2016, Bank for International Settlements (BIS). Terms and conditions of use are available at http://www.bis.org/terms_conditions.htm#Copyright_and_Permissions."
peru,Peru CPI,DDDI12PEA156NWDB,Private Credit by Deposit Money Banks and Other Financial Institutions to GDP for Peru,Annual,Percent,Not Seasonally Adjusted,1960-01-01,2021-01-01,2,"Private credit by deposit money banks and other financial institutions to GDP.

Private credit by deposit money banks and other financial institutions to GDP, calculated using the following deflation method: {(0.5)*[Ft/P_et + Ft-1/P_et-1]}/[GDPt/P_at] where F is credit to the private sector, P_e is end-of period CPI, and P_a is average annual CPI. Raw data are from the electronic version of the IMF's International Financial Statistics. Private credit by deposit money banks and other financial institutions (IFS lines 22d and 42d); GDP in local currency (IFS line 99B..ZF or, if not available, line 99B.CZF); end-of period CPI (IFS line 64M..ZF or, if not available, 64Q..ZF); and annual CPI (IFS line 64..ZF). (International Monetary Fund, International Financial Statistics)

Source Code: GFDD.DI.12"
peru,Peru CPI,DDDM01PEA156NWDB,Stock Market Capitalization to GDP for Peru,Annual,Percent,Not Seasonally Adjusted,1997-01-01,2020-01-01,1,"Total value of all listed shares in a stock market as a percentage of GDP.

Value of listed shares to GDP, calculated using the following deflation method: {(0.5)*[Ft/P_et + Ft-1/P_et-1]}/[GDPt/P_at] where F is stock market capitalization, P_e is end-of period CPI, and P_a is average annual CPI. End-of period CPI (IFS line 64M..ZF or, if not available, 64Q..ZF) and annual CPI (IFS line 64..ZF) are from the IMF's International Financial Statistics. Standard & Poor's, Global Stock Markets Factbook and supplemental S&P data)

Source Code: GFDD.DM.01"
peru,Peru CPI,DDDI06PEA156NWDB,Central Bank Assets to GDP for Peru,Annual,Percent,Not Seasonally Adjusted,1960-01-01,2021-01-01,1,"Ratio of central bank assets to GDP. Central bank assets are claims on domestic real nonfinancial sector by the Central Bank.

Claims on domestic real nonfinancial sector by the Central Bank as a share of GDP, calculated using the following deflation method: {(0.5)*[Ft/P_et + Ft-1/P_et-1]}/[GDPt/P_at] where F is Central Bank claims, P_e is end-of period CPI, and P_a is average annual CPI. Raw data are from the electronic version of the IMF's International Financial Statistics. Central Bank claims (IFS lines 12, a-d); GDP in local currency (IFS line 99B..ZF or, if not available, line 99B.CZF); end-of period CPI (IFS line 64M..ZF or, if not available, 64Q..ZF); and annual CPI (IFS line 64..ZF). (International Monetary Fund, International Financial Statistics, and World Bank GDP estimates)

Source Code: GFDD.DI.06"
peru,Peru CPI,DDEM01PEA156NWDB,Stock Market Turnover Ratio (Value Traded/Capitalization) for Peru,Annual,Percent,Not Seasonally Adjusted,1997-01-01,2020-01-01,1,"Total value of shares traded during the period divided by the average market capitalization for the period.

Ratio of the value of total shares traded to average real market capitalization, the denominator is deflated using the following method: Tt/P_at/{(0.5)*[Mt/P_et + Mt-1/P_et-1] where T is total value traded, M is stock market capitalization, P_e is end-of period CPI. End-of period CPI (IFS line 64M..ZF or, if not available, 64Q..ZF) and annual CPI (IFS line 64..ZF) are from the IMF's International Financial Statistics. Standard & Poor's, Global Stock Markets Factbook and supplemental S&P data)

Source Code: GFDD.EM.01"
peru,Peru CPI,DDDI08PEA156NWDB,Financial System Deposits to GDP for Peru,Annual,Percent,Not Seasonally Adjusted,1960-01-01,2021-01-01,1,"Demand, time and saving deposits in deposit money banks and other financial institutions as a share of GDP.

Demand, time and saving deposits in deposit money banks and other financial institutions as a share of GDP, calculated using the following deflation method: {(0.5)*[Ft/P_et + Ft-1/P_et-1]}/[GDPt/P_at] where F is demand and time and saving deposits, P_e is end-of period CPI, and P_a is average annual CPI. Raw data are from the electronic version of the IMF's International Financial Statistics. Financial system deposits (IFS lines 24, 25, and 45); GDP in local currency (IFS line 99B..ZF or, if not available, line 99B.CZF); end-of period CPI (IFS line 64M..ZF or, if not available, 64Q..ZF); and annual CPI (IFS line 64..ZF). (International Monetary Fund, International Financial Statistics, and World Bank GDP estimates)

Source Code: GFDD.DI.08"
peru,Peru CPI,DDDI01PEA156NWDB,Private Credit by Deposit Money Banks to GDP for Peru,Annual,Percent,Not Seasonally Adjusted,1960-01-01,2021-01-01,1,"The financial resources provided to the private sector by domestic money banks as a share of GDP. Domestic money banks comprise commercial banks and other financial institutions that accept transferable deposits, such as demand deposits. Private credit by deposit money banks and other financial institutions to GDP, calculated using the following deflation method: {(0.5)*[Ft/P_et + Ft-1/P_et-1]}/[GDPt/P_at] where F is credit to the private sector, P_e is end-of period CPI, and P_a is average annual CPI. Raw data are from the electronic version of the IMF's International Financial Statistics. Private credit by deposit money banks (IFS line 22d and FOSAOP); GDP in local currency (IFS line NGDP); end-of period CPI (IFS line PCPI); and average annual CPI is calculated using the monthly CPI values (IFS line PCPI). (International Monetary Fund, International Financial Statistics, and World Bank GDP estimates)

Source Code: GFDD.DI.01"
peru,Peru CPI,DDDM07PEA156NWDB,Outstanding Total International Debt Securities to GDP for Peru,Annual,Percent,Not Seasonally Adjusted,1997-01-01,2020-01-01,1,"Amount of international debt securities (amounts outstanding), as a share of GDP. It covers long-term bonds and notes and money market instruments placed on international markets. Table 12A (international debt amount: all issuers) / GDP. End of year data (i.e. December data) are considered for debt securities. The figures are deflated using the following methodology: {(0.5)*[Ft/P_et + Ft-1/P_et-1]}/[GDPt/P_at] where F is the level international public debt, P_e is end-of period CPI, and P_a is average annual CPI. GDP is from World Development Indicators. End-of period CPI is taken from IFS line PCPI month of December (or if not available Q4). Average annual CPI is constructed from the monthly CPI figure taken from IFS line PCPI.

Source Code: GFDD.DM.07"
peru,Peru CPI,DDDI02PEA156NWDB,Deposit Money Bank Assets to GDP for Peru,Annual,Percent,Not Seasonally Adjusted,1960-01-01,2021-01-01,1,"Total assets held by deposit money banks as a share of GDP. Assets include claims on domestic real nonfinancial sector which includes central, state and local governments, nonfinancial public enterprises and private sector. Deposit money banks comprise commercial banks and other financial institutions that accept transferable deposits, such as demand deposits.

Claims on domestic real nonfinancial sector by deposit money banks as a share of GDP, calculated using the following deflation method: {(0.5)*[Ft/P_et + Ft-1/P_et-1]}/[GDPt/P_at] where F is deposit money bank claims, P_e is end-of period CPI, and P_a is average annual CPI. Raw data are from the electronic version of the IMF's International Financial Statistics. Deposit money bank assets (IFS lines 22, a-d); GDP in local currency (IFS line 99B..ZF or, if not available, line 99B.CZF); end-of period CPI (IFS line 64M..ZF or, if not available, 64Q..ZF); and annual CPI (IFS line 64..ZF). (International Monetary Fund, International Financial Statistics, and World Bank GDP estimates)

Source Code: GFDD.DI.02"
peru,Peru CPI,DDDI05PEA156NWDB,Liquid Liabilities to GDP for Peru,Annual,Percent,Not Seasonally Adjusted,1960-01-01,2021-01-01,1,"Ratio of liquid liabilities to GDP. Liquid liabilities are also known as broad money, or M3. They are the sum of currency and deposits in the central bank (M0), plus transferable deposits and electronic currency (M1), plus time and savings deposits, foreign currency transferable deposits, certificates of deposit, and securities repurchase agreements (M2), plus travelers checks, foreign currency time deposits, commercial paper, and shares of mutual funds or market funds held by residents.

Ratio of liquid liabilities to GDP, calculated using the following deflation method: {(0.5)*[Ft/P_et + Ft-1/P_et-1]}/[GDPt/P_at] where F is liquid liabilities, P_e is end-of period CPI, and P_a is average annual CPI. Raw data are from the electronic version of the IMF's International Financial Statistics. Liquid liabilities (IFS lines 55L..ZF or, if not available, line 35L..ZF); GDP in local currency (IFS line 99B..ZF or, if not available, line 99B.CZF); end-of period CPI (IFS line 64M..ZF or, if not available, 64Q..ZF); and annual CPI (IFS line 64..ZF). For Eurocurrency area countries (BEF, DEM, ESP, FRF, GRD, IEP, ITL, LUF, NLG, ATS, PTE, FIM), liquid liabilities are estimated by summing IFS items 34A, 34B and 35. (International Monetary Fund, International Financial Statistics, and World Bank GDP estimates)

Source Code: GFDD.DI.05"
peru,Peru CPI,DDDI03PEA156NWDB,Non-Bank Financial Institutions' Assets to GDP for Peru,Annual,Percent,Not Seasonally Adjusted,1960-01-01,2011-01-01,1,"Total assets held by financial institutions that do not accept transferable deposits but that perform financial intermediation by accepting other types of deposits or by issuing securities or other liabilities that are close substitutes for deposits as a share of GDP. It covers institutions such as saving and mortgage loan institutions, post-office savings institution, building and loan associations, finance companies that accept deposits or deposit substitutes, development banks, and offshore banking institutions. Assets include claims on domestic real nonfinancial sector such as central-, state- and local government, nonfinancial public enterprises and private sector.

Claims on domestic real nonfinancial sector by other financial institutions as a share of GDP, calculated using the following deflation method: {(0.5)*[Ft/P_et + Ft-1/P_et-1]}/[GDPt/P_at] where F is other financial institutions' claims, P_e is end-of period CPI, and P_a is average annual CPI. Raw data are from the electronic version of the IMF's International Financial Statistics. Non-bank financial institutions assets (IFS lines 42, a-d and h); GDP in local currency (IFS line 99B..ZF or, if not available, line 99B.CZF); end-of period CPI (IFS line 64M..ZF or, if not available, 64Q..ZF); and annual CPI (IFS line 64..ZF). (International Monetary Fund, International Financial Statistics, and World Bank GDP estimates)

Source Code: GFDD.DI.03"
peru,Peru CPI,DDOI02PEA156NWDB,Bank Deposits to GDP for Peru,Annual,Percent,Not Seasonally Adjusted,1960-01-01,2021-01-01,1,"The total value of demand, time and saving deposits at domestic deposit money banks as a share of GDP. Deposit money banks comprise commercial banks and other financial institutions that accept transferable deposits, such as demand deposits.

Demand, time and saving deposits in deposit money banks as a share of GDP, calculated using the following deflation method: {(0.5)*[Ft/P_et + Ft-1/P_et-1]}/[GDPt/P_at] where F is demand and time and saving deposits, P_e is end-of period CPI, and P_a is average annual CPI. Raw data are from the electronic version of the IMF's International Financial Statistics. Bank deposits (IFS lines 24 and 25); GDP in local currency (IFS line 99B..ZF or, if not available, line 99B.CZF); end-of period CPI (IFS line 64M..ZF or, if not available, 64Q..ZF); and annual CPI (IFS line 64..ZF). (International Monetary Fund, International Financial Statistics, and World Bank GDP estimates)

Source Code: GFDD.OI.02"
peru,Peru exports,TXPERA052SCEN,Value of Exports to Peru from Texas,Annual,Dollars,Not Seasonally Adjusted,1992-01-01,2021-01-01,1,"This data series illustrates the movement of exports from the given state to the given country. A missing observation can mean two things. First, missing observations can appear because no exports were made to the listed country that year. Secondly, it could signify a low number of exporters thus giving away proprietary data away."
peru,Peru exports,CAPERA052SCEN,Value of Exports to Peru from California,Annual,Dollars,Not Seasonally Adjusted,1992-01-01,2022-01-01,1,"This data series illustrates the movement of exports from the given state to the given country. A missing observation can mean two things. First, missing observations can appear because no exports were made to the listed country that year. Secondly, it could signify a low number of exporters thus giving away proprietary data away."
peru,Peru exports,FLPERA052SCEN,Value of Exports to Peru from Florida,Annual,Dollars,Not Seasonally Adjusted,1992-01-01,2022-01-01,1,"This data series illustrates the movement of exports from the given state to the given country. A missing observation can mean two things. First, missing observations can appear because no exports were made to the listed country that year. Secondly, it could signify a low number of exporters thus giving away proprietary data away."
peru,Peru exports,ORPERA052SCEN,Value of Exports to Peru from Oregon,Annual,Dollars,Not Seasonally Adjusted,1992-01-01,2022-01-01,1,"This data series illustrates the movement of exports from the given state to the given country. A missing observation can mean two things. First, missing observations can appear because no exports were made to the listed country that year. Secondly, it could signify a low number of exporters thus giving away proprietary data away."
peru,Peru exports,WYPERA052SCEN,Value of Exports to Peru from Wyoming,Annual,Dollars,Not Seasonally Adjusted,2004-01-01,2022-01-01,1,"This data series illustrates the movement of exports from the given state to the given country. A missing observation can mean two things. First, missing observations can appear because no exports were made to the listed country that year. Secondly, it could signify a low number of exporters thus giving away proprietary data away."
peru,Peru exports,UTPERA052SCEN,Value of Exports to Peru from Utah,Annual,Dollars,Not Seasonally Adjusted,1992-01-01,2022-01-01,1,"This data series illustrates the movement of exports from the given state to the given country. A missing observation can mean two things. First, missing observations can appear because no exports were made to the listed country that year. Secondly, it could signify a low number of exporters thus giving away proprietary data away."
peru,Peru exports,MSPERA052SCEN,Value of Exports to Peru from Mississippi,Annual,Dollars,Not Seasonally Adjusted,1992-01-01,2022-01-01,1,"This data series illustrates the movement of exports from the given state to the given country. A missing observation can mean two things. First, missing observations can appear because no exports were made to the listed country that year. Secondly, it could signify a low number of exporters thus giving away proprietary data away."
peru,Peru exports,CTPERA052SCEN,Value of Exports to Peru from Connecticut,Annual,Dollars,Not Seasonally Adjusted,1992-01-01,2022-01-01,1,"This data series illustrates the movement of exports from the given state to the given country. A missing observation can mean two things. First, missing observations can appear because no exports were made to the listed country that year. Secondly, it could signify a low number of exporters thus giving away proprietary data away."
peru,Peru exports,KYPERA052SCEN,Value of Exports to Peru from Kentucky,Annual,Dollars,Not Seasonally Adjusted,1992-01-01,2022-01-01,1,"This data series illustrates the movement of exports from the given state to the given country. A missing observation can mean two things. First, missing observations can appear because no exports were made to the listed country that year. Secondly, it could signify a low number of exporters thus giving away proprietary data away."
peru,Peru exports,OHPERA052SCEN,Value of Exports to Peru from Ohio,Annual,Dollars,Not Seasonally Adjusted,1992-01-01,2022-01-01,1,"This data series illustrates the movement of exports from the given state to the given country. A missing observation can mean two things. First, missing observations can appear because no exports were made to the listed country that year. Secondly, it could signify a low number of exporters thus giving away proprietary data away."
peru,Peru exports,IAPERA052SCEN,Value of Exports to Peru from Iowa,Annual,Dollars,Not Seasonally Adjusted,1992-01-01,2022-01-01,1,"This data series illustrates the movement of exports from the given state to the given country. A missing observation can mean two things. First, missing observations can appear because no exports were made to the listed country that year. Secondly, it could signify a low number of exporters thus giving away proprietary data away."
peru,Peru exports,WIPERA052SCEN,Value of Exports to Peru from Wisconsin,Annual,Dollars,Not Seasonally Adjusted,1992-01-01,2022-01-01,1,"This data series illustrates the movement of exports from the given state to the given country. A missing observation can mean two things. First, missing observations can appear because no exports were made to the listed country that year. Secondly, it could signify a low number of exporters thus giving away proprietary data away."
peru,Peru exports,NEPERA052SCEN,Value of Exports to Peru from Nebraska,Annual,Dollars,Not Seasonally Adjusted,1992-01-01,2022-01-01,1,"This data series illustrates the movement of exports from the given state to the given country. A missing observation can mean two things. First, missing observations can appear because no exports were made to the listed country that year. Secondly, it could signify a low number of exporters thus giving away proprietary data away."
peru,Peru exports,ILPERA052SCEN,Value of Exports to Peru from Illinois,Annual,Dollars,Not Seasonally Adjusted,1992-01-01,2022-01-01,1,"This data series illustrates the movement of exports from the given state to the given country. A missing observation can mean two things. First, missing observations can appear because no exports were made to the listed country that year. Secondly, it could signify a low number of exporters thus giving away proprietary data away."
peru,Peru exports,PAPERA052SCEN,Value of Exports to Peru from Pennsylvania,Annual,Dollars,Not Seasonally Adjusted,1992-01-01,2022-01-01,1,"This data series illustrates the movement of exports from the given state to the given country. A missing observation can mean two things. First, missing observations can appear because no exports were made to the listed country that year. Secondly, it could signify a low number of exporters thus giving away proprietary data away."
peru,Peru exports,TNPERA052SCEN,Value of Exports to Peru from Tennessee,Annual,Dollars,Not Seasonally Adjusted,1992-01-01,2022-01-01,1,"This data series illustrates the movement of exports from the given state to the given country. A missing observation can mean two things. First, missing observations can appear because no exports were made to the listed country that year. Secondly, it could signify a low number of exporters thus giving away proprietary data away."
peru,Peru exports,DEPERA052SCEN,Value of Exports to Peru from Delaware,Annual,Dollars,Not Seasonally Adjusted,1992-01-01,2022-01-01,1,"This data series illustrates the movement of exports from the given state to the given country. A missing observation can mean two things. First, missing observations can appear because no exports were made to the listed country that year. Secondly, it could signify a low number of exporters thus giving away proprietary data away."
peru,Peru exports,VAPERA052SCEN,Value of Exports to Peru from Virginia,Annual,Dollars,Not Seasonally Adjusted,1992-01-01,2022-01-01,1,"This data series illustrates the movement of exports from the given state to the given country. A missing observation can mean two things. First, missing observations can appear because no exports were made to the listed country that year. Secondly, it could signify a low number of exporters thus giving away proprietary data away."
peru,Peru exports,OKPERA052SCEN,Value of Exports to Peru from Oklahoma,Annual,Dollars,Not Seasonally Adjusted,1992-01-01,2022-01-01,1,"This data series illustrates the movement of exports from the given state to the given country. A missing observation can mean two things. First, missing observations can appear because no exports were made to the listed country that year. Secondly, it could signify a low number of exporters thus giving away proprietary data away."
peru,Peru exports,MNPERA052SCEN,Value of Exports to Peru from Minnesota,Annual,Dollars,Not Seasonally Adjusted,1992-01-01,2022-01-01,1,"This data series illustrates the movement of exports from the given state to the given country. A missing observation can mean two things. First, missing observations can appear because no exports were made to the listed country that year. Secondly, it could signify a low number of exporters thus giving away proprietary data away."
peru,Peru policy rate,PERNGDPRPCH,Gross Domestic Product for Peru,Annual,Percent Change,Not Seasonally Adjusted,1980-01-01,2031-01-01,8,"Observations for the current and future years are projections.

The IMF provides these series as part of their Regional Economic Outlook (REO) reports. These reports discuss recent economic developments and prospects for countries in various regions. They also address economic policy developments that have affected economic performance in their regions and provide country-specific data and analysis.

For more information, please see the Regional Economic Outlook (https://www.imf.org/en/publications/reo) publications.

Copyright © 2016, International Monetary Fund. Reprinted with permission. Complete terms of use and contact details are available here (http://www.imf.org/external/terms.htm)."
peru,Peru policy rate,PERGGXWDGGDP,General Government Gross Debt for Peru,Annual,Percent of Fiscal Year GDP,Not Seasonally Adjusted,2000-01-01,2031-01-01,6,"Observations for the current and future years are projections.

The IMF provides these series as part of their Regional Economic Outlook (REO) reports. These reports discuss recent economic developments and prospects for countries in various regions. They also address economic policy developments that have affected economic performance in their regions and provide country-specific data and analysis.

For more information, please see the Regional Economic Outlook (https://www.imf.org/en/publications/reo) publications.

Copyright © 2016, International Monetary Fund. Reprinted with permission. Complete terms of use and contact details are available here (http://www.imf.org/external/terms.htm)."
peru,Peru policy rate,PERNGDPD,Gross Domestic Product in U.S. Dollars for Peru,Annual,U.S. Dollars,Not Seasonally Adjusted,2011-01-01,2024-01-01,3,"Observations for the current and future years are projections.

The IMF provides these series as part of their Regional Economic Outlook (REO) reports. These reports discuss recent economic developments and prospects for countries in various regions. They also address economic policy developments that have affected economic performance in their regions and provide country-specific data and analysis.

For more information, please see the Regional Economic Outlook (https://www.imf.org/en/publications/reo) publications.

Copyright © 2016, International Monetary Fund. Reprinted with permission. Complete terms of use and contact details are available here (http://www.imf.org/external/terms.htm)."
peru,Peru policy rate,PERPCPIEPCH,Consumer Prices for Peru,Annual,Percent Change,Not Seasonally Adjusted,1982-01-01,2031-01-01,2,"Observations for the current and future years are projections.

The IMF provides these series as part of their Regional Economic Outlook (REO) reports. These reports discuss recent economic developments and prospects for countries in various regions. They also address economic policy developments that have affected economic performance in their regions and provide country-specific data and analysis.

For more information, please see the Regional Economic Outlook (https://www.imf.org/en/publications/reo) publications.

Copyright © 2016, International Monetary Fund. Reprinted with permission. Complete terms of use and contact details are available here (http://www.imf.org/external/terms.htm)."
peru,Peru policy rate,PERGGXGDP,General Government Total Expenditure for Peru,Annual,Percent of Fiscal Year GDP,Not Seasonally Adjusted,2011-01-01,2024-01-01,2,"Observations for the current and future years are projections.

The IMF provides these series as part of their Regional Economic Outlook (REO) reports. These reports discuss recent economic developments and prospects for countries in various regions. They also address economic policy developments that have affected economic performance in their regions and provide country-specific data and analysis.

For more information, please see the Regional Economic Outlook (https://www.imf.org/en/publications/reo) publications.

Copyright © 2016, International Monetary Fund. Reprinted with permission. Complete terms of use and contact details are available here (http://www.imf.org/external/terms.htm)."
peru,Peru policy rate,PERBCAGDPBP6,Balance of Payments: Current account balance (credit less debit) for Peru,Annual,Percent of GDP in U.S. Dollars,Not Seasonally Adjusted,1980-01-01,2031-01-01,2,"Observations for the current and future years are projections.

The IMF provides these series as part of their Regional Economic Outlook (REO) reports. These reports discuss recent economic developments and prospects for countries in various regions. They also address economic policy developments that have affected economic performance in their regions and provide country-specific data and analysis.

For more information, please see the Regional Economic Outlook (https://www.imf.org/en/publications/reo) publications.

Copyright © 2016, International Monetary Fund. Reprinted with permission. Complete terms of use and contact details are available here (http://www.imf.org/external/terms.htm)."
peru,Peru policy rate,PERGGXONLBGDP,General Government Primary Net Lending/Borrowing for Peru,Annual,Percent of Fiscal Year GDP,Not Seasonally Adjusted,2000-01-01,2031-01-01,2,"Observations for the current and future years are projections.

The IMF provides these series as part of their Regional Economic Outlook (REO) reports. These reports discuss recent economic developments and prospects for countries in various regions. They also address economic policy developments that have affected economic performance in their regions and provide country-specific data and analysis.

For more information, please see the Regional Economic Outlook (https://www.imf.org/en/publications/reo) publications.

Copyright © 2016, International Monetary Fund. Reprinted with permission. Complete terms of use and contact details are available here (http://www.imf.org/external/terms.htm)."
peru,Peru policy rate,PERPPPSH,"Purchasing Power Parity, Share of World for Peru",Annual,Percent,Not Seasonally Adjusted,2011-01-01,2024-01-01,1,"Observations for the current and future years are projections.

The IMF provides these series as part of their Regional Economic Outlook (REO) reports. These reports discuss recent economic developments and prospects for countries in various regions. They also address economic policy developments that have affected economic performance in their regions and provide country-specific data and analysis.

For more information, please see the Regional Economic Outlook (https://www.imf.org/en/publications/reo) publications.

Copyright © 2016, International Monetary Fund. Reprinted with permission. Complete terms of use and contact details are available here (http://www.imf.org/external/terms.htm)."
peru,Peru policy rate,PERGGROPI,"General Government Revenue, interest income for Peru",Annual,US Dollars,Not Seasonally Adjusted,2008-01-01,2021-01-01,1,"Observations for the current and future years are projections.

The IMF provides these series as part of their Regional Economic Outlook (REO) reports. These reports discuss recent economic developments and prospects for countries in various regions. They also address economic policy developments that have affected economic performance in their regions and provide country-specific data and analysis.

For more information, please see the Regional Economic Outlook (https://www.imf.org/en/publications/reo) publications.

Copyright © 2016, International Monetary Fund. Reprinted with permission. Complete terms of use and contact details are available here (http://www.imf.org/external/terms.htm)."
peru,Peru policy rate,PERGGRGDP,General Government Revenue for Peru,Annual,Percent of Fiscal Year GDP,Not Seasonally Adjusted,2011-01-01,2024-01-01,1,"Observations for the current and future years are projections.

The IMF provides these series as part of their Regional Economic Outlook (REO) reports. These reports discuss recent economic developments and prospects for countries in various regions. They also address economic policy developments that have affected economic performance in their regions and provide country-specific data and analysis.

For more information, please see the Regional Economic Outlook (https://www.imf.org/en/publications/reo) publications.

Copyright © 2016, International Monetary Fund. Reprinted with permission. Complete terms of use and contact details are available here (http://www.imf.org/external/terms.htm)."
peru,Peru policy rate,PERGGEIGDP,General Government Expense for Peru,Annual,Percent of Fiscal Year GDP,Not Seasonally Adjusted,2011-01-01,2024-01-01,1,"Observations for the current and future years are projections.

The IMF provides these series as part of their Regional Economic Outlook (REO) reports. These reports discuss recent economic developments and prospects for countries in various regions. They also address economic policy developments that have affected economic performance in their regions and provide country-specific data and analysis.

For more information, please see the Regional Economic Outlook (https://www.imf.org/en/publications/reo) publications.

Copyright © 2016, International Monetary Fund. Reprinted with permission. Complete terms of use and contact details are available here (http://www.imf.org/external/terms.htm)."
peru,Peru policy rate,PERNGDPFY,Fiscal Year Gross Domestic Product for Peru,Annual,Current Prices,Not Seasonally Adjusted,2011-01-01,2024-01-01,1,"Observations for the current and future years are projections.

The IMF provides these series as part of their Regional Economic Outlook (REO) reports. These reports discuss recent economic developments and prospects for countries in various regions. They also address economic policy developments that have affected economic performance in their regions and provide country-specific data and analysis.

For more information, please see the Regional Economic Outlook (https://www.imf.org/en/publications/reo) publications.

Copyright © 2016, International Monetary Fund. Reprinted with permission. Complete terms of use and contact details are available here (http://www.imf.org/external/terms.htm)."
peru,Peru policy rate,PERGGXCNLGDP,General Government Net Lending/Borrowing for Peru,Annual,Percent of Fiscal Year GDP,Not Seasonally Adjusted,2000-01-01,2030-01-01,1,"Observations for the current and future years are projections.

The IMF provides these series as part of their Regional Economic Outlook (REO) reports. These reports discuss recent economic developments and prospects for countries in various regions. They also address economic policy developments that have affected economic performance in their regions and provide country-specific data and analysis.

For more information, please see the Regional Economic Outlook (https://www.imf.org/en/publications/reo) publications.

Copyright © 2016, International Monetary Fund. Reprinted with permission. Complete terms of use and contact details are available here (http://www.imf.org/external/terms.htm)."
south_korea,South Korea 10 year yield,IRLTLT01KRM156N,Interest Rates: Long-Term Government Bond Yields: 10-Year: Main (Including Benchmark) for Korea,Monthly,Percent,Not Seasonally Adjusted,2000-10-01,2026-06-01,39,"OECD Data Filters: 
REF_AREA: KOR
MEASURE: IRLT
UNIT_MEASURE: PA
ACTIVITY: _Z
ADJUSTMENT: _Z
TRANSFORMATION: _Z
FREQ: M

All OECD data should be cited as follows: OECD (year), (dataset name), (data source) DOI or https://data-explorer.oecd.org/ (https://data-explorer.oecd.org/). (accessed on (date))."
south_korea,South Korea 10 year yield,IRLTLT01KRQ156N,Interest Rates: Long-Term Government Bond Yields: 10-Year: Main (Including Benchmark) for Korea,Quarterly,Percent,Not Seasonally Adjusted,2000-10-01,2026-04-01,5,"OECD Data Filters: 
REF_AREA: KOR
MEASURE: IRLT
UNIT_MEASURE: PA
ACTIVITY: _Z
ADJUSTMENT: _Z
TRANSFORMATION: _Z
FREQ: Q

All OECD data should be cited as follows: OECD (year), (dataset name), (data source) DOI or https://data-explorer.oecd.org/ (https://data-explorer.oecd.org/). (accessed on (date))."
south_korea,South Korea 10 year yield,IRLTLT01KRA156N,Interest Rates: Long-Term Government Bond Yields: 10-Year: Main (Including Benchmark) for Korea,Annual,Percent,Not Seasonally Adjusted,2001-01-01,2025-01-01,5,"OECD Data Filters: 
REF_AREA: KOR
MEASURE: IRLT
UNIT_MEASURE: PA
ACTIVITY: _Z
ADJUSTMENT: _Z
TRANSFORMATION: _Z
FREQ: A

All OECD data should be cited as follows: OECD (year), (dataset name), (data source) DOI or https://data-explorer.oecd.org/ (https://data-explorer.oecd.org/). (accessed on (date))."
south_korea,South Korea CPI,QKRR628BIS,Real Residential Property Prices for Republic of Korea,Quarterly,Index 2010=100,Not Seasonally Adjusted,1975-01-01,2026-01-01,39,"Source Code: Q:KR:R:628

Coverage includes all types of new and existing dwellings in the whole country. The series is deflated using CPI.

For more information, please see https://www.bis.org/statistics/pp_detailed.htm.

Any use of the series shall be cited as follows: ""Sources: National sources, BIS Residential Property Price database, http://www.bis.org/statistics/pp.htm.""

Copyright, 2016, Bank for International Settlements (BIS). Terms and conditions of use are available at http://www.bis.org/terms_conditions.htm#Copyright_and_Permissions."
south_korea,South Korea CPI,FPCPITOTLZGKOR,"Inflation, consumer prices for the Republic of Korea",Annual,Percent,Not Seasonally Adjusted,1960-01-01,2025-01-01,31,"Inflation as measured by the consumer price index reflects the annual percentage change in the cost to the average consumer of acquiring a basket of goods and services that may be fixed or changed at specified intervals, such as yearly. The Laspeyres formula is generally used.

International Monetary Fund, International Financial Statistics and data files."
south_korea,South Korea CPI,KORCPIALLQINMEI,"Consumer Price Indices (CPIs, HICPs), COICOP 1999: Consumer Price Index: Total for Korea",Quarterly,Index 2015=100,Not Seasonally Adjusted,1960-01-01,2023-07-01,20,"OECD Data Filters: 
REF_AREA: KOR
MEASURE: CPI
UNIT_MEASURE: IX
METHODOLOGY: N
EXPENDITURE: _T
ADJUSTMENT: N
TRANSFORMATION: _Z
FREQ: Q

All OECD data should be cited as follows: OECD (year), (dataset name), (data source) DOI or https://data-explorer.oecd.org/ (https://data-explorer.oecd.org/). (accessed on (date))."
south_korea,South Korea CPI,KORCPIALLMINMEI,"Consumer Price Indices (CPIs, HICPs), COICOP 1999: Consumer Price Index: Total for Korea",Monthly,Index 2015=100,Not Seasonally Adjusted,1960-01-01,2023-11-01,19,"OECD Data Filters: 
REF_AREA: KOR
MEASURE: CPI
UNIT_MEASURE: IX
METHODOLOGY: N
EXPENDITURE: _T
ADJUSTMENT: N
TRANSFORMATION: _Z
FREQ: M

All OECD data should be cited as follows: OECD (year), (dataset name), (data source) DOI or https://data-explorer.oecd.org/ (https://data-explorer.oecd.org/). (accessed on (date))."
south_korea,South Korea CPI,QKRR368BIS,Real Residential Property Prices for Republic of Korea,Quarterly,Percent per Annum,Not Seasonally Adjusted,1976-01-01,2026-01-01,15,"Source Code: Q:KR:R:368

Coverage includes all types of new and existing dwellings in the whole country. The series is deflated using CPI.

For more information, please see https://www.bis.org/statistics/pp_detailed.htm.

Any use of the series shall be cited as follows: ""Sources: National sources, BIS Residential Property Price database, http://www.bis.org/statistics/pp.htm.""

Copyright, 2016, Bank for International Settlements (BIS). Terms and conditions of use are available at http://www.bis.org/terms_conditions.htm#Copyright_and_Permissions."
south_korea,South Korea CPI,CPALTT01KRM657N,Consumer Price Index: All Items: Total for Korea,Monthly,Growth rate previous period,Not Seasonally Adjusted,1965-01-01,2024-03-01,13,"OECD Descriptor ID: CPALTT01
OECD unit ID: PC
OECD country ID: KOR

All OECD data should be cited as follows: OECD, ""Main Economic Indicators - complete database"", Main Economic Indicators (database), https://dx.doi.org/10.1787/data-00052-en (Accessed on date) Copyright, 2016, OECD. Reprinted with permission"
south_korea,South Korea CPI,KORCPALTT01CTGYM,"Consumer Price Indices (CPIs, HICPs), COICOP 1999: Consumer Price Index: Total for Korea",Monthly,"Contribution to growth rate, over 1 year",Not Seasonally Adjusted,2010-01-01,2025-04-01,11,"OECD Data Filters: 
REF_AREA: KOR
MEASURE: CPI
UNIT_MEASURE: PD
METHODOLOGY: N
EXPENDITURE: _T
ADJUSTMENT: N
TRANSFORMATION: GOY
FREQ: M

All OECD data should be cited as follows: OECD (year), (dataset name), (data source) DOI or https://data-explorer.oecd.org/ (https://data-explorer.oecd.org/). (accessed on (date))."
south_korea,South Korea CPI,CPALTT01KRQ657N,Consumer Price Index: All Items: Total for Korea,Quarterly,Growth rate previous period,Not Seasonally Adjusted,1965-01-01,2024-01-01,9,"OECD Descriptor ID: CPALTT01
OECD unit ID: PC
OECD country ID: KOR

All OECD data should be cited as follows: OECD, ""Main Economic Indicators - complete database"", Main Economic Indicators (database), https://dx.doi.org/10.1787/data-00052-en (Accessed on date) Copyright, 2016, OECD. Reprinted with permission"
south_korea,South Korea CPI,DDDM01KRA156NWDB,Stock Market Capitalization to GDP for Republic of Korea,Annual,Percent,Not Seasonally Adjusted,1979-01-01,2020-01-01,6,"Total value of all listed shares in a stock market as a percentage of GDP.

Value of listed shares to GDP, calculated using the following deflation method: {(0.5)*[Ft/P_et + Ft-1/P_et-1]}/[GDPt/P_at] where F is stock market capitalization, P_e is end-of period CPI, and P_a is average annual CPI. End-of period CPI (IFS line 64M..ZF or, if not available, 64Q..ZF) and annual CPI (IFS line 64..ZF) are from the IMF's International Financial Statistics. Standard & Poor's, Global Stock Markets Factbook and supplemental S&P data)

Source Code: GFDD.DM.01"
south_korea,South Korea CPI,DDOE01KRA086NWDB,Consumer Price Index for Republic of Korea,"Annual, End of Year",Index 2010=100,Not Seasonally Adjusted,1960-01-01,2017-01-01,4,"Consumer price index reflects changes in the cost to the average consumer of acquiring a basket of goods and services that may be fixed or changed at specified intervals, such as yearly. The Laspeyres formula is generally used.

Source Code: GFDD.OE.01"
south_korea,South Korea CPI,CPALTT01KRM659N,"Consumer Price Indices (CPIs, HICPs), COICOP 1999: Consumer Price Index: Total for Korea",Monthly,Growth rate same period previous year,Not Seasonally Adjusted,1960-01-01,2023-11-01,3,"OECD Data Filters: 
REF_AREA: KOR
MEASURE: CPI
UNIT_MEASURE: PA
METHODOLOGY: N
EXPENDITURE: _T
ADJUSTMENT: N
TRANSFORMATION: GY
FREQ: M

All OECD data should be cited as follows: OECD (year), (dataset name), (data source) DOI or https://data-explorer.oecd.org/ (https://data-explorer.oecd.org/). (accessed on (date))."
south_korea,South Korea CPI,CPGRLE01KRM659N,"Consumer Price Indices (CPIs, HICPs), COICOP 1999: Consumer Price Index: All Items Non-Food Non-Energy for Korea",Monthly,Growth rate same period previous year,Not Seasonally Adjusted,1990-01-01,2025-04-01,3,"OECD Data Filters: 
REF_AREA: KOR
MEASURE: CPI
UNIT_MEASURE: PA
METHODOLOGY: N
EXPENDITURE: _TXCP01_NRG
ADJUSTMENT: N
TRANSFORMATION: GY
FREQ: M

All OECD data should be cited as follows: OECD (year), (dataset name), (data source) DOI or https://data-explorer.oecd.org/ (https://data-explorer.oecd.org/). (accessed on (date))."
south_korea,South Korea CPI,CPALTT01KRA659N,"Consumer Price Indices (CPIs, HICPs), COICOP 1999: Consumer Price Index: Total for Korea",Annual,Growth rate same period previous year,Not Seasonally Adjusted,1960-01-01,2022-01-01,2,"OECD Data Filters: 
REF_AREA: KOR
MEASURE: CPI
UNIT_MEASURE: PA
METHODOLOGY: N
EXPENDITURE: _T
ADJUSTMENT: N
TRANSFORMATION: GY
FREQ: A

All OECD data should be cited as follows: OECD (year), (dataset name), (data source) DOI or https://data-explorer.oecd.org/ (https://data-explorer.oecd.org/). (accessed on (date))."
south_korea,South Korea CPI,KORCPIALLAINMEI,"Consumer Price Indices (CPIs, HICPs), COICOP 1999: Consumer Price Index: Total for Korea",Annual,Index 2015=100,Not Seasonally Adjusted,1960-01-01,2022-01-01,2,"OECD Data Filters: 
REF_AREA: KOR
MEASURE: CPI
UNIT_MEASURE: IX
METHODOLOGY: N
EXPENDITURE: _T
ADJUSTMENT: N
TRANSFORMATION: _Z
FREQ: A

All OECD data should be cited as follows: OECD (year), (dataset name), (data source) DOI or https://data-explorer.oecd.org/ (https://data-explorer.oecd.org/). (accessed on (date))."
south_korea,South Korea CPI,CPALTT01KRQ659N,"Consumer Price Indices (CPIs, HICPs), COICOP 1999: Consumer Price Index: Total for Korea",Quarterly,Growth rate same period previous year,Not Seasonally Adjusted,1960-01-01,2023-07-01,2,"OECD Data Filters: 
REF_AREA: KOR
MEASURE: CPI
UNIT_MEASURE: PA
METHODOLOGY: N
EXPENDITURE: _T
ADJUSTMENT: N
TRANSFORMATION: GY
FREQ: Q

All OECD data should be cited as follows: OECD (year), (dataset name), (data source) DOI or https://data-explorer.oecd.org/ (https://data-explorer.oecd.org/). (accessed on (date))."
south_korea,South Korea CPI,KORCPALTT01IXNBM,Consumer Price Index: All Items: Total for Korea,Monthly,Index source base,Not Seasonally Adjusted,1960-01-01,2023-11-01,2,"OECD Descriptor ID: CPALTT01
OECD unit ID: IDX
OECD country ID: KOR

All OECD data should be cited as follows: OECD, ""Main Economic Indicators - complete database"", Main Economic Indicators (database), https://dx.doi.org/10.1787/data-00052-en (Accessed on date) Copyright, 2016, OECD. Reprinted with permission"
south_korea,South Korea CPI,KORCPALTT01IXNBQ,Consumer Price Index: All Items: Total for Korea,Quarterly,Index source base,Not Seasonally Adjusted,1960-01-01,2023-07-01,2,"OECD Descriptor ID: CPALTT01
OECD unit ID: IDX
OECD country ID: KOR

All OECD data should be cited as follows: OECD, ""Main Economic Indicators - complete database"", Main Economic Indicators (database), https://dx.doi.org/10.1787/data-00052-en (Accessed on date) Copyright, 2016, OECD. Reprinted with permission"
south_korea,South Korea CPI,DDOE02KRA086NWDB,Consumer Price Index for Republic of Korea,Annual,Index 2010=100,Not Seasonally Adjusted,1960-01-01,2017-01-01,2,"Consumer price index reflects changes in the cost to the average consumer of acquiring a basket of goods and services that may be fixed or changed at specified intervals, such as yearly. The Laspeyres formula is generally used.

Source Code: GFDD.OE.02"
south_korea,South Korea CPI,KORCPICORMINMEI,"Consumer Price Indices (CPIs, HICPs), COICOP 1999: Consumer Price Index: All Items Non-Food Non-Energy for Korea",Monthly,Index 2015=100,Not Seasonally Adjusted,1990-01-01,2025-04-01,2,"OECD Data Filters: 
REF_AREA: KOR
MEASURE: CPI
UNIT_MEASURE: IX
METHODOLOGY: N
EXPENDITURE: _TXCP01_NRG
ADJUSTMENT: N
TRANSFORMATION: _Z
FREQ: M

All OECD data should be cited as follows: OECD (year), (dataset name), (data source) DOI or https://data-explorer.oecd.org/ (https://data-explorer.oecd.org/). (accessed on (date))."
south_korea,South Korea CPI,CPALTT01KRA657N,Consumer Price Index: All Items: Total for Korea,Annual,Growth rate previous period,Not Seasonally Adjusted,1965-01-01,2023-01-01,1,"OECD Descriptor ID: CPALTT01
OECD unit ID: PC
OECD country ID: KOR

All OECD data should be cited as follows: OECD, ""Main Economic Indicators - complete database"", Main Economic Indicators (database), https://dx.doi.org/10.1787/data-00052-en (Accessed on date) Copyright, 2016, OECD. Reprinted with permission"
south_korea,South Korea PPI,KORPPDMMINMEI,Producer Prices Index: Economic Activities: Manufacturing: Domestic for Korea,Monthly,Index 2015=100,Not Seasonally Adjusted,1965-01-01,2022-12-01,10,"OECD Descriptor ID: PIEAMP02
OECD unit ID: IDX
OECD country ID: KOR

All OECD data should be cited as follows: OECD, ""Main Economic Indicators - complete database"", Main Economic Indicators (database), https://dx.doi.org/10.1787/data-00052-en (Accessed on date) Copyright, 2016, OECD. Reprinted with permission"
south_korea,South Korea PPI,KORPIEAMP02GPM,Producer Prices Index: Economic Activities: Manufacturing: Domestic for Korea,Monthly,Growth rate previous period,Not Seasonally Adjusted,1965-02-01,2022-12-01,2,"OECD Descriptor ID: PIEAMP02
OECD unit ID: PC
OECD country ID: KOR

All OECD data should be cited as follows: OECD, ""Main Economic Indicators - complete database"", Main Economic Indicators (database), https://dx.doi.org/10.1787/data-00052-en (Accessed on date) Copyright, 2016, OECD. Reprinted with permission"
south_korea,South Korea PPI,KORPPDMAINMEI,Producer Prices Index: Economic Activities: Manufacturing: Domestic for Korea,Annual,Index 2015=100,Not Seasonally Adjusted,1965-01-01,2022-01-01,1,"OECD Descriptor ID: PIEAMP02
OECD unit ID: IDX
OECD country ID: KOR

All OECD data should be cited as follows: OECD, ""Main Economic Indicators - complete database"", Main Economic Indicators (database), https://dx.doi.org/10.1787/data-00052-en (Accessed on date) Copyright, 2016, OECD. Reprinted with permission"
south_korea,South Korea PPI,PIEAMP02KRM659N,Producer Prices Index: Economic Activities: Manufacturing: Domestic for Korea,Monthly,Growth rate same period previous year,Not Seasonally Adjusted,1966-01-01,2022-12-01,1,"OECD Descriptor ID: PIEAMP02
OECD unit ID: PC
OECD country ID: KOR

All OECD data should be cited as follows: OECD, ""Main Economic Indicators - complete database"", Main Economic Indicators (database), https://dx.doi.org/10.1787/data-00052-en (Accessed on date) Copyright, 2016, OECD. Reprinted with permission"
south_korea,South Korea PPI,KORPPDMQINMEI,Producer Prices Index: Economic Activities: Manufacturing: Domestic for Korea,Quarterly,Index 2015=100,Not Seasonally Adjusted,1965-01-01,2022-10-01,1,"OECD Descriptor ID: PIEAMP02
OECD unit ID: IDX
OECD country ID: KOR

All OECD data should be cited as follows: OECD, ""Main Economic Indicators - complete database"", Main Economic Indicators (database), https://dx.doi.org/10.1787/data-00052-en (Accessed on date) Copyright, 2016, OECD. Reprinted with permission"
south_korea,South Korea PPI,PIEAMP02KRA659N,Producer Prices Index: Economic Activities: Manufacturing: Domestic for Korea,Annual,Growth rate same period previous year,Not Seasonally Adjusted,1966-01-01,2022-01-01,1,"OECD Descriptor ID: PIEAMP02
OECD unit ID: PC
OECD country ID: KOR

All OECD data should be cited as follows: OECD, ""Main Economic Indicators - complete database"", Main Economic Indicators (database), https://dx.doi.org/10.1787/data-00052-en (Accessed on date) Copyright, 2016, OECD. Reprinted with permission"
south_korea,South Korea PPI,PIEAMP02KRQ659N,Producer Prices Index: Economic Activities: Manufacturing: Domestic for Korea,Quarterly,Growth rate same period previous year,Not Seasonally Adjusted,1966-01-01,2022-10-01,1,"OECD Descriptor ID: PIEAMP02
OECD unit ID: PC
OECD country ID: KOR

All OECD data should be cited as follows: OECD, ""Main Economic Indicators - complete database"", Main Economic Indicators (database), https://dx.doi.org/10.1787/data-00052-en (Accessed on date) Copyright, 2016, OECD. Reprinted with permission"
south_korea,South Korea PPI,KORPIEAMP02GPQ,Producer Prices Index: Economic Activities: Manufacturing: Domestic for Korea,Quarterly,Growth rate previous period,Not Seasonally Adjusted,1965-04-01,2022-10-01,1,"OECD Descriptor ID: PIEAMP02
OECD unit ID: PC
OECD country ID: KOR

All OECD data should be cited as follows: OECD, ""Main Economic Indicators - complete database"", Main Economic Indicators (database), https://dx.doi.org/10.1787/data-00052-en (Accessed on date) Copyright, 2016, OECD. Reprinted with permission"
south_korea,South Korea PPI,KORPIEATI02GPM,Producer Prices Index: Economic Activities: Industrial Activities: Domestic for Korea,Monthly,Growth rate previous period,Not Seasonally Adjusted,1965-02-01,2022-12-01,1,"OECD Descriptor ID: PIEATI02
OECD unit ID: PC
OECD country ID: KOR

All OECD data should be cited as follows: OECD, ""Main Economic Indicators - complete database"", Main Economic Indicators (database), https://dx.doi.org/10.1787/data-00052-en (Accessed on date) Copyright, 2016, OECD. Reprinted with permission"
south_korea,South Korea PPI,PIEATI02KRM661N,Producer Prices Index: Economic Activities: Industrial Activities: Domestic for Korea,Monthly,Index 2015=100,Not Seasonally Adjusted,1965-01-01,2022-12-01,1,"OECD Descriptor ID: PIEATI02
OECD unit ID: IDX
OECD country ID: KOR

All OECD data should be cited as follows: OECD, ""Main Economic Indicators - complete database"", Main Economic Indicators (database), https://dx.doi.org/10.1787/data-00052-en (Accessed on date) Copyright, 2016, OECD. Reprinted with permission"
south_korea,South Korea PPI,PIEATI02KRQ661N,Producer Prices Index: Economic Activities: Industrial Activities: Domestic for Korea,Quarterly,Index 2015=100,Not Seasonally Adjusted,1965-01-01,2022-10-01,1,"OECD Descriptor ID: PIEATI02
OECD unit ID: IDX
OECD country ID: KOR

All OECD data should be cited as follows: OECD, ""Main Economic Indicators - complete database"", Main Economic Indicators (database), https://dx.doi.org/10.1787/data-00052-en (Accessed on date) Copyright, 2016, OECD. Reprinted with permission"
south_korea,South Korea PPI,PIEATI02KRA661N,Producer Prices Index: Economic Activities: Industrial Activities: Domestic for Korea,Annual,Index 2015=100,Not Seasonally Adjusted,1965-01-01,2022-01-01,1,"OECD Descriptor ID: PIEATI02
OECD unit ID: IDX
OECD country ID: KOR

All OECD data should be cited as follows: OECD, ""Main Economic Indicators - complete database"", Main Economic Indicators (database), https://dx.doi.org/10.1787/data-00052-en (Accessed on date) Copyright, 2016, OECD. Reprinted with permission"
south_korea,South Korea PPI,KORPIEATI02GYQ,Producer Prices Index: Economic Activities: Industrial Activities: Domestic for Korea,Quarterly,Growth rate same period previous year,Not Seasonally Adjusted,1966-01-01,2022-10-01,1,"OECD Descriptor ID: PIEATI02
OECD unit ID: PC
OECD country ID: KOR

All OECD data should be cited as follows: OECD, ""Main Economic Indicators - complete database"", Main Economic Indicators (database), https://dx.doi.org/10.1787/data-00052-en (Accessed on date) Copyright, 2016, OECD. Reprinted with permission"
south_korea,South Korea PPI,KORPIEATI02GPQ,Producer Prices Index: Economic Activities: Industrial Activities: Domestic for Korea,Quarterly,Growth rate previous period,Not Seasonally Adjusted,1965-04-01,2022-10-01,1,"OECD Descriptor ID: PIEATI02
OECD unit ID: PC
OECD country ID: KOR

All OECD data should be cited as follows: OECD, ""Main Economic Indicators - complete database"", Main Economic Indicators (database), https://dx.doi.org/10.1787/data-00052-en (Accessed on date) Copyright, 2016, OECD. Reprinted with permission"
south_korea,South Korea PPI,KORPIEATI02GYM,Producer Prices Index: Economic Activities: Industrial Activities: Domestic for Korea,Monthly,Growth rate same period previous year,Not Seasonally Adjusted,1966-01-01,2022-12-01,1,"OECD Descriptor ID: PIEATI02
OECD unit ID: PC
OECD country ID: KOR

All OECD data should be cited as follows: OECD, ""Main Economic Indicators - complete database"", Main Economic Indicators (database), https://dx.doi.org/10.1787/data-00052-en (Accessed on date) Copyright, 2016, OECD. Reprinted with permission"
south_korea,South Korea PPI,KORPISPIG01GPM,Producer Prices Index: Stage of Processing: Intermediate Goods: Total for Korea,Monthly,Growth rate previous period,Not Seasonally Adjusted,1980-02-01,2022-12-01,1,"OECD Descriptor ID: PISPIG01
OECD unit ID: PC
OECD country ID: KOR

All OECD data should be cited as follows: OECD, ""Main Economic Indicators - complete database"", Main Economic Indicators (database), https://dx.doi.org/10.1787/data-00052-en (Accessed on date) Copyright, 2016, OECD. Reprinted with permission"
south_korea,South Korea PPI,PISPIG01KRQ661N,Producer Prices Index: Stage of Processing: Intermediate Goods: Total for Korea,Quarterly,Index 2015=100,Not Seasonally Adjusted,1980-01-01,2022-10-01,1,"OECD Descriptor ID: PISPIG01
OECD unit ID: IDX
OECD country ID: KOR

All OECD data should be cited as follows: OECD, ""Main Economic Indicators - complete database"", Main Economic Indicators (database), https://dx.doi.org/10.1787/data-00052-en (Accessed on date) Copyright, 2016, OECD. Reprinted with permission"
south_korea,South Korea PPI,PISPIG01KRA661N,Producer Prices Index: Stage of Processing: Intermediate Goods: Total for Korea,Annual,Index 2015=100,Not Seasonally Adjusted,1980-01-01,2022-01-01,1,"OECD Descriptor ID: PISPIG01
OECD unit ID: IDX
OECD country ID: KOR

All OECD data should be cited as follows: OECD, ""Main Economic Indicators - complete database"", Main Economic Indicators (database), https://dx.doi.org/10.1787/data-00052-en (Accessed on date) Copyright, 2016, OECD. Reprinted with permission"
south_korea,South Korea PPI,PISPIG01KRM661N,Producer Prices Index: Stage of Processing: Intermediate Goods: Total for Korea,Monthly,Index 2015=100,Not Seasonally Adjusted,1980-01-01,2022-12-01,1,"OECD Descriptor ID: PISPIG01
OECD unit ID: IDX
OECD country ID: KOR

All OECD data should be cited as follows: OECD, ""Main Economic Indicators - complete database"", Main Economic Indicators (database), https://dx.doi.org/10.1787/data-00052-en (Accessed on date) Copyright, 2016, OECD. Reprinted with permission"
south_korea,South Korea PPI,KORPISPIG01GPQ,Producer Prices Index: Stage of Processing: Intermediate Goods: Total for Korea,Quarterly,Growth rate previous period,Not Seasonally Adjusted,1980-04-01,2022-10-01,1,"OECD Descriptor ID: PISPIG01
OECD unit ID: PC
OECD country ID: KOR

All OECD data should be cited as follows: OECD, ""Main Economic Indicators - complete database"", Main Economic Indicators (database), https://dx.doi.org/10.1787/data-00052-en (Accessed on date) Copyright, 2016, OECD. Reprinted with permission"
south_korea,South Korea exports,XTEXVA01KRM667N,International Merchandise Trade Statistics: Exports: Commodities for Korea,Monthly,"US dollars, exchange rate converted",Not Seasonally Adjusted,1957-01-01,2026-06-01,14,"OECD Data Filters: 
REF_AREA: KOR
COUNTERPART_AREA: W
UNIT_MEASURE: USD_EXC
TRADE_FLOW: X
PRODUCT_TYPE: C
ADJUSTMENT: N
TRANSFORMATION: N
FREQ: M

All OECD data should be cited as follows: OECD (year), (dataset name), (data source) DOI or https://data-explorer.oecd.org/ (https://data-explorer.oecd.org/). (accessed on (date))."
south_korea,South Korea exports,XTEXVA01KRM667S,International Merchandise Trade Statistics: Exports: Commodities for Korea,Monthly,"US dollars, exchange rate converted",Seasonally Adjusted,1957-01-01,2026-06-01,9,"OECD Data Filters: 
REF_AREA: KOR
COUNTERPART_AREA: W
UNIT_MEASURE: USD_EXC
TRADE_FLOW: X
PRODUCT_TYPE: C
ADJUSTMENT: Y
TRANSFORMATION: N
FREQ: M

All OECD data should be cited as follows: OECD (year), (dataset name), (data source) DOI or https://data-explorer.oecd.org/ (https://data-explorer.oecd.org/). (accessed on (date))."
south_korea,South Korea exports,NXRSAXDCKRQ,Real Exports of Goods and Services for Republic of Korea,Quarterly,Millions of Domestic Currency,Seasonally Adjusted,1960-01-01,2026-04-01,8,
south_korea,South Korea exports,XTEXVA01KRM664S,International Merchandise Trade Statistics: Exports: Commodities for Korea,Monthly,Won,Seasonally Adjusted,1957-01-01,2026-06-01,5,"OECD Data Filters: 
REF_AREA: KOR
COUNTERPART_AREA: W
UNIT_MEASURE: XDC
TRADE_FLOW: X
PRODUCT_TYPE: C
ADJUSTMENT: Y
TRANSFORMATION: N
FREQ: M

All OECD data should be cited as follows: OECD (year), (dataset name), (data source) DOI or https://data-explorer.oecd.org/ (https://data-explorer.oecd.org/). (accessed on (date))."
south_korea,South Korea exports,XTEXVA01KRM659S,International Merchandise Trade Statistics: Exports: Commodities for Korea,Monthly,Growth rate same period previous year,Seasonally Adjusted,1958-01-01,2026-06-01,3,"OECD Data Filters: 
REF_AREA: KOR
COUNTERPART_AREA: W
UNIT_MEASURE: PC
TRADE_FLOW: X
PRODUCT_TYPE: C
ADJUSTMENT: Y
TRANSFORMATION: GY
FREQ: M

All OECD data should be cited as follows: OECD (year), (dataset name), (data source) DOI or https://data-explorer.oecd.org/ (https://data-explorer.oecd.org/). (accessed on (date))."
south_korea,South Korea exports,NXRNSAXDCKRQ,Real Exports of Goods and Services for Republic of Korea,Quarterly,Millions of Domestic Currency,Not Seasonally Adjusted,1960-01-01,2026-04-01,3,
south_korea,South Korea exports,XTEXVA01KRQ667N,International Merchandise Trade Statistics: Exports: Commodities for Korea,Quarterly,"US dollars, exchange rate converted",Not Seasonally Adjusted,1957-01-01,2026-04-01,2,"OECD Data Filters: 
REF_AREA: KOR
COUNTERPART_AREA: W
UNIT_MEASURE: USD_EXC
TRADE_FLOW: X
PRODUCT_TYPE: C
ADJUSTMENT: N
TRANSFORMATION: N
FREQ: Q

All OECD data should be cited as follows: OECD (year), (dataset name), (data source) DOI or https://data-explorer.oecd.org/ (https://data-explorer.oecd.org/). (accessed on (date))."
south_korea,South Korea exports,XTEXVA01KRQ664S,International Merchandise Trade Statistics: Exports: Commodities for Korea,Quarterly,Won,Seasonally Adjusted,1957-01-01,2026-04-01,1,"OECD Data Filters: 
REF_AREA: KOR
COUNTERPART_AREA: W
UNIT_MEASURE: XDC
TRADE_FLOW: X
PRODUCT_TYPE: C
ADJUSTMENT: Y
TRANSFORMATION: N
FREQ: Q

All OECD data should be cited as follows: OECD (year), (dataset name), (data source) DOI or https://data-explorer.oecd.org/ (https://data-explorer.oecd.org/). (accessed on (date))."
south_korea,South Korea exports,XTEXVA01KRA667N,International Merchandise Trade Statistics: Exports: Commodities for Korea,Annual,"US dollars, exchange rate converted",Not Seasonally Adjusted,1957-01-01,2025-01-01,1,"OECD Data Filters: 
REF_AREA: KOR
COUNTERPART_AREA: W
UNIT_MEASURE: USD_EXC
TRADE_FLOW: X
PRODUCT_TYPE: C
ADJUSTMENT: N
TRANSFORMATION: N
FREQ: A

All OECD data should be cited as follows: OECD (year), (dataset name), (data source) DOI or https://data-explorer.oecd.org/ (https://data-explorer.oecd.org/). (accessed on (date))."
south_korea,South Korea exports,XTEXVA01KRQ667S,International Merchandise Trade Statistics: Exports: Commodities for Korea,Quarterly,"US dollars, exchange rate converted",Seasonally Adjusted,1957-01-01,2026-04-01,1,"OECD Data Filters: 
REF_AREA: KOR
COUNTERPART_AREA: W
UNIT_MEASURE: USD_EXC
TRADE_FLOW: X
PRODUCT_TYPE: C
ADJUSTMENT: Y
TRANSFORMATION: N
FREQ: Q

All OECD data should be cited as follows: OECD (year), (dataset name), (data source) DOI or https://data-explorer.oecd.org/ (https://data-explorer.oecd.org/). (accessed on (date))."
south_korea,South Korea exports,KORXTEXVA01NCMLM,International Merchandise Trade Statistics: Exports: Commodities for Korea,Monthly,Won,Not Seasonally Adjusted,1957-01-01,2026-06-01,1,"OECD Data Filters: 
REF_AREA: KOR
COUNTERPART_AREA: W
UNIT_MEASURE: XDC
TRADE_FLOW: X
PRODUCT_TYPE: C
ADJUSTMENT: N
TRANSFORMATION: N
FREQ: M

All OECD data should be cited as follows: OECD (year), (dataset name), (data source) DOI or https://data-explorer.oecd.org/ (https://data-explorer.oecd.org/). (accessed on (date))."
south_korea,South Korea exports,XTEXVA01KRM657S,International Merchandise Trade Statistics: Exports: Commodities for Korea,Monthly,Growth rate previous period,Seasonally Adjusted,1957-02-01,2026-06-01,1,"OECD Data Filters: 
REF_AREA: KOR
COUNTERPART_AREA: W
UNIT_MEASURE: PC
TRADE_FLOW: X
PRODUCT_TYPE: C
ADJUSTMENT: Y
TRANSFORMATION: G1
FREQ: M

All OECD data should be cited as follows: OECD (year), (dataset name), (data source) DOI or https://data-explorer.oecd.org/ (https://data-explorer.oecd.org/). (accessed on (date))."
south_korea,South Korea exports,XTEXVA01KRQ657S,International Merchandise Trade Statistics: Exports: Commodities for Korea,Quarterly,Growth rate previous period,Seasonally Adjusted,1957-04-01,2026-04-01,1,"OECD Data Filters: 
REF_AREA: KOR
COUNTERPART_AREA: W
UNIT_MEASURE: PC
TRADE_FLOW: X
PRODUCT_TYPE: C
ADJUSTMENT: Y
TRANSFORMATION: G1
FREQ: Q

All OECD data should be cited as follows: OECD (year), (dataset name), (data source) DOI or https://data-explorer.oecd.org/ (https://data-explorer.oecd.org/). (accessed on (date))."
south_korea,South Korea exports,XTEXVA01KRQ659S,International Merchandise Trade Statistics: Exports: Commodities for Korea,Quarterly,Growth rate same period previous year,Seasonally Adjusted,1958-01-01,2026-04-01,1,"OECD Data Filters: 
REF_AREA: KOR
COUNTERPART_AREA: W
UNIT_MEASURE: PC
TRADE_FLOW: X
PRODUCT_TYPE: C
ADJUSTMENT: Y
TRANSFORMATION: GY
FREQ: Q

All OECD data should be cited as follows: OECD (year), (dataset name), (data source) DOI or https://data-explorer.oecd.org/ (https://data-explorer.oecd.org/). (accessed on (date))."
south_korea,South Korea exports,KORXTEXVA01NCMLQ,International Merchandise Trade Statistics: Exports: Commodities for Korea,Quarterly,Won,Not Seasonally Adjusted,1957-01-01,2026-04-01,1,"OECD Data Filters: 
REF_AREA: KOR
COUNTERPART_AREA: W
UNIT_MEASURE: XDC
TRADE_FLOW: X
PRODUCT_TYPE: C
ADJUSTMENT: N
TRANSFORMATION: N
FREQ: Q

All OECD data should be cited as follows: OECD (year), (dataset name), (data source) DOI or https://data-explorer.oecd.org/ (https://data-explorer.oecd.org/). (accessed on (date))."
south_korea,South Korea exports,XTEXVA01KRA664S,International Merchandise Trade Statistics: Exports: Commodities for Korea,Annual,Won,Seasonally Adjusted,1957-01-01,2025-01-01,1,"OECD Data Filters: 
REF_AREA: KOR
COUNTERPART_AREA: W
UNIT_MEASURE: XDC
TRADE_FLOW: X
PRODUCT_TYPE: C
ADJUSTMENT: Y
TRANSFORMATION: N
FREQ: A

All OECD data should be cited as follows: OECD (year), (dataset name), (data source) DOI or https://data-explorer.oecd.org/ (https://data-explorer.oecd.org/). (accessed on (date))."
south_korea,South Korea exports,XTEXVA01KRA659S,International Merchandise Trade Statistics: Exports: Commodities for Korea,Annual,Growth rate same period previous year,Seasonally Adjusted,1958-01-01,2025-01-01,1,"OECD Data Filters: 
REF_AREA: KOR
COUNTERPART_AREA: W
UNIT_MEASURE: PC
TRADE_FLOW: X
PRODUCT_TYPE: C
ADJUSTMENT: Y
TRANSFORMATION: GY
FREQ: A

All OECD data should be cited as follows: OECD (year), (dataset name), (data source) DOI or https://data-explorer.oecd.org/ (https://data-explorer.oecd.org/). (accessed on (date))."
south_korea,South Korea exports,XTEXVA01KRA667S,International Merchandise Trade Statistics: Exports: Commodities for Korea,Annual,"US dollars, exchange rate converted",Seasonally Adjusted,1957-01-01,2025-01-01,1,"OECD Data Filters: 
REF_AREA: KOR
COUNTERPART_AREA: W
UNIT_MEASURE: USD_EXC
TRADE_FLOW: X
PRODUCT_TYPE: C
ADJUSTMENT: Y
TRANSFORMATION: N
FREQ: A

All OECD data should be cited as follows: OECD (year), (dataset name), (data source) DOI or https://data-explorer.oecd.org/ (https://data-explorer.oecd.org/). (accessed on (date))."
south_korea,South Korea exports,XTEXVA01KRA657S,International Merchandise Trade Statistics: Exports: Commodities for Korea,Annual,Growth rate previous period,Seasonally Adjusted,1958-01-01,2025-01-01,1,"OECD Data Filters: 
REF_AREA: KOR
COUNTERPART_AREA: W
UNIT_MEASURE: PC
TRADE_FLOW: X
PRODUCT_TYPE: C
ADJUSTMENT: Y
TRANSFORMATION: G1
FREQ: A

All OECD data should be cited as follows: OECD (year), (dataset name), (data source) DOI or https://data-explorer.oecd.org/ (https://data-explorer.oecd.org/). (accessed on (date))."
south_korea,South Korea exports,NXRXDCKRA,Real Exports of Goods and Services for Republic of Korea,Annual,Millions of Domestic Currency,Not Seasonally Adjusted,1960-01-01,2025-01-01,1,
south_korea,South Korea industrial production,OECDNMERECDM,OECD based Recession Indicators for OECD and Non-member Economies from the Peak through the Trough (DISCONTINUED),"Daily, 7-Day",+1 or 0,Not Seasonally Adjusted,1960-02-01,2022-02-28,12,"This time series is an interpretation of Organisation of Economic Development (OECD) Composite Leading Indicators: Reference Turning Points and Component Series data, which can be found at http://www.oecd.org/std/leading-indicators/oecdcompositeleadingindicatorsreferenceturningpointsandcomponentseries.htm. The OECD identifies months of turning points without designating a date within the month that turning points occurred. The dummy variable adopts an arbitrary convention that the turning point occurred at a specific date within the month. The arbitrary convention does not reflect any judgment on this issue by the OECD. Our time series is composed of dummy variables that represent periods of expansion and recession. A value of 1 is a recessionary period, while a value of 0 is an expansionary period. For this time series, the recession begins on the 15th day of the month of the peak and ends on the 15th day of the month of the trough. This time series is a disaggregation of the monthly series. For more options on recession shading, see the note and links below.

The recession shading data that we provide initially comes from the source as a list of dates that are either an economic peak or trough. We interpret dates into recession shading data using one of three arbitrary methods. All of our recession shading data is available using all three interpretations. The period between a peak and trough is always shaded as a recession. The peak and trough are collectively extrema. Depending on the application, the extrema, both individually and collectively, may be included in the recession period in whole or in part. In situations where a portion of a period is included in the recession, the whole period is deemed to be included in the recession period.

The first interpretation, known as the midpoint method, is to show a recession from the midpoint of the peak through the midpoint of the trough for monthly and quarterly data. For daily data, the recession begins on the 15th of the month of the peak and ends on the 15th of the month of the trough. Daily data is a disaggregation of monthly data. For monthly and quarterly data, the entire peak and trough periods are included in the recession shading. This method shows the maximum number of periods as a recession for monthly and quarterly data. The Federal Reserve Bank of St. Louis uses this method in its own publications. The midpoint method is used for this series.

The second interpretation, known as the trough method, is to show a recession from the period following the peak through the trough (i.e. the peak is not included in the recession shading, but the trough is). For daily data, the recession begins on the first day of the first month following the peak and ends on the last day of the month of the trough. Daily data is a disaggregation of monthly data. The trough method is used when displaying data on FRED graphs. A version of this time series represented using the trough method can be found at:

https://fred.stlouisfed.org/series/OECDNMERECD

The third interpretation, known as the peak method, is to show a recession from the period of the peak to the trough (i.e. the peak is included in the recession shading, but the trough is not). For daily data, the recession begins on the first day of the month of the peak and ends on the last day of the month preceding the trough. Daily data is a disaggregation of monthly data. A version of this time series represented using the peak method can be found at:

https://fred.stlouisfed.org/series/OECDNMERECDP

The OECD CLI system is based on the ""growth cycle"" approach, where business cycles and turning points are measured and identified in the deviation-from-trend series. The main reference series used in the OECD CLI system for the majority of countries is industrial production (IIP) covering all industry sectors excluding construction. This series is used because of its cyclical sensitivity and monthly availability, while the broad based Gross Domestic Product (GDP) is used to supplement the IIP series for identification of the final reference turning points in the growth cycle.

Zones aggregates of the CLIs and the reference series are calculated as weighted averages of the corresponding zone member series (i.e. CLIs and IIPs).

Up to December 2008 the turning points chronologies shown for regional/zone area aggregates or individual countries are determined by the rules established by the National Bureau of Economic Research (NBER) in the United States, which have been formalized and incorporated in a computer routine (Bry and Boschan) and included in the Phase-Average Trend (PAT) de-trending procedure. Starting from December 2008 the turning point detection algorithm is decoupled from the de-trending procedure, and is a simplified version of the original Bry and Boschan routine. (The routine parses local minima and maxima in the cycle series and applies censor rules to guarantee alternating peaks and troughs, as well as phase and cycle length constraints.)

The components of the CLI are time series which exhibit leading relationship with the reference series (IIP) at turning points. Country CLIs are compiled by combining de-trended smoothed and normalized components. The component series for each country are selected based on various criteria such as economic significance; cyclical behavior; data quality; timeliness and availability.

The OECD and Non-member economies covers the following 35 countries: Australia, Austria, Belgium, Brazil, Canada, China, Czech Republic, Denmark, Finland, France, Germany, Greece, Hungary, India, Indonesia, Ireland, Italy, Japan, Korea, Luxembourg, Mexico, Netherlands, New Zealand, Norway, Poland, Portugal, Russian Federation, Slovak Republic, Spain, South Africa, Sweden, Switzerland, Turkey, United Kingdom and United States.

OECD data should be cited as follows: OECD Composite Leading Indicators, ""Composite Leading Indicators: Reference Turning Points and Component Series"", http://www.oecd.org/std/leading-indicators/oecdcompositeleadingindicatorsreferenceturningpointsandcomponentseries.htm (Accessed on date)"
south_korea,South Korea industrial production,KORPROINDMISMEI,"Production, Sales, Work Started and Orders: Production Volume: Economic Activity: Industry (Except Construction) for Korea",Monthly,Index 2015=100,Seasonally Adjusted,1990-01-01,2024-03-01,11,"OECD Data Filters: 
REF_AREA: KOR
MEASURE: PRVM
UNIT_MEASURE: IX
ACTIVITY: BTE
ADJUSTMENT: Y
TRANSFORMATION: _Z
TIME_HORIZ: _Z
METHODOLOGY: N
FREQ: M

All OECD data should be cited as follows: OECD (year), (dataset name), (data source) DOI or https://data-explorer.oecd.org/ (https://data-explorer.oecd.org/). (accessed on (date))."
south_korea,South Korea industrial production,KORPRINTO01GYSAM,Production: Industry: Total Industry Excluding Construction for Korea,Monthly,Growth rate same period previous year,Seasonally Adjusted,1991-01-01,2026-05-01,6,"OECD Data Filters: 
REF_AREA: KOR
MEASURE: PRVM
UNIT_MEASURE: GR
ACTIVITY: BTE
ADJUSTMENT: Y
TRANSFORMATION: GY
FREQ: M

All OECD data should be cited as follows: OECD (year), (dataset name), (data source) DOI or https://data-explorer.oecd.org/ (https://data-explorer.oecd.org/). (accessed on (date))."
south_korea,South Korea industrial production,KORRECD,OECD based Recession Indicators for Korea from the Period following the Peak through the Trough (DISCONTINUED),"Daily, 7-Day",+1 or 0,Not Seasonally Adjusted,1960-02-01,2022-09-30,4,"This time series is an interpretation of Organisation of Economic Development (OECD) Composite Leading Indicators: Reference Turning Points and Component Series data, which can be found at http://www.oecd.org/std/leading-indicators/oecdcompositeleadingindicatorsreferenceturningpointsandcomponentseries.htm. The OECD identifies months of turning points without designating a date within the month that turning points occurred. The dummy variable adopts an arbitrary convention that the turning point occurred at a specific date within the month. The arbitrary convention does not reflect any judgment on this issue by the OECD. Our time series is composed of dummy variables that represent periods of expansion and recession. A value of 1 is a recessionary period, while a value of 0 is an expansionary period. For this time series, the recession begins the first day of the period following a peak and ends on the last day of the period of the trough. For more options on recession shading, see the notes and links below.

The recession shading data that we provide initially comes from the source as a list of dates that are either an economic peak or trough. We interpret dates into recession shading data using one of three arbitrary methods. All of our recession shading data is available using all three interpretations. The period between a peak and trough is always shaded as a recession. The peak and trough are collectively extrema. Depending on the application, the extrema, both individually and collectively, may be included in the recession period in whole or in part. In situations where a portion of a period is included in the recession, the whole period is deemed to be included in the recession period.

The first interpretation, known as the midpoint method, is to show a recession from the midpoint of the peak through the midpoint of the trough for monthly and quarterly data. For daily data, the recession begins on the 15th of the month of the peak and ends on the 15th of the month of the trough. Daily data is a disaggregation of monthly data. For monthly and quarterly data, the entire peak and trough periods are included in the recession shading. This method shows the maximum number of periods as a recession for monthly and quarterly data. The Federal Reserve Bank of St. Louis uses this method in its own publications. A version of this time series represented using the midpoint method can be found at:

https://fred.stlouisfed.org/series/KORRECDM

The second interpretation, known as the trough method, is to show a recession from the period following the peak through the trough (i.e. the peak is not included in the recession shading, but the trough is). For daily data, the recession begins on the first day of the first month following the peak and ends on the last day of the month of the trough. Daily data is a disaggregation of monthly data. The trough method is used when displaying data on FRED graphs. The trough method is used for this series.

The third interpretation, known as the peak method, is to show a recession from the period of the peak to the trough (i.e. the peak is included in the recession shading, but the trough is not). For daily data, the recession begins on the first day of the month of the peak and ends on the last day of the month preceding the trough. Daily data is a disaggregation of monthly data. A version of this time series represented using the peak method can be found at:

https://fred.stlouisfed.org/series/KORRECDP

The OECD CLI system is based on the ""growth cycle"" approach, where business cycles and turning points are measured and identified in the deviation-from-trend series. The main reference series used in the OECD CLI system for the majority of countries is industrial production (IIP) covering all industry sectors excluding construction. This series is used because of its cyclical sensitivity and monthly availability, while the broad based Gross Domestic Product (GDP) is used to supplement the IIP series for identification of the final reference turning points in the growth cycle.

Zones aggregates of the CLIs and the reference series are calculated as weighted averages of the corresponding zone member series (i.e. CLIs and IIPs).

Up to December 2008 the turning points chronologies shown for regional/zone area aggregates or individual countries are determined by the rules established by the National Bureau of Economic Research (NBER) in the United States, which have been formalized and incorporated in a computer routine (Bry and Boschan) and included in the Phase-Average Trend (PAT) de-trending procedure. Starting from December 2008 the turning point detection algorithm is decoupled from the de-trending procedure, and is a simplified version of the original Bry and Boschan routine. (The routine parses local minima and maxima in the cycle series and applies censor rules to guarantee alternating peaks and troughs, as well as phase and cycle length constraints.)

The components of the CLI are time series which exhibit leading relationship with the reference series (IIP) at turning points. Country CLIs are compiled by combining de-trended smoothed and normalized components. The component series for each country are selected based on various criteria such as economic significance; cyclical behavior; data quality; timeliness and availability.

OECD data should be cited as follows: OECD Composite Leading Indicators, ""Composite Leading Indicators: Reference Turning Points and Component Series"", http://www.oecd.org/std/leading-indicators/oecdcompositeleadingindicatorsreferenceturningpointsandcomponentseries.htm (Accessed on date)"
south_korea,South Korea industrial production,PRMNTO01KRQ657S,Production: Manufacturing: Total Manufacturing for Korea,Quarterly,Growth rate previous period,Seasonally Adjusted,1990-04-01,2023-04-01,3,"OECD Descriptor ID: PRMNTO01
OECD unit ID: PC
OECD country ID: KOR

All OECD data should be cited as follows: OECD, ""Main Economic Indicators - complete database"", Main Economic Indicators (database), https://dx.doi.org/10.1787/data-00052-en (Accessed on date) Copyright, 2016, OECD. Reprinted with permission"
south_korea,South Korea industrial production,KORPRINTO01GPSAM,Production: Industry: Total Industry Excluding Construction for Korea,Monthly,Growth rate previous period,Seasonally Adjusted,1990-02-01,2026-05-01,2,"OECD Data Filters: 
REF_AREA: KOR
MEASURE: PRVM
UNIT_MEASURE: GR
ACTIVITY: BTE
ADJUSTMENT: Y
TRANSFORMATION: G1
FREQ: M

All OECD data should be cited as follows: OECD (year), (dataset name), (data source) DOI or https://data-explorer.oecd.org/ (https://data-explorer.oecd.org/). (accessed on (date))."
south_korea,South Korea industrial production,KORPRINTO01IXOBM,"Production, Sales, Work Started and Orders: Production Volume: Economic Activity: Industry (Except Construction) for Korea",Monthly,Index 2015=100,Not Seasonally Adjusted,1990-01-01,2024-03-01,1,"OECD Data Filters: 
REF_AREA: KOR
MEASURE: PRVM
UNIT_MEASURE: IX
ACTIVITY: BTE
ADJUSTMENT: N
TRANSFORMATION: _Z
TIME_HORIZ: _Z
METHODOLOGY: N
FREQ: M

All OECD data should be cited as follows: OECD (year), (dataset name), (data source) DOI or https://data-explorer.oecd.org/ (https://data-explorer.oecd.org/). (accessed on (date))."
south_korea,South Korea industrial production,KORPROINDQISMEI,"Production, Sales, Work Started and Orders: Production Volume: Economic Activity: Industry (Except Construction) for Korea",Quarterly,Index 2015=100,Seasonally Adjusted,1990-01-01,2024-01-01,1,"OECD Data Filters: 
REF_AREA: KOR
MEASURE: PRVM
UNIT_MEASURE: IX
ACTIVITY: BTE
ADJUSTMENT: Y
TRANSFORMATION: _Z
TIME_HORIZ: _Z
METHODOLOGY: N
FREQ: Q

All OECD data should be cited as follows: OECD (year), (dataset name), (data source) DOI or https://data-explorer.oecd.org/ (https://data-explorer.oecd.org/). (accessed on (date))."
south_korea,South Korea industrial production,KORPROINDAISMEI,"Production, Sales, Work Started and Orders: Production Volume: Economic Activity: Industry (Except Construction) for Korea",Annual,Index 2015=100,Seasonally Adjusted,1990-01-01,2023-01-01,1,"OECD Data Filters: 
REF_AREA: KOR
MEASURE: PRVM
UNIT_MEASURE: IX
ACTIVITY: BTE
ADJUSTMENT: Y
TRANSFORMATION: _Z
TIME_HORIZ: _Z
METHODOLOGY: N
FREQ: A

All OECD data should be cited as follows: OECD (year), (dataset name), (data source) DOI or https://data-explorer.oecd.org/ (https://data-explorer.oecd.org/). (accessed on (date))."
south_korea,South Korea industrial production,PRINTO01KRQ661N,"Production, Sales, Work Started and Orders: Production Volume: Economic Activity: Industry (Except Construction) for Korea",Quarterly,Index 2015=100,Not Seasonally Adjusted,1990-01-01,2024-01-01,1,"OECD Data Filters: 
REF_AREA: KOR
MEASURE: PRVM
UNIT_MEASURE: IX
ACTIVITY: BTE
ADJUSTMENT: N
TRANSFORMATION: _Z
TIME_HORIZ: _Z
METHODOLOGY: N
FREQ: Q

All OECD data should be cited as follows: OECD (year), (dataset name), (data source) DOI or https://data-explorer.oecd.org/ (https://data-explorer.oecd.org/). (accessed on (date))."
south_korea,South Korea industrial production,PRINTO01KRA661N,"Production, Sales, Work Started and Orders: Production Volume: Economic Activity: Industry (Except Construction) for Korea",Annual,Index 2015=100,Not Seasonally Adjusted,1990-01-01,2023-01-01,1,"OECD Data Filters: 
REF_AREA: KOR
MEASURE: PRVM
UNIT_MEASURE: IX
ACTIVITY: BTE
ADJUSTMENT: N
TRANSFORMATION: _Z
TIME_HORIZ: _Z
METHODOLOGY: N
FREQ: A

All OECD data should be cited as follows: OECD (year), (dataset name), (data source) DOI or https://data-explorer.oecd.org/ (https://data-explorer.oecd.org/). (accessed on (date))."
south_korea,South Korea industrial production,PRINTO01KRQ657S,Production: Industry: Total Industry Excluding Construction for Korea,Quarterly,Growth rate previous period,Seasonally Adjusted,1989-04-01,2023-04-01,1,"OECD Descriptor ID: PRINTO01
OECD unit ID: PC
OECD country ID: KOR

All OECD data should be cited as follows: OECD, ""Main Economic Indicators - complete database"", Main Economic Indicators (database), https://dx.doi.org/10.1787/data-00052-en (Accessed on date) Copyright, 2016, OECD. Reprinted with permission"
south_korea,South Korea industrial production,PRINTO01KRQ659S,Production: Industry: Total Industry Excluding Construction for Korea,Quarterly,Growth rate same period previous year,Seasonally Adjusted,1990-01-01,2023-04-01,1,"OECD Descriptor ID: PRINTO01
OECD unit ID: PC
OECD country ID: KOR

All OECD data should be cited as follows: OECD, ""Main Economic Indicators - complete database"", Main Economic Indicators (database), https://dx.doi.org/10.1787/data-00052-en (Accessed on date) Copyright, 2016, OECD. Reprinted with permission"
south_korea,South Korea industrial production,PRINTO01KRA657S,Production: Industry: Total Industry Excluding Construction for Korea,Annual,Growth rate previous period,Seasonally Adjusted,1981-01-01,2022-01-01,1,"OECD Descriptor ID: PRINTO01
OECD unit ID: PC
OECD country ID: KOR

All OECD data should be cited as follows: OECD, ""Main Economic Indicators - complete database"", Main Economic Indicators (database), https://dx.doi.org/10.1787/data-00052-en (Accessed on date) Copyright, 2016, OECD. Reprinted with permission"
south_korea,South Korea industrial production,PRINTO01KRA659S,Production: Industry: Total Industry Excluding Construction for Korea,Annual,Growth rate same period previous year,Seasonally Adjusted,1981-01-01,2022-01-01,1,"OECD Descriptor ID: PRINTO01
OECD unit ID: PC
OECD country ID: KOR

All OECD data should be cited as follows: OECD, ""Main Economic Indicators - complete database"", Main Economic Indicators (database), https://dx.doi.org/10.1787/data-00052-en (Accessed on date) Copyright, 2016, OECD. Reprinted with permission"
south_korea,South Korea industrial production,PRMNTO01KRA657S,Production: Manufacturing: Total Manufacturing for Korea,Annual,Growth rate previous period,Seasonally Adjusted,1981-01-01,2022-01-01,1,"OECD Descriptor ID: PRMNTO01
OECD unit ID: PC
OECD country ID: KOR

All OECD data should be cited as follows: OECD, ""Main Economic Indicators - complete database"", Main Economic Indicators (database), https://dx.doi.org/10.1787/data-00052-en (Accessed on date) Copyright, 2016, OECD. Reprinted with permission"
south_korea,South Korea industrial production,KORREC,OECD based Recession Indicators for Korea from the Period following the Peak through the Trough (DISCONTINUED),Monthly,+1 or 0,Not Seasonally Adjusted,1960-02-01,2022-09-01,1,"This time series is an interpretation of Organisation of Economic Development (OECD) Composite Leading Indicators: Reference Turning Points and Component Series data provided by the OECD at http://www.oecd.org/std/leading-indicators/oecdcompositeleadingindicatorsreferenceturningpointsandcomponentseries.htm. The OECD identifies months of turning points without designating a date within the month that turning points occurred. The dummy variable adopts an arbitrary convention that the turning point occurred at a specific date within the month. The arbitrary convention does not reflect any judgment on this issue by the OECD. Our time series is composed of dummy variables that represent periods of expansion and recession. A value of 1 is a recessionary period, while a value of 0 is an expansionary period. For this time series, the recession begins the first day of the period following a peak and ends on the last day of the period of the trough. For more options on recession shading, see the notes and links below.

The recession shading data that we provide initially comes from the source as a list of dates that are either an economic peak or trough. We interpret dates into recession shading data using one of three arbitrary methods. All of our recession shading data is available using all three interpretations. The period between a peak and trough is always shaded as a recession. The peak and trough are collectively extrema. Depending on the application, the extrema, both individually and collectively, may be included in the recession period in whole or in part. In situations where a portion of a period is included in the recession, the whole period is deemed to be included in the recession period.

The first interpretation, known as the midpoint method, is to show a recession from the midpoint of the peak through the midpoint of the trough for monthly and quarterly data. For daily data, the recession begins on the 15th of the month of the peak and ends on the 15th of the month of the trough. Daily data is a disaggregation of monthly data. For monthly and quarterly data, the entire peak and trough periods are included in the recession shading. This method shows the maximum number of periods as a recession for monthly and quarterly data. The Federal Reserve Bank of St. Louis uses this method in its own publications. A version of this time series represented using the midpoint method can be found at:

https://fred.stlouisfed.org/series/KORRECM

The second interpretation, known as the trough method, is to show a recession from the period following the peak through the trough (i.e. the peak is not included in the recession shading, but the trough is). For daily data, the recession begins on the first day of the first month following the peak and ends on the last day of the month of the trough. Daily data is a disaggregation of monthly data. The trough method is used when displaying data on FRED graphs. The trough method is used for this series.

The third interpretation, known as the peak method, is to show a recession from the period of the peak to the trough (i.e. the peak is included in the recession shading, but the trough is not). For daily data, the recession begins on the first day of the month of the peak and ends on the last day of the month preceding the trough. Daily data is a disaggregation of monthly data. A version of this time series represented using the peak method can be found at:

https://fred.stlouisfed.org/series/KORRECP

The OECD CLI system is based on the ""growth cycle"" approach, where business cycles and turning points are measured and identified in the deviation-from-trend series. The main reference series used in the OECD CLI system for the majority of countries is industrial production (IIP) covering all industry sectors excluding construction. This series is used because of its cyclical sensitivity and monthly availability, while the broad based Gross Domestic Product (GDP) is used to supplement the IIP series for identification of the final reference turning points in the growth cycle.

Zones aggregates of the CLIs and the reference series are calculated as weighted averages of the corresponding zone member series (i.e. CLIs and IIPs).

Up to December 2008 the turning points chronologies shown for regional/zone area aggregates or individual countries are determined by the rules established by the National Bureau of Economic Research (NBER) in the United States, which have been formalized and incorporated in a computer routine (Bry and Boschan) and included in the Phase-Average Trend (PAT) de-trending procedure. Starting from December 2008 the turning point detection algorithm is decoupled from the de-trending procedure, and is a simplified version of the original Bry and Boschan routine. (The routine parses local minima and maxima in the cycle series and applies censor rules to guarantee alternating peaks and troughs, as well as phase and cycle length constraints.)

The components of the CLI are time series which exhibit leading relationship with the reference series (IIP) at turning points. Country CLIs are compiled by combining de-trended smoothed and normalized components. The component series for each country are selected based on various criteria such as economic significance; cyclical behavior; data quality; timeliness and availability.

OECD data should be cited as follows: OECD Composite Leading Indicators, ""Composite Leading Indicators: Reference Turning Points and Component Series"", http://www.oecd.org/std/leading-indicators/oecdcompositeleadingindicatorsreferenceturningpointsandcomponentseries.htm (Accessed on date)"
south_korea,South Korea industrial production,PRMNTO01KRA661N,"Production, Sales, Work Started and Orders: Production Volume: Economic Activity: Manufacturing for Korea",Annual,Index 2015=100,Not Seasonally Adjusted,1990-01-01,2023-01-01,1,"OECD Data Filters: 
REF_AREA: KOR
MEASURE: PRVM
UNIT_MEASURE: IX
ACTIVITY: C
ADJUSTMENT: N
TRANSFORMATION: _Z
TIME_HORIZ: _Z
METHODOLOGY: N
FREQ: A

All OECD data should be cited as follows: OECD (year), (dataset name), (data source) DOI or https://data-explorer.oecd.org/ (https://data-explorer.oecd.org/). (accessed on (date))."
south_korea,South Korea industrial production,PRMNTO01KRQ661N,"Production, Sales, Work Started and Orders: Production Volume: Economic Activity: Manufacturing for Korea",Quarterly,Index 2015=100,Not Seasonally Adjusted,1990-01-01,2024-01-01,1,"OECD Data Filters: 
REF_AREA: KOR
MEASURE: PRVM
UNIT_MEASURE: IX
ACTIVITY: C
ADJUSTMENT: N
TRANSFORMATION: _Z
TIME_HORIZ: _Z
METHODOLOGY: N
FREQ: Q

All OECD data should be cited as follows: OECD (year), (dataset name), (data source) DOI or https://data-explorer.oecd.org/ (https://data-explorer.oecd.org/). (accessed on (date))."
south_korea,South Korea industrial production,KORRECDM,OECD based Recession Indicators for Korea from the Peak through the Trough (DISCONTINUED),"Daily, 7-Day",+1 or 0,Not Seasonally Adjusted,1960-02-01,2022-09-30,1,"This time series is an interpretation of Organisation of Economic Development (OECD) Composite Leading Indicators: Reference Turning Points and Component Series data, which can be found at http://www.oecd.org/std/leading-indicators/oecdcompositeleadingindicatorsreferenceturningpointsandcomponentseries.htm. The OECD identifies months of turning points without designating a date within the month that turning points occurred. The dummy variable adopts an arbitrary convention that the turning point occurred at a specific date within the month. The arbitrary convention does not reflect any judgment on this issue by the OECD. Our time series is composed of dummy variables that represent periods of expansion and recession. A value of 1 is a recessionary period, while a value of 0 is an expansionary period. For this time series, the recession begins on the 15th day of the month of the peak and ends on the 15th day of the month of the trough. This time series is a disaggregation of the monthly series. For more options on recession shading, see the note and links below.

The recession shading data that we provide initially comes from the source as a list of dates that are either an economic peak or trough. We interpret dates into recession shading data using one of three arbitrary methods. All of our recession shading data is available using all three interpretations. The period between a peak and trough is always shaded as a recession. The peak and trough are collectively extrema. Depending on the application, the extrema, both individually and collectively, may be included in the recession period in whole or in part. In situations where a portion of a period is included in the recession, the whole period is deemed to be included in the recession period.

The first interpretation, known as the midpoint method, is to show a recession from the midpoint of the peak through the midpoint of the trough for monthly and quarterly data. For daily data, the recession begins on the 15th of the month of the peak and ends on the 15th of the month of the trough. Daily data is a disaggregation of monthly data. For monthly and quarterly data, the entire peak and trough periods are included in the recession shading. This method shows the maximum number of periods as a recession for monthly and quarterly data. The Federal Reserve Bank of St. Louis uses this method in its own publications. The midpoint method is used for this series.

The second interpretation, known as the trough method, is to show a recession from the period following the peak through the trough (i.e. the peak is not included in the recession shading, but the trough is). For daily data, the recession begins on the first day of the first month following the peak and ends on the last day of the month of the trough. Daily data is a disaggregation of monthly data. The trough method is used when displaying data on FRED graphs. A version of this time series represented using the trough method can be found at:

https://fred.stlouisfed.org/series/KORRECD

The third interpretation, known as the peak method, is to show a recession from the period of the peak to the trough (i.e. the peak is included in the recession shading, but the trough is not). For daily data, the recession begins on the first day of the month of the peak and ends on the last day of the month preceding the trough. Daily data is a disaggregation of monthly data. A version of this time series represented using the peak method can be found at:

https://fred.stlouisfed.org/series/KORRECDP

The OECD CLI system is based on the ""growth cycle"" approach, where business cycles and turning points are measured and identified in the deviation-from-trend series. The main reference series used in the OECD CLI system for the majority of countries is industrial production (IIP) covering all industry sectors excluding construction. This series is used because of its cyclical sensitivity and monthly availability, while the broad based Gross Domestic Product (GDP) is used to supplement the IIP series for identification of the final reference turning points in the growth cycle.

Zones aggregates of the CLIs and the reference series are calculated as weighted averages of the corresponding zone member series (i.e. CLIs and IIPs).

Up to December 2008 the turning points chronologies shown for regional/zone area aggregates or individual countries are determined by the rules established by the National Bureau of Economic Research (NBER) in the United States, which have been formalized and incorporated in a computer routine (Bry and Boschan) and included in the Phase-Average Trend (PAT) de-trending procedure. Starting from December 2008 the turning point detection algorithm is decoupled from the de-trending procedure, and is a simplified version of the original Bry and Boschan routine. (The routine parses local minima and maxima in the cycle series and applies censor rules to guarantee alternating peaks and troughs, as well as phase and cycle length constraints.)

The components of the CLI are time series which exhibit leading relationship with the reference series (IIP) at turning points. Country CLIs are compiled by combining de-trended smoothed and normalized components. The component series for each country are selected based on various criteria such as economic significance; cyclical behavior; data quality; timeliness and availability.

OECD data should be cited as follows: OECD Composite Leading Indicators, ""Composite Leading Indicators: Reference Turning Points and Component Series"", http://www.oecd.org/std/leading-indicators/oecdcompositeleadingindicatorsreferenceturningpointsandcomponentseries.htm (Accessed on date)"
south_korea,South Korea policy rate,GEPUCURRENT,Global Economic Policy Uncertainty Index: Current Price Adjusted GDP,Monthly,Index,Not Seasonally Adjusted,1997-01-01,2026-07-01,60,"The Global Economic Policy Uncertainty Index is a GDP-weighted average of national EPU indices for 20 countries: Australia, Brazil, Canada, Chile, China, France, Germany, Greece, India, Ireland, Italy, Japan, Mexico, the Netherlands, Russia, South Korea, Spain, Sweden, the United Kingdom, and the United States..

For additional details, including an analysis of the performance of the model, see Baker, Scott, Nicholas Bloom and Steven Davis (2016), ""Measuring Economic Policy Uncertainty"" (https://www.policyuncertainty.com/media/EPU_BBD_Mar2016.pdf)"
south_korea,South Korea policy rate,GEPUPPP,Global Economic Policy Uncertainty Index: PPP-Adjusted GDP,Monthly,Index,Not Seasonally Adjusted,1997-01-01,2026-07-01,25,"The Global Economic Policy Uncertainty Index is a GDP-weighted average of national EPU indices for 20 countries: Australia, Brazil, Canada, Chile, China, France, Germany, Greece, India, Ireland, Italy, Japan, Mexico, the Netherlands, Russia, South Korea, Spain, Sweden, the United Kingdom, and the United States..

For additional details, including an analysis of the performance of the model, see Baker, Scott, Nicholas Bloom and Steven Davis (2016), ""Measuring Economic Policy Uncertainty"" (https://www.policyuncertainty.com/media/EPU_BBD_Mar2016.pdf)"
south_korea,South Korea policy rate,KORBCAGDPBP6PT,Balance of Payments: Total Net Current Account for Republic of Korea,Annual,Percent of GDP,Not Seasonally Adjusted,1990-01-01,2031-01-01,7,"Observations for the current and future years are projections.

The IMF provides these series as part of their Regional Economic Outlook (REO) reports. These reports discuss recent economic developments and prospects for countries in various regions. They also address economic policy developments that have affected economic performance in their regions and provide country-specific data and analysis.

For more information, please see the Regional Economic Outlook (https://www.imf.org/en/publications/reo) publications.

Copyright © 2016, International Monetary Fund. Reprinted with permission. Complete terms of use and contact details are available here (http://www.imf.org/external/terms.htm)."
south_korea,South Korea policy rate,KORPCPIPCPPPT,Prices: Consumer Price Index for Republic of Korea,Annual,Percent Change,Not Seasonally Adjusted,1990-01-01,2031-01-01,6,"Observations for the current and future years are projections.

The IMF provides these series as part of their Regional Economic Outlook (REO) reports. These reports discuss recent economic developments and prospects for countries in various regions. They also address economic policy developments that have affected economic performance in their regions and provide country-specific data and analysis.

For more information, please see the Regional Economic Outlook (https://www.imf.org/en/publications/reo) publications.

Copyright © 2016, International Monetary Fund. Reprinted with permission. Complete terms of use and contact details are available here (http://www.imf.org/external/terms.htm)."
south_korea,South Korea policy rate,KORBCABP6USD,Balance of Payments: Total Net Current Account for Republic of Korea,Annual,U.S. Dollars,Not Seasonally Adjusted,2016-01-01,2024-01-01,5,"Observations for the current and future years are projections.

The IMF provides these series as part of their Regional Economic Outlook (REO) reports. These reports discuss recent economic developments and prospects for countries in various regions. They also address economic policy developments that have affected economic performance in their regions and provide country-specific data and analysis.

For more information, please see the Regional Economic Outlook (https://www.imf.org/en/publications/reo) publications.

Copyright © 2016, International Monetary Fund. Reprinted with permission. Complete terms of use and contact details are available here (http://www.imf.org/external/terms.htm)."
south_korea,South Korea policy rate,KOREAEPUINDXM,Economic Policy Uncertainty Index for South Korea,Monthly,Index,Not Seasonally Adjusted,1990-01-01,2020-12-01,5,"Effective September 2016, the Donga Ilbo newspaper was dropped from the set of newspapers used to construct this index. The new version of the index is spliced to the old version based on their overlap from January to August 2016. For further explanation, please see the source's page on the South Korea Monthly Index (https://www.policyuncertainty.com/korea_monthly.html).

For additional details, including an analysis of the performance of the model, see Baker, Scott, Nicholas Bloom and Steven Davis (2012), ""Measuring Economic Policy Uncertainty"" (http://www.policyuncertainty.com/media/BakerBloomDavis.pdf)"
south_korea,South Korea policy rate,KORNGDPRPCPPPT,National Accounts: Real Gross Domestic Product for Republic of Korea,Annual,Percent Change,Not Seasonally Adjusted,1990-01-01,2031-01-01,4,"Observations for the current and future years are projections.

The IMF provides these series as part of their Regional Economic Outlook (REO) reports. These reports discuss recent economic developments and prospects for countries in various regions. They also address economic policy developments that have affected economic performance in their regions and provide country-specific data and analysis.

For more information, please see the Regional Economic Outlook (https://www.imf.org/en/publications/reo) publications.

Copyright © 2016, International Monetary Fund. Reprinted with permission. Complete terms of use and contact details are available here (http://www.imf.org/external/terms.htm)."
south_korea,South Korea policy rate,KOREPUINDXM,Economic Policy Uncertainty Index for South Korea (DISCONTINUED),Monthly,Index,Not Seasonally Adjusted,1990-01-01,2014-12-01,4,"For additional details, including an analysis of the performance of the model, see Baker, Scott, Nicholas Bloom and Steven Davis (2012), ""Measuring Economic Policy Uncertainty"" (http://www.policyuncertainty.com/media/BakerBloomDavis.pdf)"
south_korea,South Korea policy rate,KORGGXCNLG01GDPPT,Fiscal Situation of General Government: Net Lending/borrowing for Republic of Korea,Annual,Percent of Fiscal Year GDP,Not Seasonally Adjusted,1995-01-01,2031-01-01,1,"Observations for the current and future years are projections.

The IMF provides these series as part of their Regional Economic Outlook (REO) reports. These reports discuss recent economic developments and prospects for countries in various regions. They also address economic policy developments that have affected economic performance in their regions and provide country-specific data and analysis.

For more information, please see the Regional Economic Outlook (https://www.imf.org/en/publications/reo) publications.

Copyright © 2016, International Monetary Fund. Reprinted with permission. Complete terms of use and contact details are available here (http://www.imf.org/external/terms.htm)."
south_korea,South Korea policy rate,KORNGDPDUSD,National Accounts: Gross Domestic Product for Republic of Korea,Annual,U.S. Dollars,Not Seasonally Adjusted,2016-01-01,2024-01-01,1,"Observations for the current and future years are projections.

The IMF provides these series as part of their Regional Economic Outlook (REO) reports. These reports discuss recent economic developments and prospects for countries in various regions. They also address economic policy developments that have affected economic performance in their regions and provide country-specific data and analysis.

For more information, please see the Regional Economic Outlook (https://www.imf.org/en/publications/reo) publications.

Copyright © 2016, International Monetary Fund. Reprinted with permission. Complete terms of use and contact details are available here (http://www.imf.org/external/terms.htm)."
south_korea,South Korea policy rate,KORGGXWDGG01GDPPT,Fiscal Situation of General Government: Gross Debt Position for Republic of Korea,Annual,Percent of Fiscal Year GDP,Not Seasonally Adjusted,2016-01-01,2024-01-01,1,"Observations for the current and future years are projections.

The IMF provides these series as part of their Regional Economic Outlook (REO) reports. These reports discuss recent economic developments and prospects for countries in various regions. They also address economic policy developments that have affected economic performance in their regions and provide country-specific data and analysis.

For more information, please see the Regional Economic Outlook (https://www.imf.org/en/publications/reo) publications.

Copyright © 2016, International Monetary Fund. Reprinted with permission. Complete terms of use and contact details are available here (http://www.imf.org/external/terms.htm)."
south_korea,South Korea policy rate,KORNTDDRPCPPPT,National Accounts: Real Total Domestic Demand for Republic of Korea,Annual,Percent Change,Not Seasonally Adjusted,2016-01-01,2024-01-01,1,"Observations for the current and future years are projections.

The IMF provides these series as part of their Regional Economic Outlook (REO) reports. These reports discuss recent economic developments and prospects for countries in various regions. They also address economic policy developments that have affected economic performance in their regions and provide country-specific data and analysis.

For more information, please see the Regional Economic Outlook (https://www.imf.org/en/publications/reo) publications.

Copyright © 2016, International Monetary Fund. Reprinted with permission. Complete terms of use and contact details are available here (http://www.imf.org/external/terms.htm)."
south_korea,South Korea policy rate,KORTXRPCPPPT,External Trade: Volume of Exports of Goods and Services for Republic of Korea,Annual,Percent Change,Not Seasonally Adjusted,2016-01-01,2024-01-01,1,"Observations for the current and future years are projections.

The IMF provides these series as part of their Regional Economic Outlook (REO) reports. These reports discuss recent economic developments and prospects for countries in various regions. They also address economic policy developments that have affected economic performance in their regions and provide country-specific data and analysis.

For more information, please see the Regional Economic Outlook (https://www.imf.org/en/publications/reo) publications.

Copyright © 2016, International Monetary Fund. Reprinted with permission. Complete terms of use and contact details are available here (http://www.imf.org/external/terms.htm)."
south_korea,South Korea policy rate,KORTMRPCPPPT,External Trade: Volume of Imports of Goods and Services for Republic of Korea,Annual,Percent Change,Not Seasonally Adjusted,2016-01-01,2024-01-01,1,"Observations for the current and future years are projections.

The IMF provides these series as part of their Regional Economic Outlook (REO) reports. These reports discuss recent economic developments and prospects for countries in various regions. They also address economic policy developments that have affected economic performance in their regions and provide country-specific data and analysis.

For more information, please see the Regional Economic Outlook (https://www.imf.org/en/publications/reo) publications.

Copyright © 2016, International Monetary Fund. Reprinted with permission. Complete terms of use and contact details are available here (http://www.imf.org/external/terms.htm)."
usa,United States 10 year yield,DGS10,"Market Yield on U.S. Treasury Securities at 10-Year Constant Maturity, Quoted on an Investment Basis",Daily,Percent,Not Seasonally Adjusted,1962-01-02,2026-08-31,99,"H.15 Statistical Release (https://www.federalreserve.gov/releases/h15/current/h15.pdf) notes and Treasury Yield Curve Methodology (https://www.treasury.gov/resource-center/data-chart-center/interest-rates/Pages/yieldmethod.aspx).

For questions on the data, please contact the data source (https://www.federalreserve.gov/apps/ContactUs/feedback.aspx?refurl=/releases/h15/%). For questions on FRED functionality, please contact us here (https://fred.stlouisfed.org/contactus/).</p>"
usa,United States 10 year yield,T10Y2Y,10-Year Treasury Constant Maturity Minus 2-Year Treasury Constant Maturity,Daily,Percent,Not Seasonally Adjusted,1976-06-01,2026-09-01,98,"Starting with the update on June 21, 2019, the Treasury bond data used in calculating interest rate spreads is obtained directly from the U.S. Treasury Department (https://www.treasury.gov/resource-center/data-chart-center/interest-rates/Pages/TextView.aspx?data=yield).
Series is calculated as the spread between 10-Year Treasury Constant Maturity (BC_10YEAR) and 2-Year Treasury Constant Maturity (BC_2YEAR). Both underlying series are published at the U.S. Treasury Department (https://www.treasury.gov/resource-center/data-chart-center/interest-rates/Pages/TextView.aspx?data=yield)."
usa,United States 10 year yield,DFII10,"Market Yield on U.S. Treasury Securities at 10-Year Constant Maturity, Quoted on an Investment Basis, Inflation-Indexed",Daily,Percent,Not Seasonally Adjusted,2003-01-02,2026-08-31,92,"H.15 Statistical Release notes (https://www.federalreserve.gov/releases/h15/default.htm) and the Treasury Yield Curve Methodology (https://home.treasury.gov/policy-issues/financing-the-government/interest-rate-statistics/treasury-yield-curve-methodology).

For questions on the data, please contact the data source (https://www.federalreserve.gov/apps/ContactUs/feedback.aspx?refurl=/releases/h15/%). For questions on FRED functionality, please contact us here (https://fred.stlouisfed.org/contactus/).</p>"
usa,United States 10 year yield,T10Y3M,10-Year Treasury Constant Maturity Minus 3-Month Treasury Constant Maturity,Daily,Percent,Not Seasonally Adjusted,1982-01-04,2026-09-01,92,"Series is calculated as the spread between 10-Year Treasury Constant Maturity (BC_10YEAR) and 3-Month Treasury Constant Maturity (BC_3MONTH).
Starting with the update on June 21, 2019, the Treasury bond data used in calculating interest rate spreads is obtained directly from the U.S. Treasury Department (https://www.treasury.gov/resource-center/data-chart-center/interest-rates/Pages/TextView.aspx?data=yield)."
usa,United States 10 year yield,REAINTRATREARAT10Y,10-Year Real Interest Rate,Monthly,Percent,Not Seasonally Adjusted,1982-01-01,2026-08-01,81,"The Federal Reserve Bank of Cleveland estimates the expected rate of inflation over the next 30 years along with the inflation risk premium, the real risk premium, and the real interest rate.

Their estimates are calculated with a model that uses Treasury yields, inflation data, inflation swaps, and survey-based measures of inflation expectations.

For more information, please visit the <a href=""https://www.clevelandfed.org/indicators-and-data/inflation-expectations#background"">Federal Reserve Bank of Cleveland<a/>."
usa,United States 10 year yield,BAA10Y,Moody's Seasoned Baa Corporate Bond Yield Relative to Yield on 10-Year Treasury Constant Maturity,Daily,Percent,Not Seasonally Adjusted,1986-01-02,2026-08-31,78,"Series is calculated as the spread between Moody's Seasoned Baa Corporate Bond© (https://fred.stlouisfed.org/series/DBAA) and 10-Year Treasury Constant Maturity (BC_10YEAR).

©2017, Moody's Corporation, Moody's Investors Service, Inc., Moody's Analytics, Inc. and/or their licensors and affiliates (collectively, ""Moody's""). All rights reserved. Moody's ratings and other information (""Moody's Information"") are proprietary to Moody's and/or its licensors and are protected by copyright and other intellectual property laws. Moody's Information is licensed to Client by Moody's. MOODY'S INFORMATION MAY NOT BE COPIED OR OTHERWISE REPRODUCED, REPACKAGED, FURTHER TRANSMITTED, TRANSFERRED, DISSEMINATED, REDISTRIBUTED OR RESOLD, OR STORED FOR SUBSEQUENT USE FOR ANY SUCH PURPOSE, IN WHOLE OR IN PART, IN ANY FORM OR MANNER OR BY ANY MEANS WHATSOEVER, BY ANY PERSON WITHOUT MOODY'S PRIOR WRITTEN CONSENT.
Starting with the update on June 21, 2019, the Treasury bond data used in calculating interest rate spreads is obtained directly from the U.S. Treasury Department (https://www.treasury.gov/resource-center/data-chart-center/interest-rates/Pages/TextView.aspx?data=yield)."
usa,United States 10 year yield,GS10,"Market Yield on U.S. Treasury Securities at 10-Year Constant Maturity, Quoted on an Investment Basis",Monthly,Percent,Not Seasonally Adjusted,1953-04-01,2026-08-01,76,"H.15 Statistical Release notes (https://www.federalreserve.gov/releases/h15/default.htm) and the Treasury Yield Curve Methodology (https://home.treasury.gov/policy-issues/financing-the-government/interest-rate-statistics/treasury-yield-curve-methodology).

For questions on the data, please contact the data source (https://www.federalreserve.gov/apps/ContactUs/feedback.aspx?refurl=/releases/h15/%). For questions on FRED functionality, please contact us here (https://fred.stlouisfed.org/contactus/).</p>"
usa,United States 10 year yield,THREEFYTP10,Term Premium on a 10 Year Zero Coupon Bond,Daily,Percent,Not Seasonally Adjusted,1990-01-02,2026-08-28,76,"Kim and Wright (2005) produced this data by fitting a simple three-factor arbitrage-free term structure model to U.S. Treasury yields since 1990, in order to evaluate the behavior of long-term yields, distant-horizon forward rates, and term premiums. For the full paper, please go to http://www.federalreserve.gov/pubs/feds/2005/200533/200533abs.html"
usa,United States 10 year yield,T10YFF,10-Year Treasury Constant Maturity Minus Federal Funds Rate,Daily,Percent,Not Seasonally Adjusted,1962-01-02,2026-08-31,67,"Series is calculated as the spread between 10-Year Treasury Constant Maturity (BC_10YEAR) and Effective Federal Funds Rate (https://fred.stlouisfed.org/series/EFFR).
Starting with the update on June 21, 2019, the Treasury bond data used in calculating interest rate spreads is obtained directly from the U.S. Treasury Department (https://www.treasury.gov/resource-center/data-chart-center/interest-rates/Pages/TextView.aspx?data=yield)."
usa,United States 10 year yield,EXPINF10YR,10-Year Expected Inflation,Monthly,Percent,Not Seasonally Adjusted,1982-01-01,2026-08-01,65,"The Federal Reserve Bank of Cleveland estimates the expected rate of inflation over the next 30 years along with the inflation risk premium, the real risk premium, and the real interest rate.

Their estimates are calculated with a model that uses Treasury yields, inflation data, inflation swaps, and survey-based measures of inflation expectations.

For more information, please visit the <a href=""https://www.clevelandfed.org/indicators-and-data/inflation-expectations#background"">Federal Reserve Bank of Cleveland<a/>."
usa,United States 10 year yield,IRLTLT01USM156N,Interest Rates: Long-Term Government Bond Yields: 10-Year: Main (Including Benchmark) for United States,Monthly,Percent,Not Seasonally Adjusted,1953-04-01,2026-06-01,64,"OECD Data Filters: 
REF_AREA: USA
MEASURE: IRLT
UNIT_MEASURE: PA
ACTIVITY: _Z
ADJUSTMENT: _Z
TRANSFORMATION: _Z
FREQ: M

All OECD data should be cited as follows: OECD (year), (dataset name), (data source) DOI or https://data-explorer.oecd.org/ (https://data-explorer.oecd.org/). (accessed on (date))."
usa,United States 10 year yield,T10Y2YM,10-Year Treasury Constant Maturity Minus 2-Year Treasury Constant Maturity,Monthly,Percent,Not Seasonally Adjusted,1976-06-01,2026-08-01,56,"Series is calculated as the spread between 10-Year Treasury Constant Maturity (BC_10YEARM) and 2-Year Treasury Constant Maturity (BC_2YEARM).
Starting with the update on June 21, 2019, the Treasury bond data used in calculating interest rate spreads is obtained directly from the U.S. Treasury Department (https://www.treasury.gov/resource-center/data-chart-center/interest-rates/Pages/TextView.aspx?data=yield)."
usa,United States 10 year yield,WGS10YR,"Market Yield on U.S. Treasury Securities at 10-Year Constant Maturity, Quoted on an Investment Basis","Weekly, Ending Friday",Percent,Not Seasonally Adjusted,1962-01-05,2026-08-28,54,"H.15 Statistical Release notes (https://www.federalreserve.gov/releases/h15/default.htm) and the Treasury Yield Curve Methodology (https://home.treasury.gov/policy-issues/financing-the-government/interest-rate-statistics/treasury-yield-curve-methodology).

For questions on the data, please contact the data source (https://www.federalreserve.gov/apps/ContactUs/feedback.aspx?refurl=/releases/h15/%). For questions on FRED functionality, please contact us here (https://fred.stlouisfed.org/contactus/).</p>"
usa,United States 10 year yield,FII10,"Market Yield on U.S. Treasury Securities at 10-Year Constant Maturity, Quoted on an Investment Basis, Inflation-Indexed",Monthly,Percent,Not Seasonally Adjusted,2003-01-01,2026-08-01,54,"H.15 Statistical Release notes (https://www.federalreserve.gov/releases/h15/default.htm) and the Treasury Yield Curve Methodology (https://home.treasury.gov/policy-issues/financing-the-government/interest-rate-statistics/treasury-yield-curve-methodology).

For questions on the data, please contact the data source (https://www.federalreserve.gov/apps/ContactUs/feedback.aspx?refurl=/releases/h15/%). For questions on FRED functionality, please contact us here (https://fred.stlouisfed.org/contactus/).</p>"
usa,United States 10 year yield,RIFLGFCY10NA,"Market Yield on U.S. Treasury Securities at 10-Year Constant Maturity, Quoted on an Investment Basis",Annual,Percent,Not Seasonally Adjusted,1962-01-01,2025-01-01,44,"H.15 Statistical release notes (https://www.federalreserve.gov/releases/h15/default.htm) and the Treasury Yield Curve Methodology (https://home.treasury.gov/policy-issues/financing-the-government/interest-rate-statistics/treasury-yield-curve-methodology).

For questions on the data, please contact the data source (https://www.federalreserve.gov/apps/ContactUs/feedback.aspx?refurl=/releases/h15/%). For questions on FRED functionality, please contact us here (https://fred.stlouisfed.org/contactus/).</p>"
usa,United States 10 year yield,BAA10YM,Moody's Seasoned Baa Corporate Bond Yield Relative to Yield on 10-Year Treasury Constant Maturity,Monthly,Percent,Not Seasonally Adjusted,1953-04-01,2026-08-01,41,"Series is calculated as the spread between Moody's Seasoned Baa Corporate Bond© (https://fred.stlouisfed.org/series/BAA) and 10-Year Treasury Constant Maturity (BC_10YEARM).

©2017, Moody's Corporation, Moody's Investors Service, Inc., Moody's Analytics, Inc. and/or their licensors and affiliates (collectively, ""Moody's""). All rights reserved. Moody's ratings and other information (""Moody's Information"") are proprietary to Moody's and/or its licensors and are protected by copyright and other intellectual property laws. Moody's Information is licensed to Client by Moody's. MOODY'S INFORMATION MAY NOT BE COPIED OR OTHERWISE REPRODUCED, REPACKAGED, FURTHER TRANSMITTED, TRANSFERRED, DISSEMINATED, REDISTRIBUTED OR RESOLD, OR STORED FOR SUBSEQUENT USE FOR ANY SUCH PURPOSE, IN WHOLE OR IN PART, IN ANY FORM OR MANNER OR BY ANY MEANS WHATSOEVER, BY ANY PERSON WITHOUT MOODY'S PRIOR WRITTEN CONSENT.
Starting with the update on June 21, 2019, the Treasury bond data used in calculating interest rate spreads is obtained directly from the U.S. Treasury Department (https://www.treasury.gov/resource-center/data-chart-center/interest-rates/Pages/TextView.aspx?data=yield)."
usa,United States 10 year yield,WFII10,"Market Yield on U.S. Treasury Securities at 10-Year Constant Maturity, Quoted on an Investment Basis, Inflation-Indexed","Weekly, Ending Friday",Percent,Not Seasonally Adjusted,2003-01-03,2026-08-28,37,"H.15 Statistical Release notes (https://www.federalreserve.gov/releases/h15/default.htm) and the Treasury Yield Curve Methodology (https://home.treasury.gov/policy-issues/financing-the-government/interest-rate-statistics/treasury-yield-curve-methodology).

For questions on the data, please contact the data source (https://www.federalreserve.gov/apps/ContactUs/feedback.aspx?refurl=/releases/h15/%). For questions on FRED functionality, please contact us here (https://fred.stlouisfed.org/contactus/).</p>"
usa,United States 10 year yield,T10Y3MM,10-Year Treasury Constant Maturity Minus 3-Month Treasury Constant Maturity,Monthly,Percent,Not Seasonally Adjusted,1982-01-01,2026-08-01,37,"Series is calculated as the spread between 10-Year Treasury Constant Maturity (BC_10YEARM) and 3-Month Treasury Constant Maturity (BC_3MONTHM).
Starting with the update on June 21, 2019, the Treasury bond data used in calculating interest rate spreads is obtained directly from the U.S. Treasury Department (https://www.treasury.gov/resource-center/data-chart-center/interest-rates/Pages/TextView.aspx?data=yield)."
usa,United States 10 year yield,RIFLGFCY10XIINA,"Market Yield on U.S. Treasury Securities at 10-Year Constant Maturity, Quoted on an Investment Basis, Inflation-Indexed",Annual,Percent,Not Seasonally Adjusted,2003-01-01,2025-01-01,26,"H.15 Statistical release notes (https://www.federalreserve.gov/releases/h15/default.htm) and the Treasury Yield Curve Methodology (https://home.treasury.gov/policy-issues/financing-the-government/interest-rate-statistics/treasury-yield-curve-methodology).

For questions on the data, please contact the data source (https://www.federalreserve.gov/apps/ContactUs/feedback.aspx?refurl=/releases/h15/%). For questions on FRED functionality, please contact us here (https://fred.stlouisfed.org/contactus/).</p>"
usa,United States 10 year yield,T10YFFM,10-Year Treasury Constant Maturity Minus Federal Funds Rate,Monthly,Percent,Not Seasonally Adjusted,1954-07-01,2026-08-01,26,"Series is calculated as the spread between 10-Year Treasury Constant Maturity (BC_10YEARM) and Effective Federal Funds Rate (https://fred.stlouisfed.org/series/EFFRM).
Starting with the update on June 21, 2019, the Treasury bond data used in calculating interest rate spreads is obtained directly from the U.S. Treasury Department (https://www.treasury.gov/resource-center/data-chart-center/interest-rates/Pages/TextView.aspx?data=yield)."
usa,United States CPI,CPIAUCSL,Consumer Price Index for All Urban Consumers: All Items in U.S. City Average,Monthly,Index 1982-1984=100,Seasonally Adjusted,1947-01-01,2026-07-01,97,"The Consumer Price Index for All Urban Consumers: All Items (CPIAUCSL) is a price index of a basket of goods and services paid by urban consumers. Percent changes in the price index measure the inflation rate between any two time periods. The most common inflation metric is the percent change from one year ago. It can also represent the buying habits of urban consumers. This particular index includes roughly 88 percent of the total population, accounting for wage earners, clerical workers, technical workers, self-employed, short-term workers, unemployed, retirees, and those not in the labor force.

The CPIs are based on prices for food, clothing, shelter, and fuels; transportation fares; service fees (e.g., water and sewer service); and sales taxes. Prices are collected monthly from about 4,000 housing units and approximately 26,000 retail establishments across 87 urban areas. To calculate the index, price changes are averaged with weights representing their importance in the spending of the particular group. The index measures price changes (as a percent change) from a predetermined reference date. In addition to the original unadjusted index distributed, the Bureau of Labor Statistics also releases a seasonally adjusted index. The unadjusted series reflects all factors that may influence a change in prices. However, it can be very useful to look at the seasonally adjusted CPI, which removes the effects of seasonal changes, such as weather, school year, production cycles, and holidays.

The CPI can be used to recognize periods of inflation and deflation. Significant increases in the CPI within a short time frame might indicate a period of inflation, and significant decreases in CPI within a short time frame might indicate a period of deflation. However, because the CPI includes volatile food and oil prices, it might not be a reliable measure of inflationary and deflationary periods. For a more accurate detection, the core CPI (CPILFESL (https://fred.stlouisfed.org/series/CPILFESL)) is often used. When using the CPI, please note that it is not applicable to all consumers and should not be used to determine relative living costs. Additionally, the CPI is a statistical measure vulnerable to sampling error since it is based on a sample of prices and not the complete average.

For more information on the CPI, see the Handbook of Methods (https://www.bls.gov/opub/hom/cpi/), the release notes and announcements (https://www.bls.gov/cpi/), and the Frequently Asked Questions (https://www.bls.gov/cpi/questions-and-answers.htm) (FAQs)."
usa,United States CPI,CPILFESL,Consumer Price Index for All Urban Consumers: All Items Less Food and Energy in U.S. City Average,Monthly,Index 1982-1984=100,Seasonally Adjusted,1957-01-01,2026-07-01,83,"The ""Consumer Price Index for All Urban Consumers: All Items Less Food & Energy"" is an aggregate of prices paid by urban consumers for a typical basket of goods, excluding food and energy. This measurement, known as ""Core CPI,"" is widely used by economists because food and energy have very volatile prices. The Bureau of Labor Statistics defines and measures the official CPI, and more information can be found in the FAQ (https://www.bls.gov/cpi/questions-and-answers.htm) or in this article (https://www.bls.gov/opub/hom/pdf/cpihom.pdf)."
usa,United States CPI,FPCPITOTLZGUSA,"Inflation, consumer prices for the United States",Annual,Percent,Not Seasonally Adjusted,1960-01-01,2024-01-01,83,"Inflation as measured by the consumer price index reflects the annual percentage change in the cost to the average consumer of acquiring a basket of goods and services that may be fixed or changed at specified intervals, such as yearly. The Laspeyres formula is generally used.

International Monetary Fund, International Financial Statistics and data files."
usa,United States CPI,APU0000703112,"Average Price: Ground Beef, 100% Beef (Cost per Pound/453.6 Grams) in U.S. City Average",Monthly,U.S. Dollars,Not Seasonally Adjusted,1984-01-01,2026-07-01,83,"Fresh regular 100% ground beef excluding round, chuck, and sirloin. Includes organic and non-organic. Excludes pre-formed patties.

Average consumer prices are calculated for household fuel, motor fuel, and food items from prices collected for the Consumer Price Index (CPI). Average prices are best used to measure the price level in a particular month, not to measure price change over time. It is more appropriate to use CPI index values for the particular item categories to measure price change.

Prices, except for electricity, are collected monthly by BLS representatives in the 75 urban areas priced for the CPI. Electricity prices are collected for the BLS for the same 75 areas on a monthly basis by the Department of Energy using mail questionnaires. All fuel prices include applicable Federal, State, and local taxes; prices for natural gas and electricity also include fuel and purchased gas adjustments.

For more information, please visit the Bureau of Labor Statistics (https://www.bls.gov/cpi/factsheets/average-prices.htm)."
usa,United States CPI,MEHOINUSA672N,Real Median Household Income in the United States,Annual,2024 C-CPI-U Dollars,Not Seasonally Adjusted,1984-01-01,2024-01-01,83,Income in 2024 C-CPI-U (2000-2024) and R-CPI-U-RS (pre-2000) adjusted dollars.
usa,United States CPI,CPIAUCNS,Consumer Price Index for All Urban Consumers: All Items in U.S. City Average,Monthly,Index 1982-1984=100,Not Seasonally Adjusted,1913-01-01,2026-07-01,81,"Handbook of Methods (https://www.bls.gov/opub/hom/pdf/cpihom.pdf)
Understanding the CPI: Frequently Asked Questions (https://www.bls.gov/cpi/questions-and-answers.htm)"
usa,United States CPI,CORESTICKM159SFRBATL,Sticky Price Consumer Price Index less Food and Energy,Monthly,Percent Change from Year Ago,Seasonally Adjusted,1968-01-01,2026-07-01,81,"The Sticky Price Consumer Price Index (CPI) is calculated from a subset of goods and services included in the CPI that change price relatively infrequently. Because these goods and services change price relatively infrequently, they are thought to incorporate expectations about future inflation to a greater degree than prices that change on a more frequent basis. One possible explanation for sticky prices could be the costs firms incur when changing price.

To obtain more information about this release see: Michael F. Bryan, and Brent H. Meyer. “Are Some Prices in the CPI More Forward Looking Than Others? We Think So.” Economic Commentary (Federal Reserve Bank of Cleveland) (May 19, 2010): 1–6. https://doi.org/10.26509/frbc-ec-201002 (https://doi.org/10.26509/frbc-ec-201002)."
usa,United States CPI,LES1252881600Q,Employed full time: Median usual weekly real earnings: Wage and salary workers: 16 years and over,Quarterly,1982-84 CPI Adjusted Dollars,Seasonally Adjusted,1979-01-01,2026-04-01,80,"Data measure usual weekly earnings of wage and salary workers. Wage and salary workers are workers who receive wages, salaries, commissions, tips, payment in kind, or piece rates. The group includes employees in both the private and public sectors but, for the purposes of the earnings series, it excludes all self-employed persons, both those with incorporated businesses and those with unincorporated businesses.
Usual weekly earnings represent earnings before taxes and other deductions and include any overtime pay, commissions, or tips usually received (at the main job in the case of multiple jobholders). Prior to 1994, respondents were asked how much they usually earned per week. Since January 1994, respondents have been asked to identify the easiest way for them to report earnings (hourly, weekly, biweekly, twice monthly, monthly, annually, or other) and how much they usually earn in the reported time period. Earnings reported on a basis other than weekly are converted to a weekly equivalent. The term ""usual"" is determined by each respondent's own understanding of the term. If the respondent asks for a definition of ""usual,"" interviewers are instructed to define the term as more than half the weeks worked during the past 4 or 5 months. Visit the BLS (https://www.bls.gov/cps/earnings.htm) for more information.

The series comes from the 'Current Population Survey (Household Survey)'

The source code is: LES1252881600"
usa,United States CPI,MEPAINUSA672N,Real Median Personal Income in the United States,Annual,2024 C-CPI-U Dollars,Not Seasonally Adjusted,1974-01-01,2024-01-01,78,"People 15 years old and over beginning with March 1980, and people 14 years old and over as of March of the following year for previous years."
usa,United States CPI,APU0000708111,"Average Price: Eggs, Grade A, Large (Cost per Dozen) in U.S. City Average",Monthly,U.S. Dollars,Not Seasonally Adjusted,1980-01-01,2026-07-01,77,"Large white, Grade A chicken eggs, sold in a carton of a dozen. Includes organic, non-organic, cage free, free range, and traditional.

Average consumer prices are calculated for household fuel, motor fuel, and food items from prices collected for the Consumer Price Index (CPI). Average prices are best used to measure the price level in a particular month, not to measure price change over time. It is more appropriate to use CPI index values for the particular item categories to measure price change.

Prices, except for electricity, are collected monthly by BLS representatives in the 75 urban areas priced for the CPI. Electricity prices are collected for the BLS for the same 75 areas on a monthly basis by the Department of Energy using mail questionnaires. All fuel prices include applicable Federal, State, and local taxes; prices for natural gas and electricity also include fuel and purchased gas adjustments.

For more information, please visit the Bureau of Labor Statistics (https://www.bls.gov/cpi/factsheets/average-prices.htm)."
usa,United States CPI,CPIMEDNS,Consumer Price Index for All Urban Consumers: Medical Care in U.S. City Average,Monthly,Index 1982-1984=100,Not Seasonally Adjusted,1935-03-01,2026-07-01,71,
usa,United States CPI,CPIMEDSL,Consumer Price Index for All Urban Consumers: Medical Care in U.S. City Average,Monthly,Index 1982-1984=100,Seasonally Adjusted,1947-01-01,2026-07-01,62,
usa,United States CPI,CPILFENS,Consumer Price Index for All Urban Consumers: All Items Less Food and Energy in U.S. City Average,Monthly,Index 1982-1984=100,Not Seasonally Adjusted,1957-01-01,2026-07-01,51,"The “Consumer Price Index for All Urban Consumers: All Items Less Food & Energy” is an aggregate of prices paid by urban consumers for a typical basket of goods, excluding food and energy. This measurement, known as “Core CPI,” is widely used by economists because food and energy have very volatile prices. The Bureau of Labor Statistics defines and measures the official CPI, and more information can be found here: https://www.bls.gov/cpi/questions-and-answers.htm or here: https://www.bls.gov/opub/hom/pdf/cpihom.pdf."
usa,United States CPI,CORESTICKM158SFRBATL,Sticky Price Consumer Price Index less Food and Energy,Monthly,Percent Change at Annual Rate,Seasonally Adjusted,1967-02-01,2026-07-01,37,"The Sticky Price Consumer Price Index (CPI) is calculated from a subset of goods and services included in the CPI that change price relatively infrequently. Because these goods and services change price relatively infrequently, they are thought to incorporate expectations about future inflation to a greater degree than prices that change on a more frequent basis. One possible explanation for sticky prices could be the costs firms incur when changing price.

To obtain more information about this release see: Michael F. Bryan, and Brent H. Meyer. “Are Some Prices in the CPI More Forward Looking Than Others? We Think So.” Economic Commentary Federal Reserve Bank of Cleveland May 19, 2010: 1–6. https://doi.org/10.26509/frbc-ec-201002 (https://doi.org/10.26509/frbc-ec-201002)."
usa,United States CPI,CUUS0000SA0,Consumer Price Index for All Urban Consumers: All Items in U.S. City Average,Semiannual,Index 1982-1984=100,Not Seasonally Adjusted,1984-01-01,2026-01-01,36,
usa,United States CPI,LEU0252881600A,Employed full time: Median usual weekly real earnings: Wage and salary workers: 16 years and over,Annual,1982-84 CPI Adjusted Dollars,Not Seasonally Adjusted,1979-01-01,2025-01-01,33,"Data measure usual weekly earnings of wage and salary workers. Wage and salary workers are workers who receive wages, salaries, commissions, tips, payment in kind, or piece rates. The group includes employees in both the private and public sectors but, for the purposes of the earnings series, it excludes all self-employed persons, both those with incorporated businesses and those with unincorporated businesses.
Usual weekly earnings represent earnings before taxes and other deductions and include any overtime pay, commissions, or tips usually received (at the main job in the case of multiple jobholders). Prior to 1994, respondents were asked how much they usually earned per week. Since January 1994, respondents have been asked to identify the easiest way for them to report earnings (hourly, weekly, biweekly, twice monthly, monthly, annually, or other) and how much they usually earn in the reported time period. Earnings reported on a basis other than weekly are converted to a weekly equivalent. The term ""usual"" is determined by each respondent's own understanding of the term. If the respondent asks for a definition of ""usual,"" interviewers are instructed to define the term as more than half the weeks worked during the past 4 or 5 months. For more information see https://www.bls.gov/cps/earnings.htm

The series comes from the 'Current Population Survey (Household Survey)'

The source code is: LEU0252881600"
usa,United States CPI,CORESTICKM157SFRBATL,Sticky Price Consumer Price Index less Food and Energy,Monthly,Percent Change,Seasonally Adjusted,1967-02-01,2026-07-01,27,"The Sticky Price Consumer Price Index (CPI) is calculated from a subset of goods and services included in the CPI that change price relatively infrequently. Because these goods and services change price relatively infrequently, they are thought to incorporate expectations about future inflation to a greater degree than prices that change on a more frequent basis. One possible explanation for sticky prices could be the costs firms incur when changing price.

To obtain more information about this release see: Michael F. Bryan, and Brent H. Meyer. “Are Some Prices in the CPI More Forward Looking Than Others? We Think So.” Economic Commentary (Federal Reserve Bank of Cleveland) (May 19, 2010): 1–6. https://doi.org/10.26509/frbc-ec-201002 (https://doi.org/10.26509/frbc-ec-201002)."
usa,United States CPI,CORESTICKM679SFRBATL,Sticky Price Consumer Price Index less Food and Energy,Monthly,3-Month Annualized Percent Change,Seasonally Adjusted,1967-04-01,2026-07-01,24,"The Sticky Price Consumer Price Index (CPI) is calculated from a subset of goods and services included in the CPI that change price relatively infrequently. Because these goods and services change price relatively infrequently, they are thought to incorporate expectations about future inflation to a greater degree than prices that change on a more frequent basis. One possible explanation for sticky prices could be the costs firms incur when changing price.

To obtain more information about this release see: Michael F. Bryan, and Brent H. Meyer. “Are Some Prices in the CPI More Forward Looking Than Others? We Think So.” Economic Commentary Federal Reserve Bank of Cleveland May 19, 2010: 1–6. https://doi.org/10.26509/frbc-ec-201002 (https://doi.org/10.26509/frbc-ec-201002)."
usa,United States CPI,LEU0252881600Q,Employed full time: Median usual weekly real earnings: Wage and salary workers: 16 years and over,Quarterly,1982-84 CPI Adjusted Dollars,Not Seasonally Adjusted,1979-01-01,2026-04-01,21,"Data measure usual weekly earnings of wage and salary workers. Wage and salary workers are workers who receive wages, salaries, commissions, tips, payment in kind, or piece rates. The group includes employees in both the private and public sectors but, for the purposes of the earnings series, it excludes all self-employed persons, both those with incorporated businesses and those with unincorporated businesses.
Usual weekly earnings represent earnings before taxes and other deductions and include any overtime pay, commissions, or tips usually received (at the main job in the case of multiple jobholders). Prior to 1994, respondents were asked how much they usually earned per week. Since January 1994, respondents have been asked to identify the easiest way for them to report earnings (hourly, weekly, biweekly, twice monthly, monthly, annually, or other) and how much they usually earn in the reported time period. Earnings reported on a basis other than weekly are converted to a weekly equivalent. The term ""usual"" is determined by each respondent's own understanding of the term. If the respondent asks for a definition of ""usual,"" interviewers are instructed to define the term as more than half the weeks worked during the past 4 or 5 months. For more information see https://www.bls.gov/cps/earnings.htm

The series comes from the 'Current Population Survey (Household Survey)'

The source code is: LEU0252881600"
usa,United States CPI,CUUS0000SA0L1E,Consumer Price Index for All Urban Consumers: All Items Less Food and Energy in U.S. City Average,Semiannual,Index 1982-1984=100,Not Seasonally Adjusted,1984-01-01,2026-01-01,14,
usa,United States PPI,PPIACO,Producer Price Index by Commodity: All Commodities,Monthly,Index 1982=100,Not Seasonally Adjusted,1913-01-01,2026-07-01,77,
usa,United States PPI,WPUSI012011,Producer Price Index by Commodity: Special Indexes: Construction Materials,Monthly,Index 1982=100,Not Seasonally Adjusted,1947-01-01,2026-07-01,70,
usa,United States PPI,PCU325211325211,Producer Price Index by Industry: Plastics Material and Resin Manufacturing,Monthly,Index Dec 1980=100,Not Seasonally Adjusted,1976-06-01,2026-07-01,70,
usa,United States PPI,PCUOMFGOMFG,Producer Price Index by Industry: Total Manufacturing Industries,Monthly,Index Dec 1984=100,Not Seasonally Adjusted,1984-12-01,2026-07-01,68,
usa,United States PPI,WPU0911,"Producer Price Index by Commodity: Pulp, Paper, and Allied Products: Wood Pulp",Monthly,Index 1982=100,Not Seasonally Adjusted,1926-01-01,2026-07-01,67,
usa,United States PPI,WPU101707,Producer Price Index by Commodity: Metals and Metal Products: Cold Rolled Steel Sheet and Strip,Monthly,Index Jun 1982=100,Not Seasonally Adjusted,1982-06-01,2026-07-01,67,
usa,United States PPI,PCU33443344,Producer Price Index by Industry: Semiconductor and Other Electronic Component Manufacturing,Monthly,Index Dec 1984=100,Not Seasonally Adjusted,1984-12-01,2026-07-01,64,
usa,United States PPI,PPIFIS,Producer Price Index by Commodity: Final Demand,Monthly,Index Nov 2009=100,Seasonally Adjusted,2009-11-01,2026-07-01,62,
usa,United States PPI,WPU101,Producer Price Index by Commodity: Metals and Metal Products: Iron and Steel,Monthly,Index 1982=100,Not Seasonally Adjusted,1926-01-01,2026-07-01,61,
usa,United States PPI,WPU081,Producer Price Index by Commodity: Lumber and Wood Products: Lumber,Monthly,Index 1982=100,Not Seasonally Adjusted,1926-01-01,2026-07-01,59,
usa,United States PPI,PCU3344133441,Producer Price Index by Industry: Semiconductor and Other Electronic Component Manufacturing,Monthly,Index Dec 1984=100,Not Seasonally Adjusted,1984-12-01,2026-07-01,39,
usa,United States PPI,WPS101,Producer Price Index by Commodity: Metals and Metal Products: Iron and Steel,Monthly,Index 1982=100,Seasonally Adjusted,1967-01-01,2026-07-01,39,
usa,United States PPI,PPIFID,Producer Price Index by Commodity: Final Demand,Monthly,Index Nov 2009=100,Not Seasonally Adjusted,2009-11-01,2026-07-01,38,
usa,United States PPI,WPU091105,"Producer Price Index by Commodity: Pulp, Paper, and Allied Products: Wood Pulp",Monthly,Index Jun 2006=100,Not Seasonally Adjusted,2006-06-01,2026-07-01,31,
usa,United States PPI,WPS0911,"Producer Price Index by Commodity: Pulp, Paper, and Allied Products: Wood Pulp",Monthly,Index 1982=100,Seasonally Adjusted,1967-01-01,2014-12-01,28,
usa,United States PPI,WPS101707,Producer Price Index by Commodity: Metals and Metal Products: Cold Rolled Steel Sheet and Strip,Monthly,Index Jun 1982=100,Seasonally Adjusted,2008-01-01,2010-12-01,27,
usa,United States PPI,WPU10170710,Producer Price Index by Commodity: Metals and Metal Products: Cold Rolled Steel Sheet and Strip,Monthly,Index Jun 1982=100,Not Seasonally Adjusted,1982-06-01,2026-07-01,23,
usa,United States PPI,WPU09110501,"Producer Price Index by Commodity: Pulp, Paper, and Allied Products: Wood Pulp",Monthly,Index Jun 2006=100,Not Seasonally Adjusted,2006-06-01,2026-07-01,18,
usa,United States PPI,WPS091105,"Producer Price Index by Commodity: Pulp, Paper, and Allied Products: Wood Pulp",Monthly,Index Jun 2006=100,Seasonally Adjusted,2011-01-01,2014-12-01,4,
usa,United States PPI,WPS10170710,Producer Price Index by Commodity: Metals and Metal Products: Cold Rolled Steel Sheet and Strip,Monthly,Index Jun 1982=100,Seasonally Adjusted,2008-01-01,2010-12-01,4,
usa,United States housing starts,HOUST,New Privately-Owned Housing Units Started: Total Units,Monthly,Thousands of Units,Seasonally Adjusted Annual Rate,1959-01-01,2026-07-01,78,"As provided by the Census, start occurs when excavation begins for the footings or foundation of a building. All housing units in a multifamily building are defined as being started when this excavation begins. Beginning with data for September 1992, estimates of housing starts include units in structures being totally rebuilt on an existing foundation."
usa,United States housing starts,PERMIT,New Privately-Owned Housing Units Authorized in Permit-Issuing Places: Total Units,Monthly,Thousands of Units,Seasonally Adjusted Annual Rate,1960-01-01,2026-07-01,71,"Starting with the 2005-02-16 release, the series reflects an increase in the universe of permit-issuing places from 19,000 to 20,000 places."
usa,United States housing starts,HOUST1F,New Privately-Owned Housing Units Started: Single-Family Units,Monthly,Thousands of Units,Seasonally Adjusted Annual Rate,1959-01-01,2026-07-01,64,
usa,United States housing starts,HOUST5F,New Privately-Owned Housing Units Started: Units in Buildings with 5 Units or More,Monthly,Thousands of Units,Seasonally Adjusted Annual Rate,1959-01-01,2026-07-01,51,"From January 1959 until July 1963, the 5 units or more category also includes 2 to 4 unit structures."
usa,United States housing starts,PERMIT1,New Privately-Owned Housing Units Authorized in Permit-Issuing Places: Single-Family Units,Monthly,Thousands of Units,Seasonally Adjusted Annual Rate,1960-01-01,2026-07-01,49,"Starting with the 2005-02-16 release, the series reflects an increase in the universe of permit-issuing places from 19,000 to 20,000 places."
usa,United States housing starts,ATNHPIUS06037A,"All-Transactions House Price Index for Los Angeles County, CA",Annual,Index 2000=100,Not Seasonally Adjusted,1975-01-01,2025-01-01,44,"As stated by the source, these annual county indexes should be considered developmental. As with the standard FHFA HPIs, revisions to these indexes may reflect the impact of new data or technical adjustments. Indexes are calibrated using appraisal values and sales prices for mortgages bought or guaranteed by Fannie Mae and Freddie Mac. As discussed in the Working Paper 16-01, in cases where sample sizes are small for the county area, an index is either not reported if recording has not started or a missing value is reported with a period (.). Index values always reflect the native county index, i.e. they are not made with data from another area or year.

 For tracking and feedback purposes, please cite Working Paper 16-01 when using these data. A suggested form is: Bogin, A., Doerner, W. and Larson, W. (2016). Local House Price Dynamics: New Indices and Stylized Facts. Federal Housing Finance Agency, Working Paper 16-01. The working paper is accessible at http://www.fhfa.gov/papers/wp1601.aspx."
usa,United States housing starts,HOUSTNSA,New Privately-Owned Housing Units Started: Total Units,Monthly,Thousands of Units,Not Seasonally Adjusted,1959-01-01,2026-07-01,42,
usa,United States housing starts,PERMIT5,New Privately-Owned Housing Units Authorized in Permit-Issuing Places: Units in Buildings with 5 Units or More,Monthly,Thousands of Units,Seasonally Adjusted Annual Rate,1960-01-01,2026-07-01,40,"Starting with the 2005-02-16 release, the series reflects an increase in the universe of permit-issuing places from 19,000 to 20,000 places."
usa,United States housing starts,HOUST1FNSA,New Privately-Owned Housing Units Started: Single-Family Units,Monthly,Thousands of Units,Not Seasonally Adjusted,1959-01-01,2026-07-01,34,
usa,United States housing starts,CXUHOMEOWNLB0403M,Consumer Unit Characteristics: Percent Homeowner by Age: from Age 25 to 34,Annual,Percent,Not Seasonally Adjusted,1990-01-01,2024-01-01,33,"Age refers to the reference person's age, where the reference person is the first member mentioned by the respondent when asked to ""Start with the name of the person or one of the persons who owns or rents the home."" It is with respect to this person that the relationship of the other consumer unit members is determined.

A consumer unit comprises either: (1) all members of a particular household who are related by blood, marriage, adoption, or other legal arrangements; (2) a person living alone or sharing a household with others or living as a roomer in a private home or lodging house or in permanent living quarters in a hotel or motel, but who is financially independent; or (3) two or more persons living together who use their income to make joint expenditure decisions. Financial independence is determined by the three major expense categories: Housing, food, and other living expenses. To be considered financially independent, at least two of the three major expense categories have to be provided entirely, or in part, by the respondent.

For more details about the data or the survey, visit the FAQs (https://www.bls.gov/cex/csxfaqs.htm)."
usa,United States housing starts,ATNHPIUS06059A,"All-Transactions House Price Index for Orange County, CA",Annual,Index 2000=100,Not Seasonally Adjusted,1975-01-01,2025-01-01,32,"As stated by the source, these annual county indexes should be considered developmental. As with the standard FHFA HPIs, revisions to these indexes may reflect the impact of new data or technical adjustments. Indexes are calibrated using appraisal values and sales prices for mortgages bought or guaranteed by Fannie Mae and Freddie Mac. As discussed in the Working Paper 16-01, in cases where sample sizes are small for the county area, an index is either not reported if recording has not started or a missing value is reported with a period (.). Index values always reflect the native county index, i.e. they are not made with data from another area or year.

 For tracking and feedback purposes, please cite Working Paper 16-01 when using these data. A suggested form is: Bogin, A., Doerner, W. and Larson, W. (2016). Local House Price Dynamics: New Indices and Stylized Facts. Federal Housing Finance Agency, Working Paper 16-01. The working paper is accessible at http://www.fhfa.gov/papers/wp1601.aspx."
usa,United States housing starts,HOUST2F,New Privately-Owned Housing Units Started: Units in Buildings with 2-4 Units,Monthly,Thousands of Units,Seasonally Adjusted Annual Rate,1959-01-01,2026-07-01,27,"Census discontinued SAAR 2-4 unit-structures because tests for identifiable and stable seasonality do not meet reliability standards for publication. It is calculated by Haver Analytics by subtracting 1-unit structures and 5-unit structures from total housing starts.

Copyright, 2016, Haver Analytics. Reprinted with permission."
usa,United States housing starts,HOUST5FNSA,New Privately-Owned Housing Units Started: Units in Buildings with 5 Units or More,Monthly,Thousands of Units,Not Seasonally Adjusted,1963-08-01,2026-07-01,21,
usa,United States housing starts,HOUSTSFLAA1FQ,"New Privately Owned Housing Starts in the United States, Average Square Feet of Floor Area for One-Family Units",Quarterly,Square Feet,Seasonally Adjusted,1999-01-01,2026-04-01,20,
usa,United States housing starts,ATNHPIUS12086A,"All-Transactions House Price Index for Miami-Dade County, FL",Annual,Index 2000=100,Not Seasonally Adjusted,1975-01-01,2025-01-01,19,"As stated by the source, these annual county indexes should be considered developmental. As with the standard FHFA HPIs, revisions to these indexes may reflect the impact of new data or technical adjustments. Indexes are calibrated using appraisal values and sales prices for mortgages bought or guaranteed by Fannie Mae and Freddie Mac. As discussed in the Working Paper 16-01, in cases where sample sizes are small for the county area, an index is either not reported if recording has not started or a missing value is reported with a period (.). Index values always reflect the native county index, i.e. they are not made with data from another area or year.

 For tracking and feedback purposes, please cite Working Paper 16-01 when using these data. A suggested form is: Bogin, A., Doerner, W. and Larson, W. (2016). Local House Price Dynamics: New Indices and Stylized Facts. Federal Housing Finance Agency, Working Paper 16-01. The working paper is accessible at http://www.fhfa.gov/papers/wp1601.aspx."
usa,United States housing starts,HOUSTS,New Privately-Owned Housing Units Started: Total Units in the South Census Region,Monthly,Thousands of Units,Seasonally Adjusted Annual Rate,1959-01-01,2026-07-01,18,
usa,United States housing starts,NHFSEPNTS,"New Houses for Sale by Stage of Construction, Not Started",Monthly,Thousands of Units,Seasonally Adjusted,1999-01-01,2026-07-01,16,
usa,United States housing starts,HOUST2FNSA,New Privately-Owned Housing Units Started: Units in Buildings with 2-4 Units,Monthly,Thousands of Units,Not Seasonally Adjusted,1963-08-01,2026-07-01,7,
usa,United States housing starts,NHFSEPNT,"New Houses for Sale by Stage of Construction, Not Started","Monthly, End of Month",Thousands of Units,Not Seasonally Adjusted,1973-01-01,2026-07-01,5,
usa,United States housing starts,HOUSTSNSA,New Privately-Owned Housing Units Started: Total Units in the South Census Region,Monthly,Thousands of Units,Not Seasonally Adjusted,1959-01-01,2026-07-01,4,
usa,United States industrial production,INDPRO,Industrial Production: Total Index,Monthly,Index 2017=100,Seasonally Adjusted,1919-01-01,2026-07-01,80,"explanatory notes (https://www.federalreserve.gov/releases/g17/About.htm) issued by the Board of Governors. For recent updates, see the  announcements (https://www.federalreserve.gov/feeds/g17.html) issued by the Board of Governors.</p>"
usa,United States industrial production,RECPROUSM156N,Smoothed U.S. Recession Probabilities,Monthly,Percent,Not Seasonally Adjusted,1967-06-01,2026-07-01,74,"Smoothed recession probabilities for the United States are obtained from a dynamic-factor markov-switching model applied to four monthly coincident variables: non-farm payroll employment, the index of industrial production, real personal income excluding transfer payments, and real manufacturing and trade sales. This model was originally developed in Chauvet, M., ""An Economic Characterization of Business Cycle Dynamics with Factor Structure and Regime Switching,"" International Economic Review, 1998, 39, 969-996.

For additional details, including an analysis of the performance of this model for dating business cycles in real time, see:
Chauvet, M. and J. Piger, ""<a href=""http://pages.uoregon.edu/jpiger/research/published-papers/chauvet-and-piger_2008_jour.pdf"">A Comparison of the Real-Time Performance of Business Cycle Dating Methods (https://pdfs.semanticscholar.org/f2ed/8fac87c0c82c3d85ca64ee9846658d8810fb.pdf?_ga=2.168797348.404457612.1561570817-1723670870.1561570817),"" Journal of Business and Economic Statistics, 2008, 26, 42-49.

For additional details as to why this data revises, see FAQ 3 (http://pages.uoregon.edu/jpiger/us_recession_probs.htm)."
usa,United States industrial production,OPHNFB,Nonfarm Business Sector: Labor Productivity (Output per Hour) for All Workers,Quarterly,Index 2017=100,Seasonally Adjusted,1947-01-01,2026-04-01,69,"The Productivity and Costs release on August 7, 2003, will reflect the June 2003 benchmark revision to payroll employment. Since employment is now reported on a North American Industry Classification System (NAICS) basis, all of the historical data will be revised. Changes as a consequence of the move to NAICS should not be significant since this release carries data at high levels of aggregation."
usa,United States industrial production,IPMAN,Industrial Production: Manufacturing (NAICS),Monthly,Index 2017=100,Seasonally Adjusted,1972-01-01,2026-07-01,67,"explanatory notes (https://www.federalreserve.gov/releases/g17/About.htm) issued by the Board of Governors. For recent updates, see the  announcements (https://www.federalreserve.gov/feeds/g17.html) issued by the Board of Governors.</p>"
usa,United States industrial production,TCU,Capacity Utilization: Total Index,Monthly,Percent,Seasonally Adjusted,1967-01-01,2026-07-01,64,"explanatory notes (https://www.federalreserve.gov/releases/g17/About.htm) issued by the Board of Governors. For recent updates, see the  announcements (https://www.federalreserve.gov/feeds/g17.html) issued by the Board of Governors.</p>"
usa,United States industrial production,AHETPI,"Average Hourly Earnings of Production and Nonsupervisory Employees, Total Private",Monthly,Dollars per Hour,Seasonally Adjusted,1964-01-01,2026-07-01,63,"Production and related employees include working supervisors and all nonsupervisory employees (including group leaders and trainees) engaged in fabricating, processing, assembling, inspecting, receiving, storing, handling, packing, warehousing, shipping, trucking, hauling, maintenance, repair, janitorial, guard services, product development, auxiliary production for plant's own use (for example, power plant), recordkeeping, and other services closely associated with the above production operations.
#Nonsupervisory employees include those individuals in private, service-providing industries who are not above the working-supervisor level. This group includes individuals such as office and clerical workers, repairers, salespersons, operators, drivers, physicians, lawyers, accountants, nurses, social workers, research aides, teachers, drafters, photographers, beauticians, musicians, restaurant workers, custodial workers, attendants, line installers and repairers, laborers, janitors, guards, and other employees at similar occupational levels whose services are closely associated with those of the employees listed.

The series comes from the 'Current Employment Statistics (Establishment Survey).'

The source code is: CES0500000008"
usa,United States industrial production,WPU061,Producer Price Index by Commodity: Chemicals and Allied Products: Industrial Chemicals,Monthly,Index 1982=100,Not Seasonally Adjusted,1933-01-01,2026-07-01,56,
usa,United States industrial production,PCU3364133641,Producer Price Index by Industry: Aerospace Product and Parts Manufacturing,Monthly,Index Jun 1985=100,Not Seasonally Adjusted,1985-06-01,2026-07-01,55,
usa,United States industrial production,CARGSP,Real Gross Domestic Product: All Industry Total in California,Annual,Millions of Chained 2017 Dollars,Not Seasonally Adjusted,1997-01-01,2025-01-01,53,"Information about this release can be found here (https://www.bea.gov/data/gdp/gdp-state).

For information about BEA industries and other regional definitions, visit their Regional Economic Accounts: Regional Definitions website (https://apps.bea.gov/regional/definitions/)."
usa,United States industrial production,IPB50001N,Industrial Production: Total Index,Monthly,Index 2017=100,Not Seasonally Adjusted,1919-01-01,2026-07-01,35,"explanatory notes (https://www.federalreserve.gov/releases/g17/About.htm) issued by the Board of Governors. For recent updates, see the  announcements (https://www.federalreserve.gov/feeds/g17.html) issued by the Board of Governors.</p>"
usa,United States industrial production,CEU0500000008,"Average Hourly Earnings of Production and Nonsupervisory Employees, Total Private",Monthly,Dollars per Hour,Not Seasonally Adjusted,1964-01-01,2026-07-01,25,"Production and related employees include working supervisors and all nonsupervisory employees (including group leaders and trainees) engaged in fabricating, processing, assembling, inspecting, receiving, storing, handling, packing, warehousing, shipping, trucking, hauling, maintenance, repair, janitorial, guard services, product development, auxiliary production for plant's own use (for example, power plant), recordkeeping, and other services closely associated with the above production operations.
#Nonsupervisory employees include those individuals in private, service-providing industries who are not above the working-supervisor level. This group includes individuals such as office and clerical workers, repairers, salespersons, operators, drivers, physicians, lawyers, accountants, nurses, social workers, research aides, teachers, drafters, photographers, beauticians, musicians, restaurant workers, custodial workers, attendants, line installers and repairers, laborers, janitors, guards, and other employees at similar occupational levels whose services are closely associated with those of the employees listed.

The series comes from the 'Current Employment Statistics (Establishment Survey).'

The source code is: CEU0500000008"
usa,United States industrial production,IPGMFN,Industrial Production: Manufacturing (NAICS),Monthly,Index 2017=100,Not Seasonally Adjusted,1972-01-01,2026-07-01,23,"explanatory notes (https://www.federalreserve.gov/releases/g17/About.htm) issued by the Board of Governors. For recent updates, see the  announcements (https://www.federalreserve.gov/feeds/g17.html) issued by the Board of Governors.</p>"
usa,United States industrial production,IPB50001SQ,Industrial Production: Total Index,Quarterly,Index 2017=100,Seasonally Adjusted,1919-01-01,2026-04-01,19,"explanatory notes (https://www.federalreserve.gov/releases/g17/About.htm) issued by the Board of Governors. For recent updates, see the  announcements (https://www.federalreserve.gov/feeds/g17.html) issued by the Board of Governors.</p>"
usa,United States industrial production,IPB50001A,Industrial Production: Total Index,Annual,Index 2017=100,Not Seasonally Adjusted,1919-01-01,2025-01-01,13,"explanatory notes (https://www.federalreserve.gov/releases/g17/About.htm) issued by the Board of Governors. For recent updates, see the  announcements (https://www.federalreserve.gov/feeds/g17.html) issued by the Board of Governors.</p>"
usa,United States industrial production,IPGMFA,Industrial Production: Manufacturing (NAICS),Annual,Index 2017=100,Not Seasonally Adjusted,1972-01-01,2025-01-01,11,"explanatory notes (https://www.federalreserve.gov/releases/g17/About.htm) issued by the Board of Governors. For recent updates, see the  announcements (https://www.federalreserve.gov/feeds/g17.html) issued by the Board of Governors.</p>"
usa,United States industrial production,IPGMFSQ,Industrial Production: Manufacturing (NAICS),Quarterly,Index 2017=100,Seasonally Adjusted,1972-01-01,2026-04-01,11,"explanatory notes (https://www.federalreserve.gov/releases/g17/About.htm) issued by the Board of Governors. For recent updates, see the  announcements (https://www.federalreserve.gov/feeds/g17.html) issued by the Board of Governors.</p>"
usa,United States industrial production,CAPUTLB50001SQ,Capacity Utilization: Total Index,Quarterly,Percent,Seasonally Adjusted,1967-01-01,2026-04-01,9,"explanatory notes (https://www.federalreserve.gov/releases/g17/About.htm) issued by the Board of Governors. For recent updates, see the  announcements (https://www.federalreserve.gov/feeds/g17.html) issued by the Board of Governors.</p>"
usa,United States industrial production,IPB50001NQ,Industrial Production: Total Index,Quarterly,Index 2017=100,Not Seasonally Adjusted,1919-01-01,2026-04-01,7,"explanatory notes (https://www.federalreserve.gov/releases/g17/About.htm) issued by the Board of Governors. For recent updates, see the  announcements (https://www.federalreserve.gov/feeds/g17.html) issued by the Board of Governors.</p>"
usa,United States industrial production,CAPUTLB50001A,Capacity Utilization: Total Index,Annual,Percent,Seasonally Adjusted,1967-01-01,2025-01-01,7,"explanatory notes (https://www.federalreserve.gov/releases/g17/About.htm) issued by the Board of Governors. For recent updates, see the  announcements (https://www.federalreserve.gov/feeds/g17.html) issued by the Board of Governors.</p>"
usa,United States industrial production,IPGMFNQ,Industrial Production: Manufacturing (NAICS),Quarterly,Index 2017=100,Not Seasonally Adjusted,1972-01-01,2026-04-01,3,"explanatory notes (https://www.federalreserve.gov/releases/g17/About.htm) issued by the Board of Governors. For recent updates, see the  announcements (https://www.federalreserve.gov/feeds/g17.html) issued by the Board of Governors.</p>"
usa,United States policy rate,FEDFUNDS,Federal Funds Effective Rate,Monthly,Percent,Not Seasonally Adjusted,1954-07-01,2026-08-01,97," Daily Federal Funds Rate from 1928-1954 (https://fred.stlouisfed.org/categories/33951).

The federal funds rate is the interest rate at which depository institutions trade federal funds (balances held at Federal Reserve Banks) with each other overnight. When a depository institution has surplus balances in its reserve account, it lends to other banks in need of larger balances. In simpler terms, a bank with excess cash, which is often referred to as liquidity, will lend to another bank that needs to quickly raise liquidity. (1) The rate that the borrowing institution pays to the lending institution is determined between the two banks; the weighted average rate for all of these types of negotiations is called the effective federal funds rate.(2) The effective federal funds rate is essentially determined by the market but is influenced by the Federal Reserve as it uses the Interest on Reserve Balances rate to steer the federal funds rate toward the target range.(2)

The Federal Open Market Committee (FOMC) meets eight times a year to determine the federal funds target range. The Fed's primary tool for influencing the federal funds rate is the interest the Fed pays on the funds that banks hold as reserve balances at their Federal Reserve Bank, which is the Interest on Reserves Balances (IORB) rate. Because banks are unlikely to lend funds in the federal funds market for less than they get paid in their reserve balance account at the Federal Reserve, the Interest on Reserve Balances (IORB) is an effective tool for guiding the federal funds rate. (3) Whether the Federal Reserve raises or lowers the target range for the federal funds rate depends on the state of the economy. If the FOMC believes the economy is growing too fast and inflation pressures are inconsistent with the dual mandate of the Federal Reserve, the Committee may temper economic activity by raising the target range for federal funds rate, and increasing the IORB rate to steer the federal funds rate into the target range. In the opposing scenario, the FOMC may spur greater economic activity by lowering the target range for federal funds rate, and decreasing the IORB rate to steer the federal funds rate into the target range. (3) Therefore, the FOMC must observe the current state of the economy to determine the best course of monetary policy that will maximize economic growth while adhering to the dual mandate set forth by Congress. In making its monetary policy decisions, the FOMC considers a wealth of economic data, such as: trends in prices and wages, employment, consumer spending and income, business investments, and foreign exchange markets.

The federal funds rate is the central interest rate in the U.S. financial market. It influences other interest rates such as the prime rate, which is the rate banks charge their customers with higher credit ratings. Additionally, the federal funds rate indirectly influences longer- term interest rates such as mortgages, loans, and savings, all of which are very important to consumer wealth and confidence.(2)

References
(1) Federal Reserve Bank of New York. ""Federal funds."" Fedpoints, August 2007.
(2) Monetary Policy (https://www.federalreserve.gov/monetarypolicy.htm), Board of Governors of the Federal Reserve System.
(3) The Fed Explained (https://www.federalreserve.gov/aboutthefed/files/the-fed-explained.pdf), Board of Governors of the Federal Reserve System

For further information, see The Fed's New Monetary Policy Tools (https://www.stlouisfed.org/publications/page-one-economics/2020/08/03/the-feds-new-monetary-policy-tools), Page One Economics, Federal Reserve Bank of St. Louis. 

For questions on the data, please contact the data source (https://www.federalreserve.gov/apps/ContactUs/feedback.aspx?refurl=/releases/h15/%). For questions on FRED functionality, please contact us here (https://fred.stlouisfed.org/contactus/).</p>"
usa,United States policy rate,DFF,Federal Funds Effective Rate,"Daily, 7-Day",Percent,Not Seasonally Adjusted,1954-07-01,2026-08-31,86," Daily Federal Funds Rate from 1928-1954 (https://fred.stlouisfed.org/categories/33951).

The federal funds rate is the interest rate at which depository institutions trade federal funds (balances held at Federal Reserve Banks) with each other overnight. When a depository institution has surplus balances in its reserve account, it lends to other banks in need of larger balances. In simpler terms, a bank with excess cash, which is often referred to as liquidity, will lend to another bank that needs to quickly raise liquidity. (1) The rate that the borrowing institution pays to the lending institution is determined between the two banks; the weighted average rate for all of these types of negotiations is called the effective federal funds rate.(2) The effective federal funds rate is essentially determined by the market but is influenced by the Federal Reserve as it uses the Interest on Reserve Balances rate to steer the federal funds rate toward the target range.(2)

The Federal Open Market Committee (FOMC) meets eight times a year to determine the federal funds target range. The Fed's primary tool for influencing the federal funds rate is the interest the Fed pays on the funds that banks hold as reserve balances at their Federal Reserve Bank, which is the Interest on Reserves Balances (IORB) rate. Because banks are unlikely to lend funds in the federal funds market for less than they get paid in their reserve balance account at the Federal Reserve, the Interest on Reserve Balances (IORB) is an effective tool for guiding the federal funds rate. (3) Whether the Federal Reserve raises or lowers the target range for the federal funds rate depends on the state of the economy. If the FOMC believes the economy is growing too fast and inflation pressures are inconsistent with the dual mandate of the Federal Reserve, the Committee may temper economic activity by raising the target range for federal funds rate, and increasing the IORB rate to steer the federal funds rate into the target range. In the opposing scenario, the FOMC may spur greater economic activity by lowering the target range for federal funds rate, and decreasing the IORB rate to steer the federal funds rate into the target range. (3) Therefore, the FOMC must observe the current state of the economy to determine the best course of monetary policy that will maximize economic growth while adhering to the dual mandate set forth by Congress. In making its monetary policy decisions, the FOMC considers a wealth of economic data, such as: trends in prices and wages, employment, consumer spending and income, business investments, and foreign exchange markets.

The federal funds rate is the central interest rate in the U.S. financial market. It influences other interest rates such as the prime rate, which is the rate banks charge their customers with higher credit ratings. Additionally, the federal funds rate indirectly influences longer- term interest rates such as mortgages, loans, and savings, all of which are very important to consumer wealth and confidence.(2)

References
(1) Federal Reserve Bank of New York. ""Federal funds."" Fedpoints, August 2007.
(2) Monetary Policy (https://www.federalreserve.gov/monetarypolicy.htm), Board of Governors of the Federal Reserve System.
(3) The Fed Explained (https://www.federalreserve.gov/aboutthefed/files/the-fed-explained.pdf), Board of Governors of the Federal Reserve System

For further information, see The Fed's New Monetary Policy Tools (https://www.stlouisfed.org/publications/page-one-economics/2020/08/03/the-feds-new-monetary-policy-tools), Page One Economics, Federal Reserve Bank of St. Louis. 

For questions on the data, please contact the data source (https://www.federalreserve.gov/apps/ContactUs/feedback.aspx?refurl=/releases/h15/%). For questions on FRED functionality, please contact us here (https://fred.stlouisfed.org/contactus/).</p>"
usa,United States policy rate,IORB,Interest Rate on Reserve Balances (IORB Rate),"Daily, 7-Day",Percent,Not Seasonally Adjusted,2021-07-29,2026-09-02,80,"IOER (https://fred.stlouisfed.org/series/IOER)) and the interest rate on required reserves (IORR (https://fred.stlouisfed.org/series/IORR)) were replaced with a single rate, the interest rate on reserve balances (IORB (https://fred.stlouisfed.org/series/IORB)). See the source's announcement (https://www.federalreserve.gov/newsevents/pressreleases/bcreg20210602a.htm) for more details.

The interest rate on reserve balances (IORB rate) is the rate of interest that the Federal Reserve pays on balances maintained by or on behalf of eligible institutions in master accounts at Federal Reserve Banks. The interest rate is set by the Board of Governors, and it is an important tool of monetary policy.

See Policy Tools (https://www.federalreserve.gov/monetarypolicy/reqresbalances.htm) and the IORB FAQs (https://www.federalreserve.gov/monetarypolicy/iorb-faqs.htm) for more information.

For questions on FRED functionality, please contact us here (https://fred.stlouisfed.org/contactus/).</p>"
usa,United States policy rate,CES0500000003,"Average Hourly Earnings of All Employees, Total Private",Monthly,Dollars per Hour,Seasonally Adjusted,2006-03-01,2026-07-01,79,"The series comes from the 'Current Employment Statistics (Establishment Survey).'
The source code is: CES0500000003

The Average Hourly Earnings of All Private Employees is a measure of the average hourly earnings of all private employees on a “gross” basis, including premium pay for overtime and late-shift work. These differ from wage rates in that average hourly earnings measure the actual return to a worker for a set period of time, rather than the amount contracted for a unit of work, the wage rate. This measure excludes benefits, irregular bonuses, retroactive pay, and payroll taxes paid by the employer.
 
Average Hourly Earnings are collected in the Current Employment Statistics (CES) program and published by the BLS. It is provided on a monthly basis, so this data is used in part by macroeconomists as an initial economic indicator of current trends. Progressions in earnings specifically help policy makers understand some of the pressures driving inflation.

It is important to note that this series measures the average hourly earnings of the pool of workers in each period. Thus, changes in average hourly earnings can be due to either changes in the set of workers observed in a given period, or due to changes in earnings. For instance, in recessions that lead to the disproportionate increase of unemployment in lower-wage jobs, average hourly earnings can increase due to changes in the pool of workers rather than due to the widespread increase of hourly earnings at the worker-level.

For more information, see:
U.S. Bureau of Labor Statistics, CES Overview (https://www.bls.gov/web/empsit/cesprog.htm)
U.S. Bureau of Labor Statistics, BLS Handbook of Methods: Chapter 2. Employment, Hours, and Earnings from the Establishment Survey (https://www.bls.gov/opub/hom/pdf/ces-20110307.pdf)"
usa,United States policy rate,USEPUINDXD,Economic Policy Uncertainty Index for United States,"Daily, 7-Day",Index,Not Seasonally Adjusted,1985-01-01,2026-08-31,71,"The daily news-based Economic Policy Uncertainty Index is based on newspapers in the United States.

For additional details, including an analysis of the performance of the model, see Baker, Scott, Nicholas Bloom and Steven Davis (2012), ""Measuring Economic Policy Uncertainty"" (http://www.policyuncertainty.com/media/BakerBloomDavis.pdf)"
usa,United States policy rate,FEDTARMD,"FOMC Summary of Economic Projections for the Fed Funds Rate, Median",Annual,Percent,Not Seasonally Adjusted,2026-01-01,2028-01-01,69,"The projections for the federal funds rate are the value of the midpoint of the projected appropriate target range for the federal funds rate or the projected appropriate target level for the federal funds rate at the end of the specified calendar year or over the longer run. Each participant's projections are based on his or her assessment of appropriate monetary policy. The range for each variable in a given year includes all participants' projections, from lowest to highest, for that variable in the given year. This series represents the median value of the range forecast established by the Federal Open Market Committee. For each period, the median is the middle projection when the projections are arranged from lowest to highest. When the number of projections is even, the median is the average of the two middle projections.

Digitized originals of this release can be found at https://fraser.stlouisfed.org/publication/?pid=677."
usa,United States policy rate,FF,Federal Funds Effective Rate,"Weekly, Ending Wednesday",Percent,Not Seasonally Adjusted,1954-07-07,2026-08-26,62," Daily Federal Funds Rate from 1928-1954 (https://fred.stlouisfed.org/categories/33951).

The federal funds rate is the interest rate at which depository institutions trade federal funds (balances held at Federal Reserve Banks) with each other overnight. When a depository institution has surplus balances in its reserve account, it lends to other banks in need of larger balances. In simpler terms, a bank with excess cash, which is often referred to as liquidity, will lend to another bank that needs to quickly raise liquidity. (1) The rate that the borrowing institution pays to the lending institution is determined between the two banks; the weighted average rate for all of these types of negotiations is called the effective federal funds rate.(2) The effective federal funds rate is essentially determined by the market but is influenced by the Federal Reserve as it uses the Interest on Reserve Balances rate to steer the federal funds rate toward the target range.(2)

The Federal Open Market Committee (FOMC) meets eight times a year to determine the federal funds target range. The Fed's primary tool for influencing the federal funds rate is the interest the Fed pays on the funds that banks hold as reserve balances at their Federal Reserve Bank, which is the Interest on Reserves Balances (IORB) rate. Because banks are unlikely to lend funds in the federal funds market for less than they get paid in their reserve balance account at the Federal Reserve, the Interest on Reserve Balances (IORB) is an effective tool for guiding the federal funds rate. (3) Whether the Federal Reserve raises or lowers the target range for the federal funds rate depends on the state of the economy. If the FOMC believes the economy is growing too fast and inflation pressures are inconsistent with the dual mandate of the Federal Reserve, the Committee may temper economic activity by raising the target range for federal funds rate, and increasing the IORB rate to steer the federal funds rate into the target range. In the opposing scenario, the FOMC may spur greater economic activity by lowering the target range for federal funds rate, and decreasing the IORB rate to steer the federal funds rate into the target range. (3) Therefore, the FOMC must observe the current state of the economy to determine the best course of monetary policy that will maximize economic growth while adhering to the dual mandate set forth by Congress. In making its monetary policy decisions, the FOMC considers a wealth of economic data, such as: trends in prices and wages, employment, consumer spending and income, business investments, and foreign exchange markets.

The federal funds rate is the central interest rate in the U.S. financial market. It influences other interest rates such as the prime rate, which is the rate banks charge their customers with higher credit ratings. Additionally, the federal funds rate indirectly influences longer- term interest rates such as mortgages, loans, and savings, all of which are very important to consumer wealth and confidence.(2)

References
(1) Federal Reserve Bank of New York. ""Federal funds."" Fedpoints, August 2007.
(2) Monetary Policy (https://www.federalreserve.gov/monetarypolicy.htm), Board of Governors of the Federal Reserve System.
(3) The Fed Explained (https://www.federalreserve.gov/aboutthefed/files/the-fed-explained.pdf), Board of Governors of the Federal Reserve System

For further information, see The Fed's New Monetary Policy Tools (https://www.stlouisfed.org/publications/page-one-economics/2020/08/03/the-feds-new-monetary-policy-tools), Page One Economics, Federal Reserve Bank of St. Louis. 

For questions on the data, please contact the data source (https://www.federalreserve.gov/apps/ContactUs/feedback.aspx?refurl=/releases/h15/%). For questions on FRED functionality, please contact us here (https://fred.stlouisfed.org/contactus/).</p>"
usa,United States policy rate,WEI,Weekly Economic Index (Lewis-Mertens-Stock),"Weekly, Ending Saturday",Index,Not Seasonally Adjusted,2008-01-05,2026-08-22,60,"The WEI is an index of real economic activity using timely and relevant high-frequency data. It represents the common component of ten different daily and weekly series covering consumer behavior, the labor market, and production. The WEI is scaled to the four-quarter GDP growth rate; for example, if the WEI reads -2 percent and the current level of the WEI persists for an entire quarter, one would expect, on average, GDP that quarter to be 2 percent lower than a year previously. 

The WEI is a composite of 10 weekly economic indicators: Redbook same-store sales, Rasmussen Consumer Index, new claims for unemployment insurance, continued claims for unemployment insurance, adjusted income/employment tax withholdings (from Booth Financial Consulting), railroad traffic originated (from the Association of American Railroads), the American Staffing Association Staffing Index, steel production, wholesale sales of gasoline, diesel, and jet fuel, and weekly average US electricity load (with remaining data supplied by Haver Analytics). All series are represented as year-over-year percentage changes. These series are combined into a single index of weekly economic activity.

For additional details, including an analysis of the performance of the model, see Lewis, Mertens, and Stock (2020), “U.S. Economic Activity during the Early Weeks of the SARS-Cov-2 Outbreak.” (https://www.newyorkfed.org/research/staff_reports/sr920)

This index has been developed by Daniel Lewis, an economist in the Federal Reserve Bank of New York, Karel Mertens, a senior economic policy advisor at the Federal Reserve Bank of Dallas, and James Stock, the Harold Hitchings Burbank Professor of Political Economy, Faculty of Arts and Sciences of Harvard University.

The index is not an official forecast of the Federal Reserve Bank of New York, its president, the Federal Reserve System, or the Federal Open Market Committee."
usa,United States policy rate,DPCREDIT,Discount Window Primary Credit Rate,Daily,Percent,Not Seasonally Adjusted,2003-01-09,2026-08-31,56,"discount window program (https://www.frbdiscountwindow.org/), which became effective January 9, 2003. 

Primary credit is available to generally sound depository institutions at a rate set relative to the Federal Open Market Committee's (FOMC) target range for the federal funds rate. Depository institutions are not required to seek alternative sources of funds before requesting advances of primary credit. Primary credit may be used for any purpose, including financing the sale of federal funds. By making funds readily available at the primary credit rate the primary credit program complements open market operations in the implementation of monetary policy.
Reserve Banks ordinarily do not require depository institutions to provide reasons for requesting very short-term primary credit. Rather, borrowers are asked to provide only the minimum information necessary to process a loan, usually the amount and term of the loan.

This rate replaces that for adjustment credit, which was discontinued after January 8, 2003. For further information, see Board of Governor's  announcement (https://www.federalreserve.gov/boarddocs/press/bcreg/2002/200210312/). The rate reported is that for the Federal Reserve Bank of New York.

For questions on the data, please contact the data source (https://www.federalreserve.gov/apps/ContactUs/feedback.aspx?refurl=/releases/h15/%). For questions on FRED functionality, please contact us here (https://fred.stlouisfed.org/contactus/).</p>"
usa,United States policy rate,USEPUINDXM,Economic Policy Uncertainty Index for United States,Monthly,Index,Not Seasonally Adjusted,1985-01-01,2026-07-01,50,"This index is constructed from three types of underlying components. http://www.policyuncertainty.com/us_monthly.html

For additional details, including an analysis of the performance of the model, see Baker, Scott, Nicholas Bloom and Steven Davis (2012), ""Measuring Economic Policy Uncertainty"" (http://www.policyuncertainty.com/media/BakerBloomDavis.pdf)"
usa,United States policy rate,GDPC1CTM,"FOMC Summary of Economic Projections for the Growth Rate of Real Gross Domestic Product, Central Tendency, Midpoint",Annual,Fourth Quarter to Fourth Quarter Percent Change,Not Seasonally Adjusted,2026-01-01,2028-01-01,50,"Projections of real gross domestic product growth are fourth-quarter growth rates, that is, percentage changes from the fourth quarter of the prior year to the fourth quarter of the indicated year. Each participant's projections are based on his or her assessment of appropriate monetary policy. The range for each variable in a given year includes all participants' projections, from lowest to highest, for that variable in the given year; the central tendencies exclude the three highest and three lowest projections for each year. This series represents the midpoint of the central tendency forecast's high and low values established by the Federal Open Market Committee.

Digitized originals of this release can be found at https://fraser.stlouisfed.org/publication/?pid=677."
usa,United States policy rate,RIFSPFFNB,Federal Funds Effective Rate,Daily,Percent,Not Seasonally Adjusted,1954-07-01,2026-08-31,49," Daily Federal Funds Rate from 1928-1954 (https://fred.stlouisfed.org/categories/33951).

The federal funds rate is the interest rate at which depository institutions trade federal funds (balances held at Federal Reserve Banks) with each other overnight. When a depository institution has surplus balances in its reserve account, it lends to other banks in need of larger balances. In simpler terms, a bank with excess cash, which is often referred to as liquidity, will lend to another bank that needs to quickly raise liquidity. (1) The rate that the borrowing institution pays to the lending institution is determined between the two banks; the weighted average rate for all of these types of negotiations is called the effective federal funds rate.(2) The effective federal funds rate is essentially determined by the market but is influenced by the Federal Reserve as it uses the Interest on Reserve Balances rate to steer the federal funds rate toward the target range.(2)

The Federal Open Market Committee (FOMC) meets eight times a year to determine the federal funds target range. The Fed's primary tool for influencing the federal funds rate is the interest the Fed pays on the funds that banks hold as reserve balances at their Federal Reserve Bank, which is the Interest on Reserves Balances (IORB) rate. Because banks are unlikely to lend funds in the federal funds market for less than they get paid in their reserve balance account at the Federal Reserve, the Interest on Reserve Balances (IORB) is an effective tool for guiding the federal funds rate. (3) Whether the Federal Reserve raises or lowers the target range for the federal funds rate depends on the state of the economy. If the FOMC believes the economy is growing too fast and inflation pressures are inconsistent with the dual mandate of the Federal Reserve, the Committee may temper economic activity by raising the target range for federal funds rate, and increasing the IORB rate to steer the federal funds rate into the target range. In the opposing scenario, the FOMC may spur greater economic activity by lowering the target range for federal funds rate, and decreasing the IORB rate to steer the federal funds rate into the target range. (3) Therefore, the FOMC must observe the current state of the economy to determine the best course of monetary policy that will maximize economic growth while adhering to the dual mandate set forth by Congress. In making its monetary policy decisions, the FOMC considers a wealth of economic data, such as: trends in prices and wages, employment, consumer spending and income, business investments, and foreign exchange markets.

The federal funds rate is the central interest rate in the U.S. financial market. It influences other interest rates such as the prime rate, which is the rate banks charge their customers with higher credit ratings. Additionally, the federal funds rate indirectly influences longer- term interest rates such as mortgages, loans, and savings, all of which are very important to consumer wealth and confidence.(2)

References
(1) Federal Reserve Bank of New York. ""Federal funds."" Fedpoints, August 2007.
(2) Monetary Policy (https://www.federalreserve.gov/monetarypolicy.htm), Board of Governors of the Federal Reserve System.
(3) The Fed Explained (https://www.federalreserve.gov/aboutthefed/files/the-fed-explained.pdf), Board of Governors of the Federal Reserve System

For further information, see The Fed's New Monetary Policy Tools (https://www.stlouisfed.org/publications/page-one-economics/2020/08/03/the-feds-new-monetary-policy-tools), Page One Economics, Federal Reserve Bank of St. Louis. 

For questions on the data, please contact the data source (https://www.federalreserve.gov/apps/ContactUs/feedback.aspx?refurl=/releases/h15/%). For questions on FRED functionality, please contact us here (https://fred.stlouisfed.org/contactus/).</p>"
usa,United States policy rate,FEDTARMDLR,"Longer Run FOMC Summary of Economic Projections for the Fed Funds Rate, Median",Not Applicable,Percent,Not Seasonally Adjusted,2012-01-25,2026-06-17,48,"The longer-run projections are the rates of growth, inflation, unemployment, and federal funds rate to which a policymaker expects the economy to converge over time in the absence of further shocks and under appropriate monetary policy. Because appropriate monetary policy, by definition, is aimed at achieving the Federal Reserve's dual mandate of maximum employment and price stability in the longer run, policymakers' longer-run projections for economic growth and unemployment may be interpreted, respectively, as estimates of the economy's longer-run potential growth rate and the longer-run normal rate of unemployment; similarly, the longer-run projection of inflation is the rate of inflation which the FOMC judges to be most consistent with its dual mandate in the longer-term.

The projections for the federal funds rate are the value of the midpoint of the projected appropriate target range for the federal funds rate or the projected appropriate target level for the federal funds rate at the end of the specified calendar year or over the longer run. Each participant's projections are based on his or her assessment of appropriate monetary policy. The range for each variable in a given year includes all participants' projections, from lowest to highest, for that variable in the given year. This series represents the median value of the range forecast established by the Federal Open Market Committee. For each period, the median is the middle projection when the projections are arranged from lowest to highest. When the number of projections is even, the median is the average of the two middle projections.

Digitized originals of this release can be found at https://fraser.stlouisfed.org/publication/?pid=677."
usa,United States policy rate,IOER,Interest Rate on Excess Reserves (IOER Rate) (DISCONTINUED),"Daily, 7-Day",Percent,Not Seasonally Adjusted,2008-10-09,2021-07-28,47,"IOER (https://fred.stlouisfed.org/series/IOER)) and the interest rate on required reserves (IORR (https://fred.stlouisfed.org/series/IORR)) were replaced with a single rate, the interest rate on reserve balances (IORB (https://fred.stlouisfed.org/series/IORB)). See the source's announcement (https://www.federalreserve.gov/newsevents/pressreleases/bcreg20210602a.htm) for more details.

The interest rate on excess reserves (IOER rate) is determined by the Board of Governors and gives the Federal Reserve an additional tool to conduct monetary policy.

See Policy Tools (https://www.federalreserve.gov/monetarypolicy/reqresbalances.htm) for more information.

For questions on FRED functionality, please contact us here (https://fred.stlouisfed.org/contactus/).</p>"
usa,United States policy rate,RIFSPFFNA,Federal Funds Effective Rate,Annual,Percent,Not Seasonally Adjusted,1955-01-01,2025-01-01,43," Daily Federal Funds Rate from 1928-1954 (https://fred.stlouisfed.org/categories/33951).

The federal funds rate is the interest rate at which depository institutions trade federal funds (balances held at Federal Reserve Banks) with each other overnight. When a depository institution has surplus balances in its reserve account, it lends to other banks in need of larger balances. In simpler terms, a bank with excess cash, which is often referred to as liquidity, will lend to another bank that needs to quickly raise liquidity. (1) The rate that the borrowing institution pays to the lending institution is determined between the two banks; the weighted average rate for all of these types of negotiations is called the effective federal funds rate.(2) The effective federal funds rate is essentially determined by the market but is influenced by the Federal Reserve as it uses the Interest on Reserve Balances rate to steer the federal funds rate toward the target range.(2)

The Federal Open Market Committee (FOMC) meets eight times a year to determine the federal funds target range. The Fed's primary tool for influencing the federal funds rate is the interest the Fed pays on the funds that banks hold as reserve balances at their Federal Reserve Bank, which is the Interest on Reserves Balances (IORB) rate. Because banks are unlikely to lend funds in the federal funds market for less than they get paid in their reserve balance account at the Federal Reserve, the Interest on Reserve Balances (IORB) is an effective tool for guiding the federal funds rate. (3) Whether the Federal Reserve raises or lowers the target range for the federal funds rate depends on the state of the economy. If the FOMC believes the economy is growing too fast and inflation pressures are inconsistent with the dual mandate of the Federal Reserve, the Committee may temper economic activity by raising the target range for federal funds rate, and increasing the IORB rate to steer the federal funds rate into the target range. In the opposing scenario, the FOMC may spur greater economic activity by lowering the target range for federal funds rate, and decreasing the IORB rate to steer the federal funds rate into the target range. (3) Therefore, the FOMC must observe the current state of the economy to determine the best course of monetary policy that will maximize economic growth while adhering to the dual mandate set forth by Congress. In making its monetary policy decisions, the FOMC considers a wealth of economic data, such as: trends in prices and wages, employment, consumer spending and income, business investments, and foreign exchange markets.

The federal funds rate is the central interest rate in the U.S. financial market. It influences other interest rates such as the prime rate, which is the rate banks charge their customers with higher credit ratings. Additionally, the federal funds rate indirectly influences longer- term interest rates such as mortgages, loans, and savings, all of which are very important to consumer wealth and confidence.(2)

References
(1) Federal Reserve Bank of New York. ""Federal funds."" Fedpoints, August 2007.
(2) Monetary Policy (https://www.federalreserve.gov/monetarypolicy.htm), Board of Governors of the Federal Reserve System.
(3) The Fed Explained (https://www.federalreserve.gov/aboutthefed/files/the-fed-explained.pdf), Board of Governors of the Federal Reserve System

For further information, see The Fed's New Monetary Policy Tools (https://www.stlouisfed.org/publications/page-one-economics/2020/08/03/the-feds-new-monetary-policy-tools), Page One Economics, Federal Reserve Bank of St. Louis. 

For questions on the data, please contact the data source (https://www.federalreserve.gov/apps/ContactUs/feedback.aspx?refurl=/releases/h15/%). For questions on FRED functionality, please contact us here (https://fred.stlouisfed.org/contactus/).</p>"
usa,United States policy rate,MPCREDIT,Discount Window Primary Credit Rate,Monthly,Percent,Not Seasonally Adjusted,2003-02-01,2026-08-01,22,"discount window program (https://www.frbdiscountwindow.org/), which became effective January 9, 2003. 

Primary credit is available to generally sound depository institutions at a rate set relative to the Federal Open Market Committee's (FOMC) target range for the federal funds rate. Depository institutions are not required to seek alternative sources of funds before requesting advances of primary credit. Primary credit may be used for any purpose, including financing the sale of federal funds. By making funds readily available at the primary credit rate the primary credit program complements open market operations in the implementation of monetary policy.
Reserve Banks ordinarily do not require depository institutions to provide reasons for requesting very short-term primary credit. Rather, borrowers are asked to provide only the minimum information necessary to process a loan, usually the amount and term of the loan.

This rate replaces that for adjustment credit, which was discontinued after January 8, 2003. For further information, see Board of Governor's  announcement (https://www.federalreserve.gov/boarddocs/press/bcreg/2002/200210312/). The rate reported is that for the Federal Reserve Bank of New York.

For questions on the data, please contact the data source (https://www.federalreserve.gov/apps/ContactUs/feedback.aspx?refurl=/releases/h15/%). For questions on FRED functionality, please contact us here (https://fred.stlouisfed.org/contactus/).</p>"
usa,United States policy rate,RIFSPFFNBWAW,Federal Funds Effective Rate,"Biweekly, Ending Wednesday",Percent,Not Seasonally Adjusted,1954-07-14,2026-08-19,12," Daily Federal Funds Rate from 1928-1954 (https://fred.stlouisfed.org/categories/33951).

The federal funds rate is the interest rate at which depository institutions trade federal funds (balances held at Federal Reserve Banks) with each other overnight. When a depository institution has surplus balances in its reserve account, it lends to other banks in need of larger balances. In simpler terms, a bank with excess cash, which is often referred to as liquidity, will lend to another bank that needs to quickly raise liquidity. (1) The rate that the borrowing institution pays to the lending institution is determined between the two banks; the weighted average rate for all of these types of negotiations is called the effective federal funds rate.(2) The effective federal funds rate is essentially determined by the market but is influenced by the Federal Reserve as it uses the Interest on Reserve Balances rate to steer the federal funds rate toward the target range.(2)

The Federal Open Market Committee (FOMC) meets eight times a year to determine the federal funds target range. The Fed's primary tool for influencing the federal funds rate is the interest the Fed pays on the funds that banks hold as reserve balances at their Federal Reserve Bank, which is the Interest on Reserves Balances (IORB) rate. Because banks are unlikely to lend funds in the federal funds market for less than they get paid in their reserve balance account at the Federal Reserve, the Interest on Reserve Balances (IORB) is an effective tool for guiding the federal funds rate. (3) Whether the Federal Reserve raises or lowers the target range for the federal funds rate depends on the state of the economy. If the FOMC believes the economy is growing too fast and inflation pressures are inconsistent with the dual mandate of the Federal Reserve, the Committee may temper economic activity by raising the target range for federal funds rate, and increasing the IORB rate to steer the federal funds rate into the target range. In the opposing scenario, the FOMC may spur greater economic activity by lowering the target range for federal funds rate, and decreasing the IORB rate to steer the federal funds rate into the target range. (3) Therefore, the FOMC must observe the current state of the economy to determine the best course of monetary policy that will maximize economic growth while adhering to the dual mandate set forth by Congress. In making its monetary policy decisions, the FOMC considers a wealth of economic data, such as: trends in prices and wages, employment, consumer spending and income, business investments, and foreign exchange markets.

The federal funds rate is the central interest rate in the U.S. financial market. It influences other interest rates such as the prime rate, which is the rate banks charge their customers with higher credit ratings. Additionally, the federal funds rate indirectly influences longer- term interest rates such as mortgages, loans, and savings, all of which are very important to consumer wealth and confidence.(2)

References
(1) Federal Reserve Bank of New York. ""Federal funds."" Fedpoints, August 2007.
(2) Monetary Policy (https://www.federalreserve.gov/monetarypolicy.htm), Board of Governors of the Federal Reserve System.
(3) The Fed Explained (https://www.federalreserve.gov/aboutthefed/files/the-fed-explained.pdf), Board of Governors of the Federal Reserve System

For further information, see The Fed's New Monetary Policy Tools (https://www.stlouisfed.org/publications/page-one-economics/2020/08/03/the-feds-new-monetary-policy-tools), Page One Economics, Federal Reserve Bank of St. Louis. 

For questions on the data, please contact the data source (https://www.federalreserve.gov/apps/ContactUs/feedback.aspx?refurl=/releases/h15/%). For questions on FRED functionality, please contact us here (https://fred.stlouisfed.org/contactus/).</p>"
usa,United States policy rate,RIFSRPF02ND,Discount Window Primary Credit Rate,"Daily, 7-Day",Percent,Not Seasonally Adjusted,2003-01-09,2026-08-31,9,"discount window program (https://www.frbdiscountwindow.org/), which became effective January 9, 2003. 

Primary credit is available to generally sound depository institutions at a rate set relative to the Federal Open Market Committee's (FOMC) target range for the federal funds rate. Depository institutions are not required to seek alternative sources of funds before requesting advances of primary credit. Primary credit may be used for any purpose, including financing the sale of federal funds. By making funds readily available at the primary credit rate the primary credit program complements open market operations in the implementation of monetary policy.
Reserve Banks ordinarily do not require depository institutions to provide reasons for requesting very short-term primary credit. Rather, borrowers are asked to provide only the minimum information necessary to process a loan, usually the amount and term of the loan.

This rate replaces that for adjustment credit, which was discontinued after January 8, 2003. For further information, see Board of Governor's  announcement (https://www.federalreserve.gov/boarddocs/press/bcreg/2002/200210312/). The rate reported is that for the Federal Reserve Bank of New York.

For questions on the data, please contact the data source (https://www.federalreserve.gov/apps/ContactUs/feedback.aspx?refurl=/releases/h15/%). For questions on FRED functionality, please contact us here (https://fred.stlouisfed.org/contactus/).</p>"
usa,United States policy rate,WPCREDIT,Discount Window Primary Credit Rate,"Weekly, Ending Wednesday",Percent,Not Seasonally Adjusted,2003-01-15,2026-08-26,9,"discount window program (https://www.frbdiscountwindow.org/), which became effective January 9, 2003. 

Primary credit is available to generally sound depository institutions at a rate set relative to the Federal Open Market Committee's (FOMC) target range for the federal funds rate. Depository institutions are not required to seek alternative sources of funds before requesting advances of primary credit. Primary credit may be used for any purpose, including financing the sale of federal funds. By making funds readily available at the primary credit rate the primary credit program complements open market operations in the implementation of monetary policy.
Reserve Banks ordinarily do not require depository institutions to provide reasons for requesting very short-term primary credit. Rather, borrowers are asked to provide only the minimum information necessary to process a loan, usually the amount and term of the loan.

This rate replaces that for adjustment credit, which was discontinued after January 8, 2003. For further information, see Board of Governor's  announcement (https://www.federalreserve.gov/boarddocs/press/bcreg/2002/200210312/). The rate reported is that for the Federal Reserve Bank of New York.

For questions on the data, please contact the data source (https://www.federalreserve.gov/apps/ContactUs/feedback.aspx?refurl=/releases/h15/%). For questions on FRED functionality, please contact us here (https://fred.stlouisfed.org/contactus/).</p>"
usa,United States policy rate,RIFSRPF02NA,Discount Window Primary Credit Rate,Annual,Percent,Not Seasonally Adjusted,2004-01-01,2025-01-01,4,"discount window program (https://www.frbdiscountwindow.org/), which became effective January 9, 2003. 

Primary credit is available to generally sound depository institutions at a rate set relative to the Federal Open Market Committee's (FOMC) target range for the federal funds rate. Depository institutions are not required to seek alternative sources of funds before requesting advances of primary credit. Primary credit may be used for any purpose, including financing the sale of federal funds. By making funds readily available at the primary credit rate the primary credit program complements open market operations in the implementation of monetary policy.
Reserve Banks ordinarily do not require depository institutions to provide reasons for requesting very short-term primary credit. Rather, borrowers are asked to provide only the minimum information necessary to process a loan, usually the amount and term of the loan.

This rate replaces that for adjustment credit, which was discontinued after January 8, 2003. For further information, see Board of Governor's  announcement (https://www.federalreserve.gov/boarddocs/press/bcreg/2002/200210312/). The rate reported is that for the Federal Reserve Bank of New York.

For questions on the data, please contact the data source (https://www.federalreserve.gov/apps/ContactUs/feedback.aspx?refurl=/releases/h15/%). For questions on FRED functionality, please contact us here (https://fred.stlouisfed.org/contactus/).</p>"
