training_window_years,horizon,origin_date,feature,importance
5,1,2025-01-31,origin_copper_price_usd_per_ton,23.0
5,1,2025-01-31,origin_china_csi300_jiangxi_copper,45.0
5,1,2025-01-31,china_csi300_jiangxi_copper_lag_1,73.0
5,1,2025-01-31,origin_canada_tsx_composite_hudbay_minerals,192.0
5,1,2025-01-31,south_korea_kospi_lag_1,36.0
5,1,2025-01-31,canada_tsx_composite_hudbay_minerals_lag_1,74.0
5,1,2025-01-31,origin_shfe_close_cny_per_ton,13.0
5,1,2025-01-31,origin_south_korea_kospi,156.0
5,1,2025-01-31,target_lag_1,111.0
5,1,2025-01-31,india_nifty50_pct_change_12m,104.0
5,1,2025-01-31,origin_aluminum_cash_usd_per_ton,142.0
5,1,2025-01-31,south_korea_kospi_lag_3,122.0
5,1,2025-02-28,origin_copper_price_usd_per_ton,60.0
5,1,2025-02-28,china_csi300_jiangxi_copper_lag_1,38.0
5,1,2025-02-28,origin_china_csi300_jiangxi_copper,67.0
5,1,2025-02-28,origin_canada_tsx_composite_hudbay_minerals,153.0
5,1,2025-02-28,south_korea_kospi_lag_1,74.0
5,1,2025-02-28,canada_tsx_composite_hudbay_minerals_lag_1,77.0
5,1,2025-02-28,india_nifty50_pct_change_12m,107.0
5,1,2025-02-28,origin_shfe_close_cny_per_ton,61.0
5,1,2025-02-28,origin_south_korea_kospi,120.0
5,1,2025-02-28,target_lag_1,112.0
5,1,2025-02-28,origin_aluminum_cash_usd_per_ton,100.0
5,1,2025-02-28,china_ppi_yoy_pct_pct_change_12m,151.0
5,1,2025-03-31,origin_copper_price_usd_per_ton,89.0
5,1,2025-03-31,china_csi300_jiangxi_copper_lag_1,88.0
5,1,2025-03-31,origin_china_csi300_jiangxi_copper,68.0
5,1,2025-03-31,origin_canada_tsx_composite_hudbay_minerals,161.0
5,1,2025-03-31,china_ppi_yoy_pct_pct_change_12m,158.0
5,1,2025-03-31,canada_tsx_composite_hudbay_minerals_lag_1,31.0
5,1,2025-03-31,india_nifty50_pct_change_12m,76.0
5,1,2025-03-31,origin_shfe_close_cny_per_ton,54.0
5,1,2025-03-31,origin_aluminum_cash_usd_per_ton,122.0
5,1,2025-03-31,south_korea_kospi_lag_1,41.0
5,1,2025-03-31,origin_south_korea_kospi,111.0
5,1,2025-03-31,target_lag_1,101.0
5,1,2025-04-30,origin_copper_price_usd_per_ton,113.0
5,1,2025-04-30,china_csi300_jiangxi_copper_lag_1,114.0
5,1,2025-04-30,origin_china_csi300_jiangxi_copper,65.0
5,1,2025-04-30,origin_canada_tsx_composite_hudbay_minerals,173.0
5,1,2025-04-30,china_ppi_yoy_pct_pct_change_12m,136.0
5,1,2025-04-30,india_nifty50_pct_change_12m,6.0
5,1,2025-04-30,australia_asx200_pct_change_12m,44.0
5,1,2025-04-30,canada_tsx_composite_hudbay_minerals_lag_1,95.0
5,1,2025-04-30,canada_tsx_composite_pct_change_12m,86.0
5,1,2025-04-30,origin_shfe_close_cny_per_ton,94.0
5,1,2025-04-30,south_korea_kospi_lag_1,78.0
5,1,2025-04-30,origin_aluminum_cash_usd_per_ton,80.0
5,1,2025-05-31,origin_copper_price_usd_per_ton,83.0
5,1,2025-05-31,origin_tin_cash_usd_per_ton,34.0
5,1,2025-05-31,china_csi300_jiangxi_copper_lag_1,74.0
5,1,2025-05-31,origin_china_csi300_jiangxi_copper,70.0
5,1,2025-05-31,china_ppi_yoy_pct_pct_change_12m,232.0
5,1,2025-05-31,origin_canada_tsx_composite_hudbay_minerals,161.0
5,1,2025-05-31,australia_asx200_pct_change_12m,40.0
5,1,2025-05-31,canada_tsx_composite_hudbay_minerals_lag_1,68.0
5,1,2025-05-31,canada_tsx_composite_pct_change_12m,96.0
5,1,2025-05-31,india_nifty50_pct_change_12m,81.0
5,1,2025-05-31,origin_shfe_close_cny_per_ton,77.0
5,1,2025-05-31,g20_composite_leading_indicator_lag_3,70.0
5,1,2025-06-30,origin_copper_price_usd_per_ton,80.0
5,1,2025-06-30,origin_tin_cash_usd_per_ton,63.0
5,1,2025-06-30,china_csi300_jiangxi_copper_lag_1,103.0
5,1,2025-06-30,origin_china_csi300_jiangxi_copper,81.0
5,1,2025-06-30,origin_canada_tsx_composite_hudbay_minerals,202.0
5,1,2025-06-30,china_ppi_yoy_pct_pct_change_12m,107.0
5,1,2025-06-30,origin_shfe_close_cny_per_ton,141.0
5,1,2025-06-30,canada_tsx_composite_hudbay_minerals_lag_1,58.0
5,1,2025-06-30,canada_tsx_composite_pct_change_12m,35.0
5,1,2025-06-30,g20_composite_leading_indicator_lag_3,56.0
5,1,2025-06-30,australia_asx200_pct_change_12m,27.0
5,1,2025-06-30,origin_aluminum_cash_usd_per_ton,109.0
5,1,2025-07-31,origin_copper_price_usd_per_ton,69.0
5,1,2025-07-31,origin_tin_cash_usd_per_ton,42.0
5,1,2025-07-31,china_csi300_jiangxi_copper_lag_1,144.0
5,1,2025-07-31,origin_china_csi300_jiangxi_copper,29.0
5,1,2025-07-31,origin_canada_tsx_composite_hudbay_minerals,165.0
5,1,2025-07-31,origin_shfe_close_cny_per_ton,52.0
5,1,2025-07-31,canada_tsx_composite_hudbay_minerals_lag_1,76.0
5,1,2025-07-31,canada_tsx_composite_pct_change_12m,65.0
5,1,2025-07-31,g20_composite_leading_indicator_lag_3,97.0
5,1,2025-07-31,origin_aluminum_cash_usd_per_ton,167.0
5,1,2025-07-31,australia_asx200_pct_change_12m,63.0
5,1,2025-07-31,target_lag_1,102.0
5,1,2025-08-31,origin_copper_price_usd_per_ton,99.0
5,1,2025-08-31,origin_tin_cash_usd_per_ton,44.0
5,1,2025-08-31,china_csi300_jiangxi_copper_lag_1,126.0
5,1,2025-08-31,origin_china_csi300_jiangxi_copper,99.0
5,1,2025-08-31,origin_canada_tsx_composite_hudbay_minerals,234.0
5,1,2025-08-31,origin_shfe_close_cny_per_ton,49.0
5,1,2025-08-31,canada_tsx_composite_pct_change_12m,76.0
5,1,2025-08-31,canada_tsx_composite_hudbay_minerals_lag_1,61.0
5,1,2025-08-31,g20_composite_leading_indicator_lag_3,80.0
5,1,2025-08-31,origin_aluminum_cash_usd_per_ton,172.0
5,1,2025-08-31,ecb_policy_rate_pct_change_3m,46.0
5,1,2025-08-31,australia_asx200_pct_change_12m,11.0
5,1,2025-09-30,origin_copper_price_usd_per_ton,52.0
5,1,2025-09-30,origin_tin_cash_usd_per_ton,27.0
5,1,2025-09-30,origin_china_csi300_jiangxi_copper,80.0
5,1,2025-09-30,china_csi300_jiangxi_copper_lag_1,161.0
5,1,2025-09-30,origin_canada_tsx_composite_hudbay_minerals,139.0
5,1,2025-09-30,origin_shfe_close_cny_per_ton,147.0
5,1,2025-09-30,canada_tsx_composite_pct_change_12m,53.0
5,1,2025-09-30,canada_tsx_composite_hudbay_minerals_lag_1,101.0
5,1,2025-09-30,poland_wig20_lag_1,71.0
5,1,2025-09-30,ecb_policy_rate_pct_change_3m,47.0
5,1,2025-09-30,origin_aluminum_cash_usd_per_ton,127.0
5,1,2025-09-30,origin_poland_wig20,96.0
5,1,2025-10-31,origin_copper_price_usd_per_ton,90.0
5,1,2025-10-31,origin_tin_cash_usd_per_ton,158.0
5,1,2025-10-31,origin_china_csi300_jiangxi_copper,70.0
5,1,2025-10-31,china_csi300_jiangxi_copper_lag_1,127.0
5,1,2025-10-31,origin_canada_tsx_composite_hudbay_minerals,142.0
5,1,2025-10-31,canada_tsx_composite_pct_change_12m,98.0
5,1,2025-10-31,origin_shfe_close_cny_per_ton,5.0
5,1,2025-10-31,canada_tsx_composite_hudbay_minerals_lag_1,72.0
5,1,2025-10-31,poland_wig20_lag_1,69.0
5,1,2025-10-31,ecb_policy_rate_pct_change_3m,60.0
5,1,2025-10-31,origin_poland_wig20,60.0
5,1,2025-10-31,origin_aluminum_cash_usd_per_ton,189.0
5,1,2025-11-30,origin_copper_price_usd_per_ton,94.0
5,1,2025-11-30,origin_tin_cash_usd_per_ton,129.0
5,1,2025-11-30,origin_china_csi300_jiangxi_copper,131.0
5,1,2025-11-30,china_csi300_jiangxi_copper_lag_1,94.0
5,1,2025-11-30,origin_canada_tsx_composite_hudbay_minerals,170.0
5,1,2025-11-30,origin_shfe_close_cny_per_ton,16.0
5,1,2025-11-30,canada_tsx_composite_pct_change_12m,44.0
5,1,2025-11-30,canada_tsx_composite_hudbay_minerals_lag_1,114.0
5,1,2025-11-30,poland_wig20_lag_1,57.0
5,1,2025-11-30,origin_poland_wig20,83.0
5,1,2025-11-30,origin_aluminum_cash_usd_per_ton,129.0
5,1,2025-11-30,origin_south_korea_kospi,138.0
5,1,2025-12-31,origin_copper_price_usd_per_ton,104.0
5,1,2025-12-31,origin_tin_cash_usd_per_ton,151.0
5,1,2025-12-31,origin_china_csi300_jiangxi_copper,97.0
5,1,2025-12-31,origin_canada_tsx_composite_hudbay_minerals,51.0
5,1,2025-12-31,china_csi300_jiangxi_copper_lag_1,79.0
5,1,2025-12-31,indonesia_reer_lag_1,80.0
5,1,2025-12-31,origin_shfe_close_cny_per_ton,42.0
5,1,2025-12-31,canada_tsx_composite_hudbay_minerals_lag_1,110.0
5,1,2025-12-31,canada_tsx_composite_pct_change_12m,40.0
5,1,2025-12-31,poland_wig20_lag_1,105.0
5,1,2025-12-31,origin_south_korea_kospi,159.0
5,1,2025-12-31,copper_stock_ton_lag_6,106.0
5,1,2026-01-31,origin_copper_price_usd_per_ton,115.0
5,1,2026-01-31,origin_tin_cash_usd_per_ton,137.0
5,1,2026-01-31,origin_canada_tsx_composite_hudbay_minerals,62.0
5,1,2026-01-31,origin_china_csi300_jiangxi_copper,77.0
5,1,2026-01-31,china_csi300_jiangxi_copper_lag_1,92.0
5,1,2026-01-31,indonesia_reer_lag_1,97.0
5,1,2026-01-31,origin_south_korea_kospi,87.0
5,1,2026-01-31,canada_tsx_composite_hudbay_minerals_lag_1,94.0
5,1,2026-01-31,origin_shfe_close_cny_per_ton,58.0
5,1,2026-01-31,india_call_money_rate_pct_change_12m,68.0
5,1,2026-01-31,nickel_cash_usd_per_ton_lag_6,84.0
5,1,2026-01-31,germany_manufacturing_order_books_lag_12,192.0
5,1,2026-02-28,origin_copper_price_usd_per_ton,86.0
5,1,2026-02-28,origin_tin_cash_usd_per_ton,148.0
5,1,2026-02-28,origin_china_csi300_jiangxi_copper,67.0
5,1,2026-02-28,origin_canada_tsx_composite_hudbay_minerals,124.0
5,1,2026-02-28,india_call_money_rate_pct_change_12m,55.0
5,1,2026-02-28,china_csi300_jiangxi_copper_lag_1,58.0
5,1,2026-02-28,origin_south_korea_kospi,149.0
5,1,2026-02-28,nickel_cash_usd_per_ton_lag_6,69.0
5,1,2026-02-28,indonesia_reer_lag_1,94.0
5,1,2026-02-28,nickel_stock_ton_lag_1,115.0
5,1,2026-02-28,germany_manufacturing_order_books_lag_12,120.0
5,1,2026-02-28,canada_tsx_composite_hudbay_minerals_lag_1,64.0
5,1,2026-03-31,origin_copper_price_usd_per_ton,82.0
5,1,2026-03-31,origin_china_csi300_jiangxi_copper,90.0
5,1,2026-03-31,india_call_money_rate_pct_change_12m,42.0
5,1,2026-03-31,origin_tin_cash_usd_per_ton,156.0
5,1,2026-03-31,origin_canada_tsx_composite_hudbay_minerals,103.0
5,1,2026-03-31,nickel_cash_usd_per_ton_lag_6,93.0
5,1,2026-03-31,origin_south_korea_kospi,138.0
5,1,2026-03-31,china_csi300_jiangxi_copper_lag_1,79.0
5,1,2026-03-31,nickel_stock_ton_lag_1,102.0
5,1,2026-03-31,indonesia_reer_lag_1,145.0
5,1,2026-03-31,fed_interest_rate_pct_change_12m,54.0
5,1,2026-03-31,germany_manufacturing_order_books_lag_12,72.0
5,1,2026-04-30,origin_copper_price_usd_per_ton,128.0
5,1,2026-04-30,india_call_money_rate_pct_change_12m,37.0
5,1,2026-04-30,origin_china_csi300_jiangxi_copper,85.0
5,1,2026-04-30,nickel_cash_usd_per_ton_lag_6,81.0
5,1,2026-04-30,origin_tin_cash_usd_per_ton,161.0
5,1,2026-04-30,origin_canada_tsx_composite_hudbay_minerals,84.0
5,1,2026-04-30,origin_south_korea_kospi,151.0
5,1,2026-04-30,china_csi300_jiangxi_copper_lag_1,67.0
5,1,2026-04-30,nickel_stock_ton_lag_1,109.0
5,1,2026-04-30,fed_interest_rate_pct_change_12m,97.0
5,1,2026-04-30,indonesia_reer_lag_1,102.0
5,1,2026-04-30,origin_shfe_close_cny_per_ton,51.0
5,1,2026-05-31,origin_copper_price_usd_per_ton,81.0
5,1,2026-05-31,origin_tin_cash_usd_per_ton,104.0
5,1,2026-05-31,india_call_money_rate_pct_change_12m,41.0
5,1,2026-05-31,origin_china_csi300_jiangxi_copper,84.0
5,1,2026-05-31,origin_canada_tsx_composite_hudbay_minerals,104.0
5,1,2026-05-31,nickel_cash_usd_per_ton_lag_6,55.0
5,1,2026-05-31,origin_south_korea_kospi,167.0
5,1,2026-05-31,china_csi300_jiangxi_copper_lag_1,91.0
5,1,2026-05-31,nickel_stock_ton_lag_1,116.0
5,1,2026-05-31,poland_wig20_lag_1,94.0
5,1,2026-05-31,indonesia_reer_lag_1,86.0
5,1,2026-05-31,origin_aluminum_cash_usd_per_ton,112.0
5,1,2026-06-30,origin_copper_price_usd_per_ton,86.0
5,1,2026-06-30,origin_tin_cash_usd_per_ton,133.0
5,1,2026-06-30,origin_canada_tsx_composite_hudbay_minerals,89.0
5,1,2026-06-30,india_call_money_rate_pct_change_12m,45.0
5,1,2026-06-30,origin_china_csi300_jiangxi_copper,101.0
5,1,2026-06-30,nickel_cash_usd_per_ton_lag_6,50.0
5,1,2026-06-30,poland_wig20_lag_1,73.0
5,1,2026-06-30,origin_south_korea_kospi,144.0
5,1,2026-06-30,china_csi300_jiangxi_copper_lag_1,100.0
5,1,2026-06-30,nickel_stock_ton_lag_1,92.0
5,1,2026-06-30,indonesia_reer_lag_1,95.0
5,1,2026-06-30,origin_aluminum_cash_usd_per_ton,79.0
5,1,2026-07-31,origin_copper_price_usd_per_ton,95.0
5,1,2026-07-31,origin_tin_cash_usd_per_ton,146.0
5,1,2026-07-31,origin_canada_tsx_composite_hudbay_minerals,146.0
5,1,2026-07-31,nickel_cash_usd_per_ton_lag_6,27.0
5,1,2026-07-31,origin_china_csi300_jiangxi_copper,91.0
5,1,2026-07-31,india_call_money_rate_pct_change_12m,52.0
5,1,2026-07-31,origin_south_korea_kospi,149.0
5,1,2026-07-31,poland_wig20_lag_1,114.0
5,1,2026-07-31,china_csi300_jiangxi_copper_lag_1,69.0
5,1,2026-07-31,nickel_stock_ton_lag_1,83.0
5,1,2026-07-31,poland_wig20_lag_3,100.0
5,1,2026-07-31,indonesia_reer_lag_1,75.0
5,3,2025-01-31,origin_south_korea_kospi,34.0
5,3,2025-01-31,china_fixed_asset_investment_yoy_pct_pct_change_12m,187.0
5,3,2025-01-31,origin_china_csi300_jiangxi_copper,79.0
5,3,2025-01-31,south_korea_kospi_lag_1,69.0
5,3,2025-01-31,g20_composite_leading_indicator_lag_1,115.0
5,3,2025-01-31,origin_canada_tsx_composite_hudbay_minerals,112.0
5,3,2025-01-31,usa_nasdaq_composite_lag_1,165.0
5,3,2025-01-31,china_csi300_jiangxi_copper_lag_1,75.0
5,3,2025-01-31,g20_composite_leading_indicator_lag_3,91.0
5,3,2025-01-31,india_nifty50_pct_change_12m,88.0
5,3,2025-01-31,zinc_stock_ton_lag_6,70.0
5,3,2025-02-28,china_fixed_asset_investment_yoy_pct_pct_change_12m,180.0
5,3,2025-02-28,origin_south_korea_kospi,45.0
5,3,2025-02-28,origin_china_csi300_jiangxi_copper,91.0
5,3,2025-02-28,south_korea_kospi_lag_1,35.0
5,3,2025-02-28,g20_composite_leading_indicator_lag_1,114.0
5,3,2025-02-28,origin_canada_tsx_composite_hudbay_minerals,108.0
5,3,2025-02-28,india_nifty50_pct_change_12m,103.0
5,3,2025-02-28,g20_composite_leading_indicator_lag_3,76.0
5,3,2025-02-28,usa_nasdaq_composite_lag_1,193.0
5,3,2025-02-28,china_csi300_jiangxi_copper_lag_1,98.0
5,3,2025-02-28,baltic_dry_index_pct_change_12m,41.0
5,3,2025-03-31,china_fixed_asset_investment_yoy_pct_pct_change_12m,231.0
5,3,2025-03-31,origin_china_csi300_jiangxi_copper,50.0
5,3,2025-03-31,origin_south_korea_kospi,77.0
5,3,2025-03-31,g20_composite_leading_indicator_lag_1,53.0
5,3,2025-03-31,india_nifty50_pct_change_12m,61.0
5,3,2025-03-31,south_korea_kospi_lag_1,63.0
5,3,2025-03-31,origin_canada_tsx_composite_hudbay_minerals,86.0
5,3,2025-03-31,g20_composite_leading_indicator_lag_3,91.0
5,3,2025-03-31,usa_nasdaq_composite_lag_1,173.0
5,3,2025-03-31,china_csi300_jiangxi_copper_lag_1,30.0
5,3,2025-03-31,zinc_stock_ton_lag_6,119.0
5,3,2025-04-30,china_fixed_asset_investment_yoy_pct_pct_change_12m,244.0
5,3,2025-04-30,origin_china_csi300_jiangxi_copper,85.0
5,3,2025-04-30,india_nifty50_pct_change_12m,12.0
5,3,2025-04-30,g20_composite_leading_indicator_lag_1,35.0
5,3,2025-04-30,origin_south_korea_kospi,76.0
5,3,2025-04-30,usa_dow_jones_pct_change_12m,85.0
5,3,2025-04-30,g20_composite_leading_indicator_lag_3,114.0
5,3,2025-04-30,usd_inr_pct_change_12m,112.0
5,3,2025-04-30,south_korea_kospi_lag_1,41.0
5,3,2025-04-30,china_csi300_jiangxi_copper_lag_1,146.0
5,3,2025-04-30,origin_canada_tsx_composite_hudbay_minerals,111.0
5,3,2025-05-31,china_fixed_asset_investment_yoy_pct_pct_change_12m,207.0
5,3,2025-05-31,origin_china_csi300_jiangxi_copper,97.0
5,3,2025-05-31,g20_composite_leading_indicator_lag_1,112.0
5,3,2025-05-31,india_nifty50_pct_change_12m,72.0
5,3,2025-05-31,usa_sp500_pct_change_12m,61.0
5,3,2025-05-31,origin_south_korea_kospi,74.0
5,3,2025-05-31,g20_composite_leading_indicator_lag_3,44.0
5,3,2025-05-31,china_fixed_asset_investment_yoy_pct_lag_12,67.0
5,3,2025-05-31,usd_inr_pct_change_12m,40.0
5,3,2025-05-31,zinc_stock_ton_lag_6,226.0
5,3,2025-05-31,china_csi300_jiangxi_copper_lag_1,65.0
5,3,2025-06-30,china_fixed_asset_investment_yoy_pct_pct_change_12m,178.0
5,3,2025-06-30,origin_china_csi300_jiangxi_copper,107.0
5,3,2025-06-30,g20_composite_leading_indicator_lag_1,52.0
5,3,2025-06-30,usa_sp500_pct_change_12m,88.0
5,3,2025-06-30,china_fixed_asset_investment_yoy_pct_lag_12,59.0
5,3,2025-06-30,zinc_stock_ton_lag_6,158.0
5,3,2025-06-30,g20_composite_leading_indicator_lag_3,47.0
5,3,2025-06-30,origin_south_korea_kospi,87.0
5,3,2025-06-30,india_nifty50_pct_change_12m,88.0
5,3,2025-06-30,china_csi300_jiangxi_copper_lag_1,80.0
5,3,2025-06-30,usa_nasdaq_composite_lag_1,107.0
5,3,2025-07-31,china_fixed_asset_investment_yoy_pct_pct_change_12m,189.0
5,3,2025-07-31,origin_china_csi300_jiangxi_copper,102.0
5,3,2025-07-31,china_fixed_asset_investment_yoy_pct_lag_12,25.0
5,3,2025-07-31,g20_composite_leading_indicator_lag_1,81.0
5,3,2025-07-31,zinc_stock_ton_lag_6,131.0
5,3,2025-07-31,usa_sp500_pct_change_12m,121.0
5,3,2025-07-31,g20_composite_leading_indicator_lag_3,34.0
5,3,2025-07-31,origin_poland_wig20,82.0
5,3,2025-07-31,china_csi300_jiangxi_copper_lag_1,58.0
5,3,2025-07-31,usa_nasdaq_composite_lag_1,133.0
5,3,2025-07-31,origin_canada_tsx_composite_hudbay_minerals,111.0
5,3,2025-08-31,ecb_policy_rate_pct_change_3m,38.0
5,3,2025-08-31,china_fixed_asset_investment_yoy_pct_pct_change_12m,197.0
5,3,2025-08-31,origin_china_csi300_jiangxi_copper,121.0
5,3,2025-08-31,china_fixed_asset_investment_yoy_pct_lag_12,39.0
5,3,2025-08-31,zinc_stock_ton_lag_6,168.0
5,3,2025-08-31,g20_composite_leading_indicator_lag_1,68.0
5,3,2025-08-31,fed_interest_rate_pct_change_3m,149.0
5,3,2025-08-31,g20_composite_leading_indicator_lag_3,84.0
5,3,2025-08-31,origin_poland_wig20,119.0
5,3,2025-08-31,usa_dow_jones_pct_change_12m,56.0
5,3,2025-08-31,china_csi300_jiangxi_copper_lag_1,57.0
5,3,2025-09-30,ecb_policy_rate_pct_change_3m,24.0
5,3,2025-09-30,china_fixed_asset_investment_yoy_pct_pct_change_12m,171.0
5,3,2025-09-30,china_fixed_asset_investment_yoy_pct_lag_12,85.0
5,3,2025-09-30,origin_china_csi300_jiangxi_copper,114.0
5,3,2025-09-30,zinc_stock_ton_lag_6,107.0
5,3,2025-09-30,origin_poland_wig20,72.0
5,3,2025-09-30,g20_composite_leading_indicator_lag_1,110.0
5,3,2025-09-30,natural_gas_usd_lag_12,124.0
5,3,2025-09-30,fed_interest_rate_pct_change_3m,74.0
5,3,2025-09-30,g20_composite_leading_indicator_lag_3,124.0
5,3,2025-09-30,drc_policy_rate_lag_6,52.0
5,3,2025-10-31,ecb_policy_rate_pct_change_3m,31.0
5,3,2025-10-31,china_fixed_asset_investment_yoy_pct_lag_12,83.0
5,3,2025-10-31,china_fixed_asset_investment_yoy_pct_pct_change_12m,154.0
5,3,2025-10-31,origin_china_csi300_jiangxi_copper,97.0
5,3,2025-10-31,natural_gas_usd_lag_12,49.0
5,3,2025-10-31,origin_poland_wig20,63.0
5,3,2025-10-31,peru_diesel_price_index_lag_6,117.0
5,3,2025-10-31,zinc_stock_ton_lag_6,102.0
5,3,2025-10-31,peru_industrial_electricity_tariff_index_lag_6,54.0
5,3,2025-10-31,poland_wig20_lag_1,64.0
5,3,2025-10-31,g20_composite_leading_indicator_lag_1,204.0
5,3,2025-11-30,ecb_policy_rate_pct_change_3m,92.0
5,3,2025-11-30,peru_industrial_electricity_tariff_index_lag_6,101.0
5,3,2025-11-30,natural_gas_usd_lag_12,99.0
5,3,2025-11-30,nickel_cash_usd_per_ton_lag_3,78.0
5,3,2025-11-30,china_fixed_asset_investment_yoy_pct_lag_12,156.0
5,3,2025-11-30,turkey_ppi_motor_vehicles_index_pct_change_12m,68.0
5,3,2025-11-30,peru_diesel_price_index_lag_6,147.0
5,3,2025-11-30,us_10y_2y_spread_pct_change_12m,90.0
5,3,2025-11-30,origin_china_csi300_jiangxi_copper,119.0
5,3,2025-11-30,nickel_stock_ton_lag_1,61.0
5,3,2025-11-30,uk_ftse100_glencore_lag_1,50.0
5,3,2025-12-31,ecb_policy_rate_pct_change_3m,168.0
5,3,2025-12-31,peru_industrial_electricity_tariff_index_lag_6,87.0
5,3,2025-12-31,nickel_cash_usd_per_ton_lag_3,134.0
5,3,2025-12-31,us_10y_2y_spread_pct_change_12m,81.0
5,3,2025-12-31,uk_ftse100_glencore_lag_1,34.0
5,3,2025-12-31,germany_manufacturing_order_books_lag_12,93.0
5,3,2025-12-31,turkey_ppi_motor_vehicles_index_pct_change_12m,74.0
5,3,2025-12-31,peru_diesel_price_index_lag_6,81.0
5,3,2025-12-31,origin_uk_ftse100_glencore,32.0
5,3,2025-12-31,nickel_stock_ton_lag_1,177.0
5,3,2025-12-31,natural_gas_usd_lag_12,103.0
5,3,2026-01-31,nickel_cash_usd_per_ton_lag_3,173.0
5,3,2026-01-31,peru_industrial_electricity_tariff_index_lag_6,160.0
5,3,2026-01-31,fed_interest_rate_pct_change_12m,76.0
5,3,2026-01-31,us_10y_2y_spread_pct_change_12m,97.0
5,3,2026-01-31,ecb_policy_rate_pct_change_3m,99.0
5,3,2026-01-31,uk_ftse100_glencore_lag_1,48.0
5,3,2026-01-31,peru_diesel_price_index_lag_6,89.0
5,3,2026-01-31,germany_manufacturing_order_books_lag_12,103.0
5,3,2026-01-31,origin_uk_ftse100_glencore,39.0
5,3,2026-01-31,nickel_stock_ton_lag_1,140.0
5,3,2026-01-31,turkey_ppi_motor_vehicles_index_pct_change_12m,112.0
5,3,2026-02-28,nickel_cash_usd_per_ton_lag_3,233.0
5,3,2026-02-28,peru_industrial_electricity_tariff_index_lag_6,155.0
5,3,2026-02-28,fed_interest_rate_pct_change_12m,125.0
5,3,2026-02-28,us_10y_2y_spread_pct_change_12m,90.0
5,3,2026-02-28,uk_ftse100_glencore_lag_1,52.0
5,3,2026-02-28,peru_diesel_price_index_lag_6,46.0
5,3,2026-02-28,nickel_stock_ton_lag_1,152.0
5,3,2026-02-28,germany_manufacturing_order_books_lag_12,70.0
5,3,2026-02-28,origin_uk_ftse100_glencore,47.0
5,3,2026-02-28,uk_ftse100_glencore_lag_3,69.0
5,3,2026-02-28,turkey_ppi_household_appliances_index_pct_change_12m,75.0
5,3,2026-03-31,nickel_cash_usd_per_ton_lag_3,150.0
5,3,2026-03-31,peru_industrial_electricity_tariff_index_lag_6,71.0
5,3,2026-03-31,fed_interest_rate_pct_change_12m,129.0
5,3,2026-03-31,us_10y_2y_spread_pct_change_12m,83.0
5,3,2026-03-31,germany_manufacturing_order_books_lag_12,105.0
5,3,2026-03-31,origin_poland_wig20,162.0
5,3,2026-03-31,nickel_stock_ton_lag_1,145.0
5,3,2026-03-31,peru_diesel_price_index_lag_6,70.0
5,3,2026-03-31,uk_ftse100_glencore_lag_1,40.0
5,3,2026-03-31,nickel_cash_usd_per_ton_lag_1,69.0
5,3,2026-03-31,usa_nasdaq_composite_lag_1,114.0
5,3,2026-04-30,nickel_cash_usd_per_ton_lag_3,138.0
5,3,2026-04-30,peru_industrial_electricity_tariff_index_lag_6,92.0
5,3,2026-04-30,us_10y_2y_spread_pct_change_12m,96.0
5,3,2026-04-30,fed_interest_rate_pct_change_12m,104.0
5,3,2026-04-30,origin_poland_wig20,96.0
5,3,2026-04-30,germany_manufacturing_order_books_lag_12,31.0
5,3,2026-04-30,nickel_stock_ton_lag_1,162.0
5,3,2026-04-30,peru_diesel_price_index_lag_6,116.0
5,3,2026-04-30,nickel_cash_usd_per_ton_lag_1,64.0
5,3,2026-04-30,usa_nasdaq_composite_lag_1,144.0
5,3,2026-04-30,nickel_cash_usd_per_ton_lag_6,86.0
5,3,2026-05-31,nickel_cash_usd_per_ton_lag_3,137.0
5,3,2026-05-31,peru_industrial_electricity_tariff_index_lag_6,80.0
5,3,2026-05-31,origin_nickel_stock_ton,70.0
5,3,2026-05-31,fed_interest_rate_pct_change_12m,106.0
5,3,2026-05-31,origin_poland_wig20,92.0
5,3,2026-05-31,us_10y_2y_spread_pct_change_12m,82.0
5,3,2026-05-31,peru_diesel_price_index_lag_6,243.0
5,3,2026-05-31,germany_manufacturing_order_books_lag_12,22.0
5,3,2026-05-31,usa_nasdaq_composite_lag_1,166.0
5,3,2026-05-31,nickel_cash_usd_per_ton_lag_6,46.0
5,3,2026-05-31,india_call_money_rate_pct_change_12m,50.0
5,6,2025-01-31,g20_composite_leading_indicator_pct_change_12m,73.0
5,6,2025-01-31,china_fixed_asset_investment_yoy_pct_lag_12,75.0
5,6,2025-01-31,global_container_import_pct_change_12m,98.0
5,6,2025-01-31,usa_nyse_mp_materials_lag_12,171.0
5,6,2025-01-31,canada_tsx_composite_hudbay_minerals_pct_change_12m,80.0
5,6,2025-01-31,usd_krw_pct_change_12m,170.0
5,6,2025-01-31,south_korea_kospi_pct_change_12m,15.0
5,6,2025-01-31,zinc_stock_ton_lag_3,92.0
5,6,2025-01-31,china_real_estate_investment_yoy_pct_pct_change_12m,114.0
5,6,2025-01-31,g20_composite_leading_indicator_lag_1,17.0
5,6,2025-01-31,zinc_stock_ton_lag_1,81.0
5,6,2025-02-28,g20_composite_leading_indicator_pct_change_12m,79.0
5,6,2025-02-28,china_real_estate_investment_yoy_pct_pct_change_12m,97.0
5,6,2025-02-28,china_fixed_asset_investment_yoy_pct_lag_12,95.0
5,6,2025-02-28,global_container_import_pct_change_12m,76.0
5,6,2025-02-28,usa_nyse_mp_materials_lag_12,120.0
5,6,2025-02-28,south_korea_kospi_pct_change_12m,15.0
5,6,2025-02-28,canada_tsx_composite_hudbay_minerals_pct_change_12m,102.0
5,6,2025-02-28,poland_wig20_kghm_pct_change_12m,81.0
5,6,2025-02-28,usd_gbp_pct_change_12m,144.0
5,6,2025-02-28,usd_krw_pct_change_12m,51.0
5,6,2025-02-28,zinc_stock_ton_lag_3,72.0
5,6,2025-03-31,g20_composite_leading_indicator_pct_change_12m,59.0
5,6,2025-03-31,china_real_estate_investment_yoy_pct_pct_change_12m,120.0
5,6,2025-03-31,china_fixed_asset_investment_yoy_pct_lag_12,68.0
5,6,2025-03-31,usa_nyse_mp_materials_lag_12,139.0
5,6,2025-03-31,global_container_import_pct_change_12m,99.0
5,6,2025-03-31,poland_wig20_kghm_pct_change_12m,67.0
5,6,2025-03-31,south_korea_kospi_pct_change_12m,47.0
5,6,2025-03-31,usd_gbp_pct_change_12m,85.0
5,6,2025-03-31,usd_krw_pct_change_12m,96.0
5,6,2025-03-31,canada_tsx_composite_hudbay_minerals_pct_change_12m,72.0
5,6,2025-03-31,usa_sp500_southern_copper_pct_change_12m,98.0
5,6,2025-04-30,g20_composite_leading_indicator_pct_change_12m,72.0
5,6,2025-04-30,china_real_estate_investment_yoy_pct_pct_change_12m,93.0
5,6,2025-04-30,china_fixed_asset_investment_yoy_pct_lag_12,78.0
5,6,2025-04-30,usa_nyse_mp_materials_lag_12,121.0
5,6,2025-04-30,poland_wig20_kghm_pct_change_12m,94.0
5,6,2025-04-30,global_container_import_pct_change_12m,146.0
5,6,2025-04-30,south_korea_kospi_pct_change_12m,78.0
5,6,2025-04-30,usd_krw_pct_change_12m,101.0
5,6,2025-04-30,usa_nasdaq_composite_pct_change_12m,64.0
5,6,2025-04-30,usd_gbp_pct_change_12m,62.0
5,6,2025-04-30,japan_nikkei225_pct_change_12m,61.0
5,6,2025-05-31,g20_composite_leading_indicator_pct_change_12m,114.0
5,6,2025-05-31,china_real_estate_investment_yoy_pct_pct_change_12m,36.0
5,6,2025-05-31,usa_nyse_mp_materials_lag_12,76.0
5,6,2025-05-31,china_fixed_asset_investment_yoy_pct_lag_12,107.0
5,6,2025-05-31,poland_wig20_kghm_pct_change_12m,121.0
5,6,2025-05-31,usd_krw_pct_change_12m,76.0
5,6,2025-05-31,south_korea_kospi_pct_change_12m,38.0
5,6,2025-05-31,usa_nasdaq_composite_pct_change_12m,75.0
5,6,2025-05-31,global_container_import_pct_change_12m,130.0
5,6,2025-05-31,usd_gbp_pct_change_12m,91.0
5,6,2025-05-31,usd_inr_pct_change_12m,108.0
5,6,2025-06-30,usa_nyse_mp_materials_lag_12,142.0
5,6,2025-06-30,china_fixed_asset_investment_yoy_pct_lag_12,114.0
5,6,2025-06-30,china_real_estate_investment_yoy_pct_pct_change_12m,61.0
5,6,2025-06-30,g20_composite_leading_indicator_pct_change_12m,123.0
5,6,2025-06-30,poland_wig20_kghm_pct_change_12m,95.0
5,6,2025-06-30,usa_nasdaq_composite_pct_change_12m,66.0
5,6,2025-06-30,usd_gbp_pct_change_12m,75.0
5,6,2025-06-30,global_container_import_pct_change_12m,131.0
5,6,2025-06-30,usd_inr_pct_change_12m,95.0
5,6,2025-06-30,usd_krw_pct_change_12m,65.0
5,6,2025-06-30,south_korea_kospi_pct_change_12m,21.0
5,6,2025-07-31,usa_nyse_mp_materials_lag_12,65.0
5,6,2025-07-31,china_real_estate_investment_yoy_pct_pct_change_12m,86.0
5,6,2025-07-31,china_fixed_asset_investment_yoy_pct_lag_12,124.0
5,6,2025-07-31,g20_composite_leading_indicator_pct_change_12m,91.0
5,6,2025-07-31,usa_nasdaq_composite_pct_change_12m,48.0
5,6,2025-07-31,germany_manufacturing_order_books_lag_12,139.0
5,6,2025-07-31,poland_wig20_kghm_pct_change_12m,53.0
5,6,2025-07-31,hong_kong_hang_seng_pct_change_12m,40.0
5,6,2025-07-31,us_10y_2y_spread_pct_change_12m,102.0
5,6,2025-07-31,china_ppi_yoy_pct_lag_12,105.0
5,6,2025-07-31,global_container_import_pct_change_12m,118.0
5,6,2025-08-31,usa_nyse_mp_materials_lag_12,71.0
5,6,2025-08-31,china_real_estate_investment_yoy_pct_pct_change_12m,91.0
5,6,2025-08-31,china_fixed_asset_investment_yoy_pct_lag_12,99.0
5,6,2025-08-31,germany_manufacturing_order_books_lag_12,90.0
5,6,2025-08-31,copper_stock_ton_lag_1,137.0
5,6,2025-08-31,us_10y_2y_spread_pct_change_12m,84.0
5,6,2025-08-31,peru_industrial_electricity_tariff_index_lag_3,73.0
5,6,2025-08-31,peru_diesel_price_index_lag_3,90.0
5,6,2025-08-31,peru_diesel_price_index_lag_6,42.0
5,6,2025-08-31,usa_nasdaq_composite_pct_change_12m,104.0
5,6,2025-08-31,hong_kong_hang_seng_pct_change_12m,56.0
5,6,2025-09-30,usa_nyse_mp_materials_lag_12,90.0
5,6,2025-09-30,china_real_estate_investment_yoy_pct_pct_change_12m,143.0
5,6,2025-09-30,peru_industrial_electricity_tariff_index_lag_3,43.0
5,6,2025-09-30,germany_manufacturing_order_books_lag_12,90.0
5,6,2025-09-30,peru_diesel_price_index_lag_3,84.0
5,6,2025-09-30,copper_stock_ton_lag_1,100.0
5,6,2025-09-30,china_fixed_asset_investment_yoy_pct_lag_12,91.0
5,6,2025-09-30,us_10y_2y_spread_pct_change_12m,78.0
5,6,2025-09-30,origin_nickel_cash_usd_per_ton,125.0
5,6,2025-09-30,nickel_cash_usd_per_ton_lag_1,66.0
5,6,2025-09-30,peru_diesel_price_index_lag_6,71.0
5,6,2025-10-31,usa_nyse_mp_materials_lag_12,73.0
5,6,2025-10-31,ecb_policy_rate_pct_change_3m,50.0
5,6,2025-10-31,peru_industrial_electricity_tariff_index_lag_3,75.0
5,6,2025-10-31,origin_nickel_cash_usd_per_ton,80.0
5,6,2025-10-31,nickel_cash_usd_per_ton_lag_1,53.0
5,6,2025-10-31,us_10y_2y_spread_pct_change_12m,102.0
5,6,2025-10-31,china_real_estate_investment_yoy_pct_pct_change_12m,140.0
5,6,2025-10-31,peru_diesel_price_index_lag_3,82.0
5,6,2025-10-31,copper_stock_ton_lag_1,152.0
5,6,2025-10-31,peru_diesel_price_index_lag_6,70.0
5,6,2025-10-31,hong_kong_hang_seng_pct_change_12m,78.0
5,6,2025-11-30,ecb_policy_rate_pct_change_3m,52.0
5,6,2025-11-30,usa_nyse_mp_materials_lag_12,63.0
5,6,2025-11-30,origin_nickel_cash_usd_per_ton,114.0
5,6,2025-11-30,nickel_cash_usd_per_ton_lag_1,70.0
5,6,2025-11-30,peru_industrial_electricity_tariff_index_lag_3,55.0
5,6,2025-11-30,us_10y_2y_spread_pct_change_12m,103.0
5,6,2025-11-30,china_real_estate_investment_yoy_pct_pct_change_12m,227.0
5,6,2025-11-30,peru_diesel_price_index_lag_3,58.0
5,6,2025-11-30,copper_stock_ton_lag_1,133.0
5,6,2025-11-30,hong_kong_hang_seng_pct_change_12m,53.0
5,6,2025-11-30,peru_diesel_price_index_lag_6,64.0
5,6,2025-12-31,ecb_policy_rate_pct_change_3m,100.0
5,6,2025-12-31,usa_nyse_mp_materials_lag_12,73.0
5,6,2025-12-31,origin_nickel_cash_usd_per_ton,88.0
5,6,2025-12-31,peru_industrial_electricity_tariff_index_lag_3,87.0
5,6,2025-12-31,nickel_cash_usd_per_ton_lag_1,84.0
5,6,2025-12-31,china_real_estate_investment_yoy_pct_pct_change_12m,182.0
5,6,2025-12-31,hong_kong_hang_seng_pct_change_12m,38.0
5,6,2025-12-31,us_10y_2y_spread_pct_change_12m,111.0
5,6,2025-12-31,peru_diesel_price_index_lag_3,76.0
5,6,2025-12-31,turkey_domestic_ppi_index_pct_change_12m,40.0
5,6,2025-12-31,copper_stock_ton_lag_1,151.0
5,6,2026-01-31,ecb_policy_rate_pct_change_3m,74.0
5,6,2026-01-31,origin_nickel_cash_usd_per_ton,257.0
5,6,2026-01-31,usa_nyse_mp_materials_lag_12,104.0
5,6,2026-01-31,peru_industrial_electricity_tariff_index_lag_3,126.0
5,6,2026-01-31,us_10y_2y_spread_pct_change_12m,81.0
5,6,2026-01-31,hong_kong_hang_seng_pct_change_12m,60.0
5,6,2026-01-31,china_real_estate_investment_yoy_pct_pct_change_12m,152.0
5,6,2026-01-31,peru_diesel_price_index_lag_3,47.0
5,6,2026-01-31,turkey_domestic_ppi_index_pct_change_12m,40.0
5,6,2026-01-31,turkey_ppi_electrical_equipment_index_pct_change_12m,75.0
5,6,2026-01-31,turkey_ppi_household_appliances_index_pct_change_12m,28.0
5,6,2026-02-28,ecb_policy_rate_pct_change_3m,35.0
5,6,2026-02-28,origin_nickel_cash_usd_per_ton,143.0
5,6,2026-02-28,peru_industrial_electricity_tariff_index_lag_3,140.0
5,6,2026-02-28,usa_nyse_mp_materials_lag_12,144.0
5,6,2026-02-28,us_10y_2y_spread_pct_change_12m,91.0
5,6,2026-02-28,hong_kong_hang_seng_pct_change_12m,73.0
5,6,2026-02-28,peru_diesel_price_index_lag_3,69.0
5,6,2026-02-28,turkey_domestic_ppi_index_pct_change_12m,63.0
5,6,2026-02-28,china_real_estate_investment_yoy_pct_pct_change_12m,146.0
5,6,2026-02-28,indonesia_call_money_rate_lag_12,75.0
5,6,2026-02-28,origin_uk_ftse100_glencore,56.0
5,12,2025-01-31,china_fixed_asset_investment_yoy_pct_lag_6,91.0
5,12,2025-01-31,zinc_stock_ton_pct_change_3m,82.0
5,12,2025-01-31,china_fixed_asset_investment_yoy_pct_lag_3,130.0
5,12,2025-01-31,usa_nyse_mp_materials_pct_change_12m,74.0
5,12,2025-01-31,usa_nyse_mp_materials_lag_6,119.0
5,12,2025-01-31,japan_ppi_pct_change_12m,115.0
5,12,2025-01-31,india_10y_yield_pct_change_12m,43.0
5,12,2025-01-31,china_ppi_yoy_pct_lag_6,100.0
5,12,2025-01-31,geopolitical_acts_index_pct_change_12m,111.0
5,12,2025-02-28,china_fixed_asset_investment_yoy_pct_lag_6,93.0
5,12,2025-02-28,us_cpi_index_pct_change_12m,94.0
5,12,2025-02-28,china_fixed_asset_investment_yoy_pct_lag_3,178.0
5,12,2025-02-28,usa_nyse_mp_materials_pct_change_12m,114.0
5,12,2025-02-28,usa_nyse_mp_materials_lag_6,85.0
5,12,2025-02-28,peru_usd_pen_lag_1,42.0
5,12,2025-02-28,zinc_stock_ton_pct_change_3m,66.0
5,12,2025-02-28,us_10y_treasury_yield_pct_change_12m,139.0
5,12,2025-02-28,us_2y_yield_pct_change_12m,46.0
5,12,2025-03-31,china_fixed_asset_investment_yoy_pct_lag_6,149.0
5,12,2025-03-31,usa_nyse_mp_materials_pct_change_12m,101.0
5,12,2025-03-31,us_cpi_index_pct_change_12m,89.0
5,12,2025-03-31,usa_nyse_mp_materials_lag_6,24.0
5,12,2025-03-31,china_fixed_asset_investment_yoy_pct_lag_3,137.0
5,12,2025-03-31,peru_usd_pen_lag_1,59.0
5,12,2025-03-31,us_10y_treasury_yield_pct_change_12m,112.0
5,12,2025-03-31,us_10y_2y_spread_pct_change_3m,97.0
5,12,2025-03-31,us_2y_yield_pct_change_12m,57.0
5,12,2025-04-30,peru_usd_pen_lag_1,116.0
5,12,2025-04-30,usa_nyse_mp_materials_pct_change_12m,139.0
5,12,2025-04-30,india_10y_yield_pct_change_12m,30.0
5,12,2025-04-30,us_cpi_index_pct_change_12m,93.0
5,12,2025-04-30,china_fixed_asset_investment_yoy_pct_lag_6,101.0
5,12,2025-04-30,usa_nyse_mp_materials_lag_6,64.0
5,12,2025-04-30,china_fixed_asset_investment_yoy_pct_lag_3,113.0
5,12,2025-04-30,us_10y_treasury_yield_pct_change_12m,109.0
5,12,2025-04-30,south_korea_kospi_lag_6,73.0
5,12,2025-05-31,peru_usd_pen_lag_1,91.0
5,12,2025-05-31,usa_nyse_mp_materials_pct_change_12m,135.0
5,12,2025-05-31,india_10y_yield_pct_change_12m,28.0
5,12,2025-05-31,us_cpi_index_pct_change_12m,107.0
5,12,2025-05-31,china_fixed_asset_investment_yoy_pct_lag_6,58.0
5,12,2025-05-31,usa_nyse_mp_materials_lag_6,62.0
5,12,2025-05-31,china_real_estate_investment_yoy_pct_pct_change_3m,84.0
5,12,2025-05-31,us_10y_treasury_yield_pct_change_12m,95.0
5,12,2025-05-31,china_fixed_asset_investment_yoy_pct_lag_3,142.0
5,12,2025-06-30,china_fixed_asset_investment_yoy_pct_lag_6,128.0
5,12,2025-06-30,usa_nyse_mp_materials_lag_6,120.0
5,12,2025-06-30,usa_nyse_mp_materials_pct_change_12m,86.0
5,12,2025-06-30,peru_usd_pen_lag_1,74.0
5,12,2025-06-30,india_10y_yield_pct_change_12m,52.0
5,12,2025-06-30,china_real_estate_investment_yoy_pct_pct_change_3m,96.0
5,12,2025-06-30,us_cpi_index_pct_change_12m,155.0
5,12,2025-06-30,japan_ppi_pct_change_12m,73.0
5,12,2025-06-30,turkey_capacity_intermediate_goods_percent_lag_6,87.0
5,12,2025-07-31,china_fixed_asset_investment_yoy_pct_lag_6,93.0
5,12,2025-07-31,usa_nyse_mp_materials_lag_6,172.0
5,12,2025-07-31,usa_nyse_mp_materials_pct_change_12m,46.0
5,12,2025-07-31,us_cpi_index_pct_change_12m,197.0
5,12,2025-07-31,china_real_estate_investment_yoy_pct_pct_change_3m,132.0
5,12,2025-07-31,turkey_capacity_intermediate_goods_percent_lag_6,48.0
5,12,2025-07-31,india_10y_yield_pct_change_12m,49.0
5,12,2025-07-31,peru_usd_pen_lag_1,70.0
5,12,2025-07-31,japan_ppi_pct_change_12m,73.0
5,12,2025-08-31,china_fixed_asset_investment_yoy_pct_lag_6,115.0
5,12,2025-08-31,usa_nyse_mp_materials_lag_6,133.0
5,12,2025-08-31,usa_nyse_mp_materials_pct_change_12m,132.0
5,12,2025-08-31,us_cpi_index_pct_change_12m,105.0
5,12,2025-08-31,china_real_estate_investment_yoy_pct_pct_change_3m,103.0
5,12,2025-08-31,india_10y_yield_pct_change_12m,48.0
5,12,2025-08-31,china_csi300_lag_12,63.0
5,12,2025-08-31,us_10y_treasury_yield_pct_change_12m,136.0
5,12,2025-08-31,turkey_capacity_intermediate_goods_percent_lag_6,52.0
8,1,2025-01-31,origin_copper_price_usd_per_ton,113.0
8,1,2025-01-31,origin_usa_sp500_freeport_mcmoran,53.0
8,1,2025-01-31,origin_tin_cash_usd_per_ton,52.0
8,1,2025-01-31,shfe_close_cny_per_ton_lag_1,62.0
8,1,2025-01-31,origin_south_korea_kospi,140.0
8,1,2025-01-31,origin_uk_ftse100_antofagasta,149.0
8,1,2025-01-31,south_korea_kospi_lag_1,65.0
8,1,2025-01-31,origin_aluminum_cash_usd_per_ton,71.0
8,1,2025-01-31,uk_ftse100_antofagasta_lag_1,131.0
8,1,2025-01-31,target_lag_2,57.0
8,1,2025-01-31,origin_usa_sp500_southern_copper,38.0
8,1,2025-01-31,origin_canada_tsx_composite_lundin_mining,68.0
8,1,2025-01-31,canada_tsx_composite_capstone_copper_lag_1,46.0
8,1,2025-01-31,south_korea_kospi_lag_3,135.0
8,1,2025-01-31,origin_china_csi300_jiangxi_copper,55.0
8,1,2025-01-31,canada_tsx_composite_lundin_mining_lag_1,39.0
8,1,2025-01-31,origin_usa_dow_jones,75.0
8,1,2025-01-31,origin_germany_dax,84.0
8,1,2025-01-31,origin_japan_nikkei225,32.0
8,1,2025-02-28,origin_copper_price_usd_per_ton,103.0
8,1,2025-02-28,origin_tin_cash_usd_per_ton,61.0
8,1,2025-02-28,origin_usa_sp500_freeport_mcmoran,36.0
8,1,2025-02-28,shfe_close_cny_per_ton_lag_1,50.0
8,1,2025-02-28,origin_south_korea_kospi,121.0
8,1,2025-02-28,origin_uk_ftse100_antofagasta,90.0
8,1,2025-02-28,south_korea_kospi_lag_1,51.0
8,1,2025-02-28,origin_aluminum_cash_usd_per_ton,79.0
8,1,2025-02-28,uk_ftse100_antofagasta_lag_1,122.0
8,1,2025-02-28,target_lag_2,56.0
8,1,2025-02-28,origin_canada_tsx_composite_lundin_mining,106.0
8,1,2025-02-28,origin_usa_sp500_southern_copper,26.0
8,1,2025-02-28,canada_tsx_composite_capstone_copper_lag_1,36.0
8,1,2025-02-28,origin_china_csi300_jiangxi_copper,87.0
8,1,2025-02-28,south_korea_kospi_lag_3,110.0
8,1,2025-02-28,canada_tsx_composite_lundin_mining_lag_1,49.0
8,1,2025-02-28,origin_usa_dow_jones,103.0
8,1,2025-02-28,origin_germany_dax,83.0
8,1,2025-02-28,japan_industrial_production_lag_12,142.0
8,1,2025-03-31,origin_copper_price_usd_per_ton,129.0
8,1,2025-03-31,origin_tin_cash_usd_per_ton,79.0
8,1,2025-03-31,origin_usa_sp500_freeport_mcmoran,53.0
8,1,2025-03-31,shfe_close_cny_per_ton_lag_1,66.0
8,1,2025-03-31,origin_uk_ftse100_antofagasta,116.0
8,1,2025-03-31,origin_south_korea_kospi,88.0
8,1,2025-03-31,south_korea_kospi_lag_1,66.0
8,1,2025-03-31,origin_aluminum_cash_usd_per_ton,94.0
8,1,2025-03-31,origin_china_csi300_jiangxi_copper,92.0
8,1,2025-03-31,target_rolling_mean_3,61.0
8,1,2025-03-31,origin_canada_tsx_composite_lundin_mining,110.0
8,1,2025-03-31,uk_ftse100_antofagasta_lag_1,95.0
8,1,2025-03-31,origin_usa_sp500_southern_copper,35.0
8,1,2025-03-31,canada_tsx_composite_capstone_copper_lag_1,34.0
8,1,2025-03-31,canada_tsx_composite_lundin_mining_lag_1,55.0
8,1,2025-03-31,south_korea_kospi_lag_3,107.0
8,1,2025-03-31,japan_industrial_production_lag_12,92.0
8,1,2025-03-31,origin_usa_dow_jones,91.0
8,1,2025-03-31,origin_germany_dax,114.0
8,1,2025-04-30,origin_copper_price_usd_per_ton,118.0
8,1,2025-04-30,origin_tin_cash_usd_per_ton,75.0
8,1,2025-04-30,origin_usa_sp500_freeport_mcmoran,35.0
8,1,2025-04-30,shfe_close_cny_per_ton_lag_1,51.0
8,1,2025-04-30,origin_south_korea_kospi,67.0
8,1,2025-04-30,origin_china_csi300_jiangxi_copper,79.0
8,1,2025-04-30,origin_uk_ftse100_antofagasta,144.0
8,1,2025-04-30,origin_aluminum_cash_usd_per_ton,65.0
8,1,2025-04-30,south_korea_kospi_lag_1,84.0
8,1,2025-04-30,origin_canada_tsx_composite_lundin_mining,52.0
8,1,2025-04-30,target_rolling_mean_3,74.0
8,1,2025-04-30,canada_tsx_composite_capstone_copper_lag_1,15.0
8,1,2025-04-30,china_csi300_jiangxi_copper_lag_1,93.0
8,1,2025-04-30,canada_tsx_composite_lundin_mining_lag_1,61.0
8,1,2025-04-30,japan_industrial_production_lag_12,100.0
8,1,2025-04-30,south_korea_kospi_lag_3,129.0
8,1,2025-04-30,origin_usa_dow_jones,52.0
8,1,2025-04-30,origin_germany_dax,109.0
8,1,2025-04-30,usa_nasdaq_composite_lag_3,125.0
8,1,2025-05-31,origin_copper_price_usd_per_ton,104.0
8,1,2025-05-31,origin_tin_cash_usd_per_ton,49.0
8,1,2025-05-31,shfe_close_cny_per_ton_lag_1,91.0
8,1,2025-05-31,origin_china_csi300_jiangxi_copper,106.0
8,1,2025-05-31,origin_usa_sp500_freeport_mcmoran,65.0
8,1,2025-05-31,origin_uk_ftse100_antofagasta,83.0
8,1,2025-05-31,origin_south_korea_kospi,128.0
8,1,2025-05-31,origin_aluminum_cash_usd_per_ton,63.0
8,1,2025-05-31,south_korea_kospi_lag_1,35.0
8,1,2025-05-31,origin_canada_tsx_composite_lundin_mining,28.0
8,1,2025-05-31,china_csi300_jiangxi_copper_lag_1,101.0
8,1,2025-05-31,target_rolling_mean_3,88.0
8,1,2025-05-31,canada_tsx_composite_capstone_copper_lag_1,64.0
8,1,2025-05-31,uk_ftse100_antofagasta_lag_1,97.0
8,1,2025-05-31,canada_tsx_composite_lundin_mining_lag_1,37.0
8,1,2025-05-31,japan_industrial_production_lag_12,148.0
8,1,2025-05-31,origin_poland_wig20_kghm,76.0
8,1,2025-05-31,silver_usd_per_troy_ounce_lag_6,63.0
8,1,2025-05-31,origin_canada_tsx_composite,114.0
8,1,2025-06-30,origin_copper_price_usd_per_ton,132.0
8,1,2025-06-30,origin_china_csi300_jiangxi_copper,136.0
8,1,2025-06-30,shfe_close_cny_per_ton_lag_1,65.0
8,1,2025-06-30,origin_canada_tsx_composite_capstone_copper,58.0
8,1,2025-06-30,origin_south_korea_kospi,76.0
8,1,2025-06-30,origin_uk_ftse100_antofagasta,185.0
8,1,2025-06-30,origin_aluminum_cash_usd_per_ton,62.0
8,1,2025-06-30,china_csi300_jiangxi_copper_lag_1,102.0
8,1,2025-06-30,origin_canada_tsx_composite_lundin_mining,56.0
8,1,2025-06-30,tin_cash_usd_per_ton_lag_1,122.0
8,1,2025-06-30,target_rolling_mean_3,76.0
8,1,2025-06-30,south_korea_kospi_lag_1,17.0
8,1,2025-06-30,uk_ftse100_antofagasta_lag_1,61.0
8,1,2025-06-30,japan_industrial_production_lag_12,87.0
8,1,2025-06-30,canada_tsx_composite_lundin_mining_lag_1,48.0
8,1,2025-06-30,usa_sp500_freeport_mcmoran_lag_1,54.0
8,1,2025-06-30,origin_poland_wig20_kghm,70.0
8,1,2025-06-30,silver_usd_per_troy_ounce_lag_6,55.0
8,1,2025-06-30,origin_germany_dax,66.0
8,1,2025-07-31,origin_copper_price_usd_per_ton,100.0
8,1,2025-07-31,origin_china_csi300_jiangxi_copper,57.0
8,1,2025-07-31,shfe_close_cny_per_ton_lag_1,71.0
8,1,2025-07-31,origin_south_korea_kospi,92.0
8,1,2025-07-31,origin_canada_tsx_composite_capstone_copper,76.0
8,1,2025-07-31,origin_uk_ftse100_antofagasta,138.0
8,1,2025-07-31,origin_aluminum_cash_usd_per_ton,98.0
8,1,2025-07-31,china_csi300_jiangxi_copper_lag_1,124.0
8,1,2025-07-31,origin_canada_tsx_composite_lundin_mining,84.0
8,1,2025-07-31,tin_cash_usd_per_ton_lag_1,91.0
8,1,2025-07-31,south_korea_kospi_lag_1,16.0
8,1,2025-07-31,target_lag_2,74.0
8,1,2025-07-31,uk_ftse100_antofagasta_lag_1,109.0
8,1,2025-07-31,japan_industrial_production_lag_12,71.0
8,1,2025-07-31,canada_tsx_composite_lundin_mining_lag_1,66.0
8,1,2025-07-31,silver_usd_per_troy_ounce_lag_6,62.0
8,1,2025-07-31,origin_poland_wig20_kghm,61.0
8,1,2025-07-31,origin_germany_dax,79.0
8,1,2025-07-31,usa_sp500_freeport_mcmoran_lag_1,84.0
8,1,2025-08-31,origin_copper_price_usd_per_ton,86.0
8,1,2025-08-31,origin_china_csi300_jiangxi_copper,85.0
8,1,2025-08-31,shfe_close_cny_per_ton_lag_1,47.0
8,1,2025-08-31,origin_south_korea_kospi,75.0
8,1,2025-08-31,origin_aluminum_cash_usd_per_ton,88.0
8,1,2025-08-31,origin_canada_tsx_composite_capstone_copper,85.0
8,1,2025-08-31,origin_uk_ftse100_antofagasta,169.0
8,1,2025-08-31,china_csi300_jiangxi_copper_lag_1,98.0
8,1,2025-08-31,tin_cash_usd_per_ton_lag_1,75.0
8,1,2025-08-31,origin_canada_tsx_composite_lundin_mining,37.0
8,1,2025-08-31,south_korea_kospi_lag_1,52.0
8,1,2025-08-31,target_lag_2,50.0
8,1,2025-08-31,uk_ftse100_antofagasta_lag_1,87.0
8,1,2025-08-31,japan_industrial_production_lag_12,115.0
8,1,2025-08-31,canada_tsx_composite_lundin_mining_lag_1,82.0
8,1,2025-08-31,silver_usd_per_troy_ounce_lag_6,34.0
8,1,2025-08-31,origin_canada_tsx_composite,49.0
8,1,2025-08-31,origin_poland_wig20_kghm,59.0
8,1,2025-08-31,origin_germany_dax,110.0
8,1,2025-09-30,origin_copper_price_usd_per_ton,109.0
8,1,2025-09-30,origin_china_csi300_jiangxi_copper,96.0
8,1,2025-09-30,shfe_close_cny_per_ton_lag_1,62.0
8,1,2025-09-30,origin_south_korea_kospi,74.0
8,1,2025-09-30,origin_aluminum_cash_usd_per_ton,67.0
8,1,2025-09-30,origin_uk_ftse100_antofagasta,157.0
8,1,2025-09-30,china_csi300_jiangxi_copper_lag_1,110.0
8,1,2025-09-30,origin_canada_tsx_composite_lundin_mining,68.0
8,1,2025-09-30,origin_canada_tsx_composite_capstone_copper,45.0
8,1,2025-09-30,tin_cash_usd_per_ton_lag_1,76.0
8,1,2025-09-30,south_korea_kospi_lag_1,17.0
8,1,2025-09-30,target_lag_2,64.0
8,1,2025-09-30,canada_tsx_composite_lundin_mining_lag_1,52.0
8,1,2025-09-30,japan_industrial_production_lag_12,122.0
8,1,2025-09-30,origin_canada_tsx_composite,35.0
8,1,2025-09-30,silver_usd_per_troy_ounce_lag_6,25.0
8,1,2025-09-30,origin_germany_dax,123.0
8,1,2025-09-30,usa_nasdaq_composite_lag_3,101.0
8,1,2025-09-30,origin_poland_wig20_kghm,79.0
8,1,2025-10-31,origin_copper_price_usd_per_ton,76.0
8,1,2025-10-31,origin_china_csi300_jiangxi_copper,100.0
8,1,2025-10-31,shfe_close_cny_per_ton_lag_1,77.0
8,1,2025-10-31,origin_south_korea_kospi,77.0
8,1,2025-10-31,china_csi300_jiangxi_copper_lag_1,98.0
8,1,2025-10-31,origin_aluminum_cash_usd_per_ton,90.0
8,1,2025-10-31,origin_canada_tsx_composite_lundin_mining,53.0
8,1,2025-10-31,origin_uk_ftse100_antofagasta,150.0
8,1,2025-10-31,origin_canada_tsx_composite_capstone_copper,40.0
8,1,2025-10-31,tin_cash_usd_per_ton_lag_1,67.0
8,1,2025-10-31,south_korea_kospi_lag_1,20.0
8,1,2025-10-31,canada_tsx_composite_lundin_mining_lag_1,82.0
8,1,2025-10-31,origin_canada_tsx_composite,27.0
8,1,2025-10-31,japan_industrial_production_lag_12,88.0
8,1,2025-10-31,usa_nasdaq_composite_lag_3,140.0
8,1,2025-10-31,silver_usd_per_troy_ounce_lag_6,36.0
8,1,2025-10-31,origin_germany_dax,69.0
8,1,2025-10-31,origin_usa_nyse_hecla_mining,142.0
8,1,2025-10-31,origin_poland_wig20_kghm,55.0
8,1,2025-11-30,origin_copper_price_usd_per_ton,97.0
8,1,2025-11-30,origin_china_csi300_jiangxi_copper,90.0
8,1,2025-11-30,origin_south_korea_kospi,78.0
8,1,2025-11-30,shfe_close_cny_per_ton_lag_1,45.0
8,1,2025-11-30,china_csi300_jiangxi_copper_lag_1,98.0
8,1,2025-11-30,origin_canada_tsx_composite_lundin_mining,23.0
8,1,2025-11-30,origin_aluminum_cash_usd_per_ton,89.0
8,1,2025-11-30,origin_uk_ftse100_antofagasta,137.0
8,1,2025-11-30,origin_canada_tsx_composite_capstone_copper,57.0
8,1,2025-11-30,tin_cash_usd_per_ton_lag_1,76.0
8,1,2025-11-30,south_korea_kospi_lag_1,50.0
8,1,2025-11-30,canada_tsx_composite_lundin_mining_lag_1,56.0
8,1,2025-11-30,origin_canada_tsx_composite,37.0
8,1,2025-11-30,usa_nasdaq_composite_lag_3,157.0
8,1,2025-11-30,silver_usd_per_troy_ounce_lag_6,18.0
8,1,2025-11-30,origin_usa_nyse_hecla_mining,103.0
8,1,2025-11-30,origin_germany_dax,46.0
8,1,2025-11-30,origin_poland_wig20_kghm,72.0
8,1,2025-11-30,japan_industrial_production_lag_12,112.0
8,1,2025-12-31,origin_copper_price_usd_per_ton,87.0
8,1,2025-12-31,origin_china_csi300_jiangxi_copper,112.0
8,1,2025-12-31,origin_south_korea_kospi,54.0
8,1,2025-12-31,shfe_close_cny_per_ton_lag_1,66.0
8,1,2025-12-31,china_csi300_jiangxi_copper_lag_1,127.0
8,1,2025-12-31,origin_canada_tsx_composite_lundin_mining,57.0
8,1,2025-12-31,origin_aluminum_cash_usd_per_ton,110.0
8,1,2025-12-31,origin_uk_ftse100_antofagasta,107.0
8,1,2025-12-31,tin_cash_usd_per_ton_lag_1,91.0
8,1,2025-12-31,south_korea_kospi_lag_1,53.0
8,1,2025-12-31,origin_canada_tsx_composite_capstone_copper,47.0
8,1,2025-12-31,origin_usa_sp500_freeport_mcmoran,14.0
8,1,2025-12-31,usa_nasdaq_composite_lag_3,129.0
8,1,2025-12-31,origin_canada_tsx_composite,34.0
8,1,2025-12-31,silver_usd_per_troy_ounce_lag_6,70.0
8,1,2025-12-31,origin_usa_nyse_hecla_mining,74.0
8,1,2025-12-31,origin_poland_wig20_kghm,79.0
8,1,2025-12-31,origin_germany_dax,71.0
8,1,2025-12-31,gold_usd_per_troy_ounce_lag_12,114.0
8,1,2026-01-31,origin_copper_price_usd_per_ton,102.0
8,1,2026-01-31,origin_china_csi300_jiangxi_copper,82.0
8,1,2026-01-31,origin_south_korea_kospi,69.0
8,1,2026-01-31,shfe_close_cny_per_ton_lag_1,44.0
8,1,2026-01-31,origin_canada_tsx_composite_lundin_mining,50.0
8,1,2026-01-31,origin_aluminum_cash_usd_per_ton,143.0
8,1,2026-01-31,origin_uk_ftse100_antofagasta,73.0
8,1,2026-01-31,tin_cash_usd_per_ton_lag_1,103.0
8,1,2026-01-31,origin_canada_tsx_composite_capstone_copper,62.0
8,1,2026-01-31,usa_nasdaq_composite_lag_3,107.0
8,1,2026-01-31,origin_usa_dow_jones,73.0
8,1,2026-01-31,origin_usa_sp500_freeport_mcmoran,28.0
8,1,2026-01-31,silver_usd_per_troy_ounce_lag_6,62.0
8,1,2026-01-31,origin_usa_nyse_hecla_mining,113.0
8,1,2026-01-31,gold_usd_per_troy_ounce_lag_12,96.0
8,1,2026-01-31,origin_poland_wig20_kghm,114.0
8,1,2026-01-31,germany_dax_lag_1,72.0
8,1,2026-01-31,canada_tsx_composite_lag_1,44.0
8,1,2026-01-31,shfe_close_cny_per_ton_lag_3,74.0
8,1,2026-02-28,origin_copper_price_usd_per_ton,112.0
8,1,2026-02-28,origin_china_csi300_jiangxi_copper,56.0
8,1,2026-02-28,origin_south_korea_kospi,47.0
8,1,2026-02-28,shfe_close_cny_per_ton_lag_1,53.0
8,1,2026-02-28,origin_canada_tsx_composite_lundin_mining,42.0
8,1,2026-02-28,origin_aluminum_cash_usd_per_ton,164.0
8,1,2026-02-28,origin_uk_ftse100_antofagasta,76.0
8,1,2026-02-28,tin_cash_usd_per_ton_lag_1,118.0
8,1,2026-02-28,origin_canada_tsx_composite_capstone_copper,39.0
8,1,2026-02-28,usa_nasdaq_composite_lag_3,86.0
8,1,2026-02-28,origin_canada_tsx_composite,67.0
8,1,2026-02-28,origin_usa_sp500_freeport_mcmoran,54.0
8,1,2026-02-28,gold_usd_per_troy_ounce_lag_12,103.0
8,1,2026-02-28,silver_usd_per_troy_ounce_lag_6,44.0
8,1,2026-02-28,origin_poland_wig20_kghm,104.0
8,1,2026-02-28,origin_usa_nyse_hecla_mining,90.0
8,1,2026-02-28,germany_dax_lag_1,51.0
8,1,2026-02-28,japan_nikkei225_lag_3,107.0
8,1,2026-02-28,silver_usd_per_troy_ounce_lag_1,72.0
8,1,2026-03-31,origin_copper_price_usd_per_ton,111.0
8,1,2026-03-31,origin_china_csi300_jiangxi_copper,42.0
8,1,2026-03-31,origin_south_korea_kospi,41.0
8,1,2026-03-31,origin_canada_tsx_composite_lundin_mining,60.0
8,1,2026-03-31,shfe_close_cny_per_ton_lag_1,98.0
8,1,2026-03-31,origin_aluminum_cash_usd_per_ton,83.0
8,1,2026-03-31,origin_uk_ftse100_antofagasta,81.0
8,1,2026-03-31,tin_cash_usd_per_ton_lag_1,116.0
8,1,2026-03-31,usa_nasdaq_composite_lag_3,98.0
8,1,2026-03-31,origin_canada_tsx_composite_capstone_copper,23.0
8,1,2026-03-31,origin_canada_tsx_composite,56.0
8,1,2026-03-31,gold_usd_per_troy_ounce_lag_12,79.0
8,1,2026-03-31,origin_usa_sp500_freeport_mcmoran,78.0
8,1,2026-03-31,silver_usd_per_troy_ounce_lag_6,71.0
8,1,2026-03-31,origin_poland_wig20_kghm,97.0
8,1,2026-03-31,origin_usa_nyse_hecla_mining,84.0
8,1,2026-03-31,germany_dax_lag_1,87.0
8,1,2026-03-31,silver_usd_per_troy_ounce_lag_1,85.0
8,1,2026-03-31,japan_nikkei225_lag_3,122.0
8,1,2026-04-30,origin_copper_price_usd_per_ton,80.0
8,1,2026-04-30,origin_china_csi300_jiangxi_copper,70.0
8,1,2026-04-30,origin_south_korea_kospi,52.0
8,1,2026-04-30,origin_canada_tsx_composite_lundin_mining,29.0
8,1,2026-04-30,shfe_close_cny_per_ton_lag_1,76.0
8,1,2026-04-30,origin_aluminum_cash_usd_per_ton,85.0
8,1,2026-04-30,usa_nasdaq_composite_lag_3,76.0
8,1,2026-04-30,tin_cash_usd_per_ton_lag_1,136.0
8,1,2026-04-30,origin_uk_ftse100_antofagasta,116.0
8,1,2026-04-30,origin_canada_tsx_composite_capstone_copper,24.0
8,1,2026-04-30,origin_canada_tsx_composite,16.0
8,1,2026-04-30,gold_usd_per_troy_ounce_lag_12,66.0
8,1,2026-04-30,origin_usa_sp500_freeport_mcmoran,127.0
8,1,2026-04-30,silver_usd_per_troy_ounce_lag_6,117.0
8,1,2026-04-30,origin_poland_wig20_kghm,68.0
8,1,2026-04-30,origin_usa_nyse_hecla_mining,183.0
8,1,2026-04-30,germany_dax_lag_1,76.0
8,1,2026-04-30,silver_usd_per_troy_ounce_lag_1,27.0
8,1,2026-04-30,china_csi300_jiangxi_copper_lag_3,74.0
8,1,2026-05-31,origin_copper_price_usd_per_ton,101.0
8,1,2026-05-31,origin_china_csi300_jiangxi_copper,51.0
8,1,2026-05-31,origin_south_korea_kospi,29.0
8,1,2026-05-31,origin_canada_tsx_composite_lundin_mining,34.0
8,1,2026-05-31,origin_aluminum_cash_usd_per_ton,145.0
8,1,2026-05-31,shfe_close_cny_per_ton_lag_1,65.0
8,1,2026-05-31,usa_nasdaq_composite_lag_3,60.0
8,1,2026-05-31,tin_cash_usd_per_ton_lag_1,156.0
8,1,2026-05-31,origin_canada_tsx_composite,32.0
8,1,2026-05-31,gold_usd_per_troy_ounce_lag_12,99.0
8,1,2026-05-31,uk_ftse100_antofagasta_lag_1,63.0
8,1,2026-05-31,silver_usd_per_troy_ounce_lag_6,81.0
8,1,2026-05-31,origin_usa_sp500_freeport_mcmoran,100.0
8,1,2026-05-31,origin_poland_wig20_kghm,97.0
8,1,2026-05-31,origin_usa_nyse_hecla_mining,116.0
8,1,2026-05-31,origin_hong_kong_hang_seng_zijin_mining,76.0
8,1,2026-05-31,china_csi300_jiangxi_copper_lag_3,81.0
8,1,2026-05-31,germany_dax_lag_1,102.0
8,1,2026-05-31,south_korea_kospi_lag_3,58.0
8,1,2026-06-30,origin_copper_price_usd_per_ton,79.0
8,1,2026-06-30,origin_china_csi300_jiangxi_copper,59.0
8,1,2026-06-30,origin_south_korea_kospi,42.0
8,1,2026-06-30,origin_aluminum_cash_usd_per_ton,182.0
8,1,2026-06-30,origin_canada_tsx_composite_lundin_mining,49.0
8,1,2026-06-30,usa_nasdaq_composite_lag_3,92.0
8,1,2026-06-30,shfe_close_cny_per_ton_lag_1,65.0
8,1,2026-06-30,tin_cash_usd_per_ton_lag_1,133.0
8,1,2026-06-30,origin_canada_tsx_composite,52.0
8,1,2026-06-30,gold_usd_per_troy_ounce_lag_12,62.0
8,1,2026-06-30,uk_ftse100_antofagasta_lag_1,71.0
8,1,2026-06-30,silver_usd_per_troy_ounce_lag_6,66.0
8,1,2026-06-30,origin_poland_wig20_kghm,56.0
8,1,2026-06-30,origin_usa_sp500_freeport_mcmoran,102.0
8,1,2026-06-30,china_csi300_jiangxi_copper_lag_3,65.0
8,1,2026-06-30,origin_usa_nyse_hecla_mining,122.0
8,1,2026-06-30,south_korea_kospi_lag_3,98.0
8,1,2026-06-30,origin_hong_kong_hang_seng_zijin_mining,49.0
8,1,2026-06-30,origin_canada_tsx_composite_hudbay_minerals,94.0
8,1,2026-07-31,origin_copper_price_usd_per_ton,111.0
8,1,2026-07-31,origin_china_csi300_jiangxi_copper,71.0
8,1,2026-07-31,origin_south_korea_kospi,21.0
8,1,2026-07-31,origin_aluminum_cash_usd_per_ton,118.0
8,1,2026-07-31,origin_canada_tsx_composite_lundin_mining,35.0
8,1,2026-07-31,usa_nasdaq_composite_lag_3,81.0
8,1,2026-07-31,shfe_close_cny_per_ton_lag_1,58.0
8,1,2026-07-31,tin_cash_usd_per_ton_lag_1,106.0
8,1,2026-07-31,origin_canada_tsx_composite,51.0
8,1,2026-07-31,gold_usd_per_troy_ounce_lag_12,53.0
8,1,2026-07-31,uk_ftse100_antofagasta_lag_1,90.0
8,1,2026-07-31,silver_usd_per_troy_ounce_lag_6,85.0
8,1,2026-07-31,origin_poland_wig20_kghm,47.0
8,1,2026-07-31,china_csi300_jiangxi_copper_lag_3,66.0
8,1,2026-07-31,origin_canada_tsx_composite_hudbay_minerals,99.0
8,1,2026-07-31,origin_usa_sp500_freeport_mcmoran,81.0
8,1,2026-07-31,south_korea_kospi_lag_3,140.0
8,1,2026-07-31,origin_usa_nyse_hecla_mining,171.0
8,1,2026-07-31,origin_germany_dax_aurubis,42.0
8,3,2025-01-31,origin_south_korea_kospi,142.0
8,3,2025-01-31,origin_copper_price_usd_per_ton,49.0
8,3,2025-01-31,japan_industrial_production_lag_12,88.0
8,3,2025-01-31,origin_uk_ftse100_antofagasta,55.0
8,3,2025-01-31,south_korea_kospi_lag_1,125.0
8,3,2025-01-31,origin_canada_tsx_composite_capstone_copper,45.0
8,3,2025-01-31,origin_usa_nasdaq_composite,204.0
8,3,2025-01-31,gold_usd_per_troy_ounce_lag_12,118.0
8,3,2025-01-31,shfe_close_cny_per_ton_lag_1,118.0
8,3,2025-01-31,uk_ftse100_antofagasta_lag_1,59.0
8,3,2025-01-31,silver_usd_per_troy_ounce_lag_6,114.0
8,3,2025-01-31,origin_usa_sp500_southern_copper,24.0
8,3,2025-01-31,origin_japan_nikkei225,69.0
8,3,2025-01-31,silver_usd_per_troy_ounce_lag_3,93.0
8,3,2025-01-31,origin_canada_tsx_composite_lundin_mining,93.0
8,3,2025-01-31,origin_germany_dax,58.0
8,3,2025-01-31,silver_usd_per_troy_ounce_lag_1,69.0
8,3,2025-01-31,japan_nikkei225_lag_3,64.0
8,3,2025-02-28,origin_south_korea_kospi,162.0
8,3,2025-02-28,japan_industrial_production_lag_12,89.0
8,3,2025-02-28,origin_copper_price_usd_per_ton,26.0
8,3,2025-02-28,origin_uk_ftse100_antofagasta,25.0
8,3,2025-02-28,south_korea_kospi_lag_1,107.0
8,3,2025-02-28,origin_canada_tsx_composite_capstone_copper,74.0
8,3,2025-02-28,silver_usd_per_troy_ounce_lag_6,110.0
8,3,2025-02-28,origin_usa_nasdaq_composite,191.0
8,3,2025-02-28,gold_usd_per_troy_ounce_lag_12,78.0
8,3,2025-02-28,shfe_close_cny_per_ton_lag_1,171.0
8,3,2025-02-28,uk_ftse100_antofagasta_lag_1,67.0
8,3,2025-02-28,silver_usd_per_troy_ounce_lag_3,88.0
8,3,2025-02-28,origin_usa_sp500_southern_copper,30.0
8,3,2025-02-28,origin_canada_tsx_composite_lundin_mining,76.0
8,3,2025-02-28,origin_japan_nikkei225,47.0
8,3,2025-02-28,origin_china_csi300_jiangxi_copper,153.0
8,3,2025-02-28,silver_usd_per_troy_ounce_lag_1,23.0
8,3,2025-02-28,origin_germany_dax,31.0
8,3,2025-03-31,japan_industrial_production_lag_12,66.0
8,3,2025-03-31,origin_copper_price_usd_per_ton,48.0
8,3,2025-03-31,origin_south_korea_kospi,131.0
8,3,2025-03-31,silver_usd_per_troy_ounce_lag_6,73.0
8,3,2025-03-31,origin_canada_tsx_composite_capstone_copper,47.0
8,3,2025-03-31,origin_uk_ftse100_antofagasta,80.0
8,3,2025-03-31,south_korea_kospi_lag_1,73.0
8,3,2025-03-31,origin_china_csi300_jiangxi_copper,118.0
8,3,2025-03-31,origin_usa_nasdaq_composite,214.0
8,3,2025-03-31,silver_usd_per_troy_ounce_lag_3,63.0
8,3,2025-03-31,gold_usd_per_troy_ounce_lag_12,106.0
8,3,2025-03-31,shfe_close_cny_per_ton_lag_1,136.0
8,3,2025-03-31,origin_canada_tsx_composite_lundin_mining,50.0
8,3,2025-03-31,origin_usa_sp500_southern_copper,62.0
8,3,2025-03-31,uk_ftse100_antofagasta_lag_1,135.0
8,3,2025-03-31,origin_japan_nikkei225,56.0
8,3,2025-03-31,silver_usd_per_troy_ounce_lag_1,55.0
8,3,2025-03-31,origin_germany_dax,48.0
8,3,2025-04-30,japan_industrial_production_lag_12,81.0
8,3,2025-04-30,origin_copper_price_usd_per_ton,21.0
8,3,2025-04-30,origin_south_korea_kospi,169.0
8,3,2025-04-30,silver_usd_per_troy_ounce_lag_6,58.0
8,3,2025-04-30,origin_china_csi300_jiangxi_copper,170.0
8,3,2025-04-30,origin_canada_tsx_composite_capstone_copper,94.0
8,3,2025-04-30,origin_uk_ftse100_antofagasta,105.0
8,3,2025-04-30,south_korea_kospi_lag_1,50.0
8,3,2025-04-30,origin_canada_tsx_composite_lundin_mining,30.0
8,3,2025-04-30,silver_usd_per_troy_ounce_lag_3,67.0
8,3,2025-04-30,origin_usa_nasdaq_composite,176.0
8,3,2025-04-30,shfe_close_cny_per_ton_lag_1,95.0
8,3,2025-04-30,gold_usd_per_troy_ounce_lag_12,83.0
8,3,2025-04-30,uk_ftse100_antofagasta_lag_1,117.0
8,3,2025-04-30,silver_usd_per_troy_ounce_lag_1,37.0
8,3,2025-04-30,origin_japan_nikkei225,60.0
8,3,2025-04-30,origin_tin_cash_usd_per_ton,112.0
8,3,2025-04-30,origin_germany_dax,74.0
8,3,2025-05-31,japan_industrial_production_lag_12,86.0
8,3,2025-05-31,silver_usd_per_troy_ounce_lag_6,103.0
8,3,2025-05-31,origin_copper_price_usd_per_ton,49.0
8,3,2025-05-31,origin_south_korea_kospi,148.0
8,3,2025-05-31,origin_china_csi300_jiangxi_copper,94.0
8,3,2025-05-31,origin_canada_tsx_composite_capstone_copper,89.0
8,3,2025-05-31,origin_uk_ftse100_antofagasta,55.0
8,3,2025-05-31,silver_usd_per_troy_ounce_lag_3,50.0
8,3,2025-05-31,south_korea_kospi_lag_1,86.0
8,3,2025-05-31,origin_usa_nasdaq_composite,135.0
8,3,2025-05-31,origin_canada_tsx_composite_lundin_mining,72.0
8,3,2025-05-31,gold_usd_per_troy_ounce_lag_12,91.0
8,3,2025-05-31,shfe_close_cny_per_ton_lag_1,91.0
8,3,2025-05-31,silver_usd_per_troy_ounce_lag_1,39.0
8,3,2025-05-31,china_csi300_jiangxi_copper_lag_1,95.0
8,3,2025-05-31,uk_ftse100_antofagasta_lag_1,110.0
8,3,2025-05-31,origin_tin_cash_usd_per_ton,95.0
8,3,2025-05-31,origin_japan_nikkei225,69.0
8,3,2025-06-30,japan_industrial_production_lag_12,75.0
8,3,2025-06-30,silver_usd_per_troy_ounce_lag_6,92.0
8,3,2025-06-30,origin_copper_price_usd_per_ton,47.0
8,3,2025-06-30,origin_china_csi300_jiangxi_copper,106.0
8,3,2025-06-30,origin_south_korea_kospi,120.0
8,3,2025-06-30,origin_uk_ftse100_antofagasta,60.0
8,3,2025-06-30,origin_canada_tsx_composite_capstone_copper,64.0
8,3,2025-06-30,origin_usa_nasdaq_composite,151.0
8,3,2025-06-30,silver_usd_per_troy_ounce_lag_3,76.0
8,3,2025-06-30,gold_usd_per_troy_ounce_lag_12,72.0
8,3,2025-06-30,origin_canada_tsx_composite_lundin_mining,44.0
8,3,2025-06-30,south_korea_kospi_lag_1,124.0
8,3,2025-06-30,shfe_close_cny_per_ton_lag_1,118.0
8,3,2025-06-30,china_csi300_jiangxi_copper_lag_1,137.0
8,3,2025-06-30,silver_usd_per_troy_ounce_lag_1,42.0
8,3,2025-06-30,origin_tin_cash_usd_per_ton,68.0
8,3,2025-06-30,origin_japan_nikkei225,86.0
8,3,2025-06-30,origin_poland_wig20_kghm,116.0
8,3,2025-07-31,japan_industrial_production_lag_12,86.0
8,3,2025-07-31,silver_usd_per_troy_ounce_lag_6,94.0
8,3,2025-07-31,origin_copper_price_usd_per_ton,49.0
8,3,2025-07-31,origin_china_csi300_jiangxi_copper,172.0
8,3,2025-07-31,origin_south_korea_kospi,131.0
8,3,2025-07-31,origin_uk_ftse100_antofagasta,86.0
8,3,2025-07-31,origin_canada_tsx_composite_capstone_copper,97.0
8,3,2025-07-31,origin_usa_nasdaq_composite,147.0
8,3,2025-07-31,silver_usd_per_troy_ounce_lag_3,58.0
8,3,2025-07-31,gold_usd_per_troy_ounce_lag_12,74.0
8,3,2025-07-31,shfe_close_cny_per_ton_lag_1,112.0
8,3,2025-07-31,origin_canada_tsx_composite_lundin_mining,43.0
8,3,2025-07-31,south_korea_kospi_lag_1,96.0
8,3,2025-07-31,silver_usd_per_troy_ounce_lag_1,26.0
8,3,2025-07-31,china_csi300_jiangxi_copper_lag_1,107.0
8,3,2025-07-31,uk_ftse100_antofagasta_lag_1,76.0
8,3,2025-07-31,origin_japan_nikkei225,73.0
8,3,2025-07-31,gold_usd_per_troy_ounce_lag_6,70.0
8,3,2025-08-31,japan_industrial_production_lag_12,73.0
8,3,2025-08-31,silver_usd_per_troy_ounce_lag_6,93.0
8,3,2025-08-31,origin_copper_price_usd_per_ton,33.0
8,3,2025-08-31,origin_china_csi300_jiangxi_copper,104.0
8,3,2025-08-31,origin_south_korea_kospi,112.0
8,3,2025-08-31,origin_usa_nasdaq_composite,154.0
8,3,2025-08-31,origin_uk_ftse100_antofagasta,75.0
8,3,2025-08-31,origin_canada_tsx_composite_capstone_copper,97.0
8,3,2025-08-31,silver_usd_per_troy_ounce_lag_3,72.0
8,3,2025-08-31,shfe_close_cny_per_ton_lag_1,115.0
8,3,2025-08-31,gold_usd_per_troy_ounce_lag_12,78.0
8,3,2025-08-31,origin_canada_tsx_composite_lundin_mining,75.0
8,3,2025-08-31,china_csi300_jiangxi_copper_lag_1,159.0
8,3,2025-08-31,silver_usd_per_troy_ounce_lag_1,30.0
8,3,2025-08-31,origin_japan_nikkei225,56.0
8,3,2025-08-31,gold_usd_per_troy_ounce_lag_6,44.0
8,3,2025-08-31,uk_ftse100_antofagasta_lag_1,69.0
8,3,2025-08-31,south_korea_kospi_lag_1,108.0
8,3,2025-09-30,silver_usd_per_troy_ounce_lag_6,82.0
8,3,2025-09-30,japan_industrial_production_lag_12,73.0
8,3,2025-09-30,origin_copper_price_usd_per_ton,53.0
8,3,2025-09-30,origin_china_csi300_jiangxi_copper,125.0
8,3,2025-09-30,origin_usa_nasdaq_composite,169.0
8,3,2025-09-30,origin_south_korea_kospi,117.0
8,3,2025-09-30,origin_uk_ftse100_antofagasta,45.0
8,3,2025-09-30,silver_usd_per_troy_ounce_lag_3,113.0
8,3,2025-09-30,shfe_close_cny_per_ton_lag_1,105.0
8,3,2025-09-30,gold_usd_per_troy_ounce_lag_12,138.0
8,3,2025-09-30,origin_canada_tsx_composite_capstone_copper,78.0
8,3,2025-09-30,origin_canada_tsx_composite_lundin_mining,93.0
8,3,2025-09-30,china_csi300_jiangxi_copper_lag_1,154.0
8,3,2025-09-30,gold_usd_per_troy_ounce_lag_6,43.0
8,3,2025-09-30,silver_usd_per_troy_ounce_lag_1,61.0
8,3,2025-09-30,origin_japan_nikkei225,69.0
8,3,2025-09-30,origin_germany_dax,64.0
8,3,2025-09-30,uk_ftse100_antofagasta_lag_1,62.0
8,3,2025-10-31,silver_usd_per_troy_ounce_lag_6,108.0
8,3,2025-10-31,japan_industrial_production_lag_12,92.0
8,3,2025-10-31,origin_china_csi300_jiangxi_copper,137.0
8,3,2025-10-31,origin_copper_price_usd_per_ton,58.0
8,3,2025-10-31,origin_usa_nasdaq_composite,81.0
8,3,2025-10-31,origin_south_korea_kospi,115.0
8,3,2025-10-31,origin_uk_ftse100_antofagasta,53.0
8,3,2025-10-31,silver_usd_per_troy_ounce_lag_3,47.0
8,3,2025-10-31,shfe_close_cny_per_ton_lag_1,58.0
8,3,2025-10-31,gold_usd_per_troy_ounce_lag_12,88.0
8,3,2025-10-31,gold_usd_per_troy_ounce_lag_6,43.0
8,3,2025-10-31,origin_japan_nikkei225,43.0
8,3,2025-10-31,origin_canada_tsx_composite_capstone_copper,151.0
8,3,2025-10-31,china_csi300_jiangxi_copper_lag_1,123.0
8,3,2025-10-31,origin_canada_tsx_composite_lundin_mining,51.0
8,3,2025-10-31,silver_usd_per_troy_ounce_lag_1,13.0
8,3,2025-10-31,south_korea_kospi_lag_1,140.0
8,3,2025-10-31,usa_dow_jones_lag_1,140.0
8,3,2025-11-30,silver_usd_per_troy_ounce_lag_6,121.0
8,3,2025-11-30,japan_industrial_production_lag_12,51.0
8,3,2025-11-30,origin_china_csi300_jiangxi_copper,79.0
8,3,2025-11-30,origin_usa_nasdaq_composite,45.0
8,3,2025-11-30,origin_copper_price_usd_per_ton,36.0
8,3,2025-11-30,origin_south_korea_kospi,146.0
8,3,2025-11-30,silver_usd_per_troy_ounce_lag_3,41.0
8,3,2025-11-30,gold_usd_per_troy_ounce_lag_12,126.0
8,3,2025-11-30,origin_uk_ftse100_antofagasta,29.0
8,3,2025-11-30,shfe_close_cny_per_ton_lag_1,90.0
8,3,2025-11-30,gold_usd_per_troy_ounce_lag_6,62.0
8,3,2025-11-30,origin_japan_nikkei225,83.0
8,3,2025-11-30,china_csi300_jiangxi_copper_lag_1,90.0
8,3,2025-11-30,origin_canada_tsx_composite_lundin_mining,70.0
8,3,2025-11-30,silver_usd_per_troy_ounce_lag_1,47.0
8,3,2025-11-30,origin_canada_tsx_composite_capstone_copper,124.0
8,3,2025-11-30,usa_dow_jones_lag_1,208.0
8,3,2025-11-30,south_korea_kospi_lag_1,106.0
8,3,2025-12-31,silver_usd_per_troy_ounce_lag_6,60.0
8,3,2025-12-31,origin_usa_nasdaq_composite,57.0
8,3,2025-12-31,origin_china_csi300_jiangxi_copper,107.0
8,3,2025-12-31,japan_industrial_production_lag_12,121.0
8,3,2025-12-31,origin_copper_price_usd_per_ton,70.0
8,3,2025-12-31,origin_south_korea_kospi,152.0
8,3,2025-12-31,gold_usd_per_troy_ounce_lag_12,109.0
8,3,2025-12-31,silver_usd_per_troy_ounce_lag_3,25.0
8,3,2025-12-31,gold_usd_per_troy_ounce_lag_6,22.0
8,3,2025-12-31,origin_uk_ftse100_antofagasta,45.0
8,3,2025-12-31,japan_nikkei225_lag_1,72.0
8,3,2025-12-31,shfe_close_cny_per_ton_lag_1,120.0
8,3,2025-12-31,china_csi300_jiangxi_copper_lag_1,95.0
8,3,2025-12-31,origin_canada_tsx_composite_lundin_mining,66.0
8,3,2025-12-31,usa_dow_jones_lag_1,213.0
8,3,2025-12-31,silver_usd_per_troy_ounce_lag_1,60.0
8,3,2025-12-31,origin_germany_dax,43.0
8,3,2025-12-31,south_korea_kospi_lag_1,115.0
8,3,2026-01-31,silver_usd_per_troy_ounce_lag_6,32.0
8,3,2026-01-31,origin_usa_nasdaq_composite,71.0
8,3,2026-01-31,origin_china_csi300_jiangxi_copper,119.0
8,3,2026-01-31,origin_south_korea_kospi,68.0
8,3,2026-01-31,origin_copper_price_usd_per_ton,50.0
8,3,2026-01-31,japan_industrial_production_lag_12,130.0
8,3,2026-01-31,gold_usd_per_troy_ounce_lag_12,97.0
8,3,2026-01-31,silver_usd_per_troy_ounce_lag_3,33.0
8,3,2026-01-31,gold_usd_per_troy_ounce_lag_6,40.0
8,3,2026-01-31,origin_uk_ftse100_antofagasta,67.0
8,3,2026-01-31,japan_nikkei225_lag_1,36.0
8,3,2026-01-31,china_csi300_jiangxi_copper_lag_1,89.0
8,3,2026-01-31,usa_dow_jones_lag_1,143.0
8,3,2026-01-31,shfe_close_cny_per_ton_lag_1,152.0
8,3,2026-01-31,origin_canada_tsx_composite_lundin_mining,87.0
8,3,2026-01-31,south_korea_kospi_lag_1,132.0
8,3,2026-01-31,silver_usd_per_troy_ounce_lag_1,54.0
8,3,2026-01-31,origin_germany_dax,81.0
8,3,2026-02-28,silver_usd_per_troy_ounce_lag_6,35.0
8,3,2026-02-28,origin_usa_nasdaq_composite,76.0
8,3,2026-02-28,origin_china_csi300_jiangxi_copper,45.0
8,3,2026-02-28,origin_south_korea_kospi,77.0
8,3,2026-02-28,origin_copper_price_usd_per_ton,116.0
8,3,2026-02-28,japan_industrial_production_lag_12,99.0
8,3,2026-02-28,gold_usd_per_troy_ounce_lag_12,86.0
8,3,2026-02-28,gold_usd_per_troy_ounce_lag_6,54.0
8,3,2026-02-28,silver_usd_per_troy_ounce_lag_3,25.0
8,3,2026-02-28,usa_dow_jones_lag_1,124.0
8,3,2026-02-28,japan_nikkei225_lag_1,50.0
8,3,2026-02-28,origin_uk_ftse100_antofagasta,53.0
8,3,2026-02-28,south_korea_kospi_lag_1,117.0
8,3,2026-02-28,origin_canada_tsx_composite_lundin_mining,120.0
8,3,2026-02-28,shfe_close_cny_per_ton_lag_1,126.0
8,3,2026-02-28,silver_usd_per_troy_ounce_lag_1,21.0
8,3,2026-02-28,origin_germany_dax,88.0
8,3,2026-02-28,japan_nikkei225_lag_3,122.0
8,3,2026-03-31,silver_usd_per_troy_ounce_lag_6,50.0
8,3,2026-03-31,origin_usa_nasdaq_composite,82.0
8,3,2026-03-31,origin_china_csi300_jiangxi_copper,72.0
8,3,2026-03-31,origin_south_korea_kospi,119.0
8,3,2026-03-31,origin_copper_price_usd_per_ton,112.0
8,3,2026-03-31,gold_usd_per_troy_ounce_lag_12,94.0
8,3,2026-03-31,japan_industrial_production_lag_12,106.0
8,3,2026-03-31,gold_usd_per_troy_ounce_lag_6,65.0
8,3,2026-03-31,silver_usd_per_troy_ounce_lag_3,54.0
8,3,2026-03-31,origin_uk_ftse100_antofagasta,46.0
8,3,2026-03-31,japan_nikkei225_lag_1,124.0
8,3,2026-03-31,origin_canada_tsx_composite_lundin_mining,93.0
8,3,2026-03-31,shfe_close_cny_per_ton_lag_1,75.0
8,3,2026-03-31,silver_usd_per_troy_ounce_lag_1,28.0
8,3,2026-03-31,origin_germany_dax,72.0
8,3,2026-03-31,usa_nasdaq_composite_lag_6,15.0
8,3,2026-03-31,japan_nikkei225_lag_3,155.0
8,3,2026-03-31,china_refined_copper_production_ton_lag_12,80.0
8,3,2026-04-30,origin_usa_nasdaq_composite,96.0
8,3,2026-04-30,silver_usd_per_troy_ounce_lag_6,43.0
8,3,2026-04-30,origin_china_csi300_jiangxi_copper,102.0
8,3,2026-04-30,origin_south_korea_kospi,141.0
8,3,2026-04-30,gold_usd_per_troy_ounce_lag_12,97.0
8,3,2026-04-30,origin_copper_price_usd_per_ton,78.0
8,3,2026-04-30,gold_usd_per_troy_ounce_lag_6,55.0
8,3,2026-04-30,silver_usd_per_troy_ounce_lag_3,54.0
8,3,2026-04-30,japan_industrial_production_lag_12,123.0
8,3,2026-04-30,origin_japan_nikkei225,38.0
8,3,2026-04-30,origin_uk_ftse100_antofagasta,54.0
8,3,2026-04-30,origin_canada_tsx_composite_lundin_mining,86.0
8,3,2026-04-30,shfe_close_cny_per_ton_lag_1,123.0
8,3,2026-04-30,silver_usd_per_troy_ounce_lag_1,46.0
8,3,2026-04-30,usa_nasdaq_composite_lag_6,29.0
8,3,2026-04-30,japan_nikkei225_lag_3,90.0
8,3,2026-04-30,origin_canada_tsx_composite,121.0
8,3,2026-04-30,usa_sp500_lag_3,32.0
8,3,2026-05-31,origin_usa_nasdaq_composite,99.0
8,3,2026-05-31,silver_usd_per_troy_ounce_lag_6,28.0
8,3,2026-05-31,origin_china_csi300_jiangxi_copper,102.0
8,3,2026-05-31,origin_south_korea_kospi,115.0
8,3,2026-05-31,gold_usd_per_troy_ounce_lag_12,103.0
8,3,2026-05-31,origin_copper_price_usd_per_ton,42.0
8,3,2026-05-31,gold_usd_per_troy_ounce_lag_6,29.0
8,3,2026-05-31,silver_usd_per_troy_ounce_lag_3,67.0
8,3,2026-05-31,japan_nikkei225_lag_1,114.0
8,3,2026-05-31,origin_canada_tsx_composite_lundin_mining,86.0
8,3,2026-05-31,origin_uk_ftse100_antofagasta,47.0
8,3,2026-05-31,japan_industrial_production_lag_12,148.0
8,3,2026-05-31,silver_usd_per_troy_ounce_lag_1,23.0
8,3,2026-05-31,usa_nasdaq_composite_lag_6,17.0
8,3,2026-05-31,shfe_close_cny_per_ton_lag_1,192.0
8,3,2026-05-31,origin_canada_tsx_composite,104.0
8,3,2026-05-31,japan_nikkei225_lag_3,113.0
8,3,2026-05-31,origin_canada_tsx_composite_capstone_copper,38.0
8,6,2025-01-31,japan_industrial_production_lag_12,128.0
8,6,2025-01-31,silver_usd_per_troy_ounce_lag_3,108.0
8,6,2025-01-31,silver_usd_per_troy_ounce_lag_1,61.0
8,6,2025-01-31,japan_industrial_production_lag_6,59.0
8,6,2025-01-31,gold_usd_per_troy_ounce_lag_6,143.0
8,6,2025-01-31,origin_usa_nasdaq_composite,85.0
8,6,2025-01-31,gold_usd_per_troy_ounce_lag_3,83.0
8,6,2025-01-31,japan_industrial_production_lag_3,41.0
8,6,2025-01-31,silver_usd_per_troy_ounce_lag_6,70.0
8,6,2025-01-31,gold_usd_per_troy_ounce_lag_12,96.0
8,6,2025-01-31,iron_ore_usd_per_dmtu_lag_3,79.0
8,6,2025-01-31,origin_japan_nikkei225,30.0
8,6,2025-01-31,origin_uk_ftse100_antofagasta,14.0
8,6,2025-01-31,origin_south_korea_kospi,125.0
8,6,2025-01-31,origin_canada_tsx_composite_capstone_copper,97.0
8,6,2025-01-31,iron_ore_usd_per_dmtu_lag_1,87.0
8,6,2025-01-31,uk_ftse100_antofagasta_lag_1,89.0
8,6,2025-01-31,china_refined_copper_production_ton_lag_6,137.0
8,6,2025-02-28,japan_industrial_production_lag_12,134.0
8,6,2025-02-28,silver_usd_per_troy_ounce_lag_3,68.0
8,6,2025-02-28,silver_usd_per_troy_ounce_lag_1,45.0
8,6,2025-02-28,japan_industrial_production_lag_6,79.0
8,6,2025-02-28,gold_usd_per_troy_ounce_lag_6,106.0
8,6,2025-02-28,origin_usa_nasdaq_composite,95.0
8,6,2025-02-28,silver_usd_per_troy_ounce_lag_6,88.0
8,6,2025-02-28,gold_usd_per_troy_ounce_lag_3,67.0
8,6,2025-02-28,japan_industrial_production_lag_3,57.0
8,6,2025-02-28,gold_usd_per_troy_ounce_lag_12,152.0
8,6,2025-02-28,iron_ore_usd_per_dmtu_lag_3,86.0
8,6,2025-02-28,origin_japan_nikkei225,70.0
8,6,2025-02-28,origin_uk_ftse100_antofagasta,19.0
8,6,2025-02-28,origin_south_korea_kospi,121.0
8,6,2025-02-28,origin_canada_tsx_composite_capstone_copper,97.0
8,6,2025-02-28,iron_ore_usd_per_dmtu_lag_1,86.0
8,6,2025-02-28,uk_ftse100_antofagasta_lag_1,75.0
8,6,2025-02-28,usd_inr_lag_12,163.0
8,6,2025-03-31,japan_industrial_production_lag_12,141.0
8,6,2025-03-31,silver_usd_per_troy_ounce_lag_3,52.0
8,6,2025-03-31,silver_usd_per_troy_ounce_lag_1,101.0
8,6,2025-03-31,japan_industrial_production_lag_6,69.0
8,6,2025-03-31,gold_usd_per_troy_ounce_lag_6,83.0
8,6,2025-03-31,origin_usa_nasdaq_composite,107.0
8,6,2025-03-31,silver_usd_per_troy_ounce_lag_6,107.0
8,6,2025-03-31,gold_usd_per_troy_ounce_lag_3,99.0
8,6,2025-03-31,gold_usd_per_troy_ounce_lag_12,112.0
8,6,2025-03-31,japan_industrial_production_lag_3,67.0
8,6,2025-03-31,origin_japan_nikkei225,86.0
8,6,2025-03-31,origin_uk_ftse100_antofagasta,10.0
8,6,2025-03-31,iron_ore_usd_per_dmtu_lag_3,70.0
8,6,2025-03-31,origin_south_korea_kospi,114.0
8,6,2025-03-31,origin_canada_tsx_composite_capstone_copper,99.0
8,6,2025-03-31,uk_ftse100_antofagasta_lag_1,89.0
8,6,2025-03-31,usd_inr_lag_12,154.0
8,6,2025-03-31,hong_kong_hang_seng_zijin_mining_lag_3,35.0
8,6,2025-04-30,silver_usd_per_troy_ounce_lag_3,73.0
8,6,2025-04-30,japan_industrial_production_lag_12,148.0
8,6,2025-04-30,silver_usd_per_troy_ounce_lag_1,83.0
8,6,2025-04-30,japan_industrial_production_lag_6,86.0
8,6,2025-04-30,gold_usd_per_troy_ounce_lag_6,166.0
8,6,2025-04-30,origin_usa_nasdaq_composite,70.0
8,6,2025-04-30,silver_usd_per_troy_ounce_lag_6,139.0
8,6,2025-04-30,gold_usd_per_troy_ounce_lag_3,63.0
8,6,2025-04-30,origin_japan_nikkei225,57.0
8,6,2025-04-30,gold_usd_per_troy_ounce_lag_12,100.0
8,6,2025-04-30,japan_industrial_production_lag_3,86.0
8,6,2025-04-30,origin_uk_ftse100_antofagasta,23.0
8,6,2025-04-30,iron_ore_usd_per_dmtu_lag_3,80.0
8,6,2025-04-30,origin_south_korea_kospi,123.0
8,6,2025-04-30,uk_ftse100_antofagasta_lag_1,67.0
8,6,2025-04-30,origin_canada_tsx_composite_capstone_copper,93.0
8,6,2025-04-30,hong_kong_hang_seng_zijin_mining_lag_3,72.0
8,6,2025-04-30,origin_poland_wig20_kghm,100.0
8,6,2025-05-31,silver_usd_per_troy_ounce_lag_3,96.0
8,6,2025-05-31,japan_industrial_production_lag_12,169.0
8,6,2025-05-31,silver_usd_per_troy_ounce_lag_1,116.0
8,6,2025-05-31,japan_industrial_production_lag_6,62.0
8,6,2025-05-31,gold_usd_per_troy_ounce_lag_6,74.0
8,6,2025-05-31,origin_usa_nasdaq_composite,77.0
8,6,2025-05-31,gold_usd_per_troy_ounce_lag_3,109.0
8,6,2025-05-31,silver_usd_per_troy_ounce_lag_6,110.0
8,6,2025-05-31,origin_japan_nikkei225,41.0
8,6,2025-05-31,gold_usd_per_troy_ounce_lag_12,147.0
8,6,2025-05-31,origin_uk_ftse100_antofagasta,37.0
8,6,2025-05-31,japan_industrial_production_lag_3,102.0
8,6,2025-05-31,uk_ftse100_antofagasta_lag_1,100.0
8,6,2025-05-31,origin_usa_nyse_hecla_mining,72.0
8,6,2025-05-31,iron_ore_usd_per_dmtu_lag_3,88.0
8,6,2025-05-31,origin_south_korea_kospi,144.0
8,6,2025-05-31,origin_poland_wig20_kghm,70.0
8,6,2025-05-31,hong_kong_hang_seng_zijin_mining_lag_3,28.0
8,6,2025-06-30,silver_usd_per_troy_ounce_lag_3,117.0
8,6,2025-06-30,japan_industrial_production_lag_12,154.0
8,6,2025-06-30,silver_usd_per_troy_ounce_lag_1,68.0
8,6,2025-06-30,gold_usd_per_troy_ounce_lag_6,86.0
8,6,2025-06-30,origin_usa_nasdaq_composite,90.0
8,6,2025-06-30,japan_industrial_production_lag_6,45.0
8,6,2025-06-30,gold_usd_per_troy_ounce_lag_3,84.0
8,6,2025-06-30,silver_usd_per_troy_ounce_lag_6,162.0
8,6,2025-06-30,origin_japan_nikkei225,36.0
8,6,2025-06-30,gold_usd_per_troy_ounce_lag_12,106.0
8,6,2025-06-30,origin_uk_ftse100_antofagasta,67.0
8,6,2025-06-30,japan_industrial_production_lag_3,51.0
8,6,2025-06-30,origin_usa_nyse_hecla_mining,104.0
8,6,2025-06-30,uk_ftse100_antofagasta_lag_1,46.0
8,6,2025-06-30,hong_kong_hang_seng_zijin_mining_lag_3,41.0
8,6,2025-06-30,uk_ftse100_antofagasta_lag_3,97.0
8,6,2025-06-30,china_refined_copper_production_ton_lag_6,150.0
8,6,2025-06-30,gold_usd_per_troy_ounce_lag_1,38.0
8,6,2025-07-31,silver_usd_per_troy_ounce_lag_3,143.0
8,6,2025-07-31,japan_industrial_production_lag_12,126.0
8,6,2025-07-31,silver_usd_per_troy_ounce_lag_1,55.0
8,6,2025-07-31,gold_usd_per_troy_ounce_lag_6,149.0
8,6,2025-07-31,origin_usa_nasdaq_composite,72.0
8,6,2025-07-31,gold_usd_per_troy_ounce_lag_3,86.0
8,6,2025-07-31,japan_industrial_production_lag_6,31.0
8,6,2025-07-31,silver_usd_per_troy_ounce_lag_6,129.0
8,6,2025-07-31,origin_japan_nikkei225,43.0
8,6,2025-07-31,gold_usd_per_troy_ounce_lag_12,118.0
8,6,2025-07-31,origin_uk_ftse100_antofagasta,58.0
8,6,2025-07-31,origin_usa_nyse_hecla_mining,69.0
8,6,2025-07-31,hong_kong_hang_seng_zijin_mining_lag_3,46.0
8,6,2025-07-31,uk_ftse100_antofagasta_lag_3,106.0
8,6,2025-07-31,uk_ftse100_antofagasta_lag_1,74.0
8,6,2025-07-31,gold_usd_per_troy_ounce_lag_1,61.0
8,6,2025-07-31,china_refined_copper_production_ton_lag_6,159.0
8,6,2025-07-31,japan_industrial_production_lag_3,56.0
8,6,2025-08-31,silver_usd_per_troy_ounce_lag_3,108.0
8,6,2025-08-31,japan_industrial_production_lag_12,136.0
8,6,2025-08-31,gold_usd_per_troy_ounce_lag_6,111.0
8,6,2025-08-31,silver_usd_per_troy_ounce_lag_1,55.0
8,6,2025-08-31,origin_usa_nasdaq_composite,70.0
8,6,2025-08-31,gold_usd_per_troy_ounce_lag_3,61.0
8,6,2025-08-31,silver_usd_per_troy_ounce_lag_6,73.0
8,6,2025-08-31,japan_industrial_production_lag_6,23.0
8,6,2025-08-31,origin_japan_nikkei225,70.0
8,6,2025-08-31,gold_usd_per_troy_ounce_lag_12,119.0
8,6,2025-08-31,origin_uk_ftse100_antofagasta,55.0
8,6,2025-08-31,origin_usa_nyse_hecla_mining,60.0
8,6,2025-08-31,uk_ftse100_antofagasta_lag_3,78.0
8,6,2025-08-31,uk_ftse100_antofagasta_lag_1,66.0
8,6,2025-08-31,hong_kong_hang_seng_zijin_mining_lag_3,36.0
8,6,2025-08-31,gold_usd_per_troy_ounce_lag_1,85.0
8,6,2025-08-31,china_refined_copper_production_ton_lag_6,196.0
8,6,2025-08-31,us_industrial_production_lag_3,181.0
8,6,2025-09-30,silver_usd_per_troy_ounce_lag_3,90.0
8,6,2025-09-30,japan_industrial_production_lag_12,147.0
8,6,2025-09-30,origin_usa_nasdaq_composite,63.0
8,6,2025-09-30,gold_usd_per_troy_ounce_lag_6,110.0
8,6,2025-09-30,silver_usd_per_troy_ounce_lag_1,57.0
8,6,2025-09-30,gold_usd_per_troy_ounce_lag_3,103.0
8,6,2025-09-30,silver_usd_per_troy_ounce_lag_6,75.0
8,6,2025-09-30,origin_japan_nikkei225,70.0
8,6,2025-09-30,usa_nyse_mp_materials_lag_12,90.0
8,6,2025-09-30,japan_industrial_production_lag_6,13.0
8,6,2025-09-30,gold_usd_per_troy_ounce_lag_12,64.0
8,6,2025-09-30,origin_uk_ftse100_antofagasta,43.0
8,6,2025-09-30,uk_ftse100_antofagasta_lag_3,98.0
8,6,2025-09-30,hong_kong_hang_seng_zijin_mining_lag_3,61.0
8,6,2025-09-30,china_refined_copper_production_ton_lag_6,172.0
8,6,2025-09-30,gold_usd_per_troy_ounce_lag_1,58.0
8,6,2025-09-30,origin_usa_nyse_hecla_mining,74.0
8,6,2025-09-30,us_industrial_production_lag_3,129.0
8,6,2025-10-31,silver_usd_per_troy_ounce_lag_3,82.0
8,6,2025-10-31,japan_industrial_production_lag_12,140.0
8,6,2025-10-31,gold_usd_per_troy_ounce_lag_6,136.0
8,6,2025-10-31,origin_usa_nasdaq_composite,66.0
8,6,2025-10-31,silver_usd_per_troy_ounce_lag_1,23.0
8,6,2025-10-31,gold_usd_per_troy_ounce_lag_3,73.0
8,6,2025-10-31,silver_usd_per_troy_ounce_lag_6,63.0
8,6,2025-10-31,origin_japan_nikkei225,90.0
8,6,2025-10-31,usa_nyse_mp_materials_lag_12,98.0
8,6,2025-10-31,usa_nasdaq_composite_lag_3,28.0
8,6,2025-10-31,japan_industrial_production_lag_6,50.0
8,6,2025-10-31,gold_usd_per_troy_ounce_lag_12,93.0
8,6,2025-10-31,uk_ftse100_antofagasta_lag_3,79.0
8,6,2025-10-31,hong_kong_hang_seng_zijin_mining_lag_3,47.0
8,6,2025-10-31,gold_usd_per_troy_ounce_lag_1,78.0
8,6,2025-10-31,china_refined_copper_production_ton_lag_6,196.0
8,6,2025-10-31,uk_ftse100_antofagasta_lag_1,69.0
8,6,2025-10-31,origin_usa_nyse_hecla_mining,126.0
8,6,2025-11-30,silver_usd_per_troy_ounce_lag_3,77.0
8,6,2025-11-30,japan_industrial_production_lag_12,110.0
8,6,2025-11-30,origin_usa_nasdaq_composite,42.0
8,6,2025-11-30,gold_usd_per_troy_ounce_lag_6,119.0
8,6,2025-11-30,silver_usd_per_troy_ounce_lag_1,31.0
8,6,2025-11-30,gold_usd_per_troy_ounce_lag_3,61.0
8,6,2025-11-30,silver_usd_per_troy_ounce_lag_6,56.0
8,6,2025-11-30,origin_japan_nikkei225,128.0
8,6,2025-11-30,usa_nyse_mp_materials_lag_12,105.0
8,6,2025-11-30,usa_nasdaq_composite_lag_3,29.0
8,6,2025-11-30,japan_industrial_production_lag_6,15.0
8,6,2025-11-30,gold_usd_per_troy_ounce_lag_12,121.0
8,6,2025-11-30,hong_kong_hang_seng_zijin_mining_lag_3,41.0
8,6,2025-11-30,uk_ftse100_antofagasta_lag_3,136.0
8,6,2025-11-30,gold_usd_per_troy_ounce_lag_1,74.0
8,6,2025-11-30,china_refined_copper_production_ton_lag_6,170.0
8,6,2025-11-30,usd_inr_lag_12,150.0
8,6,2025-11-30,japan_nikkei225_lag_3,37.0
8,6,2025-12-31,silver_usd_per_troy_ounce_lag_3,68.0
8,6,2025-12-31,origin_usa_nasdaq_composite,52.0
8,6,2025-12-31,gold_usd_per_troy_ounce_lag_6,76.0
8,6,2025-12-31,japan_industrial_production_lag_12,130.0
8,6,2025-12-31,silver_usd_per_troy_ounce_lag_1,37.0
8,6,2025-12-31,gold_usd_per_troy_ounce_lag_3,34.0
8,6,2025-12-31,silver_usd_per_troy_ounce_lag_6,51.0
8,6,2025-12-31,usa_nyse_mp_materials_lag_12,127.0
8,6,2025-12-31,usa_nasdaq_composite_lag_3,60.0
8,6,2025-12-31,origin_japan_nikkei225,85.0
8,6,2025-12-31,japan_industrial_production_lag_6,58.0
8,6,2025-12-31,gold_usd_per_troy_ounce_lag_12,107.0
8,6,2025-12-31,hong_kong_hang_seng_zijin_mining_lag_3,77.0
8,6,2025-12-31,gold_usd_per_troy_ounce_lag_1,69.0
8,6,2025-12-31,china_refined_copper_production_ton_lag_6,151.0
8,6,2025-12-31,uk_ftse100_antofagasta_lag_3,151.0
8,6,2025-12-31,japan_nikkei225_lag_3,72.0
8,6,2025-12-31,usd_inr_lag_12,71.0
8,6,2026-01-31,silver_usd_per_troy_ounce_lag_3,41.0
8,6,2026-01-31,origin_usa_nasdaq_composite,46.0
8,6,2026-01-31,gold_usd_per_troy_ounce_lag_6,144.0
8,6,2026-01-31,japan_industrial_production_lag_12,116.0
8,6,2026-01-31,silver_usd_per_troy_ounce_lag_1,60.0
8,6,2026-01-31,gold_usd_per_troy_ounce_lag_3,89.0
8,6,2026-01-31,usa_nyse_mp_materials_lag_12,111.0
8,6,2026-01-31,silver_usd_per_troy_ounce_lag_6,56.0
8,6,2026-01-31,usa_nasdaq_composite_lag_3,28.0
8,6,2026-01-31,origin_japan_nikkei225,67.0
8,6,2026-01-31,gold_usd_per_troy_ounce_lag_12,120.0
8,6,2026-01-31,gold_usd_per_troy_ounce_lag_1,62.0
8,6,2026-01-31,hong_kong_hang_seng_zijin_mining_lag_3,73.0
8,6,2026-01-31,japan_industrial_production_lag_6,13.0
8,6,2026-01-31,origin_hong_kong_hang_seng_zijin_mining,109.0
8,6,2026-01-31,japan_nikkei225_lag_3,62.0
8,6,2026-01-31,china_refined_copper_production_ton_lag_6,135.0
8,6,2026-01-31,uk_ftse100_antofagasta_lag_3,144.0
8,6,2026-02-28,silver_usd_per_troy_ounce_lag_3,85.0
8,6,2026-02-28,origin_usa_nasdaq_composite,41.0
8,6,2026-02-28,gold_usd_per_troy_ounce_lag_6,100.0
8,6,2026-02-28,japan_industrial_production_lag_12,103.0
8,6,2026-02-28,silver_usd_per_troy_ounce_lag_1,75.0
8,6,2026-02-28,gold_usd_per_troy_ounce_lag_3,84.0
8,6,2026-02-28,usa_nyse_mp_materials_lag_12,102.0
8,6,2026-02-28,silver_usd_per_troy_ounce_lag_6,74.0
8,6,2026-02-28,usa_nasdaq_composite_lag_3,33.0
8,6,2026-02-28,origin_japan_nikkei225,102.0
8,6,2026-02-28,gold_usd_per_troy_ounce_lag_12,89.0
8,6,2026-02-28,gold_usd_per_troy_ounce_lag_1,50.0
8,6,2026-02-28,hong_kong_hang_seng_zijin_mining_lag_3,75.0
8,6,2026-02-28,hong_kong_hang_seng_zijin_mining_lag_1,110.0
8,6,2026-02-28,usd_inr_lag_12,129.0
8,6,2026-02-28,usa_dow_jones_lag_1,46.0
8,6,2026-02-28,japan_nikkei225_lag_3,101.0
8,6,2026-02-28,japan_industrial_production_lag_6,53.0
8,12,2025-01-31,japan_industrial_production_lag_3,134.0
8,12,2025-01-31,japan_industrial_production_lag_6,142.0
8,12,2025-01-31,japan_industrial_production_lag_1,133.0
8,12,2025-01-31,gold_usd_per_troy_ounce_lag_1,30.0
8,12,2025-01-31,gold_usd_per_troy_ounce_lag_3,77.0
8,12,2025-01-31,lead_stock_ton_lag_12,47.0
8,12,2025-01-31,japan_cpi_lag_12,39.0
8,12,2025-01-31,nickel_stock_ton_lag_12,36.0
8,12,2025-01-31,gold_usd_per_troy_ounce_lag_6,88.0
8,12,2025-01-31,china_refined_copper_production_ton_lag_1,105.0
8,12,2025-01-31,turkey_consumer_confidence_index_lag_12,28.0
8,12,2025-01-31,china_refined_copper_production_ton_lag_3,203.0
8,12,2025-01-31,silver_usd_per_troy_ounce_lag_1,115.0
8,12,2025-01-31,shfe_volume_lots_lag_12,54.0
8,12,2025-01-31,usd_inr_lag_12,86.0
8,12,2025-01-31,shfe_volume_lots_lag_6,117.0
8,12,2025-01-31,usd_inr_lag_6,117.0
8,12,2025-02-28,japan_industrial_production_lag_3,120.0
8,12,2025-02-28,japan_industrial_production_lag_6,114.0
8,12,2025-02-28,japan_industrial_production_lag_1,88.0
8,12,2025-02-28,gold_usd_per_troy_ounce_lag_1,42.0
8,12,2025-02-28,gold_usd_per_troy_ounce_lag_3,80.0
8,12,2025-02-28,lead_stock_ton_lag_12,81.0
8,12,2025-02-28,japan_cpi_lag_12,52.0
8,12,2025-02-28,nickel_stock_ton_lag_12,39.0
8,12,2025-02-28,china_refined_copper_production_ton_lag_1,104.0
8,12,2025-02-28,gold_usd_per_troy_ounce_lag_6,112.0
8,12,2025-02-28,china_refined_copper_production_ton_lag_3,193.0
8,12,2025-02-28,turkey_consumer_confidence_index_lag_12,27.0
8,12,2025-02-28,shfe_volume_lots_lag_12,67.0
8,12,2025-02-28,silver_usd_per_troy_ounce_lag_1,162.0
8,12,2025-02-28,shfe_volume_lots_lag_6,110.0
8,12,2025-02-28,usd_inr_lag_12,99.0
8,12,2025-02-28,usd_inr_lag_6,146.0
8,12,2025-03-31,japan_industrial_production_lag_3,167.0
8,12,2025-03-31,japan_industrial_production_lag_6,95.0
8,12,2025-03-31,japan_industrial_production_lag_1,89.0
8,12,2025-03-31,gold_usd_per_troy_ounce_lag_1,66.0
8,12,2025-03-31,gold_usd_per_troy_ounce_lag_3,51.0
8,12,2025-03-31,lead_stock_ton_lag_12,8.0
8,12,2025-03-31,japan_cpi_lag_12,32.0
8,12,2025-03-31,nickel_stock_ton_lag_12,39.0
8,12,2025-03-31,china_refined_copper_production_ton_lag_3,217.0
8,12,2025-03-31,china_refined_copper_production_ton_lag_1,92.0
8,12,2025-03-31,gold_usd_per_troy_ounce_lag_6,90.0
8,12,2025-03-31,shfe_volume_lots_lag_12,79.0
8,12,2025-03-31,shfe_volume_lots_lag_6,104.0
8,12,2025-03-31,turkey_consumer_confidence_index_lag_12,29.0
8,12,2025-03-31,zinc_stock_ton_lag_12,144.0
8,12,2025-03-31,silver_usd_per_troy_ounce_lag_1,114.0
8,12,2025-03-31,usd_inr_lag_6,137.0
8,12,2025-04-30,japan_industrial_production_lag_3,128.0
8,12,2025-04-30,japan_industrial_production_lag_6,131.0
8,12,2025-04-30,japan_industrial_production_lag_1,136.0
8,12,2025-04-30,gold_usd_per_troy_ounce_lag_1,78.0
8,12,2025-04-30,gold_usd_per_troy_ounce_lag_3,38.0
8,12,2025-04-30,lead_stock_ton_lag_12,12.0
8,12,2025-04-30,japan_cpi_lag_12,24.0
8,12,2025-04-30,nickel_stock_ton_lag_12,58.0
8,12,2025-04-30,china_refined_copper_production_ton_lag_3,131.0
8,12,2025-04-30,china_refined_copper_production_ton_lag_1,101.0
8,12,2025-04-30,shfe_volume_lots_lag_12,59.0
8,12,2025-04-30,zinc_stock_ton_lag_12,164.0
8,12,2025-04-30,gold_usd_per_troy_ounce_lag_6,68.0
8,12,2025-04-30,shfe_volume_lots_lag_6,124.0
8,12,2025-04-30,silver_usd_per_troy_ounce_lag_1,106.0
8,12,2025-04-30,euro_area_hicp_lag_12,48.0
8,12,2025-04-30,usd_inr_lag_6,155.0
8,12,2025-05-31,japan_industrial_production_lag_3,116.0
8,12,2025-05-31,japan_industrial_production_lag_6,118.0
8,12,2025-05-31,gold_usd_per_troy_ounce_lag_1,37.0
8,12,2025-05-31,japan_industrial_production_lag_1,100.0
8,12,2025-05-31,gold_usd_per_troy_ounce_lag_3,40.0
8,12,2025-05-31,japan_cpi_lag_12,43.0
8,12,2025-05-31,lead_stock_ton_lag_12,53.0
8,12,2025-05-31,nickel_stock_ton_lag_12,114.0
8,12,2025-05-31,china_refined_copper_production_ton_lag_3,140.0
8,12,2025-05-31,china_refined_copper_production_ton_lag_1,64.0
8,12,2025-05-31,shfe_volume_lots_lag_12,57.0
8,12,2025-05-31,zinc_stock_ton_lag_12,153.0
8,12,2025-05-31,gold_usd_per_troy_ounce_lag_6,121.0
8,12,2025-05-31,shfe_volume_lots_lag_6,93.0
8,12,2025-05-31,us_industrial_production_lag_1,87.0
8,12,2025-05-31,euro_area_hicp_lag_12,31.0
8,12,2025-05-31,silver_usd_per_troy_ounce_lag_1,71.0
8,12,2025-06-30,japan_industrial_production_lag_3,137.0
8,12,2025-06-30,japan_industrial_production_lag_6,94.0
8,12,2025-06-30,gold_usd_per_troy_ounce_lag_1,46.0
8,12,2025-06-30,japan_industrial_production_lag_1,105.0
8,12,2025-06-30,gold_usd_per_troy_ounce_lag_3,60.0
8,12,2025-06-30,japan_cpi_lag_12,34.0
8,12,2025-06-30,nickel_stock_ton_lag_12,56.0
8,12,2025-06-30,lead_stock_ton_lag_12,70.0
8,12,2025-06-30,usa_nyse_mp_materials_lag_6,47.0
8,12,2025-06-30,china_refined_copper_production_ton_lag_3,174.0
8,12,2025-06-30,shfe_volume_lots_lag_12,61.0
8,12,2025-06-30,china_refined_copper_production_ton_lag_1,75.0
8,12,2025-06-30,zinc_stock_ton_lag_12,180.0
8,12,2025-06-30,shfe_volume_lots_lag_6,91.0
8,12,2025-06-30,gold_usd_per_troy_ounce_lag_6,107.0
8,12,2025-06-30,euro_area_hicp_lag_12,72.0
8,12,2025-06-30,silver_usd_per_troy_ounce_lag_1,55.0
8,12,2025-07-31,japan_industrial_production_lag_3,122.0
8,12,2025-07-31,japan_industrial_production_lag_6,111.0
8,12,2025-07-31,gold_usd_per_troy_ounce_lag_1,87.0
8,12,2025-07-31,gold_usd_per_troy_ounce_lag_3,66.0
8,12,2025-07-31,japan_industrial_production_lag_1,83.0
8,12,2025-07-31,japan_cpi_lag_12,21.0
8,12,2025-07-31,nickel_stock_ton_lag_12,38.0
8,12,2025-07-31,lead_stock_ton_lag_12,68.0
8,12,2025-07-31,usa_nyse_mp_materials_lag_6,78.0
8,12,2025-07-31,china_refined_copper_production_ton_lag_3,174.0
8,12,2025-07-31,shfe_volume_lots_lag_12,54.0
8,12,2025-07-31,china_refined_copper_production_ton_lag_1,86.0
8,12,2025-07-31,zinc_stock_ton_lag_12,253.0
8,12,2025-07-31,shfe_volume_lots_lag_6,88.0
8,12,2025-07-31,gold_usd_per_troy_ounce_lag_6,105.0
8,12,2025-07-31,euro_area_hicp_lag_12,27.0
8,12,2025-07-31,silver_usd_per_troy_ounce_lag_1,52.0
8,12,2025-08-31,japan_industrial_production_lag_3,103.0
8,12,2025-08-31,japan_industrial_production_lag_6,102.0
8,12,2025-08-31,gold_usd_per_troy_ounce_lag_1,50.0
8,12,2025-08-31,gold_usd_per_troy_ounce_lag_3,51.0
8,12,2025-08-31,japan_cpi_lag_12,35.0
8,12,2025-08-31,japan_industrial_production_lag_1,107.0
8,12,2025-08-31,nickel_stock_ton_lag_12,40.0
8,12,2025-08-31,usa_nyse_mp_materials_lag_6,64.0
8,12,2025-08-31,lead_stock_ton_lag_12,67.0
8,12,2025-08-31,china_refined_copper_production_ton_lag_3,137.0
8,12,2025-08-31,shfe_volume_lots_lag_12,54.0
8,12,2025-08-31,china_refined_copper_production_ton_lag_1,113.0
8,12,2025-08-31,us_industrial_production_lag_1,114.0
8,12,2025-08-31,gold_usd_per_troy_ounce_lag_6,115.0
8,12,2025-08-31,shfe_volume_lots_lag_6,84.0
8,12,2025-08-31,zinc_stock_ton_lag_12,164.0
8,12,2025-08-31,silver_usd_per_troy_ounce_lag_1,80.0
10,1,2025-01-31,origin_copper_price_usd_per_ton,154.0
10,1,2025-01-31,origin_uk_ftse100_antofagasta,76.0
10,1,2025-01-31,origin_south_korea_kospi,123.0
10,1,2025-01-31,origin_aluminum_cash_usd_per_ton,93.0
10,1,2025-01-31,origin_canada_tsx_composite_lundin_mining,101.0
10,1,2025-01-31,target_rolling_mean_3,70.0
10,1,2025-01-31,usa_sp500_southern_copper_lag_1,48.0
10,1,2025-01-31,origin_germany_dax,76.0
10,1,2025-01-31,origin_usa_sp500_freeport_mcmoran,39.0
10,1,2025-01-31,origin_usa_dow_jones,8.0
10,1,2025-01-31,origin_tin_cash_usd_per_ton,50.0
10,1,2025-01-31,uk_ftse100_antofagasta_lag_3,100.0
10,1,2025-01-31,origin_turkey_bist100,65.0
10,1,2025-01-31,japan_nikkei225_lag_1,30.0
10,1,2025-01-31,euro_area_copper_production_ppi_lag_1,116.0
10,1,2025-01-31,south_korea_kospi_lag_3,116.0
10,1,2025-01-31,origin_hong_kong_hang_seng_zijin_mining,82.0
10,1,2025-01-31,indonesia_exports_lag_1,46.0
10,1,2025-01-31,usa_nasdaq_composite_lag_6,116.0
10,1,2025-01-31,canada_tsx_composite_lag_1,165.0
10,1,2025-02-28,origin_copper_price_usd_per_ton,212.0
10,1,2025-02-28,origin_uk_ftse100_antofagasta,59.0
10,1,2025-02-28,origin_south_korea_kospi,90.0
10,1,2025-02-28,shfe_pre_settlement_cny_per_ton_lag_1,136.0
10,1,2025-02-28,origin_aluminum_cash_usd_per_ton,151.0
10,1,2025-02-28,origin_canada_tsx_composite_lundin_mining,120.0
10,1,2025-02-28,usa_sp500_southern_copper_lag_1,28.0
10,1,2025-02-28,origin_usa_sp500_freeport_mcmoran,20.0
10,1,2025-02-28,origin_tin_cash_usd_per_ton,48.0
10,1,2025-02-28,origin_germany_dax,55.0
10,1,2025-02-28,origin_usa_dow_jones,41.0
10,1,2025-02-28,uk_ftse100_antofagasta_lag_3,116.0
10,1,2025-02-28,target_rolling_mean_6,67.0
10,1,2025-02-28,japan_nikkei225_lag_1,53.0
10,1,2025-02-28,origin_turkey_bist100,62.0
10,1,2025-02-28,south_korea_kospi_lag_3,74.0
10,1,2025-02-28,origin_hong_kong_hang_seng_zijin_mining,89.0
10,1,2025-02-28,indonesia_exports_lag_1,45.0
10,1,2025-02-28,usa_nasdaq_composite_lag_6,116.0
10,1,2025-02-28,canada_tsx_composite_lag_1,147.0
10,1,2025-03-31,origin_copper_price_usd_per_ton,169.0
10,1,2025-03-31,origin_uk_ftse100_antofagasta,61.0
10,1,2025-03-31,origin_south_korea_kospi,75.0
10,1,2025-03-31,shfe_pre_settlement_cny_per_ton_lag_1,105.0
10,1,2025-03-31,origin_aluminum_cash_usd_per_ton,114.0
10,1,2025-03-31,origin_canada_tsx_composite_lundin_mining,138.0
10,1,2025-03-31,usa_sp500_southern_copper_lag_1,31.0
10,1,2025-03-31,origin_usa_sp500_freeport_mcmoran,34.0
10,1,2025-03-31,origin_tin_cash_usd_per_ton,58.0
10,1,2025-03-31,origin_germany_dax,95.0
10,1,2025-03-31,origin_usa_dow_jones,36.0
10,1,2025-03-31,uk_ftse100_antofagasta_lag_3,127.0
10,1,2025-03-31,target_rolling_mean_6,64.0
10,1,2025-03-31,japan_nikkei225_lag_1,51.0
10,1,2025-03-31,origin_turkey_bist100,87.0
10,1,2025-03-31,origin_hong_kong_hang_seng_zijin_mining,123.0
10,1,2025-03-31,south_korea_kospi_lag_3,87.0
10,1,2025-03-31,usa_nasdaq_composite_lag_6,132.0
10,1,2025-03-31,canada_tsx_composite_lag_1,84.0
10,1,2025-03-31,indonesia_exports_lag_1,62.0
10,1,2025-04-30,origin_copper_price_usd_per_ton,195.0
10,1,2025-04-30,origin_uk_ftse100_antofagasta,62.0
10,1,2025-04-30,origin_south_korea_kospi,95.0
10,1,2025-04-30,origin_aluminum_cash_usd_per_ton,146.0
10,1,2025-04-30,shfe_pre_settlement_cny_per_ton_lag_1,114.0
10,1,2025-04-30,origin_canada_tsx_composite_lundin_mining,91.0
10,1,2025-04-30,origin_tin_cash_usd_per_ton,102.0
10,1,2025-04-30,origin_usa_sp500_freeport_mcmoran,34.0
10,1,2025-04-30,usa_sp500_southern_copper_lag_1,24.0
10,1,2025-04-30,origin_usa_dow_jones,26.0
10,1,2025-04-30,origin_germany_dax,102.0
10,1,2025-04-30,uk_ftse100_antofagasta_lag_3,121.0
10,1,2025-04-30,japan_nikkei225_lag_1,40.0
10,1,2025-04-30,target_rolling_mean_6,53.0
10,1,2025-04-30,origin_turkey_bist100,88.0
10,1,2025-04-30,origin_hong_kong_hang_seng_zijin_mining,113.0
10,1,2025-04-30,south_korea_kospi_lag_3,69.0
10,1,2025-04-30,usa_nasdaq_composite_lag_6,119.0
10,1,2025-04-30,indonesia_exports_lag_1,47.0
10,1,2025-04-30,canada_tsx_composite_capstone_copper_lag_1,52.0
10,1,2025-05-31,origin_copper_price_usd_per_ton,196.0
10,1,2025-05-31,origin_uk_ftse100_antofagasta,78.0
10,1,2025-05-31,origin_south_korea_kospi,86.0
10,1,2025-05-31,shfe_settlement_cny_per_ton_lag_1,98.0
10,1,2025-05-31,origin_aluminum_cash_usd_per_ton,76.0
10,1,2025-05-31,origin_canada_tsx_composite_lundin_mining,96.0
10,1,2025-05-31,origin_tin_cash_usd_per_ton,64.0
10,1,2025-05-31,usa_sp500_southern_copper_lag_1,55.0
10,1,2025-05-31,origin_usa_dow_jones,67.0
10,1,2025-05-31,origin_germany_dax,36.0
10,1,2025-05-31,origin_usa_sp500_freeport_mcmoran,9.0
10,1,2025-05-31,uk_ftse100_antofagasta_lag_3,50.0
10,1,2025-05-31,target_rolling_mean_6,55.0
10,1,2025-05-31,south_korea_kospi_lag_3,102.0
10,1,2025-05-31,origin_turkey_bist100,76.0
10,1,2025-05-31,origin_hong_kong_hang_seng_zijin_mining,76.0
10,1,2025-05-31,usa_nasdaq_composite_lag_6,65.0
10,1,2025-05-31,indonesia_exports_lag_1,90.0
10,1,2025-05-31,canada_tsx_composite_lundin_mining_lag_3,173.0
10,1,2025-05-31,japan_nikkei225_lag_3,112.0
10,1,2025-06-30,origin_copper_price_usd_per_ton,180.0
10,1,2025-06-30,origin_uk_ftse100_antofagasta,106.0
10,1,2025-06-30,origin_south_korea_kospi,119.0
10,1,2025-06-30,shfe_settlement_cny_per_ton_lag_1,119.0
10,1,2025-06-30,origin_aluminum_cash_usd_per_ton,120.0
10,1,2025-06-30,origin_canada_tsx_composite_lundin_mining,75.0
10,1,2025-06-30,origin_tin_cash_usd_per_ton,71.0
10,1,2025-06-30,origin_usa_dow_jones,15.0
10,1,2025-06-30,usa_sp500_southern_copper_lag_1,40.0
10,1,2025-06-30,origin_germany_dax,83.0
10,1,2025-06-30,origin_usa_sp500_freeport_mcmoran,34.0
10,1,2025-06-30,uk_ftse100_antofagasta_lag_3,122.0
10,1,2025-06-30,target_rolling_mean_6,27.0
10,1,2025-06-30,origin_hong_kong_hang_seng_zijin_mining,97.0
10,1,2025-06-30,south_korea_kospi_lag_3,99.0
10,1,2025-06-30,origin_turkey_bist100,100.0
10,1,2025-06-30,usa_nasdaq_composite_lag_6,80.0
10,1,2025-06-30,japan_nikkei225_lag_3,65.0
10,1,2025-06-30,canada_tsx_composite_capstone_copper_lag_1,35.0
10,1,2025-06-30,gold_usd_per_troy_ounce_lag_12,80.0
10,1,2025-07-31,origin_copper_price_usd_per_ton,153.0
10,1,2025-07-31,origin_uk_ftse100_antofagasta,81.0
10,1,2025-07-31,origin_south_korea_kospi,133.0
10,1,2025-07-31,shfe_settlement_cny_per_ton_lag_1,85.0
10,1,2025-07-31,origin_aluminum_cash_usd_per_ton,147.0
10,1,2025-07-31,origin_canada_tsx_composite_lundin_mining,101.0
10,1,2025-07-31,origin_tin_cash_usd_per_ton,90.0
10,1,2025-07-31,origin_usa_sp500_freeport_mcmoran,36.0
10,1,2025-07-31,origin_usa_dow_jones,13.0
10,1,2025-07-31,usa_sp500_southern_copper_lag_1,31.0
10,1,2025-07-31,origin_germany_dax,87.0
10,1,2025-07-31,uk_ftse100_antofagasta_lag_3,146.0
10,1,2025-07-31,target_rolling_mean_6,11.0
10,1,2025-07-31,origin_hong_kong_hang_seng_zijin_mining,89.0
10,1,2025-07-31,south_korea_kospi_lag_3,112.0
10,1,2025-07-31,usa_nasdaq_composite_lag_6,71.0
10,1,2025-07-31,origin_turkey_bist100,52.0
10,1,2025-07-31,canada_tsx_composite_capstone_copper_lag_1,60.0
10,1,2025-07-31,gold_usd_per_troy_ounce_lag_12,125.0
10,1,2025-07-31,japan_nikkei225_lag_3,80.0
10,1,2025-08-31,origin_copper_price_usd_per_ton,196.0
10,1,2025-08-31,origin_uk_ftse100_antofagasta,85.0
10,1,2025-08-31,origin_south_korea_kospi,107.0
10,1,2025-08-31,shfe_settlement_cny_per_ton_lag_1,121.0
10,1,2025-08-31,origin_aluminum_cash_usd_per_ton,122.0
10,1,2025-08-31,origin_canada_tsx_composite_lundin_mining,77.0
10,1,2025-08-31,origin_tin_cash_usd_per_ton,65.0
10,1,2025-08-31,origin_usa_sp500_freeport_mcmoran,53.0
10,1,2025-08-31,origin_usa_dow_jones,23.0
10,1,2025-08-31,origin_germany_dax,75.0
10,1,2025-08-31,usa_sp500_southern_copper_lag_1,62.0
10,1,2025-08-31,target_rolling_mean_6,58.0
10,1,2025-08-31,uk_ftse100_antofagasta_lag_3,138.0
10,1,2025-08-31,origin_hong_kong_hang_seng_zijin_mining,64.0
10,1,2025-08-31,usa_nasdaq_composite_lag_6,86.0
10,1,2025-08-31,south_korea_kospi_lag_3,74.0
10,1,2025-08-31,origin_turkey_bist100,63.0
10,1,2025-08-31,canada_tsx_composite_capstone_copper_lag_1,72.0
10,1,2025-08-31,gold_usd_per_troy_ounce_lag_12,83.0
10,1,2025-08-31,japan_nikkei225_lag_3,82.0
10,1,2025-09-30,origin_copper_price_usd_per_ton,187.0
10,1,2025-09-30,origin_uk_ftse100_antofagasta,103.0
10,1,2025-09-30,shfe_close_cny_per_ton_lag_1,119.0
10,1,2025-09-30,origin_south_korea_kospi,113.0
10,1,2025-09-30,origin_aluminum_cash_usd_per_ton,99.0
10,1,2025-09-30,origin_canada_tsx_composite_lundin_mining,104.0
10,1,2025-09-30,origin_tin_cash_usd_per_ton,59.0
10,1,2025-09-30,origin_usa_sp500_freeport_mcmoran,36.0
10,1,2025-09-30,origin_usa_dow_jones,26.0
10,1,2025-09-30,origin_germany_dax,95.0
10,1,2025-09-30,usa_sp500_southern_copper_lag_1,34.0
10,1,2025-09-30,target_rolling_mean_6,27.0
10,1,2025-09-30,uk_ftse100_antofagasta_lag_3,112.0
10,1,2025-09-30,origin_hong_kong_hang_seng_zijin_mining,107.0
10,1,2025-09-30,usa_nasdaq_composite_lag_6,67.0
10,1,2025-09-30,canada_tsx_composite_capstone_copper_lag_1,44.0
10,1,2025-09-30,origin_turkey_bist100,77.0
10,1,2025-09-30,south_korea_kospi_lag_3,85.0
10,1,2025-09-30,gold_usd_per_troy_ounce_lag_12,97.0
10,1,2025-09-30,japan_nikkei225_lag_3,64.0
10,1,2025-10-31,origin_copper_price_usd_per_ton,148.0
10,1,2025-10-31,origin_uk_ftse100_antofagasta,76.0
10,1,2025-10-31,shfe_close_cny_per_ton_lag_1,119.0
10,1,2025-10-31,origin_south_korea_kospi,137.0
10,1,2025-10-31,origin_aluminum_cash_usd_per_ton,116.0
10,1,2025-10-31,origin_canada_tsx_composite_lundin_mining,85.0
10,1,2025-10-31,origin_tin_cash_usd_per_ton,97.0
10,1,2025-10-31,origin_usa_sp500_freeport_mcmoran,29.0
10,1,2025-10-31,origin_usa_dow_jones,14.0
10,1,2025-10-31,origin_germany_dax,101.0
10,1,2025-10-31,usa_sp500_southern_copper_lag_1,30.0
10,1,2025-10-31,target_rolling_mean_6,50.0
10,1,2025-10-31,origin_hong_kong_hang_seng_zijin_mining,60.0
10,1,2025-10-31,uk_ftse100_antofagasta_lag_3,51.0
10,1,2025-10-31,canada_tsx_composite_capstone_copper_lag_1,69.0
10,1,2025-10-31,usa_nasdaq_composite_lag_6,109.0
10,1,2025-10-31,origin_turkey_bist100,74.0
10,1,2025-10-31,south_korea_kospi_lag_3,147.0
10,1,2025-10-31,gold_usd_per_troy_ounce_lag_12,166.0
10,1,2025-10-31,japan_nikkei225_lag_3,76.0
10,1,2025-11-30,origin_copper_price_usd_per_ton,143.0
10,1,2025-11-30,origin_uk_ftse100_antofagasta,118.0
10,1,2025-11-30,origin_south_korea_kospi,137.0
10,1,2025-11-30,shfe_pre_settlement_cny_per_ton_lag_1,114.0
10,1,2025-11-30,origin_aluminum_cash_usd_per_ton,150.0
10,1,2025-11-30,origin_canada_tsx_composite_lundin_mining,61.0
10,1,2025-11-30,origin_tin_cash_usd_per_ton,104.0
10,1,2025-11-30,origin_usa_sp500_freeport_mcmoran,84.0
10,1,2025-11-30,origin_usa_dow_jones,28.0
10,1,2025-11-30,usa_sp500_southern_copper_lag_1,17.0
10,1,2025-11-30,germany_dax_lag_1,35.0
10,1,2025-11-30,target_rolling_mean_6,48.0
10,1,2025-11-30,origin_hong_kong_hang_seng_zijin_mining,76.0
10,1,2025-11-30,uk_ftse100_antofagasta_lag_3,40.0
10,1,2025-11-30,canada_tsx_composite_capstone_copper_lag_1,44.0
10,1,2025-11-30,gold_usd_per_troy_ounce_lag_12,144.0
10,1,2025-11-30,usa_nasdaq_composite_lag_6,60.0
10,1,2025-11-30,south_korea_kospi_lag_3,128.0
10,1,2025-11-30,origin_turkey_bist100,91.0
10,1,2025-11-30,japan_nikkei225_lag_3,109.0
10,1,2025-12-31,origin_copper_price_usd_per_ton,195.0
10,1,2025-12-31,origin_uk_ftse100_antofagasta,121.0
10,1,2025-12-31,origin_south_korea_kospi,57.0
10,1,2025-12-31,shfe_pre_settlement_cny_per_ton_lag_1,96.0
10,1,2025-12-31,origin_aluminum_cash_usd_per_ton,163.0
10,1,2025-12-31,origin_canada_tsx_composite_lundin_mining,117.0
10,1,2025-12-31,origin_tin_cash_usd_per_ton,120.0
10,1,2025-12-31,origin_usa_sp500_freeport_mcmoran,25.0
10,1,2025-12-31,origin_usa_dow_jones,28.0
10,1,2025-12-31,usa_sp500_southern_copper_lag_1,20.0
10,1,2025-12-31,target_rolling_mean_6,74.0
10,1,2025-12-31,origin_hong_kong_hang_seng_zijin_mining,50.0
10,1,2025-12-31,uk_ftse100_antofagasta_lag_3,59.0
10,1,2025-12-31,canada_tsx_composite_capstone_copper_lag_1,41.0
10,1,2025-12-31,gold_usd_per_troy_ounce_lag_12,61.0
10,1,2025-12-31,usa_nasdaq_composite_lag_6,75.0
10,1,2025-12-31,south_korea_kospi_lag_3,124.0
10,1,2025-12-31,japan_nikkei225_lag_3,78.0
10,1,2025-12-31,origin_turkey_bist100,80.0
10,1,2025-12-31,origin_china_csi300_jiangxi_copper,135.0
10,1,2026-01-31,origin_copper_price_usd_per_ton,179.0
10,1,2026-01-31,origin_uk_ftse100_antofagasta,112.0
10,1,2026-01-31,shfe_pre_settlement_cny_per_ton_lag_1,88.0
10,1,2026-01-31,origin_south_korea_kospi,70.0
10,1,2026-01-31,origin_aluminum_cash_usd_per_ton,153.0
10,1,2026-01-31,origin_canada_tsx_composite_lundin_mining,90.0
10,1,2026-01-31,origin_tin_cash_usd_per_ton,182.0
10,1,2026-01-31,origin_usa_sp500_freeport_mcmoran,68.0
10,1,2026-01-31,origin_usa_dow_jones,6.0
10,1,2026-01-31,usa_sp500_southern_copper_lag_1,15.0
10,1,2026-01-31,target_rolling_mean_6,77.0
10,1,2026-01-31,gold_usd_per_troy_ounce_lag_12,73.0
10,1,2026-01-31,uk_ftse100_antofagasta_lag_3,41.0
10,1,2026-01-31,origin_hong_kong_hang_seng_zijin_mining,45.0
10,1,2026-01-31,canada_tsx_composite_capstone_copper_lag_1,59.0
10,1,2026-01-31,origin_china_csi300_jiangxi_copper,112.0
10,1,2026-01-31,usa_nasdaq_composite_lag_6,123.0
10,1,2026-01-31,south_korea_kospi_lag_3,93.0
10,1,2026-01-31,japan_nikkei225_lag_3,61.0
10,1,2026-01-31,origin_turkey_bist100,61.0
10,1,2026-02-28,origin_copper_price_usd_per_ton,169.0
10,1,2026-02-28,origin_uk_ftse100_antofagasta,85.0
10,1,2026-02-28,origin_south_korea_kospi,70.0
10,1,2026-02-28,origin_aluminum_cash_usd_per_ton,90.0
10,1,2026-02-28,target_rolling_mean_3,96.0
10,1,2026-02-28,origin_canada_tsx_composite_lundin_mining,50.0
10,1,2026-02-28,origin_tin_cash_usd_per_ton,124.0
10,1,2026-02-28,origin_usa_sp500_freeport_mcmoran,108.0
10,1,2026-02-28,origin_usa_dow_jones,53.0
10,1,2026-02-28,usa_sp500_southern_copper_lag_1,10.0
10,1,2026-02-28,gold_usd_per_troy_ounce_lag_12,62.0
10,1,2026-02-28,uk_ftse100_antofagasta_lag_3,30.0
10,1,2026-02-28,origin_hong_kong_hang_seng_zijin_mining,78.0
10,1,2026-02-28,canada_tsx_composite_capstone_copper_lag_1,19.0
10,1,2026-02-28,origin_china_csi300_jiangxi_copper,92.0
10,1,2026-02-28,south_korea_kospi_lag_3,101.0
10,1,2026-02-28,usa_nasdaq_composite_lag_6,105.0
10,1,2026-02-28,japan_nikkei225_lag_3,84.0
10,1,2026-02-28,origin_turkey_bist100,75.0
10,1,2026-02-28,euro_area_copper_production_ppi_lag_1,131.0
10,1,2026-03-31,origin_copper_price_usd_per_ton,234.0
10,1,2026-03-31,origin_uk_ftse100_antofagasta,78.0
10,1,2026-03-31,origin_south_korea_kospi,64.0
10,1,2026-03-31,origin_aluminum_cash_usd_per_ton,113.0
10,1,2026-03-31,target_rolling_mean_3,29.0
10,1,2026-03-31,origin_canada_tsx_composite_lundin_mining,137.0
10,1,2026-03-31,origin_tin_cash_usd_per_ton,90.0
10,1,2026-03-31,origin_usa_sp500_freeport_mcmoran,40.0
10,1,2026-03-31,origin_usa_dow_jones,32.0
10,1,2026-03-31,usa_sp500_southern_copper_lag_1,11.0
10,1,2026-03-31,gold_usd_per_troy_ounce_lag_12,41.0
10,1,2026-03-31,uk_ftse100_antofagasta_lag_3,40.0
10,1,2026-03-31,canada_tsx_composite_capstone_copper_lag_1,17.0
10,1,2026-03-31,origin_hong_kong_hang_seng_zijin_mining,57.0
10,1,2026-03-31,origin_china_csi300_jiangxi_copper,106.0
10,1,2026-03-31,south_korea_kospi_lag_3,111.0
10,1,2026-03-31,japan_nikkei225_lag_3,51.0
10,1,2026-03-31,usa_nasdaq_composite_lag_6,156.0
10,1,2026-03-31,origin_turkey_bist100,39.0
10,1,2026-03-31,euro_area_copper_production_ppi_lag_1,142.0
10,1,2026-04-30,origin_copper_price_usd_per_ton,150.0
10,1,2026-04-30,origin_uk_ftse100_antofagasta,111.0
10,1,2026-04-30,origin_south_korea_kospi,125.0
10,1,2026-04-30,origin_aluminum_cash_usd_per_ton,107.0
10,1,2026-04-30,target_rolling_mean_3,13.0
10,1,2026-04-30,origin_canada_tsx_composite_lundin_mining,113.0
10,1,2026-04-30,origin_tin_cash_usd_per_ton,183.0
10,1,2026-04-30,origin_usa_sp500_freeport_mcmoran,62.0
10,1,2026-04-30,origin_usa_dow_jones,25.0
10,1,2026-04-30,usa_sp500_southern_copper_lag_1,9.0
10,1,2026-04-30,gold_usd_per_troy_ounce_lag_12,58.0
10,1,2026-04-30,canada_tsx_composite_capstone_copper_lag_1,50.0
10,1,2026-04-30,uk_ftse100_antofagasta_lag_3,49.0
10,1,2026-04-30,origin_hong_kong_hang_seng_zijin_mining,69.0
10,1,2026-04-30,origin_china_csi300_jiangxi_copper,129.0
10,1,2026-04-30,south_korea_kospi_lag_3,92.0
10,1,2026-04-30,japan_nikkei225_lag_3,54.0
10,1,2026-04-30,usa_nasdaq_composite_lag_6,115.0
10,1,2026-04-30,origin_turkey_bist100,46.0
10,1,2026-04-30,euro_area_copper_production_ppi_lag_1,102.0
10,1,2026-05-31,origin_copper_price_usd_per_ton,122.0
10,1,2026-05-31,origin_uk_ftse100_antofagasta,130.0
10,1,2026-05-31,origin_south_korea_kospi,92.0
10,1,2026-05-31,origin_aluminum_cash_usd_per_ton,127.0
10,1,2026-05-31,target_rolling_mean_3,82.0
10,1,2026-05-31,origin_canada_tsx_composite_lundin_mining,49.0
10,1,2026-05-31,origin_tin_cash_usd_per_ton,197.0
10,1,2026-05-31,origin_usa_sp500_freeport_mcmoran,85.0
10,1,2026-05-31,origin_usa_dow_jones,47.0
10,1,2026-05-31,usa_sp500_southern_copper_lag_1,11.0
10,1,2026-05-31,gold_usd_per_troy_ounce_lag_12,53.0
10,1,2026-05-31,origin_china_csi300_jiangxi_copper,104.0
10,1,2026-05-31,canada_tsx_composite_capstone_copper_lag_1,73.0
10,1,2026-05-31,uk_ftse100_antofagasta_lag_3,23.0
10,1,2026-05-31,origin_hong_kong_hang_seng_zijin_mining,64.0
10,1,2026-05-31,south_korea_kospi_lag_3,60.0
10,1,2026-05-31,japan_nikkei225_lag_3,78.0
10,1,2026-05-31,usa_nasdaq_composite_lag_6,74.0
10,1,2026-05-31,origin_turkey_bist100,92.0
10,1,2026-05-31,euro_area_copper_production_ppi_lag_1,91.0
10,1,2026-06-30,origin_copper_price_usd_per_ton,190.0
10,1,2026-06-30,origin_uk_ftse100_antofagasta,125.0
10,1,2026-06-30,origin_south_korea_kospi,55.0
10,1,2026-06-30,origin_aluminum_cash_usd_per_ton,115.0
10,1,2026-06-30,target_rolling_mean_3,40.0
10,1,2026-06-30,origin_canada_tsx_composite_lundin_mining,107.0
10,1,2026-06-30,origin_tin_cash_usd_per_ton,100.0
10,1,2026-06-30,origin_usa_sp500_freeport_mcmoran,94.0
10,1,2026-06-30,origin_usa_dow_jones,23.0
10,1,2026-06-30,usa_sp500_southern_copper_lag_1,30.0
10,1,2026-06-30,gold_usd_per_troy_ounce_lag_12,42.0
10,1,2026-06-30,canada_tsx_composite_capstone_copper_lag_1,26.0
10,1,2026-06-30,origin_china_csi300_jiangxi_copper,89.0
10,1,2026-06-30,uk_ftse100_antofagasta_lag_3,48.0
10,1,2026-06-30,origin_hong_kong_hang_seng_zijin_mining,82.0
10,1,2026-06-30,south_korea_kospi_lag_3,126.0
10,1,2026-06-30,japan_nikkei225_lag_3,51.0
10,1,2026-06-30,usa_nasdaq_composite_lag_6,120.0
10,1,2026-06-30,origin_turkey_bist100,57.0
10,1,2026-06-30,china_csi300_jiangxi_copper_lag_1,110.0
10,1,2026-07-31,origin_copper_price_usd_per_ton,193.0
10,1,2026-07-31,origin_uk_ftse100_antofagasta,111.0
10,1,2026-07-31,origin_south_korea_kospi,90.0
10,1,2026-07-31,origin_aluminum_cash_usd_per_ton,105.0
10,1,2026-07-31,target_rolling_mean_3,77.0
10,1,2026-07-31,origin_canada_tsx_composite_lundin_mining,89.0
10,1,2026-07-31,origin_tin_cash_usd_per_ton,88.0
10,1,2026-07-31,origin_usa_sp500_freeport_mcmoran,78.0
10,1,2026-07-31,origin_usa_dow_jones,10.0
10,1,2026-07-31,usa_sp500_southern_copper_lag_1,13.0
10,1,2026-07-31,gold_usd_per_troy_ounce_lag_12,74.0
10,1,2026-07-31,canada_tsx_composite_capstone_copper_lag_1,96.0
10,1,2026-07-31,origin_china_csi300_jiangxi_copper,110.0
10,1,2026-07-31,uk_ftse100_antofagasta_lag_3,32.0
10,1,2026-07-31,origin_hong_kong_hang_seng_zijin_mining,89.0
10,1,2026-07-31,south_korea_kospi_lag_3,85.0
10,1,2026-07-31,japan_nikkei225_lag_3,62.0
10,1,2026-07-31,usa_nasdaq_composite_lag_6,113.0
10,1,2026-07-31,origin_turkey_bist100,51.0
10,1,2026-07-31,china_csi300_jiangxi_copper_lag_1,108.0
10,3,2025-01-31,origin_uk_ftse100_antofagasta,93.0
10,3,2025-01-31,origin_copper_price_usd_per_ton,7.0
10,3,2025-01-31,origin_south_korea_kospi,108.0
10,3,2025-01-31,usa_nasdaq_composite_lag_1,176.0
10,3,2025-01-31,origin_canada_tsx_composite_lundin_mining,59.0
10,3,2025-01-31,origin_turkey_bist100,107.0
10,3,2025-01-31,uk_ftse100_antofagasta_lag_3,41.0
10,3,2025-01-31,origin_japan_nikkei225,51.0
10,3,2025-01-31,usa_sp500_southern_copper_lag_1,46.0
10,3,2025-01-31,gold_usd_per_troy_ounce_lag_12,116.0
10,3,2025-01-31,iron_ore_usd_per_dmtu_lag_6,89.0
10,3,2025-01-31,target_rolling_mean_3,53.0
10,3,2025-01-31,germany_dax_lag_1,68.0
10,3,2025-01-31,turkey_bist100_lag_3,99.0
10,3,2025-01-31,iron_ore_usd_per_dmtu_lag_3,72.0
10,3,2025-01-31,turkey_ppi_basic_metals_index_lag_3,75.0
10,3,2025-01-31,south_korea_kospi_lag_3,130.0
10,3,2025-01-31,canada_tsx_composite_lundin_mining_lag_3,97.0
10,3,2025-01-31,gold_usd_per_troy_ounce_lag_6,110.0
10,3,2025-01-31,origin_canada_tsx_composite,160.0
10,3,2025-02-28,origin_uk_ftse100_antofagasta,31.0
10,3,2025-02-28,origin_copper_price_usd_per_ton,30.0
10,3,2025-02-28,origin_south_korea_kospi,127.0
10,3,2025-02-28,origin_usa_nasdaq_composite,149.0
10,3,2025-02-28,origin_canada_tsx_composite_lundin_mining,81.0
10,3,2025-02-28,origin_japan_nikkei225,58.0
10,3,2025-02-28,origin_turkey_bist100,78.0
10,3,2025-02-28,uk_ftse100_antofagasta_lag_3,69.0
10,3,2025-02-28,usa_sp500_southern_copper_lag_1,81.0
10,3,2025-02-28,gold_usd_per_troy_ounce_lag_12,110.0
10,3,2025-02-28,iron_ore_usd_per_dmtu_lag_6,47.0
10,3,2025-02-28,germany_dax_lag_1,95.0
10,3,2025-02-28,target_rolling_mean_3,56.0
10,3,2025-02-28,usa_nasdaq_composite_lag_6,118.0
10,3,2025-02-28,south_korea_kospi_lag_3,92.0
10,3,2025-02-28,turkey_bist100_lag_3,130.0
10,3,2025-02-28,canada_tsx_composite_lundin_mining_lag_3,105.0
10,3,2025-02-28,turkey_ppi_basic_metals_index_lag_3,79.0
10,3,2025-02-28,gold_usd_per_troy_ounce_lag_6,109.0
10,3,2025-02-28,origin_canada_tsx_composite,126.0
10,3,2025-03-31,origin_uk_ftse100_antofagasta,78.0
10,3,2025-03-31,origin_copper_price_usd_per_ton,37.0
10,3,2025-03-31,origin_south_korea_kospi,120.0
10,3,2025-03-31,origin_usa_nasdaq_composite,160.0
10,3,2025-03-31,origin_canada_tsx_composite_lundin_mining,48.0
10,3,2025-03-31,origin_japan_nikkei225,61.0
10,3,2025-03-31,usa_sp500_southern_copper_lag_1,94.0
10,3,2025-03-31,origin_turkey_bist100,79.0
10,3,2025-03-31,uk_ftse100_antofagasta_lag_3,62.0
10,3,2025-03-31,gold_usd_per_troy_ounce_lag_12,105.0
10,3,2025-03-31,germany_dax_lag_1,94.0
10,3,2025-03-31,target_lag_2,67.0
10,3,2025-03-31,usa_nasdaq_composite_lag_6,107.0
10,3,2025-03-31,origin_canada_tsx_composite,135.0
10,3,2025-03-31,iron_ore_usd_per_dmtu_lag_6,58.0
10,3,2025-03-31,turkey_bist100_lag_3,85.0
10,3,2025-03-31,canada_tsx_composite_lundin_mining_lag_3,123.0
10,3,2025-03-31,turkey_ppi_basic_metals_index_lag_3,66.0
10,3,2025-03-31,gold_usd_per_troy_ounce_lag_6,116.0
10,3,2025-03-31,south_korea_kospi_lag_3,130.0
10,3,2025-04-30,origin_copper_price_usd_per_ton,49.0
10,3,2025-04-30,origin_uk_ftse100_antofagasta,86.0
10,3,2025-04-30,origin_south_korea_kospi,147.0
10,3,2025-04-30,origin_usa_nasdaq_composite,115.0
10,3,2025-04-30,origin_canada_tsx_composite_lundin_mining,61.0
10,3,2025-04-30,origin_japan_nikkei225,61.0
10,3,2025-04-30,usa_sp500_southern_copper_lag_1,93.0
10,3,2025-04-30,uk_ftse100_antofagasta_lag_3,77.0
10,3,2025-04-30,origin_turkey_bist100,89.0
10,3,2025-04-30,shfe_pre_settlement_cny_per_ton_lag_1,146.0
10,3,2025-04-30,gold_usd_per_troy_ounce_lag_12,95.0
10,3,2025-04-30,germany_dax_lag_1,84.0
10,3,2025-04-30,usa_nasdaq_composite_lag_6,90.0
10,3,2025-04-30,origin_canada_tsx_composite,162.0
10,3,2025-04-30,canada_tsx_composite_lundin_mining_lag_3,65.0
10,3,2025-04-30,south_korea_kospi_lag_3,115.0
10,3,2025-04-30,iron_ore_usd_per_dmtu_lag_6,78.0
10,3,2025-04-30,gold_usd_per_troy_ounce_lag_6,113.0
10,3,2025-04-30,turkey_bist100_lag_3,31.0
10,3,2025-04-30,turkey_ppi_basic_metals_index_lag_3,50.0
10,3,2025-05-31,origin_copper_price_usd_per_ton,45.0
10,3,2025-05-31,origin_uk_ftse100_antofagasta,132.0
10,3,2025-05-31,origin_south_korea_kospi,117.0
10,3,2025-05-31,origin_usa_nasdaq_composite,124.0
10,3,2025-05-31,origin_canada_tsx_composite_lundin_mining,57.0
10,3,2025-05-31,origin_japan_nikkei225,91.0
10,3,2025-05-31,usa_sp500_southern_copper_lag_1,110.0
10,3,2025-05-31,uk_ftse100_antofagasta_lag_3,42.0
10,3,2025-05-31,shfe_pre_settlement_cny_per_ton_lag_1,78.0
10,3,2025-05-31,origin_turkey_bist100,72.0
10,3,2025-05-31,gold_usd_per_troy_ounce_lag_12,74.0
10,3,2025-05-31,germany_dax_lag_1,127.0
10,3,2025-05-31,usa_nasdaq_composite_lag_6,109.0
10,3,2025-05-31,origin_canada_tsx_composite,97.0
10,3,2025-05-31,gold_usd_per_troy_ounce_lag_6,133.0
10,3,2025-05-31,origin_canada_tsx_composite_capstone_copper,95.0
10,3,2025-05-31,canada_tsx_composite_lundin_mining_lag_3,130.0
10,3,2025-05-31,turkey_bist100_lag_3,69.0
10,3,2025-05-31,turkey_eur_try_monthly_average_lag_3,90.0
10,3,2025-05-31,south_korea_kospi_lag_3,97.0
10,3,2025-06-30,origin_copper_price_usd_per_ton,40.0
10,3,2025-06-30,origin_uk_ftse100_antofagasta,89.0
10,3,2025-06-30,origin_south_korea_kospi,142.0
10,3,2025-06-30,origin_usa_nasdaq_composite,106.0
10,3,2025-06-30,origin_canada_tsx_composite_lundin_mining,63.0
10,3,2025-06-30,origin_germany_dax,60.0
10,3,2025-06-30,shfe_pre_settlement_cny_per_ton_lag_1,107.0
10,3,2025-06-30,usa_sp500_southern_copper_lag_1,98.0
10,3,2025-06-30,japan_nikkei225_lag_1,99.0
10,3,2025-06-30,uk_ftse100_antofagasta_lag_3,51.0
10,3,2025-06-30,origin_turkey_bist100,152.0
10,3,2025-06-30,gold_usd_per_troy_ounce_lag_12,126.0
10,3,2025-06-30,usa_nasdaq_composite_lag_6,51.0
10,3,2025-06-30,origin_canada_tsx_composite_capstone_copper,100.0
10,3,2025-06-30,gold_usd_per_troy_ounce_lag_6,60.0
10,3,2025-06-30,origin_hong_kong_hang_seng_zijin_mining,56.0
10,3,2025-06-30,silver_usd_per_troy_ounce_lag_6,89.0
10,3,2025-06-30,origin_aluminum_cash_usd_per_ton,64.0
10,3,2025-06-30,turkey_bist100_lag_3,67.0
10,3,2025-06-30,canada_tsx_composite_lundin_mining_lag_3,135.0
10,3,2025-07-31,origin_copper_price_usd_per_ton,65.0
10,3,2025-07-31,origin_uk_ftse100_antofagasta,61.0
10,3,2025-07-31,origin_usa_nasdaq_composite,108.0
10,3,2025-07-31,origin_south_korea_kospi,180.0
10,3,2025-07-31,origin_canada_tsx_composite_lundin_mining,89.0
10,3,2025-07-31,origin_germany_dax,33.0
10,3,2025-07-31,shfe_settlement_cny_per_ton_lag_1,84.0
10,3,2025-07-31,japan_nikkei225_lag_1,97.0
10,3,2025-07-31,gold_usd_per_troy_ounce_lag_12,157.0
10,3,2025-07-31,usa_sp500_southern_copper_lag_1,96.0
10,3,2025-07-31,uk_ftse100_antofagasta_lag_3,122.0
10,3,2025-07-31,origin_turkey_bist100,136.0
10,3,2025-07-31,usa_nasdaq_composite_lag_6,29.0
10,3,2025-07-31,origin_canada_tsx_composite_capstone_copper,87.0
10,3,2025-07-31,gold_usd_per_troy_ounce_lag_6,52.0
10,3,2025-07-31,origin_hong_kong_hang_seng_zijin_mining,95.0
10,3,2025-07-31,silver_usd_per_troy_ounce_lag_6,104.0
10,3,2025-07-31,japan_nikkei225_lag_3,25.0
10,3,2025-07-31,turkey_bist100_lag_3,48.0
10,3,2025-07-31,turkey_eur_try_monthly_average_lag_3,99.0
10,3,2025-08-31,origin_copper_price_usd_per_ton,31.0
10,3,2025-08-31,origin_uk_ftse100_antofagasta,63.0
10,3,2025-08-31,origin_usa_nasdaq_composite,145.0
10,3,2025-08-31,origin_south_korea_kospi,158.0
10,3,2025-08-31,origin_germany_dax,45.0
10,3,2025-08-31,origin_canada_tsx_composite_lundin_mining,88.0
10,3,2025-08-31,shfe_settlement_cny_per_ton_lag_1,155.0
10,3,2025-08-31,japan_nikkei225_lag_1,137.0
10,3,2025-08-31,gold_usd_per_troy_ounce_lag_12,144.0
10,3,2025-08-31,usa_sp500_southern_copper_lag_1,100.0
10,3,2025-08-31,uk_ftse100_antofagasta_lag_3,79.0
10,3,2025-08-31,origin_canada_tsx_composite_capstone_copper,122.0
10,3,2025-08-31,origin_turkey_bist100,48.0
10,3,2025-08-31,usa_nasdaq_composite_lag_6,61.0
10,3,2025-08-31,silver_usd_per_troy_ounce_lag_6,55.0
10,3,2025-08-31,gold_usd_per_troy_ounce_lag_6,55.0
10,3,2025-08-31,origin_hong_kong_hang_seng_zijin_mining,91.0
10,3,2025-08-31,japan_nikkei225_lag_3,93.0
10,3,2025-08-31,turkey_eur_try_monthly_average_lag_3,81.0
10,3,2025-08-31,turkey_bist100_lag_3,31.0
10,3,2025-09-30,origin_copper_price_usd_per_ton,60.0
10,3,2025-09-30,origin_uk_ftse100_antofagasta,27.0
10,3,2025-09-30,origin_usa_nasdaq_composite,113.0
10,3,2025-09-30,origin_south_korea_kospi,178.0
10,3,2025-09-30,origin_germany_dax,73.0
10,3,2025-09-30,shfe_settlement_cny_per_ton_lag_1,134.0
10,3,2025-09-30,origin_canada_tsx_composite_lundin_mining,114.0
10,3,2025-09-30,gold_usd_per_troy_ounce_lag_12,184.0
10,3,2025-09-30,japan_nikkei225_lag_1,83.0
10,3,2025-09-30,silver_usd_per_troy_ounce_lag_6,77.0
10,3,2025-09-30,origin_canada_tsx_composite_capstone_copper,62.0
10,3,2025-09-30,usa_sp500_southern_copper_lag_1,91.0
10,3,2025-09-30,uk_ftse100_antofagasta_lag_3,97.0
10,3,2025-09-30,usa_nasdaq_composite_lag_6,60.0
10,3,2025-09-30,origin_turkey_bist100,100.0
10,3,2025-09-30,gold_usd_per_troy_ounce_lag_6,45.0
10,3,2025-09-30,japan_nikkei225_lag_3,37.0
10,3,2025-09-30,origin_hong_kong_hang_seng_zijin_mining,87.0
10,3,2025-09-30,turkey_bist100_lag_3,22.0
10,3,2025-09-30,turkey_eur_try_monthly_average_lag_3,97.0
10,3,2025-10-31,origin_copper_price_usd_per_ton,65.0
10,3,2025-10-31,origin_uk_ftse100_antofagasta,54.0
10,3,2025-10-31,origin_usa_nasdaq_composite,91.0
10,3,2025-10-31,origin_south_korea_kospi,184.0
10,3,2025-10-31,shfe_settlement_cny_per_ton_lag_1,136.0
10,3,2025-10-31,origin_germany_dax,28.0
10,3,2025-10-31,gold_usd_per_troy_ounce_lag_12,136.0
10,3,2025-10-31,origin_canada_tsx_composite_lundin_mining,39.0
10,3,2025-10-31,japan_nikkei225_lag_1,117.0
10,3,2025-10-31,silver_usd_per_troy_ounce_lag_6,86.0
10,3,2025-10-31,origin_canada_tsx_composite_capstone_copper,115.0
10,3,2025-10-31,usa_nasdaq_composite_lag_6,67.0
10,3,2025-10-31,uk_ftse100_antofagasta_lag_3,117.0
10,3,2025-10-31,origin_turkey_bist100,98.0
10,3,2025-10-31,gold_usd_per_troy_ounce_lag_6,37.0
10,3,2025-10-31,japan_nikkei225_lag_3,64.0
10,3,2025-10-31,origin_hong_kong_hang_seng_zijin_mining,82.0
10,3,2025-10-31,hong_kong_hang_seng_zijin_mining_lag_3,69.0
10,3,2025-10-31,china_refined_copper_production_ton_lag_12,120.0
10,3,2025-10-31,uk_ftse100_antofagasta_lag_6,64.0
10,3,2025-11-30,origin_copper_price_usd_per_ton,51.0
10,3,2025-11-30,origin_uk_ftse100_antofagasta,37.0
10,3,2025-11-30,origin_south_korea_kospi,223.0
10,3,2025-11-30,origin_usa_nasdaq_composite,56.0
10,3,2025-11-30,shfe_close_cny_per_ton_lag_1,181.0
10,3,2025-11-30,gold_usd_per_troy_ounce_lag_12,119.0
10,3,2025-11-30,origin_germany_dax,27.0
10,3,2025-11-30,origin_canada_tsx_composite_lundin_mining,42.0
10,3,2025-11-30,japan_nikkei225_lag_1,125.0
10,3,2025-11-30,silver_usd_per_troy_ounce_lag_6,127.0
10,3,2025-11-30,origin_canada_tsx_composite_capstone_copper,75.0
10,3,2025-11-30,usa_nasdaq_composite_lag_6,34.0
10,3,2025-11-30,origin_turkey_bist100,54.0
10,3,2025-11-30,gold_usd_per_troy_ounce_lag_6,27.0
10,3,2025-11-30,uk_ftse100_antofagasta_lag_3,72.0
10,3,2025-11-30,japan_nikkei225_lag_3,87.0
10,3,2025-11-30,origin_hong_kong_hang_seng_zijin_mining,95.0
10,3,2025-11-30,china_refined_copper_production_ton_lag_12,140.0
10,3,2025-11-30,hong_kong_hang_seng_zijin_mining_lag_3,98.0
10,3,2025-11-30,silver_usd_per_troy_ounce_lag_3,75.0
10,3,2025-12-31,origin_copper_price_usd_per_ton,35.0
10,3,2025-12-31,origin_south_korea_kospi,251.0
10,3,2025-12-31,origin_uk_ftse100_antofagasta,51.0
10,3,2025-12-31,origin_usa_nasdaq_composite,37.0
10,3,2025-12-31,shfe_close_cny_per_ton_lag_1,160.0
10,3,2025-12-31,gold_usd_per_troy_ounce_lag_12,175.0
10,3,2025-12-31,silver_usd_per_troy_ounce_lag_6,156.0
10,3,2025-12-31,origin_germany_dax,35.0
10,3,2025-12-31,origin_canada_tsx_composite_lundin_mining,46.0
10,3,2025-12-31,japan_nikkei225_lag_1,69.0
10,3,2025-12-31,origin_canada_tsx_composite_capstone_copper,35.0
10,3,2025-12-31,usa_nasdaq_composite_lag_6,36.0
10,3,2025-12-31,origin_turkey_bist100,48.0
10,3,2025-12-31,gold_usd_per_troy_ounce_lag_6,55.0
10,3,2025-12-31,usa_sp500_southern_copper_lag_1,87.0
10,3,2025-12-31,japan_nikkei225_lag_3,54.0
10,3,2025-12-31,uk_ftse100_antofagasta_lag_3,89.0
10,3,2025-12-31,china_refined_copper_production_ton_lag_12,195.0
10,3,2025-12-31,origin_hong_kong_hang_seng_zijin_mining,59.0
10,3,2025-12-31,hong_kong_hang_seng_zijin_mining_lag_3,57.0
10,3,2026-01-31,origin_shfe_close_cny_per_ton,82.0
10,3,2026-01-31,origin_south_korea_kospi,187.0
10,3,2026-01-31,origin_uk_ftse100_antofagasta,80.0
10,3,2026-01-31,origin_usa_nasdaq_composite,47.0
10,3,2026-01-31,gold_usd_per_troy_ounce_lag_12,128.0
10,3,2026-01-31,silver_usd_per_troy_ounce_lag_6,87.0
10,3,2026-01-31,origin_germany_dax,49.0
10,3,2026-01-31,japan_nikkei225_lag_1,101.0
10,3,2026-01-31,origin_canada_tsx_composite_lundin_mining,31.0
10,3,2026-01-31,origin_canada_tsx_composite_capstone_copper,95.0
10,3,2026-01-31,usa_nasdaq_composite_lag_6,64.0
10,3,2026-01-31,origin_turkey_bist100,68.0
10,3,2026-01-31,gold_usd_per_troy_ounce_lag_6,33.0
10,3,2026-01-31,japan_nikkei225_lag_3,56.0
10,3,2026-01-31,target_lag_2,61.0
10,3,2026-01-31,china_refined_copper_production_ton_lag_12,149.0
10,3,2026-01-31,uk_ftse100_antofagasta_lag_3,107.0
10,3,2026-01-31,hong_kong_hang_seng_zijin_mining_lag_6,45.0
10,3,2026-01-31,origin_hong_kong_hang_seng_zijin_mining,66.0
10,3,2026-01-31,hong_kong_hang_seng_zijin_mining_lag_3,95.0
10,3,2026-02-28,origin_shfe_close_cny_per_ton,104.0
10,3,2026-02-28,origin_south_korea_kospi,168.0
10,3,2026-02-28,origin_uk_ftse100_antofagasta,55.0
10,3,2026-02-28,origin_usa_nasdaq_composite,86.0
10,3,2026-02-28,gold_usd_per_troy_ounce_lag_12,71.0
10,3,2026-02-28,silver_usd_per_troy_ounce_lag_6,98.0
10,3,2026-02-28,origin_germany_dax,74.0
10,3,2026-02-28,japan_nikkei225_lag_1,96.0
10,3,2026-02-28,origin_canada_tsx_composite_lundin_mining,32.0
10,3,2026-02-28,origin_canada_tsx_composite_capstone_copper,114.0
10,3,2026-02-28,china_refined_copper_production_ton_lag_12,158.0
10,3,2026-02-28,origin_turkey_bist100,29.0
10,3,2026-02-28,japan_nikkei225_lag_3,65.0
10,3,2026-02-28,gold_usd_per_troy_ounce_lag_6,49.0
10,3,2026-02-28,uk_ftse100_antofagasta_lag_3,85.0
10,3,2026-02-28,target_lag_2,33.0
10,3,2026-02-28,origin_hong_kong_hang_seng_zijin_mining,82.0
10,3,2026-02-28,silver_usd_per_troy_ounce_lag_3,33.0
10,3,2026-02-28,hong_kong_hang_seng_zijin_mining_lag_6,47.0
10,3,2026-02-28,hong_kong_hang_seng_zijin_mining_lag_3,102.0
10,3,2026-03-31,origin_shfe_close_cny_per_ton,108.0
10,3,2026-03-31,origin_south_korea_kospi,198.0
10,3,2026-03-31,origin_uk_ftse100_antofagasta,51.0
10,3,2026-03-31,origin_usa_nasdaq_composite,53.0
10,3,2026-03-31,gold_usd_per_troy_ounce_lag_12,103.0
10,3,2026-03-31,silver_usd_per_troy_ounce_lag_6,110.0
10,3,2026-03-31,origin_germany_dax,95.0
10,3,2026-03-31,origin_canada_tsx_composite_lundin_mining,20.0
10,3,2026-03-31,origin_canada_tsx_composite_capstone_copper,54.0
10,3,2026-03-31,japan_nikkei225_lag_3,63.0
10,3,2026-03-31,origin_turkey_bist100,56.0
10,3,2026-03-31,china_refined_copper_production_ton_lag_12,118.0
10,3,2026-03-31,gold_usd_per_troy_ounce_lag_6,78.0
10,3,2026-03-31,usa_sp500_southern_copper_lag_1,125.0
10,3,2026-03-31,uk_ftse100_antofagasta_lag_3,55.0
10,3,2026-03-31,target_lag_2,67.0
10,3,2026-03-31,silver_usd_per_troy_ounce_lag_3,50.0
10,3,2026-03-31,origin_hong_kong_hang_seng_zijin_mining,72.0
10,3,2026-03-31,hong_kong_hang_seng_zijin_mining_lag_6,63.0
10,3,2026-03-31,hong_kong_hang_seng_zijin_mining_lag_3,85.0
10,3,2026-04-30,origin_copper_price_usd_per_ton,46.0
10,3,2026-04-30,origin_south_korea_kospi,158.0
10,3,2026-04-30,origin_uk_ftse100_antofagasta,41.0
10,3,2026-04-30,origin_usa_nasdaq_composite,121.0
10,3,2026-04-30,gold_usd_per_troy_ounce_lag_12,89.0
10,3,2026-04-30,shfe_pre_settlement_cny_per_ton_lag_1,92.0
10,3,2026-04-30,silver_usd_per_troy_ounce_lag_6,76.0
10,3,2026-04-30,origin_germany_dax,98.0
10,3,2026-04-30,origin_canada_tsx_composite_lundin_mining,30.0
10,3,2026-04-30,origin_canada_tsx_composite_capstone_copper,73.0
10,3,2026-04-30,japan_nikkei225_lag_3,49.0
10,3,2026-04-30,origin_turkey_bist100,45.0
10,3,2026-04-30,gold_usd_per_troy_ounce_lag_6,65.0
10,3,2026-04-30,usa_sp500_southern_copper_lag_1,137.0
10,3,2026-04-30,uk_ftse100_antofagasta_lag_3,92.0
10,3,2026-04-30,china_refined_copper_production_ton_lag_12,89.0
10,3,2026-04-30,origin_hong_kong_hang_seng_zijin_mining,72.0
10,3,2026-04-30,silver_usd_per_troy_ounce_lag_3,71.0
10,3,2026-04-30,hong_kong_hang_seng_zijin_mining_lag_6,50.0
10,3,2026-04-30,shfe_pre_settlement_cny_per_ton_lag_3,116.0
10,3,2026-05-31,origin_copper_price_usd_per_ton,40.0
10,3,2026-05-31,origin_south_korea_kospi,144.0
10,3,2026-05-31,origin_uk_ftse100_antofagasta,25.0
10,3,2026-05-31,origin_usa_nasdaq_composite,111.0
10,3,2026-05-31,gold_usd_per_troy_ounce_lag_12,79.0
10,3,2026-05-31,shfe_pre_settlement_cny_per_ton_lag_1,106.0
10,3,2026-05-31,silver_usd_per_troy_ounce_lag_6,89.0
10,3,2026-05-31,origin_germany_dax,31.0
10,3,2026-05-31,origin_canada_tsx_composite_lundin_mining,42.0
10,3,2026-05-31,origin_canada_tsx_composite_capstone_copper,97.0
10,3,2026-05-31,japan_nikkei225_lag_3,70.0
10,3,2026-05-31,origin_turkey_bist100,40.0
10,3,2026-05-31,gold_usd_per_troy_ounce_lag_6,43.0
10,3,2026-05-31,usa_sp500_southern_copper_lag_1,113.0
10,3,2026-05-31,uk_ftse100_antofagasta_lag_3,99.0
10,3,2026-05-31,china_refined_copper_production_ton_lag_12,158.0
10,3,2026-05-31,origin_hong_kong_hang_seng_zijin_mining,92.0
10,3,2026-05-31,silver_usd_per_troy_ounce_lag_3,98.0
10,3,2026-05-31,hong_kong_hang_seng_zijin_mining_lag_6,58.0
10,3,2026-05-31,shfe_pre_settlement_cny_per_ton_lag_3,94.0
10,6,2025-01-31,origin_usa_nasdaq_composite,82.0
10,6,2025-01-31,origin_uk_ftse100_antofagasta,8.0
10,6,2025-01-31,gold_usd_per_troy_ounce_lag_6,126.0
10,6,2025-01-31,iron_ore_usd_per_dmtu_lag_3,70.0
10,6,2025-01-31,origin_turkey_bist100,98.0
10,6,2025-01-31,iron_ore_usd_per_dmtu_lag_1,64.0
10,6,2025-01-31,origin_south_korea_kospi,98.0
10,6,2025-01-31,origin_canada_tsx_composite_lundin_mining,106.0
10,6,2025-01-31,gold_usd_per_troy_ounce_lag_3,132.0
10,6,2025-01-31,usa_sp500_southern_copper_lag_1,94.0
10,6,2025-01-31,china_refined_copper_production_ton_lag_6,123.0
10,6,2025-01-31,turkey_eur_try_monthly_average_lag_1,106.0
10,6,2025-01-31,origin_japan_nikkei225,131.0
10,6,2025-01-31,origin_germany_dax,47.0
10,6,2025-01-31,origin_hong_kong_hang_seng_zijin_mining,34.0
10,6,2025-01-31,silver_usd_per_troy_ounce_lag_3,133.0
10,6,2025-01-31,uk_ftse100_antofagasta_lag_3,112.0
10,6,2025-01-31,gold_usd_per_troy_ounce_lag_12,112.0
10,6,2025-01-31,hong_kong_hang_seng_zijin_mining_lag_1,35.0
10,6,2025-01-31,gold_usd_per_troy_ounce_lag_1,76.0
10,6,2025-02-28,origin_usa_nasdaq_composite,101.0
10,6,2025-02-28,origin_uk_ftse100_antofagasta,11.0
10,6,2025-02-28,gold_usd_per_troy_ounce_lag_6,129.0
10,6,2025-02-28,iron_ore_usd_per_dmtu_lag_3,53.0
10,6,2025-02-28,origin_south_korea_kospi,109.0
10,6,2025-02-28,iron_ore_usd_per_dmtu_lag_1,67.0
10,6,2025-02-28,gold_usd_per_troy_ounce_lag_3,135.0
10,6,2025-02-28,origin_turkey_bist100,114.0
10,6,2025-02-28,usa_sp500_southern_copper_lag_1,94.0
10,6,2025-02-28,origin_canada_tsx_composite_lundin_mining,108.0
10,6,2025-02-28,china_refined_copper_production_ton_lag_6,110.0
10,6,2025-02-28,turkey_eur_try_monthly_average_lag_1,116.0
10,6,2025-02-28,origin_japan_nikkei225,155.0
10,6,2025-02-28,silver_usd_per_troy_ounce_lag_3,96.0
10,6,2025-02-28,origin_germany_dax,21.0
10,6,2025-02-28,origin_hong_kong_hang_seng_zijin_mining,40.0
10,6,2025-02-28,uk_ftse100_antofagasta_lag_3,94.0
10,6,2025-02-28,gold_usd_per_troy_ounce_lag_12,146.0
10,6,2025-02-28,hong_kong_hang_seng_zijin_mining_lag_1,41.0
10,6,2025-02-28,gold_usd_per_troy_ounce_lag_1,49.0
10,6,2025-03-31,origin_usa_nasdaq_composite,150.0
10,6,2025-03-31,origin_uk_ftse100_antofagasta,31.0
10,6,2025-03-31,gold_usd_per_troy_ounce_lag_6,107.0
10,6,2025-03-31,iron_ore_usd_per_dmtu_lag_3,48.0
10,6,2025-03-31,gold_usd_per_troy_ounce_lag_3,95.0
10,6,2025-03-31,china_refined_copper_production_ton_lag_6,126.0
10,6,2025-03-31,usa_sp500_southern_copper_lag_1,73.0
10,6,2025-03-31,origin_south_korea_kospi,118.0
10,6,2025-03-31,origin_turkey_bist100,62.0
10,6,2025-03-31,canada_tsx_composite_lundin_mining_lag_1,98.0
10,6,2025-03-31,iron_ore_usd_per_dmtu_lag_1,44.0
10,6,2025-03-31,turkey_eur_try_monthly_average_lag_1,100.0
10,6,2025-03-31,silver_usd_per_troy_ounce_lag_3,119.0
10,6,2025-03-31,origin_japan_nikkei225,110.0
10,6,2025-03-31,origin_germany_dax,71.0
10,6,2025-03-31,uk_ftse100_antofagasta_lag_3,80.0
10,6,2025-03-31,origin_hong_kong_hang_seng_zijin_mining,39.0
10,6,2025-03-31,gold_usd_per_troy_ounce_lag_12,115.0
10,6,2025-03-31,canada_tsx_composite_lundin_mining_lag_3,104.0
10,6,2025-03-31,gold_usd_per_troy_ounce_lag_1,64.0
10,6,2025-04-30,origin_usa_nasdaq_composite,72.0
10,6,2025-04-30,gold_usd_per_troy_ounce_lag_6,93.0
10,6,2025-04-30,origin_uk_ftse100_antofagasta,20.0
10,6,2025-04-30,iron_ore_usd_per_dmtu_lag_3,65.0
10,6,2025-04-30,gold_usd_per_troy_ounce_lag_3,116.0
10,6,2025-04-30,china_refined_copper_production_ton_lag_6,134.0
10,6,2025-04-30,origin_south_korea_kospi,123.0
10,6,2025-04-30,silver_usd_per_troy_ounce_lag_3,95.0
10,6,2025-04-30,usa_sp500_southern_copper_lag_1,101.0
10,6,2025-04-30,origin_turkey_bist100,79.0
10,6,2025-04-30,origin_japan_nikkei225,108.0
10,6,2025-04-30,canada_tsx_composite_lundin_mining_lag_1,111.0
10,6,2025-04-30,turkey_eur_try_monthly_average_lag_1,93.0
10,6,2025-04-30,uk_ftse100_antofagasta_lag_3,121.0
10,6,2025-04-30,iron_ore_usd_per_dmtu_lag_1,34.0
10,6,2025-04-30,canada_tsx_composite_lundin_mining_lag_3,91.0
10,6,2025-04-30,gold_usd_per_troy_ounce_lag_12,157.0
10,6,2025-04-30,origin_hong_kong_hang_seng_zijin_mining,33.0
10,6,2025-04-30,silver_usd_per_troy_ounce_lag_1,114.0
10,6,2025-04-30,gold_usd_per_troy_ounce_lag_1,31.0
10,6,2025-05-31,origin_usa_nasdaq_composite,129.0
10,6,2025-05-31,gold_usd_per_troy_ounce_lag_6,97.0
10,6,2025-05-31,origin_uk_ftse100_antofagasta,9.0
10,6,2025-05-31,gold_usd_per_troy_ounce_lag_3,80.0
10,6,2025-05-31,silver_usd_per_troy_ounce_lag_3,120.0
10,6,2025-05-31,china_refined_copper_production_ton_lag_6,126.0
10,6,2025-05-31,iron_ore_usd_per_dmtu_lag_3,73.0
10,6,2025-05-31,origin_japan_nikkei225,125.0
10,6,2025-05-31,origin_south_korea_kospi,124.0
10,6,2025-05-31,usa_sp500_southern_copper_lag_1,77.0
10,6,2025-05-31,origin_turkey_bist100,75.0
10,6,2025-05-31,canada_tsx_composite_lundin_mining_lag_1,117.0
10,6,2025-05-31,uk_ftse100_antofagasta_lag_3,111.0
10,6,2025-05-31,turkey_eur_try_monthly_average_lag_1,74.0
10,6,2025-05-31,origin_hong_kong_hang_seng_zijin_mining,40.0
10,6,2025-05-31,gold_usd_per_troy_ounce_lag_12,156.0
10,6,2025-05-31,canada_tsx_composite_lundin_mining_lag_3,86.0
10,6,2025-05-31,iron_ore_usd_per_dmtu_lag_1,42.0
10,6,2025-05-31,silver_usd_per_troy_ounce_lag_1,81.0
10,6,2025-05-31,germany_dax_lag_1,45.0
10,6,2025-06-30,origin_usa_nasdaq_composite,166.0
10,6,2025-06-30,gold_usd_per_troy_ounce_lag_6,102.0
10,6,2025-06-30,origin_uk_ftse100_antofagasta,15.0
10,6,2025-06-30,silver_usd_per_troy_ounce_lag_3,91.0
10,6,2025-06-30,gold_usd_per_troy_ounce_lag_3,64.0
10,6,2025-06-30,china_refined_copper_production_ton_lag_6,154.0
10,6,2025-06-30,origin_japan_nikkei225,94.0
10,6,2025-06-30,usa_sp500_southern_copper_lag_1,88.0
10,6,2025-06-30,origin_turkey_bist100,49.0
10,6,2025-06-30,uk_ftse100_antofagasta_lag_3,57.0
10,6,2025-06-30,origin_hong_kong_hang_seng_zijin_mining,44.0
10,6,2025-06-30,origin_canada_tsx_composite_lundin_mining,140.0
10,6,2025-06-30,gold_usd_per_troy_ounce_lag_12,123.0
10,6,2025-06-30,origin_south_korea_kospi,120.0
10,6,2025-06-30,turkey_eur_try_monthly_average_lag_1,69.0
10,6,2025-06-30,iron_ore_usd_per_dmtu_lag_3,50.0
10,6,2025-06-30,silver_usd_per_troy_ounce_lag_1,146.0
10,6,2025-06-30,canada_tsx_composite_lundin_mining_lag_3,77.0
10,6,2025-06-30,germany_dax_lag_1,32.0
10,6,2025-06-30,origin_copper_price_usd_per_ton,53.0
10,6,2025-07-31,origin_usa_nasdaq_composite,99.0
10,6,2025-07-31,gold_usd_per_troy_ounce_lag_6,95.0
10,6,2025-07-31,silver_usd_per_troy_ounce_lag_3,102.0
10,6,2025-07-31,origin_uk_ftse100_antofagasta,18.0
10,6,2025-07-31,china_refined_copper_production_ton_lag_6,138.0
10,6,2025-07-31,gold_usd_per_troy_ounce_lag_3,112.0
10,6,2025-07-31,origin_japan_nikkei225,90.0
10,6,2025-07-31,origin_hong_kong_hang_seng_zijin_mining,42.0
10,6,2025-07-31,usa_sp500_southern_copper_lag_1,101.0
10,6,2025-07-31,silver_usd_per_troy_ounce_lag_1,129.0
10,6,2025-07-31,gold_usd_per_troy_ounce_lag_12,150.0
10,6,2025-07-31,uk_ftse100_antofagasta_lag_3,90.0
10,6,2025-07-31,origin_turkey_bist100,65.0
10,6,2025-07-31,canada_tsx_composite_lundin_mining_lag_1,111.0
10,6,2025-07-31,turkey_eur_try_monthly_average_lag_1,84.0
10,6,2025-07-31,germany_dax_lag_1,38.0
10,6,2025-07-31,canada_tsx_composite_lundin_mining_lag_3,99.0
10,6,2025-07-31,origin_south_korea_kospi,122.0
10,6,2025-07-31,iron_ore_usd_per_dmtu_lag_3,52.0
10,6,2025-07-31,origin_copper_price_usd_per_ton,70.0
10,6,2025-08-31,origin_usa_nasdaq_composite,165.0
10,6,2025-08-31,gold_usd_per_troy_ounce_lag_6,97.0
10,6,2025-08-31,silver_usd_per_troy_ounce_lag_3,81.0
10,6,2025-08-31,origin_uk_ftse100_antofagasta,9.0
10,6,2025-08-31,china_refined_copper_production_ton_lag_6,139.0
10,6,2025-08-31,gold_usd_per_troy_ounce_lag_3,58.0
10,6,2025-08-31,origin_germany_dax,57.0
10,6,2025-08-31,silver_usd_per_troy_ounce_lag_1,90.0
10,6,2025-08-31,gold_usd_per_troy_ounce_lag_12,148.0
10,6,2025-08-31,usa_sp500_southern_copper_lag_1,46.0
10,6,2025-08-31,uk_ftse100_antofagasta_lag_3,101.0
10,6,2025-08-31,hong_kong_hang_seng_zijin_mining_lag_1,51.0
10,6,2025-08-31,japan_nikkei225_lag_1,48.0
10,6,2025-08-31,origin_turkey_bist100,82.0
10,6,2025-08-31,canada_tsx_composite_lundin_mining_lag_1,116.0
10,6,2025-08-31,canada_tsx_composite_lundin_mining_lag_3,70.0
10,6,2025-08-31,hong_kong_hang_seng_zijin_mining_lag_3,49.0
10,6,2025-08-31,turkey_eur_try_monthly_average_lag_1,63.0
10,6,2025-08-31,origin_south_korea_kospi,138.0
10,6,2025-08-31,origin_canada_tsx_composite_capstone_copper,128.0
10,6,2025-09-30,origin_usa_nasdaq_composite,142.0
10,6,2025-09-30,gold_usd_per_troy_ounce_lag_6,105.0
10,6,2025-09-30,silver_usd_per_troy_ounce_lag_3,139.0
10,6,2025-09-30,origin_uk_ftse100_antofagasta,34.0
10,6,2025-09-30,china_refined_copper_production_ton_lag_6,163.0
10,6,2025-09-30,gold_usd_per_troy_ounce_lag_3,57.0
10,6,2025-09-30,gold_usd_per_troy_ounce_lag_12,97.0
10,6,2025-09-30,origin_germany_dax,102.0
10,6,2025-09-30,silver_usd_per_troy_ounce_lag_1,95.0
10,6,2025-09-30,japan_nikkei225_lag_1,53.0
10,6,2025-09-30,uk_ftse100_antofagasta_lag_3,60.0
10,6,2025-09-30,usa_sp500_southern_copper_lag_1,67.0
10,6,2025-09-30,hong_kong_hang_seng_zijin_mining_lag_3,49.0
10,6,2025-09-30,hong_kong_hang_seng_zijin_mining_lag_1,52.0
10,6,2025-09-30,silver_usd_per_troy_ounce_lag_6,84.0
10,6,2025-09-30,origin_turkey_bist100,85.0
10,6,2025-09-30,canada_tsx_composite_lundin_mining_lag_1,116.0
10,6,2025-09-30,canada_tsx_composite_lundin_mining_lag_3,80.0
10,6,2025-09-30,origin_canada_tsx_composite_capstone_copper,118.0
10,6,2025-09-30,turkey_eur_try_monthly_average_lag_1,46.0
10,6,2025-10-31,origin_usa_nasdaq_composite,76.0
10,6,2025-10-31,gold_usd_per_troy_ounce_lag_6,119.0
10,6,2025-10-31,silver_usd_per_troy_ounce_lag_3,145.0
10,6,2025-10-31,origin_uk_ftse100_antofagasta,50.0
10,6,2025-10-31,gold_usd_per_troy_ounce_lag_3,80.0
10,6,2025-10-31,gold_usd_per_troy_ounce_lag_12,154.0
10,6,2025-10-31,china_refined_copper_production_ton_lag_6,148.0
10,6,2025-10-31,silver_usd_per_troy_ounce_lag_1,75.0
10,6,2025-10-31,origin_germany_dax,75.0
10,6,2025-10-31,japan_nikkei225_lag_1,50.0
10,6,2025-10-31,hong_kong_hang_seng_zijin_mining_lag_3,21.0
10,6,2025-10-31,uk_ftse100_antofagasta_lag_3,24.0
10,6,2025-10-31,silver_usd_per_troy_ounce_lag_6,55.0
10,6,2025-10-31,usa_sp500_southern_copper_lag_1,111.0
10,6,2025-10-31,hong_kong_hang_seng_zijin_mining_lag_1,61.0
10,6,2025-10-31,origin_turkey_bist100,92.0
10,6,2025-10-31,canada_tsx_composite_lundin_mining_lag_3,100.0
10,6,2025-10-31,canada_tsx_composite_lundin_mining_lag_1,121.0
10,6,2025-10-31,turkey_usd_try_monthly_average_lag_1,67.0
10,6,2025-10-31,origin_canada_tsx_composite_capstone_copper,112.0
10,6,2025-11-30,gold_usd_per_troy_ounce_lag_6,101.0
10,6,2025-11-30,origin_usa_nasdaq_composite,110.0
10,6,2025-11-30,silver_usd_per_troy_ounce_lag_3,142.0
10,6,2025-11-30,gold_usd_per_troy_ounce_lag_12,135.0
10,6,2025-11-30,origin_uk_ftse100_antofagasta,42.0
10,6,2025-11-30,gold_usd_per_troy_ounce_lag_3,40.0
10,6,2025-11-30,china_refined_copper_production_ton_lag_6,142.0
10,6,2025-11-30,silver_usd_per_troy_ounce_lag_1,82.0
10,6,2025-11-30,origin_germany_dax,84.0
10,6,2025-11-30,silver_usd_per_troy_ounce_lag_6,75.0
10,6,2025-11-30,japan_nikkei225_lag_1,37.0
10,6,2025-11-30,hong_kong_hang_seng_zijin_mining_lag_3,54.0
10,6,2025-11-30,uk_ftse100_antofagasta_lag_3,38.0
10,6,2025-11-30,origin_hong_kong_hang_seng_zijin_mining,25.0
10,6,2025-11-30,usa_sp500_southern_copper_lag_1,126.0
10,6,2025-11-30,origin_shfe_close_cny_per_ton,128.0
10,6,2025-11-30,origin_turkey_bist100,85.0
10,6,2025-11-30,usd_inr_lag_12,100.0
10,6,2025-11-30,turkey_usd_try_monthly_average_lag_1,56.0
10,6,2025-11-30,canada_tsx_composite_lundin_mining_lag_3,110.0
10,6,2025-12-31,gold_usd_per_troy_ounce_lag_6,124.0
10,6,2025-12-31,origin_usa_nasdaq_composite,98.0
10,6,2025-12-31,silver_usd_per_troy_ounce_lag_3,90.0
10,6,2025-12-31,gold_usd_per_troy_ounce_lag_12,117.0
10,6,2025-12-31,silver_usd_per_troy_ounce_lag_6,78.0
10,6,2025-12-31,gold_usd_per_troy_ounce_lag_3,33.0
10,6,2025-12-31,silver_usd_per_troy_ounce_lag_1,65.0
10,6,2025-12-31,origin_uk_ftse100_antofagasta,8.0
10,6,2025-12-31,china_refined_copper_production_ton_lag_6,171.0
10,6,2025-12-31,origin_germany_dax,112.0
10,6,2025-12-31,japan_nikkei225_lag_1,42.0
10,6,2025-12-31,hong_kong_hang_seng_zijin_mining_lag_3,51.0
10,6,2025-12-31,uk_ftse100_antofagasta_lag_3,50.0
10,6,2025-12-31,usd_inr_lag_12,110.0
10,6,2025-12-31,origin_shfe_close_cny_per_ton,93.0
10,6,2025-12-31,origin_hong_kong_hang_seng_zijin_mining,55.0
10,6,2025-12-31,usa_sp500_southern_copper_lag_1,70.0
10,6,2025-12-31,origin_turkey_bist100,104.0
10,6,2025-12-31,turkey_usd_try_monthly_average_lag_1,58.0
10,6,2025-12-31,origin_canada_tsx_composite_capstone_copper,162.0
10,6,2026-01-31,gold_usd_per_troy_ounce_lag_6,136.0
10,6,2026-01-31,origin_usa_nasdaq_composite,60.0
10,6,2026-01-31,silver_usd_per_troy_ounce_lag_3,78.0
10,6,2026-01-31,gold_usd_per_troy_ounce_lag_12,219.0
10,6,2026-01-31,silver_usd_per_troy_ounce_lag_6,65.0
10,6,2026-01-31,silver_usd_per_troy_ounce_lag_1,53.0
10,6,2026-01-31,gold_usd_per_troy_ounce_lag_3,54.0
10,6,2026-01-31,origin_germany_dax,84.0
10,6,2026-01-31,origin_uk_ftse100_antofagasta,10.0
10,6,2026-01-31,japan_nikkei225_lag_1,77.0
10,6,2026-01-31,china_refined_copper_production_ton_lag_6,163.0
10,6,2026-01-31,usd_inr_lag_12,130.0
10,6,2026-01-31,origin_shfe_close_cny_per_ton,57.0
10,6,2026-01-31,hong_kong_hang_seng_zijin_mining_lag_3,21.0
10,6,2026-01-31,origin_hong_kong_hang_seng_zijin_mining,45.0
10,6,2026-01-31,uk_ftse100_antofagasta_lag_3,66.0
10,6,2026-01-31,usa_sp500_southern_copper_lag_1,62.0
10,6,2026-01-31,origin_turkey_bist100,93.0
10,6,2026-01-31,turkey_usd_try_monthly_average_lag_1,81.0
10,6,2026-01-31,origin_canada_tsx_composite_capstone_copper,129.0
10,6,2026-02-28,silver_usd_per_troy_ounce_lag_3,120.0
10,6,2026-02-28,gold_usd_per_troy_ounce_lag_6,91.0
10,6,2026-02-28,origin_usa_nasdaq_composite,119.0
10,6,2026-02-28,gold_usd_per_troy_ounce_lag_12,143.0
10,6,2026-02-28,silver_usd_per_troy_ounce_lag_6,88.0
10,6,2026-02-28,silver_usd_per_troy_ounce_lag_1,47.0
10,6,2026-02-28,gold_usd_per_troy_ounce_lag_3,82.0
10,6,2026-02-28,origin_germany_dax,48.0
10,6,2026-02-28,origin_uk_ftse100_antofagasta,14.0
10,6,2026-02-28,japan_nikkei225_lag_1,46.0
10,6,2026-02-28,usd_inr_lag_12,172.0
10,6,2026-02-28,origin_shfe_close_cny_per_ton,65.0
10,6,2026-02-28,hong_kong_hang_seng_zijin_mining_lag_3,2.0
10,6,2026-02-28,china_refined_copper_production_ton_lag_6,173.0
10,6,2026-02-28,origin_hong_kong_hang_seng_zijin_mining,43.0
10,6,2026-02-28,uk_ftse100_antofagasta_lag_3,129.0
10,6,2026-02-28,usa_sp500_southern_copper_lag_1,31.0
10,6,2026-02-28,origin_turkey_bist100,85.0
10,6,2026-02-28,turkey_usd_try_monthly_average_lag_1,54.0
10,6,2026-02-28,japan_industrial_production_lag_12,121.0
10,12,2025-01-31,gold_usd_per_troy_ounce_lag_1,47.0
10,12,2025-01-31,gold_usd_per_troy_ounce_lag_3,41.0
10,12,2025-01-31,china_refined_copper_production_ton_lag_1,116.0
10,12,2025-01-31,gold_usd_per_troy_ounce_lag_6,116.0
10,12,2025-01-31,china_refined_copper_production_ton_lag_3,115.0
10,12,2025-01-31,turkey_cpi_index_lag_1,154.0
10,12,2025-01-31,origin_usa_nasdaq_composite,73.0
10,12,2025-01-31,usd_inr_lag_6,168.0
10,12,2025-01-31,usd_inr_lag_12,74.0
10,12,2025-01-31,iron_ore_usd_per_dmtu_lag_1,71.0
10,12,2025-01-31,lead_stock_ton_lag_12,85.0
10,12,2025-01-31,usd_inr_lag_3,17.0
10,12,2025-01-31,japan_industrial_production_lag_3,154.0
10,12,2025-01-31,nickel_stock_ton_lag_12,30.0
10,12,2025-01-31,silver_usd_per_troy_ounce_lag_1,83.0
10,12,2025-01-31,japan_industrial_production_lag_6,75.0
10,12,2025-01-31,peru_industrial_electricity_tariff_index_lag_3,81.0
10,12,2025-01-31,origin_hong_kong_hang_seng_zijin_mining,44.0
10,12,2025-01-31,iron_ore_usd_per_dmtu_lag_3,86.0
10,12,2025-01-31,china_refined_copper_production_ton_lag_6,128.0
10,12,2025-02-28,gold_usd_per_troy_ounce_lag_1,25.0
10,12,2025-02-28,gold_usd_per_troy_ounce_lag_3,36.0
10,12,2025-02-28,china_refined_copper_production_ton_lag_1,123.0
10,12,2025-02-28,gold_usd_per_troy_ounce_lag_6,104.0
10,12,2025-02-28,china_refined_copper_production_ton_lag_3,118.0
10,12,2025-02-28,turkey_cpi_index_lag_1,110.0
10,12,2025-02-28,origin_usa_nasdaq_composite,64.0
10,12,2025-02-28,usd_inr_lag_6,140.0
10,12,2025-02-28,usd_inr_lag_12,71.0
10,12,2025-02-28,iron_ore_usd_per_dmtu_lag_1,63.0
10,12,2025-02-28,lead_stock_ton_lag_12,100.0
10,12,2025-02-28,usd_inr_lag_3,31.0
10,12,2025-02-28,japan_industrial_production_lag_3,170.0
10,12,2025-02-28,nickel_stock_ton_lag_12,35.0
10,12,2025-02-28,japan_industrial_production_lag_6,89.0
10,12,2025-02-28,silver_usd_per_troy_ounce_lag_1,73.0
10,12,2025-02-28,peru_industrial_electricity_tariff_index_lag_3,110.0
10,12,2025-02-28,china_refined_copper_production_ton_lag_6,146.0
10,12,2025-02-28,iron_ore_usd_per_dmtu_lag_3,104.0
10,12,2025-02-28,origin_hong_kong_hang_seng_zijin_mining,70.0
10,12,2025-03-31,gold_usd_per_troy_ounce_lag_1,31.0
10,12,2025-03-31,gold_usd_per_troy_ounce_lag_3,29.0
10,12,2025-03-31,china_refined_copper_production_ton_lag_1,127.0
10,12,2025-03-31,gold_usd_per_troy_ounce_lag_6,111.0
10,12,2025-03-31,china_refined_copper_production_ton_lag_3,115.0
10,12,2025-03-31,turkey_cpi_index_lag_1,74.0
10,12,2025-03-31,usd_inr_lag_6,170.0
10,12,2025-03-31,origin_usa_nasdaq_composite,48.0
10,12,2025-03-31,usd_inr_lag_12,101.0
10,12,2025-03-31,lead_stock_ton_lag_12,79.0
10,12,2025-03-31,iron_ore_usd_per_dmtu_lag_1,95.0
10,12,2025-03-31,usd_inr_lag_3,62.0
10,12,2025-03-31,japan_industrial_production_lag_3,187.0
10,12,2025-03-31,silver_usd_per_troy_ounce_lag_1,81.0
10,12,2025-03-31,nickel_stock_ton_lag_12,42.0
10,12,2025-03-31,japan_industrial_production_lag_6,88.0
10,12,2025-03-31,china_refined_copper_production_ton_lag_6,161.0
10,12,2025-03-31,peru_industrial_electricity_tariff_index_lag_3,88.0
10,12,2025-03-31,iron_ore_usd_per_dmtu_lag_3,138.0
10,12,2025-03-31,japan_cpi_lag_12,41.0
10,12,2025-04-30,gold_usd_per_troy_ounce_lag_1,44.0
10,12,2025-04-30,gold_usd_per_troy_ounce_lag_3,66.0
10,12,2025-04-30,china_refined_copper_production_ton_lag_1,114.0
10,12,2025-04-30,gold_usd_per_troy_ounce_lag_6,105.0
10,12,2025-04-30,china_refined_copper_production_ton_lag_3,128.0
10,12,2025-04-30,turkey_ppi_metal_ores_index_lag_3,61.0
10,12,2025-04-30,usd_inr_lag_6,171.0
10,12,2025-04-30,lead_stock_ton_lag_12,89.0
10,12,2025-04-30,usd_inr_lag_12,103.0
10,12,2025-04-30,origin_usa_nasdaq_composite,121.0
10,12,2025-04-30,usd_inr_lag_3,45.0
10,12,2025-04-30,japan_industrial_production_lag_3,145.0
10,12,2025-04-30,iron_ore_usd_per_dmtu_lag_1,42.0
10,12,2025-04-30,silver_usd_per_troy_ounce_lag_1,90.0
10,12,2025-04-30,japan_industrial_production_lag_6,84.0
10,12,2025-04-30,nickel_stock_ton_lag_12,43.0
10,12,2025-04-30,china_refined_copper_production_ton_lag_6,132.0
10,12,2025-04-30,japan_cpi_lag_12,60.0
10,12,2025-04-30,peru_industrial_electricity_tariff_index_lag_3,82.0
10,12,2025-04-30,iron_ore_usd_per_dmtu_lag_3,71.0
10,12,2025-05-31,gold_usd_per_troy_ounce_lag_3,54.0
10,12,2025-05-31,gold_usd_per_troy_ounce_lag_1,47.0
10,12,2025-05-31,china_refined_copper_production_ton_lag_1,152.0
10,12,2025-05-31,gold_usd_per_troy_ounce_lag_6,81.0
10,12,2025-05-31,china_refined_copper_production_ton_lag_3,161.0
10,12,2025-05-31,usd_inr_lag_6,104.0
10,12,2025-05-31,turkey_ppi_metal_ores_index_lag_3,61.0
10,12,2025-05-31,lead_stock_ton_lag_12,91.0
10,12,2025-05-31,usd_inr_lag_12,123.0
10,12,2025-05-31,japan_industrial_production_lag_3,145.0
10,12,2025-05-31,origin_usa_nasdaq_composite,69.0
10,12,2025-05-31,japan_industrial_production_lag_6,75.0
10,12,2025-05-31,silver_usd_per_troy_ounce_lag_1,73.0
10,12,2025-05-31,nickel_stock_ton_lag_12,44.0
10,12,2025-05-31,usd_inr_lag_3,93.0
10,12,2025-05-31,iron_ore_usd_per_dmtu_lag_1,93.0
10,12,2025-05-31,china_refined_copper_production_ton_lag_6,137.0
10,12,2025-05-31,japan_industrial_production_lag_1,113.0
10,12,2025-05-31,japan_cpi_lag_12,67.0
10,12,2025-05-31,iron_ore_usd_per_dmtu_lag_3,78.0
10,12,2025-06-30,gold_usd_per_troy_ounce_lag_3,57.0
10,12,2025-06-30,gold_usd_per_troy_ounce_lag_1,40.0
10,12,2025-06-30,china_refined_copper_production_ton_lag_1,141.0
10,12,2025-06-30,gold_usd_per_troy_ounce_lag_6,61.0
10,12,2025-06-30,china_refined_copper_production_ton_lag_3,124.0
10,12,2025-06-30,usd_inr_lag_6,116.0
10,12,2025-06-30,japan_industrial_production_lag_3,149.0
10,12,2025-06-30,lead_stock_ton_lag_12,106.0
10,12,2025-06-30,usd_inr_lag_12,125.0
10,12,2025-06-30,turkey_ppi_metal_ores_index_lag_3,54.0
10,12,2025-06-30,silver_usd_per_troy_ounce_lag_1,107.0
10,12,2025-06-30,nickel_stock_ton_lag_12,30.0
10,12,2025-06-30,japan_industrial_production_lag_6,82.0
10,12,2025-06-30,origin_usa_nasdaq_composite,35.0
10,12,2025-06-30,japan_industrial_production_lag_1,118.0
10,12,2025-06-30,china_refined_copper_production_ton_lag_6,121.0
10,12,2025-06-30,usd_inr_lag_3,74.0
10,12,2025-06-30,japan_cpi_lag_12,97.0
10,12,2025-06-30,origin_hong_kong_hang_seng_zijin_mining,58.0
10,12,2025-06-30,iron_ore_usd_per_dmtu_lag_1,56.0
10,12,2025-07-31,gold_usd_per_troy_ounce_lag_3,38.0
10,12,2025-07-31,gold_usd_per_troy_ounce_lag_1,48.0
10,12,2025-07-31,gold_usd_per_troy_ounce_lag_6,77.0
10,12,2025-07-31,china_refined_copper_production_ton_lag_1,179.0
10,12,2025-07-31,china_refined_copper_production_ton_lag_3,155.0
10,12,2025-07-31,japan_industrial_production_lag_3,138.0
10,12,2025-07-31,usd_inr_lag_6,94.0
10,12,2025-07-31,usd_inr_lag_12,103.0
10,12,2025-07-31,silver_usd_per_troy_ounce_lag_1,119.0
10,12,2025-07-31,lead_stock_ton_lag_12,96.0
10,12,2025-07-31,japan_industrial_production_lag_1,104.0
10,12,2025-07-31,nickel_stock_ton_lag_12,46.0
10,12,2025-07-31,japan_industrial_production_lag_6,69.0
10,12,2025-07-31,turkey_ppi_metal_ores_index_lag_3,77.0
10,12,2025-07-31,origin_usa_nasdaq_composite,72.0
10,12,2025-07-31,japan_cpi_lag_12,80.0
10,12,2025-07-31,china_refined_copper_production_ton_lag_6,118.0
10,12,2025-07-31,origin_hong_kong_hang_seng_zijin_mining,53.0
10,12,2025-07-31,usd_inr_lag_3,55.0
10,12,2025-07-31,iron_ore_usd_per_dmtu_lag_1,63.0
10,12,2025-08-31,gold_usd_per_troy_ounce_lag_3,31.0
10,12,2025-08-31,gold_usd_per_troy_ounce_lag_1,35.0
10,12,2025-08-31,gold_usd_per_troy_ounce_lag_6,54.0
10,12,2025-08-31,china_refined_copper_production_ton_lag_1,170.0
10,12,2025-08-31,japan_industrial_production_lag_3,161.0
10,12,2025-08-31,china_refined_copper_production_ton_lag_3,93.0
10,12,2025-08-31,usd_inr_lag_6,88.0
10,12,2025-08-31,japan_industrial_production_lag_1,137.0
10,12,2025-08-31,usd_inr_lag_12,73.0
10,12,2025-08-31,silver_usd_per_troy_ounce_lag_1,64.0
10,12,2025-08-31,nickel_stock_ton_lag_12,32.0
10,12,2025-08-31,japan_industrial_production_lag_6,79.0
10,12,2025-08-31,lead_stock_ton_lag_12,139.0
10,12,2025-08-31,japan_cpi_lag_12,85.0
10,12,2025-08-31,turkey_ppi_metal_ores_index_lag_3,47.0
10,12,2025-08-31,origin_usa_nasdaq_composite,65.0
10,12,2025-08-31,china_refined_copper_production_ton_lag_6,94.0
10,12,2025-08-31,origin_hong_kong_hang_seng_zijin_mining,28.0
10,12,2025-08-31,usd_inr_lag_3,74.0
10,12,2025-08-31,dollar_index_lag_12,171.0
