model,training_window_years,horizon,origin_date,feature,importance
lightgbm_return,5,1,2025-01-31,us_industrial_production_lag_1,17.0
lightgbm_return,5,1,2025-01-31,uk_ftse100_pct_change_12m,44.0
lightgbm_return,5,1,2025-01-31,china_fixed_asset_investment_yoy_pct_lag_3,1.0
lightgbm_return,5,1,2025-01-31,australia_asx200_pct_change_12m,1.0
lightgbm_return,5,1,2025-01-31,uk_ftse100_lag_1,12.0
lightgbm_return,5,1,2025-01-31,shfe_open_interest_lots_lag_3,23.0
lightgbm_return,5,1,2025-01-31,china_fixed_asset_investment_yoy_pct_change_1m,41.0
lightgbm_return,5,1,2025-01-31,shfe_open_interest_lots_lag_1,17.0
lightgbm_return,5,1,2025-01-31,target_rolling_mean_3,6.0
lightgbm_return,5,1,2025-01-31,euro_area_construction_output_pct_change_12m,18.0
lightgbm_return,5,1,2025-01-31,aluminum_stock_ton_pct_change_1m,38.0
lightgbm_return,5,1,2025-01-31,aluminum_cash_usd_per_ton_lag_1,18.0
lightgbm_return,5,1,2025-02-28,uk_ftse100_pct_change_12m,24.0
lightgbm_return,5,1,2025-02-28,china_fixed_asset_investment_yoy_pct_lag_3,5.0
lightgbm_return,5,1,2025-02-28,china_fixed_asset_investment_yoy_pct_change_1m,24.0
lightgbm_return,5,1,2025-02-28,us_industrial_production_lag_1,6.0
lightgbm_return,5,1,2025-02-28,target_rolling_mean_3,3.0
lightgbm_return,5,1,2025-02-28,peru_industrial_electricity_tariff_index_lag_6,28.0
lightgbm_return,5,1,2025-02-28,target_lag_1,27.0
lightgbm_return,5,1,2025-02-28,usa_sp500_freeport_mcmoran_lag_1,30.0
lightgbm_return,5,1,2025-02-28,aluminum_stock_ton_pct_change_1m,40.0
lightgbm_return,5,1,2025-02-28,euro_area_construction_output_pct_change_12m,30.0
lightgbm_return,5,1,2025-02-28,germany_dax_aurubis_lag_1,8.0
lightgbm_return,5,1,2025-02-28,aluminum_cash_usd_per_ton_lag_1,13.0
lightgbm_return,5,1,2025-03-31,peru_industrial_electricity_tariff_index_lag_6,31.0
lightgbm_return,5,1,2025-03-31,target_lag_1,31.0
lightgbm_return,5,1,2025-03-31,usa_sp500_freeport_mcmoran_lag_1,16.0
lightgbm_return,5,1,2025-03-31,target_rolling_mean_3,0.0
lightgbm_return,5,1,2025-03-31,turkey_capacity_machinery_percent_lag_1,1.0
lightgbm_return,5,1,2025-03-31,germany_dax_aurubis_lag_1,13.0
lightgbm_return,5,1,2025-03-31,china_fixed_asset_investment_yoy_pct_lag_3,25.0
lightgbm_return,5,1,2025-03-31,canada_tsx_composite_first_quantum_minerals_lag_3,53.0
lightgbm_return,5,1,2025-03-31,lead_cash_usd_per_ton_lag_1,8.0
lightgbm_return,5,1,2025-03-31,origin_germany_dax_aurubis,15.0
lightgbm_return,5,1,2025-03-31,china_fixed_asset_investment_yoy_pct_change_1m,29.0
lightgbm_return,5,1,2025-03-31,tin_cash_usd_per_ton_lag_3,14.0
lightgbm_return,5,1,2025-04-30,peru_industrial_electricity_tariff_index_lag_6,39.0
lightgbm_return,5,1,2025-04-30,target_lag_1,28.0
lightgbm_return,5,1,2025-04-30,germany_dax_aurubis_lag_1,30.0
lightgbm_return,5,1,2025-04-30,target_rolling_mean_3,12.0
lightgbm_return,5,1,2025-04-30,origin_germany_dax_aurubis,15.0
lightgbm_return,5,1,2025-04-30,usa_sp500_freeport_mcmoran_lag_1,28.0
lightgbm_return,5,1,2025-04-30,origin_shfe_pre_settlement_cny_per_ton,22.0
lightgbm_return,5,1,2025-04-30,aluminum_cash_usd_per_ton_lag_1,21.0
lightgbm_return,5,1,2025-04-30,shfe_settlement_cny_per_ton_lag_1,22.0
lightgbm_return,5,1,2025-04-30,origin_copper_price_usd_per_ton,11.0
lightgbm_return,5,1,2025-04-30,origin_usa_sp500_freeport_mcmoran,3.0
lightgbm_return,5,1,2025-04-30,target_rolling_mean_6,11.0
lightgbm_return,5,1,2025-05-31,peru_industrial_electricity_tariff_index_lag_6,32.0
lightgbm_return,5,1,2025-05-31,target_lag_1,34.0
lightgbm_return,5,1,2025-05-31,origin_germany_dax_aurubis,15.0
lightgbm_return,5,1,2025-05-31,usa_sp500_freeport_mcmoran_lag_1,19.0
lightgbm_return,5,1,2025-05-31,germany_dax_aurubis_lag_1,0.0
lightgbm_return,5,1,2025-05-31,target_rolling_mean_3,5.0
lightgbm_return,5,1,2025-05-31,origin_usa_sp500_freeport_mcmoran,21.0
lightgbm_return,5,1,2025-05-31,origin_copper_price_usd_per_ton,46.0
lightgbm_return,5,1,2025-05-31,turkey_capacity_machinery_percent_lag_1,6.0
lightgbm_return,5,1,2025-05-31,origin_shfe_pre_settlement_cny_per_ton,5.0
lightgbm_return,5,1,2025-05-31,aluminum_cash_usd_per_ton_lag_1,17.0
lightgbm_return,5,1,2025-05-31,canada_tsx_composite_first_quantum_minerals_lag_3,34.0
lightgbm_return,5,1,2025-06-30,peru_industrial_electricity_tariff_index_lag_6,34.0
lightgbm_return,5,1,2025-06-30,usa_sp500_freeport_mcmoran_lag_1,33.0
lightgbm_return,5,1,2025-06-30,target_lag_1,85.0
lightgbm_return,5,1,2025-06-30,origin_germany_dax_aurubis,32.0
lightgbm_return,5,1,2025-06-30,germany_dax_aurubis_lag_1,24.0
lightgbm_return,5,1,2025-06-30,origin_usa_sp500_freeport_mcmoran,45.0
lightgbm_return,5,1,2025-06-30,target_rolling_mean_3,34.0
lightgbm_return,5,1,2025-06-30,turkey_capacity_machinery_percent_lag_1,39.0
lightgbm_return,5,1,2025-06-30,canada_tsx_composite_first_quantum_minerals_lag_3,88.0
lightgbm_return,5,1,2025-06-30,aluminum_cash_usd_per_ton_lag_1,25.0
lightgbm_return,5,1,2025-06-30,origin_copper_price_usd_per_ton,26.0
lightgbm_return,5,1,2025-06-30,origin_lead_cash_usd_per_ton,11.0
lightgbm_return,5,1,2025-07-31,peru_industrial_electricity_tariff_index_lag_6,31.0
lightgbm_return,5,1,2025-07-31,target_lag_1,31.0
lightgbm_return,5,1,2025-07-31,origin_germany_dax_aurubis,12.0
lightgbm_return,5,1,2025-07-31,usa_sp500_freeport_mcmoran_lag_1,12.0
lightgbm_return,5,1,2025-07-31,germany_dax_aurubis_lag_1,7.0
lightgbm_return,5,1,2025-07-31,origin_usa_sp500_freeport_mcmoran,37.0
lightgbm_return,5,1,2025-07-31,target_rolling_mean_3,5.0
lightgbm_return,5,1,2025-07-31,aluminum_cash_usd_per_ton_lag_1,53.0
lightgbm_return,5,1,2025-07-31,origin_copper_price_usd_per_ton,10.0
lightgbm_return,5,1,2025-07-31,canada_tsx_composite_first_quantum_minerals_lag_3,25.0
lightgbm_return,5,1,2025-07-31,turkey_capacity_machinery_percent_lag_1,6.0
lightgbm_return,5,1,2025-07-31,tin_cash_usd_per_ton_lag_3,10.0
lightgbm_return,5,1,2025-08-31,peru_industrial_electricity_tariff_index_lag_6,66.0
lightgbm_return,5,1,2025-08-31,target_lag_1,88.0
lightgbm_return,5,1,2025-08-31,usa_sp500_freeport_mcmoran_lag_1,21.0
lightgbm_return,5,1,2025-08-31,origin_germany_dax_aurubis,31.0
lightgbm_return,5,1,2025-08-31,origin_usa_sp500_freeport_mcmoran,41.0
lightgbm_return,5,1,2025-08-31,target_rolling_mean_3,27.0
lightgbm_return,5,1,2025-08-31,germany_dax_aurubis_lag_1,18.0
lightgbm_return,5,1,2025-08-31,origin_copper_price_usd_per_ton,42.0
lightgbm_return,5,1,2025-08-31,aluminum_cash_usd_per_ton_lag_1,54.0
lightgbm_return,5,1,2025-08-31,origin_shfe_pre_settlement_cny_per_ton,32.0
lightgbm_return,5,1,2025-08-31,tin_cash_usd_per_ton_lag_3,66.0
lightgbm_return,5,1,2025-08-31,germany_exports_lag_3,70.0
lightgbm_return,5,1,2025-09-30,peru_industrial_electricity_tariff_index_lag_6,35.0
lightgbm_return,5,1,2025-09-30,target_lag_1,78.0
lightgbm_return,5,1,2025-09-30,usa_sp500_freeport_mcmoran_lag_1,27.0
lightgbm_return,5,1,2025-09-30,origin_germany_dax_aurubis,23.0
lightgbm_return,5,1,2025-09-30,origin_usa_sp500_freeport_mcmoran,58.0
lightgbm_return,5,1,2025-09-30,target_rolling_mean_3,24.0
lightgbm_return,5,1,2025-09-30,germany_dax_aurubis_lag_1,25.0
lightgbm_return,5,1,2025-09-30,origin_copper_price_usd_per_ton,33.0
lightgbm_return,5,1,2025-09-30,aluminum_cash_usd_per_ton_lag_1,65.0
lightgbm_return,5,1,2025-09-30,tin_cash_usd_per_ton_lag_3,26.0
lightgbm_return,5,1,2025-09-30,canada_tsx_composite_first_quantum_minerals_lag_3,102.0
lightgbm_return,5,1,2025-09-30,origin_shfe_pre_settlement_cny_per_ton,23.0
lightgbm_return,5,1,2025-10-31,peru_industrial_electricity_tariff_index_lag_6,32.0
lightgbm_return,5,1,2025-10-31,target_lag_1,27.0
lightgbm_return,5,1,2025-10-31,usa_sp500_freeport_mcmoran_lag_1,3.0
lightgbm_return,5,1,2025-10-31,turkey_capacity_machinery_percent_lag_1,15.0
lightgbm_return,5,1,2025-10-31,china_fixed_asset_investment_yoy_pct_lag_3,12.0
lightgbm_return,5,1,2025-10-31,turkey_capacity_machinery_percent_lag_3,36.0
lightgbm_return,5,1,2025-10-31,origin_lead_cash_usd_per_ton,6.0
lightgbm_return,5,1,2025-10-31,origin_usa_sp500_freeport_mcmoran,18.0
lightgbm_return,5,1,2025-10-31,canada_tsx_composite_first_quantum_minerals_lag_3,41.0
lightgbm_return,5,1,2025-10-31,lead_cash_usd_per_ton_lag_1,13.0
lightgbm_return,5,1,2025-10-31,origin_germany_dax_aurubis,15.0
lightgbm_return,5,1,2025-10-31,turkey_ppi_metal_ores_index_pct_change_3m,24.0
lightgbm_return,5,1,2025-11-30,peru_industrial_electricity_tariff_index_lag_6,27.0
lightgbm_return,5,1,2025-11-30,turkey_ppi_metal_ores_index_pct_change_3m,24.0
lightgbm_return,5,1,2025-11-30,target_lag_1,47.0
lightgbm_return,5,1,2025-11-30,usa_sp500_freeport_mcmoran_lag_1,10.0
lightgbm_return,5,1,2025-11-30,turkey_capacity_machinery_percent_lag_1,21.0
lightgbm_return,5,1,2025-11-30,origin_lead_cash_usd_per_ton,6.0
lightgbm_return,5,1,2025-11-30,china_fixed_asset_investment_yoy_pct_lag_3,14.0
lightgbm_return,5,1,2025-11-30,canada_tsx_composite_first_quantum_minerals_lag_3,33.0
lightgbm_return,5,1,2025-11-30,turkey_capacity_machinery_percent_lag_3,25.0
lightgbm_return,5,1,2025-11-30,origin_usa_sp500_freeport_mcmoran,17.0
lightgbm_return,5,1,2025-11-30,lead_cash_usd_per_ton_lag_1,8.0
lightgbm_return,5,1,2025-11-30,origin_uk_ftse100_glencore,11.0
lightgbm_return,5,1,2025-12-31,peru_industrial_electricity_tariff_index_lag_6,40.0
lightgbm_return,5,1,2025-12-31,turkey_ppi_metal_ores_index_pct_change_3m,31.0
lightgbm_return,5,1,2025-12-31,turkey_capacity_machinery_percent_lag_1,9.0
lightgbm_return,5,1,2025-12-31,china_fixed_asset_investment_yoy_pct_lag_3,33.0
lightgbm_return,5,1,2025-12-31,turkey_capacity_machinery_percent_lag_3,21.0
lightgbm_return,5,1,2025-12-31,origin_lead_cash_usd_per_ton,17.0
lightgbm_return,5,1,2025-12-31,lead_cash_usd_per_ton_lag_1,45.0
lightgbm_return,5,1,2025-12-31,lead_cash_usd_per_ton_lag_3,56.0
lightgbm_return,5,1,2025-12-31,canada_tsx_composite_first_quantum_minerals_lag_3,41.0
lightgbm_return,5,1,2025-12-31,aluminum_stock_ton_pct_change_1m,50.0
lightgbm_return,5,1,2025-12-31,turkey_ppi_nonferrous_metal_ores_index_pct_change_3m,72.0
lightgbm_return,5,1,2025-12-31,india_industrial_production_lag_6,46.0
lightgbm_return,5,1,2026-01-31,peru_industrial_electricity_tariff_index_lag_6,49.0
lightgbm_return,5,1,2026-01-31,turkey_capacity_machinery_percent_lag_1,5.0
lightgbm_return,5,1,2026-01-31,china_fixed_asset_investment_yoy_pct_lag_3,32.0
lightgbm_return,5,1,2026-01-31,turkey_capacity_machinery_percent_lag_3,21.0
lightgbm_return,5,1,2026-01-31,origin_lead_cash_usd_per_ton,13.0
lightgbm_return,5,1,2026-01-31,lead_cash_usd_per_ton_lag_3,27.0
lightgbm_return,5,1,2026-01-31,lead_cash_usd_per_ton_lag_1,11.0
lightgbm_return,5,1,2026-01-31,japan_nikkei225_pct_change_3m,31.0
lightgbm_return,5,1,2026-01-31,aluminum_stock_ton_change_1m,10.0
lightgbm_return,5,1,2026-01-31,nickel_cash_usd_per_ton_lag_3,12.0
lightgbm_return,5,1,2026-01-31,aluminum_stock_ton_pct_change_1m,15.0
lightgbm_return,5,1,2026-01-31,turkey_capacity_fabricated_metals_percent_lag_6,13.0
lightgbm_return,5,1,2026-02-28,peru_industrial_electricity_tariff_index_lag_6,52.0
lightgbm_return,5,1,2026-02-28,india_industrial_production_lag_6,33.0
lightgbm_return,5,1,2026-02-28,turkey_capacity_machinery_percent_lag_1,5.0
lightgbm_return,5,1,2026-02-28,origin_lead_cash_usd_per_ton,18.0
lightgbm_return,5,1,2026-02-28,turkey_capacity_machinery_percent_lag_3,2.0
lightgbm_return,5,1,2026-02-28,china_fixed_asset_investment_yoy_pct_lag_3,4.0
lightgbm_return,5,1,2026-02-28,aluminum_stock_ton_change_1m,8.0
lightgbm_return,5,1,2026-02-28,aluminum_stock_ton_pct_change_1m,13.0
lightgbm_return,5,1,2026-02-28,lead_cash_usd_per_ton_lag_3,13.0
lightgbm_return,5,1,2026-02-28,lead_cash_usd_per_ton_lag_1,1.0
lightgbm_return,5,1,2026-02-28,turkey_ppi_metal_ores_index_pct_change_3m,59.0
lightgbm_return,5,1,2026-02-28,japan_nikkei225_pct_change_3m,23.0
lightgbm_return,5,1,2026-03-31,india_industrial_production_lag_6,40.0
lightgbm_return,5,1,2026-03-31,peru_industrial_electricity_tariff_index_lag_6,27.0
lightgbm_return,5,1,2026-03-31,origin_lead_cash_usd_per_ton,28.0
lightgbm_return,5,1,2026-03-31,turkey_ppi_wire_cable_index_pct_change_3m,16.0
lightgbm_return,5,1,2026-03-31,turkey_ppi_metal_ores_index_pct_change_3m,27.0
lightgbm_return,5,1,2026-03-31,turkey_capacity_machinery_percent_lag_1,7.0
lightgbm_return,5,1,2026-03-31,origin_uk_ftse100_glencore,14.0
lightgbm_return,5,1,2026-03-31,aluminum_stock_ton_change_1m,15.0
lightgbm_return,5,1,2026-03-31,origin_nickel_cash_usd_per_ton,1.0
lightgbm_return,5,1,2026-03-31,aluminum_stock_ton_pct_change_1m,3.0
lightgbm_return,5,1,2026-03-31,lead_cash_usd_per_ton_lag_1,17.0
lightgbm_return,5,1,2026-03-31,usa_sp500_freeport_mcmoran_lag_1,37.0
lightgbm_return,5,1,2026-04-30,india_industrial_production_lag_6,54.0
lightgbm_return,5,1,2026-04-30,peru_industrial_electricity_tariff_index_lag_6,25.0
lightgbm_return,5,1,2026-04-30,natural_gas_usd_change_1m,51.0
lightgbm_return,5,1,2026-04-30,aluminum_stock_ton_change_1m,10.0
lightgbm_return,5,1,2026-04-30,origin_lead_cash_usd_per_ton,5.0
lightgbm_return,5,1,2026-04-30,turkey_capacity_machinery_percent_lag_1,19.0
lightgbm_return,5,1,2026-04-30,aluminum_stock_ton_pct_change_1m,20.0
lightgbm_return,5,1,2026-04-30,turkey_capacity_machinery_percent_pct_change_12m,22.0
lightgbm_return,5,1,2026-04-30,lead_cash_usd_per_ton_lag_1,3.0
lightgbm_return,5,1,2026-04-30,origin_nickel_cash_usd_per_ton,18.0
lightgbm_return,5,1,2026-04-30,nickel_cash_usd_per_ton_lag_1,4.0
lightgbm_return,5,1,2026-04-30,us_cpi_index_pct_change_3m,3.0
lightgbm_return,5,1,2026-05-31,peru_industrial_electricity_tariff_index_lag_6,29.0
lightgbm_return,5,1,2026-05-31,india_industrial_production_lag_6,59.0
lightgbm_return,5,1,2026-05-31,turkey_capacity_machinery_percent_pct_change_12m,2.0
lightgbm_return,5,1,2026-05-31,usd_krw_lag_1,9.0
lightgbm_return,5,1,2026-05-31,china_real_estate_investment_yoy_pct_lag_1,16.0
lightgbm_return,5,1,2026-05-31,natural_gas_usd_change_1m,25.0
lightgbm_return,5,1,2026-05-31,turkey_capacity_machinery_percent_lag_1,9.0
lightgbm_return,5,1,2026-05-31,origin_lead_cash_usd_per_ton,13.0
lightgbm_return,5,1,2026-05-31,iron_ore_usd_per_dmtu_lag_1,13.0
lightgbm_return,5,1,2026-05-31,indonesia_exports_lag_3,13.0
lightgbm_return,5,1,2026-05-31,china_refined_copper_production_ton_lag_1,38.0
lightgbm_return,5,1,2026-05-31,lead_cash_usd_per_ton_lag_1,0.0
lightgbm_return,5,1,2026-06-30,peru_industrial_electricity_tariff_index_lag_6,17.0
lightgbm_return,5,1,2026-06-30,india_industrial_production_lag_6,61.0
lightgbm_return,5,1,2026-06-30,natural_gas_usd_change_1m,39.0
lightgbm_return,5,1,2026-06-30,turkey_capacity_machinery_percent_lag_1,12.0
lightgbm_return,5,1,2026-06-30,turkey_capacity_machinery_percent_pct_change_12m,13.0
lightgbm_return,5,1,2026-06-30,lead_cash_usd_per_ton_lag_1,8.0
lightgbm_return,5,1,2026-06-30,usd_krw_lag_1,30.0
lightgbm_return,5,1,2026-06-30,origin_lead_cash_usd_per_ton,4.0
lightgbm_return,5,1,2026-06-30,drc_inflation_mom_pct_change_3m,39.0
lightgbm_return,5,1,2026-06-30,nickel_cash_usd_per_ton_lag_1,2.0
lightgbm_return,5,1,2026-06-30,turkey_capacity_machinery_percent_lag_3,1.0
lightgbm_return,5,1,2026-06-30,china_real_estate_investment_yoy_pct_lag_1,11.0
lightgbm_return,5,1,2026-07-31,peru_industrial_electricity_tariff_index_lag_6,17.0
lightgbm_return,5,1,2026-07-31,india_industrial_production_lag_6,33.0
lightgbm_return,5,1,2026-07-31,natural_gas_usd_change_1m,44.0
lightgbm_return,5,1,2026-07-31,turkey_capacity_machinery_percent_lag_1,16.0
lightgbm_return,5,1,2026-07-31,lead_cash_usd_per_ton_lag_1,8.0
lightgbm_return,5,1,2026-07-31,turkey_capacity_machinery_percent_pct_change_12m,6.0
lightgbm_return,5,1,2026-07-31,drc_inflation_mom_pct_change_3m,63.0
lightgbm_return,5,1,2026-07-31,turkey_capacity_basic_metals_percent_lag_12,4.0
lightgbm_return,5,1,2026-07-31,nickel_cash_usd_per_ton_lag_1,2.0
lightgbm_return,5,1,2026-07-31,turkey_capacity_machinery_percent_lag_3,10.0
lightgbm_return,5,1,2026-07-31,origin_nickel_cash_usd_per_ton,15.0
lightgbm_return,5,1,2026-07-31,peru_diesel_price_index_lag_6,17.0
lightgbm_return,5,3,2025-01-31,uk_ftse100_pct_change_12m,45.0
lightgbm_return,5,3,2025-01-31,china_fixed_asset_investment_yoy_pct_change_1m,49.0
lightgbm_return,5,3,2025-01-31,usa_sp500_freeport_mcmoran_lag_1,28.0
lightgbm_return,5,3,2025-01-31,target_rolling_mean_3,19.0
lightgbm_return,5,3,2025-01-31,euro_area_copper_production_ppi_lag_1,26.0
lightgbm_return,5,3,2025-01-31,germany_dax_aurubis_lag_1,3.0
lightgbm_return,5,3,2025-01-31,target_lag_1,3.0
lightgbm_return,5,3,2025-01-31,turkey_capacity_machinery_percent_lag_1,17.0
lightgbm_return,5,3,2025-01-31,origin_shfe_pre_settlement_cny_per_ton,2.0
lightgbm_return,5,3,2025-01-31,origin_germany_dax_aurubis,11.0
lightgbm_return,5,3,2025-01-31,origin_usa_sp500_freeport_mcmoran,41.0
lightgbm_return,5,3,2025-02-28,china_fixed_asset_investment_yoy_pct_change_1m,34.0
lightgbm_return,5,3,2025-02-28,germany_dax_aurubis_lag_1,33.0
lightgbm_return,5,3,2025-02-28,target_rolling_mean_3,107.0
lightgbm_return,5,3,2025-02-28,turkey_capacity_machinery_percent_lag_1,27.0
lightgbm_return,5,3,2025-02-28,usa_sp500_freeport_mcmoran_lag_1,24.0
lightgbm_return,5,3,2025-02-28,origin_germany_dax_aurubis,46.0
lightgbm_return,5,3,2025-02-28,euro_area_copper_production_ppi_lag_1,48.0
lightgbm_return,5,3,2025-02-28,target_lag_1,35.0
lightgbm_return,5,3,2025-02-28,origin_shfe_pre_settlement_cny_per_ton,28.0
lightgbm_return,5,3,2025-02-28,uk_ftse100_pct_change_12m,73.0
lightgbm_return,5,3,2025-02-28,origin_usa_sp500_freeport_mcmoran,16.0
lightgbm_return,5,3,2025-03-31,turkey_capacity_machinery_percent_lag_1,36.0
lightgbm_return,5,3,2025-03-31,germany_dax_aurubis_lag_1,29.0
lightgbm_return,5,3,2025-03-31,target_rolling_mean_3,78.0
lightgbm_return,5,3,2025-03-31,target_lag_1,32.0
lightgbm_return,5,3,2025-03-31,origin_copper_price_usd_per_ton,47.0
lightgbm_return,5,3,2025-03-31,origin_germany_dax_aurubis,15.0
lightgbm_return,5,3,2025-03-31,peru_usd_pen_lag_6,19.0
lightgbm_return,5,3,2025-03-31,origin_usa_sp500_freeport_mcmoran,40.0
lightgbm_return,5,3,2025-03-31,usa_sp500_freeport_mcmoran_lag_1,43.0
lightgbm_return,5,3,2025-03-31,china_fixed_asset_investment_yoy_pct_change_1m,82.0
lightgbm_return,5,3,2025-03-31,euro_area_copper_production_ppi_lag_1,30.0
lightgbm_return,5,3,2025-04-30,turkey_capacity_machinery_percent_lag_1,70.0
lightgbm_return,5,3,2025-04-30,germany_dax_aurubis_lag_1,39.0
lightgbm_return,5,3,2025-04-30,target_rolling_mean_3,69.0
lightgbm_return,5,3,2025-04-30,target_lag_1,22.0
lightgbm_return,5,3,2025-04-30,origin_germany_dax_aurubis,24.0
lightgbm_return,5,3,2025-04-30,origin_copper_price_usd_per_ton,20.0
lightgbm_return,5,3,2025-04-30,peru_usd_pen_lag_6,19.0
lightgbm_return,5,3,2025-04-30,china_fixed_asset_investment_yoy_pct_change_1m,56.0
lightgbm_return,5,3,2025-04-30,origin_usa_sp500_freeport_mcmoran,71.0
lightgbm_return,5,3,2025-04-30,usa_sp500_freeport_mcmoran_lag_1,38.0
lightgbm_return,5,3,2025-04-30,euro_area_copper_production_ppi_lag_1,37.0
lightgbm_return,5,3,2025-05-31,turkey_capacity_machinery_percent_lag_1,11.0
lightgbm_return,5,3,2025-05-31,germany_dax_aurubis_lag_1,25.0
lightgbm_return,5,3,2025-05-31,target_rolling_mean_3,30.0
lightgbm_return,5,3,2025-05-31,peru_usd_pen_lag_6,17.0
lightgbm_return,5,3,2025-05-31,china_fixed_asset_investment_yoy_pct_pct_change_1m,33.0
lightgbm_return,5,3,2025-05-31,target_lag_1,18.0
lightgbm_return,5,3,2025-05-31,origin_copper_price_usd_per_ton,31.0
lightgbm_return,5,3,2025-05-31,origin_usa_sp500_freeport_mcmoran,18.0
lightgbm_return,5,3,2025-05-31,origin_germany_dax_aurubis,12.0
lightgbm_return,5,3,2025-05-31,usa_sp500_freeport_mcmoran_lag_1,28.0
lightgbm_return,5,3,2025-05-31,peru_industrial_electricity_tariff_index_lag_6,23.0
lightgbm_return,5,3,2025-06-30,turkey_capacity_machinery_percent_lag_1,22.0
lightgbm_return,5,3,2025-06-30,germany_dax_aurubis_lag_1,25.0
lightgbm_return,5,3,2025-06-30,china_fixed_asset_investment_yoy_pct_pct_change_1m,26.0
lightgbm_return,5,3,2025-06-30,peru_usd_pen_lag_6,5.0
lightgbm_return,5,3,2025-06-30,target_rolling_mean_3,34.0
lightgbm_return,5,3,2025-06-30,origin_copper_price_usd_per_ton,23.0
lightgbm_return,5,3,2025-06-30,target_lag_1,10.0
lightgbm_return,5,3,2025-06-30,origin_usa_sp500_freeport_mcmoran,19.0
lightgbm_return,5,3,2025-06-30,origin_germany_dax_aurubis,25.0
lightgbm_return,5,3,2025-06-30,usa_sp500_freeport_mcmoran_lag_1,25.0
lightgbm_return,5,3,2025-06-30,peru_industrial_electricity_tariff_index_lag_6,28.0
lightgbm_return,5,3,2025-07-31,turkey_capacity_machinery_percent_lag_1,22.0
lightgbm_return,5,3,2025-07-31,china_fixed_asset_investment_yoy_pct_pct_change_1m,54.0
lightgbm_return,5,3,2025-07-31,origin_usa_sp500_freeport_mcmoran,55.0
lightgbm_return,5,3,2025-07-31,peru_usd_pen_lag_6,13.0
lightgbm_return,5,3,2025-07-31,origin_copper_price_usd_per_ton,62.0
lightgbm_return,5,3,2025-07-31,germany_dax_aurubis_lag_1,25.0
lightgbm_return,5,3,2025-07-31,origin_germany_dax_aurubis,24.0
lightgbm_return,5,3,2025-07-31,usa_sp500_freeport_mcmoran_lag_1,58.0
lightgbm_return,5,3,2025-07-31,target_rolling_mean_3,55.0
lightgbm_return,5,3,2025-07-31,peru_industrial_electricity_tariff_index_lag_6,58.0
lightgbm_return,5,3,2025-07-31,target_lag_1,55.0
lightgbm_return,5,3,2025-08-31,turkey_capacity_machinery_percent_lag_1,16.0
lightgbm_return,5,3,2025-08-31,china_fixed_asset_investment_yoy_pct_pct_change_1m,29.0
lightgbm_return,5,3,2025-08-31,peru_usd_pen_lag_6,12.0
lightgbm_return,5,3,2025-08-31,origin_usa_sp500_freeport_mcmoran,24.0
lightgbm_return,5,3,2025-08-31,origin_copper_price_usd_per_ton,32.0
lightgbm_return,5,3,2025-08-31,germany_dax_aurubis_lag_1,12.0
lightgbm_return,5,3,2025-08-31,origin_germany_dax_aurubis,9.0
lightgbm_return,5,3,2025-08-31,peru_industrial_electricity_tariff_index_lag_6,30.0
lightgbm_return,5,3,2025-08-31,usa_sp500_freeport_mcmoran_lag_1,21.0
lightgbm_return,5,3,2025-08-31,target_rolling_mean_3,18.0
lightgbm_return,5,3,2025-08-31,target_lag_1,16.0
lightgbm_return,5,3,2025-09-30,turkey_capacity_machinery_percent_lag_1,18.0
lightgbm_return,5,3,2025-09-30,origin_usa_sp500_freeport_mcmoran,31.0
lightgbm_return,5,3,2025-09-30,peru_usd_pen_lag_6,7.0
lightgbm_return,5,3,2025-09-30,china_fixed_asset_investment_yoy_pct_change_1m,30.0
lightgbm_return,5,3,2025-09-30,origin_copper_price_usd_per_ton,16.0
lightgbm_return,5,3,2025-09-30,origin_germany_dax_aurubis,10.0
lightgbm_return,5,3,2025-09-30,germany_dax_aurubis_lag_1,23.0
lightgbm_return,5,3,2025-09-30,peru_industrial_electricity_tariff_index_lag_6,39.0
lightgbm_return,5,3,2025-09-30,usa_sp500_freeport_mcmoran_lag_1,13.0
lightgbm_return,5,3,2025-09-30,target_rolling_mean_3,25.0
lightgbm_return,5,3,2025-09-30,target_lag_1,12.0
lightgbm_return,5,3,2025-10-31,turkey_capacity_machinery_percent_lag_1,14.0
lightgbm_return,5,3,2025-10-31,peru_usd_pen_lag_6,20.0
lightgbm_return,5,3,2025-10-31,peru_industrial_electricity_tariff_index_lag_6,54.0
lightgbm_return,5,3,2025-10-31,origin_usa_sp500_freeport_mcmoran,20.0
lightgbm_return,5,3,2025-10-31,origin_copper_price_usd_per_ton,34.0
lightgbm_return,5,3,2025-10-31,germany_dax_aurubis_lag_1,4.0
lightgbm_return,5,3,2025-10-31,china_fixed_asset_investment_yoy_pct_change_1m,28.0
lightgbm_return,5,3,2025-10-31,usa_sp500_freeport_mcmoran_lag_1,5.0
lightgbm_return,5,3,2025-10-31,origin_germany_dax_aurubis,9.0
lightgbm_return,5,3,2025-10-31,target_rolling_mean_3,30.0
lightgbm_return,5,3,2025-10-31,platinum_usd_per_troy_ounce_lag_3,14.0
lightgbm_return,5,3,2025-11-30,turkey_capacity_machinery_percent_lag_1,21.0
lightgbm_return,5,3,2025-11-30,peru_usd_pen_lag_6,12.0
lightgbm_return,5,3,2025-11-30,peru_industrial_electricity_tariff_index_lag_6,20.0
lightgbm_return,5,3,2025-11-30,us_cpi_index_pct_change_3m,17.0
lightgbm_return,5,3,2025-11-30,origin_usa_sp500_freeport_mcmoran,17.0
lightgbm_return,5,3,2025-11-30,peru_diesel_price_index_lag_6,15.0
lightgbm_return,5,3,2025-11-30,lead_cash_usd_per_ton_lag_3,28.0
lightgbm_return,5,3,2025-11-30,origin_copper_price_usd_per_ton,30.0
lightgbm_return,5,3,2025-11-30,platinum_usd_per_troy_ounce_lag_3,34.0
lightgbm_return,5,3,2025-11-30,germany_dax_aurubis_lag_1,13.0
lightgbm_return,5,3,2025-11-30,india_nifty50_pct_change_3m,48.0
lightgbm_return,5,3,2025-12-31,turkey_capacity_machinery_percent_lag_1,39.0
lightgbm_return,5,3,2025-12-31,peru_usd_pen_lag_6,11.0
lightgbm_return,5,3,2025-12-31,peru_industrial_electricity_tariff_index_lag_6,5.0
lightgbm_return,5,3,2025-12-31,us_cpi_index_pct_change_3m,15.0
lightgbm_return,5,3,2025-12-31,lead_cash_usd_per_ton_lag_3,22.0
lightgbm_return,5,3,2025-12-31,peru_diesel_price_index_lag_6,28.0
lightgbm_return,5,3,2025-12-31,ecb_policy_rate_pct_change_3m,8.0
lightgbm_return,5,3,2025-12-31,china_fixed_asset_investment_yoy_pct_lag_3,54.0
lightgbm_return,5,3,2025-12-31,nickel_cash_usd_per_ton_lag_1,9.0
lightgbm_return,5,3,2025-12-31,nickel_cash_usd_per_ton_lag_3,0.0
lightgbm_return,5,3,2025-12-31,china_refined_copper_production_ton_change_1m,39.0
lightgbm_return,5,3,2026-01-31,turkey_capacity_machinery_percent_lag_1,42.0
lightgbm_return,5,3,2026-01-31,peru_industrial_electricity_tariff_index_lag_6,20.0
lightgbm_return,5,3,2026-01-31,peru_usd_pen_lag_6,16.0
lightgbm_return,5,3,2026-01-31,us_cpi_index_pct_change_3m,24.0
lightgbm_return,5,3,2026-01-31,peru_diesel_price_index_lag_6,12.0
lightgbm_return,5,3,2026-01-31,nickel_cash_usd_per_ton_lag_1,26.0
lightgbm_return,5,3,2026-01-31,lead_cash_usd_per_ton_lag_3,13.0
lightgbm_return,5,3,2026-01-31,china_fixed_asset_investment_yoy_pct_lag_3,45.0
lightgbm_return,5,3,2026-01-31,nickel_cash_usd_per_ton_lag_3,6.0
lightgbm_return,5,3,2026-01-31,ecb_policy_rate_pct_change_3m,11.0
lightgbm_return,5,3,2026-01-31,gold_usd_per_troy_ounce_lag_6,23.0
lightgbm_return,5,3,2026-02-28,turkey_capacity_machinery_percent_lag_1,24.0
lightgbm_return,5,3,2026-02-28,peru_industrial_electricity_tariff_index_lag_6,15.0
lightgbm_return,5,3,2026-02-28,peru_usd_pen_lag_6,14.0
lightgbm_return,5,3,2026-02-28,origin_nickel_cash_usd_per_ton,33.0
lightgbm_return,5,3,2026-02-28,gold_usd_per_troy_ounce_lag_6,14.0
lightgbm_return,5,3,2026-02-28,silver_usd_per_troy_ounce_lag_6,8.0
lightgbm_return,5,3,2026-02-28,peru_diesel_price_index_lag_6,24.0
lightgbm_return,5,3,2026-02-28,china_fixed_asset_investment_yoy_pct_lag_3,54.0
lightgbm_return,5,3,2026-02-28,lead_cash_usd_per_ton_lag_3,13.0
lightgbm_return,5,3,2026-02-28,nickel_cash_usd_per_ton_lag_3,2.0
lightgbm_return,5,3,2026-02-28,us_cpi_index_pct_change_3m,26.0
lightgbm_return,5,3,2026-03-31,turkey_capacity_machinery_percent_lag_1,10.0
lightgbm_return,5,3,2026-03-31,peru_industrial_electricity_tariff_index_lag_6,11.0
lightgbm_return,5,3,2026-03-31,origin_nickel_cash_usd_per_ton,9.0
lightgbm_return,5,3,2026-03-31,peru_usd_pen_lag_6,32.0
lightgbm_return,5,3,2026-03-31,gold_usd_per_troy_ounce_lag_6,38.0
lightgbm_return,5,3,2026-03-31,turkey_capacity_machinery_percent_pct_change_12m,22.0
lightgbm_return,5,3,2026-03-31,silver_usd_per_troy_ounce_lag_6,31.0
lightgbm_return,5,3,2026-03-31,turkey_capacity_machinery_percent_pct_change_3m,17.0
lightgbm_return,5,3,2026-03-31,global_container_export_lag_3,44.0
lightgbm_return,5,3,2026-03-31,lead_cash_usd_per_ton_lag_3,6.0
lightgbm_return,5,3,2026-03-31,us_cpi_index_pct_change_3m,21.0
lightgbm_return,5,3,2026-04-30,turkey_capacity_machinery_percent_lag_1,14.0
lightgbm_return,5,3,2026-04-30,turkey_capacity_machinery_percent_pct_change_3m,21.0
lightgbm_return,5,3,2026-04-30,peru_industrial_electricity_tariff_index_lag_6,28.0
lightgbm_return,5,3,2026-04-30,origin_nickel_cash_usd_per_ton,23.0
lightgbm_return,5,3,2026-04-30,nickel_cash_usd_per_ton_lag_1,5.0
lightgbm_return,5,3,2026-04-30,turkey_capacity_machinery_percent_pct_change_12m,31.0
lightgbm_return,5,3,2026-04-30,global_container_export_lag_3,24.0
lightgbm_return,5,3,2026-04-30,gold_usd_per_troy_ounce_lag_6,25.0
lightgbm_return,5,3,2026-04-30,peru_usd_pen_lag_6,27.0
lightgbm_return,5,3,2026-04-30,hong_kong_hang_seng_zijin_mining_lag_6,3.0
lightgbm_return,5,3,2026-04-30,silver_usd_per_troy_ounce_lag_6,40.0
lightgbm_return,5,3,2026-05-31,turkey_capacity_machinery_percent_lag_1,10.0
lightgbm_return,5,3,2026-05-31,peru_industrial_electricity_tariff_index_lag_6,26.0
lightgbm_return,5,3,2026-05-31,turkey_capacity_machinery_percent_pct_change_3m,25.0
lightgbm_return,5,3,2026-05-31,origin_nickel_cash_usd_per_ton,16.0
lightgbm_return,5,3,2026-05-31,turkey_capacity_machinery_percent_pct_change_12m,20.0
lightgbm_return,5,3,2026-05-31,nickel_cash_usd_per_ton_lag_1,2.0
lightgbm_return,5,3,2026-05-31,peru_usd_pen_lag_6,19.0
lightgbm_return,5,3,2026-05-31,global_container_export_lag_3,32.0
lightgbm_return,5,3,2026-05-31,gold_usd_per_troy_ounce_lag_6,23.0
lightgbm_return,5,3,2026-05-31,hong_kong_hang_seng_zijin_mining_lag_6,20.0
lightgbm_return,5,3,2026-05-31,silver_usd_per_troy_ounce_lag_6,39.0
lightgbm_return,5,6,2025-01-31,origin_germany_dax_aurubis,28.0
lightgbm_return,5,6,2025-01-31,origin_copper_price_usd_per_ton,52.0
lightgbm_return,5,6,2025-01-31,target_lag_1,15.0
lightgbm_return,5,6,2025-01-31,origin_usa_sp500_freeport_mcmoran,20.0
lightgbm_return,5,6,2025-01-31,usa_sp500_freeport_mcmoran_lag_1,32.0
lightgbm_return,5,6,2025-01-31,origin_shfe_pre_settlement_cny_per_ton,8.0
lightgbm_return,5,6,2025-01-31,peru_usd_pen_lag_6,18.0
lightgbm_return,5,6,2025-01-31,aluminum_cash_usd_per_ton_lag_1,12.0
lightgbm_return,5,6,2025-01-31,euro_area_copper_production_ppi_lag_1,26.0
lightgbm_return,5,6,2025-01-31,germany_dax_aurubis_lag_1,16.0
lightgbm_return,5,6,2025-01-31,target_rolling_mean_3,7.0
lightgbm_return,5,6,2025-02-28,origin_germany_dax_aurubis,50.0
lightgbm_return,5,6,2025-02-28,origin_copper_price_usd_per_ton,43.0
lightgbm_return,5,6,2025-02-28,target_lag_1,9.0
lightgbm_return,5,6,2025-02-28,origin_usa_sp500_freeport_mcmoran,41.0
lightgbm_return,5,6,2025-02-28,usa_sp500_freeport_mcmoran_lag_1,32.0
lightgbm_return,5,6,2025-02-28,peru_usd_pen_lag_6,13.0
lightgbm_return,5,6,2025-02-28,origin_shfe_pre_settlement_cny_per_ton,2.0
lightgbm_return,5,6,2025-02-28,aluminum_cash_usd_per_ton_lag_1,17.0
lightgbm_return,5,6,2025-02-28,origin_aluminum_cash_usd_per_ton,12.0
lightgbm_return,5,6,2025-02-28,germany_dax_aurubis_lag_1,12.0
lightgbm_return,5,6,2025-02-28,euro_area_copper_production_ppi_lag_1,23.0
lightgbm_return,5,6,2025-03-31,origin_germany_dax_aurubis,40.0
lightgbm_return,5,6,2025-03-31,origin_copper_price_usd_per_ton,44.0
lightgbm_return,5,6,2025-03-31,target_lag_1,17.0
lightgbm_return,5,6,2025-03-31,origin_usa_sp500_freeport_mcmoran,21.0
lightgbm_return,5,6,2025-03-31,peru_usd_pen_lag_6,50.0
lightgbm_return,5,6,2025-03-31,usa_sp500_freeport_mcmoran_lag_1,22.0
lightgbm_return,5,6,2025-03-31,germany_dax_aurubis_lag_1,8.0
lightgbm_return,5,6,2025-03-31,aluminum_cash_usd_per_ton_lag_1,45.0
lightgbm_return,5,6,2025-03-31,origin_shfe_pre_settlement_cny_per_ton,16.0
lightgbm_return,5,6,2025-03-31,origin_aluminum_cash_usd_per_ton,5.0
lightgbm_return,5,6,2025-03-31,euro_area_copper_production_ppi_lag_1,5.0
lightgbm_return,5,6,2025-04-30,origin_germany_dax_aurubis,47.0
lightgbm_return,5,6,2025-04-30,origin_copper_price_usd_per_ton,45.0
lightgbm_return,5,6,2025-04-30,target_lag_1,11.0
lightgbm_return,5,6,2025-04-30,origin_usa_sp500_freeport_mcmoran,15.0
lightgbm_return,5,6,2025-04-30,peru_usd_pen_lag_6,56.0
lightgbm_return,5,6,2025-04-30,origin_tin_cash_usd_per_ton,17.0
lightgbm_return,5,6,2025-04-30,usa_sp500_freeport_mcmoran_lag_1,10.0
lightgbm_return,5,6,2025-04-30,aluminum_cash_usd_per_ton_lag_1,16.0
lightgbm_return,5,6,2025-04-30,origin_shfe_pre_settlement_cny_per_ton,17.0
lightgbm_return,5,6,2025-04-30,origin_aluminum_cash_usd_per_ton,7.0
lightgbm_return,5,6,2025-04-30,germany_dax_aurubis_lag_1,11.0
lightgbm_return,5,6,2025-05-31,origin_germany_dax_aurubis,43.0
lightgbm_return,5,6,2025-05-31,origin_copper_price_usd_per_ton,48.0
lightgbm_return,5,6,2025-05-31,target_lag_1,11.0
lightgbm_return,5,6,2025-05-31,peru_usd_pen_lag_6,62.0
lightgbm_return,5,6,2025-05-31,origin_usa_sp500_freeport_mcmoran,34.0
lightgbm_return,5,6,2025-05-31,origin_tin_cash_usd_per_ton,16.0
lightgbm_return,5,6,2025-05-31,germany_dax_aurubis_lag_1,20.0
lightgbm_return,5,6,2025-05-31,usa_sp500_freeport_mcmoran_lag_1,13.0
lightgbm_return,5,6,2025-05-31,aluminum_cash_usd_per_ton_lag_1,3.0
lightgbm_return,5,6,2025-05-31,origin_aluminum_cash_usd_per_ton,6.0
lightgbm_return,5,6,2025-05-31,origin_shfe_pre_settlement_cny_per_ton,2.0
lightgbm_return,5,6,2025-06-30,origin_germany_dax_aurubis,54.0
lightgbm_return,5,6,2025-06-30,origin_copper_price_usd_per_ton,33.0
lightgbm_return,5,6,2025-06-30,target_lag_1,6.0
lightgbm_return,5,6,2025-06-30,peru_usd_pen_lag_6,55.0
lightgbm_return,5,6,2025-06-30,origin_tin_cash_usd_per_ton,30.0
lightgbm_return,5,6,2025-06-30,origin_usa_sp500_freeport_mcmoran,16.0
lightgbm_return,5,6,2025-06-30,germany_dax_aurubis_lag_1,32.0
lightgbm_return,5,6,2025-06-30,aluminum_cash_usd_per_ton_lag_1,5.0
lightgbm_return,5,6,2025-06-30,tin_cash_usd_per_ton_lag_1,13.0
lightgbm_return,5,6,2025-06-30,usa_sp500_freeport_mcmoran_lag_1,7.0
lightgbm_return,5,6,2025-06-30,origin_aluminum_cash_usd_per_ton,8.0
lightgbm_return,5,6,2025-07-31,origin_germany_dax_aurubis,50.0
lightgbm_return,5,6,2025-07-31,origin_copper_price_usd_per_ton,30.0
lightgbm_return,5,6,2025-07-31,target_lag_1,13.0
lightgbm_return,5,6,2025-07-31,origin_usa_sp500_freeport_mcmoran,22.0
lightgbm_return,5,6,2025-07-31,origin_tin_cash_usd_per_ton,22.0
lightgbm_return,5,6,2025-07-31,peru_usd_pen_lag_6,45.0
lightgbm_return,5,6,2025-07-31,turkey_capacity_machinery_percent_lag_1,12.0
lightgbm_return,5,6,2025-07-31,germany_dax_aurubis_lag_1,32.0
lightgbm_return,5,6,2025-07-31,tin_cash_usd_per_ton_lag_1,12.0
lightgbm_return,5,6,2025-07-31,usa_sp500_freeport_mcmoran_lag_1,1.0
lightgbm_return,5,6,2025-07-31,aluminum_cash_usd_per_ton_lag_1,3.0
lightgbm_return,5,6,2025-08-31,origin_germany_dax_aurubis,46.0
lightgbm_return,5,6,2025-08-31,origin_copper_price_usd_per_ton,88.0
lightgbm_return,5,6,2025-08-31,target_lag_1,41.0
lightgbm_return,5,6,2025-08-31,origin_usa_sp500_freeport_mcmoran,34.0
lightgbm_return,5,6,2025-08-31,peru_usd_pen_lag_6,61.0
lightgbm_return,5,6,2025-08-31,origin_tin_cash_usd_per_ton,18.0
lightgbm_return,5,6,2025-08-31,peru_usd_pen_pct_change_3m,46.0
lightgbm_return,5,6,2025-08-31,turkey_capacity_machinery_percent_lag_1,20.0
lightgbm_return,5,6,2025-08-31,germany_dax_aurubis_lag_1,66.0
lightgbm_return,5,6,2025-08-31,usa_sp500_freeport_mcmoran_lag_1,15.0
lightgbm_return,5,6,2025-08-31,tin_cash_usd_per_ton_lag_1,17.0
lightgbm_return,5,6,2025-09-30,origin_germany_dax_aurubis,16.0
lightgbm_return,5,6,2025-09-30,origin_copper_price_usd_per_ton,71.0
lightgbm_return,5,6,2025-09-30,target_lag_1,24.0
lightgbm_return,5,6,2025-09-30,origin_usa_sp500_freeport_mcmoran,42.0
lightgbm_return,5,6,2025-09-30,peru_usd_pen_lag_6,44.0
lightgbm_return,5,6,2025-09-30,origin_tin_cash_usd_per_ton,67.0
lightgbm_return,5,6,2025-09-30,peru_usd_pen_pct_change_3m,27.0
lightgbm_return,5,6,2025-09-30,germany_dax_aurubis_lag_1,78.0
lightgbm_return,5,6,2025-09-30,usa_sp500_freeport_mcmoran_lag_1,15.0
lightgbm_return,5,6,2025-09-30,turkey_capacity_machinery_percent_lag_1,18.0
lightgbm_return,5,6,2025-09-30,tin_cash_usd_per_ton_lag_1,25.0
lightgbm_return,5,6,2025-10-31,origin_germany_dax_aurubis,58.0
lightgbm_return,5,6,2025-10-31,origin_copper_price_usd_per_ton,74.0
lightgbm_return,5,6,2025-10-31,origin_usa_sp500_freeport_mcmoran,56.0
lightgbm_return,5,6,2025-10-31,peru_usd_pen_lag_6,57.0
lightgbm_return,5,6,2025-10-31,target_lag_1,12.0
lightgbm_return,5,6,2025-10-31,origin_tin_cash_usd_per_ton,18.0
lightgbm_return,5,6,2025-10-31,turkey_capacity_machinery_percent_lag_1,20.0
lightgbm_return,5,6,2025-10-31,peru_usd_pen_pct_change_3m,26.0
lightgbm_return,5,6,2025-10-31,usa_sp500_freeport_mcmoran_lag_1,32.0
lightgbm_return,5,6,2025-10-31,origin_canada_tsx_composite_first_quantum_minerals,60.0
lightgbm_return,5,6,2025-10-31,origin_lead_cash_usd_per_ton,33.0
lightgbm_return,5,6,2025-11-30,origin_germany_dax_aurubis,44.0
lightgbm_return,5,6,2025-11-30,origin_usa_sp500_freeport_mcmoran,47.0
lightgbm_return,5,6,2025-11-30,origin_copper_price_usd_per_ton,41.0
lightgbm_return,5,6,2025-11-30,peru_usd_pen_lag_6,66.0
lightgbm_return,5,6,2025-11-30,target_lag_1,39.0
lightgbm_return,5,6,2025-11-30,turkey_capacity_machinery_percent_lag_1,49.0
lightgbm_return,5,6,2025-11-30,usa_sp500_freeport_mcmoran_lag_1,18.0
lightgbm_return,5,6,2025-11-30,origin_lead_cash_usd_per_ton,40.0
lightgbm_return,5,6,2025-11-30,origin_tin_cash_usd_per_ton,22.0
lightgbm_return,5,6,2025-11-30,peru_usd_pen_pct_change_3m,18.0
lightgbm_return,5,6,2025-11-30,origin_canada_tsx_composite_first_quantum_minerals,53.0
lightgbm_return,5,6,2025-12-31,origin_germany_dax_aurubis,52.0
lightgbm_return,5,6,2025-12-31,turkey_capacity_machinery_percent_lag_1,61.0
lightgbm_return,5,6,2025-12-31,origin_usa_sp500_freeport_mcmoran,25.0
lightgbm_return,5,6,2025-12-31,peru_usd_pen_lag_6,29.0
lightgbm_return,5,6,2025-12-31,origin_lead_cash_usd_per_ton,40.0
lightgbm_return,5,6,2025-12-31,origin_copper_price_usd_per_ton,71.0
lightgbm_return,5,6,2025-12-31,usa_sp500_freeport_mcmoran_lag_1,27.0
lightgbm_return,5,6,2025-12-31,origin_nickel_cash_usd_per_ton,51.0
lightgbm_return,5,6,2025-12-31,peru_industrial_electricity_tariff_index_lag_3,21.0
lightgbm_return,5,6,2025-12-31,canada_tsx_composite_teck_resources_pct_change_3m,24.0
lightgbm_return,5,6,2025-12-31,origin_canada_tsx_composite_first_quantum_minerals,43.0
lightgbm_return,5,6,2026-01-31,canada_tsx_composite_teck_resources_pct_change_3m,43.0
lightgbm_return,5,6,2026-01-31,turkey_capacity_machinery_percent_lag_1,21.0
lightgbm_return,5,6,2026-01-31,origin_lead_cash_usd_per_ton,9.0
lightgbm_return,5,6,2026-01-31,origin_nickel_cash_usd_per_ton,21.0
lightgbm_return,5,6,2026-01-31,peru_industrial_electricity_tariff_index_lag_3,3.0
lightgbm_return,5,6,2026-01-31,ecb_policy_rate_pct_change_3m,28.0
lightgbm_return,5,6,2026-01-31,origin_canada_tsx_composite_first_quantum_minerals,36.0
lightgbm_return,5,6,2026-01-31,peru_usd_pen_lag_6,27.0
lightgbm_return,5,6,2026-01-31,origin_germany_dax_aurubis,30.0
lightgbm_return,5,6,2026-01-31,lead_cash_usd_per_ton_lag_1,4.0
lightgbm_return,5,6,2026-01-31,gold_usd_per_troy_ounce_lag_6,2.0
lightgbm_return,5,6,2026-02-28,canada_tsx_composite_teck_resources_pct_change_3m,16.0
lightgbm_return,5,6,2026-02-28,turkey_capacity_machinery_percent_lag_1,17.0
lightgbm_return,5,6,2026-02-28,origin_nickel_cash_usd_per_ton,9.0
lightgbm_return,5,6,2026-02-28,origin_lead_cash_usd_per_ton,22.0
lightgbm_return,5,6,2026-02-28,peru_industrial_electricity_tariff_index_lag_3,9.0
lightgbm_return,5,6,2026-02-28,gold_usd_per_troy_ounce_lag_6,9.0
lightgbm_return,5,6,2026-02-28,ecb_policy_rate_pct_change_3m,25.0
lightgbm_return,5,6,2026-02-28,euro_area_copper_production_ppi_pct_change_3m,49.0
lightgbm_return,5,6,2026-02-28,origin_canada_tsx_composite_first_quantum_minerals,46.0
lightgbm_return,5,6,2026-02-28,peru_bvl_general_lag_6,19.0
lightgbm_return,5,6,2026-02-28,lead_cash_usd_per_ton_lag_1,22.0
lightgbm_return,5,12,2025-01-31,origin_aluminum_cash_usd_per_ton,45.0
lightgbm_return,5,12,2025-01-31,origin_shfe_close_cny_per_ton,57.0
lightgbm_return,5,12,2025-01-31,us_industrial_production_pct_change_12m,41.0
lightgbm_return,5,12,2025-01-31,uk_ftse100_glencore_pct_change_12m,31.0
lightgbm_return,5,12,2025-01-31,south_korea_kospi_lag_6,11.0
lightgbm_return,5,12,2025-01-31,germany_manufacturing_order_books_lag_1,16.0
lightgbm_return,5,12,2025-01-31,origin_lead_cash_usd_per_ton,34.0
lightgbm_return,5,12,2025-01-31,target_lag_1,8.0
lightgbm_return,5,12,2025-01-31,peru_usd_pen_lag_1,10.0
lightgbm_return,5,12,2025-02-28,origin_aluminum_cash_usd_per_ton,42.0
lightgbm_return,5,12,2025-02-28,us_industrial_production_pct_change_12m,34.0
lightgbm_return,5,12,2025-02-28,origin_shfe_close_cny_per_ton,41.0
lightgbm_return,5,12,2025-02-28,uk_ftse100_glencore_pct_change_12m,20.0
lightgbm_return,5,12,2025-02-28,south_korea_kospi_lag_6,18.0
lightgbm_return,5,12,2025-02-28,germany_manufacturing_order_books_lag_1,8.0
lightgbm_return,5,12,2025-02-28,peru_usd_pen_lag_1,16.0
lightgbm_return,5,12,2025-02-28,origin_lead_cash_usd_per_ton,27.0
lightgbm_return,5,12,2025-02-28,origin_zinc_cash_usd_per_ton,22.0
lightgbm_return,5,12,2025-03-31,origin_aluminum_cash_usd_per_ton,20.0
lightgbm_return,5,12,2025-03-31,us_industrial_production_pct_change_12m,25.0
lightgbm_return,5,12,2025-03-31,uk_ftse100_glencore_pct_change_12m,13.0
lightgbm_return,5,12,2025-03-31,origin_copper_price_usd_per_ton,45.0
lightgbm_return,5,12,2025-03-31,origin_shfe_settlement_cny_per_ton,35.0
lightgbm_return,5,12,2025-03-31,germany_manufacturing_order_books_lag_1,48.0
lightgbm_return,5,12,2025-03-31,south_korea_kospi_lag_6,15.0
lightgbm_return,5,12,2025-03-31,origin_zinc_cash_usd_per_ton,19.0
lightgbm_return,5,12,2025-03-31,origin_lead_cash_usd_per_ton,9.0
lightgbm_return,5,12,2025-04-30,origin_aluminum_cash_usd_per_ton,41.0
lightgbm_return,5,12,2025-04-30,aluminum_cash_usd_per_ton_lag_1,32.0
lightgbm_return,5,12,2025-04-30,us_industrial_production_pct_change_12m,25.0
lightgbm_return,5,12,2025-04-30,china_fixed_asset_investment_yoy_pct_lag_3,29.0
lightgbm_return,5,12,2025-04-30,uk_ftse100_glencore_pct_change_12m,43.0
lightgbm_return,5,12,2025-04-30,origin_copper_price_usd_per_ton,30.0
lightgbm_return,5,12,2025-04-30,origin_shfe_settlement_cny_per_ton,37.0
lightgbm_return,5,12,2025-04-30,brent_oil_usd_pct_change_12m,10.0
lightgbm_return,5,12,2025-04-30,uk_ftse100_pct_change_12m,7.0
lightgbm_return,5,12,2025-05-31,origin_aluminum_cash_usd_per_ton,58.0
lightgbm_return,5,12,2025-05-31,aluminum_cash_usd_per_ton_lag_1,73.0
lightgbm_return,5,12,2025-05-31,us_industrial_production_pct_change_12m,65.0
lightgbm_return,5,12,2025-05-31,china_fixed_asset_investment_yoy_pct_lag_3,92.0
lightgbm_return,5,12,2025-05-31,uk_ftse100_glencore_pct_change_12m,22.0
lightgbm_return,5,12,2025-05-31,origin_copper_price_usd_per_ton,45.0
lightgbm_return,5,12,2025-05-31,brent_oil_usd_pct_change_12m,29.0
lightgbm_return,5,12,2025-05-31,origin_shfe_settlement_cny_per_ton,29.0
lightgbm_return,5,12,2025-05-31,origin_lead_cash_usd_per_ton,41.0
lightgbm_return,5,12,2025-06-30,origin_aluminum_cash_usd_per_ton,31.0
lightgbm_return,5,12,2025-06-30,aluminum_cash_usd_per_ton_lag_1,17.0
lightgbm_return,5,12,2025-06-30,us_industrial_production_pct_change_12m,25.0
lightgbm_return,5,12,2025-06-30,china_fixed_asset_investment_yoy_pct_lag_3,24.0
lightgbm_return,5,12,2025-06-30,uk_ftse100_glencore_pct_change_12m,13.0
lightgbm_return,5,12,2025-06-30,origin_copper_price_usd_per_ton,44.0
lightgbm_return,5,12,2025-06-30,brent_oil_usd_pct_change_12m,16.0
lightgbm_return,5,12,2025-06-30,origin_lead_cash_usd_per_ton,25.0
lightgbm_return,5,12,2025-06-30,origin_zinc_cash_usd_per_ton,23.0
lightgbm_return,5,12,2025-07-31,origin_aluminum_cash_usd_per_ton,45.0
lightgbm_return,5,12,2025-07-31,aluminum_cash_usd_per_ton_lag_1,15.0
lightgbm_return,5,12,2025-07-31,us_industrial_production_pct_change_12m,72.0
lightgbm_return,5,12,2025-07-31,china_fixed_asset_investment_yoy_pct_lag_3,19.0
lightgbm_return,5,12,2025-07-31,uk_ftse100_glencore_pct_change_12m,2.0
lightgbm_return,5,12,2025-07-31,origin_copper_price_usd_per_ton,28.0
lightgbm_return,5,12,2025-07-31,g20_composite_leading_indicator_lag_6,10.0
lightgbm_return,5,12,2025-07-31,origin_zinc_cash_usd_per_ton,36.0
lightgbm_return,5,12,2025-07-31,peru_diesel_price_index_pct_change_12m,15.0
lightgbm_return,5,12,2025-08-31,origin_aluminum_cash_usd_per_ton,51.0
lightgbm_return,5,12,2025-08-31,aluminum_cash_usd_per_ton_lag_1,23.0
lightgbm_return,5,12,2025-08-31,us_industrial_production_pct_change_12m,63.0
lightgbm_return,5,12,2025-08-31,china_fixed_asset_investment_yoy_pct_lag_3,29.0
lightgbm_return,5,12,2025-08-31,uk_ftse100_glencore_pct_change_12m,2.0
lightgbm_return,5,12,2025-08-31,peru_diesel_price_index_pct_change_12m,16.0
lightgbm_return,5,12,2025-08-31,origin_copper_price_usd_per_ton,38.0
lightgbm_return,5,12,2025-08-31,origin_zinc_cash_usd_per_ton,7.0
lightgbm_return,5,12,2025-08-31,brent_oil_usd_pct_change_12m,7.0
lightgbm_return,8,1,2025-01-31,uk_ftse100_lag_1,42.0
lightgbm_return,8,1,2025-01-31,peru_bvl_general_lag_3,28.0
lightgbm_return,8,1,2025-01-31,us_industrial_production_lag_1,46.0
lightgbm_return,8,1,2025-01-31,aluminum_stock_ton_pct_change_1m,32.0
lightgbm_return,8,1,2025-01-31,shfe_open_interest_lots_lag_3,38.0
lightgbm_return,8,1,2025-01-31,japan_ppi_pct_change_12m,8.0
lightgbm_return,8,1,2025-01-31,brent_oil_usd_lag_1,13.0
lightgbm_return,8,1,2025-01-31,origin_uk_ftse100,25.0
lightgbm_return,8,1,2025-01-31,us_cpi_index_pct_change_12m,23.0
lightgbm_return,8,1,2025-01-31,canada_tsx_composite_hudbay_minerals_lag_3,20.0
lightgbm_return,8,1,2025-01-31,euro_area_industrial_production_lag_6,33.0
lightgbm_return,8,1,2025-01-31,peru_usd_pen_pct_change_3m,43.0
lightgbm_return,8,1,2025-01-31,uk_ftse100_pct_change_12m,14.0
lightgbm_return,8,1,2025-01-31,tin_stock_ton_change_1m,54.0
lightgbm_return,8,1,2025-01-31,turkey_capacity_electrical_equipment_percent_change_1m,40.0
lightgbm_return,8,1,2025-01-31,india_10y_yield_lag_1,22.0
lightgbm_return,8,1,2025-01-31,aluminum_stock_ton_change_1m,18.0
lightgbm_return,8,1,2025-01-31,australia_asx200_pct_change_12m,29.0
lightgbm_return,8,1,2025-01-31,india_10y_yield_pct_change_3m,14.0
lightgbm_return,8,1,2025-02-28,us_industrial_production_lag_1,66.0
lightgbm_return,8,1,2025-02-28,uk_ftse100_lag_1,15.0
lightgbm_return,8,1,2025-02-28,shfe_open_interest_lots_lag_3,32.0
lightgbm_return,8,1,2025-02-28,aluminum_stock_ton_pct_change_1m,20.0
lightgbm_return,8,1,2025-02-28,tin_stock_ton_change_1m,30.0
lightgbm_return,8,1,2025-02-28,uk_ftse100_pct_change_12m,21.0
lightgbm_return,8,1,2025-02-28,euro_area_industrial_production_lag_6,40.0
lightgbm_return,8,1,2025-02-28,peru_bvl_general_lag_3,25.0
lightgbm_return,8,1,2025-02-28,shfe_open_interest_lots_lag_1,36.0
lightgbm_return,8,1,2025-02-28,us_cpi_index_pct_change_12m,23.0
lightgbm_return,8,1,2025-02-28,brent_oil_usd_lag_1,11.0
lightgbm_return,8,1,2025-02-28,peru_usd_pen_pct_change_3m,43.0
lightgbm_return,8,1,2025-02-28,turkey_capacity_electrical_equipment_percent_pct_change_1m,38.0
lightgbm_return,8,1,2025-02-28,india_10y_yield_lag_1,4.0
lightgbm_return,8,1,2025-02-28,japan_ppi_pct_change_12m,44.0
lightgbm_return,8,1,2025-02-28,australia_asx200_pct_change_12m,28.0
lightgbm_return,8,1,2025-02-28,brent_oil_usd_pct_change_12m,28.0
lightgbm_return,8,1,2025-02-28,india_10y_yield_pct_change_3m,24.0
lightgbm_return,8,1,2025-02-28,aluminum_stock_ton_change_1m,20.0
lightgbm_return,8,1,2025-03-31,us_industrial_production_lag_1,27.0
lightgbm_return,8,1,2025-03-31,euro_area_industrial_production_lag_6,34.0
lightgbm_return,8,1,2025-03-31,tin_stock_ton_change_1m,22.0
lightgbm_return,8,1,2025-03-31,turkey_capacity_electrical_equipment_percent_pct_change_1m,33.0
lightgbm_return,8,1,2025-03-31,aluminum_stock_ton_pct_change_1m,16.0
lightgbm_return,8,1,2025-03-31,shfe_open_interest_lots_lag_3,16.0
lightgbm_return,8,1,2025-03-31,uk_ftse100_lag_1,23.0
lightgbm_return,8,1,2025-03-31,shfe_open_interest_lots_lag_1,8.0
lightgbm_return,8,1,2025-03-31,india_10y_yield_lag_1,12.0
lightgbm_return,8,1,2025-03-31,peru_bvl_general_lag_3,13.0
lightgbm_return,8,1,2025-03-31,brent_oil_usd_lag_1,4.0
lightgbm_return,8,1,2025-03-31,us_cpi_index_pct_change_12m,5.0
lightgbm_return,8,1,2025-03-31,aluminum_stock_ton_change_1m,14.0
lightgbm_return,8,1,2025-03-31,korea_call_money_rate_pct_change_12m,2.0
lightgbm_return,8,1,2025-03-31,us_10y_2y_spread_pct_change_12m,4.0
lightgbm_return,8,1,2025-03-31,japan_ppi_pct_change_12m,5.0
lightgbm_return,8,1,2025-03-31,lead_cash_usd_per_ton_lag_3,11.0
lightgbm_return,8,1,2025-03-31,origin_global_portcalls,2.0
lightgbm_return,8,1,2025-03-31,india_10y_yield_pct_change_3m,5.0
lightgbm_return,8,1,2025-04-30,us_industrial_production_lag_1,46.0
lightgbm_return,8,1,2025-04-30,uk_ftse100_lag_1,35.0
lightgbm_return,8,1,2025-04-30,peru_bvl_general_lag_3,21.0
lightgbm_return,8,1,2025-04-30,aluminum_stock_ton_pct_change_1m,44.0
lightgbm_return,8,1,2025-04-30,euro_area_industrial_production_lag_6,43.0
lightgbm_return,8,1,2025-04-30,turkey_capacity_electrical_equipment_percent_pct_change_1m,39.0
lightgbm_return,8,1,2025-04-30,tin_stock_ton_change_1m,39.0
lightgbm_return,8,1,2025-04-30,brent_oil_usd_lag_1,11.0
lightgbm_return,8,1,2025-04-30,shfe_open_interest_lots_lag_1,12.0
lightgbm_return,8,1,2025-04-30,japan_ppi_pct_change_12m,20.0
lightgbm_return,8,1,2025-04-30,shfe_open_interest_lots_lag_3,34.0
lightgbm_return,8,1,2025-04-30,india_10y_yield_lag_1,9.0
lightgbm_return,8,1,2025-04-30,aluminum_stock_ton_change_1m,28.0
lightgbm_return,8,1,2025-04-30,us_cpi_index_pct_change_12m,10.0
lightgbm_return,8,1,2025-04-30,origin_global_portcalls,16.0
lightgbm_return,8,1,2025-04-30,peru_usd_pen_pct_change_3m,61.0
lightgbm_return,8,1,2025-04-30,us_cpi_index_pct_change_3m,22.0
lightgbm_return,8,1,2025-04-30,zinc_cash_usd_per_ton_lag_6,14.0
lightgbm_return,8,1,2025-04-30,origin_uk_ftse100,11.0
lightgbm_return,8,1,2025-05-31,us_industrial_production_lag_1,43.0
lightgbm_return,8,1,2025-05-31,euro_area_industrial_production_lag_6,54.0
lightgbm_return,8,1,2025-05-31,tin_stock_ton_change_1m,24.0
lightgbm_return,8,1,2025-05-31,peru_bvl_general_lag_3,26.0
lightgbm_return,8,1,2025-05-31,brent_oil_usd_lag_1,11.0
lightgbm_return,8,1,2025-05-31,uk_ftse100_lag_1,27.0
lightgbm_return,8,1,2025-05-31,aluminum_stock_ton_pct_change_1m,56.0
lightgbm_return,8,1,2025-05-31,korea_call_money_rate_pct_change_12m,11.0
lightgbm_return,8,1,2025-05-31,shfe_open_interest_lots_lag_3,22.0
lightgbm_return,8,1,2025-05-31,india_10y_yield_lag_1,13.0
lightgbm_return,8,1,2025-05-31,us_cpi_index_pct_change_12m,9.0
lightgbm_return,8,1,2025-05-31,japan_ppi_pct_change_12m,21.0
lightgbm_return,8,1,2025-05-31,euro_area_industrial_production_lag_3,38.0
lightgbm_return,8,1,2025-05-31,china_fixed_asset_investment_yoy_pct_pct_change_1m,40.0
lightgbm_return,8,1,2025-05-31,zinc_cash_usd_per_ton_lag_6,29.0
lightgbm_return,8,1,2025-05-31,origin_global_portcalls,21.0
lightgbm_return,8,1,2025-05-31,india_10y_yield_pct_change_12m,24.0
lightgbm_return,8,1,2025-05-31,turkey_capacity_electrical_equipment_percent_pct_change_1m,43.0
lightgbm_return,8,1,2025-05-31,m2_money_supply_pct_change_1m,13.0
lightgbm_return,8,1,2025-06-30,us_industrial_production_lag_1,21.0
lightgbm_return,8,1,2025-06-30,euro_area_industrial_production_lag_6,36.0
lightgbm_return,8,1,2025-06-30,tin_stock_ton_change_1m,34.0
lightgbm_return,8,1,2025-06-30,brent_oil_usd_lag_1,6.0
lightgbm_return,8,1,2025-06-30,peru_bvl_general_lag_3,9.0
lightgbm_return,8,1,2025-06-30,korea_call_money_rate_pct_change_12m,0.0
lightgbm_return,8,1,2025-06-30,india_10y_yield_lag_1,3.0
lightgbm_return,8,1,2025-06-30,shfe_open_interest_lots_lag_3,10.0
lightgbm_return,8,1,2025-06-30,aluminum_stock_ton_pct_change_1m,30.0
lightgbm_return,8,1,2025-06-30,turkey_capacity_electrical_equipment_percent_change_1m,20.0
lightgbm_return,8,1,2025-06-30,uk_ftse100_lag_1,14.0
lightgbm_return,8,1,2025-06-30,us_cpi_index_pct_change_12m,5.0
lightgbm_return,8,1,2025-06-30,india_10y_yield_pct_change_12m,0.0
lightgbm_return,8,1,2025-06-30,us_10y_2y_spread_pct_change_12m,1.0
lightgbm_return,8,1,2025-06-30,euro_area_industrial_production_lag_3,16.0
lightgbm_return,8,1,2025-06-30,shfe_open_interest_lots_pct_change_12m,12.0
lightgbm_return,8,1,2025-06-30,lead_cash_usd_per_ton_lag_3,7.0
lightgbm_return,8,1,2025-06-30,china_fixed_asset_investment_yoy_pct_pct_change_1m,11.0
lightgbm_return,8,1,2025-06-30,uk_ftse100_glencore_lag_1,14.0
lightgbm_return,8,1,2025-07-31,us_industrial_production_lag_1,37.0
lightgbm_return,8,1,2025-07-31,euro_area_industrial_production_lag_6,50.0
lightgbm_return,8,1,2025-07-31,tin_stock_ton_change_1m,38.0
lightgbm_return,8,1,2025-07-31,shfe_open_interest_lots_lag_3,27.0
lightgbm_return,8,1,2025-07-31,aluminum_stock_ton_pct_change_1m,41.0
lightgbm_return,8,1,2025-07-31,turkey_capacity_electrical_equipment_percent_change_1m,59.0
lightgbm_return,8,1,2025-07-31,aluminum_stock_ton_change_1m,23.0
lightgbm_return,8,1,2025-07-31,india_10y_yield_lag_1,12.0
lightgbm_return,8,1,2025-07-31,uk_ftse100_lag_1,22.0
lightgbm_return,8,1,2025-07-31,lead_cash_usd_per_ton_lag_3,22.0
lightgbm_return,8,1,2025-07-31,peru_bvl_general_lag_3,22.0
lightgbm_return,8,1,2025-07-31,brent_oil_usd_lag_1,4.0
lightgbm_return,8,1,2025-07-31,shfe_open_interest_lots_lag_1,13.0
lightgbm_return,8,1,2025-07-31,m2_money_supply_change_1m,34.0
lightgbm_return,8,1,2025-07-31,uk_ftse100_pct_change_12m,27.0
lightgbm_return,8,1,2025-07-31,china_fixed_asset_investment_yoy_pct_pct_change_1m,24.0
lightgbm_return,8,1,2025-07-31,australia_asx200_pct_change_12m,48.0
lightgbm_return,8,1,2025-07-31,korea_call_money_rate_pct_change_12m,8.0
lightgbm_return,8,1,2025-07-31,china_fixed_asset_investment_yoy_pct_lag_3,21.0
lightgbm_return,8,1,2025-08-31,us_industrial_production_lag_1,41.0
lightgbm_return,8,1,2025-08-31,shfe_open_interest_lots_lag_3,27.0
lightgbm_return,8,1,2025-08-31,aluminum_stock_ton_pct_change_1m,25.0
lightgbm_return,8,1,2025-08-31,uk_ftse100_pct_change_12m,26.0
lightgbm_return,8,1,2025-08-31,uk_ftse100_lag_1,17.0
lightgbm_return,8,1,2025-08-31,aluminum_stock_ton_change_1m,28.0
lightgbm_return,8,1,2025-08-31,australia_asx200_pct_change_12m,23.0
lightgbm_return,8,1,2025-08-31,tin_stock_ton_change_1m,44.0
lightgbm_return,8,1,2025-08-31,china_fixed_asset_investment_yoy_pct_lag_3,25.0
lightgbm_return,8,1,2025-08-31,euro_area_industrial_production_lag_6,27.0
lightgbm_return,8,1,2025-08-31,shfe_open_interest_lots_lag_1,26.0
lightgbm_return,8,1,2025-08-31,m2_money_supply_change_1m,19.0
lightgbm_return,8,1,2025-08-31,turkey_capacity_electrical_equipment_percent_change_1m,56.0
lightgbm_return,8,1,2025-08-31,lead_cash_usd_per_ton_lag_3,31.0
lightgbm_return,8,1,2025-08-31,euro_area_construction_output_pct_change_12m,24.0
lightgbm_return,8,1,2025-08-31,china_fixed_asset_investment_yoy_pct_pct_change_1m,46.0
lightgbm_return,8,1,2025-08-31,vix_index_lag_1,20.0
lightgbm_return,8,1,2025-08-31,peru_bvl_general_lag_3,24.0
lightgbm_return,8,1,2025-08-31,india_10y_yield_lag_1,21.0
lightgbm_return,8,1,2025-09-30,us_industrial_production_lag_1,18.0
lightgbm_return,8,1,2025-09-30,shfe_open_interest_lots_lag_3,22.0
lightgbm_return,8,1,2025-09-30,aluminum_stock_ton_pct_change_1m,18.0
lightgbm_return,8,1,2025-09-30,china_fixed_asset_investment_yoy_pct_lag_3,14.0
lightgbm_return,8,1,2025-09-30,aluminum_stock_ton_change_1m,18.0
lightgbm_return,8,1,2025-09-30,tin_stock_ton_change_1m,20.0
lightgbm_return,8,1,2025-09-30,uk_ftse100_pct_change_12m,13.0
lightgbm_return,8,1,2025-09-30,lead_cash_usd_per_ton_lag_3,10.0
lightgbm_return,8,1,2025-09-30,euro_area_industrial_production_lag_6,12.0
lightgbm_return,8,1,2025-09-30,m2_money_supply_change_1m,15.0
lightgbm_return,8,1,2025-09-30,turkey_capacity_electrical_equipment_percent_change_1m,32.0
lightgbm_return,8,1,2025-09-30,shfe_open_interest_lots_lag_1,11.0
lightgbm_return,8,1,2025-09-30,australia_asx200_pct_change_12m,20.0
lightgbm_return,8,1,2025-09-30,uk_ftse100_lag_1,3.0
lightgbm_return,8,1,2025-09-30,fed_interest_rate_pct_change_12m,1.0
lightgbm_return,8,1,2025-09-30,euro_area_construction_output_pct_change_12m,15.0
lightgbm_return,8,1,2025-09-30,vix_index_lag_1,14.0
lightgbm_return,8,1,2025-09-30,india_10y_yield_lag_1,8.0
lightgbm_return,8,1,2025-09-30,us_10y_2y_spread_pct_change_12m,9.0
lightgbm_return,8,1,2025-10-31,china_fixed_asset_investment_yoy_pct_lag_3,23.0
lightgbm_return,8,1,2025-10-31,aluminum_stock_ton_pct_change_1m,39.0
lightgbm_return,8,1,2025-10-31,aluminum_stock_ton_change_1m,28.0
lightgbm_return,8,1,2025-10-31,lead_cash_usd_per_ton_lag_3,37.0
lightgbm_return,8,1,2025-10-31,shfe_open_interest_lots_lag_3,21.0
lightgbm_return,8,1,2025-10-31,fed_interest_rate_pct_change_12m,5.0
lightgbm_return,8,1,2025-10-31,us_industrial_production_lag_1,17.0
lightgbm_return,8,1,2025-10-31,m2_money_supply_change_1m,22.0
lightgbm_return,8,1,2025-10-31,tin_stock_ton_change_1m,52.0
lightgbm_return,8,1,2025-10-31,uk_ftse100_pct_change_12m,28.0
lightgbm_return,8,1,2025-10-31,us_10y_2y_spread_pct_change_12m,17.0
lightgbm_return,8,1,2025-10-31,shfe_open_interest_lots_lag_1,43.0
lightgbm_return,8,1,2025-10-31,vix_index_lag_1,15.0
lightgbm_return,8,1,2025-10-31,india_10y_yield_lag_1,13.0
lightgbm_return,8,1,2025-10-31,korea_call_money_rate_pct_change_12m,4.0
lightgbm_return,8,1,2025-10-31,euro_area_construction_output_pct_change_12m,32.0
lightgbm_return,8,1,2025-10-31,turkey_capacity_electrical_equipment_percent_change_1m,48.0
lightgbm_return,8,1,2025-10-31,global_economic_policy_uncertainty_index_lag_3,41.0
lightgbm_return,8,1,2025-10-31,euro_area_industrial_production_lag_6,19.0
lightgbm_return,8,1,2025-11-30,china_fixed_asset_investment_yoy_pct_lag_3,34.0
lightgbm_return,8,1,2025-11-30,aluminum_stock_ton_pct_change_1m,37.0
lightgbm_return,8,1,2025-11-30,lead_cash_usd_per_ton_lag_3,24.0
lightgbm_return,8,1,2025-11-30,aluminum_stock_ton_change_1m,21.0
lightgbm_return,8,1,2025-11-30,fed_interest_rate_pct_change_12m,16.0
lightgbm_return,8,1,2025-11-30,shfe_open_interest_lots_lag_3,18.0
lightgbm_return,8,1,2025-11-30,m2_money_supply_change_1m,21.0
lightgbm_return,8,1,2025-11-30,us_industrial_production_lag_1,18.0
lightgbm_return,8,1,2025-11-30,tin_stock_ton_change_1m,54.0
lightgbm_return,8,1,2025-11-30,us_10y_2y_spread_pct_change_12m,9.0
lightgbm_return,8,1,2025-11-30,uk_ftse100_pct_change_12m,41.0
lightgbm_return,8,1,2025-11-30,vix_index_lag_1,24.0
lightgbm_return,8,1,2025-11-30,shfe_open_interest_lots_lag_1,18.0
lightgbm_return,8,1,2025-11-30,korea_call_money_rate_pct_change_12m,6.0
lightgbm_return,8,1,2025-11-30,india_10y_yield_lag_1,10.0
lightgbm_return,8,1,2025-11-30,euro_area_construction_output_pct_change_12m,45.0
lightgbm_return,8,1,2025-11-30,turkey_capacity_electrical_equipment_percent_change_1m,58.0
lightgbm_return,8,1,2025-11-30,global_economic_policy_uncertainty_index_lag_3,44.0
lightgbm_return,8,1,2025-11-30,global_economic_policy_uncertainty_index_lag_1,19.0
lightgbm_return,8,1,2025-12-31,china_fixed_asset_investment_yoy_pct_lag_3,5.0
lightgbm_return,8,1,2025-12-31,aluminum_stock_ton_pct_change_1m,18.0
lightgbm_return,8,1,2025-12-31,lead_cash_usd_per_ton_lag_3,21.0
lightgbm_return,8,1,2025-12-31,aluminum_stock_ton_change_1m,13.0
lightgbm_return,8,1,2025-12-31,fed_interest_rate_pct_change_12m,1.0
lightgbm_return,8,1,2025-12-31,us_10y_2y_spread_pct_change_12m,11.0
lightgbm_return,8,1,2025-12-31,m2_money_supply_change_1m,11.0
lightgbm_return,8,1,2025-12-31,shfe_open_interest_lots_lag_3,4.0
lightgbm_return,8,1,2025-12-31,us_industrial_production_lag_1,2.0
lightgbm_return,8,1,2025-12-31,korea_call_money_rate_pct_change_12m,12.0
lightgbm_return,8,1,2025-12-31,india_10y_yield_lag_1,4.0
lightgbm_return,8,1,2025-12-31,global_economic_policy_uncertainty_index_lag_3,6.0
lightgbm_return,8,1,2025-12-31,tin_stock_ton_change_1m,78.0
lightgbm_return,8,1,2025-12-31,global_economic_policy_uncertainty_index_lag_1,1.0
lightgbm_return,8,1,2025-12-31,china_fixed_asset_investment_yoy_pct_lag_1,1.0
lightgbm_return,8,1,2025-12-31,vix_index_lag_1,4.0
lightgbm_return,8,1,2025-12-31,germany_manufacturing_order_books_lag_6,0.0
lightgbm_return,8,1,2025-12-31,euro_area_industrial_production_lag_6,3.0
lightgbm_return,8,1,2025-12-31,usa_nyse_mp_materials_pct_change_3m,25.0
lightgbm_return,8,1,2026-01-31,china_fixed_asset_investment_yoy_pct_lag_3,25.0
lightgbm_return,8,1,2026-01-31,lead_cash_usd_per_ton_lag_3,15.0
lightgbm_return,8,1,2026-01-31,fed_interest_rate_pct_change_12m,2.0
lightgbm_return,8,1,2026-01-31,aluminum_stock_ton_pct_change_1m,36.0
lightgbm_return,8,1,2026-01-31,aluminum_stock_ton_change_1m,21.0
lightgbm_return,8,1,2026-01-31,us_10y_2y_spread_pct_change_12m,15.0
lightgbm_return,8,1,2026-01-31,global_economic_policy_uncertainty_index_lag_1,6.0
lightgbm_return,8,1,2026-01-31,china_fixed_asset_investment_yoy_pct_lag_1,15.0
lightgbm_return,8,1,2026-01-31,global_economic_policy_uncertainty_index_lag_3,8.0
lightgbm_return,8,1,2026-01-31,turkey_capacity_machinery_percent_lag_1,15.0
lightgbm_return,8,1,2026-01-31,india_10y_yield_lag_1,9.0
lightgbm_return,8,1,2026-01-31,germany_manufacturing_order_books_lag_6,2.0
lightgbm_return,8,1,2026-01-31,korea_call_money_rate_pct_change_12m,19.0
lightgbm_return,8,1,2026-01-31,vix_index_lag_1,27.0
lightgbm_return,8,1,2026-01-31,fed_interest_rate_pct_change_1m,21.0
lightgbm_return,8,1,2026-01-31,m2_money_supply_change_1m,23.0
lightgbm_return,8,1,2026-01-31,brent_oil_usd_pct_change_12m,5.0
lightgbm_return,8,1,2026-01-31,lead_cash_usd_per_ton_lag_1,11.0
lightgbm_return,8,1,2026-01-31,turkey_manufacturing_capacity_utilization_percent_lag_1,6.0
lightgbm_return,8,1,2026-02-28,china_fixed_asset_investment_yoy_pct_lag_3,11.0
lightgbm_return,8,1,2026-02-28,lead_cash_usd_per_ton_lag_3,35.0
lightgbm_return,8,1,2026-02-28,aluminum_stock_ton_pct_change_1m,21.0
lightgbm_return,8,1,2026-02-28,aluminum_stock_ton_change_1m,18.0
lightgbm_return,8,1,2026-02-28,fed_interest_rate_pct_change_12m,2.0
lightgbm_return,8,1,2026-02-28,us_10y_2y_spread_pct_change_12m,1.0
lightgbm_return,8,1,2026-02-28,global_economic_policy_uncertainty_index_lag_1,0.0
lightgbm_return,8,1,2026-02-28,china_fixed_asset_investment_yoy_pct_lag_1,2.0
lightgbm_return,8,1,2026-02-28,global_economic_policy_uncertainty_index_lag_3,0.0
lightgbm_return,8,1,2026-02-28,india_10y_yield_lag_1,7.0
lightgbm_return,8,1,2026-02-28,vix_index_lag_1,11.0
lightgbm_return,8,1,2026-02-28,korea_call_money_rate_pct_change_12m,4.0
lightgbm_return,8,1,2026-02-28,turkey_capacity_machinery_percent_lag_1,4.0
lightgbm_return,8,1,2026-02-28,m2_money_supply_change_1m,13.0
lightgbm_return,8,1,2026-02-28,germany_manufacturing_order_books_lag_6,1.0
lightgbm_return,8,1,2026-02-28,us_industrial_production_lag_1,5.0
lightgbm_return,8,1,2026-02-28,tin_stock_ton_change_1m,83.0
lightgbm_return,8,1,2026-02-28,fed_interest_rate_pct_change_1m,4.0
lightgbm_return,8,1,2026-02-28,brent_oil_usd_pct_change_12m,5.0
lightgbm_return,8,1,2026-03-31,china_fixed_asset_investment_yoy_pct_lag_3,4.0
lightgbm_return,8,1,2026-03-31,aluminum_stock_ton_pct_change_1m,34.0
lightgbm_return,8,1,2026-03-31,lead_cash_usd_per_ton_lag_3,27.0
lightgbm_return,8,1,2026-03-31,aluminum_stock_ton_change_1m,5.0
lightgbm_return,8,1,2026-03-31,fed_interest_rate_pct_change_12m,3.0
lightgbm_return,8,1,2026-03-31,us_10y_2y_spread_pct_change_12m,20.0
lightgbm_return,8,1,2026-03-31,china_fixed_asset_investment_yoy_pct_lag_1,3.0
lightgbm_return,8,1,2026-03-31,tin_stock_ton_change_1m,70.0
lightgbm_return,8,1,2026-03-31,india_10y_yield_lag_1,7.0
lightgbm_return,8,1,2026-03-31,vix_index_lag_1,14.0
lightgbm_return,8,1,2026-03-31,us_industrial_production_lag_1,6.0
lightgbm_return,8,1,2026-03-31,m2_money_supply_change_1m,13.0
lightgbm_return,8,1,2026-03-31,shfe_open_interest_lots_lag_3,8.0
lightgbm_return,8,1,2026-03-31,korea_call_money_rate_pct_change_12m,6.0
lightgbm_return,8,1,2026-03-31,global_economic_policy_uncertainty_index_lag_1,3.0
lightgbm_return,8,1,2026-03-31,tin_stock_ton_lag_12,11.0
lightgbm_return,8,1,2026-03-31,germany_manufacturing_order_books_lag_6,0.0
lightgbm_return,8,1,2026-03-31,brent_oil_usd_lag_1,2.0
lightgbm_return,8,1,2026-03-31,global_economic_policy_uncertainty_index_lag_3,1.0
lightgbm_return,8,1,2026-04-30,china_fixed_asset_investment_yoy_pct_lag_3,12.0
lightgbm_return,8,1,2026-04-30,lead_cash_usd_per_ton_lag_3,29.0
lightgbm_return,8,1,2026-04-30,aluminum_stock_ton_pct_change_1m,21.0
lightgbm_return,8,1,2026-04-30,aluminum_stock_ton_change_1m,10.0
lightgbm_return,8,1,2026-04-30,fed_interest_rate_pct_change_12m,5.0
lightgbm_return,8,1,2026-04-30,us_10y_2y_spread_pct_change_12m,5.0
lightgbm_return,8,1,2026-04-30,china_fixed_asset_investment_yoy_pct_lag_1,15.0
lightgbm_return,8,1,2026-04-30,tin_stock_ton_change_1m,43.0
lightgbm_return,8,1,2026-04-30,india_10y_yield_lag_1,8.0
lightgbm_return,8,1,2026-04-30,m2_money_supply_change_1m,19.0
lightgbm_return,8,1,2026-04-30,vix_index_lag_1,15.0
lightgbm_return,8,1,2026-04-30,global_economic_policy_uncertainty_index_lag_1,4.0
lightgbm_return,8,1,2026-04-30,korea_call_money_rate_pct_change_12m,9.0
lightgbm_return,8,1,2026-04-30,us_industrial_production_lag_1,20.0
lightgbm_return,8,1,2026-04-30,germany_manufacturing_order_books_lag_6,3.0
lightgbm_return,8,1,2026-04-30,global_economic_policy_uncertainty_index_lag_3,5.0
lightgbm_return,8,1,2026-04-30,shfe_open_interest_lots_lag_3,10.0
lightgbm_return,8,1,2026-04-30,turkey_capacity_machinery_percent_lag_1,9.0
lightgbm_return,8,1,2026-04-30,tin_stock_ton_lag_12,12.0
lightgbm_return,8,1,2026-05-31,china_fixed_asset_investment_yoy_pct_lag_3,5.0
lightgbm_return,8,1,2026-05-31,lead_cash_usd_per_ton_lag_3,38.0
lightgbm_return,8,1,2026-05-31,aluminum_stock_ton_change_1m,7.0
lightgbm_return,8,1,2026-05-31,aluminum_stock_ton_pct_change_1m,17.0
lightgbm_return,8,1,2026-05-31,fed_interest_rate_pct_change_12m,9.0
lightgbm_return,8,1,2026-05-31,china_fixed_asset_investment_yoy_pct_lag_1,11.0
lightgbm_return,8,1,2026-05-31,us_10y_2y_spread_pct_change_12m,7.0
lightgbm_return,8,1,2026-05-31,vix_index_lag_1,5.0
lightgbm_return,8,1,2026-05-31,global_economic_policy_uncertainty_index_lag_1,1.0
lightgbm_return,8,1,2026-05-31,india_10y_yield_lag_1,5.0
lightgbm_return,8,1,2026-05-31,korea_call_money_rate_pct_change_12m,8.0
lightgbm_return,8,1,2026-05-31,germany_manufacturing_order_books_lag_6,4.0
lightgbm_return,8,1,2026-05-31,global_economic_policy_uncertainty_index_lag_3,1.0
lightgbm_return,8,1,2026-05-31,tin_stock_ton_change_1m,71.0
lightgbm_return,8,1,2026-05-31,turkey_capacity_machinery_percent_lag_1,5.0
lightgbm_return,8,1,2026-05-31,m2_money_supply_change_1m,22.0
lightgbm_return,8,1,2026-05-31,lead_cash_usd_per_ton_lag_1,8.0
lightgbm_return,8,1,2026-05-31,euro_area_industrial_production_lag_6,8.0
lightgbm_return,8,1,2026-05-31,turkey_manufacturing_capacity_utilization_percent_lag_1,5.0
lightgbm_return,8,1,2026-06-30,china_fixed_asset_investment_yoy_pct_lag_3,7.0
lightgbm_return,8,1,2026-06-30,lead_cash_usd_per_ton_lag_3,18.0
lightgbm_return,8,1,2026-06-30,aluminum_stock_ton_change_1m,9.0
lightgbm_return,8,1,2026-06-30,china_fixed_asset_investment_yoy_pct_lag_1,6.0
lightgbm_return,8,1,2026-06-30,fed_interest_rate_pct_change_12m,12.0
lightgbm_return,8,1,2026-06-30,aluminum_stock_ton_pct_change_1m,15.0
lightgbm_return,8,1,2026-06-30,us_10y_2y_spread_pct_change_12m,22.0
lightgbm_return,8,1,2026-06-30,global_economic_policy_uncertainty_index_lag_1,3.0
lightgbm_return,8,1,2026-06-30,vix_index_lag_1,13.0
lightgbm_return,8,1,2026-06-30,india_10y_yield_lag_1,4.0
lightgbm_return,8,1,2026-06-30,global_economic_policy_uncertainty_index_lag_3,5.0
lightgbm_return,8,1,2026-06-30,korea_call_money_rate_pct_change_12m,5.0
lightgbm_return,8,1,2026-06-30,germany_manufacturing_order_books_lag_6,2.0
lightgbm_return,8,1,2026-06-30,turkey_capacity_machinery_percent_lag_1,8.0
lightgbm_return,8,1,2026-06-30,tin_stock_ton_change_1m,67.0
lightgbm_return,8,1,2026-06-30,lead_cash_usd_per_ton_lag_1,13.0
lightgbm_return,8,1,2026-06-30,m2_money_supply_change_1m,18.0
lightgbm_return,8,1,2026-06-30,euro_area_industrial_production_lag_6,4.0
lightgbm_return,8,1,2026-06-30,turkey_manufacturing_capacity_utilization_percent_lag_1,3.0
lightgbm_return,8,1,2026-07-31,china_fixed_asset_investment_yoy_pct_lag_3,7.0
lightgbm_return,8,1,2026-07-31,lead_cash_usd_per_ton_lag_3,21.0
lightgbm_return,8,1,2026-07-31,fed_interest_rate_pct_change_12m,6.0
lightgbm_return,8,1,2026-07-31,aluminum_stock_ton_change_1m,7.0
lightgbm_return,8,1,2026-07-31,aluminum_stock_ton_pct_change_1m,12.0
lightgbm_return,8,1,2026-07-31,us_10y_2y_spread_pct_change_12m,18.0
lightgbm_return,8,1,2026-07-31,china_fixed_asset_investment_yoy_pct_lag_1,7.0
lightgbm_return,8,1,2026-07-31,vix_index_lag_1,6.0
lightgbm_return,8,1,2026-07-31,global_economic_policy_uncertainty_index_lag_1,4.0
lightgbm_return,8,1,2026-07-31,korea_call_money_rate_pct_change_12m,9.0
lightgbm_return,8,1,2026-07-31,tin_stock_ton_change_1m,71.0
lightgbm_return,8,1,2026-07-31,m2_money_supply_change_1m,20.0
lightgbm_return,8,1,2026-07-31,india_10y_yield_lag_1,2.0
lightgbm_return,8,1,2026-07-31,germany_manufacturing_order_books_lag_6,4.0
lightgbm_return,8,1,2026-07-31,global_economic_policy_uncertainty_index_lag_3,3.0
lightgbm_return,8,1,2026-07-31,japan_ppi_pct_change_12m,6.0
lightgbm_return,8,1,2026-07-31,euro_area_construction_output_pct_change_12m,1.0
lightgbm_return,8,1,2026-07-31,vix_index_pct_change_12m,17.0
lightgbm_return,8,1,2026-07-31,indonesia_call_money_rate_pct_change_3m,4.0
lightgbm_return,8,3,2025-01-31,china_fixed_asset_investment_yoy_pct_pct_change_1m,27.0
lightgbm_return,8,3,2025-01-31,peru_usd_pen_pct_change_3m,20.0
lightgbm_return,8,3,2025-01-31,origin_uk_ftse100,11.0
lightgbm_return,8,3,2025-01-31,peru_bvl_general_lag_3,24.0
lightgbm_return,8,3,2025-01-31,usa_nyse_mp_materials_lag_3,13.0
lightgbm_return,8,3,2025-01-31,shfe_open_interest_lots_lag_1,13.0
lightgbm_return,8,3,2025-01-31,uk_ftse100_lag_1,9.0
lightgbm_return,8,3,2025-01-31,global_container_import_lag_12,16.0
lightgbm_return,8,3,2025-01-31,us_industrial_production_lag_1,10.0
lightgbm_return,8,3,2025-01-31,peru_bvl_general_lag_1,6.0
lightgbm_return,8,3,2025-01-31,canada_tsx_composite_teck_resources_lag_1,20.0
lightgbm_return,8,3,2025-01-31,brent_oil_usd_lag_1,10.0
lightgbm_return,8,3,2025-01-31,lead_cash_usd_per_ton_lag_3,18.0
lightgbm_return,8,3,2025-01-31,canada_tsx_composite_hudbay_minerals_lag_3,3.0
lightgbm_return,8,3,2025-01-31,canada_tsx_composite_hudbay_minerals_lag_1,16.0
lightgbm_return,8,3,2025-01-31,indonesia_jakarta_composite_lag_3,15.0
lightgbm_return,8,3,2025-01-31,nickel_stock_ton_pct_change_12m,15.0
lightgbm_return,8,3,2025-01-31,china_copper_related_dry_bulk_export_lag_12,4.0
lightgbm_return,8,3,2025-02-28,china_fixed_asset_investment_yoy_pct_pct_change_1m,36.0
lightgbm_return,8,3,2025-02-28,peru_usd_pen_pct_change_3m,33.0
lightgbm_return,8,3,2025-02-28,peru_bvl_general_lag_3,17.0
lightgbm_return,8,3,2025-02-28,origin_uk_ftse100,11.0
lightgbm_return,8,3,2025-02-28,shfe_open_interest_lots_lag_1,11.0
lightgbm_return,8,3,2025-02-28,usa_nyse_mp_materials_lag_3,23.0
lightgbm_return,8,3,2025-02-28,us_industrial_production_lag_1,1.0
lightgbm_return,8,3,2025-02-28,global_container_import_lag_12,11.0
lightgbm_return,8,3,2025-02-28,uk_ftse100_lag_1,4.0
lightgbm_return,8,3,2025-02-28,lead_cash_usd_per_ton_lag_3,15.0
lightgbm_return,8,3,2025-02-28,peru_bvl_general_lag_1,13.0
lightgbm_return,8,3,2025-02-28,brent_oil_usd_lag_1,22.0
lightgbm_return,8,3,2025-02-28,canada_tsx_composite_hudbay_minerals_lag_3,4.0
lightgbm_return,8,3,2025-02-28,canada_tsx_composite_teck_resources_lag_1,3.0
lightgbm_return,8,3,2025-02-28,canada_tsx_composite_hudbay_minerals_lag_1,23.0
lightgbm_return,8,3,2025-02-28,us_10y_2y_spread_pct_change_12m,14.0
lightgbm_return,8,3,2025-02-28,euro_area_industrial_production_lag_6,2.0
lightgbm_return,8,3,2025-02-28,nickel_stock_ton_pct_change_12m,18.0
lightgbm_return,8,3,2025-03-31,china_fixed_asset_investment_yoy_pct_pct_change_1m,37.0
lightgbm_return,8,3,2025-03-31,peru_bvl_general_lag_3,24.0
lightgbm_return,8,3,2025-03-31,peru_usd_pen_pct_change_3m,34.0
lightgbm_return,8,3,2025-03-31,us_industrial_production_lag_1,4.0
lightgbm_return,8,3,2025-03-31,usa_nyse_mp_materials_lag_3,30.0
lightgbm_return,8,3,2025-03-31,origin_uk_ftse100,11.0
lightgbm_return,8,3,2025-03-31,shfe_open_interest_lots_lag_1,28.0
lightgbm_return,8,3,2025-03-31,lead_cash_usd_per_ton_lag_3,11.0
lightgbm_return,8,3,2025-03-31,global_container_import_lag_12,11.0
lightgbm_return,8,3,2025-03-31,brent_oil_usd_lag_1,14.0
lightgbm_return,8,3,2025-03-31,uk_ftse100_lag_1,10.0
lightgbm_return,8,3,2025-03-31,peru_bvl_general_lag_1,15.0
lightgbm_return,8,3,2025-03-31,euro_area_industrial_production_lag_6,9.0
lightgbm_return,8,3,2025-03-31,euro_area_industrial_production_lag_3,4.0
lightgbm_return,8,3,2025-03-31,us_10y_2y_spread_pct_change_12m,14.0
lightgbm_return,8,3,2025-03-31,korea_call_money_rate_pct_change_12m,3.0
lightgbm_return,8,3,2025-03-31,nickel_stock_ton_pct_change_12m,3.0
lightgbm_return,8,3,2025-03-31,china_copper_related_dry_bulk_export_lag_12,5.0
lightgbm_return,8,3,2025-04-30,china_fixed_asset_investment_yoy_pct_pct_change_1m,70.0
lightgbm_return,8,3,2025-04-30,peru_bvl_general_lag_3,25.0
lightgbm_return,8,3,2025-04-30,us_industrial_production_lag_1,13.0
lightgbm_return,8,3,2025-04-30,peru_usd_pen_pct_change_3m,56.0
lightgbm_return,8,3,2025-04-30,usa_nyse_mp_materials_lag_3,45.0
lightgbm_return,8,3,2025-04-30,shfe_open_interest_lots_lag_1,42.0
lightgbm_return,8,3,2025-04-30,origin_uk_ftse100,13.0
lightgbm_return,8,3,2025-04-30,lead_cash_usd_per_ton_lag_3,42.0
lightgbm_return,8,3,2025-04-30,euro_area_industrial_production_lag_6,20.0
lightgbm_return,8,3,2025-04-30,brent_oil_usd_lag_1,37.0
lightgbm_return,8,3,2025-04-30,peru_bvl_general_lag_1,32.0
lightgbm_return,8,3,2025-04-30,euro_area_industrial_production_lag_3,6.0
lightgbm_return,8,3,2025-04-30,global_container_import_lag_12,54.0
lightgbm_return,8,3,2025-04-30,uk_ftse100_lag_1,9.0
lightgbm_return,8,3,2025-04-30,korea_call_money_rate_pct_change_12m,12.0
lightgbm_return,8,3,2025-04-30,us_10y_2y_spread_pct_change_12m,21.0
lightgbm_return,8,3,2025-04-30,nickel_stock_ton_pct_change_12m,14.0
lightgbm_return,8,3,2025-04-30,us_industrial_production_lag_3,9.0
lightgbm_return,8,3,2025-05-31,china_fixed_asset_investment_yoy_pct_pct_change_1m,34.0
lightgbm_return,8,3,2025-05-31,peru_usd_pen_pct_change_3m,37.0
lightgbm_return,8,3,2025-05-31,us_industrial_production_lag_1,3.0
lightgbm_return,8,3,2025-05-31,peru_bvl_general_lag_3,19.0
lightgbm_return,8,3,2025-05-31,usa_nyse_mp_materials_lag_3,32.0
lightgbm_return,8,3,2025-05-31,shfe_open_interest_lots_lag_1,19.0
lightgbm_return,8,3,2025-05-31,lead_cash_usd_per_ton_lag_3,11.0
lightgbm_return,8,3,2025-05-31,origin_uk_ftse100,17.0
lightgbm_return,8,3,2025-05-31,euro_area_industrial_production_lag_6,9.0
lightgbm_return,8,3,2025-05-31,brent_oil_usd_lag_1,17.0
lightgbm_return,8,3,2025-05-31,euro_area_industrial_production_lag_3,5.0
lightgbm_return,8,3,2025-05-31,global_container_import_lag_12,12.0
lightgbm_return,8,3,2025-05-31,peru_bvl_general_lag_1,14.0
lightgbm_return,8,3,2025-05-31,uk_ftse100_lag_1,4.0
lightgbm_return,8,3,2025-05-31,korea_call_money_rate_pct_change_12m,6.0
lightgbm_return,8,3,2025-05-31,us_10y_2y_spread_pct_change_12m,13.0
lightgbm_return,8,3,2025-05-31,nickel_stock_ton_pct_change_12m,0.0
lightgbm_return,8,3,2025-05-31,india_10y_yield_lag_1,10.0
lightgbm_return,8,3,2025-06-30,peru_usd_pen_pct_change_3m,66.0
lightgbm_return,8,3,2025-06-30,china_fixed_asset_investment_yoy_pct_pct_change_1m,75.0
lightgbm_return,8,3,2025-06-30,shfe_open_interest_lots_lag_1,47.0
lightgbm_return,8,3,2025-06-30,us_industrial_production_lag_1,13.0
lightgbm_return,8,3,2025-06-30,lead_cash_usd_per_ton_lag_3,24.0
lightgbm_return,8,3,2025-06-30,usa_nyse_mp_materials_lag_3,43.0
lightgbm_return,8,3,2025-06-30,peru_bvl_general_lag_3,24.0
lightgbm_return,8,3,2025-06-30,origin_uk_ftse100,15.0
lightgbm_return,8,3,2025-06-30,global_container_import_lag_12,26.0
lightgbm_return,8,3,2025-06-30,euro_area_industrial_production_lag_6,30.0
lightgbm_return,8,3,2025-06-30,euro_area_industrial_production_lag_3,19.0
lightgbm_return,8,3,2025-06-30,us_10y_2y_spread_pct_change_12m,13.0
lightgbm_return,8,3,2025-06-30,uk_ftse100_lag_1,16.0
lightgbm_return,8,3,2025-06-30,brent_oil_usd_lag_1,39.0
lightgbm_return,8,3,2025-06-30,origin_shfe_open_interest_lots,4.0
lightgbm_return,8,3,2025-06-30,india_10y_yield_lag_1,33.0
lightgbm_return,8,3,2025-06-30,canada_tsx_composite_hudbay_minerals_lag_3,10.0
lightgbm_return,8,3,2025-06-30,shfe_open_interest_lots_pct_change_12m,32.0
lightgbm_return,8,3,2025-07-31,china_fixed_asset_investment_yoy_pct_pct_change_1m,45.0
lightgbm_return,8,3,2025-07-31,lead_cash_usd_per_ton_lag_3,29.0
lightgbm_return,8,3,2025-07-31,peru_usd_pen_pct_change_3m,54.0
lightgbm_return,8,3,2025-07-31,shfe_open_interest_lots_lag_1,45.0
lightgbm_return,8,3,2025-07-31,usa_nyse_mp_materials_lag_3,44.0
lightgbm_return,8,3,2025-07-31,us_industrial_production_lag_1,11.0
lightgbm_return,8,3,2025-07-31,origin_uk_ftse100,14.0
lightgbm_return,8,3,2025-07-31,india_10y_yield_lag_1,28.0
lightgbm_return,8,3,2025-07-31,peru_bvl_general_lag_3,52.0
lightgbm_return,8,3,2025-07-31,us_10y_2y_spread_pct_change_12m,16.0
lightgbm_return,8,3,2025-07-31,origin_shfe_open_interest_lots,10.0
lightgbm_return,8,3,2025-07-31,euro_area_industrial_production_lag_6,63.0
lightgbm_return,8,3,2025-07-31,china_fixed_asset_investment_yoy_pct_lag_1,47.0
lightgbm_return,8,3,2025-07-31,euro_area_industrial_production_lag_3,8.0
lightgbm_return,8,3,2025-07-31,canada_tsx_composite_hudbay_minerals_lag_3,11.0
lightgbm_return,8,3,2025-07-31,korea_call_money_rate_pct_change_12m,20.0
lightgbm_return,8,3,2025-07-31,global_container_import_lag_12,34.0
lightgbm_return,8,3,2025-07-31,nickel_stock_ton_pct_change_12m,16.0
lightgbm_return,8,3,2025-08-31,lead_cash_usd_per_ton_lag_3,29.0
lightgbm_return,8,3,2025-08-31,peru_usd_pen_pct_change_3m,50.0
lightgbm_return,8,3,2025-08-31,china_fixed_asset_investment_yoy_pct_pct_change_1m,41.0
lightgbm_return,8,3,2025-08-31,shfe_open_interest_lots_lag_1,32.0
lightgbm_return,8,3,2025-08-31,usa_nyse_mp_materials_lag_3,63.0
lightgbm_return,8,3,2025-08-31,us_industrial_production_lag_1,12.0
lightgbm_return,8,3,2025-08-31,china_fixed_asset_investment_yoy_pct_lag_1,23.0
lightgbm_return,8,3,2025-08-31,origin_shfe_open_interest_lots,14.0
lightgbm_return,8,3,2025-08-31,origin_uk_ftse100,9.0
lightgbm_return,8,3,2025-08-31,china_fixed_asset_investment_yoy_pct_lag_3,51.0
lightgbm_return,8,3,2025-08-31,uk_ftse100_pct_change_12m,12.0
lightgbm_return,8,3,2025-08-31,us_10y_2y_spread_pct_change_12m,26.0
lightgbm_return,8,3,2025-08-31,india_10y_yield_lag_1,61.0
lightgbm_return,8,3,2025-08-31,australia_asx200_pct_change_12m,24.0
lightgbm_return,8,3,2025-08-31,canada_tsx_composite_hudbay_minerals_lag_3,15.0
lightgbm_return,8,3,2025-08-31,peru_bvl_general_lag_3,26.0
lightgbm_return,8,3,2025-08-31,global_container_import_lag_12,11.0
lightgbm_return,8,3,2025-08-31,euro_area_construction_output_pct_change_12m,36.0
lightgbm_return,8,3,2025-09-30,lead_cash_usd_per_ton_lag_3,16.0
lightgbm_return,8,3,2025-09-30,peru_usd_pen_pct_change_3m,22.0
lightgbm_return,8,3,2025-09-30,shfe_open_interest_lots_lag_1,17.0
lightgbm_return,8,3,2025-09-30,china_fixed_asset_investment_yoy_pct_pct_change_1m,28.0
lightgbm_return,8,3,2025-09-30,china_fixed_asset_investment_yoy_pct_lag_1,12.0
lightgbm_return,8,3,2025-09-30,usa_nyse_mp_materials_lag_3,11.0
lightgbm_return,8,3,2025-09-30,us_industrial_production_lag_1,7.0
lightgbm_return,8,3,2025-09-30,origin_shfe_open_interest_lots,7.0
lightgbm_return,8,3,2025-09-30,china_fixed_asset_investment_yoy_pct_lag_3,20.0
lightgbm_return,8,3,2025-09-30,uk_ftse100_pct_change_12m,4.0
lightgbm_return,8,3,2025-09-30,origin_uk_ftse100,5.0
lightgbm_return,8,3,2025-09-30,euro_area_construction_output_pct_change_12m,8.0
lightgbm_return,8,3,2025-09-30,australia_asx200_pct_change_12m,21.0
lightgbm_return,8,3,2025-09-30,us_10y_2y_spread_pct_change_12m,16.0
lightgbm_return,8,3,2025-09-30,canada_tsx_composite_hudbay_minerals_lag_3,1.0
lightgbm_return,8,3,2025-09-30,india_10y_yield_lag_1,31.0
lightgbm_return,8,3,2025-09-30,china_fixed_asset_investment_yoy_pct_lag_12,16.0
lightgbm_return,8,3,2025-09-30,zinc_stock_ton_pct_change_12m,10.0
lightgbm_return,8,3,2025-10-31,lead_cash_usd_per_ton_lag_3,49.0
lightgbm_return,8,3,2025-10-31,peru_usd_pen_pct_change_3m,75.0
lightgbm_return,8,3,2025-10-31,china_fixed_asset_investment_yoy_pct_lag_1,39.0
lightgbm_return,8,3,2025-10-31,shfe_open_interest_lots_lag_1,53.0
lightgbm_return,8,3,2025-10-31,china_fixed_asset_investment_yoy_pct_change_1m,41.0
lightgbm_return,8,3,2025-10-31,china_fixed_asset_investment_yoy_pct_lag_3,60.0
lightgbm_return,8,3,2025-10-31,usa_nyse_mp_materials_lag_3,37.0
lightgbm_return,8,3,2025-10-31,us_industrial_production_lag_1,7.0
lightgbm_return,8,3,2025-10-31,uk_ftse100_pct_change_12m,10.0
lightgbm_return,8,3,2025-10-31,origin_shfe_open_interest_lots,2.0
lightgbm_return,8,3,2025-10-31,us_10y_2y_spread_pct_change_12m,28.0
lightgbm_return,8,3,2025-10-31,euro_area_construction_output_pct_change_12m,14.0
lightgbm_return,8,3,2025-10-31,china_fixed_asset_investment_yoy_pct_lag_12,28.0
lightgbm_return,8,3,2025-10-31,india_10y_yield_lag_1,27.0
lightgbm_return,8,3,2025-10-31,lead_cash_usd_per_ton_lag_1,23.0
lightgbm_return,8,3,2025-10-31,fed_interest_rate_pct_change_12m,18.0
lightgbm_return,8,3,2025-10-31,euro_area_industrial_production_lag_3,9.0
lightgbm_return,8,3,2025-10-31,korea_call_money_rate_pct_change_12m,23.0
lightgbm_return,8,3,2025-11-30,lead_cash_usd_per_ton_lag_3,25.0
lightgbm_return,8,3,2025-11-30,china_fixed_asset_investment_yoy_pct_lag_1,41.0
lightgbm_return,8,3,2025-11-30,china_fixed_asset_investment_yoy_pct_lag_3,60.0
lightgbm_return,8,3,2025-11-30,peru_usd_pen_pct_change_3m,44.0
lightgbm_return,8,3,2025-11-30,shfe_open_interest_lots_lag_1,55.0
lightgbm_return,8,3,2025-11-30,usa_nyse_mp_materials_lag_3,24.0
lightgbm_return,8,3,2025-11-30,china_fixed_asset_investment_yoy_pct_change_1m,47.0
lightgbm_return,8,3,2025-11-30,us_10y_2y_spread_pct_change_12m,21.0
lightgbm_return,8,3,2025-11-30,china_fixed_asset_investment_yoy_pct_lag_12,28.0
lightgbm_return,8,3,2025-11-30,global_economic_policy_uncertainty_index_lag_1,32.0
lightgbm_return,8,3,2025-11-30,fed_interest_rate_pct_change_12m,6.0
lightgbm_return,8,3,2025-11-30,lead_cash_usd_per_ton_lag_1,39.0
lightgbm_return,8,3,2025-11-30,india_10y_yield_lag_1,17.0
lightgbm_return,8,3,2025-11-30,uk_ftse100_pct_change_12m,7.0
lightgbm_return,8,3,2025-11-30,origin_shfe_open_interest_lots,9.0
lightgbm_return,8,3,2025-11-30,germany_manufacturing_order_books_lag_6,22.0
lightgbm_return,8,3,2025-11-30,turkey_capacity_machinery_percent_lag_1,20.0
lightgbm_return,8,3,2025-11-30,korea_call_money_rate_pct_change_12m,16.0
lightgbm_return,8,3,2025-12-31,lead_cash_usd_per_ton_lag_3,30.0
lightgbm_return,8,3,2025-12-31,china_fixed_asset_investment_yoy_pct_lag_1,51.0
lightgbm_return,8,3,2025-12-31,china_fixed_asset_investment_yoy_pct_lag_3,78.0
lightgbm_return,8,3,2025-12-31,us_10y_2y_spread_pct_change_12m,14.0
lightgbm_return,8,3,2025-12-31,global_economic_policy_uncertainty_index_lag_1,31.0
lightgbm_return,8,3,2025-12-31,shfe_open_interest_lots_lag_1,49.0
lightgbm_return,8,3,2025-12-31,lead_cash_usd_per_ton_lag_1,20.0
lightgbm_return,8,3,2025-12-31,china_fixed_asset_investment_yoy_pct_lag_12,41.0
lightgbm_return,8,3,2025-12-31,fed_interest_rate_pct_change_12m,11.0
lightgbm_return,8,3,2025-12-31,turkey_capacity_machinery_percent_lag_1,20.0
lightgbm_return,8,3,2025-12-31,peru_usd_pen_pct_change_3m,50.0
lightgbm_return,8,3,2025-12-31,usa_nyse_mp_materials_lag_3,20.0
lightgbm_return,8,3,2025-12-31,germany_manufacturing_order_books_lag_6,8.0
lightgbm_return,8,3,2025-12-31,india_10y_yield_lag_1,17.0
lightgbm_return,8,3,2025-12-31,korea_call_money_rate_pct_change_12m,13.0
lightgbm_return,8,3,2025-12-31,china_fixed_asset_investment_yoy_pct_change_1m,47.0
lightgbm_return,8,3,2025-12-31,us_2y_yield_pct_change_12m,25.0
lightgbm_return,8,3,2025-12-31,brent_oil_usd_pct_change_12m,15.0
lightgbm_return,8,3,2026-01-31,lead_cash_usd_per_ton_lag_3,20.0
lightgbm_return,8,3,2026-01-31,china_fixed_asset_investment_yoy_pct_lag_1,99.0
lightgbm_return,8,3,2026-01-31,china_fixed_asset_investment_yoy_pct_lag_3,47.0
lightgbm_return,8,3,2026-01-31,us_10y_2y_spread_pct_change_12m,10.0
lightgbm_return,8,3,2026-01-31,global_economic_policy_uncertainty_index_lag_1,54.0
lightgbm_return,8,3,2026-01-31,turkey_capacity_machinery_percent_lag_1,9.0
lightgbm_return,8,3,2026-01-31,lead_cash_usd_per_ton_lag_1,3.0
lightgbm_return,8,3,2026-01-31,fed_interest_rate_pct_change_12m,9.0
lightgbm_return,8,3,2026-01-31,germany_manufacturing_order_books_lag_6,17.0
lightgbm_return,8,3,2026-01-31,china_fixed_asset_investment_yoy_pct_lag_12,54.0
lightgbm_return,8,3,2026-01-31,korea_call_money_rate_pct_change_12m,9.0
lightgbm_return,8,3,2026-01-31,india_10y_yield_lag_1,6.0
lightgbm_return,8,3,2026-01-31,brent_oil_usd_pct_change_12m,8.0
lightgbm_return,8,3,2026-01-31,euro_area_industrial_production_lag_3,12.0
lightgbm_return,8,3,2026-01-31,shfe_open_interest_lots_lag_1,71.0
lightgbm_return,8,3,2026-01-31,us_2y_yield_pct_change_12m,27.0
lightgbm_return,8,3,2026-01-31,turkey_manufacturing_capacity_utilization_percent_lag_1,27.0
lightgbm_return,8,3,2026-01-31,nickel_stock_ton_pct_change_12m,20.0
lightgbm_return,8,3,2026-02-28,china_fixed_asset_investment_yoy_pct_lag_1,37.0
lightgbm_return,8,3,2026-02-28,lead_cash_usd_per_ton_lag_3,5.0
lightgbm_return,8,3,2026-02-28,china_fixed_asset_investment_yoy_pct_lag_3,29.0
lightgbm_return,8,3,2026-02-28,us_10y_2y_spread_pct_change_12m,3.0
lightgbm_return,8,3,2026-02-28,global_economic_policy_uncertainty_index_lag_1,21.0
lightgbm_return,8,3,2026-02-28,turkey_capacity_machinery_percent_lag_1,16.0
lightgbm_return,8,3,2026-02-28,lead_cash_usd_per_ton_lag_1,8.0
lightgbm_return,8,3,2026-02-28,germany_manufacturing_order_books_lag_6,8.0
lightgbm_return,8,3,2026-02-28,fed_interest_rate_pct_change_12m,4.0
lightgbm_return,8,3,2026-02-28,korea_call_money_rate_pct_change_12m,3.0
lightgbm_return,8,3,2026-02-28,china_fixed_asset_investment_yoy_pct_lag_12,36.0
lightgbm_return,8,3,2026-02-28,india_10y_yield_lag_1,2.0
lightgbm_return,8,3,2026-02-28,usa_nyse_mp_materials_pct_change_3m,32.0
lightgbm_return,8,3,2026-02-28,euro_area_industrial_production_lag_3,6.0
lightgbm_return,8,3,2026-02-28,brent_oil_usd_pct_change_12m,5.0
lightgbm_return,8,3,2026-02-28,turkey_manufacturing_capacity_utilization_percent_lag_1,8.0
lightgbm_return,8,3,2026-02-28,nickel_stock_ton_pct_change_12m,4.0
lightgbm_return,8,3,2026-02-28,us_2y_yield_pct_change_12m,19.0
lightgbm_return,8,3,2026-03-31,china_fixed_asset_investment_yoy_pct_lag_1,40.0
lightgbm_return,8,3,2026-03-31,lead_cash_usd_per_ton_lag_3,6.0
lightgbm_return,8,3,2026-03-31,china_fixed_asset_investment_yoy_pct_lag_3,27.0
lightgbm_return,8,3,2026-03-31,us_10y_2y_spread_pct_change_12m,12.0
lightgbm_return,8,3,2026-03-31,global_economic_policy_uncertainty_index_lag_1,27.0
lightgbm_return,8,3,2026-03-31,turkey_capacity_machinery_percent_lag_1,9.0
lightgbm_return,8,3,2026-03-31,germany_manufacturing_order_books_lag_6,5.0
lightgbm_return,8,3,2026-03-31,korea_call_money_rate_pct_change_12m,1.0
lightgbm_return,8,3,2026-03-31,lead_cash_usd_per_ton_lag_1,9.0
lightgbm_return,8,3,2026-03-31,fed_interest_rate_pct_change_12m,1.0
lightgbm_return,8,3,2026-03-31,india_10y_yield_lag_1,11.0
lightgbm_return,8,3,2026-03-31,china_fixed_asset_investment_yoy_pct_lag_12,31.0
lightgbm_return,8,3,2026-03-31,turkey_manufacturing_capacity_utilization_percent_lag_1,5.0
lightgbm_return,8,3,2026-03-31,brent_oil_usd_pct_change_12m,5.0
lightgbm_return,8,3,2026-03-31,euro_area_industrial_production_lag_3,3.0
lightgbm_return,8,3,2026-03-31,germany_manufacturing_order_books_lag_3,37.0
lightgbm_return,8,3,2026-03-31,nickel_stock_ton_pct_change_12m,9.0
lightgbm_return,8,3,2026-03-31,us_2y_yield_pct_change_12m,21.0
lightgbm_return,8,3,2026-04-30,lead_cash_usd_per_ton_lag_3,26.0
lightgbm_return,8,3,2026-04-30,china_fixed_asset_investment_yoy_pct_lag_1,64.0
lightgbm_return,8,3,2026-04-30,china_fixed_asset_investment_yoy_pct_lag_3,30.0
lightgbm_return,8,3,2026-04-30,us_10y_2y_spread_pct_change_12m,19.0
lightgbm_return,8,3,2026-04-30,global_economic_policy_uncertainty_index_lag_1,30.0
lightgbm_return,8,3,2026-04-30,turkey_capacity_machinery_percent_lag_1,23.0
lightgbm_return,8,3,2026-04-30,lead_cash_usd_per_ton_lag_1,23.0
lightgbm_return,8,3,2026-04-30,korea_call_money_rate_pct_change_12m,24.0
lightgbm_return,8,3,2026-04-30,fed_interest_rate_pct_change_12m,16.0
lightgbm_return,8,3,2026-04-30,germany_manufacturing_order_books_lag_6,15.0
lightgbm_return,8,3,2026-04-30,china_fixed_asset_investment_yoy_pct_lag_12,53.0
lightgbm_return,8,3,2026-04-30,india_10y_yield_lag_1,14.0
lightgbm_return,8,3,2026-04-30,euro_area_industrial_production_lag_3,27.0
lightgbm_return,8,3,2026-04-30,turkey_manufacturing_capacity_utilization_percent_lag_1,34.0
lightgbm_return,8,3,2026-04-30,usa_nyse_mp_materials_pct_change_3m,47.0
lightgbm_return,8,3,2026-04-30,brent_oil_usd_pct_change_12m,4.0
lightgbm_return,8,3,2026-04-30,germany_manufacturing_order_books_lag_3,50.0
lightgbm_return,8,3,2026-04-30,nickel_stock_ton_pct_change_12m,16.0
lightgbm_return,8,3,2026-05-31,lead_cash_usd_per_ton_lag_3,8.0
lightgbm_return,8,3,2026-05-31,china_fixed_asset_investment_yoy_pct_lag_1,38.0
lightgbm_return,8,3,2026-05-31,china_fixed_asset_investment_yoy_pct_lag_3,19.0
lightgbm_return,8,3,2026-05-31,us_10y_2y_spread_pct_change_12m,6.0
lightgbm_return,8,3,2026-05-31,global_economic_policy_uncertainty_index_lag_1,23.0
lightgbm_return,8,3,2026-05-31,korea_call_money_rate_pct_change_12m,6.0
lightgbm_return,8,3,2026-05-31,turkey_capacity_machinery_percent_lag_1,8.0
lightgbm_return,8,3,2026-05-31,fed_interest_rate_pct_change_12m,5.0
lightgbm_return,8,3,2026-05-31,germany_manufacturing_order_books_lag_6,3.0
lightgbm_return,8,3,2026-05-31,lead_cash_usd_per_ton_lag_1,1.0
lightgbm_return,8,3,2026-05-31,india_10y_yield_lag_1,5.0
lightgbm_return,8,3,2026-05-31,china_fixed_asset_investment_yoy_pct_lag_12,28.0
lightgbm_return,8,3,2026-05-31,euro_area_industrial_production_lag_3,5.0
lightgbm_return,8,3,2026-05-31,usa_nyse_mp_materials_pct_change_3m,26.0
lightgbm_return,8,3,2026-05-31,nickel_stock_ton_pct_change_12m,0.0
lightgbm_return,8,3,2026-05-31,brent_oil_usd_pct_change_12m,4.0
lightgbm_return,8,3,2026-05-31,turkey_manufacturing_capacity_utilization_percent_lag_1,32.0
lightgbm_return,8,3,2026-05-31,germany_manufacturing_order_books_lag_3,32.0
lightgbm_return,8,6,2025-01-31,us_industrial_production_lag_1,13.0
lightgbm_return,8,6,2025-01-31,g20_composite_leading_indicator_lag_12,22.0
lightgbm_return,8,6,2025-01-31,peru_bvl_general_lag_1,44.0
lightgbm_return,8,6,2025-01-31,germany_manufacturing_order_books_lag_6,29.0
lightgbm_return,8,6,2025-01-31,euro_area_industrial_production_lag_3,4.0
lightgbm_return,8,6,2025-01-31,euro_area_industrial_production_lag_1,12.0
lightgbm_return,8,6,2025-01-31,lead_stock_ton_pct_change_12m,17.0
lightgbm_return,8,6,2025-01-31,zinc_cash_usd_per_ton_lag_6,24.0
lightgbm_return,8,6,2025-01-31,usa_nyse_mp_materials_lag_1,21.0
lightgbm_return,8,6,2025-01-31,zinc_cash_usd_per_ton_lag_1,14.0
lightgbm_return,8,6,2025-01-31,japan_10y_yield_lag_12,39.0
lightgbm_return,8,6,2025-01-31,natural_gas_usd_lag_6,37.0
lightgbm_return,8,6,2025-01-31,poland_wig20_lag_3,28.0
lightgbm_return,8,6,2025-01-31,origin_usa_nyse_mp_materials,39.0
lightgbm_return,8,6,2025-01-31,korea_call_money_rate_pct_change_12m,23.0
lightgbm_return,8,6,2025-01-31,china_fixed_asset_investment_yoy_pct_pct_change_1m,59.0
lightgbm_return,8,6,2025-01-31,origin_zinc_cash_usd_per_ton,32.0
lightgbm_return,8,6,2025-01-31,origin_peru_bvl_general,58.0
lightgbm_return,8,6,2025-02-28,us_industrial_production_lag_1,29.0
lightgbm_return,8,6,2025-02-28,g20_composite_leading_indicator_lag_12,18.0
lightgbm_return,8,6,2025-02-28,germany_manufacturing_order_books_lag_6,24.0
lightgbm_return,8,6,2025-02-28,euro_area_industrial_production_lag_3,10.0
lightgbm_return,8,6,2025-02-28,peru_bvl_general_lag_1,55.0
lightgbm_return,8,6,2025-02-28,euro_area_industrial_production_lag_1,14.0
lightgbm_return,8,6,2025-02-28,zinc_cash_usd_per_ton_lag_6,31.0
lightgbm_return,8,6,2025-02-28,lead_stock_ton_pct_change_12m,20.0
lightgbm_return,8,6,2025-02-28,zinc_cash_usd_per_ton_lag_1,39.0
lightgbm_return,8,6,2025-02-28,usa_nyse_mp_materials_lag_1,29.0
lightgbm_return,8,6,2025-02-28,japan_10y_yield_lag_12,40.0
lightgbm_return,8,6,2025-02-28,natural_gas_usd_lag_6,30.0
lightgbm_return,8,6,2025-02-28,origin_usa_nyse_mp_materials,14.0
lightgbm_return,8,6,2025-02-28,korea_call_money_rate_pct_change_12m,23.0
lightgbm_return,8,6,2025-02-28,poland_wig20_lag_3,23.0
lightgbm_return,8,6,2025-02-28,origin_zinc_cash_usd_per_ton,29.0
lightgbm_return,8,6,2025-02-28,china_fixed_asset_investment_yoy_pct_pct_change_1m,52.0
lightgbm_return,8,6,2025-02-28,lead_cash_usd_per_ton_lag_1,31.0
lightgbm_return,8,6,2025-03-31,us_industrial_production_lag_1,34.0
lightgbm_return,8,6,2025-03-31,g20_composite_leading_indicator_lag_12,28.0
lightgbm_return,8,6,2025-03-31,germany_manufacturing_order_books_lag_6,15.0
lightgbm_return,8,6,2025-03-31,euro_area_industrial_production_lag_3,16.0
lightgbm_return,8,6,2025-03-31,zinc_cash_usd_per_ton_lag_6,26.0
lightgbm_return,8,6,2025-03-31,euro_area_industrial_production_lag_1,9.0
lightgbm_return,8,6,2025-03-31,zinc_cash_usd_per_ton_lag_1,21.0
lightgbm_return,8,6,2025-03-31,lead_stock_ton_pct_change_12m,17.0
lightgbm_return,8,6,2025-03-31,natural_gas_usd_lag_6,32.0
lightgbm_return,8,6,2025-03-31,usa_nyse_mp_materials_lag_1,28.0
lightgbm_return,8,6,2025-03-31,peru_bvl_general_lag_1,81.0
lightgbm_return,8,6,2025-03-31,lead_cash_usd_per_ton_lag_1,60.0
lightgbm_return,8,6,2025-03-31,origin_usa_nyse_mp_materials,15.0
lightgbm_return,8,6,2025-03-31,origin_zinc_cash_usd_per_ton,49.0
lightgbm_return,8,6,2025-03-31,korea_call_money_rate_pct_change_12m,5.0
lightgbm_return,8,6,2025-03-31,origin_lead_cash_usd_per_ton,22.0
lightgbm_return,8,6,2025-03-31,china_fixed_asset_investment_yoy_pct_pct_change_1m,63.0
lightgbm_return,8,6,2025-03-31,nickel_stock_ton_pct_change_3m,4.0
lightgbm_return,8,6,2025-04-30,g20_composite_leading_indicator_lag_12,24.0
lightgbm_return,8,6,2025-04-30,zinc_cash_usd_per_ton_lag_1,31.0
lightgbm_return,8,6,2025-04-30,us_industrial_production_lag_1,34.0
lightgbm_return,8,6,2025-04-30,zinc_cash_usd_per_ton_lag_6,33.0
lightgbm_return,8,6,2025-04-30,germany_manufacturing_order_books_lag_6,16.0
lightgbm_return,8,6,2025-04-30,lead_cash_usd_per_ton_lag_1,40.0
lightgbm_return,8,6,2025-04-30,origin_zinc_cash_usd_per_ton,11.0
lightgbm_return,8,6,2025-04-30,natural_gas_usd_lag_6,40.0
lightgbm_return,8,6,2025-04-30,lead_stock_ton_pct_change_12m,14.0
lightgbm_return,8,6,2025-04-30,euro_area_industrial_production_lag_1,25.0
lightgbm_return,8,6,2025-04-30,euro_area_industrial_production_lag_3,17.0
lightgbm_return,8,6,2025-04-30,origin_lead_cash_usd_per_ton,40.0
lightgbm_return,8,6,2025-04-30,canada_tsx_composite_hudbay_minerals_lag_1,32.0
lightgbm_return,8,6,2025-04-30,peru_bvl_general_lag_1,69.0
lightgbm_return,8,6,2025-04-30,usa_nyse_mp_materials_lag_1,21.0
lightgbm_return,8,6,2025-04-30,origin_usa_nyse_mp_materials,15.0
lightgbm_return,8,6,2025-04-30,korea_call_money_rate_pct_change_12m,31.0
lightgbm_return,8,6,2025-04-30,peru_usd_pen_pct_change_3m,21.0
lightgbm_return,8,6,2025-05-31,g20_composite_leading_indicator_lag_12,20.0
lightgbm_return,8,6,2025-05-31,lead_cash_usd_per_ton_lag_1,41.0
lightgbm_return,8,6,2025-05-31,zinc_cash_usd_per_ton_lag_1,21.0
lightgbm_return,8,6,2025-05-31,us_industrial_production_lag_1,49.0
lightgbm_return,8,6,2025-05-31,origin_lead_cash_usd_per_ton,26.0
lightgbm_return,8,6,2025-05-31,natural_gas_usd_lag_6,22.0
lightgbm_return,8,6,2025-05-31,germany_manufacturing_order_books_lag_6,43.0
lightgbm_return,8,6,2025-05-31,peru_usd_pen_pct_change_3m,31.0
lightgbm_return,8,6,2025-05-31,lead_stock_ton_pct_change_12m,53.0
lightgbm_return,8,6,2025-05-31,canada_tsx_composite_hudbay_minerals_lag_1,52.0
lightgbm_return,8,6,2025-05-31,origin_zinc_cash_usd_per_ton,7.0
lightgbm_return,8,6,2025-05-31,zinc_cash_usd_per_ton_lag_6,21.0
lightgbm_return,8,6,2025-05-31,euro_area_industrial_production_lag_1,16.0
lightgbm_return,8,6,2025-05-31,euro_area_industrial_production_lag_3,23.0
lightgbm_return,8,6,2025-05-31,usa_nyse_mp_materials_lag_1,28.0
lightgbm_return,8,6,2025-05-31,origin_usa_nyse_mp_materials,23.0
lightgbm_return,8,6,2025-05-31,zinc_cash_usd_per_ton_lag_3,18.0
lightgbm_return,8,6,2025-05-31,korea_call_money_rate_pct_change_12m,7.0
lightgbm_return,8,6,2025-06-30,lead_cash_usd_per_ton_lag_1,32.0
lightgbm_return,8,6,2025-06-30,peru_usd_pen_pct_change_3m,39.0
lightgbm_return,8,6,2025-06-30,origin_lead_cash_usd_per_ton,27.0
lightgbm_return,8,6,2025-06-30,g20_composite_leading_indicator_lag_12,26.0
lightgbm_return,8,6,2025-06-30,us_industrial_production_lag_1,34.0
lightgbm_return,8,6,2025-06-30,germany_manufacturing_order_books_lag_6,48.0
lightgbm_return,8,6,2025-06-30,zinc_cash_usd_per_ton_lag_1,17.0
lightgbm_return,8,6,2025-06-30,natural_gas_usd_lag_6,17.0
lightgbm_return,8,6,2025-06-30,lead_stock_ton_pct_change_12m,43.0
lightgbm_return,8,6,2025-06-30,euro_area_industrial_production_lag_1,14.0
lightgbm_return,8,6,2025-06-30,usa_nyse_mp_materials_lag_1,23.0
lightgbm_return,8,6,2025-06-30,euro_area_industrial_production_lag_3,16.0
lightgbm_return,8,6,2025-06-30,origin_usa_nyse_mp_materials,20.0
lightgbm_return,8,6,2025-06-30,zinc_cash_usd_per_ton_lag_6,39.0
lightgbm_return,8,6,2025-06-30,canada_tsx_composite_hudbay_minerals_lag_1,44.0
lightgbm_return,8,6,2025-06-30,origin_zinc_cash_usd_per_ton,14.0
lightgbm_return,8,6,2025-06-30,shfe_open_interest_lots_lag_1,32.0
lightgbm_return,8,6,2025-06-30,zinc_cash_usd_per_ton_lag_3,24.0
lightgbm_return,8,6,2025-07-31,lead_cash_usd_per_ton_lag_1,38.0
lightgbm_return,8,6,2025-07-31,origin_lead_cash_usd_per_ton,20.0
lightgbm_return,8,6,2025-07-31,natural_gas_usd_lag_6,26.0
lightgbm_return,8,6,2025-07-31,peru_usd_pen_pct_change_3m,40.0
lightgbm_return,8,6,2025-07-31,germany_manufacturing_order_books_lag_6,25.0
lightgbm_return,8,6,2025-07-31,us_industrial_production_lag_1,42.0
lightgbm_return,8,6,2025-07-31,g20_composite_leading_indicator_lag_12,33.0
lightgbm_return,8,6,2025-07-31,lead_stock_ton_pct_change_12m,31.0
lightgbm_return,8,6,2025-07-31,zinc_cash_usd_per_ton_lag_1,19.0
lightgbm_return,8,6,2025-07-31,shfe_open_interest_lots_lag_1,44.0
lightgbm_return,8,6,2025-07-31,euro_area_industrial_production_lag_1,4.0
lightgbm_return,8,6,2025-07-31,usa_nyse_mp_materials_lag_1,24.0
lightgbm_return,8,6,2025-07-31,euro_area_industrial_production_lag_3,17.0
lightgbm_return,8,6,2025-07-31,origin_usa_nyse_mp_materials,27.0
lightgbm_return,8,6,2025-07-31,china_fixed_asset_investment_yoy_pct_lag_1,47.0
lightgbm_return,8,6,2025-07-31,china_fixed_asset_investment_yoy_pct_change_1m,31.0
lightgbm_return,8,6,2025-07-31,zinc_cash_usd_per_ton_lag_6,40.0
lightgbm_return,8,6,2025-07-31,origin_shfe_open_interest_lots,15.0
lightgbm_return,8,6,2025-08-31,lead_cash_usd_per_ton_lag_1,23.0
lightgbm_return,8,6,2025-08-31,origin_lead_cash_usd_per_ton,24.0
lightgbm_return,8,6,2025-08-31,natural_gas_usd_lag_6,5.0
lightgbm_return,8,6,2025-08-31,peru_usd_pen_pct_change_3m,24.0
lightgbm_return,8,6,2025-08-31,germany_manufacturing_order_books_lag_6,6.0
lightgbm_return,8,6,2025-08-31,us_industrial_production_lag_1,16.0
lightgbm_return,8,6,2025-08-31,china_fixed_asset_investment_yoy_pct_lag_1,33.0
lightgbm_return,8,6,2025-08-31,g20_composite_leading_indicator_lag_12,4.0
lightgbm_return,8,6,2025-08-31,shfe_open_interest_lots_lag_1,20.0
lightgbm_return,8,6,2025-08-31,zinc_stock_ton_lag_12,13.0
lightgbm_return,8,6,2025-08-31,lead_stock_ton_pct_change_12m,19.0
lightgbm_return,8,6,2025-08-31,peru_diesel_price_index_pct_change_12m,7.0
lightgbm_return,8,6,2025-08-31,origin_shfe_open_interest_lots,12.0
lightgbm_return,8,6,2025-08-31,china_fixed_asset_investment_yoy_pct_lag_3,8.0
lightgbm_return,8,6,2025-08-31,zinc_cash_usd_per_ton_lag_1,8.0
lightgbm_return,8,6,2025-08-31,euro_area_industrial_production_lag_1,3.0
lightgbm_return,8,6,2025-08-31,usa_nyse_mp_materials_lag_1,8.0
lightgbm_return,8,6,2025-08-31,origin_usa_nyse_mp_materials,15.0
lightgbm_return,8,6,2025-09-30,lead_cash_usd_per_ton_lag_1,48.0
lightgbm_return,8,6,2025-09-30,origin_lead_cash_usd_per_ton,48.0
lightgbm_return,8,6,2025-09-30,natural_gas_usd_lag_6,9.0
lightgbm_return,8,6,2025-09-30,peru_usd_pen_pct_change_3m,32.0
lightgbm_return,8,6,2025-09-30,china_fixed_asset_investment_yoy_pct_lag_1,43.0
lightgbm_return,8,6,2025-09-30,zinc_stock_ton_lag_12,24.0
lightgbm_return,8,6,2025-09-30,china_fixed_asset_investment_yoy_pct_lag_3,24.0
lightgbm_return,8,6,2025-09-30,shfe_open_interest_lots_lag_1,35.0
lightgbm_return,8,6,2025-09-30,germany_manufacturing_order_books_lag_6,7.0
lightgbm_return,8,6,2025-09-30,us_industrial_production_lag_1,30.0
lightgbm_return,8,6,2025-09-30,origin_shfe_open_interest_lots,20.0
lightgbm_return,8,6,2025-09-30,g20_composite_leading_indicator_lag_12,30.0
lightgbm_return,8,6,2025-09-30,lead_stock_ton_pct_change_12m,42.0
lightgbm_return,8,6,2025-09-30,peru_diesel_price_index_pct_change_12m,15.0
lightgbm_return,8,6,2025-09-30,zinc_cash_usd_per_ton_lag_1,32.0
lightgbm_return,8,6,2025-09-30,china_ppi_yoy_pct_lag_6,13.0
lightgbm_return,8,6,2025-09-30,euro_area_industrial_production_lag_1,14.0
lightgbm_return,8,6,2025-09-30,zinc_cash_usd_per_ton_lag_6,36.0
lightgbm_return,8,6,2025-10-31,origin_lead_cash_usd_per_ton,34.0
lightgbm_return,8,6,2025-10-31,lead_cash_usd_per_ton_lag_1,33.0
lightgbm_return,8,6,2025-10-31,natural_gas_usd_lag_6,27.0
lightgbm_return,8,6,2025-10-31,china_fixed_asset_investment_yoy_pct_lag_1,35.0
lightgbm_return,8,6,2025-10-31,china_fixed_asset_investment_yoy_pct_lag_3,25.0
lightgbm_return,8,6,2025-10-31,germany_manufacturing_order_books_lag_6,10.0
lightgbm_return,8,6,2025-10-31,zinc_stock_ton_lag_12,31.0
lightgbm_return,8,6,2025-10-31,peru_usd_pen_pct_change_3m,41.0
lightgbm_return,8,6,2025-10-31,china_ppi_yoy_pct_lag_6,15.0
lightgbm_return,8,6,2025-10-31,peru_diesel_price_index_pct_change_12m,11.0
lightgbm_return,8,6,2025-10-31,china_fixed_asset_investment_yoy_pct_change_1m,36.0
lightgbm_return,8,6,2025-10-31,us_industrial_production_lag_1,28.0
lightgbm_return,8,6,2025-10-31,lead_stock_ton_pct_change_12m,33.0
lightgbm_return,8,6,2025-10-31,g20_composite_leading_indicator_lag_12,13.0
lightgbm_return,8,6,2025-10-31,origin_shfe_open_interest_lots,31.0
lightgbm_return,8,6,2025-10-31,shfe_open_interest_lots_lag_1,24.0
lightgbm_return,8,6,2025-10-31,zinc_cash_usd_per_ton_lag_1,40.0
lightgbm_return,8,6,2025-10-31,origin_zinc_cash_usd_per_ton,40.0
lightgbm_return,8,6,2025-11-30,origin_lead_cash_usd_per_ton,29.0
lightgbm_return,8,6,2025-11-30,lead_cash_usd_per_ton_lag_1,38.0
lightgbm_return,8,6,2025-11-30,natural_gas_usd_lag_6,31.0
lightgbm_return,8,6,2025-11-30,china_fixed_asset_investment_yoy_pct_lag_1,44.0
lightgbm_return,8,6,2025-11-30,china_fixed_asset_investment_yoy_pct_lag_3,17.0
lightgbm_return,8,6,2025-11-30,germany_manufacturing_order_books_lag_6,21.0
lightgbm_return,8,6,2025-11-30,china_ppi_yoy_pct_lag_6,23.0
lightgbm_return,8,6,2025-11-30,peru_diesel_price_index_pct_change_12m,13.0
lightgbm_return,8,6,2025-11-30,zinc_stock_ton_lag_12,47.0
lightgbm_return,8,6,2025-11-30,china_fixed_asset_investment_yoy_pct_change_1m,30.0
lightgbm_return,8,6,2025-11-30,germany_manufacturing_order_books_lag_3,42.0
lightgbm_return,8,6,2025-11-30,peru_usd_pen_pct_change_3m,32.0
lightgbm_return,8,6,2025-11-30,zinc_cash_usd_per_ton_lag_1,7.0
lightgbm_return,8,6,2025-11-30,origin_zinc_cash_usd_per_ton,45.0
lightgbm_return,8,6,2025-11-30,lead_stock_ton_pct_change_12m,21.0
lightgbm_return,8,6,2025-11-30,g20_composite_leading_indicator_lag_12,8.0
lightgbm_return,8,6,2025-11-30,us_industrial_production_lag_1,32.0
lightgbm_return,8,6,2025-11-30,shfe_open_interest_lots_lag_1,26.0
lightgbm_return,8,6,2025-12-31,origin_lead_cash_usd_per_ton,14.0
lightgbm_return,8,6,2025-12-31,lead_cash_usd_per_ton_lag_1,68.0
lightgbm_return,8,6,2025-12-31,china_fixed_asset_investment_yoy_pct_lag_1,35.0
lightgbm_return,8,6,2025-12-31,natural_gas_usd_lag_6,20.0
lightgbm_return,8,6,2025-12-31,china_fixed_asset_investment_yoy_pct_lag_3,22.0
lightgbm_return,8,6,2025-12-31,germany_manufacturing_order_books_lag_6,8.0
lightgbm_return,8,6,2025-12-31,peru_diesel_price_index_pct_change_12m,17.0
lightgbm_return,8,6,2025-12-31,china_ppi_yoy_pct_lag_6,26.0
lightgbm_return,8,6,2025-12-31,germany_manufacturing_order_books_lag_3,33.0
lightgbm_return,8,6,2025-12-31,zinc_cash_usd_per_ton_lag_1,29.0
lightgbm_return,8,6,2025-12-31,lead_stock_ton_pct_change_12m,24.0
lightgbm_return,8,6,2025-12-31,us_2y_yield_pct_change_12m,9.0
lightgbm_return,8,6,2025-12-31,origin_zinc_cash_usd_per_ton,46.0
lightgbm_return,8,6,2025-12-31,zinc_stock_ton_lag_12,68.0
lightgbm_return,8,6,2025-12-31,g20_composite_leading_indicator_lag_12,19.0
lightgbm_return,8,6,2025-12-31,korea_call_money_rate_pct_change_12m,20.0
lightgbm_return,8,6,2025-12-31,germany_manufacturing_order_books_lag_1,9.0
lightgbm_return,8,6,2025-12-31,china_fixed_asset_investment_yoy_pct_change_1m,25.0
lightgbm_return,8,6,2026-01-31,lead_cash_usd_per_ton_lag_1,41.0
lightgbm_return,8,6,2026-01-31,origin_lead_cash_usd_per_ton,62.0
lightgbm_return,8,6,2026-01-31,china_fixed_asset_investment_yoy_pct_lag_1,21.0
lightgbm_return,8,6,2026-01-31,china_fixed_asset_investment_yoy_pct_lag_3,25.0
lightgbm_return,8,6,2026-01-31,germany_manufacturing_order_books_lag_6,15.0
lightgbm_return,8,6,2026-01-31,peru_diesel_price_index_pct_change_12m,18.0
lightgbm_return,8,6,2026-01-31,china_ppi_yoy_pct_lag_6,11.0
lightgbm_return,8,6,2026-01-31,germany_manufacturing_order_books_lag_3,39.0
lightgbm_return,8,6,2026-01-31,natural_gas_usd_lag_6,16.0
lightgbm_return,8,6,2026-01-31,germany_manufacturing_order_books_lag_1,11.0
lightgbm_return,8,6,2026-01-31,korea_call_money_rate_pct_change_12m,56.0
lightgbm_return,8,6,2026-01-31,us_2y_yield_pct_change_12m,12.0
lightgbm_return,8,6,2026-01-31,zinc_cash_usd_per_ton_lag_1,40.0
lightgbm_return,8,6,2026-01-31,turkey_capacity_intermediate_goods_percent_lag_6,13.0
lightgbm_return,8,6,2026-01-31,us_10y_2y_spread_pct_change_12m,37.0
lightgbm_return,8,6,2026-01-31,euro_area_industrial_production_lag_1,8.0
lightgbm_return,8,6,2026-01-31,lead_stock_ton_pct_change_12m,44.0
lightgbm_return,8,6,2026-01-31,origin_zinc_cash_usd_per_ton,25.0
lightgbm_return,8,6,2026-02-28,origin_lead_cash_usd_per_ton,29.0
lightgbm_return,8,6,2026-02-28,lead_cash_usd_per_ton_lag_1,27.0
lightgbm_return,8,6,2026-02-28,china_fixed_asset_investment_yoy_pct_lag_1,55.0
lightgbm_return,8,6,2026-02-28,china_fixed_asset_investment_yoy_pct_lag_3,11.0
lightgbm_return,8,6,2026-02-28,germany_manufacturing_order_books_lag_6,7.0
lightgbm_return,8,6,2026-02-28,peru_diesel_price_index_pct_change_12m,28.0
lightgbm_return,8,6,2026-02-28,germany_manufacturing_order_books_lag_3,4.0
lightgbm_return,8,6,2026-02-28,china_ppi_yoy_pct_lag_6,5.0
lightgbm_return,8,6,2026-02-28,korea_call_money_rate_pct_change_12m,3.0
lightgbm_return,8,6,2026-02-28,us_10y_2y_spread_pct_change_12m,22.0
lightgbm_return,8,6,2026-02-28,germany_manufacturing_order_books_lag_1,2.0
lightgbm_return,8,6,2026-02-28,turkey_capacity_basic_metals_percent_lag_12,5.0
lightgbm_return,8,6,2026-02-28,us_2y_yield_pct_change_12m,11.0
lightgbm_return,8,6,2026-02-28,nickel_stock_ton_pct_change_12m,0.0
lightgbm_return,8,6,2026-02-28,turkey_capacity_intermediate_goods_percent_lag_6,7.0
lightgbm_return,8,6,2026-02-28,natural_gas_usd_lag_6,5.0
lightgbm_return,8,6,2026-02-28,lead_stock_ton_pct_change_12m,28.0
lightgbm_return,8,6,2026-02-28,euro_area_industrial_production_lag_1,0.0
lightgbm_return,8,12,2025-01-31,germany_manufacturing_order_books_lag_1,19.0
lightgbm_return,8,12,2025-01-31,us_industrial_production_pct_change_12m,57.0
lightgbm_return,8,12,2025-01-31,germany_manufacturing_order_books_lag_3,26.0
lightgbm_return,8,12,2025-01-31,g20_composite_leading_indicator_lag_6,38.0
lightgbm_return,8,12,2025-01-31,origin_zinc_cash_usd_per_ton,33.0
lightgbm_return,8,12,2025-01-31,origin_usa_nyse_mp_materials,10.0
lightgbm_return,8,12,2025-01-31,zinc_cash_usd_per_ton_lag_1,13.0
lightgbm_return,8,12,2025-01-31,usa_nyse_mp_materials_lag_1,9.0
lightgbm_return,8,12,2025-01-31,tin_stock_ton_lag_3,74.0
lightgbm_return,8,12,2025-01-31,turkey_capacity_basic_metals_percent_lag_6,44.0
lightgbm_return,8,12,2025-01-31,korea_call_money_rate_lag_12,0.0
lightgbm_return,8,12,2025-01-31,usa_nyse_hecla_mining_lag_12,56.0
lightgbm_return,8,12,2025-01-31,china_ppi_yoy_pct_lag_6,50.0
lightgbm_return,8,12,2025-01-31,g20_composite_leading_indicator_lag_3,26.0
lightgbm_return,8,12,2025-01-31,aluminum_cash_usd_per_ton_lag_1,5.0
lightgbm_return,8,12,2025-01-31,usd_cny_lag_1,43.0
lightgbm_return,8,12,2025-01-31,peru_diesel_price_index_pct_change_12m,4.0
lightgbm_return,8,12,2025-02-28,germany_manufacturing_order_books_lag_1,11.0
lightgbm_return,8,12,2025-02-28,us_industrial_production_pct_change_12m,48.0
lightgbm_return,8,12,2025-02-28,germany_manufacturing_order_books_lag_3,36.0
lightgbm_return,8,12,2025-02-28,g20_composite_leading_indicator_lag_6,20.0
lightgbm_return,8,12,2025-02-28,origin_zinc_cash_usd_per_ton,20.0
lightgbm_return,8,12,2025-02-28,origin_usa_nyse_mp_materials,7.0
lightgbm_return,8,12,2025-02-28,usa_nyse_mp_materials_lag_1,1.0
lightgbm_return,8,12,2025-02-28,zinc_cash_usd_per_ton_lag_1,6.0
lightgbm_return,8,12,2025-02-28,tin_stock_ton_lag_3,58.0
lightgbm_return,8,12,2025-02-28,turkey_capacity_basic_metals_percent_lag_6,29.0
lightgbm_return,8,12,2025-02-28,korea_call_money_rate_lag_12,3.0
lightgbm_return,8,12,2025-02-28,china_fixed_asset_investment_yoy_pct_lag_3,46.0
lightgbm_return,8,12,2025-02-28,g20_composite_leading_indicator_lag_3,30.0
lightgbm_return,8,12,2025-02-28,china_ppi_yoy_pct_lag_6,84.0
lightgbm_return,8,12,2025-02-28,gold_usd_per_troy_ounce_pct_change_12m,37.0
lightgbm_return,8,12,2025-02-28,canada_tsx_composite_hudbay_minerals_lag_1,44.0
lightgbm_return,8,12,2025-02-28,usa_nyse_hecla_mining_lag_12,36.0
lightgbm_return,8,12,2025-03-31,germany_manufacturing_order_books_lag_1,3.0
lightgbm_return,8,12,2025-03-31,us_industrial_production_pct_change_12m,62.0
lightgbm_return,8,12,2025-03-31,origin_zinc_cash_usd_per_ton,26.0
lightgbm_return,8,12,2025-03-31,g20_composite_leading_indicator_lag_6,35.0
lightgbm_return,8,12,2025-03-31,germany_manufacturing_order_books_lag_3,25.0
lightgbm_return,8,12,2025-03-31,origin_usa_nyse_mp_materials,15.0
lightgbm_return,8,12,2025-03-31,usa_nyse_mp_materials_lag_1,3.0
lightgbm_return,8,12,2025-03-31,zinc_cash_usd_per_ton_lag_1,18.0
lightgbm_return,8,12,2025-03-31,tin_stock_ton_lag_3,61.0
lightgbm_return,8,12,2025-03-31,turkey_capacity_basic_metals_percent_lag_6,52.0
lightgbm_return,8,12,2025-03-31,usa_nyse_mp_materials_lag_3,32.0
lightgbm_return,8,12,2025-03-31,china_fixed_asset_investment_yoy_pct_lag_3,51.0
lightgbm_return,8,12,2025-03-31,brent_oil_usd_pct_change_12m,20.0
lightgbm_return,8,12,2025-03-31,korea_call_money_rate_lag_12,8.0
lightgbm_return,8,12,2025-03-31,canada_tsx_composite_hudbay_minerals_lag_1,61.0
lightgbm_return,8,12,2025-03-31,china_ppi_yoy_pct_lag_1,20.0
lightgbm_return,8,12,2025-03-31,peru_diesel_price_index_pct_change_12m,16.0
lightgbm_return,8,12,2025-04-30,us_industrial_production_pct_change_12m,34.0
lightgbm_return,8,12,2025-04-30,germany_manufacturing_order_books_lag_1,3.0
lightgbm_return,8,12,2025-04-30,origin_zinc_cash_usd_per_ton,24.0
lightgbm_return,8,12,2025-04-30,g20_composite_leading_indicator_lag_6,26.0
lightgbm_return,8,12,2025-04-30,germany_manufacturing_order_books_lag_3,18.0
lightgbm_return,8,12,2025-04-30,zinc_cash_usd_per_ton_lag_1,8.0
lightgbm_return,8,12,2025-04-30,origin_usa_nyse_mp_materials,5.0
lightgbm_return,8,12,2025-04-30,usa_nyse_mp_materials_lag_1,1.0
lightgbm_return,8,12,2025-04-30,china_fixed_asset_investment_yoy_pct_lag_3,16.0
lightgbm_return,8,12,2025-04-30,tin_stock_ton_lag_3,28.0
lightgbm_return,8,12,2025-04-30,brent_oil_usd_pct_change_12m,2.0
lightgbm_return,8,12,2025-04-30,turkey_capacity_basic_metals_percent_lag_6,16.0
lightgbm_return,8,12,2025-04-30,canada_tsx_composite_hudbay_minerals_lag_1,26.0
lightgbm_return,8,12,2025-04-30,china_ppi_yoy_pct_lag_1,6.0
lightgbm_return,8,12,2025-04-30,peru_diesel_price_index_pct_change_12m,26.0
lightgbm_return,8,12,2025-04-30,usa_nyse_mp_materials_lag_3,10.0
lightgbm_return,8,12,2025-04-30,origin_canada_tsx_composite_hudbay_minerals,11.0
lightgbm_return,8,12,2025-05-31,us_industrial_production_pct_change_12m,37.0
lightgbm_return,8,12,2025-05-31,origin_zinc_cash_usd_per_ton,22.0
lightgbm_return,8,12,2025-05-31,g20_composite_leading_indicator_lag_6,15.0
lightgbm_return,8,12,2025-05-31,germany_manufacturing_order_books_lag_1,5.0
lightgbm_return,8,12,2025-05-31,germany_manufacturing_order_books_lag_3,12.0
lightgbm_return,8,12,2025-05-31,zinc_cash_usd_per_ton_lag_1,2.0
lightgbm_return,8,12,2025-05-31,canada_tsx_composite_hudbay_minerals_lag_1,28.0
lightgbm_return,8,12,2025-05-31,origin_usa_nyse_mp_materials,11.0
lightgbm_return,8,12,2025-05-31,brent_oil_usd_pct_change_12m,1.0
lightgbm_return,8,12,2025-05-31,china_fixed_asset_investment_yoy_pct_lag_3,25.0
lightgbm_return,8,12,2025-05-31,turkey_capacity_basic_metals_percent_lag_6,25.0
lightgbm_return,8,12,2025-05-31,peru_diesel_price_index_pct_change_12m,22.0
lightgbm_return,8,12,2025-05-31,tin_stock_ton_lag_3,28.0
lightgbm_return,8,12,2025-05-31,china_ppi_yoy_pct_lag_1,9.0
lightgbm_return,8,12,2025-05-31,usa_nyse_mp_materials_lag_1,1.0
lightgbm_return,8,12,2025-05-31,origin_canada_tsx_composite_hudbay_minerals,24.0
lightgbm_return,8,12,2025-05-31,us_ppi_pct_change_12m,1.0
lightgbm_return,8,12,2025-06-30,us_industrial_production_pct_change_12m,34.0
lightgbm_return,8,12,2025-06-30,origin_zinc_cash_usd_per_ton,17.0
lightgbm_return,8,12,2025-06-30,g20_composite_leading_indicator_lag_6,9.0
lightgbm_return,8,12,2025-06-30,germany_manufacturing_order_books_lag_1,2.0
lightgbm_return,8,12,2025-06-30,zinc_cash_usd_per_ton_lag_1,26.0
lightgbm_return,8,12,2025-06-30,germany_manufacturing_order_books_lag_3,8.0
lightgbm_return,8,12,2025-06-30,china_fixed_asset_investment_yoy_pct_lag_3,6.0
lightgbm_return,8,12,2025-06-30,peru_diesel_price_index_pct_change_12m,14.0
lightgbm_return,8,12,2025-06-30,brent_oil_usd_pct_change_12m,4.0
lightgbm_return,8,12,2025-06-30,canada_tsx_composite_hudbay_minerals_lag_1,31.0
lightgbm_return,8,12,2025-06-30,china_ppi_yoy_pct_lag_1,13.0
lightgbm_return,8,12,2025-06-30,china_fixed_asset_investment_yoy_pct_lag_1,32.0
lightgbm_return,8,12,2025-06-30,origin_usa_nyse_mp_materials,4.0
lightgbm_return,8,12,2025-06-30,us_ppi_pct_change_12m,6.0
lightgbm_return,8,12,2025-06-30,turkey_capacity_basic_metals_percent_lag_6,7.0
lightgbm_return,8,12,2025-06-30,tin_stock_ton_lag_3,14.0
lightgbm_return,8,12,2025-06-30,china_ppi_yoy_pct_lag_3,5.0
lightgbm_return,8,12,2025-07-31,us_industrial_production_pct_change_12m,66.0
lightgbm_return,8,12,2025-07-31,g20_composite_leading_indicator_lag_6,27.0
lightgbm_return,8,12,2025-07-31,origin_zinc_cash_usd_per_ton,25.0
lightgbm_return,8,12,2025-07-31,germany_manufacturing_order_books_lag_1,4.0
lightgbm_return,8,12,2025-07-31,china_fixed_asset_investment_yoy_pct_lag_3,6.0
lightgbm_return,8,12,2025-07-31,peru_diesel_price_index_pct_change_12m,35.0
lightgbm_return,8,12,2025-07-31,zinc_cash_usd_per_ton_lag_1,39.0
lightgbm_return,8,12,2025-07-31,china_ppi_yoy_pct_lag_1,14.0
lightgbm_return,8,12,2025-07-31,china_fixed_asset_investment_yoy_pct_lag_1,68.0
lightgbm_return,8,12,2025-07-31,brent_oil_usd_pct_change_12m,2.0
lightgbm_return,8,12,2025-07-31,germany_manufacturing_order_books_lag_3,19.0
lightgbm_return,8,12,2025-07-31,canada_tsx_composite_hudbay_minerals_lag_1,86.0
lightgbm_return,8,12,2025-07-31,us_ppi_pct_change_12m,29.0
lightgbm_return,8,12,2025-07-31,china_ppi_yoy_pct_lag_3,17.0
lightgbm_return,8,12,2025-07-31,zinc_stock_ton_lag_12,15.0
lightgbm_return,8,12,2025-07-31,turkey_capacity_basic_metals_percent_lag_6,26.0
lightgbm_return,8,12,2025-07-31,zinc_stock_ton_lag_6,8.0
lightgbm_return,8,12,2025-08-31,us_industrial_production_pct_change_12m,19.0
lightgbm_return,8,12,2025-08-31,g20_composite_leading_indicator_lag_6,11.0
lightgbm_return,8,12,2025-08-31,origin_zinc_cash_usd_per_ton,19.0
lightgbm_return,8,12,2025-08-31,china_fixed_asset_investment_yoy_pct_lag_3,16.0
lightgbm_return,8,12,2025-08-31,germany_manufacturing_order_books_lag_1,22.0
lightgbm_return,8,12,2025-08-31,peru_diesel_price_index_pct_change_12m,15.0
lightgbm_return,8,12,2025-08-31,china_fixed_asset_investment_yoy_pct_lag_1,39.0
lightgbm_return,8,12,2025-08-31,china_ppi_yoy_pct_lag_1,2.0
lightgbm_return,8,12,2025-08-31,zinc_cash_usd_per_ton_lag_1,4.0
lightgbm_return,8,12,2025-08-31,brent_oil_usd_pct_change_12m,9.0
lightgbm_return,8,12,2025-08-31,germany_manufacturing_order_books_lag_3,14.0
lightgbm_return,8,12,2025-08-31,china_ppi_yoy_pct_lag_3,13.0
lightgbm_return,8,12,2025-08-31,zinc_stock_ton_lag_12,12.0
lightgbm_return,8,12,2025-08-31,us_ppi_pct_change_12m,11.0
lightgbm_return,8,12,2025-08-31,gold_usd_per_troy_ounce_pct_change_12m,11.0
lightgbm_return,8,12,2025-08-31,turkey_capacity_basic_metals_percent_lag_6,14.0
lightgbm_return,8,12,2025-08-31,zinc_stock_ton_lag_6,6.0
lightgbm_return,10,1,2025-01-31,india_10y_yield_lag_1,4.0
lightgbm_return,10,1,2025-01-31,aluminum_stock_ton_change_1m,11.0
lightgbm_return,10,1,2025-01-31,aluminum_stock_ton_pct_change_1m,7.0
lightgbm_return,10,1,2025-01-31,shfe_open_interest_lots_lag_3,15.0
lightgbm_return,10,1,2025-01-31,india_10y_yield_pct_change_12m,3.0
lightgbm_return,10,1,2025-01-31,shfe_open_interest_lots_lag_1,22.0
lightgbm_return,10,1,2025-01-31,us_cpi_index_pct_change_12m,15.0
lightgbm_return,10,1,2025-01-31,china_fixed_asset_investment_yoy_pct_lag_3,17.0
lightgbm_return,10,1,2025-01-31,canada_tsx_composite_hudbay_minerals_lag_3,3.0
lightgbm_return,10,1,2025-01-31,us_industrial_production_lag_1,0.0
lightgbm_return,10,1,2025-01-31,japan_ppi_pct_change_12m,2.0
lightgbm_return,10,1,2025-01-31,poland_wig20_lag_6,10.0
lightgbm_return,10,1,2025-01-31,g20_composite_leading_indicator_pct_change_1m,4.0
lightgbm_return,10,1,2025-01-31,global_container_import_lag_12,1.0
lightgbm_return,10,1,2025-01-31,origin_global_portcalls,43.0
lightgbm_return,10,1,2025-01-31,india_10y_yield_pct_change_3m,34.0
lightgbm_return,10,1,2025-01-31,china_real_estate_investment_yoy_pct_pct_change_1m,6.0
lightgbm_return,10,1,2025-01-31,china_real_estate_investment_yoy_pct_pct_change_3m,23.0
lightgbm_return,10,1,2025-01-31,china_fixed_asset_investment_yoy_pct_pct_change_3m,1.0
lightgbm_return,10,1,2025-01-31,m2_money_supply_change_1m,33.0
lightgbm_return,10,1,2025-02-28,india_10y_yield_lag_1,14.0
lightgbm_return,10,1,2025-02-28,aluminum_stock_ton_change_1m,20.0
lightgbm_return,10,1,2025-02-28,china_fixed_asset_investment_yoy_pct_lag_3,26.0
lightgbm_return,10,1,2025-02-28,shfe_open_interest_lots_lag_3,8.0
lightgbm_return,10,1,2025-02-28,shfe_open_interest_lots_lag_1,27.0
lightgbm_return,10,1,2025-02-28,india_10y_yield_pct_change_12m,3.0
lightgbm_return,10,1,2025-02-28,aluminum_stock_ton_pct_change_1m,14.0
lightgbm_return,10,1,2025-02-28,us_industrial_production_lag_1,2.0
lightgbm_return,10,1,2025-02-28,origin_global_portcalls,17.0
lightgbm_return,10,1,2025-02-28,us_cpi_index_pct_change_12m,7.0
lightgbm_return,10,1,2025-02-28,g20_composite_leading_indicator_pct_change_1m,2.0
lightgbm_return,10,1,2025-02-28,india_10y_yield_pct_change_3m,50.0
lightgbm_return,10,1,2025-02-28,china_fixed_asset_investment_yoy_pct_pct_change_3m,9.0
lightgbm_return,10,1,2025-02-28,china_real_estate_investment_yoy_pct_pct_change_1m,5.0
lightgbm_return,10,1,2025-02-28,china_real_estate_investment_yoy_pct_pct_change_3m,32.0
lightgbm_return,10,1,2025-02-28,us_industrial_production_lag_3,9.0
lightgbm_return,10,1,2025-02-28,global_portcalls_pct_change_12m,0.0
lightgbm_return,10,1,2025-02-28,japan_ppi_pct_change_12m,5.0
lightgbm_return,10,1,2025-02-28,canada_tsx_composite_hudbay_minerals_lag_3,9.0
lightgbm_return,10,1,2025-02-28,korea_call_money_rate_pct_change_12m,1.0
lightgbm_return,10,1,2025-03-31,india_10y_yield_lag_1,14.0
lightgbm_return,10,1,2025-03-31,aluminum_stock_ton_change_1m,9.0
lightgbm_return,10,1,2025-03-31,china_fixed_asset_investment_yoy_pct_lag_3,38.0
lightgbm_return,10,1,2025-03-31,us_industrial_production_lag_1,6.0
lightgbm_return,10,1,2025-03-31,shfe_open_interest_lots_lag_1,25.0
lightgbm_return,10,1,2025-03-31,origin_global_portcalls,30.0
lightgbm_return,10,1,2025-03-31,india_10y_yield_pct_change_12m,0.0
lightgbm_return,10,1,2025-03-31,shfe_open_interest_lots_lag_3,9.0
lightgbm_return,10,1,2025-03-31,global_portcalls_pct_change_12m,0.0
lightgbm_return,10,1,2025-03-31,us_industrial_production_lag_3,11.0
lightgbm_return,10,1,2025-03-31,aluminum_stock_ton_pct_change_1m,20.0
lightgbm_return,10,1,2025-03-31,g20_composite_leading_indicator_pct_change_1m,1.0
lightgbm_return,10,1,2025-03-31,us_10y_2y_spread_pct_change_12m,4.0
lightgbm_return,10,1,2025-03-31,india_10y_yield_pct_change_3m,41.0
lightgbm_return,10,1,2025-03-31,china_fixed_asset_investment_yoy_pct_pct_change_3m,15.0
lightgbm_return,10,1,2025-03-31,china_real_estate_investment_yoy_pct_pct_change_1m,7.0
lightgbm_return,10,1,2025-03-31,china_real_estate_investment_yoy_pct_pct_change_3m,22.0
lightgbm_return,10,1,2025-03-31,us_cpi_index_pct_change_12m,1.0
lightgbm_return,10,1,2025-03-31,korea_call_money_rate_pct_change_12m,1.0
lightgbm_return,10,1,2025-03-31,global_container_import_lag_12,2.0
lightgbm_return,10,1,2025-04-30,india_10y_yield_lag_1,23.0
lightgbm_return,10,1,2025-04-30,aluminum_stock_ton_change_1m,29.0
lightgbm_return,10,1,2025-04-30,us_industrial_production_lag_1,1.0
lightgbm_return,10,1,2025-04-30,origin_global_portcalls,12.0
lightgbm_return,10,1,2025-04-30,shfe_open_interest_lots_lag_1,18.0
lightgbm_return,10,1,2025-04-30,china_fixed_asset_investment_yoy_pct_lag_3,24.0
lightgbm_return,10,1,2025-04-30,global_container_import_lag_12,5.0
lightgbm_return,10,1,2025-04-30,aluminum_stock_ton_pct_change_1m,8.0
lightgbm_return,10,1,2025-04-30,india_10y_yield_pct_change_12m,2.0
lightgbm_return,10,1,2025-04-30,shfe_open_interest_lots_lag_3,17.0
lightgbm_return,10,1,2025-04-30,g20_composite_leading_indicator_pct_change_1m,1.0
lightgbm_return,10,1,2025-04-30,china_copper_related_dry_bulk_portcalls_pct_change_3m,10.0
lightgbm_return,10,1,2025-04-30,us_industrial_production_lag_3,9.0
lightgbm_return,10,1,2025-04-30,china_real_estate_investment_yoy_pct_pct_change_1m,7.0
lightgbm_return,10,1,2025-04-30,us_cpi_index_pct_change_12m,6.0
lightgbm_return,10,1,2025-04-30,us_cpi_index_pct_change_3m,34.0
lightgbm_return,10,1,2025-04-30,india_10y_yield_pct_change_3m,35.0
lightgbm_return,10,1,2025-04-30,china_copper_related_dry_bulk_export_pct_change_3m,33.0
lightgbm_return,10,1,2025-04-30,japan_ppi_pct_change_12m,3.0
lightgbm_return,10,1,2025-04-30,origin_global_export,4.0
lightgbm_return,10,1,2025-05-31,india_10y_yield_lag_1,4.0
lightgbm_return,10,1,2025-05-31,us_industrial_production_lag_1,7.0
lightgbm_return,10,1,2025-05-31,aluminum_stock_ton_change_1m,10.0
lightgbm_return,10,1,2025-05-31,origin_global_portcalls,9.0
lightgbm_return,10,1,2025-05-31,us_industrial_production_lag_3,16.0
lightgbm_return,10,1,2025-05-31,china_real_estate_investment_yoy_pct_pct_change_1m,6.0
lightgbm_return,10,1,2025-05-31,china_fixed_asset_investment_yoy_pct_lag_3,22.0
lightgbm_return,10,1,2025-05-31,india_10y_yield_pct_change_12m,12.0
lightgbm_return,10,1,2025-05-31,shfe_open_interest_lots_lag_3,12.0
lightgbm_return,10,1,2025-05-31,shfe_open_interest_lots_lag_1,17.0
lightgbm_return,10,1,2025-05-31,g20_composite_leading_indicator_pct_change_1m,4.0
lightgbm_return,10,1,2025-05-31,india_10y_yield_pct_change_3m,25.0
lightgbm_return,10,1,2025-05-31,aluminum_stock_ton_pct_change_1m,11.0
lightgbm_return,10,1,2025-05-31,us_cpi_index_pct_change_12m,10.0
lightgbm_return,10,1,2025-05-31,china_fixed_asset_investment_yoy_pct_change_1m,28.0
lightgbm_return,10,1,2025-05-31,turkey_capacity_electrical_equipment_percent_change_1m,25.0
lightgbm_return,10,1,2025-05-31,m2_money_supply_change_1m,19.0
lightgbm_return,10,1,2025-05-31,china_fixed_asset_investment_yoy_pct_pct_change_3m,12.0
lightgbm_return,10,1,2025-05-31,china_copper_related_dry_bulk_portcalls_pct_change_3m,10.0
lightgbm_return,10,1,2025-05-31,global_container_import_lag_12,12.0
lightgbm_return,10,1,2025-06-30,india_10y_yield_lag_1,5.0
lightgbm_return,10,1,2025-06-30,us_industrial_production_lag_1,3.0
lightgbm_return,10,1,2025-06-30,aluminum_stock_ton_change_1m,5.0
lightgbm_return,10,1,2025-06-30,india_10y_yield_pct_change_12m,3.0
lightgbm_return,10,1,2025-06-30,origin_global_portcalls,32.0
lightgbm_return,10,1,2025-06-30,shfe_open_interest_lots_lag_3,13.0
lightgbm_return,10,1,2025-06-30,shfe_open_interest_lots_lag_1,16.0
lightgbm_return,10,1,2025-06-30,us_industrial_production_lag_3,10.0
lightgbm_return,10,1,2025-06-30,china_fixed_asset_investment_yoy_pct_lag_3,24.0
lightgbm_return,10,1,2025-06-30,india_10y_yield_pct_change_3m,28.0
lightgbm_return,10,1,2025-06-30,us_cpi_index_pct_change_12m,2.0
lightgbm_return,10,1,2025-06-30,us_10y_2y_spread_pct_change_12m,4.0
lightgbm_return,10,1,2025-06-30,china_real_estate_investment_yoy_pct_pct_change_1m,20.0
lightgbm_return,10,1,2025-06-30,aluminum_stock_ton_pct_change_1m,21.0
lightgbm_return,10,1,2025-06-30,korea_call_money_rate_pct_change_12m,0.0
lightgbm_return,10,1,2025-06-30,china_copper_related_dry_bulk_portcalls_pct_change_3m,13.0
lightgbm_return,10,1,2025-06-30,china_fixed_asset_investment_yoy_pct_pct_change_3m,14.0
lightgbm_return,10,1,2025-06-30,g20_composite_leading_indicator_pct_change_1m,1.0
lightgbm_return,10,1,2025-06-30,m2_money_supply_change_1m,22.0
lightgbm_return,10,1,2025-06-30,china_real_estate_investment_yoy_pct_pct_change_3m,23.0
lightgbm_return,10,1,2025-07-31,india_10y_yield_lag_1,0.0
lightgbm_return,10,1,2025-07-31,us_industrial_production_lag_1,8.0
lightgbm_return,10,1,2025-07-31,origin_global_portcalls,18.0
lightgbm_return,10,1,2025-07-31,aluminum_stock_ton_change_1m,15.0
lightgbm_return,10,1,2025-07-31,shfe_open_interest_lots_lag_3,13.0
lightgbm_return,10,1,2025-07-31,india_10y_yield_pct_change_12m,7.0
lightgbm_return,10,1,2025-07-31,shfe_open_interest_lots_lag_1,32.0
lightgbm_return,10,1,2025-07-31,aluminum_stock_ton_pct_change_1m,19.0
lightgbm_return,10,1,2025-07-31,tin_stock_ton_change_1m,31.0
lightgbm_return,10,1,2025-07-31,us_cpi_index_pct_change_12m,3.0
lightgbm_return,10,1,2025-07-31,us_industrial_production_lag_3,8.0
lightgbm_return,10,1,2025-07-31,india_10y_yield_pct_change_3m,18.0
lightgbm_return,10,1,2025-07-31,us_10y_2y_spread_pct_change_12m,6.0
lightgbm_return,10,1,2025-07-31,korea_call_money_rate_pct_change_12m,9.0
lightgbm_return,10,1,2025-07-31,china_real_estate_investment_yoy_pct_pct_change_1m,6.0
lightgbm_return,10,1,2025-07-31,g20_composite_leading_indicator_pct_change_1m,8.0
lightgbm_return,10,1,2025-07-31,turkey_capacity_electrical_equipment_percent_change_1m,31.0
lightgbm_return,10,1,2025-07-31,m2_money_supply_change_1m,29.0
lightgbm_return,10,1,2025-07-31,china_fixed_asset_investment_yoy_pct_pct_change_3m,10.0
lightgbm_return,10,1,2025-07-31,china_fixed_asset_investment_yoy_pct_lag_3,21.0
lightgbm_return,10,1,2025-08-31,us_industrial_production_lag_1,38.0
lightgbm_return,10,1,2025-08-31,india_10y_yield_lag_1,22.0
lightgbm_return,10,1,2025-08-31,origin_global_portcalls,28.0
lightgbm_return,10,1,2025-08-31,shfe_open_interest_lots_lag_3,33.0
lightgbm_return,10,1,2025-08-31,shfe_open_interest_lots_lag_1,29.0
lightgbm_return,10,1,2025-08-31,aluminum_stock_ton_pct_change_1m,7.0
lightgbm_return,10,1,2025-08-31,india_10y_yield_pct_change_12m,14.0
lightgbm_return,10,1,2025-08-31,aluminum_stock_ton_change_1m,21.0
lightgbm_return,10,1,2025-08-31,us_cpi_index_pct_change_12m,16.0
lightgbm_return,10,1,2025-08-31,tin_stock_ton_change_1m,49.0
lightgbm_return,10,1,2025-08-31,us_industrial_production_lag_3,32.0
lightgbm_return,10,1,2025-08-31,origin_global_export,21.0
lightgbm_return,10,1,2025-08-31,india_10y_yield_pct_change_3m,31.0
lightgbm_return,10,1,2025-08-31,china_fixed_asset_investment_yoy_pct_pct_change_1m,43.0
lightgbm_return,10,1,2025-08-31,global_container_import_lag_12,2.0
lightgbm_return,10,1,2025-08-31,peru_usd_pen_pct_change_3m,37.0
lightgbm_return,10,1,2025-08-31,australia_asx200_pct_change_12m,45.0
lightgbm_return,10,1,2025-08-31,us_10y_2y_spread_pct_change_12m,10.0
lightgbm_return,10,1,2025-08-31,turkey_ppi_metal_ores_index_pct_change_3m,58.0
lightgbm_return,10,1,2025-08-31,china_fixed_asset_investment_yoy_pct_pct_change_3m,16.0
lightgbm_return,10,1,2025-09-30,india_10y_yield_lag_1,21.0
lightgbm_return,10,1,2025-09-30,us_industrial_production_lag_1,14.0
lightgbm_return,10,1,2025-09-30,aluminum_stock_ton_pct_change_1m,21.0
lightgbm_return,10,1,2025-09-30,aluminum_stock_ton_change_1m,47.0
lightgbm_return,10,1,2025-09-30,shfe_open_interest_lots_lag_3,25.0
lightgbm_return,10,1,2025-09-30,india_10y_yield_pct_change_12m,13.0
lightgbm_return,10,1,2025-09-30,origin_global_portcalls,44.0
lightgbm_return,10,1,2025-09-30,shfe_open_interest_lots_lag_1,33.0
lightgbm_return,10,1,2025-09-30,tin_stock_ton_change_1m,37.0
lightgbm_return,10,1,2025-09-30,us_cpi_index_pct_change_12m,21.0
lightgbm_return,10,1,2025-09-30,india_10y_yield_pct_change_3m,29.0
lightgbm_return,10,1,2025-09-30,us_industrial_production_lag_3,14.0
lightgbm_return,10,1,2025-09-30,us_10y_2y_spread_pct_change_12m,17.0
lightgbm_return,10,1,2025-09-30,korea_call_money_rate_pct_change_12m,32.0
lightgbm_return,10,1,2025-09-30,g20_composite_leading_indicator_pct_change_1m,17.0
lightgbm_return,10,1,2025-09-30,shfe_open_interest_lots_pct_change_12m,20.0
lightgbm_return,10,1,2025-09-30,m2_money_supply_change_1m,46.0
lightgbm_return,10,1,2025-09-30,usa_nyse_mp_materials_lag_3,18.0
lightgbm_return,10,1,2025-09-30,china_fixed_asset_investment_yoy_pct_lag_3,23.0
lightgbm_return,10,1,2025-09-30,australia_asx200_pct_change_12m,41.0
lightgbm_return,10,1,2025-10-31,india_10y_yield_lag_1,1.0
lightgbm_return,10,1,2025-10-31,aluminum_stock_ton_pct_change_1m,3.0
lightgbm_return,10,1,2025-10-31,aluminum_stock_ton_change_1m,11.0
lightgbm_return,10,1,2025-10-31,us_industrial_production_lag_1,9.0
lightgbm_return,10,1,2025-10-31,origin_global_portcalls,17.0
lightgbm_return,10,1,2025-10-31,india_10y_yield_pct_change_12m,7.0
lightgbm_return,10,1,2025-10-31,us_10y_2y_spread_pct_change_12m,0.0
lightgbm_return,10,1,2025-10-31,shfe_open_interest_lots_lag_1,26.0
lightgbm_return,10,1,2025-10-31,korea_call_money_rate_pct_change_12m,0.0
lightgbm_return,10,1,2025-10-31,usa_nyse_mp_materials_pct_change_3m,29.0
lightgbm_return,10,1,2025-10-31,china_fixed_asset_investment_yoy_pct_lag_3,13.0
lightgbm_return,10,1,2025-10-31,shfe_open_interest_lots_lag_3,11.0
lightgbm_return,10,1,2025-10-31,tin_stock_ton_change_1m,34.0
lightgbm_return,10,1,2025-10-31,g20_composite_leading_indicator_pct_change_1m,7.0
lightgbm_return,10,1,2025-10-31,us_cpi_index_pct_change_12m,17.0
lightgbm_return,10,1,2025-10-31,m2_money_supply_change_1m,17.0
lightgbm_return,10,1,2025-10-31,copper_supply_dry_bulk_export_lag_12,29.0
lightgbm_return,10,1,2025-10-31,shfe_open_interest_lots_pct_change_12m,7.0
lightgbm_return,10,1,2025-10-31,indonesia_call_money_rate_pct_change_12m,16.0
lightgbm_return,10,1,2025-10-31,india_10y_yield_pct_change_3m,17.0
lightgbm_return,10,1,2025-11-30,india_10y_yield_lag_1,13.0
lightgbm_return,10,1,2025-11-30,aluminum_stock_ton_pct_change_1m,7.0
lightgbm_return,10,1,2025-11-30,tin_stock_ton_change_1m,36.0
lightgbm_return,10,1,2025-11-30,aluminum_stock_ton_change_1m,18.0
lightgbm_return,10,1,2025-11-30,us_industrial_production_lag_1,12.0
lightgbm_return,10,1,2025-11-30,origin_global_portcalls,2.0
lightgbm_return,10,1,2025-11-30,india_10y_yield_pct_change_12m,6.0
lightgbm_return,10,1,2025-11-30,us_10y_2y_spread_pct_change_12m,1.0
lightgbm_return,10,1,2025-11-30,korea_call_money_rate_pct_change_12m,4.0
lightgbm_return,10,1,2025-11-30,usa_nyse_mp_materials_pct_change_3m,43.0
lightgbm_return,10,1,2025-11-30,shfe_open_interest_lots_lag_1,22.0
lightgbm_return,10,1,2025-11-30,shfe_open_interest_lots_lag_3,5.0
lightgbm_return,10,1,2025-11-30,m2_money_supply_change_1m,5.0
lightgbm_return,10,1,2025-11-30,us_cpi_index_pct_change_12m,14.0
lightgbm_return,10,1,2025-11-30,indonesia_call_money_rate_pct_change_12m,6.0
lightgbm_return,10,1,2025-11-30,brent_oil_usd_lag_1,13.0
lightgbm_return,10,1,2025-11-30,china_fixed_asset_investment_yoy_pct_lag_3,4.0
lightgbm_return,10,1,2025-11-30,copper_supply_dry_bulk_export_lag_12,41.0
lightgbm_return,10,1,2025-11-30,us_cpi_index_pct_change_3m,7.0
lightgbm_return,10,1,2025-11-30,shfe_open_interest_lots_pct_change_12m,3.0
lightgbm_return,10,1,2025-12-31,aluminum_stock_ton_pct_change_1m,13.0
lightgbm_return,10,1,2025-12-31,india_10y_yield_lag_1,19.0
lightgbm_return,10,1,2025-12-31,usa_nyse_mp_materials_pct_change_3m,53.0
lightgbm_return,10,1,2025-12-31,origin_global_portcalls,15.0
lightgbm_return,10,1,2025-12-31,us_10y_2y_spread_pct_change_12m,6.0
lightgbm_return,10,1,2025-12-31,aluminum_stock_ton_change_1m,19.0
lightgbm_return,10,1,2025-12-31,india_10y_yield_pct_change_12m,6.0
lightgbm_return,10,1,2025-12-31,korea_call_money_rate_pct_change_12m,6.0
lightgbm_return,10,1,2025-12-31,us_industrial_production_lag_1,1.0
lightgbm_return,10,1,2025-12-31,tin_stock_ton_change_1m,37.0
lightgbm_return,10,1,2025-12-31,us_cpi_index_pct_change_3m,26.0
lightgbm_return,10,1,2025-12-31,brent_oil_usd_lag_1,8.0
lightgbm_return,10,1,2025-12-31,indonesia_call_money_rate_pct_change_12m,8.0
lightgbm_return,10,1,2025-12-31,euro_area_industrial_production_lag_6,6.0
lightgbm_return,10,1,2025-12-31,lead_cash_usd_per_ton_lag_3,4.0
lightgbm_return,10,1,2025-12-31,m2_money_supply_change_1m,13.0
lightgbm_return,10,1,2025-12-31,us_cpi_index_pct_change_12m,12.0
lightgbm_return,10,1,2025-12-31,china_fixed_asset_investment_yoy_pct_lag_3,5.0
lightgbm_return,10,1,2025-12-31,shfe_open_interest_lots_lag_3,6.0
lightgbm_return,10,1,2025-12-31,germany_manufacturing_order_books_lag_6,5.0
lightgbm_return,10,1,2026-01-31,aluminum_stock_ton_pct_change_1m,10.0
lightgbm_return,10,1,2026-01-31,india_10y_yield_lag_1,11.0
lightgbm_return,10,1,2026-01-31,origin_global_portcalls,11.0
lightgbm_return,10,1,2026-01-31,us_10y_2y_spread_pct_change_12m,22.0
lightgbm_return,10,1,2026-01-31,us_cpi_index_pct_change_3m,11.0
lightgbm_return,10,1,2026-01-31,lead_cash_usd_per_ton_lag_3,12.0
lightgbm_return,10,1,2026-01-31,korea_call_money_rate_pct_change_12m,11.0
lightgbm_return,10,1,2026-01-31,brent_oil_usd_lag_1,3.0
lightgbm_return,10,1,2026-01-31,india_10y_yield_pct_change_12m,4.0
lightgbm_return,10,1,2026-01-31,euro_area_industrial_production_lag_6,4.0
lightgbm_return,10,1,2026-01-31,us_industrial_production_lag_1,7.0
lightgbm_return,10,1,2026-01-31,germany_manufacturing_order_books_lag_6,10.0
lightgbm_return,10,1,2026-01-31,indonesia_call_money_rate_pct_change_12m,5.0
lightgbm_return,10,1,2026-01-31,aluminum_stock_ton_change_1m,32.0
lightgbm_return,10,1,2026-01-31,germany_manufacturing_order_books_lag_12,6.0
lightgbm_return,10,1,2026-01-31,euro_area_industrial_production_lag_3,26.0
lightgbm_return,10,1,2026-01-31,tin_stock_ton_change_1m,39.0
lightgbm_return,10,1,2026-01-31,china_fixed_asset_investment_yoy_pct_lag_3,12.0
lightgbm_return,10,1,2026-01-31,copper_supply_dry_bulk_export_lag_12,17.0
lightgbm_return,10,1,2026-01-31,global_portcalls_pct_change_12m,12.0
lightgbm_return,10,1,2026-02-28,india_10y_yield_lag_1,13.0
lightgbm_return,10,1,2026-02-28,aluminum_stock_ton_pct_change_1m,18.0
lightgbm_return,10,1,2026-02-28,us_10y_2y_spread_pct_change_12m,5.0
lightgbm_return,10,1,2026-02-28,origin_global_portcalls,13.0
lightgbm_return,10,1,2026-02-28,us_cpi_index_pct_change_3m,7.0
lightgbm_return,10,1,2026-02-28,korea_call_money_rate_pct_change_12m,12.0
lightgbm_return,10,1,2026-02-28,lead_cash_usd_per_ton_lag_3,4.0
lightgbm_return,10,1,2026-02-28,india_10y_yield_pct_change_12m,8.0
lightgbm_return,10,1,2026-02-28,brent_oil_usd_lag_1,3.0
lightgbm_return,10,1,2026-02-28,us_industrial_production_lag_1,8.0
lightgbm_return,10,1,2026-02-28,euro_area_industrial_production_lag_6,13.0
lightgbm_return,10,1,2026-02-28,tin_stock_ton_change_1m,45.0
lightgbm_return,10,1,2026-02-28,aluminum_stock_ton_change_1m,17.0
lightgbm_return,10,1,2026-02-28,indonesia_call_money_rate_pct_change_12m,6.0
lightgbm_return,10,1,2026-02-28,germany_manufacturing_order_books_lag_6,11.0
lightgbm_return,10,1,2026-02-28,china_fixed_asset_investment_yoy_pct_lag_3,7.0
lightgbm_return,10,1,2026-02-28,usa_nyse_mp_materials_pct_change_3m,35.0
lightgbm_return,10,1,2026-02-28,germany_manufacturing_order_books_lag_12,1.0
lightgbm_return,10,1,2026-02-28,euro_area_industrial_production_lag_3,29.0
lightgbm_return,10,1,2026-02-28,m2_money_supply_change_1m,5.0
lightgbm_return,10,1,2026-03-31,india_10y_yield_lag_1,20.0
lightgbm_return,10,1,2026-03-31,aluminum_stock_ton_pct_change_1m,13.0
lightgbm_return,10,1,2026-03-31,india_10y_yield_pct_change_12m,10.0
lightgbm_return,10,1,2026-03-31,us_10y_2y_spread_pct_change_12m,19.0
lightgbm_return,10,1,2026-03-31,aluminum_stock_ton_change_1m,19.0
lightgbm_return,10,1,2026-03-31,us_industrial_production_lag_1,27.0
lightgbm_return,10,1,2026-03-31,tin_stock_ton_change_1m,71.0
lightgbm_return,10,1,2026-03-31,us_cpi_index_pct_change_3m,22.0
lightgbm_return,10,1,2026-03-31,korea_call_money_rate_pct_change_12m,19.0
lightgbm_return,10,1,2026-03-31,india_10y_yield_pct_change_3m,34.0
lightgbm_return,10,1,2026-03-31,usa_nyse_mp_materials_pct_change_3m,85.0
lightgbm_return,10,1,2026-03-31,origin_global_portcalls,25.0
lightgbm_return,10,1,2026-03-31,lead_cash_usd_per_ton_lag_3,35.0
lightgbm_return,10,1,2026-03-31,brent_oil_usd_lag_1,14.0
lightgbm_return,10,1,2026-03-31,china_fixed_asset_investment_yoy_pct_lag_3,14.0
lightgbm_return,10,1,2026-03-31,indonesia_call_money_rate_pct_change_12m,5.0
lightgbm_return,10,1,2026-03-31,euro_area_industrial_production_lag_6,15.0
lightgbm_return,10,1,2026-03-31,shfe_open_interest_lots_lag_1,38.0
lightgbm_return,10,1,2026-03-31,germany_manufacturing_order_books_lag_6,8.0
lightgbm_return,10,1,2026-03-31,shfe_open_interest_lots_lag_3,20.0
lightgbm_return,10,1,2026-04-30,india_10y_yield_lag_1,13.0
lightgbm_return,10,1,2026-04-30,aluminum_stock_ton_pct_change_1m,16.0
lightgbm_return,10,1,2026-04-30,us_10y_2y_spread_pct_change_12m,14.0
lightgbm_return,10,1,2026-04-30,tin_stock_ton_change_1m,45.0
lightgbm_return,10,1,2026-04-30,india_10y_yield_pct_change_12m,8.0
lightgbm_return,10,1,2026-04-30,us_cpi_index_pct_change_3m,39.0
lightgbm_return,10,1,2026-04-30,lead_cash_usd_per_ton_lag_3,12.0
lightgbm_return,10,1,2026-04-30,aluminum_stock_ton_change_1m,3.0
lightgbm_return,10,1,2026-04-30,korea_call_money_rate_pct_change_12m,15.0
lightgbm_return,10,1,2026-04-30,us_industrial_production_lag_1,7.0
lightgbm_return,10,1,2026-04-30,brent_oil_usd_lag_1,3.0
lightgbm_return,10,1,2026-04-30,euro_area_industrial_production_lag_6,6.0
lightgbm_return,10,1,2026-04-30,origin_global_portcalls,10.0
lightgbm_return,10,1,2026-04-30,usa_nyse_mp_materials_pct_change_3m,25.0
lightgbm_return,10,1,2026-04-30,indonesia_call_money_rate_pct_change_12m,7.0
lightgbm_return,10,1,2026-04-30,germany_manufacturing_order_books_lag_6,5.0
lightgbm_return,10,1,2026-04-30,india_10y_yield_pct_change_3m,20.0
lightgbm_return,10,1,2026-04-30,china_fixed_asset_investment_yoy_pct_lag_3,8.0
lightgbm_return,10,1,2026-04-30,euro_area_industrial_production_lag_3,13.0
lightgbm_return,10,1,2026-04-30,m2_money_supply_change_1m,3.0
lightgbm_return,10,1,2026-05-31,india_10y_yield_lag_1,15.0
lightgbm_return,10,1,2026-05-31,aluminum_stock_ton_pct_change_1m,13.0
lightgbm_return,10,1,2026-05-31,lead_cash_usd_per_ton_lag_3,0.0
lightgbm_return,10,1,2026-05-31,us_10y_2y_spread_pct_change_12m,5.0
lightgbm_return,10,1,2026-05-31,korea_call_money_rate_pct_change_12m,20.0
lightgbm_return,10,1,2026-05-31,euro_area_industrial_production_lag_6,4.0
lightgbm_return,10,1,2026-05-31,aluminum_stock_ton_change_1m,12.0
lightgbm_return,10,1,2026-05-31,us_industrial_production_lag_1,0.0
lightgbm_return,10,1,2026-05-31,origin_global_portcalls,4.0
lightgbm_return,10,1,2026-05-31,india_10y_yield_pct_change_12m,0.0
lightgbm_return,10,1,2026-05-31,brent_oil_usd_lag_1,1.0
lightgbm_return,10,1,2026-05-31,germany_manufacturing_order_books_lag_6,4.0
lightgbm_return,10,1,2026-05-31,euro_area_industrial_production_lag_3,18.0
lightgbm_return,10,1,2026-05-31,indonesia_call_money_rate_pct_change_12m,7.0
lightgbm_return,10,1,2026-05-31,us_cpi_index_pct_change_3m,9.0
lightgbm_return,10,1,2026-05-31,usa_nyse_mp_materials_pct_change_3m,60.0
lightgbm_return,10,1,2026-05-31,tin_stock_ton_change_1m,49.0
lightgbm_return,10,1,2026-05-31,india_10y_yield_pct_change_3m,12.0
lightgbm_return,10,1,2026-05-31,us_cpi_index_pct_change_12m,0.0
lightgbm_return,10,1,2026-05-31,tin_stock_ton_lag_12,4.0
lightgbm_return,10,1,2026-06-30,lead_cash_usd_per_ton_lag_3,20.0
lightgbm_return,10,1,2026-06-30,india_10y_yield_lag_1,17.0
lightgbm_return,10,1,2026-06-30,aluminum_stock_ton_pct_change_1m,21.0
lightgbm_return,10,1,2026-06-30,euro_area_industrial_production_lag_6,12.0
lightgbm_return,10,1,2026-06-30,us_10y_2y_spread_pct_change_12m,19.0
lightgbm_return,10,1,2026-06-30,korea_call_money_rate_pct_change_12m,9.0
lightgbm_return,10,1,2026-06-30,us_industrial_production_lag_1,14.0
lightgbm_return,10,1,2026-06-30,brent_oil_usd_lag_1,3.0
lightgbm_return,10,1,2026-06-30,euro_area_industrial_production_lag_3,17.0
lightgbm_return,10,1,2026-06-30,aluminum_stock_ton_change_1m,30.0
lightgbm_return,10,1,2026-06-30,india_10y_yield_pct_change_12m,4.0
lightgbm_return,10,1,2026-06-30,origin_global_portcalls,30.0
lightgbm_return,10,1,2026-06-30,germany_manufacturing_order_books_lag_6,13.0
lightgbm_return,10,1,2026-06-30,indonesia_call_money_rate_pct_change_12m,6.0
lightgbm_return,10,1,2026-06-30,tin_stock_ton_lag_12,6.0
lightgbm_return,10,1,2026-06-30,us_cpi_index_pct_change_12m,9.0
lightgbm_return,10,1,2026-06-30,india_10y_yield_pct_change_3m,33.0
lightgbm_return,10,1,2026-06-30,japan_ppi_pct_change_12m,2.0
lightgbm_return,10,1,2026-06-30,us_cpi_index_pct_change_3m,10.0
lightgbm_return,10,1,2026-06-30,uk_ftse100_glencore_lag_1,1.0
lightgbm_return,10,1,2026-07-31,india_10y_yield_lag_1,14.0
lightgbm_return,10,1,2026-07-31,aluminum_stock_ton_pct_change_1m,25.0
lightgbm_return,10,1,2026-07-31,lead_cash_usd_per_ton_lag_3,1.0
lightgbm_return,10,1,2026-07-31,us_10y_2y_spread_pct_change_12m,4.0
lightgbm_return,10,1,2026-07-31,korea_call_money_rate_pct_change_12m,12.0
lightgbm_return,10,1,2026-07-31,aluminum_stock_ton_change_1m,16.0
lightgbm_return,10,1,2026-07-31,euro_area_industrial_production_lag_6,1.0
lightgbm_return,10,1,2026-07-31,brent_oil_usd_lag_1,4.0
lightgbm_return,10,1,2026-07-31,us_cpi_index_pct_change_3m,14.0
lightgbm_return,10,1,2026-07-31,us_industrial_production_lag_1,1.0
lightgbm_return,10,1,2026-07-31,india_10y_yield_pct_change_12m,1.0
lightgbm_return,10,1,2026-07-31,origin_global_portcalls,3.0
lightgbm_return,10,1,2026-07-31,indonesia_call_money_rate_pct_change_12m,6.0
lightgbm_return,10,1,2026-07-31,germany_manufacturing_order_books_lag_6,2.0
lightgbm_return,10,1,2026-07-31,tin_stock_ton_change_1m,62.0
lightgbm_return,10,1,2026-07-31,euro_area_industrial_production_lag_3,18.0
lightgbm_return,10,1,2026-07-31,usa_nyse_mp_materials_pct_change_3m,44.0
lightgbm_return,10,1,2026-07-31,tin_stock_ton_lag_12,11.0
lightgbm_return,10,1,2026-07-31,india_10y_yield_pct_change_3m,14.0
lightgbm_return,10,1,2026-07-31,us_cpi_index_pct_change_12m,3.0
lightgbm_return,10,3,2025-01-31,china_fixed_asset_investment_yoy_pct_change_1m,25.0
lightgbm_return,10,3,2025-01-31,canada_tsx_composite_hudbay_minerals_lag_3,21.0
lightgbm_return,10,3,2025-01-31,us_industrial_production_lag_1,2.0
lightgbm_return,10,3,2025-01-31,shfe_open_interest_lots_lag_1,29.0
lightgbm_return,10,3,2025-01-31,us_industrial_production_lag_3,8.0
lightgbm_return,10,3,2025-01-31,canada_tsx_composite_hudbay_minerals_lag_1,28.0
lightgbm_return,10,3,2025-01-31,poland_wig20_lag_6,11.0
lightgbm_return,10,3,2025-01-31,poland_wig20_lag_3,7.0
lightgbm_return,10,3,2025-01-31,china_real_estate_investment_yoy_pct_pct_change_1m,9.0
lightgbm_return,10,3,2025-01-31,india_10y_yield_lag_1,3.0
lightgbm_return,10,3,2025-01-31,korea_call_money_rate_pct_change_12m,10.0
lightgbm_return,10,3,2025-01-31,usd_cdf_pct_change_3m,24.0
lightgbm_return,10,3,2025-01-31,zinc_stock_ton_pct_change_12m,4.0
lightgbm_return,10,3,2025-01-31,shfe_open_interest_lots_pct_change_12m,7.0
lightgbm_return,10,3,2025-01-31,india_industrial_production_pct_change_3m,39.0
lightgbm_return,10,3,2025-01-31,indonesia_call_money_rate_pct_change_12m,4.0
lightgbm_return,10,3,2025-01-31,brent_oil_usd_lag_1,15.0
lightgbm_return,10,3,2025-01-31,us_10y_2y_spread_pct_change_12m,10.0
lightgbm_return,10,3,2025-01-31,g20_composite_leading_indicator_lag_12,3.0
lightgbm_return,10,3,2025-01-31,nickel_stock_ton_pct_change_12m,9.0
lightgbm_return,10,3,2025-02-28,china_fixed_asset_investment_yoy_pct_change_1m,30.0
lightgbm_return,10,3,2025-02-28,canada_tsx_composite_hudbay_minerals_lag_3,43.0
lightgbm_return,10,3,2025-02-28,us_industrial_production_lag_1,17.0
lightgbm_return,10,3,2025-02-28,global_container_import_lag_12,8.0
lightgbm_return,10,3,2025-02-28,shfe_open_interest_lots_lag_1,23.0
lightgbm_return,10,3,2025-02-28,us_industrial_production_lag_3,15.0
lightgbm_return,10,3,2025-02-28,canada_tsx_composite_hudbay_minerals_lag_1,30.0
lightgbm_return,10,3,2025-02-28,china_real_estate_investment_yoy_pct_pct_change_1m,30.0
lightgbm_return,10,3,2025-02-28,poland_wig20_lag_3,10.0
lightgbm_return,10,3,2025-02-28,poland_wig20_lag_6,25.0
lightgbm_return,10,3,2025-02-28,china_copper_related_dry_bulk_export_lag_12,19.0
lightgbm_return,10,3,2025-02-28,india_10y_yield_lag_1,11.0
lightgbm_return,10,3,2025-02-28,korea_call_money_rate_pct_change_12m,11.0
lightgbm_return,10,3,2025-02-28,zinc_stock_ton_pct_change_12m,26.0
lightgbm_return,10,3,2025-02-28,global_container_export_lag_12,20.0
lightgbm_return,10,3,2025-02-28,shfe_open_interest_lots_pct_change_12m,32.0
lightgbm_return,10,3,2025-02-28,us_10y_2y_spread_pct_change_12m,19.0
lightgbm_return,10,3,2025-02-28,usd_cdf_pct_change_3m,60.0
lightgbm_return,10,3,2025-02-28,india_industrial_production_pct_change_3m,45.0
lightgbm_return,10,3,2025-02-28,g20_composite_leading_indicator_lag_12,37.0
lightgbm_return,10,3,2025-03-31,china_fixed_asset_investment_yoy_pct_change_1m,18.0
lightgbm_return,10,3,2025-03-31,us_industrial_production_lag_1,6.0
lightgbm_return,10,3,2025-03-31,global_container_import_lag_12,3.0
lightgbm_return,10,3,2025-03-31,canada_tsx_composite_hudbay_minerals_lag_3,20.0
lightgbm_return,10,3,2025-03-31,shfe_open_interest_lots_lag_1,36.0
lightgbm_return,10,3,2025-03-31,us_industrial_production_lag_3,7.0
lightgbm_return,10,3,2025-03-31,india_10y_yield_lag_1,6.0
lightgbm_return,10,3,2025-03-31,china_real_estate_investment_yoy_pct_pct_change_1m,4.0
lightgbm_return,10,3,2025-03-31,china_copper_related_dry_bulk_export_lag_12,14.0
lightgbm_return,10,3,2025-03-31,korea_call_money_rate_pct_change_12m,13.0
lightgbm_return,10,3,2025-03-31,canada_tsx_composite_hudbay_minerals_lag_1,45.0
lightgbm_return,10,3,2025-03-31,poland_wig20_lag_3,3.0
lightgbm_return,10,3,2025-03-31,us_10y_2y_spread_pct_change_12m,9.0
lightgbm_return,10,3,2025-03-31,nickel_stock_ton_pct_change_12m,35.0
lightgbm_return,10,3,2025-03-31,zinc_stock_ton_pct_change_12m,9.0
lightgbm_return,10,3,2025-03-31,shfe_open_interest_lots_pct_change_12m,19.0
lightgbm_return,10,3,2025-03-31,poland_wig20_lag_6,4.0
lightgbm_return,10,3,2025-03-31,g20_composite_leading_indicator_lag_12,14.0
lightgbm_return,10,3,2025-03-31,usd_cdf_pct_change_3m,8.0
lightgbm_return,10,3,2025-03-31,global_portcalls_pct_change_12m,11.0
lightgbm_return,10,3,2025-04-30,china_fixed_asset_investment_yoy_pct_change_1m,21.0
lightgbm_return,10,3,2025-04-30,us_industrial_production_lag_1,5.0
lightgbm_return,10,3,2025-04-30,global_container_import_lag_12,6.0
lightgbm_return,10,3,2025-04-30,canada_tsx_composite_hudbay_minerals_lag_3,14.0
lightgbm_return,10,3,2025-04-30,shfe_open_interest_lots_lag_1,32.0
lightgbm_return,10,3,2025-04-30,us_industrial_production_lag_3,1.0
lightgbm_return,10,3,2025-04-30,india_10y_yield_lag_1,6.0
lightgbm_return,10,3,2025-04-30,china_real_estate_investment_yoy_pct_pct_change_1m,7.0
lightgbm_return,10,3,2025-04-30,china_copper_related_dry_bulk_export_lag_12,11.0
lightgbm_return,10,3,2025-04-30,korea_call_money_rate_pct_change_12m,11.0
lightgbm_return,10,3,2025-04-30,us_10y_2y_spread_pct_change_12m,12.0
lightgbm_return,10,3,2025-04-30,poland_wig20_lag_3,5.0
lightgbm_return,10,3,2025-04-30,zinc_stock_ton_pct_change_12m,5.0
lightgbm_return,10,3,2025-04-30,nickel_stock_ton_pct_change_12m,40.0
lightgbm_return,10,3,2025-04-30,canada_tsx_composite_hudbay_minerals_lag_1,47.0
lightgbm_return,10,3,2025-04-30,shfe_open_interest_lots_pct_change_12m,17.0
lightgbm_return,10,3,2025-04-30,g20_composite_leading_indicator_lag_12,14.0
lightgbm_return,10,3,2025-04-30,poland_wig20_lag_6,12.0
lightgbm_return,10,3,2025-04-30,origin_shfe_open_interest_lots,12.0
lightgbm_return,10,3,2025-04-30,global_portcalls_pct_change_12m,5.0
lightgbm_return,10,3,2025-05-31,china_fixed_asset_investment_yoy_pct_change_1m,24.0
lightgbm_return,10,3,2025-05-31,us_industrial_production_lag_1,7.0
lightgbm_return,10,3,2025-05-31,global_container_import_lag_12,7.0
lightgbm_return,10,3,2025-05-31,shfe_open_interest_lots_lag_1,20.0
lightgbm_return,10,3,2025-05-31,canada_tsx_composite_hudbay_minerals_lag_3,13.0
lightgbm_return,10,3,2025-05-31,us_industrial_production_lag_3,5.0
lightgbm_return,10,3,2025-05-31,india_10y_yield_lag_1,6.0
lightgbm_return,10,3,2025-05-31,china_real_estate_investment_yoy_pct_pct_change_1m,6.0
lightgbm_return,10,3,2025-05-31,china_copper_related_dry_bulk_export_lag_12,16.0
lightgbm_return,10,3,2025-05-31,korea_call_money_rate_pct_change_12m,8.0
lightgbm_return,10,3,2025-05-31,us_10y_2y_spread_pct_change_12m,11.0
lightgbm_return,10,3,2025-05-31,zinc_stock_ton_pct_change_12m,13.0
lightgbm_return,10,3,2025-05-31,poland_wig20_lag_3,5.0
lightgbm_return,10,3,2025-05-31,nickel_stock_ton_pct_change_12m,27.0
lightgbm_return,10,3,2025-05-31,shfe_open_interest_lots_pct_change_12m,17.0
lightgbm_return,10,3,2025-05-31,g20_composite_leading_indicator_lag_12,11.0
lightgbm_return,10,3,2025-05-31,poland_wig20_lag_6,1.0
lightgbm_return,10,3,2025-05-31,origin_shfe_open_interest_lots,10.0
lightgbm_return,10,3,2025-05-31,canada_tsx_composite_hudbay_minerals_lag_1,33.0
lightgbm_return,10,3,2025-05-31,india_industrial_production_pct_change_3m,37.0
lightgbm_return,10,3,2025-06-30,china_fixed_asset_investment_yoy_pct_change_1m,23.0
lightgbm_return,10,3,2025-06-30,us_industrial_production_lag_1,8.0
lightgbm_return,10,3,2025-06-30,global_container_import_lag_12,5.0
lightgbm_return,10,3,2025-06-30,shfe_open_interest_lots_lag_1,21.0
lightgbm_return,10,3,2025-06-30,us_industrial_production_lag_3,13.0
lightgbm_return,10,3,2025-06-30,canada_tsx_composite_hudbay_minerals_lag_3,9.0
lightgbm_return,10,3,2025-06-30,china_copper_related_dry_bulk_export_lag_12,12.0
lightgbm_return,10,3,2025-06-30,india_10y_yield_lag_1,4.0
lightgbm_return,10,3,2025-06-30,korea_call_money_rate_pct_change_12m,6.0
lightgbm_return,10,3,2025-06-30,zinc_stock_ton_pct_change_12m,21.0
lightgbm_return,10,3,2025-06-30,us_10y_2y_spread_pct_change_12m,9.0
lightgbm_return,10,3,2025-06-30,india_industrial_production_pct_change_3m,46.0
lightgbm_return,10,3,2025-06-30,china_real_estate_investment_yoy_pct_pct_change_1m,3.0
lightgbm_return,10,3,2025-06-30,shfe_open_interest_lots_pct_change_12m,15.0
lightgbm_return,10,3,2025-06-30,g20_composite_leading_indicator_lag_12,23.0
lightgbm_return,10,3,2025-06-30,nickel_stock_ton_pct_change_12m,2.0
lightgbm_return,10,3,2025-06-30,poland_wig20_lag_3,4.0
lightgbm_return,10,3,2025-06-30,origin_shfe_open_interest_lots,14.0
lightgbm_return,10,3,2025-06-30,poland_wig20_lag_6,1.0
lightgbm_return,10,3,2025-06-30,brent_oil_usd_lag_1,21.0
lightgbm_return,10,3,2025-07-31,china_fixed_asset_investment_yoy_pct_change_1m,18.0
lightgbm_return,10,3,2025-07-31,us_industrial_production_lag_1,0.0
lightgbm_return,10,3,2025-07-31,shfe_open_interest_lots_lag_1,29.0
lightgbm_return,10,3,2025-07-31,global_container_import_lag_12,4.0
lightgbm_return,10,3,2025-07-31,us_industrial_production_lag_3,3.0
lightgbm_return,10,3,2025-07-31,korea_call_money_rate_pct_change_12m,5.0
lightgbm_return,10,3,2025-07-31,us_10y_2y_spread_pct_change_12m,13.0
lightgbm_return,10,3,2025-07-31,india_industrial_production_pct_change_3m,44.0
lightgbm_return,10,3,2025-07-31,india_10y_yield_lag_1,15.0
lightgbm_return,10,3,2025-07-31,nickel_stock_ton_pct_change_12m,2.0
lightgbm_return,10,3,2025-07-31,zinc_stock_ton_pct_change_12m,14.0
lightgbm_return,10,3,2025-07-31,canada_tsx_composite_hudbay_minerals_lag_3,11.0
lightgbm_return,10,3,2025-07-31,g20_composite_leading_indicator_lag_12,14.0
lightgbm_return,10,3,2025-07-31,china_copper_related_dry_bulk_export_lag_12,6.0
lightgbm_return,10,3,2025-07-31,china_real_estate_investment_yoy_pct_pct_change_1m,8.0
lightgbm_return,10,3,2025-07-31,shfe_open_interest_lots_pct_change_12m,24.0
lightgbm_return,10,3,2025-07-31,peru_usd_pen_pct_change_3m,23.0
lightgbm_return,10,3,2025-07-31,brent_oil_usd_lag_1,16.0
lightgbm_return,10,3,2025-07-31,lead_cash_usd_per_ton_lag_3,21.0
lightgbm_return,10,3,2025-07-31,origin_shfe_open_interest_lots,11.0
lightgbm_return,10,3,2025-08-31,china_fixed_asset_investment_yoy_pct_change_1m,17.0
lightgbm_return,10,3,2025-08-31,us_industrial_production_lag_1,3.0
lightgbm_return,10,3,2025-08-31,shfe_open_interest_lots_lag_1,22.0
lightgbm_return,10,3,2025-08-31,global_container_import_lag_12,7.0
lightgbm_return,10,3,2025-08-31,india_industrial_production_pct_change_3m,30.0
lightgbm_return,10,3,2025-08-31,us_industrial_production_lag_3,2.0
lightgbm_return,10,3,2025-08-31,korea_call_money_rate_pct_change_12m,6.0
lightgbm_return,10,3,2025-08-31,us_10y_2y_spread_pct_change_12m,7.0
lightgbm_return,10,3,2025-08-31,peru_usd_pen_pct_change_3m,22.0
lightgbm_return,10,3,2025-08-31,zinc_stock_ton_pct_change_12m,18.0
lightgbm_return,10,3,2025-08-31,g20_composite_leading_indicator_lag_12,18.0
lightgbm_return,10,3,2025-08-31,china_copper_related_dry_bulk_export_lag_12,6.0
lightgbm_return,10,3,2025-08-31,india_10y_yield_lag_1,14.0
lightgbm_return,10,3,2025-08-31,nickel_stock_ton_pct_change_12m,7.0
lightgbm_return,10,3,2025-08-31,lead_cash_usd_per_ton_lag_3,19.0
lightgbm_return,10,3,2025-08-31,brent_oil_usd_lag_1,21.0
lightgbm_return,10,3,2025-08-31,china_real_estate_investment_yoy_pct_pct_change_1m,13.0
lightgbm_return,10,3,2025-08-31,canada_tsx_composite_hudbay_minerals_lag_3,11.0
lightgbm_return,10,3,2025-08-31,shfe_open_interest_lots_pct_change_12m,18.0
lightgbm_return,10,3,2025-08-31,origin_shfe_open_interest_lots,12.0
lightgbm_return,10,3,2025-09-30,china_fixed_asset_investment_yoy_pct_change_1m,20.0
lightgbm_return,10,3,2025-09-30,us_industrial_production_lag_1,3.0
lightgbm_return,10,3,2025-09-30,shfe_open_interest_lots_lag_1,29.0
lightgbm_return,10,3,2025-09-30,global_container_import_lag_12,5.0
lightgbm_return,10,3,2025-09-30,us_industrial_production_lag_3,2.0
lightgbm_return,10,3,2025-09-30,peru_usd_pen_pct_change_3m,24.0
lightgbm_return,10,3,2025-09-30,india_industrial_production_pct_change_3m,47.0
lightgbm_return,10,3,2025-09-30,korea_call_money_rate_pct_change_12m,3.0
lightgbm_return,10,3,2025-09-30,zinc_stock_ton_pct_change_12m,6.0
lightgbm_return,10,3,2025-09-30,us_10y_2y_spread_pct_change_12m,14.0
lightgbm_return,10,3,2025-09-30,china_copper_related_dry_bulk_export_lag_12,5.0
lightgbm_return,10,3,2025-09-30,lead_cash_usd_per_ton_lag_3,18.0
lightgbm_return,10,3,2025-09-30,brent_oil_usd_lag_1,25.0
lightgbm_return,10,3,2025-09-30,g20_composite_leading_indicator_lag_12,14.0
lightgbm_return,10,3,2025-09-30,china_real_estate_investment_yoy_pct_change_1m,2.0
lightgbm_return,10,3,2025-09-30,euro_area_industrial_production_lag_3,4.0
lightgbm_return,10,3,2025-09-30,nickel_stock_ton_pct_change_12m,6.0
lightgbm_return,10,3,2025-09-30,origin_shfe_open_interest_lots,7.0
lightgbm_return,10,3,2025-09-30,shfe_open_interest_lots_pct_change_12m,21.0
lightgbm_return,10,3,2025-09-30,india_10y_yield_lag_1,18.0
lightgbm_return,10,3,2025-10-31,usa_nyse_mp_materials_lag_3,23.0
lightgbm_return,10,3,2025-10-31,china_fixed_asset_investment_yoy_pct_pct_change_1m,34.0
lightgbm_return,10,3,2025-10-31,us_industrial_production_lag_1,8.0
lightgbm_return,10,3,2025-10-31,lead_cash_usd_per_ton_lag_3,35.0
lightgbm_return,10,3,2025-10-31,peru_usd_pen_pct_change_3m,41.0
lightgbm_return,10,3,2025-10-31,korea_call_money_rate_pct_change_12m,40.0
lightgbm_return,10,3,2025-10-31,shfe_open_interest_lots_lag_1,21.0
lightgbm_return,10,3,2025-10-31,india_industrial_production_pct_change_3m,50.0
lightgbm_return,10,3,2025-10-31,euro_area_industrial_production_lag_3,18.0
lightgbm_return,10,3,2025-10-31,brent_oil_usd_lag_1,35.0
lightgbm_return,10,3,2025-10-31,us_industrial_production_lag_3,8.0
lightgbm_return,10,3,2025-10-31,us_10y_2y_spread_pct_change_12m,32.0
lightgbm_return,10,3,2025-10-31,euro_area_industrial_production_lag_6,20.0
lightgbm_return,10,3,2025-10-31,g20_composite_leading_indicator_lag_12,29.0
lightgbm_return,10,3,2025-10-31,nickel_stock_ton_pct_change_12m,25.0
lightgbm_return,10,3,2025-10-31,global_container_import_lag_12,17.0
lightgbm_return,10,3,2025-10-31,zinc_stock_ton_pct_change_12m,23.0
lightgbm_return,10,3,2025-10-31,germany_manufacturing_order_books_lag_6,26.0
lightgbm_return,10,3,2025-10-31,origin_uk_ftse100,16.0
lightgbm_return,10,3,2025-10-31,origin_shfe_open_interest_lots,24.0
lightgbm_return,10,3,2025-11-30,usa_nyse_mp_materials_lag_3,17.0
lightgbm_return,10,3,2025-11-30,lead_cash_usd_per_ton_lag_3,15.0
lightgbm_return,10,3,2025-11-30,us_industrial_production_lag_1,2.0
lightgbm_return,10,3,2025-11-30,china_fixed_asset_investment_yoy_pct_pct_change_1m,28.0
lightgbm_return,10,3,2025-11-30,euro_area_industrial_production_lag_3,5.0
lightgbm_return,10,3,2025-11-30,korea_call_money_rate_pct_change_12m,2.0
lightgbm_return,10,3,2025-11-30,euro_area_industrial_production_lag_6,11.0
lightgbm_return,10,3,2025-11-30,brent_oil_usd_lag_1,13.0
lightgbm_return,10,3,2025-11-30,us_10y_2y_spread_pct_change_12m,24.0
lightgbm_return,10,3,2025-11-30,peru_usd_pen_pct_change_3m,25.0
lightgbm_return,10,3,2025-11-30,shfe_open_interest_lots_lag_1,25.0
lightgbm_return,10,3,2025-11-30,nickel_stock_ton_pct_change_12m,3.0
lightgbm_return,10,3,2025-11-30,india_industrial_production_pct_change_3m,18.0
lightgbm_return,10,3,2025-11-30,germany_manufacturing_order_books_lag_6,6.0
lightgbm_return,10,3,2025-11-30,us_industrial_production_lag_3,2.0
lightgbm_return,10,3,2025-11-30,g20_composite_leading_indicator_lag_12,23.0
lightgbm_return,10,3,2025-11-30,tin_stock_ton_lag_3,8.0
lightgbm_return,10,3,2025-11-30,us_cpi_index_pct_change_1m,15.0
lightgbm_return,10,3,2025-11-30,origin_uk_ftse100_glencore,13.0
lightgbm_return,10,3,2025-11-30,copper_supply_portcalls_lag_12,13.0
lightgbm_return,10,3,2025-12-31,lead_cash_usd_per_ton_lag_3,28.0
lightgbm_return,10,3,2025-12-31,usa_nyse_mp_materials_lag_3,9.0
lightgbm_return,10,3,2025-12-31,euro_area_industrial_production_lag_3,4.0
lightgbm_return,10,3,2025-12-31,korea_call_money_rate_pct_change_12m,3.0
lightgbm_return,10,3,2025-12-31,us_10y_2y_spread_pct_change_12m,24.0
lightgbm_return,10,3,2025-12-31,brent_oil_usd_lag_1,15.0
lightgbm_return,10,3,2025-12-31,us_industrial_production_lag_1,4.0
lightgbm_return,10,3,2025-12-31,euro_area_industrial_production_lag_6,5.0
lightgbm_return,10,3,2025-12-31,germany_manufacturing_order_books_lag_6,6.0
lightgbm_return,10,3,2025-12-31,china_fixed_asset_investment_yoy_pct_pct_change_1m,26.0
lightgbm_return,10,3,2025-12-31,origin_uk_ftse100_glencore,15.0
lightgbm_return,10,3,2025-12-31,nickel_stock_ton_pct_change_12m,7.0
lightgbm_return,10,3,2025-12-31,usa_nyse_mp_materials_pct_change_1m,12.0
lightgbm_return,10,3,2025-12-31,peru_usd_pen_pct_change_3m,36.0
lightgbm_return,10,3,2025-12-31,usa_nyse_mp_materials_pct_change_3m,7.0
lightgbm_return,10,3,2025-12-31,shfe_open_interest_lots_lag_1,23.0
lightgbm_return,10,3,2025-12-31,tin_stock_ton_lag_3,16.0
lightgbm_return,10,3,2025-12-31,indonesia_call_money_rate_pct_change_12m,22.0
lightgbm_return,10,3,2025-12-31,us_cpi_index_pct_change_1m,21.0
lightgbm_return,10,3,2025-12-31,euro_area_industrial_production_lag_1,4.0
lightgbm_return,10,3,2026-01-31,lead_cash_usd_per_ton_lag_3,34.0
lightgbm_return,10,3,2026-01-31,korea_call_money_rate_pct_change_12m,4.0
lightgbm_return,10,3,2026-01-31,us_10y_2y_spread_pct_change_12m,24.0
lightgbm_return,10,3,2026-01-31,euro_area_industrial_production_lag_3,5.0
lightgbm_return,10,3,2026-01-31,germany_manufacturing_order_books_lag_6,5.0
lightgbm_return,10,3,2026-01-31,usa_nyse_mp_materials_pct_change_3m,9.0
lightgbm_return,10,3,2026-01-31,brent_oil_usd_lag_1,11.0
lightgbm_return,10,3,2026-01-31,nickel_stock_ton_pct_change_12m,9.0
lightgbm_return,10,3,2026-01-31,euro_area_industrial_production_lag_6,14.0
lightgbm_return,10,3,2026-01-31,us_industrial_production_lag_1,0.0
lightgbm_return,10,3,2026-01-31,germany_manufacturing_order_books_lag_12,5.0
lightgbm_return,10,3,2026-01-31,indonesia_call_money_rate_pct_change_12m,46.0
lightgbm_return,10,3,2026-01-31,india_10y_yield_lag_1,12.0
lightgbm_return,10,3,2026-01-31,copper_supply_portcalls_lag_12,26.0
lightgbm_return,10,3,2026-01-31,origin_uk_ftse100_glencore,9.0
lightgbm_return,10,3,2026-01-31,usa_nyse_mp_materials_lag_3,15.0
lightgbm_return,10,3,2026-01-31,germany_manufacturing_order_books_lag_3,29.0
lightgbm_return,10,3,2026-01-31,lead_stock_ton_pct_change_12m,0.0
lightgbm_return,10,3,2026-01-31,lead_cash_usd_per_ton_lag_1,12.0
lightgbm_return,10,3,2026-01-31,euro_area_industrial_production_lag_1,15.0
lightgbm_return,10,3,2026-02-28,lead_cash_usd_per_ton_lag_3,35.0
lightgbm_return,10,3,2026-02-28,korea_call_money_rate_pct_change_12m,4.0
lightgbm_return,10,3,2026-02-28,us_10y_2y_spread_pct_change_12m,22.0
lightgbm_return,10,3,2026-02-28,usa_nyse_mp_materials_pct_change_3m,23.0
lightgbm_return,10,3,2026-02-28,germany_manufacturing_order_books_lag_6,6.0
lightgbm_return,10,3,2026-02-28,euro_area_industrial_production_lag_3,7.0
lightgbm_return,10,3,2026-02-28,india_10y_yield_lag_1,8.0
lightgbm_return,10,3,2026-02-28,nickel_stock_ton_pct_change_12m,1.0
lightgbm_return,10,3,2026-02-28,brent_oil_usd_lag_1,13.0
lightgbm_return,10,3,2026-02-28,germany_manufacturing_order_books_lag_12,5.0
lightgbm_return,10,3,2026-02-28,indonesia_call_money_rate_pct_change_12m,37.0
lightgbm_return,10,3,2026-02-28,euro_area_industrial_production_lag_6,6.0
lightgbm_return,10,3,2026-02-28,germany_manufacturing_order_books_lag_3,32.0
lightgbm_return,10,3,2026-02-28,lead_stock_ton_pct_change_12m,7.0
lightgbm_return,10,3,2026-02-28,us_industrial_production_lag_1,7.0
lightgbm_return,10,3,2026-02-28,india_10y_yield_pct_change_12m,35.0
lightgbm_return,10,3,2026-02-28,lead_cash_usd_per_ton_lag_1,4.0
lightgbm_return,10,3,2026-02-28,copper_supply_portcalls_lag_12,5.0
lightgbm_return,10,3,2026-02-28,usa_nyse_mp_materials_pct_change_1m,4.0
lightgbm_return,10,3,2026-02-28,euro_area_industrial_production_lag_1,18.0
lightgbm_return,10,3,2026-03-31,lead_cash_usd_per_ton_lag_3,37.0
lightgbm_return,10,3,2026-03-31,us_10y_2y_spread_pct_change_12m,35.0
lightgbm_return,10,3,2026-03-31,korea_call_money_rate_pct_change_12m,26.0
lightgbm_return,10,3,2026-03-31,germany_manufacturing_order_books_lag_6,9.0
lightgbm_return,10,3,2026-03-31,usa_nyse_mp_materials_pct_change_3m,56.0
lightgbm_return,10,3,2026-03-31,india_10y_yield_lag_1,26.0
lightgbm_return,10,3,2026-03-31,euro_area_industrial_production_lag_3,11.0
lightgbm_return,10,3,2026-03-31,nickel_stock_ton_pct_change_12m,10.0
lightgbm_return,10,3,2026-03-31,indonesia_call_money_rate_pct_change_12m,41.0
lightgbm_return,10,3,2026-03-31,brent_oil_usd_lag_1,32.0
lightgbm_return,10,3,2026-03-31,germany_manufacturing_order_books_lag_12,25.0
lightgbm_return,10,3,2026-03-31,euro_area_industrial_production_lag_6,13.0
lightgbm_return,10,3,2026-03-31,germany_manufacturing_order_books_lag_3,34.0
lightgbm_return,10,3,2026-03-31,lead_stock_ton_pct_change_12m,8.0
lightgbm_return,10,3,2026-03-31,lead_cash_usd_per_ton_lag_1,21.0
lightgbm_return,10,3,2026-03-31,china_fixed_asset_investment_yoy_pct_lag_1,61.0
lightgbm_return,10,3,2026-03-31,india_10y_yield_pct_change_12m,57.0
lightgbm_return,10,3,2026-03-31,euro_area_industrial_production_lag_1,12.0
lightgbm_return,10,3,2026-03-31,us_industrial_production_lag_1,6.0
lightgbm_return,10,3,2026-03-31,turkey_capacity_intermediate_goods_percent_lag_6,18.0
lightgbm_return,10,3,2026-04-30,lead_cash_usd_per_ton_lag_3,58.0
lightgbm_return,10,3,2026-04-30,korea_call_money_rate_pct_change_12m,22.0
lightgbm_return,10,3,2026-04-30,us_10y_2y_spread_pct_change_12m,44.0
lightgbm_return,10,3,2026-04-30,euro_area_industrial_production_lag_3,15.0
lightgbm_return,10,3,2026-04-30,usa_nyse_mp_materials_pct_change_3m,61.0
lightgbm_return,10,3,2026-04-30,germany_manufacturing_order_books_lag_6,19.0
lightgbm_return,10,3,2026-04-30,brent_oil_usd_lag_1,31.0
lightgbm_return,10,3,2026-04-30,euro_area_industrial_production_lag_6,5.0
lightgbm_return,10,3,2026-04-30,nickel_stock_ton_pct_change_12m,13.0
lightgbm_return,10,3,2026-04-30,india_10y_yield_lag_1,23.0
lightgbm_return,10,3,2026-04-30,indonesia_call_money_rate_pct_change_12m,54.0
lightgbm_return,10,3,2026-04-30,lead_cash_usd_per_ton_lag_1,32.0
lightgbm_return,10,3,2026-04-30,germany_manufacturing_order_books_lag_12,4.0
lightgbm_return,10,3,2026-04-30,origin_uk_ftse100_glencore,26.0
lightgbm_return,10,3,2026-04-30,euro_area_industrial_production_lag_1,27.0
lightgbm_return,10,3,2026-04-30,us_industrial_production_lag_1,16.0
lightgbm_return,10,3,2026-04-30,germany_manufacturing_order_books_lag_3,56.0
lightgbm_return,10,3,2026-04-30,lead_stock_ton_pct_change_12m,33.0
lightgbm_return,10,3,2026-04-30,tin_stock_ton_lag_12,13.0
lightgbm_return,10,3,2026-04-30,indonesia_call_money_rate_lag_12,9.0
lightgbm_return,10,3,2026-05-31,lead_cash_usd_per_ton_lag_3,51.0
lightgbm_return,10,3,2026-05-31,korea_call_money_rate_pct_change_12m,1.0
lightgbm_return,10,3,2026-05-31,euro_area_industrial_production_lag_3,6.0
lightgbm_return,10,3,2026-05-31,us_10y_2y_spread_pct_change_12m,17.0
lightgbm_return,10,3,2026-05-31,brent_oil_usd_lag_1,29.0
lightgbm_return,10,3,2026-05-31,germany_manufacturing_order_books_lag_6,8.0
lightgbm_return,10,3,2026-05-31,usa_nyse_mp_materials_pct_change_3m,28.0
lightgbm_return,10,3,2026-05-31,euro_area_industrial_production_lag_6,14.0
lightgbm_return,10,3,2026-05-31,nickel_stock_ton_pct_change_12m,0.0
lightgbm_return,10,3,2026-05-31,india_10y_yield_lag_1,9.0
lightgbm_return,10,3,2026-05-31,indonesia_call_money_rate_pct_change_12m,29.0
lightgbm_return,10,3,2026-05-31,lead_cash_usd_per_ton_lag_1,6.0
lightgbm_return,10,3,2026-05-31,euro_area_industrial_production_lag_1,15.0
lightgbm_return,10,3,2026-05-31,origin_uk_ftse100_glencore,16.0
lightgbm_return,10,3,2026-05-31,germany_manufacturing_order_books_lag_12,2.0
lightgbm_return,10,3,2026-05-31,us_industrial_production_lag_1,4.0
lightgbm_return,10,3,2026-05-31,tin_stock_ton_lag_12,2.0
lightgbm_return,10,3,2026-05-31,indonesia_call_money_rate_lag_12,4.0
lightgbm_return,10,3,2026-05-31,germany_manufacturing_order_books_lag_3,12.0
lightgbm_return,10,3,2026-05-31,brent_oil_usd_pct_change_12m,31.0
lightgbm_return,10,6,2025-01-31,us_industrial_production_lag_1,6.0
lightgbm_return,10,6,2025-01-31,poland_wig20_lag_3,16.0
lightgbm_return,10,6,2025-01-31,natural_gas_usd_lag_6,19.0
lightgbm_return,10,6,2025-01-31,canada_tsx_composite_hudbay_minerals_lag_1,43.0
lightgbm_return,10,6,2025-01-31,korea_call_money_rate_pct_change_12m,15.0
lightgbm_return,10,6,2025-01-31,g20_composite_leading_indicator_lag_12,12.0
lightgbm_return,10,6,2025-01-31,lead_stock_ton_pct_change_12m,18.0
lightgbm_return,10,6,2025-01-31,poland_wig20_lag_6,26.0
lightgbm_return,10,6,2025-01-31,canada_tsx_composite_hudbay_minerals_lag_3,19.0
lightgbm_return,10,6,2025-01-31,germany_manufacturing_order_books_lag_6,10.0
lightgbm_return,10,6,2025-01-31,poland_wig20_lag_1,65.0
lightgbm_return,10,6,2025-01-31,us_industrial_production_lag_3,17.0
lightgbm_return,10,6,2025-01-31,zinc_stock_ton_pct_change_12m,15.0
lightgbm_return,10,6,2025-01-31,usd_cdf_pct_change_3m,42.0
lightgbm_return,10,6,2025-01-31,germany_dax_aurubis_lag_12,26.0
lightgbm_return,10,6,2025-01-31,origin_canada_tsx_composite_hudbay_minerals,54.0
lightgbm_return,10,6,2025-01-31,canada_tsx_composite_hudbay_minerals_lag_6,17.0
lightgbm_return,10,6,2025-01-31,us_industrial_production_pct_change_12m,13.0
lightgbm_return,10,6,2025-01-31,turkey_capacity_basic_metals_percent_lag_12,53.0
lightgbm_return,10,6,2025-01-31,korea_exports_lag_6,22.0
lightgbm_return,10,6,2025-02-28,us_industrial_production_lag_1,0.0
lightgbm_return,10,6,2025-02-28,natural_gas_usd_lag_6,26.0
lightgbm_return,10,6,2025-02-28,poland_wig20_lag_3,14.0
lightgbm_return,10,6,2025-02-28,g20_composite_leading_indicator_lag_12,18.0
lightgbm_return,10,6,2025-02-28,korea_call_money_rate_pct_change_12m,17.0
lightgbm_return,10,6,2025-02-28,lead_stock_ton_pct_change_12m,13.0
lightgbm_return,10,6,2025-02-28,canada_tsx_composite_hudbay_minerals_lag_1,40.0
lightgbm_return,10,6,2025-02-28,poland_wig20_lag_6,15.0
lightgbm_return,10,6,2025-02-28,canada_tsx_composite_hudbay_minerals_lag_3,2.0
lightgbm_return,10,6,2025-02-28,germany_manufacturing_order_books_lag_6,4.0
lightgbm_return,10,6,2025-02-28,us_industrial_production_lag_3,4.0
lightgbm_return,10,6,2025-02-28,poland_wig20_lag_1,8.0
lightgbm_return,10,6,2025-02-28,usd_cdf_pct_change_3m,4.0
lightgbm_return,10,6,2025-02-28,zinc_stock_ton_pct_change_12m,12.0
lightgbm_return,10,6,2025-02-28,canada_tsx_composite_hudbay_minerals_lag_6,21.0
lightgbm_return,10,6,2025-02-28,germany_dax_aurubis_lag_12,21.0
lightgbm_return,10,6,2025-02-28,turkey_capacity_basic_metals_percent_lag_12,17.0
lightgbm_return,10,6,2025-02-28,us_industrial_production_pct_change_12m,1.0
lightgbm_return,10,6,2025-02-28,origin_canada_tsx_composite_hudbay_minerals,27.0
lightgbm_return,10,6,2025-02-28,us_10y_2y_spread_pct_change_12m,18.0
lightgbm_return,10,6,2025-03-31,us_industrial_production_lag_1,6.0
lightgbm_return,10,6,2025-03-31,natural_gas_usd_lag_6,36.0
lightgbm_return,10,6,2025-03-31,korea_call_money_rate_pct_change_12m,19.0
lightgbm_return,10,6,2025-03-31,poland_wig20_lag_3,35.0
lightgbm_return,10,6,2025-03-31,g20_composite_leading_indicator_lag_12,16.0
lightgbm_return,10,6,2025-03-31,lead_stock_ton_pct_change_12m,9.0
lightgbm_return,10,6,2025-03-31,canada_tsx_composite_hudbay_minerals_lag_1,53.0
lightgbm_return,10,6,2025-03-31,poland_wig20_lag_6,25.0
lightgbm_return,10,6,2025-03-31,germany_manufacturing_order_books_lag_6,5.0
lightgbm_return,10,6,2025-03-31,canada_tsx_composite_hudbay_minerals_lag_3,27.0
lightgbm_return,10,6,2025-03-31,us_industrial_production_lag_3,23.0
lightgbm_return,10,6,2025-03-31,usd_cdf_pct_change_3m,28.0
lightgbm_return,10,6,2025-03-31,zinc_stock_ton_pct_change_12m,22.0
lightgbm_return,10,6,2025-03-31,poland_wig20_lag_1,53.0
lightgbm_return,10,6,2025-03-31,turkey_capacity_basic_metals_percent_lag_12,14.0
lightgbm_return,10,6,2025-03-31,us_industrial_production_pct_change_12m,18.0
lightgbm_return,10,6,2025-03-31,canada_tsx_composite_hudbay_minerals_lag_6,29.0
lightgbm_return,10,6,2025-03-31,germany_dax_aurubis_lag_12,27.0
lightgbm_return,10,6,2025-03-31,us_10y_2y_spread_pct_change_12m,33.0
lightgbm_return,10,6,2025-03-31,usa_nyse_hecla_mining_pct_change_12m,36.0
lightgbm_return,10,6,2025-04-30,us_industrial_production_lag_1,6.0
lightgbm_return,10,6,2025-04-30,g20_composite_leading_indicator_lag_12,17.0
lightgbm_return,10,6,2025-04-30,poland_wig20_lag_3,19.0
lightgbm_return,10,6,2025-04-30,korea_call_money_rate_pct_change_12m,20.0
lightgbm_return,10,6,2025-04-30,natural_gas_usd_lag_6,39.0
lightgbm_return,10,6,2025-04-30,poland_wig20_lag_6,22.0
lightgbm_return,10,6,2025-04-30,lead_stock_ton_pct_change_12m,20.0
lightgbm_return,10,6,2025-04-30,canada_tsx_composite_hudbay_minerals_lag_1,66.0
lightgbm_return,10,6,2025-04-30,canada_tsx_composite_hudbay_minerals_lag_3,19.0
lightgbm_return,10,6,2025-04-30,germany_manufacturing_order_books_lag_6,5.0
lightgbm_return,10,6,2025-04-30,usd_cdf_pct_change_3m,51.0
lightgbm_return,10,6,2025-04-30,us_industrial_production_lag_3,7.0
lightgbm_return,10,6,2025-04-30,zinc_stock_ton_pct_change_12m,28.0
lightgbm_return,10,6,2025-04-30,canada_tsx_composite_hudbay_minerals_lag_6,23.0
lightgbm_return,10,6,2025-04-30,poland_wig20_lag_1,47.0
lightgbm_return,10,6,2025-04-30,germany_dax_aurubis_lag_12,25.0
lightgbm_return,10,6,2025-04-30,us_industrial_production_pct_change_12m,7.0
lightgbm_return,10,6,2025-04-30,turkey_capacity_basic_metals_percent_lag_12,26.0
lightgbm_return,10,6,2025-04-30,usa_nyse_hecla_mining_pct_change_12m,37.0
lightgbm_return,10,6,2025-04-30,us_10y_2y_spread_pct_change_12m,39.0
lightgbm_return,10,6,2025-05-31,us_industrial_production_lag_1,7.0
lightgbm_return,10,6,2025-05-31,g20_composite_leading_indicator_lag_12,28.0
lightgbm_return,10,6,2025-05-31,korea_call_money_rate_pct_change_12m,32.0
lightgbm_return,10,6,2025-05-31,natural_gas_usd_lag_6,42.0
lightgbm_return,10,6,2025-05-31,poland_wig20_lag_3,29.0
lightgbm_return,10,6,2025-05-31,lead_stock_ton_pct_change_12m,14.0
lightgbm_return,10,6,2025-05-31,poland_wig20_lag_6,33.0
lightgbm_return,10,6,2025-05-31,germany_manufacturing_order_books_lag_6,19.0
lightgbm_return,10,6,2025-05-31,usd_cdf_pct_change_3m,21.0
lightgbm_return,10,6,2025-05-31,us_industrial_production_lag_3,6.0
lightgbm_return,10,6,2025-05-31,canada_tsx_composite_hudbay_minerals_lag_1,64.0
lightgbm_return,10,6,2025-05-31,canada_tsx_composite_hudbay_minerals_lag_3,15.0
lightgbm_return,10,6,2025-05-31,zinc_stock_ton_pct_change_12m,25.0
lightgbm_return,10,6,2025-05-31,us_industrial_production_pct_change_12m,9.0
lightgbm_return,10,6,2025-05-31,turkey_capacity_basic_metals_percent_lag_12,31.0
lightgbm_return,10,6,2025-05-31,germany_dax_aurubis_lag_12,29.0
lightgbm_return,10,6,2025-05-31,usa_nyse_hecla_mining_pct_change_12m,24.0
lightgbm_return,10,6,2025-05-31,canada_tsx_composite_hudbay_minerals_lag_6,30.0
lightgbm_return,10,6,2025-05-31,us_10y_2y_spread_pct_change_12m,25.0
lightgbm_return,10,6,2025-05-31,poland_wig20_lag_1,43.0
lightgbm_return,10,6,2025-06-30,us_industrial_production_lag_1,8.0
lightgbm_return,10,6,2025-06-30,korea_call_money_rate_pct_change_12m,13.0
lightgbm_return,10,6,2025-06-30,natural_gas_usd_lag_6,45.0
lightgbm_return,10,6,2025-06-30,g20_composite_leading_indicator_lag_12,6.0
lightgbm_return,10,6,2025-06-30,poland_wig20_lag_3,47.0
lightgbm_return,10,6,2025-06-30,lead_stock_ton_pct_change_12m,16.0
lightgbm_return,10,6,2025-06-30,germany_manufacturing_order_books_lag_6,3.0
lightgbm_return,10,6,2025-06-30,poland_wig20_lag_6,18.0
lightgbm_return,10,6,2025-06-30,us_industrial_production_lag_3,3.0
lightgbm_return,10,6,2025-06-30,zinc_stock_ton_pct_change_12m,10.0
lightgbm_return,10,6,2025-06-30,us_industrial_production_pct_change_12m,10.0
lightgbm_return,10,6,2025-06-30,usa_nyse_hecla_mining_pct_change_12m,23.0
lightgbm_return,10,6,2025-06-30,turkey_capacity_basic_metals_percent_lag_12,11.0
lightgbm_return,10,6,2025-06-30,us_10y_2y_spread_pct_change_12m,8.0
lightgbm_return,10,6,2025-06-30,usd_cdf_pct_change_3m,18.0
lightgbm_return,10,6,2025-06-30,global_portcalls_pct_change_12m,6.0
lightgbm_return,10,6,2025-06-30,indonesia_call_money_rate_lag_12,18.0
lightgbm_return,10,6,2025-06-30,germany_manufacturing_order_books_lag_3,9.0
lightgbm_return,10,6,2025-06-30,canada_tsx_composite_hudbay_minerals_lag_3,13.0
lightgbm_return,10,6,2025-06-30,nickel_stock_ton_pct_change_12m,0.0
lightgbm_return,10,6,2025-07-31,us_industrial_production_lag_1,5.0
lightgbm_return,10,6,2025-07-31,korea_call_money_rate_pct_change_12m,12.0
lightgbm_return,10,6,2025-07-31,natural_gas_usd_lag_6,13.0
lightgbm_return,10,6,2025-07-31,g20_composite_leading_indicator_lag_12,24.0
lightgbm_return,10,6,2025-07-31,lead_stock_ton_pct_change_12m,18.0
lightgbm_return,10,6,2025-07-31,poland_wig20_lag_3,23.0
lightgbm_return,10,6,2025-07-31,germany_manufacturing_order_books_lag_6,3.0
lightgbm_return,10,6,2025-07-31,zinc_stock_ton_pct_change_12m,16.0
lightgbm_return,10,6,2025-07-31,us_industrial_production_lag_3,3.0
lightgbm_return,10,6,2025-07-31,us_industrial_production_pct_change_12m,10.0
lightgbm_return,10,6,2025-07-31,usa_nyse_hecla_mining_pct_change_12m,23.0
lightgbm_return,10,6,2025-07-31,poland_wig20_lag_6,23.0
lightgbm_return,10,6,2025-07-31,euro_area_industrial_production_lag_3,11.0
lightgbm_return,10,6,2025-07-31,turkey_capacity_basic_metals_percent_lag_12,12.0
lightgbm_return,10,6,2025-07-31,us_10y_2y_spread_pct_change_12m,11.0
lightgbm_return,10,6,2025-07-31,germany_manufacturing_order_books_lag_3,6.0
lightgbm_return,10,6,2025-07-31,indonesia_call_money_rate_lag_12,11.0
lightgbm_return,10,6,2025-07-31,global_portcalls_pct_change_12m,7.0
lightgbm_return,10,6,2025-07-31,euro_area_industrial_production_lag_1,21.0
lightgbm_return,10,6,2025-07-31,nickel_stock_ton_pct_change_12m,2.0
lightgbm_return,10,6,2025-08-31,us_industrial_production_lag_1,4.0
lightgbm_return,10,6,2025-08-31,korea_call_money_rate_pct_change_12m,5.0
lightgbm_return,10,6,2025-08-31,natural_gas_usd_lag_6,27.0
lightgbm_return,10,6,2025-08-31,g20_composite_leading_indicator_lag_12,12.0
lightgbm_return,10,6,2025-08-31,germany_manufacturing_order_books_lag_6,8.0
lightgbm_return,10,6,2025-08-31,lead_stock_ton_pct_change_12m,11.0
lightgbm_return,10,6,2025-08-31,euro_area_industrial_production_lag_3,9.0
lightgbm_return,10,6,2025-08-31,poland_wig20_lag_3,43.0
lightgbm_return,10,6,2025-08-31,euro_area_industrial_production_lag_1,28.0
lightgbm_return,10,6,2025-08-31,zinc_stock_ton_pct_change_12m,6.0
lightgbm_return,10,6,2025-08-31,us_industrial_production_lag_3,0.0
lightgbm_return,10,6,2025-08-31,usa_nyse_hecla_mining_pct_change_12m,49.0
lightgbm_return,10,6,2025-08-31,us_industrial_production_pct_change_12m,7.0
lightgbm_return,10,6,2025-08-31,turkey_capacity_basic_metals_percent_lag_12,21.0
lightgbm_return,10,6,2025-08-31,zinc_cash_usd_per_ton_lag_6,10.0
lightgbm_return,10,6,2025-08-31,germany_manufacturing_order_books_lag_3,3.0
lightgbm_return,10,6,2025-08-31,us_10y_2y_spread_pct_change_12m,9.0
lightgbm_return,10,6,2025-08-31,indonesia_call_money_rate_lag_12,14.0
lightgbm_return,10,6,2025-08-31,poland_wig20_lag_6,26.0
lightgbm_return,10,6,2025-08-31,nickel_stock_ton_pct_change_12m,2.0
lightgbm_return,10,6,2025-09-30,us_industrial_production_lag_1,1.0
lightgbm_return,10,6,2025-09-30,korea_call_money_rate_pct_change_12m,12.0
lightgbm_return,10,6,2025-09-30,natural_gas_usd_lag_6,33.0
lightgbm_return,10,6,2025-09-30,g20_composite_leading_indicator_lag_12,11.0
lightgbm_return,10,6,2025-09-30,euro_area_industrial_production_lag_3,13.0
lightgbm_return,10,6,2025-09-30,germany_manufacturing_order_books_lag_6,2.0
lightgbm_return,10,6,2025-09-30,lead_stock_ton_pct_change_12m,13.0
lightgbm_return,10,6,2025-09-30,euro_area_industrial_production_lag_1,17.0
lightgbm_return,10,6,2025-09-30,zinc_cash_usd_per_ton_lag_6,15.0
lightgbm_return,10,6,2025-09-30,origin_usa_nyse_mp_materials,14.0
lightgbm_return,10,6,2025-09-30,poland_wig20_lag_3,26.0
lightgbm_return,10,6,2025-09-30,zinc_stock_ton_pct_change_12m,17.0
lightgbm_return,10,6,2025-09-30,us_industrial_production_lag_3,1.0
lightgbm_return,10,6,2025-09-30,usa_nyse_hecla_mining_pct_change_12m,36.0
lightgbm_return,10,6,2025-09-30,us_industrial_production_pct_change_12m,8.0
lightgbm_return,10,6,2025-09-30,turkey_capacity_basic_metals_percent_lag_12,20.0
lightgbm_return,10,6,2025-09-30,germany_manufacturing_order_books_lag_3,12.0
lightgbm_return,10,6,2025-09-30,us_10y_2y_spread_pct_change_12m,7.0
lightgbm_return,10,6,2025-09-30,indonesia_call_money_rate_lag_12,8.0
lightgbm_return,10,6,2025-09-30,germany_dax_aurubis_lag_12,22.0
lightgbm_return,10,6,2025-10-31,us_industrial_production_lag_1,26.0
lightgbm_return,10,6,2025-10-31,korea_call_money_rate_pct_change_12m,12.0
lightgbm_return,10,6,2025-10-31,natural_gas_usd_lag_6,28.0
lightgbm_return,10,6,2025-10-31,g20_composite_leading_indicator_lag_12,24.0
lightgbm_return,10,6,2025-10-31,euro_area_industrial_production_lag_3,6.0
lightgbm_return,10,6,2025-10-31,germany_manufacturing_order_books_lag_6,3.0
lightgbm_return,10,6,2025-10-31,lead_stock_ton_pct_change_12m,15.0
lightgbm_return,10,6,2025-10-31,euro_area_industrial_production_lag_1,4.0
lightgbm_return,10,6,2025-10-31,zinc_cash_usd_per_ton_lag_6,13.0
lightgbm_return,10,6,2025-10-31,usa_nyse_mp_materials_lag_1,14.0
lightgbm_return,10,6,2025-10-31,origin_usa_nyse_mp_materials,13.0
lightgbm_return,10,6,2025-10-31,us_industrial_production_lag_3,4.0
lightgbm_return,10,6,2025-10-31,usa_nyse_hecla_mining_pct_change_12m,5.0
lightgbm_return,10,6,2025-10-31,germany_manufacturing_order_books_lag_3,7.0
lightgbm_return,10,6,2025-10-31,turkey_capacity_basic_metals_percent_lag_12,28.0
lightgbm_return,10,6,2025-10-31,zinc_stock_ton_pct_change_12m,13.0
lightgbm_return,10,6,2025-10-31,lead_cash_usd_per_ton_lag_1,43.0
lightgbm_return,10,6,2025-10-31,us_10y_2y_spread_pct_change_12m,6.0
lightgbm_return,10,6,2025-10-31,indonesia_call_money_rate_lag_12,8.0
lightgbm_return,10,6,2025-10-31,us_industrial_production_pct_change_12m,21.0
lightgbm_return,10,6,2025-11-30,natural_gas_usd_lag_6,22.0
lightgbm_return,10,6,2025-11-30,us_industrial_production_lag_1,28.0
lightgbm_return,10,6,2025-11-30,korea_call_money_rate_pct_change_12m,12.0
lightgbm_return,10,6,2025-11-30,euro_area_industrial_production_lag_3,10.0
lightgbm_return,10,6,2025-11-30,g20_composite_leading_indicator_lag_12,25.0
lightgbm_return,10,6,2025-11-30,germany_manufacturing_order_books_lag_6,4.0
lightgbm_return,10,6,2025-11-30,euro_area_industrial_production_lag_1,6.0
lightgbm_return,10,6,2025-11-30,lead_stock_ton_pct_change_12m,24.0
lightgbm_return,10,6,2025-11-30,lead_cash_usd_per_ton_lag_1,37.0
lightgbm_return,10,6,2025-11-30,zinc_cash_usd_per_ton_lag_6,8.0
lightgbm_return,10,6,2025-11-30,euro_area_industrial_production_lag_6,3.0
lightgbm_return,10,6,2025-11-30,germany_manufacturing_order_books_lag_3,12.0
lightgbm_return,10,6,2025-11-30,origin_usa_nyse_mp_materials,14.0
lightgbm_return,10,6,2025-11-30,usa_nyse_mp_materials_lag_1,7.0
lightgbm_return,10,6,2025-11-30,origin_lead_cash_usd_per_ton,15.0
lightgbm_return,10,6,2025-11-30,usa_nyse_hecla_mining_pct_change_12m,5.0
lightgbm_return,10,6,2025-11-30,zinc_cash_usd_per_ton_lag_1,21.0
lightgbm_return,10,6,2025-11-30,indonesia_call_money_rate_lag_12,11.0
lightgbm_return,10,6,2025-11-30,us_10y_2y_spread_pct_change_12m,4.0
lightgbm_return,10,6,2025-11-30,turkey_capacity_basic_metals_percent_lag_12,32.0
lightgbm_return,10,6,2025-12-31,korea_call_money_rate_pct_change_12m,2.0
lightgbm_return,10,6,2025-12-31,us_industrial_production_lag_1,24.0
lightgbm_return,10,6,2025-12-31,natural_gas_usd_lag_6,17.0
lightgbm_return,10,6,2025-12-31,euro_area_industrial_production_lag_3,13.0
lightgbm_return,10,6,2025-12-31,germany_manufacturing_order_books_lag_6,9.0
lightgbm_return,10,6,2025-12-31,euro_area_industrial_production_lag_1,4.0
lightgbm_return,10,6,2025-12-31,g20_composite_leading_indicator_lag_12,20.0
lightgbm_return,10,6,2025-12-31,lead_cash_usd_per_ton_lag_1,33.0
lightgbm_return,10,6,2025-12-31,lead_stock_ton_pct_change_12m,15.0
lightgbm_return,10,6,2025-12-31,euro_area_industrial_production_lag_6,1.0
lightgbm_return,10,6,2025-12-31,origin_lead_cash_usd_per_ton,16.0
lightgbm_return,10,6,2025-12-31,germany_manufacturing_order_books_lag_3,11.0
lightgbm_return,10,6,2025-12-31,zinc_cash_usd_per_ton_lag_1,12.0
lightgbm_return,10,6,2025-12-31,zinc_cash_usd_per_ton_lag_6,11.0
lightgbm_return,10,6,2025-12-31,origin_zinc_cash_usd_per_ton,18.0
lightgbm_return,10,6,2025-12-31,usa_nyse_mp_materials_lag_1,8.0
lightgbm_return,10,6,2025-12-31,us_10y_2y_spread_pct_change_12m,14.0
lightgbm_return,10,6,2025-12-31,indonesia_call_money_rate_lag_12,14.0
lightgbm_return,10,6,2025-12-31,turkey_capacity_basic_metals_percent_lag_12,30.0
lightgbm_return,10,6,2025-12-31,tin_stock_ton_lag_3,11.0
lightgbm_return,10,6,2026-01-31,korea_call_money_rate_pct_change_12m,8.0
lightgbm_return,10,6,2026-01-31,euro_area_industrial_production_lag_3,23.0
lightgbm_return,10,6,2026-01-31,germany_manufacturing_order_books_lag_6,3.0
lightgbm_return,10,6,2026-01-31,euro_area_industrial_production_lag_1,7.0
lightgbm_return,10,6,2026-01-31,us_industrial_production_lag_1,28.0
lightgbm_return,10,6,2026-01-31,lead_cash_usd_per_ton_lag_1,38.0
lightgbm_return,10,6,2026-01-31,g20_composite_leading_indicator_lag_12,26.0
lightgbm_return,10,6,2026-01-31,natural_gas_usd_lag_6,11.0
lightgbm_return,10,6,2026-01-31,origin_lead_cash_usd_per_ton,15.0
lightgbm_return,10,6,2026-01-31,euro_area_industrial_production_lag_6,0.0
lightgbm_return,10,6,2026-01-31,lead_stock_ton_pct_change_12m,18.0
lightgbm_return,10,6,2026-01-31,germany_manufacturing_order_books_lag_3,9.0
lightgbm_return,10,6,2026-01-31,zinc_cash_usd_per_ton_lag_1,7.0
lightgbm_return,10,6,2026-01-31,origin_zinc_cash_usd_per_ton,19.0
lightgbm_return,10,6,2026-01-31,us_10y_2y_spread_pct_change_12m,16.0
lightgbm_return,10,6,2026-01-31,indonesia_call_money_rate_lag_12,15.0
lightgbm_return,10,6,2026-01-31,zinc_cash_usd_per_ton_lag_6,9.0
lightgbm_return,10,6,2026-01-31,turkey_capacity_basic_metals_percent_lag_12,27.0
lightgbm_return,10,6,2026-01-31,global_portcalls_pct_change_12m,4.0
lightgbm_return,10,6,2026-01-31,usa_nyse_hecla_mining_pct_change_12m,7.0
lightgbm_return,10,6,2026-02-28,korea_call_money_rate_pct_change_12m,11.0
lightgbm_return,10,6,2026-02-28,germany_manufacturing_order_books_lag_6,17.0
lightgbm_return,10,6,2026-02-28,euro_area_industrial_production_lag_3,19.0
lightgbm_return,10,6,2026-02-28,euro_area_industrial_production_lag_1,4.0
lightgbm_return,10,6,2026-02-28,lead_cash_usd_per_ton_lag_1,33.0
lightgbm_return,10,6,2026-02-28,g20_composite_leading_indicator_lag_12,25.0
lightgbm_return,10,6,2026-02-28,origin_lead_cash_usd_per_ton,8.0
lightgbm_return,10,6,2026-02-28,germany_manufacturing_order_books_lag_3,12.0
lightgbm_return,10,6,2026-02-28,us_industrial_production_lag_1,14.0
lightgbm_return,10,6,2026-02-28,lead_stock_ton_pct_change_12m,12.0
lightgbm_return,10,6,2026-02-28,euro_area_industrial_production_lag_6,1.0
lightgbm_return,10,6,2026-02-28,us_10y_2y_spread_pct_change_12m,18.0
lightgbm_return,10,6,2026-02-28,zinc_cash_usd_per_ton_lag_1,6.0
lightgbm_return,10,6,2026-02-28,global_portcalls_pct_change_12m,11.0
lightgbm_return,10,6,2026-02-28,natural_gas_usd_lag_6,10.0
lightgbm_return,10,6,2026-02-28,indonesia_call_money_rate_lag_12,22.0
lightgbm_return,10,6,2026-02-28,turkey_capacity_basic_metals_percent_lag_12,13.0
lightgbm_return,10,6,2026-02-28,origin_zinc_cash_usd_per_ton,22.0
lightgbm_return,10,6,2026-02-28,nickel_stock_ton_pct_change_12m,5.0
lightgbm_return,10,6,2026-02-28,turkey_capacity_basic_metals_percent_lag_6,11.0
lightgbm_return,10,12,2025-01-31,us_industrial_production_pct_change_12m,34.0
lightgbm_return,10,12,2025-01-31,g20_composite_leading_indicator_lag_6,32.0
lightgbm_return,10,12,2025-01-31,usa_nyse_hecla_mining_lag_12,25.0
lightgbm_return,10,12,2025-01-31,germany_manufacturing_order_books_lag_3,6.0
lightgbm_return,10,12,2025-01-31,canada_tsx_composite_hudbay_minerals_lag_1,31.0
lightgbm_return,10,12,2025-01-31,canada_tsx_composite_hudbay_minerals_lag_3,11.0
lightgbm_return,10,12,2025-01-31,peru_diesel_price_index_pct_change_12m,13.0
lightgbm_return,10,12,2025-01-31,germany_manufacturing_order_books_lag_1,6.0
lightgbm_return,10,12,2025-01-31,japan_ppi_pct_change_12m,26.0
lightgbm_return,10,12,2025-01-31,origin_canada_tsx_composite_hudbay_minerals,21.0
lightgbm_return,10,12,2025-01-31,poland_wig20_lag_1,45.0
lightgbm_return,10,12,2025-01-31,germany_manufacturing_order_books_lag_6,29.0
lightgbm_return,10,12,2025-01-31,korea_call_money_rate_lag_12,22.0
lightgbm_return,10,12,2025-01-31,us_ppi_pct_change_12m,8.0
lightgbm_return,10,12,2025-01-31,us_10y_treasury_yield_pct_change_12m,65.0
lightgbm_return,10,12,2025-01-31,indonesia_call_money_rate_lag_12,26.0
lightgbm_return,10,12,2025-01-31,g20_composite_leading_indicator_lag_3,40.0
lightgbm_return,10,12,2025-01-31,origin_poland_wig20,19.0
lightgbm_return,10,12,2025-01-31,india_10y_yield_pct_change_12m,3.0
lightgbm_return,10,12,2025-01-31,brent_oil_usd_pct_change_12m,12.0
lightgbm_return,10,12,2025-02-28,us_industrial_production_pct_change_12m,27.0
lightgbm_return,10,12,2025-02-28,g20_composite_leading_indicator_lag_6,38.0
lightgbm_return,10,12,2025-02-28,usa_nyse_hecla_mining_lag_12,28.0
lightgbm_return,10,12,2025-02-28,germany_manufacturing_order_books_lag_3,5.0
lightgbm_return,10,12,2025-02-28,canada_tsx_composite_hudbay_minerals_lag_1,18.0
lightgbm_return,10,12,2025-02-28,canada_tsx_composite_hudbay_minerals_lag_3,21.0
lightgbm_return,10,12,2025-02-28,japan_ppi_pct_change_12m,35.0
lightgbm_return,10,12,2025-02-28,germany_manufacturing_order_books_lag_1,2.0
lightgbm_return,10,12,2025-02-28,peru_diesel_price_index_pct_change_12m,8.0
lightgbm_return,10,12,2025-02-28,poland_wig20_lag_1,53.0
lightgbm_return,10,12,2025-02-28,origin_canada_tsx_composite_hudbay_minerals,35.0
lightgbm_return,10,12,2025-02-28,germany_manufacturing_order_books_lag_6,50.0
lightgbm_return,10,12,2025-02-28,us_ppi_pct_change_12m,4.0
lightgbm_return,10,12,2025-02-28,indonesia_call_money_rate_lag_12,28.0
lightgbm_return,10,12,2025-02-28,korea_call_money_rate_lag_12,9.0
lightgbm_return,10,12,2025-02-28,us_10y_treasury_yield_pct_change_12m,60.0
lightgbm_return,10,12,2025-02-28,india_10y_yield_pct_change_12m,5.0
lightgbm_return,10,12,2025-02-28,g20_composite_leading_indicator_lag_3,49.0
lightgbm_return,10,12,2025-02-28,brent_oil_usd_pct_change_12m,15.0
lightgbm_return,10,12,2025-02-28,natural_gas_usd_lag_3,2.0
lightgbm_return,10,12,2025-03-31,us_industrial_production_pct_change_12m,46.0
lightgbm_return,10,12,2025-03-31,g20_composite_leading_indicator_lag_6,31.0
lightgbm_return,10,12,2025-03-31,usa_nyse_hecla_mining_lag_12,27.0
lightgbm_return,10,12,2025-03-31,germany_manufacturing_order_books_lag_3,29.0
lightgbm_return,10,12,2025-03-31,canada_tsx_composite_hudbay_minerals_lag_1,21.0
lightgbm_return,10,12,2025-03-31,canada_tsx_composite_hudbay_minerals_lag_3,13.0
lightgbm_return,10,12,2025-03-31,germany_manufacturing_order_books_lag_1,2.0
lightgbm_return,10,12,2025-03-31,japan_ppi_pct_change_12m,17.0
lightgbm_return,10,12,2025-03-31,germany_manufacturing_order_books_lag_6,39.0
lightgbm_return,10,12,2025-03-31,peru_diesel_price_index_pct_change_12m,15.0
lightgbm_return,10,12,2025-03-31,indonesia_call_money_rate_lag_12,28.0
lightgbm_return,10,12,2025-03-31,us_ppi_pct_change_12m,11.0
lightgbm_return,10,12,2025-03-31,us_10y_treasury_yield_pct_change_12m,55.0
lightgbm_return,10,12,2025-03-31,india_10y_yield_pct_change_12m,6.0
lightgbm_return,10,12,2025-03-31,origin_canada_tsx_composite_hudbay_minerals,26.0
lightgbm_return,10,12,2025-03-31,poland_wig20_lag_1,33.0
lightgbm_return,10,12,2025-03-31,korea_call_money_rate_lag_12,7.0
lightgbm_return,10,12,2025-03-31,g20_composite_leading_indicator_lag_3,44.0
lightgbm_return,10,12,2025-03-31,brent_oil_usd_pct_change_12m,10.0
lightgbm_return,10,12,2025-03-31,natural_gas_usd_lag_3,17.0
lightgbm_return,10,12,2025-04-30,us_industrial_production_pct_change_12m,30.0
lightgbm_return,10,12,2025-04-30,g20_composite_leading_indicator_lag_6,47.0
lightgbm_return,10,12,2025-04-30,usa_nyse_hecla_mining_lag_12,52.0
lightgbm_return,10,12,2025-04-30,germany_manufacturing_order_books_lag_3,2.0
lightgbm_return,10,12,2025-04-30,germany_manufacturing_order_books_lag_1,3.0
lightgbm_return,10,12,2025-04-30,canada_tsx_composite_hudbay_minerals_lag_3,7.0
lightgbm_return,10,12,2025-04-30,canada_tsx_composite_hudbay_minerals_lag_1,22.0
lightgbm_return,10,12,2025-04-30,japan_ppi_pct_change_12m,26.0
lightgbm_return,10,12,2025-04-30,us_ppi_pct_change_12m,4.0
lightgbm_return,10,12,2025-04-30,peru_diesel_price_index_pct_change_12m,19.0
lightgbm_return,10,12,2025-04-30,indonesia_call_money_rate_lag_12,39.0
lightgbm_return,10,12,2025-04-30,india_10y_yield_pct_change_12m,3.0
lightgbm_return,10,12,2025-04-30,germany_manufacturing_order_books_lag_6,32.0
lightgbm_return,10,12,2025-04-30,us_10y_treasury_yield_pct_change_12m,50.0
lightgbm_return,10,12,2025-04-30,g20_composite_leading_indicator_lag_3,38.0
lightgbm_return,10,12,2025-04-30,poland_wig20_lag_1,46.0
lightgbm_return,10,12,2025-04-30,origin_canada_tsx_composite_hudbay_minerals,47.0
lightgbm_return,10,12,2025-04-30,brent_oil_usd_pct_change_12m,10.0
lightgbm_return,10,12,2025-04-30,natural_gas_usd_lag_3,15.0
lightgbm_return,10,12,2025-04-30,korea_call_money_rate_lag_12,16.0
lightgbm_return,10,12,2025-05-31,us_industrial_production_pct_change_12m,16.0
lightgbm_return,10,12,2025-05-31,g20_composite_leading_indicator_lag_6,60.0
lightgbm_return,10,12,2025-05-31,usa_nyse_hecla_mining_lag_12,35.0
lightgbm_return,10,12,2025-05-31,germany_manufacturing_order_books_lag_3,7.0
lightgbm_return,10,12,2025-05-31,canada_tsx_composite_hudbay_minerals_lag_3,11.0
lightgbm_return,10,12,2025-05-31,germany_manufacturing_order_books_lag_1,12.0
lightgbm_return,10,12,2025-05-31,canada_tsx_composite_hudbay_minerals_lag_1,41.0
lightgbm_return,10,12,2025-05-31,japan_ppi_pct_change_12m,22.0
lightgbm_return,10,12,2025-05-31,us_ppi_pct_change_12m,11.0
lightgbm_return,10,12,2025-05-31,india_10y_yield_pct_change_12m,2.0
lightgbm_return,10,12,2025-05-31,us_10y_treasury_yield_pct_change_12m,37.0
lightgbm_return,10,12,2025-05-31,g20_composite_leading_indicator_lag_3,41.0
lightgbm_return,10,12,2025-05-31,indonesia_call_money_rate_lag_12,26.0
lightgbm_return,10,12,2025-05-31,peru_diesel_price_index_pct_change_12m,17.0
lightgbm_return,10,12,2025-05-31,brent_oil_usd_pct_change_12m,16.0
lightgbm_return,10,12,2025-05-31,germany_manufacturing_order_books_lag_6,12.0
lightgbm_return,10,12,2025-05-31,poland_wig20_lag_1,32.0
lightgbm_return,10,12,2025-05-31,origin_canada_tsx_composite_hudbay_minerals,45.0
lightgbm_return,10,12,2025-05-31,korea_call_money_rate_pct_change_12m,36.0
lightgbm_return,10,12,2025-05-31,aluminum_cash_usd_per_ton_lag_6,35.0
lightgbm_return,10,12,2025-06-30,us_industrial_production_pct_change_12m,59.0
lightgbm_return,10,12,2025-06-30,g20_composite_leading_indicator_lag_6,19.0
lightgbm_return,10,12,2025-06-30,usa_nyse_hecla_mining_lag_12,34.0
lightgbm_return,10,12,2025-06-30,germany_manufacturing_order_books_lag_3,12.0
lightgbm_return,10,12,2025-06-30,germany_manufacturing_order_books_lag_1,8.0
lightgbm_return,10,12,2025-06-30,canada_tsx_composite_hudbay_minerals_lag_3,27.0
lightgbm_return,10,12,2025-06-30,japan_ppi_pct_change_12m,35.0
lightgbm_return,10,12,2025-06-30,canada_tsx_composite_hudbay_minerals_lag_1,34.0
lightgbm_return,10,12,2025-06-30,us_ppi_pct_change_12m,12.0
lightgbm_return,10,12,2025-06-30,india_10y_yield_pct_change_12m,13.0
lightgbm_return,10,12,2025-06-30,peru_diesel_price_index_pct_change_12m,20.0
lightgbm_return,10,12,2025-06-30,us_10y_treasury_yield_pct_change_12m,31.0
lightgbm_return,10,12,2025-06-30,g20_composite_leading_indicator_lag_3,44.0
lightgbm_return,10,12,2025-06-30,indonesia_call_money_rate_lag_12,34.0
lightgbm_return,10,12,2025-06-30,brent_oil_usd_pct_change_12m,18.0
lightgbm_return,10,12,2025-06-30,origin_zinc_cash_usd_per_ton,35.0
lightgbm_return,10,12,2025-06-30,germany_manufacturing_order_books_lag_6,30.0
lightgbm_return,10,12,2025-06-30,korea_call_money_rate_pct_change_12m,17.0
lightgbm_return,10,12,2025-06-30,poland_wig20_lag_1,48.0
lightgbm_return,10,12,2025-06-30,aluminum_cash_usd_per_ton_lag_3,1.0
lightgbm_return,10,12,2025-07-31,us_industrial_production_pct_change_12m,49.0
lightgbm_return,10,12,2025-07-31,g20_composite_leading_indicator_lag_6,28.0
lightgbm_return,10,12,2025-07-31,germany_manufacturing_order_books_lag_3,9.0
lightgbm_return,10,12,2025-07-31,usa_nyse_hecla_mining_lag_12,27.0
lightgbm_return,10,12,2025-07-31,germany_manufacturing_order_books_lag_1,3.0
lightgbm_return,10,12,2025-07-31,japan_ppi_pct_change_12m,30.0
lightgbm_return,10,12,2025-07-31,origin_zinc_cash_usd_per_ton,37.0
lightgbm_return,10,12,2025-07-31,canada_tsx_composite_hudbay_minerals_lag_3,11.0
lightgbm_return,10,12,2025-07-31,us_ppi_pct_change_12m,24.0
lightgbm_return,10,12,2025-07-31,india_10y_yield_pct_change_12m,15.0
lightgbm_return,10,12,2025-07-31,peru_diesel_price_index_pct_change_12m,26.0
lightgbm_return,10,12,2025-07-31,canada_tsx_composite_hudbay_minerals_lag_1,58.0
lightgbm_return,10,12,2025-07-31,us_10y_treasury_yield_pct_change_12m,51.0
lightgbm_return,10,12,2025-07-31,g20_composite_leading_indicator_lag_3,23.0
lightgbm_return,10,12,2025-07-31,indonesia_call_money_rate_lag_12,28.0
lightgbm_return,10,12,2025-07-31,brent_oil_usd_pct_change_12m,23.0
lightgbm_return,10,12,2025-07-31,aluminum_cash_usd_per_ton_lag_3,13.0
lightgbm_return,10,12,2025-07-31,korea_call_money_rate_pct_change_12m,42.0
lightgbm_return,10,12,2025-07-31,aluminum_cash_usd_per_ton_lag_1,6.0
lightgbm_return,10,12,2025-07-31,germany_manufacturing_order_books_lag_6,43.0
lightgbm_return,10,12,2025-08-31,us_industrial_production_pct_change_12m,35.0
lightgbm_return,10,12,2025-08-31,g20_composite_leading_indicator_lag_6,44.0
lightgbm_return,10,12,2025-08-31,germany_manufacturing_order_books_lag_3,35.0
lightgbm_return,10,12,2025-08-31,usa_nyse_hecla_mining_lag_12,41.0
lightgbm_return,10,12,2025-08-31,origin_zinc_cash_usd_per_ton,51.0
lightgbm_return,10,12,2025-08-31,germany_manufacturing_order_books_lag_1,8.0
lightgbm_return,10,12,2025-08-31,japan_ppi_pct_change_12m,22.0
lightgbm_return,10,12,2025-08-31,india_10y_yield_pct_change_12m,29.0
lightgbm_return,10,12,2025-08-31,us_ppi_pct_change_12m,13.0
lightgbm_return,10,12,2025-08-31,peru_diesel_price_index_pct_change_12m,25.0
lightgbm_return,10,12,2025-08-31,canada_tsx_composite_hudbay_minerals_lag_3,16.0
lightgbm_return,10,12,2025-08-31,us_10y_treasury_yield_pct_change_12m,46.0
lightgbm_return,10,12,2025-08-31,indonesia_call_money_rate_lag_12,25.0
lightgbm_return,10,12,2025-08-31,g20_composite_leading_indicator_lag_3,27.0
lightgbm_return,10,12,2025-08-31,brent_oil_usd_pct_change_12m,18.0
lightgbm_return,10,12,2025-08-31,canada_tsx_composite_hudbay_minerals_lag_1,40.0
lightgbm_return,10,12,2025-08-31,aluminum_cash_usd_per_ton_lag_1,2.0
lightgbm_return,10,12,2025-08-31,aluminum_cash_usd_per_ton_lag_3,14.0
lightgbm_return,10,12,2025-08-31,zinc_cash_usd_per_ton_lag_3,20.0
lightgbm_return,10,12,2025-08-31,turkey_capacity_basic_metals_percent_lag_6,40.0
