model,training_window_years,horizon,origin_date,feature,coefficient,abs_coefficient
ridge,5,1,2025-01-31,origin_copper_price_usd_per_ton,284.158727994403,284.158727994403
ridge,5,1,2025-01-31,origin_china_csi300_jiangxi_copper,135.56614388375013,135.56614388375013
ridge,5,1,2025-01-31,china_csi300_jiangxi_copper_lag_1,-30.314603881238014,30.314603881238014
ridge,5,1,2025-01-31,origin_canada_tsx_composite_hudbay_minerals,160.19278806517525,160.19278806517525
ridge,5,1,2025-01-31,south_korea_kospi_lag_1,102.82360825920097,102.82360825920097
ridge,5,1,2025-01-31,canada_tsx_composite_hudbay_minerals_lag_1,-38.35702549024127,38.35702549024127
ridge,5,1,2025-01-31,origin_shfe_close_cny_per_ton,252.0858511551263,252.0858511551263
ridge,5,1,2025-01-31,origin_south_korea_kospi,207.49021904174933,207.49021904174933
ridge,5,1,2025-01-31,target_lag_1,78.81970681413867,78.81970681413867
ridge,5,1,2025-01-31,india_nifty50_pct_change_12m,-73.08790725856035,73.08790725856035
ridge,5,1,2025-01-31,origin_aluminum_cash_usd_per_ton,210.16311188382474,210.16311188382474
ridge,5,1,2025-01-31,south_korea_kospi_lag_3,40.18763368293477,40.18763368293477
elasticnet,5,1,2025-01-31,origin_copper_price_usd_per_ton,170.3746441794823,170.3746441794823
elasticnet,5,1,2025-01-31,origin_china_csi300_jiangxi_copper,104.07236694350878,104.07236694350878
elasticnet,5,1,2025-01-31,china_csi300_jiangxi_copper_lag_1,54.293646789509616,54.293646789509616
elasticnet,5,1,2025-01-31,origin_canada_tsx_composite_hudbay_minerals,112.45980548842316,112.45980548842316
elasticnet,5,1,2025-01-31,south_korea_kospi_lag_1,86.4325319370124,86.4325319370124
elasticnet,5,1,2025-01-31,canada_tsx_composite_hudbay_minerals_lag_1,60.59259493894102,60.59259493894102
elasticnet,5,1,2025-01-31,origin_shfe_close_cny_per_ton,159.4383526232017,159.4383526232017
elasticnet,5,1,2025-01-31,origin_south_korea_kospi,114.08889825888352,114.08889825888352
elasticnet,5,1,2025-01-31,target_lag_1,113.56941285583396,113.56941285583396
elasticnet,5,1,2025-01-31,india_nifty50_pct_change_12m,18.67174664294141,18.67174664294141
elasticnet,5,1,2025-01-31,origin_aluminum_cash_usd_per_ton,146.13963160430546,146.13963160430546
elasticnet,5,1,2025-01-31,south_korea_kospi_lag_3,72.1581624778523,72.1581624778523
ridge,5,1,2025-02-28,origin_copper_price_usd_per_ton,262.14076466943874,262.14076466943874
ridge,5,1,2025-02-28,china_csi300_jiangxi_copper_lag_1,-39.74117089742421,39.74117089742421
ridge,5,1,2025-02-28,origin_china_csi300_jiangxi_copper,146.34975925581108,146.34975925581108
ridge,5,1,2025-02-28,origin_canada_tsx_composite_hudbay_minerals,144.01916664057805,144.01916664057805
ridge,5,1,2025-02-28,south_korea_kospi_lag_1,64.25677319383401,64.25677319383401
ridge,5,1,2025-02-28,canada_tsx_composite_hudbay_minerals_lag_1,-17.81799928054444,17.81799928054444
ridge,5,1,2025-02-28,india_nifty50_pct_change_12m,-35.99499952999699,35.99499952999699
ridge,5,1,2025-02-28,origin_shfe_close_cny_per_ton,262.7010673814435,262.7010673814435
ridge,5,1,2025-02-28,origin_south_korea_kospi,198.21082721880794,198.21082721880794
ridge,5,1,2025-02-28,target_lag_1,71.49900518043961,71.49900518043961
ridge,5,1,2025-02-28,origin_aluminum_cash_usd_per_ton,186.3942408527853,186.3942408527853
ridge,5,1,2025-02-28,china_ppi_yoy_pct_pct_change_12m,84.91465956886236,84.91465956886236
elasticnet,5,1,2025-02-28,origin_copper_price_usd_per_ton,163.8510682884882,163.8510682884882
elasticnet,5,1,2025-02-28,china_csi300_jiangxi_copper_lag_1,54.794778930174346,54.794778930174346
elasticnet,5,1,2025-02-28,origin_china_csi300_jiangxi_copper,107.58306234982888,107.58306234982888
elasticnet,5,1,2025-02-28,origin_canada_tsx_composite_hudbay_minerals,107.7451200945351,107.7451200945351
elasticnet,5,1,2025-02-28,south_korea_kospi_lag_1,78.98845320809332,78.98845320809332
elasticnet,5,1,2025-02-28,canada_tsx_composite_hudbay_minerals_lag_1,63.17766778365194,63.17766778365194
elasticnet,5,1,2025-02-28,india_nifty50_pct_change_12m,34.97669017805294,34.97669017805294
elasticnet,5,1,2025-02-28,origin_shfe_close_cny_per_ton,157.95411906499328,157.95411906499328
elasticnet,5,1,2025-02-28,origin_south_korea_kospi,110.29989743572679,110.29989743572679
elasticnet,5,1,2025-02-28,target_lag_1,110.25275801791351,110.25275801791351
elasticnet,5,1,2025-02-28,origin_aluminum_cash_usd_per_ton,140.04393559471532,140.04393559471532
elasticnet,5,1,2025-02-28,china_ppi_yoy_pct_pct_change_12m,70.92618313253415,70.92618313253415
ridge,5,1,2025-03-31,origin_copper_price_usd_per_ton,230.0108959692776,230.0108959692776
ridge,5,1,2025-03-31,china_csi300_jiangxi_copper_lag_1,-19.122522161099386,19.122522161099386
ridge,5,1,2025-03-31,origin_china_csi300_jiangxi_copper,126.9094965907219,126.9094965907219
ridge,5,1,2025-03-31,origin_canada_tsx_composite_hudbay_minerals,132.74475367734217,132.74475367734217
ridge,5,1,2025-03-31,china_ppi_yoy_pct_pct_change_12m,98.02485280159355,98.02485280159355
ridge,5,1,2025-03-31,canada_tsx_composite_hudbay_minerals_lag_1,10.755882920575127,10.755882920575127
ridge,5,1,2025-03-31,india_nifty50_pct_change_12m,-1.1164872033448716,1.1164872033448716
ridge,5,1,2025-03-31,origin_shfe_close_cny_per_ton,243.08298097215192,243.08298097215192
ridge,5,1,2025-03-31,origin_aluminum_cash_usd_per_ton,184.92972034705437,184.92972034705437
ridge,5,1,2025-03-31,south_korea_kospi_lag_1,42.854164761744514,42.854164761744514
ridge,5,1,2025-03-31,origin_south_korea_kospi,182.65233044441345,182.65233044441345
ridge,5,1,2025-03-31,target_lag_1,48.96093938457342,48.96093938457342
elasticnet,5,1,2025-03-31,origin_copper_price_usd_per_ton,149.11121631795694,149.11121631795694
elasticnet,5,1,2025-03-31,china_csi300_jiangxi_copper_lag_1,59.59138979707045,59.59138979707045
elasticnet,5,1,2025-03-31,origin_china_csi300_jiangxi_copper,98.83684516841109,98.83684516841109
elasticnet,5,1,2025-03-31,origin_canada_tsx_composite_hudbay_minerals,103.46056351996202,103.46056351996202
elasticnet,5,1,2025-03-31,china_ppi_yoy_pct_pct_change_12m,77.35102971508907,77.35102971508907
elasticnet,5,1,2025-03-31,canada_tsx_composite_hudbay_minerals_lag_1,69.11190165500135,69.11190165500135
elasticnet,5,1,2025-03-31,india_nifty50_pct_change_12m,46.1552281747737,46.1552281747737
elasticnet,5,1,2025-03-31,origin_shfe_close_cny_per_ton,144.93689235805562,144.93689235805562
elasticnet,5,1,2025-03-31,origin_aluminum_cash_usd_per_ton,133.54295258583647,133.54295258583647
elasticnet,5,1,2025-03-31,south_korea_kospi_lag_1,70.56031796173758,70.56031796173758
elasticnet,5,1,2025-03-31,origin_south_korea_kospi,100.5299801550635,100.5299801550635
elasticnet,5,1,2025-03-31,target_lag_1,99.00304687923102,99.00304687923102
ridge,5,1,2025-04-30,origin_copper_price_usd_per_ton,127.31027323368379,127.31027323368379
ridge,5,1,2025-04-30,china_csi300_jiangxi_copper_lag_1,72.86138621145112,72.86138621145112
ridge,5,1,2025-04-30,origin_china_csi300_jiangxi_copper,91.40835410127171,91.40835410127171
ridge,5,1,2025-04-30,origin_canada_tsx_composite_hudbay_minerals,84.0099441778351,84.0099441778351
ridge,5,1,2025-04-30,china_ppi_yoy_pct_pct_change_12m,72.44556157226765,72.44556157226765
ridge,5,1,2025-04-30,india_nifty50_pct_change_12m,67.45621183484992,67.45621183484992
ridge,5,1,2025-04-30,australia_asx200_pct_change_12m,51.96671182813735,51.96671182813735
ridge,5,1,2025-04-30,canada_tsx_composite_hudbay_minerals_lag_1,72.72632909050634,72.72632909050634
ridge,5,1,2025-04-30,canada_tsx_composite_pct_change_12m,42.69612737889848,42.69612737889848
ridge,5,1,2025-04-30,origin_shfe_close_cny_per_ton,116.70046900714902,116.70046900714902
ridge,5,1,2025-04-30,south_korea_kospi_lag_1,82.36104850763462,82.36104850763462
ridge,5,1,2025-04-30,origin_aluminum_cash_usd_per_ton,119.26742004906461,119.26742004906461
elasticnet,5,1,2025-04-30,origin_copper_price_usd_per_ton,83.4719014854486,83.4719014854486
elasticnet,5,1,2025-04-30,china_csi300_jiangxi_copper_lag_1,61.61178237174062,61.61178237174062
elasticnet,5,1,2025-04-30,origin_china_csi300_jiangxi_copper,66.66419561359167,66.66419561359167
elasticnet,5,1,2025-04-30,origin_canada_tsx_composite_hudbay_minerals,62.11249363856769,62.11249363856769
elasticnet,5,1,2025-04-30,china_ppi_yoy_pct_pct_change_12m,48.808696718337714,48.808696718337714
elasticnet,5,1,2025-04-30,india_nifty50_pct_change_12m,55.17331240751777,55.17331240751777
elasticnet,5,1,2025-04-30,australia_asx200_pct_change_12m,51.19822828478589,51.19822828478589
elasticnet,5,1,2025-04-30,canada_tsx_composite_hudbay_minerals_lag_1,58.95320663798386,58.95320663798386
elasticnet,5,1,2025-04-30,canada_tsx_composite_pct_change_12m,47.37921706361935,47.37921706361935
elasticnet,5,1,2025-04-30,origin_shfe_close_cny_per_ton,76.54831556170993,76.54831556170993
elasticnet,5,1,2025-04-30,south_korea_kospi_lag_1,61.43219018732814,61.43219018732814
elasticnet,5,1,2025-04-30,origin_aluminum_cash_usd_per_ton,75.81010162377886,75.81010162377886
ridge,5,1,2025-05-31,origin_copper_price_usd_per_ton,116.27809632478211,116.27809632478211
ridge,5,1,2025-05-31,origin_tin_cash_usd_per_ton,94.33192563317458,94.33192563317458
ridge,5,1,2025-05-31,china_csi300_jiangxi_copper_lag_1,70.57910269124179,70.57910269124179
ridge,5,1,2025-05-31,origin_china_csi300_jiangxi_copper,86.97733888304589,86.97733888304589
ridge,5,1,2025-05-31,china_ppi_yoy_pct_pct_change_12m,73.3206692925764,73.3206692925764
ridge,5,1,2025-05-31,origin_canada_tsx_composite_hudbay_minerals,75.6118907549911,75.6118907549911
ridge,5,1,2025-05-31,australia_asx200_pct_change_12m,49.73492416803033,49.73492416803033
ridge,5,1,2025-05-31,canada_tsx_composite_hudbay_minerals_lag_1,64.60528811422755,64.60528811422755
ridge,5,1,2025-05-31,canada_tsx_composite_pct_change_12m,42.197385202064105,42.197385202064105
ridge,5,1,2025-05-31,india_nifty50_pct_change_12m,58.936186074343894,58.936186074343894
ridge,5,1,2025-05-31,origin_shfe_close_cny_per_ton,101.47323264627049,101.47323264627049
ridge,5,1,2025-05-31,g20_composite_leading_indicator_lag_3,90.74279349154833,90.74279349154833
elasticnet,5,1,2025-05-31,origin_copper_price_usd_per_ton,76.24546410195619,76.24546410195619
elasticnet,5,1,2025-05-31,origin_tin_cash_usd_per_ton,65.89407838913624,65.89407838913624
elasticnet,5,1,2025-05-31,china_csi300_jiangxi_copper_lag_1,58.081532738218556,58.081532738218556
elasticnet,5,1,2025-05-31,origin_china_csi300_jiangxi_copper,62.148567893183035,62.148567893183035
elasticnet,5,1,2025-05-31,china_ppi_yoy_pct_pct_change_12m,46.77932354006902,46.77932354006902
elasticnet,5,1,2025-05-31,origin_canada_tsx_composite_hudbay_minerals,55.978956290643985,55.978956290643985
elasticnet,5,1,2025-05-31,australia_asx200_pct_change_12m,47.69585399250934,47.69585399250934
elasticnet,5,1,2025-05-31,canada_tsx_composite_hudbay_minerals_lag_1,52.81140497037313,52.81140497037313
elasticnet,5,1,2025-05-31,canada_tsx_composite_pct_change_12m,44.18959728038606,44.18959728038606
elasticnet,5,1,2025-05-31,india_nifty50_pct_change_12m,49.32645561905461,49.32645561905461
elasticnet,5,1,2025-05-31,origin_shfe_close_cny_per_ton,67.87803700238351,67.87803700238351
elasticnet,5,1,2025-05-31,g20_composite_leading_indicator_lag_3,60.62675484278454,60.62675484278454
ridge,5,1,2025-06-30,origin_copper_price_usd_per_ton,166.1729133169768,166.1729133169768
ridge,5,1,2025-06-30,origin_tin_cash_usd_per_ton,68.39663469011863,68.39663469011863
ridge,5,1,2025-06-30,china_csi300_jiangxi_copper_lag_1,44.94342550905238,44.94342550905238
ridge,5,1,2025-06-30,origin_china_csi300_jiangxi_copper,171.03017703925272,171.03017703925272
ridge,5,1,2025-06-30,origin_canada_tsx_composite_hudbay_minerals,109.49068552248582,109.49068552248582
ridge,5,1,2025-06-30,china_ppi_yoy_pct_pct_change_12m,99.4012288867135,99.4012288867135
ridge,5,1,2025-06-30,origin_shfe_close_cny_per_ton,126.95136443835158,126.95136443835158
ridge,5,1,2025-06-30,canada_tsx_composite_hudbay_minerals_lag_1,4.157523869939513,4.157523869939513
ridge,5,1,2025-06-30,canada_tsx_composite_pct_change_12m,1.952554206543004,1.952554206543004
ridge,5,1,2025-06-30,g20_composite_leading_indicator_lag_3,125.53661726710698,125.53661726710698
ridge,5,1,2025-06-30,australia_asx200_pct_change_12m,11.32790767979792,11.32790767979792
ridge,5,1,2025-06-30,origin_aluminum_cash_usd_per_ton,106.11536829410618,106.11536829410618
elasticnet,5,1,2025-06-30,origin_copper_price_usd_per_ton,88.73398864119554,88.73398864119554
elasticnet,5,1,2025-06-30,origin_tin_cash_usd_per_ton,72.20085910746877,72.20085910746877
elasticnet,5,1,2025-06-30,china_csi300_jiangxi_copper_lag_1,66.0904243789699,66.0904243789699
elasticnet,5,1,2025-06-30,origin_china_csi300_jiangxi_copper,77.25749340718295,77.25749340718295
elasticnet,5,1,2025-06-30,origin_canada_tsx_composite_hudbay_minerals,64.39046484843517,64.39046484843517
elasticnet,5,1,2025-06-30,china_ppi_yoy_pct_pct_change_12m,54.389692707550225,54.389692707550225
elasticnet,5,1,2025-06-30,origin_shfe_close_cny_per_ton,77.15920726941131,77.15920726941131
elasticnet,5,1,2025-06-30,canada_tsx_composite_hudbay_minerals_lag_1,53.48797122615665,53.48797122615665
elasticnet,5,1,2025-06-30,canada_tsx_composite_pct_change_12m,43.5572721307037,43.5572721307037
elasticnet,5,1,2025-06-30,g20_composite_leading_indicator_lag_3,73.82686986654218,73.82686986654218
elasticnet,5,1,2025-06-30,australia_asx200_pct_change_12m,48.63622843600905,48.63622843600905
elasticnet,5,1,2025-06-30,origin_aluminum_cash_usd_per_ton,72.499412220724,72.499412220724
ridge,5,1,2025-07-31,origin_copper_price_usd_per_ton,174.14153775448932,174.14153775448932
ridge,5,1,2025-07-31,origin_tin_cash_usd_per_ton,107.22640560847024,107.22640560847024
ridge,5,1,2025-07-31,china_csi300_jiangxi_copper_lag_1,52.74672822766505,52.74672822766505
ridge,5,1,2025-07-31,origin_china_csi300_jiangxi_copper,177.01812873753536,177.01812873753536
ridge,5,1,2025-07-31,origin_canada_tsx_composite_hudbay_minerals,117.49783665495802,117.49783665495802
ridge,5,1,2025-07-31,origin_shfe_close_cny_per_ton,91.23387572102813,91.23387572102813
ridge,5,1,2025-07-31,canada_tsx_composite_hudbay_minerals_lag_1,-5.518099663160054,5.518099663160054
ridge,5,1,2025-07-31,canada_tsx_composite_pct_change_12m,15.15117504120672,15.15117504120672
ridge,5,1,2025-07-31,g20_composite_leading_indicator_lag_3,123.6262522013814,123.6262522013814
ridge,5,1,2025-07-31,origin_aluminum_cash_usd_per_ton,128.0805301716763,128.0805301716763
ridge,5,1,2025-07-31,australia_asx200_pct_change_12m,-3.12301597559909,3.12301597559909
ridge,5,1,2025-07-31,target_lag_1,-24.40302856575461,24.40302856575461
elasticnet,5,1,2025-07-31,origin_copper_price_usd_per_ton,82.83404159628274,82.83404159628274
elasticnet,5,1,2025-07-31,origin_tin_cash_usd_per_ton,69.59796026975653,69.59796026975653
elasticnet,5,1,2025-07-31,china_csi300_jiangxi_copper_lag_1,60.293002373133284,60.293002373133284
elasticnet,5,1,2025-07-31,origin_china_csi300_jiangxi_copper,74.17031828161214,74.17031828161214
elasticnet,5,1,2025-07-31,origin_canada_tsx_composite_hudbay_minerals,61.3933165925996,61.3933165925996
elasticnet,5,1,2025-07-31,origin_shfe_close_cny_per_ton,66.56780116497352,66.56780116497352
elasticnet,5,1,2025-07-31,canada_tsx_composite_hudbay_minerals_lag_1,46.49515314183518,46.49515314183518
elasticnet,5,1,2025-07-31,canada_tsx_composite_pct_change_12m,42.16923343790314,42.16923343790314
elasticnet,5,1,2025-07-31,g20_composite_leading_indicator_lag_3,64.98188495014219,64.98188495014219
elasticnet,5,1,2025-07-31,origin_aluminum_cash_usd_per_ton,67.71463961411902,67.71463961411902
elasticnet,5,1,2025-07-31,australia_asx200_pct_change_12m,42.67348538918897,42.67348538918897
elasticnet,5,1,2025-07-31,target_lag_1,55.102673021333665,55.102673021333665
ridge,5,1,2025-08-31,origin_copper_price_usd_per_ton,146.8924038967687,146.8924038967687
ridge,5,1,2025-08-31,origin_tin_cash_usd_per_ton,96.83418826150424,96.83418826150424
ridge,5,1,2025-08-31,china_csi300_jiangxi_copper_lag_1,49.04172742461398,49.04172742461398
ridge,5,1,2025-08-31,origin_china_csi300_jiangxi_copper,166.21710685888056,166.21710685888056
ridge,5,1,2025-08-31,origin_canada_tsx_composite_hudbay_minerals,134.82707553245803,134.82707553245803
ridge,5,1,2025-08-31,origin_shfe_close_cny_per_ton,80.6710531008468,80.6710531008468
ridge,5,1,2025-08-31,canada_tsx_composite_pct_change_12m,29.882942076141333,29.882942076141333
ridge,5,1,2025-08-31,canada_tsx_composite_hudbay_minerals_lag_1,-10.005429974495412,10.005429974495412
ridge,5,1,2025-08-31,g20_composite_leading_indicator_lag_3,121.10562661092828,121.10562661092828
ridge,5,1,2025-08-31,origin_aluminum_cash_usd_per_ton,114.78860580569484,114.78860580569484
ridge,5,1,2025-08-31,ecb_policy_rate_pct_change_3m,40.79667915873619,40.79667915873619
ridge,5,1,2025-08-31,australia_asx200_pct_change_12m,-17.207522148659223,17.207522148659223
elasticnet,5,1,2025-08-31,origin_copper_price_usd_per_ton,83.83696719966493,83.83696719966493
elasticnet,5,1,2025-08-31,origin_tin_cash_usd_per_ton,71.34491042324899,71.34491042324899
elasticnet,5,1,2025-08-31,china_csi300_jiangxi_copper_lag_1,59.61537362666368,59.61537362666368
elasticnet,5,1,2025-08-31,origin_china_csi300_jiangxi_copper,72.49447470620805,72.49447470620805
elasticnet,5,1,2025-08-31,origin_canada_tsx_composite_hudbay_minerals,59.73514438649692,59.73514438649692
elasticnet,5,1,2025-08-31,origin_shfe_close_cny_per_ton,67.01771446332309,67.01771446332309
elasticnet,5,1,2025-08-31,canada_tsx_composite_pct_change_12m,42.89697782912992,42.89697782912992
elasticnet,5,1,2025-08-31,canada_tsx_composite_hudbay_minerals_lag_1,46.85641568605711,46.85641568605711
elasticnet,5,1,2025-08-31,g20_composite_leading_indicator_lag_3,65.69910205563349,65.69910205563349
elasticnet,5,1,2025-08-31,origin_aluminum_cash_usd_per_ton,67.73188586232615,67.73188586232615
elasticnet,5,1,2025-08-31,ecb_policy_rate_pct_change_3m,2.5649706303237827,2.5649706303237827
elasticnet,5,1,2025-08-31,australia_asx200_pct_change_12m,42.435971868789395,42.435971868789395
ridge,5,1,2025-09-30,origin_copper_price_usd_per_ton,94.53841649112901,94.53841649112901
ridge,5,1,2025-09-30,origin_tin_cash_usd_per_ton,80.09159485701927,80.09159485701927
ridge,5,1,2025-09-30,origin_china_csi300_jiangxi_copper,86.45165715445623,86.45165715445623
ridge,5,1,2025-09-30,china_csi300_jiangxi_copper_lag_1,68.00147156401965,68.00147156401965
ridge,5,1,2025-09-30,origin_canada_tsx_composite_hudbay_minerals,53.08039618887993,53.08039618887993
ridge,5,1,2025-09-30,origin_shfe_close_cny_per_ton,60.475650884239045,60.475650884239045
ridge,5,1,2025-09-30,canada_tsx_composite_pct_change_12m,52.45380178278173,52.45380178278173
ridge,5,1,2025-09-30,canada_tsx_composite_hudbay_minerals_lag_1,36.49303382610873,36.49303382610873
ridge,5,1,2025-09-30,poland_wig20_lag_1,42.56098918518861,42.56098918518861
ridge,5,1,2025-09-30,ecb_policy_rate_pct_change_3m,10.76546231091988,10.76546231091988
ridge,5,1,2025-09-30,origin_aluminum_cash_usd_per_ton,81.4943567172079,81.4943567172079
ridge,5,1,2025-09-30,origin_poland_wig20,52.58818581971968,52.58818581971968
elasticnet,5,1,2025-09-30,origin_copper_price_usd_per_ton,82.34480476217254,82.34480476217254
elasticnet,5,1,2025-09-30,origin_tin_cash_usd_per_ton,70.96123065082958,70.96123065082958
elasticnet,5,1,2025-09-30,origin_china_csi300_jiangxi_copper,73.30634419684179,73.30634419684179
elasticnet,5,1,2025-09-30,china_csi300_jiangxi_copper_lag_1,61.596453851558266,61.596453851558266
elasticnet,5,1,2025-09-30,origin_canada_tsx_composite_hudbay_minerals,48.4774198906271,48.4774198906271
elasticnet,5,1,2025-09-30,origin_shfe_close_cny_per_ton,56.16817445256869,56.16817445256869
elasticnet,5,1,2025-09-30,canada_tsx_composite_pct_change_12m,49.11589670364994,49.11589670364994
elasticnet,5,1,2025-09-30,canada_tsx_composite_hudbay_minerals_lag_1,37.78696763653296,37.78696763653296
elasticnet,5,1,2025-09-30,poland_wig20_lag_1,41.5907811540572,41.5907811540572
elasticnet,5,1,2025-09-30,ecb_policy_rate_pct_change_3m,2.219469070971574,2.219469070971574
elasticnet,5,1,2025-09-30,origin_aluminum_cash_usd_per_ton,69.10829761357576,69.10829761357576
elasticnet,5,1,2025-09-30,origin_poland_wig20,47.85247437909323,47.85247437909323
ridge,5,1,2025-10-31,origin_copper_price_usd_per_ton,144.5159910596802,144.5159910596802
ridge,5,1,2025-10-31,origin_tin_cash_usd_per_ton,82.78009795681226,82.78009795681226
ridge,5,1,2025-10-31,origin_china_csi300_jiangxi_copper,173.20435410527196,173.20435410527196
ridge,5,1,2025-10-31,china_csi300_jiangxi_copper_lag_1,51.63814887186366,51.63814887186366
ridge,5,1,2025-10-31,origin_canada_tsx_composite_hudbay_minerals,113.25809146454766,113.25809146454766
ridge,5,1,2025-10-31,canada_tsx_composite_pct_change_12m,44.163857400280484,44.163857400280484
ridge,5,1,2025-10-31,origin_shfe_close_cny_per_ton,7.0020360375748245,7.0020360375748245
ridge,5,1,2025-10-31,canada_tsx_composite_hudbay_minerals_lag_1,-24.07333853899723,24.07333853899723
ridge,5,1,2025-10-31,poland_wig20_lag_1,36.21494342693346,36.21494342693346
ridge,5,1,2025-10-31,ecb_policy_rate_pct_change_3m,36.945533463537444,36.945533463537444
ridge,5,1,2025-10-31,origin_poland_wig20,88.51757391702031,88.51757391702031
ridge,5,1,2025-10-31,origin_aluminum_cash_usd_per_ton,133.20919120206494,133.20919120206494
elasticnet,5,1,2025-10-31,origin_copper_price_usd_per_ton,76.44530051090949,76.44530051090949
elasticnet,5,1,2025-10-31,origin_tin_cash_usd_per_ton,66.42447026518494,66.42447026518494
elasticnet,5,1,2025-10-31,origin_china_csi300_jiangxi_copper,72.12913438323007,72.12913438323007
elasticnet,5,1,2025-10-31,china_csi300_jiangxi_copper_lag_1,59.170763881252185,59.170763881252185
elasticnet,5,1,2025-10-31,origin_canada_tsx_composite_hudbay_minerals,52.69222114102896,52.69222114102896
elasticnet,5,1,2025-10-31,canada_tsx_composite_pct_change_12m,51.58880854064399,51.58880854064399
elasticnet,5,1,2025-10-31,origin_shfe_close_cny_per_ton,48.909272624216385,48.909272624216385
elasticnet,5,1,2025-10-31,canada_tsx_composite_hudbay_minerals_lag_1,39.26102323449575,39.26102323449575
elasticnet,5,1,2025-10-31,poland_wig20_lag_1,45.91303504523214,45.91303504523214
elasticnet,5,1,2025-10-31,ecb_policy_rate_pct_change_3m,0.0,0.0
elasticnet,5,1,2025-10-31,origin_poland_wig20,48.74193316882964,48.74193316882964
elasticnet,5,1,2025-10-31,origin_aluminum_cash_usd_per_ton,62.224717919307615,62.224717919307615
ridge,5,1,2025-11-30,origin_copper_price_usd_per_ton,153.71620223462392,153.71620223462392
ridge,5,1,2025-11-30,origin_tin_cash_usd_per_ton,78.31678990436413,78.31678990436413
ridge,5,1,2025-11-30,origin_china_csi300_jiangxi_copper,107.64525344908535,107.64525344908535
ridge,5,1,2025-11-30,china_csi300_jiangxi_copper_lag_1,49.49136071070971,49.49136071070971
ridge,5,1,2025-11-30,origin_canada_tsx_composite_hudbay_minerals,97.72977288655338,97.72977288655338
ridge,5,1,2025-11-30,origin_shfe_close_cny_per_ton,12.050364862111703,12.050364862111703
ridge,5,1,2025-11-30,canada_tsx_composite_pct_change_12m,45.33400581127316,45.33400581127316
ridge,5,1,2025-11-30,canada_tsx_composite_hudbay_minerals_lag_1,-25.20159258216892,25.20159258216892
ridge,5,1,2025-11-30,poland_wig20_lag_1,48.623449552741015,48.623449552741015
ridge,5,1,2025-11-30,origin_poland_wig20,87.07356097471953,87.07356097471953
ridge,5,1,2025-11-30,origin_aluminum_cash_usd_per_ton,119.2727545501137,119.2727545501137
ridge,5,1,2025-11-30,origin_south_korea_kospi,62.124811645546856,62.124811645546856
elasticnet,5,1,2025-11-30,origin_copper_price_usd_per_ton,71.70106424872378,71.70106424872378
elasticnet,5,1,2025-11-30,origin_tin_cash_usd_per_ton,63.02764685663912,63.02764685663912
elasticnet,5,1,2025-11-30,origin_china_csi300_jiangxi_copper,57.442623356874364,57.442623356874364
elasticnet,5,1,2025-11-30,china_csi300_jiangxi_copper_lag_1,53.79832195808265,53.79832195808265
elasticnet,5,1,2025-11-30,origin_canada_tsx_composite_hudbay_minerals,50.36411471127497,50.36411471127497
elasticnet,5,1,2025-11-30,origin_shfe_close_cny_per_ton,46.29709278869128,46.29709278869128
elasticnet,5,1,2025-11-30,canada_tsx_composite_pct_change_12m,50.02735799269574,50.02735799269574
elasticnet,5,1,2025-11-30,canada_tsx_composite_hudbay_minerals_lag_1,39.765704050278586,39.765704050278586
elasticnet,5,1,2025-11-30,poland_wig20_lag_1,46.82027126394098,46.82027126394098
elasticnet,5,1,2025-11-30,origin_poland_wig20,47.961755079147544,47.961755079147544
elasticnet,5,1,2025-11-30,origin_aluminum_cash_usd_per_ton,58.608514474081474,58.608514474081474
elasticnet,5,1,2025-11-30,origin_south_korea_kospi,49.85736602163904,49.85736602163904
ridge,5,1,2025-12-31,origin_copper_price_usd_per_ton,85.56009398730033,85.56009398730033
ridge,5,1,2025-12-31,origin_tin_cash_usd_per_ton,80.805758468303,80.805758468303
ridge,5,1,2025-12-31,origin_china_csi300_jiangxi_copper,72.1099162622235,72.1099162622235
ridge,5,1,2025-12-31,origin_canada_tsx_composite_hudbay_minerals,59.03561966581997,59.03561966581997
ridge,5,1,2025-12-31,china_csi300_jiangxi_copper_lag_1,72.23012983381399,72.23012983381399
ridge,5,1,2025-12-31,indonesia_reer_lag_1,-63.0324727662359,63.0324727662359
ridge,5,1,2025-12-31,origin_shfe_close_cny_per_ton,52.39233167595213,52.39233167595213
ridge,5,1,2025-12-31,canada_tsx_composite_hudbay_minerals_lag_1,46.80094951328525,46.80094951328525
ridge,5,1,2025-12-31,canada_tsx_composite_pct_change_12m,53.87766772253625,53.87766772253625
ridge,5,1,2025-12-31,poland_wig20_lag_1,49.99941408586416,49.99941408586416
ridge,5,1,2025-12-31,origin_south_korea_kospi,65.1651038820571,65.1651038820571
ridge,5,1,2025-12-31,copper_stock_ton_lag_6,69.40219523133825,69.40219523133825
elasticnet,5,1,2025-12-31,origin_copper_price_usd_per_ton,75.440527142713,75.440527142713
elasticnet,5,1,2025-12-31,origin_tin_cash_usd_per_ton,69.07066991156363,69.07066991156363
elasticnet,5,1,2025-12-31,origin_china_csi300_jiangxi_copper,64.29394146020773,64.29394146020773
elasticnet,5,1,2025-12-31,origin_canada_tsx_composite_hudbay_minerals,55.39805699659212,55.39805699659212
elasticnet,5,1,2025-12-31,china_csi300_jiangxi_copper_lag_1,64.37580739772231,64.37580739772231
elasticnet,5,1,2025-12-31,indonesia_reer_lag_1,-57.8446526121562,57.8446526121562
elasticnet,5,1,2025-12-31,origin_shfe_close_cny_per_ton,50.24298512032313,50.24298512032313
elasticnet,5,1,2025-12-31,canada_tsx_composite_hudbay_minerals_lag_1,47.24003944834659,47.24003944834659
elasticnet,5,1,2025-12-31,canada_tsx_composite_pct_change_12m,50.76453787376566,50.76453787376566
elasticnet,5,1,2025-12-31,poland_wig20_lag_1,48.60801886165178,48.60801886165178
elasticnet,5,1,2025-12-31,origin_south_korea_kospi,58.08565760904925,58.08565760904925
elasticnet,5,1,2025-12-31,copper_stock_ton_lag_6,57.365806063137995,57.365806063137995
ridge,5,1,2026-01-31,origin_copper_price_usd_per_ton,160.1014027014525,160.1014027014525
ridge,5,1,2026-01-31,origin_tin_cash_usd_per_ton,155.4592482946011,155.4592482946011
ridge,5,1,2026-01-31,origin_canada_tsx_composite_hudbay_minerals,151.10229451965645,151.10229451965645
ridge,5,1,2026-01-31,origin_china_csi300_jiangxi_copper,152.18845933264532,152.18845933264532
ridge,5,1,2026-01-31,china_csi300_jiangxi_copper_lag_1,112.4062272901222,112.4062272901222
ridge,5,1,2026-01-31,indonesia_reer_lag_1,-103.58204440615287,103.58204440615287
ridge,5,1,2026-01-31,origin_south_korea_kospi,78.07288661794499,78.07288661794499
ridge,5,1,2026-01-31,canada_tsx_composite_hudbay_minerals_lag_1,19.326939140370655,19.326939140370655
ridge,5,1,2026-01-31,origin_shfe_close_cny_per_ton,50.314148972938334,50.314148972938334
ridge,5,1,2026-01-31,india_call_money_rate_pct_change_12m,-3.2833884669853806,3.2833884669853806
ridge,5,1,2026-01-31,nickel_cash_usd_per_ton_lag_6,9.823897338359462,9.823897338359462
ridge,5,1,2026-01-31,germany_manufacturing_order_books_lag_12,-21.37801117733284,21.37801117733284
elasticnet,5,1,2026-01-31,origin_copper_price_usd_per_ton,134.4155285404969,134.4155285404969
elasticnet,5,1,2026-01-31,origin_tin_cash_usd_per_ton,127.27282023361633,127.27282023361633
elasticnet,5,1,2026-01-31,origin_canada_tsx_composite_hudbay_minerals,109.78607283567402,109.78607283567402
elasticnet,5,1,2026-01-31,origin_china_csi300_jiangxi_copper,121.06752173820183,121.06752173820183
elasticnet,5,1,2026-01-31,china_csi300_jiangxi_copper_lag_1,103.51224933562378,103.51224933562378
elasticnet,5,1,2026-01-31,indonesia_reer_lag_1,-86.73195485464788,86.73195485464788
elasticnet,5,1,2026-01-31,origin_south_korea_kospi,88.45074029700152,88.45074029700152
elasticnet,5,1,2026-01-31,canada_tsx_composite_hudbay_minerals_lag_1,58.80119908637055,58.80119908637055
elasticnet,5,1,2026-01-31,origin_shfe_close_cny_per_ton,73.65319441225671,73.65319441225671
elasticnet,5,1,2026-01-31,india_call_money_rate_pct_change_12m,-11.815982157632584,11.815982157632584
elasticnet,5,1,2026-01-31,nickel_cash_usd_per_ton_lag_6,-15.354216373103853,15.354216373103853
elasticnet,5,1,2026-01-31,germany_manufacturing_order_books_lag_12,-31.212839045578953,31.212839045578953
ridge,5,1,2026-02-28,origin_copper_price_usd_per_ton,176.10375698457145,176.10375698457145
ridge,5,1,2026-02-28,origin_tin_cash_usd_per_ton,156.38512292384223,156.38512292384223
ridge,5,1,2026-02-28,origin_china_csi300_jiangxi_copper,115.22588356591727,115.22588356591727
ridge,5,1,2026-02-28,origin_canada_tsx_composite_hudbay_minerals,171.5535357959494,171.5535357959494
ridge,5,1,2026-02-28,india_call_money_rate_pct_change_12m,-6.013471279454217,6.013471279454217
ridge,5,1,2026-02-28,china_csi300_jiangxi_copper_lag_1,136.18851645749226,136.18851645749226
ridge,5,1,2026-02-28,origin_south_korea_kospi,86.47955096904835,86.47955096904835
ridge,5,1,2026-02-28,nickel_cash_usd_per_ton_lag_6,-14.201305204846381,14.201305204846381
ridge,5,1,2026-02-28,indonesia_reer_lag_1,-116.94775676297981,116.94775676297981
ridge,5,1,2026-02-28,nickel_stock_ton_lag_1,29.56819492922658,29.56819492922658
ridge,5,1,2026-02-28,germany_manufacturing_order_books_lag_12,-29.06563954991417,29.06563954991417
ridge,5,1,2026-02-28,canada_tsx_composite_hudbay_minerals_lag_1,64.14935714528625,64.14935714528625
elasticnet,5,1,2026-02-28,origin_copper_price_usd_per_ton,166.78419721857432,166.78419721857432
elasticnet,5,1,2026-02-28,origin_tin_cash_usd_per_ton,149.19166066017394,149.19166066017394
elasticnet,5,1,2026-02-28,origin_china_csi300_jiangxi_copper,117.2537007213457,117.2537007213457
elasticnet,5,1,2026-02-28,origin_canada_tsx_composite_hudbay_minerals,154.8235243451615,154.8235243451615
elasticnet,5,1,2026-02-28,india_call_money_rate_pct_change_12m,-9.234007717172409,9.234007717172409
elasticnet,5,1,2026-02-28,china_csi300_jiangxi_copper_lag_1,128.80307031734887,128.80307031734887
elasticnet,5,1,2026-02-28,origin_south_korea_kospi,92.24098849345309,92.24098849345309
elasticnet,5,1,2026-02-28,nickel_cash_usd_per_ton_lag_6,-21.31280593437623,21.31280593437623
elasticnet,5,1,2026-02-28,indonesia_reer_lag_1,-110.57315160356326,110.57315160356326
elasticnet,5,1,2026-02-28,nickel_stock_ton_lag_1,29.945918135082223,29.945918135082223
elasticnet,5,1,2026-02-28,germany_manufacturing_order_books_lag_12,-31.63571339598259,31.63571339598259
elasticnet,5,1,2026-02-28,canada_tsx_composite_hudbay_minerals_lag_1,79.51882898528628,79.51882898528628
ridge,5,1,2026-03-31,origin_copper_price_usd_per_ton,126.7316478248147,126.7316478248147
ridge,5,1,2026-03-31,origin_china_csi300_jiangxi_copper,117.5085513400589,117.5085513400589
ridge,5,1,2026-03-31,india_call_money_rate_pct_change_12m,-49.63718223162127,49.63718223162127
ridge,5,1,2026-03-31,origin_tin_cash_usd_per_ton,109.57914735977778,109.57914735977778
ridge,5,1,2026-03-31,origin_canada_tsx_composite_hudbay_minerals,120.91558489979249,120.91558489979249
ridge,5,1,2026-03-31,nickel_cash_usd_per_ton_lag_6,-60.40062873160076,60.40062873160076
ridge,5,1,2026-03-31,origin_south_korea_kospi,97.4985157136194,97.4985157136194
ridge,5,1,2026-03-31,china_csi300_jiangxi_copper_lag_1,96.98463732703041,96.98463732703041
ridge,5,1,2026-03-31,nickel_stock_ton_lag_1,63.238036853177896,63.238036853177896
ridge,5,1,2026-03-31,indonesia_reer_lag_1,-96.92803906728496,96.92803906728496
ridge,5,1,2026-03-31,fed_interest_rate_pct_change_12m,1.1552957841364069,1.1552957841364069
ridge,5,1,2026-03-31,germany_manufacturing_order_books_lag_12,-64.1099692670976,64.1099692670976
elasticnet,5,1,2026-03-31,origin_copper_price_usd_per_ton,111.35096552335318,111.35096552335318
elasticnet,5,1,2026-03-31,origin_china_csi300_jiangxi_copper,104.21548657451935,104.21548657451935
elasticnet,5,1,2026-03-31,india_call_money_rate_pct_change_12m,-48.80923053253656,48.80923053253656
elasticnet,5,1,2026-03-31,origin_tin_cash_usd_per_ton,95.34561473390163,95.34561473390163
elasticnet,5,1,2026-03-31,origin_canada_tsx_composite_hudbay_minerals,106.31961376091901,106.31961376091901
elasticnet,5,1,2026-03-31,nickel_cash_usd_per_ton_lag_6,-57.96979237883082,57.96979237883082
elasticnet,5,1,2026-03-31,origin_south_korea_kospi,90.46936198927585,90.46936198927585
elasticnet,5,1,2026-03-31,china_csi300_jiangxi_copper_lag_1,89.92958205558905,89.92958205558905
elasticnet,5,1,2026-03-31,nickel_stock_ton_lag_1,61.894321377277116,61.894321377277116
elasticnet,5,1,2026-03-31,indonesia_reer_lag_1,-87.90318402994347,87.90318402994347
elasticnet,5,1,2026-03-31,fed_interest_rate_pct_change_12m,-6.093344786450786,6.093344786450786
elasticnet,5,1,2026-03-31,germany_manufacturing_order_books_lag_12,-61.38488029040785,61.38488029040785
ridge,5,1,2026-04-30,origin_copper_price_usd_per_ton,123.87670355573854,123.87670355573854
ridge,5,1,2026-04-30,india_call_money_rate_pct_change_12m,-57.061664073894775,57.061664073894775
ridge,5,1,2026-04-30,origin_china_csi300_jiangxi_copper,117.05714732466562,117.05714732466562
ridge,5,1,2026-04-30,nickel_cash_usd_per_ton_lag_6,-65.17049845000089,65.17049845000089
ridge,5,1,2026-04-30,origin_tin_cash_usd_per_ton,111.53417628169304,111.53417628169304
ridge,5,1,2026-04-30,origin_canada_tsx_composite_hudbay_minerals,115.95054103783615,115.95054103783615
ridge,5,1,2026-04-30,origin_south_korea_kospi,103.00511633702472,103.00511633702472
ridge,5,1,2026-04-30,china_csi300_jiangxi_copper_lag_1,99.99269528831037,99.99269528831037
ridge,5,1,2026-04-30,nickel_stock_ton_lag_1,80.83515680179234,80.83515680179234
ridge,5,1,2026-04-30,fed_interest_rate_pct_change_12m,-2.5046766677002528,2.5046766677002528
ridge,5,1,2026-04-30,indonesia_reer_lag_1,-101.0963248679193,101.0963248679193
ridge,5,1,2026-04-30,origin_shfe_close_cny_per_ton,108.03279344537346,108.03279344537346
elasticnet,5,1,2026-04-30,origin_copper_price_usd_per_ton,66.45544464050649,66.45544464050649
elasticnet,5,1,2026-04-30,india_call_money_rate_pct_change_12m,-40.84715285806046,40.84715285806046
elasticnet,5,1,2026-04-30,origin_china_csi300_jiangxi_copper,63.844767715714276,63.844767715714276
elasticnet,5,1,2026-04-30,nickel_cash_usd_per_ton_lag_6,-44.08632807580574,44.08632807580574
elasticnet,5,1,2026-04-30,origin_tin_cash_usd_per_ton,58.05909906470601,58.05909906470601
elasticnet,5,1,2026-04-30,origin_canada_tsx_composite_hudbay_minerals,63.79378396892372,63.79378396892372
elasticnet,5,1,2026-04-30,origin_south_korea_kospi,60.800449128725134,60.800449128725134
elasticnet,5,1,2026-04-30,china_csi300_jiangxi_copper_lag_1,59.88150424579474,59.88150424579474
elasticnet,5,1,2026-04-30,nickel_stock_ton_lag_1,51.1439086519988,51.1439086519988
elasticnet,5,1,2026-04-30,fed_interest_rate_pct_change_12m,-17.650758700856557,17.650758700856557
elasticnet,5,1,2026-04-30,indonesia_reer_lag_1,-58.275950388735666,58.275950388735666
elasticnet,5,1,2026-04-30,origin_shfe_close_cny_per_ton,61.91357641025603,61.91357641025603
ridge,5,1,2026-05-31,origin_copper_price_usd_per_ton,191.63620218564637,191.63620218564637
ridge,5,1,2026-05-31,origin_tin_cash_usd_per_ton,106.11984452948211,106.11984452948211
ridge,5,1,2026-05-31,india_call_money_rate_pct_change_12m,28.37387608524629,28.37387608524629
ridge,5,1,2026-05-31,origin_china_csi300_jiangxi_copper,191.61212739844285,191.61212739844285
ridge,5,1,2026-05-31,origin_canada_tsx_composite_hudbay_minerals,204.3461077749737,204.3461077749737
ridge,5,1,2026-05-31,nickel_cash_usd_per_ton_lag_6,-16.70654673043012,16.70654673043012
ridge,5,1,2026-05-31,origin_south_korea_kospi,103.70693569452766,103.70693569452766
ridge,5,1,2026-05-31,china_csi300_jiangxi_copper_lag_1,63.543475982107445,63.543475982107445
ridge,5,1,2026-05-31,nickel_stock_ton_lag_1,70.57336829706433,70.57336829706433
ridge,5,1,2026-05-31,poland_wig20_lag_1,177.150750809732,177.150750809732
ridge,5,1,2026-05-31,indonesia_reer_lag_1,-114.74193175101877,114.74193175101877
ridge,5,1,2026-05-31,origin_aluminum_cash_usd_per_ton,170.29174426685526,170.29174426685526
elasticnet,5,1,2026-05-31,origin_copper_price_usd_per_ton,160.23117097505957,160.23117097505957
elasticnet,5,1,2026-05-31,origin_tin_cash_usd_per_ton,114.23584557839519,114.23584557839519
elasticnet,5,1,2026-05-31,india_call_money_rate_pct_change_12m,-12.796054147207427,12.796054147207427
elasticnet,5,1,2026-05-31,origin_china_csi300_jiangxi_copper,159.69250857434238,159.69250857434238
elasticnet,5,1,2026-05-31,origin_canada_tsx_composite_hudbay_minerals,168.67919266177154,168.67919266177154
elasticnet,5,1,2026-05-31,nickel_cash_usd_per_ton_lag_6,-38.1390629129328,38.1390629129328
elasticnet,5,1,2026-05-31,origin_south_korea_kospi,122.19703925093798,122.19703925093798
elasticnet,5,1,2026-05-31,china_csi300_jiangxi_copper_lag_1,107.26973856040364,107.26973856040364
elasticnet,5,1,2026-05-31,nickel_stock_ton_lag_1,73.28462847272371,73.28462847272371
elasticnet,5,1,2026-05-31,poland_wig20_lag_1,132.74989206869995,132.74989206869995
elasticnet,5,1,2026-05-31,indonesia_reer_lag_1,-115.3507729998324,115.3507729998324
elasticnet,5,1,2026-05-31,origin_aluminum_cash_usd_per_ton,137.57722833017058,137.57722833017058
ridge,5,1,2026-06-30,origin_copper_price_usd_per_ton,200.67440563843243,200.67440563843243
ridge,5,1,2026-06-30,origin_tin_cash_usd_per_ton,116.92893262360629,116.92893262360629
ridge,5,1,2026-06-30,origin_canada_tsx_composite_hudbay_minerals,211.86832366280282,211.86832366280282
ridge,5,1,2026-06-30,india_call_money_rate_pct_change_12m,23.009495989494134,23.009495989494134
ridge,5,1,2026-06-30,origin_china_csi300_jiangxi_copper,212.34582472066805,212.34582472066805
ridge,5,1,2026-06-30,nickel_cash_usd_per_ton_lag_6,-19.140253107036074,19.140253107036074
ridge,5,1,2026-06-30,poland_wig20_lag_1,179.72583037545147,179.72583037545147
ridge,5,1,2026-06-30,origin_south_korea_kospi,89.50602301686534,89.50602301686534
ridge,5,1,2026-06-30,china_csi300_jiangxi_copper_lag_1,89.61650713767186,89.61650713767186
ridge,5,1,2026-06-30,nickel_stock_ton_lag_1,79.91590713982355,79.91590713982355
ridge,5,1,2026-06-30,indonesia_reer_lag_1,-123.1571665687515,123.1571665687515
ridge,5,1,2026-06-30,origin_aluminum_cash_usd_per_ton,177.6850843496982,177.6850843496982
elasticnet,5,1,2026-06-30,origin_copper_price_usd_per_ton,154.14453577169562,154.14453577169562
elasticnet,5,1,2026-06-30,origin_tin_cash_usd_per_ton,120.44737909779467,120.44737909779467
elasticnet,5,1,2026-06-30,origin_canada_tsx_composite_hudbay_minerals,157.09720351304642,157.09720351304642
elasticnet,5,1,2026-06-30,india_call_money_rate_pct_change_12m,-34.579057096878095,34.579057096878095
elasticnet,5,1,2026-06-30,origin_china_csi300_jiangxi_copper,155.27475486492486,155.27475486492486
elasticnet,5,1,2026-06-30,nickel_cash_usd_per_ton_lag_6,-51.60071827350278,51.60071827350278
elasticnet,5,1,2026-06-30,poland_wig20_lag_1,123.72427034153418,123.72427034153418
elasticnet,5,1,2026-06-30,origin_south_korea_kospi,126.18344656765933,126.18344656765933
elasticnet,5,1,2026-06-30,china_csi300_jiangxi_copper_lag_1,126.12548707944235,126.12548707944235
elasticnet,5,1,2026-06-30,nickel_stock_ton_lag_1,89.33571104081334,89.33571104081334
elasticnet,5,1,2026-06-30,indonesia_reer_lag_1,-119.56463252098915,119.56463252098915
elasticnet,5,1,2026-06-30,origin_aluminum_cash_usd_per_ton,130.25261561639243,130.25261561639243
ridge,5,1,2026-07-31,origin_copper_price_usd_per_ton,150.89663424091094,150.89663424091094
ridge,5,1,2026-07-31,origin_tin_cash_usd_per_ton,135.153768908753,135.153768908753
ridge,5,1,2026-07-31,origin_canada_tsx_composite_hudbay_minerals,141.11592644318046,141.11592644318046
ridge,5,1,2026-07-31,nickel_cash_usd_per_ton_lag_6,-59.677909452435166,59.677909452435166
ridge,5,1,2026-07-31,origin_china_csi300_jiangxi_copper,142.9767010856388,142.9767010856388
ridge,5,1,2026-07-31,india_call_money_rate_pct_change_12m,-45.56563994938053,45.56563994938053
ridge,5,1,2026-07-31,origin_south_korea_kospi,125.42917022641312,125.42917022641312
ridge,5,1,2026-07-31,poland_wig20_lag_1,108.49429819391786,108.49429819391786
ridge,5,1,2026-07-31,china_csi300_jiangxi_copper_lag_1,130.70932638006076,130.70932638006076
ridge,5,1,2026-07-31,nickel_stock_ton_lag_1,98.79066591478272,98.79066591478272
ridge,5,1,2026-07-31,poland_wig20_lag_3,97.27702527596658,97.27702527596658
ridge,5,1,2026-07-31,indonesia_reer_lag_1,-120.47828025673175,120.47828025673175
elasticnet,5,1,2026-07-31,origin_copper_price_usd_per_ton,105.80486991175171,105.80486991175171
elasticnet,5,1,2026-07-31,origin_tin_cash_usd_per_ton,95.40425559213443,95.40425559213443
elasticnet,5,1,2026-07-31,origin_canada_tsx_composite_hudbay_minerals,102.00886451547157,102.00886451547157
elasticnet,5,1,2026-07-31,nickel_cash_usd_per_ton_lag_6,-58.41756356568148,58.41756356568148
elasticnet,5,1,2026-07-31,origin_china_csi300_jiangxi_copper,101.22459418636404,101.22459418636404
elasticnet,5,1,2026-07-31,india_call_money_rate_pct_change_12m,-52.13054034434699,52.13054034434699
elasticnet,5,1,2026-07-31,origin_south_korea_kospi,93.86952149136921,93.86952149136921
elasticnet,5,1,2026-07-31,poland_wig20_lag_1,87.93779504813705,87.93779504813705
elasticnet,5,1,2026-07-31,china_csi300_jiangxi_copper_lag_1,97.07067265344766,97.07067265344766
elasticnet,5,1,2026-07-31,nickel_stock_ton_lag_1,81.58645362102119,81.58645362102119
elasticnet,5,1,2026-07-31,poland_wig20_lag_3,82.70537762645777,82.70537762645777
elasticnet,5,1,2026-07-31,indonesia_reer_lag_1,-91.9965510341172,91.9965510341172
ridge,5,3,2025-01-31,origin_south_korea_kospi,129.3338419618643,129.3338419618643
ridge,5,3,2025-01-31,china_fixed_asset_investment_yoy_pct_pct_change_12m,24.39990492813684,24.39990492813684
ridge,5,3,2025-01-31,origin_china_csi300_jiangxi_copper,102.0090254689746,102.0090254689746
ridge,5,3,2025-01-31,south_korea_kospi_lag_1,104.17045138801437,104.17045138801437
ridge,5,3,2025-01-31,g20_composite_leading_indicator_lag_1,86.54172018585244,86.54172018585244
ridge,5,3,2025-01-31,origin_canada_tsx_composite_hudbay_minerals,117.91902144798675,117.91902144798675
ridge,5,3,2025-01-31,usa_nasdaq_composite_lag_1,133.29956963293014,133.29956963293014
ridge,5,3,2025-01-31,china_csi300_jiangxi_copper_lag_1,65.0770754343476,65.0770754343476
ridge,5,3,2025-01-31,g20_composite_leading_indicator_lag_3,61.84954525363673,61.84954525363673
ridge,5,3,2025-01-31,india_nifty50_pct_change_12m,28.610846257335215,28.610846257335215
ridge,5,3,2025-01-31,zinc_stock_ton_lag_6,57.90192282261236,57.90192282261236
elasticnet,5,3,2025-01-31,origin_south_korea_kospi,110.60085298304922,110.60085298304922
elasticnet,5,3,2025-01-31,china_fixed_asset_investment_yoy_pct_pct_change_12m,25.033752447990153,25.033752447990153
elasticnet,5,3,2025-01-31,origin_china_csi300_jiangxi_copper,92.33934267540451,92.33934267540451
elasticnet,5,3,2025-01-31,south_korea_kospi_lag_1,93.30558343333406,93.30558343333406
elasticnet,5,3,2025-01-31,g20_composite_leading_indicator_lag_1,78.43989128097076,78.43989128097076
elasticnet,5,3,2025-01-31,origin_canada_tsx_composite_hudbay_minerals,102.7195005841612,102.7195005841612
elasticnet,5,3,2025-01-31,usa_nasdaq_composite_lag_1,113.18135459520819,113.18135459520819
elasticnet,5,3,2025-01-31,china_csi300_jiangxi_copper_lag_1,66.16301822177994,66.16301822177994
elasticnet,5,3,2025-01-31,g20_composite_leading_indicator_lag_3,57.3804878350724,57.3804878350724
elasticnet,5,3,2025-01-31,india_nifty50_pct_change_12m,38.304487728188946,38.304487728188946
elasticnet,5,3,2025-01-31,zinc_stock_ton_lag_6,57.27350726273247,57.27350726273247
ridge,5,3,2025-02-28,china_fixed_asset_investment_yoy_pct_pct_change_12m,28.63879007774255,28.63879007774255
ridge,5,3,2025-02-28,origin_south_korea_kospi,116.27074465150486,116.27074465150486
ridge,5,3,2025-02-28,origin_china_csi300_jiangxi_copper,100.49608188961541,100.49608188961541
ridge,5,3,2025-02-28,south_korea_kospi_lag_1,89.76253052526432,89.76253052526432
ridge,5,3,2025-02-28,g20_composite_leading_indicator_lag_1,100.13846466597259,100.13846466597259
ridge,5,3,2025-02-28,origin_canada_tsx_composite_hudbay_minerals,112.82797716883906,112.82797716883906
ridge,5,3,2025-02-28,india_nifty50_pct_change_12m,37.04537299041725,37.04537299041725
ridge,5,3,2025-02-28,g20_composite_leading_indicator_lag_3,72.69357095018147,72.69357095018147
ridge,5,3,2025-02-28,usa_nasdaq_composite_lag_1,113.37872448341268,113.37872448341268
ridge,5,3,2025-02-28,china_csi300_jiangxi_copper_lag_1,56.80745352335527,56.80745352335527
ridge,5,3,2025-02-28,baltic_dry_index_pct_change_12m,48.554533739846875,48.554533739846875
elasticnet,5,3,2025-02-28,china_fixed_asset_investment_yoy_pct_pct_change_12m,27.993276485929815,27.993276485929815
elasticnet,5,3,2025-02-28,origin_south_korea_kospi,100.48284498954887,100.48284498954887
elasticnet,5,3,2025-02-28,origin_china_csi300_jiangxi_copper,90.42551810431742,90.42551810431742
elasticnet,5,3,2025-02-28,south_korea_kospi_lag_1,82.45953071799957,82.45953071799957
elasticnet,5,3,2025-02-28,g20_composite_leading_indicator_lag_1,87.97490076055522,87.97490076055522
elasticnet,5,3,2025-02-28,origin_canada_tsx_composite_hudbay_minerals,97.60464082536541,97.60464082536541
elasticnet,5,3,2025-02-28,india_nifty50_pct_change_12m,44.088842764243374,44.088842764243374
elasticnet,5,3,2025-02-28,g20_composite_leading_indicator_lag_3,65.27681464301278,65.27681464301278
elasticnet,5,3,2025-02-28,usa_nasdaq_composite_lag_1,97.79064520000234,97.79064520000234
elasticnet,5,3,2025-02-28,china_csi300_jiangxi_copper_lag_1,59.59529758949013,59.59529758949013
elasticnet,5,3,2025-02-28,baltic_dry_index_pct_change_12m,46.11452857818944,46.11452857818944
ridge,5,3,2025-03-31,china_fixed_asset_investment_yoy_pct_pct_change_12m,29.220924767628976,29.220924767628976
ridge,5,3,2025-03-31,origin_china_csi300_jiangxi_copper,86.82257773351724,86.82257773351724
ridge,5,3,2025-03-31,origin_south_korea_kospi,101.54918712440167,101.54918712440167
ridge,5,3,2025-03-31,g20_composite_leading_indicator_lag_1,102.97558211096216,102.97558211096216
ridge,5,3,2025-03-31,india_nifty50_pct_change_12m,51.16370120700093,51.16370120700093
ridge,5,3,2025-03-31,south_korea_kospi_lag_1,76.61316897243371,76.61316897243371
ridge,5,3,2025-03-31,origin_canada_tsx_composite_hudbay_minerals,96.84006843493334,96.84006843493334
ridge,5,3,2025-03-31,g20_composite_leading_indicator_lag_3,80.29551110467169,80.29551110467169
ridge,5,3,2025-03-31,usa_nasdaq_composite_lag_1,96.57421990587996,96.57421990587996
ridge,5,3,2025-03-31,china_csi300_jiangxi_copper_lag_1,57.11686537289294,57.11686537289294
ridge,5,3,2025-03-31,zinc_stock_ton_lag_6,55.54372155745746,55.54372155745746
elasticnet,5,3,2025-03-31,china_fixed_asset_investment_yoy_pct_pct_change_12m,28.069120726106544,28.069120726106544
elasticnet,5,3,2025-03-31,origin_china_csi300_jiangxi_copper,79.2435821877873,79.2435821877873
elasticnet,5,3,2025-03-31,origin_south_korea_kospi,88.43724499747071,88.43724499747071
elasticnet,5,3,2025-03-31,g20_composite_leading_indicator_lag_1,89.11274653193914,89.11274653193914
elasticnet,5,3,2025-03-31,india_nifty50_pct_change_12m,53.12497074687957,53.12497074687957
elasticnet,5,3,2025-03-31,south_korea_kospi_lag_1,71.86637090880447,71.86637090880447
elasticnet,5,3,2025-03-31,origin_canada_tsx_composite_hudbay_minerals,84.44991027012388,84.44991027012388
elasticnet,5,3,2025-03-31,g20_composite_leading_indicator_lag_3,70.59396946534197,70.59396946534197
elasticnet,5,3,2025-03-31,usa_nasdaq_composite_lag_1,84.12522567816478,84.12522567816478
elasticnet,5,3,2025-03-31,china_csi300_jiangxi_copper_lag_1,58.469704233368624,58.469704233368624
elasticnet,5,3,2025-03-31,zinc_stock_ton_lag_6,53.73530936060761,53.73530936060761
ridge,5,3,2025-04-30,china_fixed_asset_investment_yoy_pct_pct_change_12m,12.273785654365827,12.273785654365827
ridge,5,3,2025-04-30,origin_china_csi300_jiangxi_copper,114.66108004440402,114.66108004440402
ridge,5,3,2025-04-30,india_nifty50_pct_change_12m,49.88941804864829,49.88941804864829
ridge,5,3,2025-04-30,g20_composite_leading_indicator_lag_1,164.86925157286723,164.86925157286723
ridge,5,3,2025-04-30,origin_south_korea_kospi,124.90554491252297,124.90554491252297
ridge,5,3,2025-04-30,usa_dow_jones_pct_change_12m,18.51675325477506,18.51675325477506
ridge,5,3,2025-04-30,g20_composite_leading_indicator_lag_3,182.6606480742779,182.6606480742779
ridge,5,3,2025-04-30,usd_inr_pct_change_12m,-0.7622154025461673,0.7622154025461673
ridge,5,3,2025-04-30,south_korea_kospi_lag_1,93.9221492245031,93.9221492245031
ridge,5,3,2025-04-30,china_csi300_jiangxi_copper_lag_1,-44.22746109763467,44.22746109763467
ridge,5,3,2025-04-30,origin_canada_tsx_composite_hudbay_minerals,214.63040505821365,214.63040505821365
elasticnet,5,3,2025-04-30,china_fixed_asset_investment_yoy_pct_pct_change_12m,11.209503068632417,11.209503068632417
elasticnet,5,3,2025-04-30,origin_china_csi300_jiangxi_copper,99.60171608627552,99.60171608627552
elasticnet,5,3,2025-04-30,india_nifty50_pct_change_12m,55.36207001460974,55.36207001460974
elasticnet,5,3,2025-04-30,g20_composite_leading_indicator_lag_1,141.96325178205035,141.96325178205035
elasticnet,5,3,2025-04-30,origin_south_korea_kospi,96.15555019916813,96.15555019916813
elasticnet,5,3,2025-04-30,usa_dow_jones_pct_change_12m,28.135956792334184,28.135956792334184
elasticnet,5,3,2025-04-30,g20_composite_leading_indicator_lag_3,143.9761982459518,143.9761982459518
elasticnet,5,3,2025-04-30,usd_inr_pct_change_12m,-31.62919821861292,31.62919821861292
elasticnet,5,3,2025-04-30,south_korea_kospi_lag_1,84.06003055188911,84.06003055188911
elasticnet,5,3,2025-04-30,china_csi300_jiangxi_copper_lag_1,29.200392940525106,29.200392940525106
elasticnet,5,3,2025-04-30,origin_canada_tsx_composite_hudbay_minerals,155.24228987272562,155.24228987272562
ridge,5,3,2025-05-31,china_fixed_asset_investment_yoy_pct_pct_change_12m,-49.2022325959015,49.2022325959015
ridge,5,3,2025-05-31,origin_china_csi300_jiangxi_copper,322.25278681183084,322.25278681183084
ridge,5,3,2025-05-31,g20_composite_leading_indicator_lag_1,223.03909930162922,223.03909930162922
ridge,5,3,2025-05-31,india_nifty50_pct_change_12m,-37.08762228855153,37.08762228855153
ridge,5,3,2025-05-31,usa_sp500_pct_change_12m,189.28056562972134,189.28056562972134
ridge,5,3,2025-05-31,origin_south_korea_kospi,-31.569340160923844,31.569340160923844
ridge,5,3,2025-05-31,g20_composite_leading_indicator_lag_3,359.28799511235417,359.28799511235417
ridge,5,3,2025-05-31,china_fixed_asset_investment_yoy_pct_lag_12,-155.02090407343405,155.02090407343405
ridge,5,3,2025-05-31,usd_inr_pct_change_12m,150.77009868702137,150.77009868702137
ridge,5,3,2025-05-31,zinc_stock_ton_lag_6,213.129376964536,213.129376964536
ridge,5,3,2025-05-31,china_csi300_jiangxi_copper_lag_1,-183.74497211514637,183.74497211514637
elasticnet,5,3,2025-05-31,china_fixed_asset_investment_yoy_pct_pct_change_12m,-40.435665100857605,40.435665100857605
elasticnet,5,3,2025-05-31,origin_china_csi300_jiangxi_copper,210.97833284816497,210.97833284816497
elasticnet,5,3,2025-05-31,g20_composite_leading_indicator_lag_1,195.69393628355817,195.69393628355817
elasticnet,5,3,2025-05-31,india_nifty50_pct_change_12m,-7.6104078351566224,7.6104078351566224
elasticnet,5,3,2025-05-31,usa_sp500_pct_change_12m,66.07255324544307,66.07255324544307
elasticnet,5,3,2025-05-31,origin_south_korea_kospi,5.782789462161485,5.782789462161485
elasticnet,5,3,2025-05-31,g20_composite_leading_indicator_lag_3,270.94407695093537,270.94407695093537
elasticnet,5,3,2025-05-31,china_fixed_asset_investment_yoy_pct_lag_12,-138.24409687313113,138.24409687313113
elasticnet,5,3,2025-05-31,usd_inr_pct_change_12m,18.95331928774374,18.95331928774374
elasticnet,5,3,2025-05-31,zinc_stock_ton_lag_6,174.3144609393899,174.3144609393899
elasticnet,5,3,2025-05-31,china_csi300_jiangxi_copper_lag_1,-38.60790563589727,38.60790563589727
ridge,5,3,2025-06-30,china_fixed_asset_investment_yoy_pct_pct_change_12m,-17.557335406889134,17.557335406889134
ridge,5,3,2025-06-30,origin_china_csi300_jiangxi_copper,139.83427999945528,139.83427999945528
ridge,5,3,2025-06-30,g20_composite_leading_indicator_lag_1,109.50973048044725,109.50973048044725
ridge,5,3,2025-06-30,usa_sp500_pct_change_12m,-26.90563054867458,26.90563054867458
ridge,5,3,2025-06-30,china_fixed_asset_investment_yoy_pct_lag_12,-133.7661756675879,133.7661756675879
ridge,5,3,2025-06-30,zinc_stock_ton_lag_6,107.85011537339476,107.85011537339476
ridge,5,3,2025-06-30,g20_composite_leading_indicator_lag_3,202.00194481400698,202.00194481400698
ridge,5,3,2025-06-30,origin_south_korea_kospi,100.68955065626307,100.68955065626307
ridge,5,3,2025-06-30,india_nifty50_pct_change_12m,8.517012829430127,8.517012829430127
ridge,5,3,2025-06-30,china_csi300_jiangxi_copper_lag_1,-47.93710023836154,47.93710023836154
ridge,5,3,2025-06-30,usa_nasdaq_composite_lag_1,204.66220339558237,204.66220339558237
elasticnet,5,3,2025-06-30,china_fixed_asset_investment_yoy_pct_pct_change_12m,1.379302597641518,1.379302597641518
elasticnet,5,3,2025-06-30,origin_china_csi300_jiangxi_copper,88.02316860371599,88.02316860371599
elasticnet,5,3,2025-06-30,g20_composite_leading_indicator_lag_1,94.03414405158314,94.03414405158314
elasticnet,5,3,2025-06-30,usa_sp500_pct_change_12m,28.417190957642312,28.417190957642312
elasticnet,5,3,2025-06-30,china_fixed_asset_investment_yoy_pct_lag_12,-72.98792961344246,72.98792961344246
elasticnet,5,3,2025-06-30,zinc_stock_ton_lag_6,79.60083333106839,79.60083333106839
elasticnet,5,3,2025-06-30,g20_composite_leading_indicator_lag_3,123.17557232167033,123.17557232167033
elasticnet,5,3,2025-06-30,origin_south_korea_kospi,66.37582818173153,66.37582818173153
elasticnet,5,3,2025-06-30,india_nifty50_pct_change_12m,41.416875980425175,41.416875980425175
elasticnet,5,3,2025-06-30,china_csi300_jiangxi_copper_lag_1,44.6727884256755,44.6727884256755
elasticnet,5,3,2025-06-30,usa_nasdaq_composite_lag_1,115.55989150603739,115.55989150603739
ridge,5,3,2025-07-31,china_fixed_asset_investment_yoy_pct_pct_change_12m,19.018732164795473,19.018732164795473
ridge,5,3,2025-07-31,origin_china_csi300_jiangxi_copper,69.24307688411142,69.24307688411142
ridge,5,3,2025-07-31,china_fixed_asset_investment_yoy_pct_lag_12,-67.2366228349964,67.2366228349964
ridge,5,3,2025-07-31,g20_composite_leading_indicator_lag_1,85.3273984941821,85.3273984941821
ridge,5,3,2025-07-31,zinc_stock_ton_lag_6,67.4701687946316,67.4701687946316
ridge,5,3,2025-07-31,usa_sp500_pct_change_12m,31.77521405791932,31.77521405791932
ridge,5,3,2025-07-31,g20_composite_leading_indicator_lag_3,94.04431273133007,94.04431273133007
ridge,5,3,2025-07-31,origin_poland_wig20,66.95661579324697,66.95661579324697
ridge,5,3,2025-07-31,china_csi300_jiangxi_copper_lag_1,46.45186494038518,46.45186494038518
ridge,5,3,2025-07-31,usa_nasdaq_composite_lag_1,64.77390604710205,64.77390604710205
ridge,5,3,2025-07-31,origin_canada_tsx_composite_hudbay_minerals,60.04541321922457,60.04541321922457
elasticnet,5,3,2025-07-31,china_fixed_asset_investment_yoy_pct_pct_change_12m,18.32480884641566,18.32480884641566
elasticnet,5,3,2025-07-31,origin_china_csi300_jiangxi_copper,62.95791974160038,62.95791974160038
elasticnet,5,3,2025-07-31,china_fixed_asset_investment_yoy_pct_lag_12,-53.21125885126918,53.21125885126918
elasticnet,5,3,2025-07-31,g20_composite_leading_indicator_lag_1,74.17524709958245,74.17524709958245
elasticnet,5,3,2025-07-31,zinc_stock_ton_lag_6,59.78616887099094,59.78616887099094
elasticnet,5,3,2025-07-31,usa_sp500_pct_change_12m,34.403211523138914,34.403211523138914
elasticnet,5,3,2025-07-31,g20_composite_leading_indicator_lag_3,78.31082160947915,78.31082160947915
elasticnet,5,3,2025-07-31,origin_poland_wig20,58.56128235510053,58.56128235510053
elasticnet,5,3,2025-07-31,china_csi300_jiangxi_copper_lag_1,47.08855541922047,47.08855541922047
elasticnet,5,3,2025-07-31,usa_nasdaq_composite_lag_1,57.174012417889074,57.174012417889074
elasticnet,5,3,2025-07-31,origin_canada_tsx_composite_hudbay_minerals,53.95612220491769,53.95612220491769
ridge,5,3,2025-08-31,ecb_policy_rate_pct_change_3m,-24.216666719019315,24.216666719019315
ridge,5,3,2025-08-31,china_fixed_asset_investment_yoy_pct_pct_change_12m,10.913842555863688,10.913842555863688
ridge,5,3,2025-08-31,origin_china_csi300_jiangxi_copper,69.10780575018465,69.10780575018465
ridge,5,3,2025-08-31,china_fixed_asset_investment_yoy_pct_lag_12,-61.52397541411545,61.52397541411545
ridge,5,3,2025-08-31,zinc_stock_ton_lag_6,84.63650739479323,84.63650739479323
ridge,5,3,2025-08-31,g20_composite_leading_indicator_lag_1,60.23882044448795,60.23882044448795
ridge,5,3,2025-08-31,fed_interest_rate_pct_change_3m,-86.04285401386522,86.04285401386522
ridge,5,3,2025-08-31,g20_composite_leading_indicator_lag_3,84.42703166736125,84.42703166736125
ridge,5,3,2025-08-31,origin_poland_wig20,79.82350898744303,79.82350898744303
ridge,5,3,2025-08-31,usa_dow_jones_pct_change_12m,35.59485839397423,35.59485839397423
ridge,5,3,2025-08-31,china_csi300_jiangxi_copper_lag_1,41.51472113094322,41.51472113094322
elasticnet,5,3,2025-08-31,ecb_policy_rate_pct_change_3m,-21.07619372161519,21.07619372161519
elasticnet,5,3,2025-08-31,china_fixed_asset_investment_yoy_pct_pct_change_12m,12.16635946811586,12.16635946811586
elasticnet,5,3,2025-08-31,origin_china_csi300_jiangxi_copper,62.330151835098775,62.330151835098775
elasticnet,5,3,2025-08-31,china_fixed_asset_investment_yoy_pct_lag_12,-49.75238082915922,49.75238082915922
elasticnet,5,3,2025-08-31,zinc_stock_ton_lag_6,70.47736464637876,70.47736464637876
elasticnet,5,3,2025-08-31,g20_composite_leading_indicator_lag_1,55.71845699922727,55.71845699922727
elasticnet,5,3,2025-08-31,fed_interest_rate_pct_change_3m,-68.62906228346698,68.62906228346698
elasticnet,5,3,2025-08-31,g20_composite_leading_indicator_lag_3,69.61440192666655,69.61440192666655
elasticnet,5,3,2025-08-31,origin_poland_wig20,68.09740040291041,68.09740040291041
elasticnet,5,3,2025-08-31,usa_dow_jones_pct_change_12m,38.02199683212944,38.02199683212944
elasticnet,5,3,2025-08-31,china_csi300_jiangxi_copper_lag_1,42.71786498656583,42.71786498656583
ridge,5,3,2025-09-30,ecb_policy_rate_pct_change_3m,-20.790153673429206,20.790153673429206
ridge,5,3,2025-09-30,china_fixed_asset_investment_yoy_pct_pct_change_12m,13.74842851110918,13.74842851110918
ridge,5,3,2025-09-30,china_fixed_asset_investment_yoy_pct_lag_12,-56.063567817274865,56.063567817274865
ridge,5,3,2025-09-30,origin_china_csi300_jiangxi_copper,65.16043642485486,65.16043642485486
ridge,5,3,2025-09-30,zinc_stock_ton_lag_6,70.97167941077791,70.97167941077791
ridge,5,3,2025-09-30,origin_poland_wig20,72.46117300330663,72.46117300330663
ridge,5,3,2025-09-30,g20_composite_leading_indicator_lag_1,52.86093606087153,52.86093606087153
ridge,5,3,2025-09-30,natural_gas_usd_lag_12,-62.528106708949494,62.528106708949494
ridge,5,3,2025-09-30,fed_interest_rate_pct_change_3m,-90.02589891509847,90.02589891509847
ridge,5,3,2025-09-30,g20_composite_leading_indicator_lag_3,65.3482820368947,65.3482820368947
ridge,5,3,2025-09-30,drc_policy_rate_lag_6,68.61353907052421,68.61353907052421
elasticnet,5,3,2025-09-30,ecb_policy_rate_pct_change_3m,-19.65813359566847,19.65813359566847
elasticnet,5,3,2025-09-30,china_fixed_asset_investment_yoy_pct_pct_change_12m,13.89949160157721,13.89949160157721
elasticnet,5,3,2025-09-30,china_fixed_asset_investment_yoy_pct_lag_12,-46.75465858835306,46.75465858835306
elasticnet,5,3,2025-09-30,origin_china_csi300_jiangxi_copper,59.841582155244225,59.841582155244225
elasticnet,5,3,2025-09-30,zinc_stock_ton_lag_6,61.749691971923994,61.749691971923994
elasticnet,5,3,2025-09-30,origin_poland_wig20,63.84069897916972,63.84069897916972
elasticnet,5,3,2025-09-30,g20_composite_leading_indicator_lag_1,49.60005073305804,49.60005073305804
elasticnet,5,3,2025-09-30,natural_gas_usd_lag_12,-54.12377695894666,54.12377695894666
elasticnet,5,3,2025-09-30,fed_interest_rate_pct_change_3m,-72.0819626232739,72.0819626232739
elasticnet,5,3,2025-09-30,g20_composite_leading_indicator_lag_3,55.888926561391585,55.888926561391585
elasticnet,5,3,2025-09-30,drc_policy_rate_lag_6,60.39883147597869,60.39883147597869
ridge,5,3,2025-10-31,ecb_policy_rate_pct_change_3m,8.881670174831742,8.881670174831742
ridge,5,3,2025-10-31,china_fixed_asset_investment_yoy_pct_lag_12,-106.30998684468265,106.30998684468265
ridge,5,3,2025-10-31,china_fixed_asset_investment_yoy_pct_pct_change_12m,7.03223127494784,7.03223127494784
ridge,5,3,2025-10-31,origin_china_csi300_jiangxi_copper,119.02229199817249,119.02229199817249
ridge,5,3,2025-10-31,natural_gas_usd_lag_12,25.513304485488035,25.513304485488035
ridge,5,3,2025-10-31,origin_poland_wig20,155.00845592072022,155.00845592072022
ridge,5,3,2025-10-31,peru_diesel_price_index_lag_6,-80.53274564281564,80.53274564281564
ridge,5,3,2025-10-31,zinc_stock_ton_lag_6,76.48922947842067,76.48922947842067
ridge,5,3,2025-10-31,peru_industrial_electricity_tariff_index_lag_6,-181.51785075153634,181.51785075153634
ridge,5,3,2025-10-31,poland_wig20_lag_1,90.82251492777684,90.82251492777684
ridge,5,3,2025-10-31,g20_composite_leading_indicator_lag_1,23.15653614467486,23.15653614467486
elasticnet,5,3,2025-10-31,ecb_policy_rate_pct_change_3m,-12.09368104436207,12.09368104436207
elasticnet,5,3,2025-10-31,china_fixed_asset_investment_yoy_pct_lag_12,-69.75378393342912,69.75378393342912
elasticnet,5,3,2025-10-31,china_fixed_asset_investment_yoy_pct_pct_change_12m,9.445005756032113,9.445005756032113
elasticnet,5,3,2025-10-31,origin_china_csi300_jiangxi_copper,85.76390975542344,85.76390975542344
elasticnet,5,3,2025-10-31,natural_gas_usd_lag_12,-40.65898255338441,40.65898255338441
elasticnet,5,3,2025-10-31,origin_poland_wig20,103.65896644028815,103.65896644028815
elasticnet,5,3,2025-10-31,peru_diesel_price_index_lag_6,-63.35099036941721,63.35099036941721
elasticnet,5,3,2025-10-31,zinc_stock_ton_lag_6,57.60050696434238,57.60050696434238
elasticnet,5,3,2025-10-31,peru_industrial_electricity_tariff_index_lag_6,-102.67003462671423,102.67003462671423
elasticnet,5,3,2025-10-31,poland_wig20_lag_1,85.0035948569721,85.0035948569721
elasticnet,5,3,2025-10-31,g20_composite_leading_indicator_lag_1,44.694533008473066,44.694533008473066
ridge,5,3,2025-11-30,ecb_policy_rate_pct_change_3m,-28.04096715530927,28.04096715530927
ridge,5,3,2025-11-30,peru_industrial_electricity_tariff_index_lag_6,-85.77511353916775,85.77511353916775
ridge,5,3,2025-11-30,natural_gas_usd_lag_12,-51.31084829126314,51.31084829126314
ridge,5,3,2025-11-30,nickel_cash_usd_per_ton_lag_3,-95.04099600628537,95.04099600628537
ridge,5,3,2025-11-30,china_fixed_asset_investment_yoy_pct_lag_12,-38.08607386257223,38.08607386257223
ridge,5,3,2025-11-30,turkey_ppi_motor_vehicles_index_pct_change_12m,-61.9932389826552,61.9932389826552
ridge,5,3,2025-11-30,peru_diesel_price_index_lag_6,-33.57418217529471,33.57418217529471
ridge,5,3,2025-11-30,us_10y_2y_spread_pct_change_12m,46.61161816114363,46.61161816114363
ridge,5,3,2025-11-30,origin_china_csi300_jiangxi_copper,85.39628807162715,85.39628807162715
ridge,5,3,2025-11-30,nickel_stock_ton_lag_1,27.311078682213676,27.311078682213676
ridge,5,3,2025-11-30,uk_ftse100_glencore_lag_1,-31.251865863560372,31.251865863560372
elasticnet,5,3,2025-11-30,ecb_policy_rate_pct_change_3m,-20.910566886247405,20.910566886247405
elasticnet,5,3,2025-11-30,peru_industrial_electricity_tariff_index_lag_6,-51.308879719910685,51.308879719910685
elasticnet,5,3,2025-11-30,natural_gas_usd_lag_12,-38.26896811050798,38.26896811050798
elasticnet,5,3,2025-11-30,nickel_cash_usd_per_ton_lag_3,-55.77102654226597,55.77102654226597
elasticnet,5,3,2025-11-30,china_fixed_asset_investment_yoy_pct_lag_12,-26.08154661585661,26.08154661585661
elasticnet,5,3,2025-11-30,turkey_ppi_motor_vehicles_index_pct_change_12m,-41.667920925556366,41.667920925556366
elasticnet,5,3,2025-11-30,peru_diesel_price_index_lag_6,-31.777755256847872,31.777755256847872
elasticnet,5,3,2025-11-30,us_10y_2y_spread_pct_change_12m,37.94563858988799,37.94563858988799
elasticnet,5,3,2025-11-30,origin_china_csi300_jiangxi_copper,49.43522469173271,49.43522469173271
elasticnet,5,3,2025-11-30,nickel_stock_ton_lag_1,30.61962877034302,30.61962877034302
elasticnet,5,3,2025-11-30,uk_ftse100_glencore_lag_1,-30.475452662099862,30.475452662099862
ridge,5,3,2025-12-31,ecb_policy_rate_pct_change_3m,16.36908994130436,16.36908994130436
ridge,5,3,2025-12-31,peru_industrial_electricity_tariff_index_lag_6,-194.93504781979954,194.93504781979954
ridge,5,3,2025-12-31,nickel_cash_usd_per_ton_lag_3,-210.14915857772917,210.14915857772917
ridge,5,3,2025-12-31,us_10y_2y_spread_pct_change_12m,156.76356703084898,156.76356703084898
ridge,5,3,2025-12-31,uk_ftse100_glencore_lag_1,-65.6699444424948,65.6699444424948
ridge,5,3,2025-12-31,germany_manufacturing_order_books_lag_12,-62.589364836546196,62.589364836546196
ridge,5,3,2025-12-31,turkey_ppi_motor_vehicles_index_pct_change_12m,-110.57649515033488,110.57649515033488
ridge,5,3,2025-12-31,peru_diesel_price_index_lag_6,68.40218613758935,68.40218613758935
ridge,5,3,2025-12-31,origin_uk_ftse100_glencore,-38.85368992022256,38.85368992022256
ridge,5,3,2025-12-31,nickel_stock_ton_lag_1,-25.18247432333769,25.18247432333769
ridge,5,3,2025-12-31,natural_gas_usd_lag_12,-6.497250942629613,6.497250942629613
elasticnet,5,3,2025-12-31,ecb_policy_rate_pct_change_3m,9.063023469328307,9.063023469328307
elasticnet,5,3,2025-12-31,peru_industrial_electricity_tariff_index_lag_6,-182.99459781354918,182.99459781354918
elasticnet,5,3,2025-12-31,nickel_cash_usd_per_ton_lag_3,-195.41230839902155,195.41230839902155
elasticnet,5,3,2025-12-31,us_10y_2y_spread_pct_change_12m,139.09427547825157,139.09427547825157
elasticnet,5,3,2025-12-31,uk_ftse100_glencore_lag_1,-58.109223066373005,58.109223066373005
elasticnet,5,3,2025-12-31,germany_manufacturing_order_books_lag_12,-63.83505674620836,63.83505674620836
elasticnet,5,3,2025-12-31,turkey_ppi_motor_vehicles_index_pct_change_12m,-102.37076502989406,102.37076502989406
elasticnet,5,3,2025-12-31,peru_diesel_price_index_lag_6,47.710797150692514,47.710797150692514
elasticnet,5,3,2025-12-31,origin_uk_ftse100_glencore,-40.35790698836072,40.35790698836072
elasticnet,5,3,2025-12-31,nickel_stock_ton_lag_1,-10.060182405636146,10.060182405636146
elasticnet,5,3,2025-12-31,natural_gas_usd_lag_12,-13.808152699903653,13.808152699903653
ridge,5,3,2026-01-31,nickel_cash_usd_per_ton_lag_3,-110.54908158673118,110.54908158673118
ridge,5,3,2026-01-31,peru_industrial_electricity_tariff_index_lag_6,-120.32847821457196,120.32847821457196
ridge,5,3,2026-01-31,fed_interest_rate_pct_change_12m,3.1736889089008615,3.1736889089008615
ridge,5,3,2026-01-31,us_10y_2y_spread_pct_change_12m,103.15740148892304,103.15740148892304
ridge,5,3,2026-01-31,ecb_policy_rate_pct_change_3m,-10.253487024381547,10.253487024381547
ridge,5,3,2026-01-31,uk_ftse100_glencore_lag_1,-69.65620283633129,69.65620283633129
ridge,5,3,2026-01-31,peru_diesel_price_index_lag_6,-29.09884181498785,29.09884181498785
ridge,5,3,2026-01-31,germany_manufacturing_order_books_lag_12,-74.66410367692166,74.66410367692166
ridge,5,3,2026-01-31,origin_uk_ftse100_glencore,-48.07190250282023,48.07190250282023
ridge,5,3,2026-01-31,nickel_stock_ton_lag_1,55.896069056912964,55.896069056912964
ridge,5,3,2026-01-31,turkey_ppi_motor_vehicles_index_pct_change_12m,-68.37996838052575,68.37996838052575
elasticnet,5,3,2026-01-31,nickel_cash_usd_per_ton_lag_3,-47.01199672061897,47.01199672061897
elasticnet,5,3,2026-01-31,peru_industrial_electricity_tariff_index_lag_6,-48.86795242513041,48.86795242513041
elasticnet,5,3,2026-01-31,fed_interest_rate_pct_change_12m,-15.262141260193932,15.262141260193932
elasticnet,5,3,2026-01-31,us_10y_2y_spread_pct_change_12m,46.492469327653474,46.492469327653474
elasticnet,5,3,2026-01-31,ecb_policy_rate_pct_change_3m,-14.856245609533724,14.856245609533724
elasticnet,5,3,2026-01-31,uk_ftse100_glencore_lag_1,-38.586822059179994,38.586822059179994
elasticnet,5,3,2026-01-31,peru_diesel_price_index_lag_6,-29.85487224676907,29.85487224676907
elasticnet,5,3,2026-01-31,germany_manufacturing_order_books_lag_12,-41.558721348610085,41.558721348610085
elasticnet,5,3,2026-01-31,origin_uk_ftse100_glencore,-34.207260650103656,34.207260650103656
elasticnet,5,3,2026-01-31,nickel_stock_ton_lag_1,36.74779029678406,36.74779029678406
elasticnet,5,3,2026-01-31,turkey_ppi_motor_vehicles_index_pct_change_12m,-37.10364595845861,37.10364595845861
ridge,5,3,2026-02-28,nickel_cash_usd_per_ton_lag_3,-156.48584593950972,156.48584593950972
ridge,5,3,2026-02-28,peru_industrial_electricity_tariff_index_lag_6,-450.67276136635826,450.67276136635826
ridge,5,3,2026-02-28,fed_interest_rate_pct_change_12m,228.17675430632565,228.17675430632565
ridge,5,3,2026-02-28,us_10y_2y_spread_pct_change_12m,166.77363337081005,166.77363337081005
ridge,5,3,2026-02-28,uk_ftse100_glencore_lag_1,-150.30076583345684,150.30076583345684
ridge,5,3,2026-02-28,peru_diesel_price_index_lag_6,385.19366293585074,385.19366293585074
ridge,5,3,2026-02-28,nickel_stock_ton_lag_1,138.56299580027095,138.56299580027095
ridge,5,3,2026-02-28,germany_manufacturing_order_books_lag_12,-89.69630444043099,89.69630444043099
ridge,5,3,2026-02-28,origin_uk_ftse100_glencore,267.8648680353777,267.8648680353777
ridge,5,3,2026-02-28,uk_ftse100_glencore_lag_3,-423.88600412983584,423.88600412983584
ridge,5,3,2026-02-28,turkey_ppi_household_appliances_index_pct_change_12m,-215.08982697666372,215.08982697666372
elasticnet,5,3,2026-02-28,nickel_cash_usd_per_ton_lag_3,-197.82836873141878,197.82836873141878
elasticnet,5,3,2026-02-28,peru_industrial_electricity_tariff_index_lag_6,-373.41573082916597,373.41573082916597
elasticnet,5,3,2026-02-28,fed_interest_rate_pct_change_12m,189.9229959705333,189.9229959705333
elasticnet,5,3,2026-02-28,us_10y_2y_spread_pct_change_12m,167.92795850455653,167.92795850455653
elasticnet,5,3,2026-02-28,uk_ftse100_glencore_lag_1,-109.53559683033276,109.53559683033276
elasticnet,5,3,2026-02-28,peru_diesel_price_index_lag_6,278.0487569380941,278.0487569380941
elasticnet,5,3,2026-02-28,nickel_stock_ton_lag_1,124.01300770537694,124.01300770537694
elasticnet,5,3,2026-02-28,germany_manufacturing_order_books_lag_12,-93.21794162622898,93.21794162622898
elasticnet,5,3,2026-02-28,origin_uk_ftse100_glencore,127.70770477920263,127.70770477920263
elasticnet,5,3,2026-02-28,uk_ftse100_glencore_lag_3,-304.00518332053383,304.00518332053383
elasticnet,5,3,2026-02-28,turkey_ppi_household_appliances_index_pct_change_12m,-130.37595096537407,130.37595096537407
ridge,5,3,2026-03-31,nickel_cash_usd_per_ton_lag_3,-81.11009299605631,81.11009299605631
ridge,5,3,2026-03-31,peru_industrial_electricity_tariff_index_lag_6,-111.01053989337467,111.01053989337467
ridge,5,3,2026-03-31,fed_interest_rate_pct_change_12m,32.351772880518126,32.351772880518126
ridge,5,3,2026-03-31,us_10y_2y_spread_pct_change_12m,100.88552944193243,100.88552944193243
ridge,5,3,2026-03-31,germany_manufacturing_order_books_lag_12,-68.07255611249359,68.07255611249359
ridge,5,3,2026-03-31,origin_poland_wig20,135.79478641014921,135.79478641014921
ridge,5,3,2026-03-31,nickel_stock_ton_lag_1,93.17339318083546,93.17339318083546
ridge,5,3,2026-03-31,peru_diesel_price_index_lag_6,-48.93752176014084,48.93752176014084
ridge,5,3,2026-03-31,uk_ftse100_glencore_lag_1,-60.35290132601234,60.35290132601234
ridge,5,3,2026-03-31,nickel_cash_usd_per_ton_lag_1,-67.03795978326153,67.03795978326153
ridge,5,3,2026-03-31,usa_nasdaq_composite_lag_1,144.95597035696872,144.95597035696872
elasticnet,5,3,2026-03-31,nickel_cash_usd_per_ton_lag_3,-62.322326633804394,62.322326633804394
elasticnet,5,3,2026-03-31,peru_industrial_electricity_tariff_index_lag_6,-73.71177615541947,73.71177615541947
elasticnet,5,3,2026-03-31,fed_interest_rate_pct_change_12m,-7.817340189390204,7.817340189390204
elasticnet,5,3,2026-03-31,us_10y_2y_spread_pct_change_12m,69.5534967527061,69.5534967527061
elasticnet,5,3,2026-03-31,germany_manufacturing_order_books_lag_12,-58.97037757503665,58.97037757503665
elasticnet,5,3,2026-03-31,origin_poland_wig20,82.54391242083481,82.54391242083481
elasticnet,5,3,2026-03-31,nickel_stock_ton_lag_1,64.92381734608347,64.92381734608347
elasticnet,5,3,2026-03-31,peru_diesel_price_index_lag_6,-44.39105082961139,44.39105082961139
elasticnet,5,3,2026-03-31,uk_ftse100_glencore_lag_1,-50.89101130178673,50.89101130178673
elasticnet,5,3,2026-03-31,nickel_cash_usd_per_ton_lag_1,-54.595118975207896,54.595118975207896
elasticnet,5,3,2026-03-31,usa_nasdaq_composite_lag_1,86.35481810066771,86.35481810066771
ridge,5,3,2026-04-30,nickel_cash_usd_per_ton_lag_3,-83.31666621214085,83.31666621214085
ridge,5,3,2026-04-30,peru_industrial_electricity_tariff_index_lag_6,-117.0281336748857,117.0281336748857
ridge,5,3,2026-04-30,us_10y_2y_spread_pct_change_12m,109.77429046406094,109.77429046406094
ridge,5,3,2026-04-30,fed_interest_rate_pct_change_12m,31.844562473790443,31.844562473790443
ridge,5,3,2026-04-30,origin_poland_wig20,155.07266432495996,155.07266432495996
ridge,5,3,2026-04-30,germany_manufacturing_order_books_lag_12,-76.16631266497727,76.16631266497727
ridge,5,3,2026-04-30,nickel_stock_ton_lag_1,114.40905274378571,114.40905274378571
ridge,5,3,2026-04-30,peru_diesel_price_index_lag_6,-55.88047545849351,55.88047545849351
ridge,5,3,2026-04-30,nickel_cash_usd_per_ton_lag_1,-72.97936447909915,72.97936447909915
ridge,5,3,2026-04-30,usa_nasdaq_composite_lag_1,159.70889540300732,159.70889540300732
ridge,5,3,2026-04-30,nickel_cash_usd_per_ton_lag_6,-27.545812310856036,27.545812310856036
elasticnet,5,3,2026-04-30,nickel_cash_usd_per_ton_lag_3,-55.39344956610146,55.39344956610146
elasticnet,5,3,2026-04-30,peru_industrial_electricity_tariff_index_lag_6,-64.13912260657268,64.13912260657268
elasticnet,5,3,2026-04-30,us_10y_2y_spread_pct_change_12m,62.756904028407384,62.756904028407384
elasticnet,5,3,2026-04-30,fed_interest_rate_pct_change_12m,-13.660896503155394,13.660896503155394
elasticnet,5,3,2026-04-30,origin_poland_wig20,73.88230573755762,73.88230573755762
elasticnet,5,3,2026-04-30,germany_manufacturing_order_books_lag_12,-55.391521743195675,55.391521743195675
elasticnet,5,3,2026-04-30,nickel_stock_ton_lag_1,62.06966004986989,62.06966004986989
elasticnet,5,3,2026-04-30,peru_diesel_price_index_lag_6,-43.17311226671156,43.17311226671156
elasticnet,5,3,2026-04-30,nickel_cash_usd_per_ton_lag_1,-50.387527503284964,50.387527503284964
elasticnet,5,3,2026-04-30,usa_nasdaq_composite_lag_1,75.45090745627583,75.45090745627583
elasticnet,5,3,2026-04-30,nickel_cash_usd_per_ton_lag_6,-39.46796924988546,39.46796924988546
ridge,5,3,2026-05-31,nickel_cash_usd_per_ton_lag_3,-89.04955044543179,89.04955044543179
ridge,5,3,2026-05-31,peru_industrial_electricity_tariff_index_lag_6,-140.52683976152704,140.52683976152704
ridge,5,3,2026-05-31,origin_nickel_stock_ton,146.80503138270424,146.80503138270424
ridge,5,3,2026-05-31,fed_interest_rate_pct_change_12m,34.38836244158497,34.38836244158497
ridge,5,3,2026-05-31,origin_poland_wig20,178.6703403085972,178.6703403085972
ridge,5,3,2026-05-31,us_10y_2y_spread_pct_change_12m,92.55896327336366,92.55896327336366
ridge,5,3,2026-05-31,peru_diesel_price_index_lag_6,-66.91485233283709,66.91485233283709
ridge,5,3,2026-05-31,germany_manufacturing_order_books_lag_12,-85.48578792517856,85.48578792517856
ridge,5,3,2026-05-31,usa_nasdaq_composite_lag_1,174.9226730327342,174.9226730327342
ridge,5,3,2026-05-31,nickel_cash_usd_per_ton_lag_6,-27.274335023277306,27.274335023277306
ridge,5,3,2026-05-31,india_call_money_rate_pct_change_12m,-40.28152651606849,40.28152651606849
elasticnet,5,3,2026-05-31,nickel_cash_usd_per_ton_lag_3,-36.02840648445683,36.02840648445683
elasticnet,5,3,2026-05-31,peru_industrial_electricity_tariff_index_lag_6,-233.11584030515755,233.11584030515755
elasticnet,5,3,2026-05-31,origin_nickel_stock_ton,252.72118903624144,252.72118903624144
elasticnet,5,3,2026-05-31,fed_interest_rate_pct_change_12m,168.3895241815244,168.3895241815244
elasticnet,5,3,2026-05-31,origin_poland_wig20,407.8016043536268,407.8016043536268
elasticnet,5,3,2026-05-31,us_10y_2y_spread_pct_change_12m,88.740617970282,88.740617970282
elasticnet,5,3,2026-05-31,peru_diesel_price_index_lag_6,-100.4058181210232,100.4058181210232
elasticnet,5,3,2026-05-31,germany_manufacturing_order_books_lag_12,-41.76227273600766,41.76227273600766
elasticnet,5,3,2026-05-31,usa_nasdaq_composite_lag_1,341.80650109254435,341.80650109254435
elasticnet,5,3,2026-05-31,nickel_cash_usd_per_ton_lag_6,150.2243212271349,150.2243212271349
elasticnet,5,3,2026-05-31,india_call_money_rate_pct_change_12m,29.93291345423984,29.93291345423984
ridge,5,6,2025-01-31,g20_composite_leading_indicator_pct_change_12m,60.59306052837252,60.59306052837252
ridge,5,6,2025-01-31,china_fixed_asset_investment_yoy_pct_lag_12,-51.9290986477278,51.9290986477278
ridge,5,6,2025-01-31,global_container_import_pct_change_12m,92.45982542608908,92.45982542608908
ridge,5,6,2025-01-31,usa_nyse_mp_materials_lag_12,-58.83682538426246,58.83682538426246
ridge,5,6,2025-01-31,canada_tsx_composite_hudbay_minerals_pct_change_12m,47.89636364085092,47.89636364085092
ridge,5,6,2025-01-31,usd_krw_pct_change_12m,-62.18869146569746,62.18869146569746
ridge,5,6,2025-01-31,south_korea_kospi_pct_change_12m,36.91261581838099,36.91261581838099
ridge,5,6,2025-01-31,zinc_stock_ton_lag_3,83.02286178940972,83.02286178940972
ridge,5,6,2025-01-31,china_real_estate_investment_yoy_pct_pct_change_12m,-15.016572706654847,15.016572706654847
ridge,5,6,2025-01-31,g20_composite_leading_indicator_lag_1,109.134845492532,109.134845492532
ridge,5,6,2025-01-31,zinc_stock_ton_lag_1,79.50580260351418,79.50580260351418
elasticnet,5,6,2025-01-31,g20_composite_leading_indicator_pct_change_12m,36.010417041767916,36.010417041767916
elasticnet,5,6,2025-01-31,china_fixed_asset_investment_yoy_pct_lag_12,-25.2727026804898,25.2727026804898
elasticnet,5,6,2025-01-31,global_container_import_pct_change_12m,41.394059302076236,41.394059302076236
elasticnet,5,6,2025-01-31,usa_nyse_mp_materials_lag_12,-28.667276599203994,28.667276599203994
elasticnet,5,6,2025-01-31,canada_tsx_composite_hudbay_minerals_pct_change_12m,33.79360266840884,33.79360266840884
elasticnet,5,6,2025-01-31,usd_krw_pct_change_12m,-32.28530836278312,32.28530836278312
elasticnet,5,6,2025-01-31,south_korea_kospi_pct_change_12m,31.316011975334114,31.316011975334114
elasticnet,5,6,2025-01-31,zinc_stock_ton_lag_3,40.13448557257565,40.13448557257565
elasticnet,5,6,2025-01-31,china_real_estate_investment_yoy_pct_pct_change_12m,7.9971650505179275,7.9971650505179275
elasticnet,5,6,2025-01-31,g20_composite_leading_indicator_lag_1,41.9753865723888,41.9753865723888
elasticnet,5,6,2025-01-31,zinc_stock_ton_lag_1,39.66903678459527,39.66903678459527
ridge,5,6,2025-02-28,g20_composite_leading_indicator_pct_change_12m,81.11248208761246,81.11248208761246
ridge,5,6,2025-02-28,china_real_estate_investment_yoy_pct_pct_change_12m,-18.59825076369787,18.59825076369787
ridge,5,6,2025-02-28,china_fixed_asset_investment_yoy_pct_lag_12,-49.96959119335381,49.96959119335381
ridge,5,6,2025-02-28,global_container_import_pct_change_12m,109.21893418687694,109.21893418687694
ridge,5,6,2025-02-28,usa_nyse_mp_materials_lag_12,-67.14849277347078,67.14849277347078
ridge,5,6,2025-02-28,south_korea_kospi_pct_change_12m,43.12930643038832,43.12930643038832
ridge,5,6,2025-02-28,canada_tsx_composite_hudbay_minerals_pct_change_12m,51.74844851344366,51.74844851344366
ridge,5,6,2025-02-28,poland_wig20_kghm_pct_change_12m,37.45800033878212,37.45800033878212
ridge,5,6,2025-02-28,usd_gbp_pct_change_12m,27.666202804561294,27.666202804561294
ridge,5,6,2025-02-28,usd_krw_pct_change_12m,-57.35597340877137,57.35597340877137
ridge,5,6,2025-02-28,zinc_stock_ton_lag_3,88.12914511506223,88.12914511506223
elasticnet,5,6,2025-02-28,g20_composite_leading_indicator_pct_change_12m,37.41013095366518,37.41013095366518
elasticnet,5,6,2025-02-28,china_real_estate_investment_yoy_pct_pct_change_12m,7.363777132238692,7.363777132238692
elasticnet,5,6,2025-02-28,china_fixed_asset_investment_yoy_pct_lag_12,-24.995984919116637,24.995984919116637
elasticnet,5,6,2025-02-28,global_container_import_pct_change_12m,43.02142563875074,43.02142563875074
elasticnet,5,6,2025-02-28,usa_nyse_mp_materials_lag_12,-29.498045962214388,29.498045962214388
elasticnet,5,6,2025-02-28,south_korea_kospi_pct_change_12m,31.197540378998934,31.197540378998934
elasticnet,5,6,2025-02-28,canada_tsx_composite_hudbay_minerals_pct_change_12m,32.83340950696224,32.83340950696224
elasticnet,5,6,2025-02-28,poland_wig20_kghm_pct_change_12m,28.806795667097038,28.806795667097038
elasticnet,5,6,2025-02-28,usd_gbp_pct_change_12m,25.14441480954473,25.14441480954473
elasticnet,5,6,2025-02-28,usd_krw_pct_change_12m,-30.23091317541624,30.23091317541624
elasticnet,5,6,2025-02-28,zinc_stock_ton_lag_3,38.656884494662265,38.656884494662265
ridge,5,6,2025-03-31,g20_composite_leading_indicator_pct_change_12m,79.31267874340259,79.31267874340259
ridge,5,6,2025-03-31,china_real_estate_investment_yoy_pct_pct_change_12m,-20.27781431775043,20.27781431775043
ridge,5,6,2025-03-31,china_fixed_asset_investment_yoy_pct_lag_12,-48.35773460750427,48.35773460750427
ridge,5,6,2025-03-31,usa_nyse_mp_materials_lag_12,-84.29383816470599,84.29383816470599
ridge,5,6,2025-03-31,global_container_import_pct_change_12m,106.1645311719664,106.1645311719664
ridge,5,6,2025-03-31,poland_wig20_kghm_pct_change_12m,38.52952601669416,38.52952601669416
ridge,5,6,2025-03-31,south_korea_kospi_pct_change_12m,47.803342386780336,47.803342386780336
ridge,5,6,2025-03-31,usd_gbp_pct_change_12m,35.69144072243169,35.69144072243169
ridge,5,6,2025-03-31,usd_krw_pct_change_12m,-54.35770709456652,54.35770709456652
ridge,5,6,2025-03-31,canada_tsx_composite_hudbay_minerals_pct_change_12m,49.06208032055505,49.06208032055505
ridge,5,6,2025-03-31,usa_sp500_southern_copper_pct_change_12m,42.18303535865849,42.18303535865849
elasticnet,5,6,2025-03-31,g20_composite_leading_indicator_pct_change_12m,49.65063702976113,49.65063702976113
elasticnet,5,6,2025-03-31,china_real_estate_investment_yoy_pct_pct_change_12m,2.8715868315001907,2.8715868315001907
elasticnet,5,6,2025-03-31,china_fixed_asset_investment_yoy_pct_lag_12,-32.91756931559919,32.91756931559919
elasticnet,5,6,2025-03-31,usa_nyse_mp_materials_lag_12,-46.43628426622696,46.43628426622696
elasticnet,5,6,2025-03-31,global_container_import_pct_change_12m,59.482673178016924,59.482673178016924
elasticnet,5,6,2025-03-31,poland_wig20_kghm_pct_change_12m,34.88082706933212,34.88082706933212
elasticnet,5,6,2025-03-31,south_korea_kospi_pct_change_12m,39.644039762715195,39.644039762715195
elasticnet,5,6,2025-03-31,usd_gbp_pct_change_12m,32.94133129356586,32.94133129356586
elasticnet,5,6,2025-03-31,usd_krw_pct_change_12m,-38.83949827096553,38.83949827096553
elasticnet,5,6,2025-03-31,canada_tsx_composite_hudbay_minerals_pct_change_12m,39.51897117569782,39.51897117569782
elasticnet,5,6,2025-03-31,usa_sp500_southern_copper_pct_change_12m,37.0105419651563,37.0105419651563
ridge,5,6,2025-04-30,g20_composite_leading_indicator_pct_change_12m,72.60767994393545,72.60767994393545
ridge,5,6,2025-04-30,china_real_estate_investment_yoy_pct_pct_change_12m,-17.643182949866542,17.643182949866542
ridge,5,6,2025-04-30,china_fixed_asset_investment_yoy_pct_lag_12,-48.23192871317067,48.23192871317067
ridge,5,6,2025-04-30,usa_nyse_mp_materials_lag_12,-79.02513995388681,79.02513995388681
ridge,5,6,2025-04-30,poland_wig20_kghm_pct_change_12m,43.601607028050076,43.601607028050076
ridge,5,6,2025-04-30,global_container_import_pct_change_12m,95.99485179654417,95.99485179654417
ridge,5,6,2025-04-30,south_korea_kospi_pct_change_12m,45.38126550792381,45.38126550792381
ridge,5,6,2025-04-30,usd_krw_pct_change_12m,-50.22230800978846,50.22230800978846
ridge,5,6,2025-04-30,usa_nasdaq_composite_pct_change_12m,38.24158623153561,38.24158623153561
ridge,5,6,2025-04-30,usd_gbp_pct_change_12m,34.046508124525396,34.046508124525396
ridge,5,6,2025-04-30,japan_nikkei225_pct_change_12m,65.9930585511969,65.9930585511969
elasticnet,5,6,2025-04-30,g20_composite_leading_indicator_pct_change_12m,33.904446973367115,33.904446973367115
elasticnet,5,6,2025-04-30,china_real_estate_investment_yoy_pct_pct_change_12m,6.576489406445095,6.576489406445095
elasticnet,5,6,2025-04-30,china_fixed_asset_investment_yoy_pct_lag_12,-24.606615452943085,24.606615452943085
elasticnet,5,6,2025-04-30,usa_nyse_mp_materials_lag_12,-30.993453101063523,30.993453101063523
elasticnet,5,6,2025-04-30,poland_wig20_kghm_pct_change_12m,28.302151100072006,28.302151100072006
elasticnet,5,6,2025-04-30,global_container_import_pct_change_12m,38.54457063508155,38.54457063508155
elasticnet,5,6,2025-04-30,south_korea_kospi_pct_change_12m,30.1893922876014,30.1893922876014
elasticnet,5,6,2025-04-30,usd_krw_pct_change_12m,-28.495982312835686,28.495982312835686
elasticnet,5,6,2025-04-30,usa_nasdaq_composite_pct_change_12m,27.64638184921234,27.64638184921234
elasticnet,5,6,2025-04-30,usd_gbp_pct_change_12m,26.31401319445863,26.31401319445863
elasticnet,5,6,2025-04-30,japan_nikkei225_pct_change_12m,34.11981986971919,34.11981986971919
ridge,5,6,2025-05-31,g20_composite_leading_indicator_pct_change_12m,57.13820238508138,57.13820238508138
ridge,5,6,2025-05-31,china_real_estate_investment_yoy_pct_pct_change_12m,-17.558858460708997,17.558858460708997
ridge,5,6,2025-05-31,usa_nyse_mp_materials_lag_12,-79.28621887715484,79.28621887715484
ridge,5,6,2025-05-31,china_fixed_asset_investment_yoy_pct_lag_12,-58.91634187514863,58.91634187514863
ridge,5,6,2025-05-31,poland_wig20_kghm_pct_change_12m,38.9251535898295,38.9251535898295
ridge,5,6,2025-05-31,usd_krw_pct_change_12m,-50.631045814243514,50.631045814243514
ridge,5,6,2025-05-31,south_korea_kospi_pct_change_12m,39.986127318627034,39.986127318627034
ridge,5,6,2025-05-31,usa_nasdaq_composite_pct_change_12m,38.66310233574882,38.66310233574882
ridge,5,6,2025-05-31,global_container_import_pct_change_12m,87.00693589709392,87.00693589709392
ridge,5,6,2025-05-31,usd_gbp_pct_change_12m,32.0784567568753,32.0784567568753
ridge,5,6,2025-05-31,usd_inr_pct_change_12m,-66.42035697005085,66.42035697005085
elasticnet,5,6,2025-05-31,g20_composite_leading_indicator_pct_change_12m,29.079780279000282,29.079780279000282
elasticnet,5,6,2025-05-31,china_real_estate_investment_yoy_pct_pct_change_12m,5.954012112371891,5.954012112371891
elasticnet,5,6,2025-05-31,usa_nyse_mp_materials_lag_12,-31.45713365761112,31.45713365761112
elasticnet,5,6,2025-05-31,china_fixed_asset_investment_yoy_pct_lag_12,-25.9561218509536,25.9561218509536
elasticnet,5,6,2025-05-31,poland_wig20_kghm_pct_change_12m,26.20326287525794,26.20326287525794
elasticnet,5,6,2025-05-31,usd_krw_pct_change_12m,-27.66633219895727,27.66633219895727
elasticnet,5,6,2025-05-31,south_korea_kospi_pct_change_12m,27.876941025010996,27.876941025010996
elasticnet,5,6,2025-05-31,usa_nasdaq_composite_pct_change_12m,26.964250369190513,26.964250369190513
elasticnet,5,6,2025-05-31,global_container_import_pct_change_12m,35.30867422404716,35.30867422404716
elasticnet,5,6,2025-05-31,usd_gbp_pct_change_12m,25.101573323636543,25.101573323636543
elasticnet,5,6,2025-05-31,usd_inr_pct_change_12m,-32.43401720166802,32.43401720166802
ridge,5,6,2025-06-30,usa_nyse_mp_materials_lag_12,-87.53704983543072,87.53704983543072
ridge,5,6,2025-06-30,china_fixed_asset_investment_yoy_pct_lag_12,-63.973056943453514,63.973056943453514
ridge,5,6,2025-06-30,china_real_estate_investment_yoy_pct_pct_change_12m,-15.309536105052665,15.309536105052665
ridge,5,6,2025-06-30,g20_composite_leading_indicator_pct_change_12m,29.099891306703444,29.099891306703444
ridge,5,6,2025-06-30,poland_wig20_kghm_pct_change_12m,36.69412807421671,36.69412807421671
ridge,5,6,2025-06-30,usa_nasdaq_composite_pct_change_12m,42.72777822491512,42.72777822491512
ridge,5,6,2025-06-30,usd_gbp_pct_change_12m,33.56187972648776,33.56187972648776
ridge,5,6,2025-06-30,global_container_import_pct_change_12m,84.25174997305514,84.25174997305514
ridge,5,6,2025-06-30,usd_inr_pct_change_12m,-58.864918047845805,58.864918047845805
ridge,5,6,2025-06-30,usd_krw_pct_change_12m,-48.1700003225637,48.1700003225637
ridge,5,6,2025-06-30,south_korea_kospi_pct_change_12m,35.54943031684257,35.54943031684257
elasticnet,5,6,2025-06-30,usa_nyse_mp_materials_lag_12,-33.307536811811346,33.307536811811346
elasticnet,5,6,2025-06-30,china_fixed_asset_investment_yoy_pct_lag_12,-26.69361459862154,26.69361459862154
elasticnet,5,6,2025-06-30,china_real_estate_investment_yoy_pct_pct_change_12m,5.686764192028271,5.686764192028271
elasticnet,5,6,2025-06-30,g20_composite_leading_indicator_pct_change_12m,21.86787414047348,21.86787414047348
elasticnet,5,6,2025-06-30,poland_wig20_kghm_pct_change_12m,24.33032356282488,24.33032356282488
elasticnet,5,6,2025-06-30,usa_nasdaq_composite_pct_change_12m,27.043209280433356,27.043209280433356
elasticnet,5,6,2025-06-30,usd_gbp_pct_change_12m,24.494744810482455,24.494744810482455
elasticnet,5,6,2025-06-30,global_container_import_pct_change_12m,33.368440911094616,33.368440911094616
elasticnet,5,6,2025-06-30,usd_inr_pct_change_12m,-29.721853120641548,29.721853120641548
elasticnet,5,6,2025-06-30,usd_krw_pct_change_12m,-26.037912698430375,26.037912698430375
elasticnet,5,6,2025-06-30,south_korea_kospi_pct_change_12m,25.54716324879108,25.54716324879108
ridge,5,6,2025-07-31,usa_nyse_mp_materials_lag_12,-87.24990413808395,87.24990413808395
ridge,5,6,2025-07-31,china_real_estate_investment_yoy_pct_pct_change_12m,-11.186820857697036,11.186820857697036
ridge,5,6,2025-07-31,china_fixed_asset_investment_yoy_pct_lag_12,-62.01244697867986,62.01244697867986
ridge,5,6,2025-07-31,g20_composite_leading_indicator_pct_change_12m,24.15694418311239,24.15694418311239
ridge,5,6,2025-07-31,usa_nasdaq_composite_pct_change_12m,43.982024044176754,43.982024044176754
ridge,5,6,2025-07-31,germany_manufacturing_order_books_lag_12,-39.01505660305894,39.01505660305894
ridge,5,6,2025-07-31,poland_wig20_kghm_pct_change_12m,31.05001843260882,31.05001843260882
ridge,5,6,2025-07-31,hong_kong_hang_seng_pct_change_12m,58.53653818947543,58.53653818947543
ridge,5,6,2025-07-31,us_10y_2y_spread_pct_change_12m,53.75984930158741,53.75984930158741
ridge,5,6,2025-07-31,china_ppi_yoy_pct_lag_12,-50.57425675499289,50.57425675499289
ridge,5,6,2025-07-31,global_container_import_pct_change_12m,79.76845795561857,79.76845795561857
elasticnet,5,6,2025-07-31,usa_nyse_mp_materials_lag_12,-34.163201972015166,34.163201972015166
elasticnet,5,6,2025-07-31,china_real_estate_investment_yoy_pct_pct_change_12m,6.1466066734514895,6.1466066734514895
elasticnet,5,6,2025-07-31,china_fixed_asset_investment_yoy_pct_lag_12,-26.68302902372526,26.68302902372526
elasticnet,5,6,2025-07-31,g20_composite_leading_indicator_pct_change_12m,19.883484881817765,19.883484881817765
elasticnet,5,6,2025-07-31,usa_nasdaq_composite_pct_change_12m,27.991015899807607,27.991015899807607
elasticnet,5,6,2025-07-31,germany_manufacturing_order_books_lag_12,-26.67510785967463,26.67510785967463
elasticnet,5,6,2025-07-31,poland_wig20_kghm_pct_change_12m,23.323892809440025,23.323892809440025
elasticnet,5,6,2025-07-31,hong_kong_hang_seng_pct_change_12m,28.86489052898151,28.86489052898151
elasticnet,5,6,2025-07-31,us_10y_2y_spread_pct_change_12m,24.31163635651634,24.31163635651634
elasticnet,5,6,2025-07-31,china_ppi_yoy_pct_lag_12,-28.33278981112019,28.33278981112019
elasticnet,5,6,2025-07-31,global_container_import_pct_change_12m,32.02385403282955,32.02385403282955
ridge,5,6,2025-08-31,usa_nyse_mp_materials_lag_12,-64.54086175715885,64.54086175715885
ridge,5,6,2025-08-31,china_real_estate_investment_yoy_pct_pct_change_12m,6.063707729661846,6.063707729661846
ridge,5,6,2025-08-31,china_fixed_asset_investment_yoy_pct_lag_12,-65.26673996919227,65.26673996919227
ridge,5,6,2025-08-31,germany_manufacturing_order_books_lag_12,-34.63910653831523,34.63910653831523
ridge,5,6,2025-08-31,copper_stock_ton_lag_1,91.25395090973959,91.25395090973959
ridge,5,6,2025-08-31,us_10y_2y_spread_pct_change_12m,34.299940479450726,34.299940479450726
ridge,5,6,2025-08-31,peru_industrial_electricity_tariff_index_lag_3,-74.90203138825342,74.90203138825342
ridge,5,6,2025-08-31,peru_diesel_price_index_lag_3,-49.06109630023295,49.06109630023295
ridge,5,6,2025-08-31,peru_diesel_price_index_lag_6,-55.78528835892123,55.78528835892123
ridge,5,6,2025-08-31,usa_nasdaq_composite_pct_change_12m,46.300427848446084,46.300427848446084
ridge,5,6,2025-08-31,hong_kong_hang_seng_pct_change_12m,60.02099568743164,60.02099568743164
elasticnet,5,6,2025-08-31,usa_nyse_mp_materials_lag_12,-58.238154812860586,58.238154812860586
elasticnet,5,6,2025-08-31,china_real_estate_investment_yoy_pct_pct_change_12m,6.220646276097931,6.220646276097931
elasticnet,5,6,2025-08-31,china_fixed_asset_investment_yoy_pct_lag_12,-55.11573072880229,55.11573072880229
elasticnet,5,6,2025-08-31,germany_manufacturing_order_books_lag_12,-36.642714699130416,36.642714699130416
elasticnet,5,6,2025-08-31,copper_stock_ton_lag_1,76.39583077464809,76.39583077464809
elasticnet,5,6,2025-08-31,us_10y_2y_spread_pct_change_12m,32.828985776354415,32.828985776354415
elasticnet,5,6,2025-08-31,peru_industrial_electricity_tariff_index_lag_3,-65.68880222776842,65.68880222776842
elasticnet,5,6,2025-08-31,peru_diesel_price_index_lag_3,-45.21606648391195,45.21606648391195
elasticnet,5,6,2025-08-31,peru_diesel_price_index_lag_6,-49.88336047026905,49.88336047026905
elasticnet,5,6,2025-08-31,usa_nasdaq_composite_pct_change_12m,44.295211528120824,44.295211528120824
elasticnet,5,6,2025-08-31,hong_kong_hang_seng_pct_change_12m,53.381169947152756,53.381169947152756
ridge,5,6,2025-09-30,usa_nyse_mp_materials_lag_12,-85.22617072922688,85.22617072922688
ridge,5,6,2025-09-30,china_real_estate_investment_yoy_pct_pct_change_12m,4.1089396565565215,4.1089396565565215
ridge,5,6,2025-09-30,peru_industrial_electricity_tariff_index_lag_3,-84.48592025881187,84.48592025881187
ridge,5,6,2025-09-30,germany_manufacturing_order_books_lag_12,38.89658028480097,38.89658028480097
ridge,5,6,2025-09-30,peru_diesel_price_index_lag_3,-54.9280555731802,54.9280555731802
ridge,5,6,2025-09-30,copper_stock_ton_lag_1,184.75624268131878,184.75624268131878
ridge,5,6,2025-09-30,china_fixed_asset_investment_yoy_pct_lag_12,-98.88611451197198,98.88611451197198
ridge,5,6,2025-09-30,us_10y_2y_spread_pct_change_12m,-21.564731413078427,21.564731413078427
ridge,5,6,2025-09-30,origin_nickel_cash_usd_per_ton,-142.42832945467126,142.42832945467126
ridge,5,6,2025-09-30,nickel_cash_usd_per_ton_lag_1,-42.60459394856069,42.60459394856069
ridge,5,6,2025-09-30,peru_diesel_price_index_lag_6,-148.6327361717634,148.6327361717634
elasticnet,5,6,2025-09-30,usa_nyse_mp_materials_lag_12,-75.53640035736319,75.53640035736319
elasticnet,5,6,2025-09-30,china_real_estate_investment_yoy_pct_pct_change_12m,6.879388416476824,6.879388416476824
elasticnet,5,6,2025-09-30,peru_industrial_electricity_tariff_index_lag_3,-81.9569308832027,81.9569308832027
elasticnet,5,6,2025-09-30,germany_manufacturing_order_books_lag_12,-32.14052330067131,32.14052330067131
elasticnet,5,6,2025-09-30,peru_diesel_price_index_lag_3,-51.23185269173216,51.23185269173216
elasticnet,5,6,2025-09-30,copper_stock_ton_lag_1,113.21128908454381,113.21128908454381
elasticnet,5,6,2025-09-30,china_fixed_asset_investment_yoy_pct_lag_12,-74.46819701343254,74.46819701343254
elasticnet,5,6,2025-09-30,us_10y_2y_spread_pct_change_12m,18.562303566781367,18.562303566781367
elasticnet,5,6,2025-09-30,origin_nickel_cash_usd_per_ton,-96.36243362278876,96.36243362278876
elasticnet,5,6,2025-09-30,nickel_cash_usd_per_ton_lag_1,-63.135459052584274,63.135459052584274
elasticnet,5,6,2025-09-30,peru_diesel_price_index_lag_6,-73.81904929327585,73.81904929327585
ridge,5,6,2025-10-31,usa_nyse_mp_materials_lag_12,-68.90929872097313,68.90929872097313
ridge,5,6,2025-10-31,ecb_policy_rate_pct_change_3m,-1.1164897931666964,1.1164897931666964
ridge,5,6,2025-10-31,peru_industrial_electricity_tariff_index_lag_3,-75.49239108211717,75.49239108211717
ridge,5,6,2025-10-31,origin_nickel_cash_usd_per_ton,-85.78954789807061,85.78954789807061
ridge,5,6,2025-10-31,nickel_cash_usd_per_ton_lag_1,-66.11866152011463,66.11866152011463
ridge,5,6,2025-10-31,us_10y_2y_spread_pct_change_12m,42.3050378620611,42.3050378620611
ridge,5,6,2025-10-31,china_real_estate_investment_yoy_pct_pct_change_12m,6.968076713664534,6.968076713664534
ridge,5,6,2025-10-31,peru_diesel_price_index_lag_3,-55.837096792972616,55.837096792972616
ridge,5,6,2025-10-31,copper_stock_ton_lag_1,78.43062975916584,78.43062975916584
ridge,5,6,2025-10-31,peru_diesel_price_index_lag_6,-64.35625013633674,64.35625013633674
ridge,5,6,2025-10-31,hong_kong_hang_seng_pct_change_12m,75.68791081708449,75.68791081708449
elasticnet,5,6,2025-10-31,usa_nyse_mp_materials_lag_12,-62.50370812283521,62.50370812283521
elasticnet,5,6,2025-10-31,ecb_policy_rate_pct_change_3m,-6.10866330883255,6.10866330883255
elasticnet,5,6,2025-10-31,peru_industrial_electricity_tariff_index_lag_3,-67.71890239281251,67.71890239281251
elasticnet,5,6,2025-10-31,origin_nickel_cash_usd_per_ton,-75.78145538861729,75.78145538861729
elasticnet,5,6,2025-10-31,nickel_cash_usd_per_ton_lag_1,-61.09109665647097,61.09109665647097
elasticnet,5,6,2025-10-31,us_10y_2y_spread_pct_change_12m,40.52418455646432,40.52418455646432
elasticnet,5,6,2025-10-31,china_real_estate_investment_yoy_pct_pct_change_12m,7.1020348249819,7.1020348249819
elasticnet,5,6,2025-10-31,peru_diesel_price_index_lag_3,-51.57387914686415,51.57387914686415
elasticnet,5,6,2025-10-31,copper_stock_ton_lag_1,68.22759302857064,68.22759302857064
elasticnet,5,6,2025-10-31,peru_diesel_price_index_lag_6,-57.05377037597683,57.05377037597683
elasticnet,5,6,2025-10-31,hong_kong_hang_seng_pct_change_12m,66.60981618509459,66.60981618509459
ridge,5,6,2025-11-30,ecb_policy_rate_pct_change_3m,-3.456879855597231,3.456879855597231
ridge,5,6,2025-11-30,usa_nyse_mp_materials_lag_12,-69.30963852113858,69.30963852113858
ridge,5,6,2025-11-30,origin_nickel_cash_usd_per_ton,-88.84698218216323,88.84698218216323
ridge,5,6,2025-11-30,nickel_cash_usd_per_ton_lag_1,-69.29860007454387,69.29860007454387
ridge,5,6,2025-11-30,peru_industrial_electricity_tariff_index_lag_3,-78.9436077926082,78.9436077926082
ridge,5,6,2025-11-30,us_10y_2y_spread_pct_change_12m,60.52875985484815,60.52875985484815
ridge,5,6,2025-11-30,china_real_estate_investment_yoy_pct_pct_change_12m,3.193422645474899,3.193422645474899
ridge,5,6,2025-11-30,peru_diesel_price_index_lag_3,-55.651154059226904,55.651154059226904
ridge,5,6,2025-11-30,copper_stock_ton_lag_1,77.15954929917706,77.15954929917706
ridge,5,6,2025-11-30,hong_kong_hang_seng_pct_change_12m,81.63615134385476,81.63615134385476
ridge,5,6,2025-11-30,peru_diesel_price_index_lag_6,-60.37733202936403,60.37733202936403
elasticnet,5,6,2025-11-30,ecb_policy_rate_pct_change_3m,-8.383435458326666,8.383435458326666
elasticnet,5,6,2025-11-30,usa_nyse_mp_materials_lag_12,-63.38962672436417,63.38962672436417
elasticnet,5,6,2025-11-30,origin_nickel_cash_usd_per_ton,-78.56791121352609,78.56791121352609
elasticnet,5,6,2025-11-30,nickel_cash_usd_per_ton_lag_1,-63.988768312965746,63.988768312965746
elasticnet,5,6,2025-11-30,peru_industrial_electricity_tariff_index_lag_3,-70.75216789602867,70.75216789602867
elasticnet,5,6,2025-11-30,us_10y_2y_spread_pct_change_12m,55.559928501389635,55.559928501389635
elasticnet,5,6,2025-11-30,china_real_estate_investment_yoy_pct_pct_change_12m,4.142046873510277,4.142046873510277
elasticnet,5,6,2025-11-30,peru_diesel_price_index_lag_3,-51.89516791479348,51.89516791479348
elasticnet,5,6,2025-11-30,copper_stock_ton_lag_1,67.74768324879098,67.74768324879098
elasticnet,5,6,2025-11-30,hong_kong_hang_seng_pct_change_12m,71.71881204758343,71.71881204758343
elasticnet,5,6,2025-11-30,peru_diesel_price_index_lag_6,-54.60003444566921,54.60003444566921
ridge,5,6,2025-12-31,ecb_policy_rate_pct_change_3m,-11.601297749523678,11.601297749523678
ridge,5,6,2025-12-31,usa_nyse_mp_materials_lag_12,-83.14037960912898,83.14037960912898
ridge,5,6,2025-12-31,origin_nickel_cash_usd_per_ton,-89.08515520096492,89.08515520096492
ridge,5,6,2025-12-31,peru_industrial_electricity_tariff_index_lag_3,-89.39443155445801,89.39443155445801
ridge,5,6,2025-12-31,nickel_cash_usd_per_ton_lag_1,-69.92904887478426,69.92904887478426
ridge,5,6,2025-12-31,china_real_estate_investment_yoy_pct_pct_change_12m,3.3115251876031375,3.3115251876031375
ridge,5,6,2025-12-31,hong_kong_hang_seng_pct_change_12m,94.38584157945913,94.38584157945913
ridge,5,6,2025-12-31,us_10y_2y_spread_pct_change_12m,74.35344007050102,74.35344007050102
ridge,5,6,2025-12-31,peru_diesel_price_index_lag_3,-52.28069530956494,52.28069530956494
ridge,5,6,2025-12-31,turkey_domestic_ppi_index_pct_change_12m,-45.590468860287025,45.590468860287025
ridge,5,6,2025-12-31,copper_stock_ton_lag_1,65.08216017467063,65.08216017467063
elasticnet,5,6,2025-12-31,ecb_policy_rate_pct_change_3m,-19.255649832100065,19.255649832100065
elasticnet,5,6,2025-12-31,usa_nyse_mp_materials_lag_12,-56.378392258415715,56.378392258415715
elasticnet,5,6,2025-12-31,origin_nickel_cash_usd_per_ton,-59.4360425815126,59.4360425815126
elasticnet,5,6,2025-12-31,peru_industrial_electricity_tariff_index_lag_3,-58.76020892297855,58.76020892297855
elasticnet,5,6,2025-12-31,nickel_cash_usd_per_ton_lag_1,-51.91945799506814,51.91945799506814
elasticnet,5,6,2025-12-31,china_real_estate_investment_yoy_pct_pct_change_12m,7.639202273235432,7.639202273235432
elasticnet,5,6,2025-12-31,hong_kong_hang_seng_pct_change_12m,59.22556192984858,59.22556192984858
elasticnet,5,6,2025-12-31,us_10y_2y_spread_pct_change_12m,49.58580848901665,49.58580848901665
elasticnet,5,6,2025-12-31,peru_diesel_price_index_lag_3,-41.60831819773306,41.60831819773306
elasticnet,5,6,2025-12-31,turkey_domestic_ppi_index_pct_change_12m,-40.19206323809999,40.19206323809999
elasticnet,5,6,2025-12-31,copper_stock_ton_lag_1,46.135497053655264,46.135497053655264
ridge,5,6,2026-01-31,ecb_policy_rate_pct_change_3m,-28.437261612738666,28.437261612738666
ridge,5,6,2026-01-31,origin_nickel_cash_usd_per_ton,-100.10537705224228,100.10537705224228
ridge,5,6,2026-01-31,usa_nyse_mp_materials_lag_12,-99.03283876142444,99.03283876142444
ridge,5,6,2026-01-31,peru_industrial_electricity_tariff_index_lag_3,-117.02224486872456,117.02224486872456
ridge,5,6,2026-01-31,us_10y_2y_spread_pct_change_12m,80.022396807027,80.022396807027
ridge,5,6,2026-01-31,hong_kong_hang_seng_pct_change_12m,112.4322756455582,112.4322756455582
ridge,5,6,2026-01-31,china_real_estate_investment_yoy_pct_pct_change_12m,-9.410464023416212,9.410464023416212
ridge,5,6,2026-01-31,peru_diesel_price_index_lag_3,-53.27980174560574,53.27980174560574
ridge,5,6,2026-01-31,turkey_domestic_ppi_index_pct_change_12m,-36.34433213097216,36.34433213097216
ridge,5,6,2026-01-31,turkey_ppi_electrical_equipment_index_pct_change_12m,-74.15094712528082,74.15094712528082
ridge,5,6,2026-01-31,turkey_ppi_household_appliances_index_pct_change_12m,-44.31198198987741,44.31198198987741
elasticnet,5,6,2026-01-31,ecb_policy_rate_pct_change_3m,-28.946034312231692,28.946034312231692
elasticnet,5,6,2026-01-31,origin_nickel_cash_usd_per_ton,-88.42866997595502,88.42866997595502
elasticnet,5,6,2026-01-31,usa_nyse_mp_materials_lag_12,-87.39613422063394,87.39613422063394
elasticnet,5,6,2026-01-31,peru_industrial_electricity_tariff_index_lag_3,-100.7988991406394,100.7988991406394
elasticnet,5,6,2026-01-31,us_10y_2y_spread_pct_change_12m,71.11251398953593,71.11251398953593
elasticnet,5,6,2026-01-31,hong_kong_hang_seng_pct_change_12m,96.50215118010976,96.50215118010976
elasticnet,5,6,2026-01-31,china_real_estate_investment_yoy_pct_pct_change_12m,-1.109229655069612,1.109229655069612
elasticnet,5,6,2026-01-31,peru_diesel_price_index_lag_3,-51.72299447903152,51.72299447903152
elasticnet,5,6,2026-01-31,turkey_domestic_ppi_index_pct_change_12m,-39.58516406207217,39.58516406207217
elasticnet,5,6,2026-01-31,turkey_ppi_electrical_equipment_index_pct_change_12m,-68.14026724948904,68.14026724948904
elasticnet,5,6,2026-01-31,turkey_ppi_household_appliances_index_pct_change_12m,-46.91655718363443,46.91655718363443
ridge,5,6,2026-02-28,ecb_policy_rate_pct_change_3m,-15.151250182079275,15.151250182079275
ridge,5,6,2026-02-28,origin_nickel_cash_usd_per_ton,-95.89073774116973,95.89073774116973
ridge,5,6,2026-02-28,peru_industrial_electricity_tariff_index_lag_3,-119.4575854832698,119.4575854832698
ridge,5,6,2026-02-28,usa_nyse_mp_materials_lag_12,-105.40516657508216,105.40516657508216
ridge,5,6,2026-02-28,us_10y_2y_spread_pct_change_12m,79.72998854682034,79.72998854682034
ridge,5,6,2026-02-28,hong_kong_hang_seng_pct_change_12m,135.0010365115814,135.0010365115814
ridge,5,6,2026-02-28,peru_diesel_price_index_lag_3,-56.79986910896485,56.79986910896485
ridge,5,6,2026-02-28,turkey_domestic_ppi_index_pct_change_12m,-41.34418901702954,41.34418901702954
ridge,5,6,2026-02-28,china_real_estate_investment_yoy_pct_pct_change_12m,-16.99815755937855,16.99815755937855
ridge,5,6,2026-02-28,indonesia_call_money_rate_lag_12,93.83651330655833,93.83651330655833
ridge,5,6,2026-02-28,origin_uk_ftse100_glencore,-97.99148012532665,97.99148012532665
elasticnet,5,6,2026-02-28,ecb_policy_rate_pct_change_3m,-19.77243207979666,19.77243207979666
elasticnet,5,6,2026-02-28,origin_nickel_cash_usd_per_ton,-87.33487634872617,87.33487634872617
elasticnet,5,6,2026-02-28,peru_industrial_electricity_tariff_index_lag_3,-104.14283207140934,104.14283207140934
elasticnet,5,6,2026-02-28,usa_nyse_mp_materials_lag_12,-94.02064817782848,94.02064817782848
elasticnet,5,6,2026-02-28,us_10y_2y_spread_pct_change_12m,73.05624125476233,73.05624125476233
elasticnet,5,6,2026-02-28,hong_kong_hang_seng_pct_change_12m,115.94923919082177,115.94923919082177
elasticnet,5,6,2026-02-28,peru_diesel_price_index_lag_3,-56.40220316567786,56.40220316567786
elasticnet,5,6,2026-02-28,turkey_domestic_ppi_index_pct_change_12m,-45.49585444756883,45.49585444756883
elasticnet,5,6,2026-02-28,china_real_estate_investment_yoy_pct_pct_change_12m,-6.915593503968278,6.915593503968278
elasticnet,5,6,2026-02-28,indonesia_call_money_rate_lag_12,85.40825018722775,85.40825018722775
elasticnet,5,6,2026-02-28,origin_uk_ftse100_glencore,-88.09899354781696,88.09899354781696
ridge,5,12,2025-01-31,china_fixed_asset_investment_yoy_pct_lag_6,-60.13669848415045,60.13669848415045
ridge,5,12,2025-01-31,zinc_stock_ton_pct_change_3m,83.87161126966623,83.87161126966623
ridge,5,12,2025-01-31,china_fixed_asset_investment_yoy_pct_lag_3,-54.59139101631995,54.59139101631995
ridge,5,12,2025-01-31,usa_nyse_mp_materials_pct_change_12m,-87.05361634176009,87.05361634176009
ridge,5,12,2025-01-31,usa_nyse_mp_materials_lag_6,-84.12531799325923,84.12531799325923
ridge,5,12,2025-01-31,japan_ppi_pct_change_12m,-57.100861894391024,57.100861894391024
ridge,5,12,2025-01-31,india_10y_yield_pct_change_12m,-64.43947802754067,64.43947802754067
ridge,5,12,2025-01-31,china_ppi_yoy_pct_lag_6,-43.79364382963263,43.79364382963263
ridge,5,12,2025-01-31,geopolitical_acts_index_pct_change_12m,-44.98761292194824,44.98761292194824
elasticnet,5,12,2025-01-31,china_fixed_asset_investment_yoy_pct_lag_6,-55.34495863358439,55.34495863358439
elasticnet,5,12,2025-01-31,zinc_stock_ton_pct_change_3m,75.18558486188407,75.18558486188407
elasticnet,5,12,2025-01-31,china_fixed_asset_investment_yoy_pct_lag_3,-48.80581256480405,48.80581256480405
elasticnet,5,12,2025-01-31,usa_nyse_mp_materials_pct_change_12m,-77.11467220969057,77.11467220969057
elasticnet,5,12,2025-01-31,usa_nyse_mp_materials_lag_6,-74.37867771937903,74.37867771937903
elasticnet,5,12,2025-01-31,japan_ppi_pct_change_12m,-54.30690609851751,54.30690609851751
elasticnet,5,12,2025-01-31,india_10y_yield_pct_change_12m,-60.39169127126698,60.39169127126698
elasticnet,5,12,2025-01-31,china_ppi_yoy_pct_lag_6,-43.245661084647814,43.245661084647814
elasticnet,5,12,2025-01-31,geopolitical_acts_index_pct_change_12m,-41.63136236791008,41.63136236791008
ridge,5,12,2025-02-28,china_fixed_asset_investment_yoy_pct_lag_6,-54.58780474340485,54.58780474340485
ridge,5,12,2025-02-28,us_cpi_index_pct_change_12m,-62.247365483795605,62.247365483795605
ridge,5,12,2025-02-28,china_fixed_asset_investment_yoy_pct_lag_3,-43.285860680808945,43.285860680808945
ridge,5,12,2025-02-28,usa_nyse_mp_materials_pct_change_12m,-87.35296967471037,87.35296967471037
ridge,5,12,2025-02-28,usa_nyse_mp_materials_lag_6,-87.53040365056044,87.53040365056044
ridge,5,12,2025-02-28,peru_usd_pen_lag_1,-60.90609378454679,60.90609378454679
ridge,5,12,2025-02-28,zinc_stock_ton_pct_change_3m,76.908385420658,76.908385420658
ridge,5,12,2025-02-28,us_10y_treasury_yield_pct_change_12m,-63.19267938167267,63.19267938167267
ridge,5,12,2025-02-28,us_2y_yield_pct_change_12m,-43.63294216660996,43.63294216660996
elasticnet,5,12,2025-02-28,china_fixed_asset_investment_yoy_pct_lag_6,-39.271587676946254,39.271587676946254
elasticnet,5,12,2025-02-28,us_cpi_index_pct_change_12m,-46.85154449478803,46.85154449478803
elasticnet,5,12,2025-02-28,china_fixed_asset_investment_yoy_pct_lag_3,-30.79346261714137,30.79346261714137
elasticnet,5,12,2025-02-28,usa_nyse_mp_materials_pct_change_12m,-52.26229555378071,52.26229555378071
elasticnet,5,12,2025-02-28,usa_nyse_mp_materials_lag_6,-52.002027882104926,52.002027882104926
elasticnet,5,12,2025-02-28,peru_usd_pen_lag_1,-44.443249781784885,44.443249781784885
elasticnet,5,12,2025-02-28,zinc_stock_ton_pct_change_3m,48.86666684288751,48.86666684288751
elasticnet,5,12,2025-02-28,us_10y_treasury_yield_pct_change_12m,-45.89334617771655,45.89334617771655
elasticnet,5,12,2025-02-28,us_2y_yield_pct_change_12m,-33.54751716809405,33.54751716809405
ridge,5,12,2025-03-31,china_fixed_asset_investment_yoy_pct_lag_6,-54.54702065849741,54.54702065849741
ridge,5,12,2025-03-31,usa_nyse_mp_materials_pct_change_12m,-98.2446721900387,98.2446721900387
ridge,5,12,2025-03-31,us_cpi_index_pct_change_12m,-62.864507907892175,62.864507907892175
ridge,5,12,2025-03-31,usa_nyse_mp_materials_lag_6,-79.51534635398818,79.51534635398818
ridge,5,12,2025-03-31,china_fixed_asset_investment_yoy_pct_lag_3,-42.78782087095411,42.78782087095411
ridge,5,12,2025-03-31,peru_usd_pen_lag_1,-72.58826947290858,72.58826947290858
ridge,5,12,2025-03-31,us_10y_treasury_yield_pct_change_12m,-66.72015635328763,66.72015635328763
ridge,5,12,2025-03-31,us_10y_2y_spread_pct_change_3m,65.97913835675119,65.97913835675119
ridge,5,12,2025-03-31,us_2y_yield_pct_change_12m,-44.736995590759356,44.736995590759356
elasticnet,5,12,2025-03-31,china_fixed_asset_investment_yoy_pct_lag_6,-28.582840161346514,28.582840161346514
elasticnet,5,12,2025-03-31,usa_nyse_mp_materials_pct_change_12m,-37.59584578445816,37.59584578445816
elasticnet,5,12,2025-03-31,us_cpi_index_pct_change_12m,-35.29094696728201,35.29094696728201
elasticnet,5,12,2025-03-31,usa_nyse_mp_materials_lag_6,-34.65834233797156,34.65834233797156
elasticnet,5,12,2025-03-31,china_fixed_asset_investment_yoy_pct_lag_3,-22.79218961283782,22.79218961283782
elasticnet,5,12,2025-03-31,peru_usd_pen_lag_1,-36.257985350668946,36.257985350668946
elasticnet,5,12,2025-03-31,us_10y_treasury_yield_pct_change_12m,-35.09196427328809,35.09196427328809
elasticnet,5,12,2025-03-31,us_10y_2y_spread_pct_change_3m,31.314096971127526,31.314096971127526
elasticnet,5,12,2025-03-31,us_2y_yield_pct_change_12m,-25.720011539283007,25.720011539283007
ridge,5,12,2025-04-30,peru_usd_pen_lag_1,-69.82936715357019,69.82936715357019
ridge,5,12,2025-04-30,usa_nyse_mp_materials_pct_change_12m,-85.79601091184192,85.79601091184192
ridge,5,12,2025-04-30,india_10y_yield_pct_change_12m,-68.54507591149378,68.54507591149378
ridge,5,12,2025-04-30,us_cpi_index_pct_change_12m,-61.027842306425576,61.027842306425576
ridge,5,12,2025-04-30,china_fixed_asset_investment_yoy_pct_lag_6,-42.556953320319344,42.556953320319344
ridge,5,12,2025-04-30,usa_nyse_mp_materials_lag_6,-82.25436877445024,82.25436877445024
ridge,5,12,2025-04-30,china_fixed_asset_investment_yoy_pct_lag_3,-34.3244426909831,34.3244426909831
ridge,5,12,2025-04-30,us_10y_treasury_yield_pct_change_12m,-65.7684269230694,65.7684269230694
ridge,5,12,2025-04-30,south_korea_kospi_lag_6,-54.84081539232887,54.84081539232887
elasticnet,5,12,2025-04-30,peru_usd_pen_lag_1,-36.075162626589304,36.075162626589304
elasticnet,5,12,2025-04-30,usa_nyse_mp_materials_pct_change_12m,-35.23083382875704,35.23083382875704
elasticnet,5,12,2025-04-30,india_10y_yield_pct_change_12m,-35.88905322264163,35.88905322264163
elasticnet,5,12,2025-04-30,us_cpi_index_pct_change_12m,-34.48342176625876,34.48342176625876
elasticnet,5,12,2025-04-30,china_fixed_asset_investment_yoy_pct_lag_6,-26.09040085648921,26.09040085648921
elasticnet,5,12,2025-04-30,usa_nyse_mp_materials_lag_6,-34.63547744567547,34.63547744567547
elasticnet,5,12,2025-04-30,china_fixed_asset_investment_yoy_pct_lag_3,-20.882414626233928,20.882414626233928
elasticnet,5,12,2025-04-30,us_10y_treasury_yield_pct_change_12m,-34.48478883094069,34.48478883094069
elasticnet,5,12,2025-04-30,south_korea_kospi_lag_6,-32.44380016397862,32.44380016397862
ridge,5,12,2025-05-31,peru_usd_pen_lag_1,-77.731525026129,77.731525026129
ridge,5,12,2025-05-31,usa_nyse_mp_materials_pct_change_12m,-94.3551478378268,94.3551478378268
ridge,5,12,2025-05-31,india_10y_yield_pct_change_12m,-71.90415000961833,71.90415000961833
ridge,5,12,2025-05-31,us_cpi_index_pct_change_12m,-66.80628434316327,66.80628434316327
ridge,5,12,2025-05-31,china_fixed_asset_investment_yoy_pct_lag_6,-46.30315656536605,46.30315656536605
ridge,5,12,2025-05-31,usa_nyse_mp_materials_lag_6,-84.66064972091306,84.66064972091306
ridge,5,12,2025-05-31,china_real_estate_investment_yoy_pct_pct_change_3m,12.910984108323566,12.910984108323566
ridge,5,12,2025-05-31,us_10y_treasury_yield_pct_change_12m,-69.20255412239848,69.20255412239848
ridge,5,12,2025-05-31,china_fixed_asset_investment_yoy_pct_lag_3,-36.22923750375586,36.22923750375586
elasticnet,5,12,2025-05-31,peru_usd_pen_lag_1,-53.370602812965345,53.370602812965345
elasticnet,5,12,2025-05-31,usa_nyse_mp_materials_pct_change_12m,-55.71360439458483,55.71360439458483
elasticnet,5,12,2025-05-31,india_10y_yield_pct_change_12m,-50.992474634327834,50.992474634327834
elasticnet,5,12,2025-05-31,us_cpi_index_pct_change_12m,-49.10321890001777,49.10321890001777
elasticnet,5,12,2025-05-31,china_fixed_asset_investment_yoy_pct_lag_6,-36.34446250024427,36.34446250024427
elasticnet,5,12,2025-05-31,usa_nyse_mp_materials_lag_6,-52.31904244856344,52.31904244856344
elasticnet,5,12,2025-05-31,china_real_estate_investment_yoy_pct_pct_change_3m,14.204544133359239,14.204544133359239
elasticnet,5,12,2025-05-31,us_10y_treasury_yield_pct_change_12m,-49.118654968246574,49.118654968246574
elasticnet,5,12,2025-05-31,china_fixed_asset_investment_yoy_pct_lag_3,-28.43149060967128,28.43149060967128
ridge,5,12,2025-06-30,china_fixed_asset_investment_yoy_pct_lag_6,-16.739414113267532,16.739414113267532
ridge,5,12,2025-06-30,usa_nyse_mp_materials_lag_6,-176.07709166245087,176.07709166245087
ridge,5,12,2025-06-30,usa_nyse_mp_materials_pct_change_12m,-214.58079914913654,214.58079914913654
ridge,5,12,2025-06-30,peru_usd_pen_lag_1,-114.67008827390613,114.67008827390613
ridge,5,12,2025-06-30,india_10y_yield_pct_change_12m,-112.87598933126202,112.87598933126202
ridge,5,12,2025-06-30,china_real_estate_investment_yoy_pct_pct_change_3m,11.605797130033025,11.605797130033025
ridge,5,12,2025-06-30,us_cpi_index_pct_change_12m,-37.35834357609014,37.35834357609014
ridge,5,12,2025-06-30,japan_ppi_pct_change_12m,-17.733925213925463,17.733925213925463
ridge,5,12,2025-06-30,turkey_capacity_intermediate_goods_percent_lag_6,-57.48885888418344,57.48885888418344
elasticnet,5,12,2025-06-30,china_fixed_asset_investment_yoy_pct_lag_6,-39.286375704297235,39.286375704297235
elasticnet,5,12,2025-06-30,usa_nyse_mp_materials_lag_6,-140.35108455702894,140.35108455702894
elasticnet,5,12,2025-06-30,usa_nyse_mp_materials_pct_change_12m,-172.95019269144188,172.95019269144188
elasticnet,5,12,2025-06-30,peru_usd_pen_lag_1,-100.2737077427032,100.2737077427032
elasticnet,5,12,2025-06-30,india_10y_yield_pct_change_12m,-89.40726459494024,89.40726459494024
elasticnet,5,12,2025-06-30,china_real_estate_investment_yoy_pct_pct_change_3m,8.946285144045829,8.946285144045829
elasticnet,5,12,2025-06-30,us_cpi_index_pct_change_12m,-55.42072605998737,55.42072605998737
elasticnet,5,12,2025-06-30,japan_ppi_pct_change_12m,-44.665680442804714,44.665680442804714
elasticnet,5,12,2025-06-30,turkey_capacity_intermediate_goods_percent_lag_6,-53.12192590857781,53.12192590857781
ridge,5,12,2025-07-31,china_fixed_asset_investment_yoy_pct_lag_6,-11.625430177921956,11.625430177921956
ridge,5,12,2025-07-31,usa_nyse_mp_materials_lag_6,-184.65285226549196,184.65285226549196
ridge,5,12,2025-07-31,usa_nyse_mp_materials_pct_change_12m,-219.09086763589923,219.09086763589923
ridge,5,12,2025-07-31,us_cpi_index_pct_change_12m,-43.105040258258086,43.105040258258086
ridge,5,12,2025-07-31,china_real_estate_investment_yoy_pct_pct_change_3m,9.083551564613494,9.083551564613494
ridge,5,12,2025-07-31,turkey_capacity_intermediate_goods_percent_lag_6,-54.28176763990551,54.28176763990551
ridge,5,12,2025-07-31,india_10y_yield_pct_change_12m,-108.68522346997568,108.68522346997568
ridge,5,12,2025-07-31,peru_usd_pen_lag_1,-109.3602683671951,109.3602683671951
ridge,5,12,2025-07-31,japan_ppi_pct_change_12m,-13.601366625357171,13.601366625357171
elasticnet,5,12,2025-07-31,china_fixed_asset_investment_yoy_pct_lag_6,-44.689502639566065,44.689502639566065
elasticnet,5,12,2025-07-31,usa_nyse_mp_materials_lag_6,-77.25289453495496,77.25289453495496
elasticnet,5,12,2025-07-31,usa_nyse_mp_materials_pct_change_12m,-86.20364015990818,86.20364015990818
elasticnet,5,12,2025-07-31,us_cpi_index_pct_change_12m,-55.63571446427886,55.63571446427886
elasticnet,5,12,2025-07-31,china_real_estate_investment_yoy_pct_pct_change_3m,13.302182428724167,13.302182428724167
elasticnet,5,12,2025-07-31,turkey_capacity_intermediate_goods_percent_lag_6,-44.32905451639451,44.32905451639451
elasticnet,5,12,2025-07-31,india_10y_yield_pct_change_12m,-60.78732391329195,60.78732391329195
elasticnet,5,12,2025-07-31,peru_usd_pen_lag_1,-66.37058329384757,66.37058329384757
elasticnet,5,12,2025-07-31,japan_ppi_pct_change_12m,-51.693641900593796,51.693641900593796
ridge,5,12,2025-08-31,china_fixed_asset_investment_yoy_pct_lag_6,-49.100634169785984,49.100634169785984
ridge,5,12,2025-08-31,usa_nyse_mp_materials_lag_6,-83.94542240346368,83.94542240346368
ridge,5,12,2025-08-31,usa_nyse_mp_materials_pct_change_12m,-100.40524334632819,100.40524334632819
ridge,5,12,2025-08-31,us_cpi_index_pct_change_12m,-56.56696740296455,56.56696740296455
ridge,5,12,2025-08-31,china_real_estate_investment_yoy_pct_pct_change_3m,10.715048792043593,10.715048792043593
ridge,5,12,2025-08-31,india_10y_yield_pct_change_12m,-64.37529982499177,64.37529982499177
ridge,5,12,2025-08-31,china_csi300_lag_12,-65.67292743565415,65.67292743565415
ridge,5,12,2025-08-31,us_10y_treasury_yield_pct_change_12m,-71.35317516818898,71.35317516818898
ridge,5,12,2025-08-31,turkey_capacity_intermediate_goods_percent_lag_6,-43.838165973323,43.838165973323
elasticnet,5,12,2025-08-31,china_fixed_asset_investment_yoy_pct_lag_6,-37.133233855086985,37.133233855086985
elasticnet,5,12,2025-08-31,usa_nyse_mp_materials_lag_6,-53.71070895777862,53.71070895777862
elasticnet,5,12,2025-08-31,usa_nyse_mp_materials_pct_change_12m,-57.97582264326244,57.97582264326244
elasticnet,5,12,2025-08-31,us_cpi_index_pct_change_12m,-44.47436288155349,44.47436288155349
elasticnet,5,12,2025-08-31,china_real_estate_investment_yoy_pct_pct_change_3m,12.772674664353127,12.772674664353127
elasticnet,5,12,2025-08-31,india_10y_yield_pct_change_12m,-47.06307304479044,47.06307304479044
elasticnet,5,12,2025-08-31,china_csi300_lag_12,-47.8719956498622,47.8719956498622
elasticnet,5,12,2025-08-31,us_10y_treasury_yield_pct_change_12m,-48.353443466215246,48.353443466215246
elasticnet,5,12,2025-08-31,turkey_capacity_intermediate_goods_percent_lag_6,-34.919980031036054,34.919980031036054
ridge,8,1,2025-01-31,origin_copper_price_usd_per_ton,286.9426885705985,286.9426885705985
ridge,8,1,2025-01-31,origin_usa_sp500_freeport_mcmoran,237.51376017753003,237.51376017753003
ridge,8,1,2025-01-31,origin_tin_cash_usd_per_ton,101.46665867824849,101.46665867824849
ridge,8,1,2025-01-31,shfe_close_cny_per_ton_lag_1,59.533493726571955,59.533493726571955
ridge,8,1,2025-01-31,origin_south_korea_kospi,229.71203182993293,229.71203182993293
ridge,8,1,2025-01-31,origin_uk_ftse100_antofagasta,239.3693850889744,239.3693850889744
ridge,8,1,2025-01-31,south_korea_kospi_lag_1,115.06947729789002,115.06947729789002
ridge,8,1,2025-01-31,origin_aluminum_cash_usd_per_ton,160.1963093872914,160.1963093872914
ridge,8,1,2025-01-31,uk_ftse100_antofagasta_lag_1,36.3372318377535,36.3372318377535
ridge,8,1,2025-01-31,target_lag_2,-21.098783958155863,21.098783958155863
ridge,8,1,2025-01-31,origin_usa_sp500_southern_copper,-4.104251254414861,4.104251254414861
ridge,8,1,2025-01-31,origin_canada_tsx_composite_lundin_mining,18.104651236726372,18.104651236726372
ridge,8,1,2025-01-31,canada_tsx_composite_capstone_copper_lag_1,-9.998558005925627,9.998558005925627
ridge,8,1,2025-01-31,south_korea_kospi_lag_3,29.153495150450837,29.153495150450837
ridge,8,1,2025-01-31,origin_china_csi300_jiangxi_copper,80.29451900153404,80.29451900153404
ridge,8,1,2025-01-31,canada_tsx_composite_lundin_mining_lag_1,-140.5950187200602,140.5950187200602
ridge,8,1,2025-01-31,origin_usa_dow_jones,168.03330250623011,168.03330250623011
ridge,8,1,2025-01-31,origin_germany_dax,-54.58203728680606,54.58203728680606
ridge,8,1,2025-01-31,origin_japan_nikkei225,47.416447504106756,47.416447504106756
elasticnet,8,1,2025-01-31,origin_copper_price_usd_per_ton,314.12221343923204,314.12221343923204
elasticnet,8,1,2025-01-31,origin_usa_sp500_freeport_mcmoran,255.35540075655268,255.35540075655268
elasticnet,8,1,2025-01-31,origin_tin_cash_usd_per_ton,95.65026071362715,95.65026071362715
elasticnet,8,1,2025-01-31,shfe_close_cny_per_ton_lag_1,54.913349337784425,54.913349337784425
elasticnet,8,1,2025-01-31,origin_south_korea_kospi,245.00730706669555,245.00730706669555
elasticnet,8,1,2025-01-31,origin_uk_ftse100_antofagasta,261.7650561682328,261.7650561682328
elasticnet,8,1,2025-01-31,south_korea_kospi_lag_1,115.47646714523961,115.47646714523961
elasticnet,8,1,2025-01-31,origin_aluminum_cash_usd_per_ton,165.70382571232406,165.70382571232406
elasticnet,8,1,2025-01-31,uk_ftse100_antofagasta_lag_1,29.00143888134892,29.00143888134892
elasticnet,8,1,2025-01-31,target_lag_2,-48.376535966618526,48.376535966618526
elasticnet,8,1,2025-01-31,origin_usa_sp500_southern_copper,-18.907441819224672,18.907441819224672
elasticnet,8,1,2025-01-31,origin_canada_tsx_composite_lundin_mining,11.984770172941467,11.984770172941467
elasticnet,8,1,2025-01-31,canada_tsx_composite_capstone_copper_lag_1,-4.727334760724718,4.727334760724718
elasticnet,8,1,2025-01-31,south_korea_kospi_lag_3,21.391217812913986,21.391217812913986
elasticnet,8,1,2025-01-31,origin_china_csi300_jiangxi_copper,76.3964265050619,76.3964265050619
elasticnet,8,1,2025-01-31,canada_tsx_composite_lundin_mining_lag_1,-154.35029540873967,154.35029540873967
elasticnet,8,1,2025-01-31,origin_usa_dow_jones,184.00702332601196,184.00702332601196
elasticnet,8,1,2025-01-31,origin_germany_dax,-72.28066764201596,72.28066764201596
elasticnet,8,1,2025-01-31,origin_japan_nikkei225,47.7951269319859,47.7951269319859
ridge,8,1,2025-02-28,origin_copper_price_usd_per_ton,267.43233026894904,267.43233026894904
ridge,8,1,2025-02-28,origin_tin_cash_usd_per_ton,113.2284030121606,113.2284030121606
ridge,8,1,2025-02-28,origin_usa_sp500_freeport_mcmoran,195.43913411942154,195.43913411942154
ridge,8,1,2025-02-28,shfe_close_cny_per_ton_lag_1,46.448034544231135,46.448034544231135
ridge,8,1,2025-02-28,origin_south_korea_kospi,202.37353692942784,202.37353692942784
ridge,8,1,2025-02-28,origin_uk_ftse100_antofagasta,242.20627542444385,242.20627542444385
ridge,8,1,2025-02-28,south_korea_kospi_lag_1,97.86597815485936,97.86597815485936
ridge,8,1,2025-02-28,origin_aluminum_cash_usd_per_ton,185.96629091999313,185.96629091999313
ridge,8,1,2025-02-28,uk_ftse100_antofagasta_lag_1,28.378517862065532,28.378517862065532
ridge,8,1,2025-02-28,target_lag_2,-31.610865829347077,31.610865829347077
ridge,8,1,2025-02-28,origin_canada_tsx_composite_lundin_mining,28.287395321291346,28.287395321291346
ridge,8,1,2025-02-28,origin_usa_sp500_southern_copper,38.64871134264849,38.64871134264849
ridge,8,1,2025-02-28,canada_tsx_composite_capstone_copper_lag_1,-21.170935801348737,21.170935801348737
ridge,8,1,2025-02-28,origin_china_csi300_jiangxi_copper,51.63675740343756,51.63675740343756
ridge,8,1,2025-02-28,south_korea_kospi_lag_3,18.13651295775844,18.13651295775844
ridge,8,1,2025-02-28,canada_tsx_composite_lundin_mining_lag_1,-143.29563573944495,143.29563573944495
ridge,8,1,2025-02-28,origin_usa_dow_jones,180.74730613760923,180.74730613760923
ridge,8,1,2025-02-28,origin_germany_dax,-30.43922202370509,30.43922202370509
ridge,8,1,2025-02-28,japan_industrial_production_lag_12,-130.5448746913545,130.5448746913545
elasticnet,8,1,2025-02-28,origin_copper_price_usd_per_ton,206.58413529099445,206.58413529099445
elasticnet,8,1,2025-02-28,origin_tin_cash_usd_per_ton,113.0985653032451,113.0985653032451
elasticnet,8,1,2025-02-28,origin_usa_sp500_freeport_mcmoran,168.05640196493874,168.05640196493874
elasticnet,8,1,2025-02-28,shfe_close_cny_per_ton_lag_1,61.03805160912934,61.03805160912934
elasticnet,8,1,2025-02-28,origin_south_korea_kospi,164.55339787090602,164.55339787090602
elasticnet,8,1,2025-02-28,origin_uk_ftse100_antofagasta,178.4497680967457,178.4497680967457
elasticnet,8,1,2025-02-28,south_korea_kospi_lag_1,95.98836782137961,95.98836782137961
elasticnet,8,1,2025-02-28,origin_aluminum_cash_usd_per_ton,154.78223236871753,154.78223236871753
elasticnet,8,1,2025-02-28,uk_ftse100_antofagasta_lag_1,43.04266434889069,43.04266434889069
elasticnet,8,1,2025-02-28,target_lag_2,25.804587410438785,25.804587410438785
elasticnet,8,1,2025-02-28,origin_canada_tsx_composite_lundin_mining,37.82991913562846,37.82991913562846
elasticnet,8,1,2025-02-28,origin_usa_sp500_southern_copper,46.27283514368596,46.27283514368596
elasticnet,8,1,2025-02-28,canada_tsx_composite_capstone_copper_lag_1,0.7612472321665641,0.7612472321665641
elasticnet,8,1,2025-02-28,origin_china_csi300_jiangxi_copper,67.5446072857866,67.5446072857866
elasticnet,8,1,2025-02-28,south_korea_kospi_lag_3,44.72122295621719,44.72122295621719
elasticnet,8,1,2025-02-28,canada_tsx_composite_lundin_mining_lag_1,-81.07532944952236,81.07532944952236
elasticnet,8,1,2025-02-28,origin_usa_dow_jones,135.8435038771286,135.8435038771286
elasticnet,8,1,2025-02-28,origin_germany_dax,2.352865653898016,2.352865653898016
elasticnet,8,1,2025-02-28,japan_industrial_production_lag_12,-119.14569156132255,119.14569156132255
ridge,8,1,2025-03-31,origin_copper_price_usd_per_ton,266.19018520670164,266.19018520670164
ridge,8,1,2025-03-31,origin_tin_cash_usd_per_ton,116.55142916193641,116.55142916193641
ridge,8,1,2025-03-31,origin_usa_sp500_freeport_mcmoran,184.59567313594488,184.59567313594488
ridge,8,1,2025-03-31,shfe_close_cny_per_ton_lag_1,40.57314018704177,40.57314018704177
ridge,8,1,2025-03-31,origin_uk_ftse100_antofagasta,241.36220161091103,241.36220161091103
ridge,8,1,2025-03-31,origin_south_korea_kospi,195.25978128406803,195.25978128406803
ridge,8,1,2025-03-31,south_korea_kospi_lag_1,88.49956417835006,88.49956417835006
ridge,8,1,2025-03-31,origin_aluminum_cash_usd_per_ton,189.87234238905796,189.87234238905796
ridge,8,1,2025-03-31,origin_china_csi300_jiangxi_copper,64.93854446524782,64.93854446524782
ridge,8,1,2025-03-31,target_rolling_mean_3,-8.248934389203356,8.248934389203356
ridge,8,1,2025-03-31,origin_canada_tsx_composite_lundin_mining,29.967639221735816,29.967639221735816
ridge,8,1,2025-03-31,uk_ftse100_antofagasta_lag_1,17.858697370371416,17.858697370371416
ridge,8,1,2025-03-31,origin_usa_sp500_southern_copper,36.863334783341706,36.863334783341706
ridge,8,1,2025-03-31,canada_tsx_composite_capstone_copper_lag_1,-25.72199430356209,25.72199430356209
ridge,8,1,2025-03-31,canada_tsx_composite_lundin_mining_lag_1,-143.49413671787337,143.49413671787337
ridge,8,1,2025-03-31,south_korea_kospi_lag_3,3.4078178204010223,3.4078178204010223
ridge,8,1,2025-03-31,japan_industrial_production_lag_12,-141.1554994786388,141.1554994786388
ridge,8,1,2025-03-31,origin_usa_dow_jones,176.2951378198001,176.2951378198001
ridge,8,1,2025-03-31,origin_germany_dax,-9.32193559146355,9.32193559146355
elasticnet,8,1,2025-03-31,origin_copper_price_usd_per_ton,100.24893317650896,100.24893317650896
elasticnet,8,1,2025-03-31,origin_tin_cash_usd_per_ton,84.22052083500228,84.22052083500228
elasticnet,8,1,2025-03-31,origin_usa_sp500_freeport_mcmoran,90.00120533963333,90.00120533963333
elasticnet,8,1,2025-03-31,shfe_close_cny_per_ton_lag_1,72.8889386755787,72.8889386755787
elasticnet,8,1,2025-03-31,origin_uk_ftse100_antofagasta,82.61511834759395,82.61511834759395
elasticnet,8,1,2025-03-31,origin_south_korea_kospi,86.05032209350581,86.05032209350581
elasticnet,8,1,2025-03-31,south_korea_kospi_lag_1,77.04416647051228,77.04416647051228
elasticnet,8,1,2025-03-31,origin_aluminum_cash_usd_per_ton,87.70604279647648,87.70604279647648
elasticnet,8,1,2025-03-31,origin_china_csi300_jiangxi_copper,73.1850311236503,73.1850311236503
elasticnet,8,1,2025-03-31,target_rolling_mean_3,75.1979403635946,75.1979403635946
elasticnet,8,1,2025-03-31,origin_canada_tsx_composite_lundin_mining,59.333386786268434,59.333386786268434
elasticnet,8,1,2025-03-31,uk_ftse100_antofagasta_lag_1,62.67191263966883,62.67191263966883
elasticnet,8,1,2025-03-31,origin_usa_sp500_southern_copper,56.790620436604165,56.790620436604165
elasticnet,8,1,2025-03-31,canada_tsx_composite_capstone_copper_lag_1,55.35172691260685,55.35172691260685
elasticnet,8,1,2025-03-31,canada_tsx_composite_lundin_mining_lag_1,39.52982546419697,39.52982546419697
elasticnet,8,1,2025-03-31,south_korea_kospi_lag_3,69.93990970927796,69.93990970927796
elasticnet,8,1,2025-03-31,japan_industrial_production_lag_12,-78.4612897983043,78.4612897983043
elasticnet,8,1,2025-03-31,origin_usa_dow_jones,73.87810816060889,73.87810816060889
elasticnet,8,1,2025-03-31,origin_germany_dax,51.3816407323517,51.3816407323517
ridge,8,1,2025-04-30,origin_copper_price_usd_per_ton,127.18587761475102,127.18587761475102
ridge,8,1,2025-04-30,origin_tin_cash_usd_per_ton,92.18983190152201,92.18983190152201
ridge,8,1,2025-04-30,origin_usa_sp500_freeport_mcmoran,118.23271503561216,118.23271503561216
ridge,8,1,2025-04-30,shfe_close_cny_per_ton_lag_1,74.42865392511,74.42865392511
ridge,8,1,2025-04-30,origin_south_korea_kospi,107.41629415821909,107.41629415821909
ridge,8,1,2025-04-30,origin_china_csi300_jiangxi_copper,83.61309625715934,83.61309625715934
ridge,8,1,2025-04-30,origin_uk_ftse100_antofagasta,111.12349738959874,111.12349738959874
ridge,8,1,2025-04-30,origin_aluminum_cash_usd_per_ton,106.06628627451396,106.06628627451396
ridge,8,1,2025-04-30,south_korea_kospi_lag_1,82.40658334029314,82.40658334029314
ridge,8,1,2025-04-30,origin_canada_tsx_composite_lundin_mining,62.01045644595446,62.01045644595446
ridge,8,1,2025-04-30,target_rolling_mean_3,72.79915413327551,72.79915413327551
ridge,8,1,2025-04-30,canada_tsx_composite_capstone_copper_lag_1,49.180739001064495,49.180739001064495
ridge,8,1,2025-04-30,china_csi300_jiangxi_copper_lag_1,37.54951170539042,37.54951170539042
ridge,8,1,2025-04-30,canada_tsx_composite_lundin_mining_lag_1,17.140131619175737,17.140131619175737
ridge,8,1,2025-04-30,japan_industrial_production_lag_12,-93.31766641038847,93.31766641038847
ridge,8,1,2025-04-30,south_korea_kospi_lag_3,60.625741976859274,60.625741976859274
ridge,8,1,2025-04-30,origin_usa_dow_jones,82.4201228313701,82.4201228313701
ridge,8,1,2025-04-30,origin_germany_dax,39.759323810841046,39.759323810841046
ridge,8,1,2025-04-30,usa_nasdaq_composite_lag_3,87.95908514455267,87.95908514455267
elasticnet,8,1,2025-04-30,origin_copper_price_usd_per_ton,98.7181060881826,98.7181060881826
elasticnet,8,1,2025-04-30,origin_tin_cash_usd_per_ton,80.04465846318082,80.04465846318082
elasticnet,8,1,2025-04-30,origin_usa_sp500_freeport_mcmoran,92.82749146331082,92.82749146331082
elasticnet,8,1,2025-04-30,shfe_close_cny_per_ton_lag_1,73.0534269835506,73.0534269835506
elasticnet,8,1,2025-04-30,origin_south_korea_kospi,83.20594328304185,83.20594328304185
elasticnet,8,1,2025-04-30,origin_china_csi300_jiangxi_copper,73.93102377514192,73.93102377514192
elasticnet,8,1,2025-04-30,origin_uk_ftse100_antofagasta,86.32283791831279,86.32283791831279
elasticnet,8,1,2025-04-30,origin_aluminum_cash_usd_per_ton,84.03338634764316,84.03338634764316
elasticnet,8,1,2025-04-30,south_korea_kospi_lag_1,72.95046218665571,72.95046218665571
elasticnet,8,1,2025-04-30,origin_canada_tsx_composite_lundin_mining,62.66601111675633,62.66601111675633
elasticnet,8,1,2025-04-30,target_rolling_mean_3,73.05729999563297,73.05729999563297
elasticnet,8,1,2025-04-30,canada_tsx_composite_capstone_copper_lag_1,58.12783461346469,58.12783461346469
elasticnet,8,1,2025-04-30,china_csi300_jiangxi_copper_lag_1,53.18832972468212,53.18832972468212
elasticnet,8,1,2025-04-30,canada_tsx_composite_lundin_mining_lag_1,42.49109979774073,42.49109979774073
elasticnet,8,1,2025-04-30,japan_industrial_production_lag_12,-76.65127629122529,76.65127629122529
elasticnet,8,1,2025-04-30,south_korea_kospi_lag_3,63.22931339909751,63.22931339909751
elasticnet,8,1,2025-04-30,origin_usa_dow_jones,72.3301460359309,72.3301460359309
elasticnet,8,1,2025-04-30,origin_germany_dax,49.86893991939637,49.86893991939637
elasticnet,8,1,2025-04-30,usa_nasdaq_composite_lag_3,75.67559492798814,75.67559492798814
ridge,8,1,2025-05-31,origin_copper_price_usd_per_ton,121.68332483425726,121.68332483425726
ridge,8,1,2025-05-31,origin_tin_cash_usd_per_ton,94.83105598182874,94.83105598182874
ridge,8,1,2025-05-31,shfe_close_cny_per_ton_lag_1,79.06297983464002,79.06297983464002
ridge,8,1,2025-05-31,origin_china_csi300_jiangxi_copper,76.65405576382501,76.65405576382501
ridge,8,1,2025-05-31,origin_usa_sp500_freeport_mcmoran,115.4809657450198,115.4809657450198
ridge,8,1,2025-05-31,origin_uk_ftse100_antofagasta,105.25009265926981,105.25009265926981
ridge,8,1,2025-05-31,origin_south_korea_kospi,89.87398285573228,89.87398285573228
ridge,8,1,2025-05-31,origin_aluminum_cash_usd_per_ton,107.18426496473886,107.18426496473886
ridge,8,1,2025-05-31,south_korea_kospi_lag_1,70.61232951589892,70.61232951589892
ridge,8,1,2025-05-31,origin_canada_tsx_composite_lundin_mining,53.01066238498737,53.01066238498737
ridge,8,1,2025-05-31,china_csi300_jiangxi_copper_lag_1,37.8240240943658,37.8240240943658
ridge,8,1,2025-05-31,target_rolling_mean_3,76.8748739892735,76.8748739892735
ridge,8,1,2025-05-31,canada_tsx_composite_capstone_copper_lag_1,58.743363481272496,58.743363481272496
ridge,8,1,2025-05-31,uk_ftse100_antofagasta_lag_1,63.03205091834733,63.03205091834733
ridge,8,1,2025-05-31,canada_tsx_composite_lundin_mining_lag_1,14.163898585864105,14.163898585864105
ridge,8,1,2025-05-31,japan_industrial_production_lag_12,-89.88430798961663,89.88430798961663
ridge,8,1,2025-05-31,origin_poland_wig20_kghm,90.05991666220092,90.05991666220092
ridge,8,1,2025-05-31,silver_usd_per_troy_ounce_lag_6,83.11280918263928,83.11280918263928
ridge,8,1,2025-05-31,origin_canada_tsx_composite,79.41884858186256,79.41884858186256
elasticnet,8,1,2025-05-31,origin_copper_price_usd_per_ton,96.19198157548536,96.19198157548536
elasticnet,8,1,2025-05-31,origin_tin_cash_usd_per_ton,81.30453639362702,81.30453639362702
elasticnet,8,1,2025-05-31,shfe_close_cny_per_ton_lag_1,74.65573558146562,74.65573558146562
elasticnet,8,1,2025-05-31,origin_china_csi300_jiangxi_copper,70.62843013669442,70.62843013669442
elasticnet,8,1,2025-05-31,origin_usa_sp500_freeport_mcmoran,91.34366062489352,91.34366062489352
elasticnet,8,1,2025-05-31,origin_uk_ftse100_antofagasta,83.28451327784508,83.28451327784508
elasticnet,8,1,2025-05-31,origin_south_korea_kospi,74.99760849218356,74.99760849218356
elasticnet,8,1,2025-05-31,origin_aluminum_cash_usd_per_ton,84.91392348112956,84.91392348112956
elasticnet,8,1,2025-05-31,south_korea_kospi_lag_1,67.20486696185019,67.20486696185019
elasticnet,8,1,2025-05-31,origin_canada_tsx_composite_lundin_mining,58.365095517241755,58.365095517241755
elasticnet,8,1,2025-05-31,china_csi300_jiangxi_copper_lag_1,53.28971160796965,53.28971160796965
elasticnet,8,1,2025-05-31,target_rolling_mean_3,74.58917419472084,74.58917419472084
elasticnet,8,1,2025-05-31,canada_tsx_composite_capstone_copper_lag_1,62.151424895251736,62.151424895251736
elasticnet,8,1,2025-05-31,uk_ftse100_antofagasta_lag_1,64.60938939611209,64.60938939611209
elasticnet,8,1,2025-05-31,canada_tsx_composite_lundin_mining_lag_1,40.91281914561979,40.91281914561979
elasticnet,8,1,2025-05-31,japan_industrial_production_lag_12,-75.27253645598847,75.27253645598847
elasticnet,8,1,2025-05-31,origin_poland_wig20_kghm,72.91366960198201,72.91366960198201
elasticnet,8,1,2025-05-31,silver_usd_per_troy_ounce_lag_6,73.09926684822308,73.09926684822308
elasticnet,8,1,2025-05-31,origin_canada_tsx_composite,71.90732345819903,71.90732345819903
ridge,8,1,2025-06-30,origin_copper_price_usd_per_ton,127.62143257226263,127.62143257226263
ridge,8,1,2025-06-30,origin_china_csi300_jiangxi_copper,78.01891486482917,78.01891486482917
ridge,8,1,2025-06-30,shfe_close_cny_per_ton_lag_1,81.52071301695126,81.52071301695126
ridge,8,1,2025-06-30,origin_canada_tsx_composite_capstone_copper,83.49612495293088,83.49612495293088
ridge,8,1,2025-06-30,origin_south_korea_kospi,92.98322461033949,92.98322461033949
ridge,8,1,2025-06-30,origin_uk_ftse100_antofagasta,108.5834831052344,108.5834831052344
ridge,8,1,2025-06-30,origin_aluminum_cash_usd_per_ton,116.86553636738665,116.86553636738665
ridge,8,1,2025-06-30,china_csi300_jiangxi_copper_lag_1,40.03741049379685,40.03741049379685
ridge,8,1,2025-06-30,origin_canada_tsx_composite_lundin_mining,55.84003104569207,55.84003104569207
ridge,8,1,2025-06-30,tin_cash_usd_per_ton_lag_1,73.87190760910492,73.87190760910492
ridge,8,1,2025-06-30,target_rolling_mean_3,80.91386962279039,80.91386962279039
ridge,8,1,2025-06-30,south_korea_kospi_lag_1,67.81721464646647,67.81721464646647
ridge,8,1,2025-06-30,uk_ftse100_antofagasta_lag_1,60.597334738926364,60.597334738926364
ridge,8,1,2025-06-30,japan_industrial_production_lag_12,-95.40933520556666,95.40933520556666
ridge,8,1,2025-06-30,canada_tsx_composite_lundin_mining_lag_1,9.223682892436273,9.223682892436273
ridge,8,1,2025-06-30,usa_sp500_freeport_mcmoran_lag_1,89.44459626251157,89.44459626251157
ridge,8,1,2025-06-30,origin_poland_wig20_kghm,96.41168858685499,96.41168858685499
ridge,8,1,2025-06-30,silver_usd_per_troy_ounce_lag_6,91.48938993363282,91.48938993363282
ridge,8,1,2025-06-30,origin_germany_dax,63.372756332442954,63.372756332442954
elasticnet,8,1,2025-06-30,origin_copper_price_usd_per_ton,99.03194158449999,99.03194158449999
elasticnet,8,1,2025-06-30,origin_china_csi300_jiangxi_copper,71.78094969738528,71.78094969738528
elasticnet,8,1,2025-06-30,shfe_close_cny_per_ton_lag_1,76.28151667527352,76.28151667527352
elasticnet,8,1,2025-06-30,origin_canada_tsx_composite_capstone_copper,74.33567832778405,74.33567832778405
elasticnet,8,1,2025-06-30,origin_south_korea_kospi,76.67348067870087,76.67348067870087
elasticnet,8,1,2025-06-30,origin_uk_ftse100_antofagasta,85.05816151067349,85.05816151067349
elasticnet,8,1,2025-06-30,origin_aluminum_cash_usd_per_ton,89.06129279017952,89.06129279017952
elasticnet,8,1,2025-06-30,china_csi300_jiangxi_copper_lag_1,54.973315209457624,54.973315209457624
elasticnet,8,1,2025-06-30,origin_canada_tsx_composite_lundin_mining,60.076547390240606,60.076547390240606
elasticnet,8,1,2025-06-30,tin_cash_usd_per_ton_lag_1,70.12701922570217,70.12701922570217
elasticnet,8,1,2025-06-30,target_rolling_mean_3,76.73487384310101,76.73487384310101
elasticnet,8,1,2025-06-30,south_korea_kospi_lag_1,66.08768406214033,66.08768406214033
elasticnet,8,1,2025-06-30,uk_ftse100_antofagasta_lag_1,64.08750344331375,64.08750344331375
elasticnet,8,1,2025-06-30,japan_industrial_production_lag_12,-78.75775985635556,78.75775985635556
elasticnet,8,1,2025-06-30,canada_tsx_composite_lundin_mining_lag_1,39.507602131817,39.507602131817
elasticnet,8,1,2025-06-30,usa_sp500_freeport_mcmoran_lag_1,79.22051191626389,79.22051191626389
elasticnet,8,1,2025-06-30,origin_poland_wig20_kghm,75.80494712464501,75.80494712464501
elasticnet,8,1,2025-06-30,silver_usd_per_troy_ounce_lag_6,77.41914988381356,77.41914988381356
elasticnet,8,1,2025-06-30,origin_germany_dax,59.91627718897902,59.91627718897902
ridge,8,1,2025-07-31,origin_copper_price_usd_per_ton,251.54299270586608,251.54299270586608
ridge,8,1,2025-07-31,origin_china_csi300_jiangxi_copper,85.92032863427386,85.92032863427386
ridge,8,1,2025-07-31,shfe_close_cny_per_ton_lag_1,67.64426060558576,67.64426060558576
ridge,8,1,2025-07-31,origin_south_korea_kospi,161.4257380851137,161.4257380851137
ridge,8,1,2025-07-31,origin_canada_tsx_composite_capstone_copper,101.65337320995681,101.65337320995681
ridge,8,1,2025-07-31,origin_uk_ftse100_antofagasta,246.25787006854324,246.25787006854324
ridge,8,1,2025-07-31,origin_aluminum_cash_usd_per_ton,211.31428445139773,211.31428445139773
ridge,8,1,2025-07-31,china_csi300_jiangxi_copper_lag_1,-56.38921123529316,56.38921123529316
ridge,8,1,2025-07-31,origin_canada_tsx_composite_lundin_mining,21.157156596378226,21.157156596378226
ridge,8,1,2025-07-31,tin_cash_usd_per_ton_lag_1,58.14783373223757,58.14783373223757
ridge,8,1,2025-07-31,south_korea_kospi_lag_1,47.07280113053446,47.07280113053446
ridge,8,1,2025-07-31,target_lag_2,-11.910080094899959,11.910080094899959
ridge,8,1,2025-07-31,uk_ftse100_antofagasta_lag_1,26.265842077392733,26.265842077392733
ridge,8,1,2025-07-31,japan_industrial_production_lag_12,-131.35273657498107,131.35273657498107
ridge,8,1,2025-07-31,canada_tsx_composite_lundin_mining_lag_1,-162.71292797403794,162.71292797403794
ridge,8,1,2025-07-31,silver_usd_per_troy_ounce_lag_6,137.663103992412,137.663103992412
ridge,8,1,2025-07-31,origin_poland_wig20_kghm,139.53714683562072,139.53714683562072
ridge,8,1,2025-07-31,origin_germany_dax,60.01252780369433,60.01252780369433
ridge,8,1,2025-07-31,usa_sp500_freeport_mcmoran_lag_1,109.9948921959354,109.9948921959354
elasticnet,8,1,2025-07-31,origin_copper_price_usd_per_ton,128.75296131827687,128.75296131827687
elasticnet,8,1,2025-07-31,origin_china_csi300_jiangxi_copper,78.25850142045216,78.25850142045216
elasticnet,8,1,2025-07-31,shfe_close_cny_per_ton_lag_1,81.34352247031335,81.34352247031335
elasticnet,8,1,2025-07-31,origin_south_korea_kospi,94.36238774124269,94.36238774124269
elasticnet,8,1,2025-07-31,origin_canada_tsx_composite_capstone_copper,84.3217937564303,84.3217937564303
elasticnet,8,1,2025-07-31,origin_uk_ftse100_antofagasta,108.91686785370479,108.91686785370479
elasticnet,8,1,2025-07-31,origin_aluminum_cash_usd_per_ton,118.04661317413787,118.04661317413787
elasticnet,8,1,2025-07-31,china_csi300_jiangxi_copper_lag_1,38.3457952291841,38.3457952291841
elasticnet,8,1,2025-07-31,origin_canada_tsx_composite_lundin_mining,55.744666632946576,55.744666632946576
elasticnet,8,1,2025-07-31,tin_cash_usd_per_ton_lag_1,74.63235153424357,74.63235153424357
elasticnet,8,1,2025-07-31,south_korea_kospi_lag_1,67.36759932058685,67.36759932058685
elasticnet,8,1,2025-07-31,target_lag_2,73.04636115016314,73.04636115016314
elasticnet,8,1,2025-07-31,uk_ftse100_antofagasta_lag_1,59.54137183094115,59.54137183094115
elasticnet,8,1,2025-07-31,japan_industrial_production_lag_12,-98.05143523221588,98.05143523221588
elasticnet,8,1,2025-07-31,canada_tsx_composite_lundin_mining_lag_1,7.4600033201185685,7.4600033201185685
elasticnet,8,1,2025-07-31,silver_usd_per_troy_ounce_lag_6,92.11011467465904,92.11011467465904
elasticnet,8,1,2025-07-31,origin_poland_wig20_kghm,96.21125969620275,96.21125969620275
elasticnet,8,1,2025-07-31,origin_germany_dax,63.65972723609233,63.65972723609233
elasticnet,8,1,2025-07-31,usa_sp500_freeport_mcmoran_lag_1,89.78361084414577,89.78361084414577
ridge,8,1,2025-08-31,origin_copper_price_usd_per_ton,129.81310306635808,129.81310306635808
ridge,8,1,2025-08-31,origin_china_csi300_jiangxi_copper,79.41584214573687,79.41584214573687
ridge,8,1,2025-08-31,shfe_close_cny_per_ton_lag_1,84.19260731494491,84.19260731494491
ridge,8,1,2025-08-31,origin_south_korea_kospi,92.09330305709794,92.09330305709794
ridge,8,1,2025-08-31,origin_aluminum_cash_usd_per_ton,120.07055294689161,120.07055294689161
ridge,8,1,2025-08-31,origin_canada_tsx_composite_capstone_copper,87.17846612941476,87.17846612941476
ridge,8,1,2025-08-31,origin_uk_ftse100_antofagasta,109.82488400171135,109.82488400171135
ridge,8,1,2025-08-31,china_csi300_jiangxi_copper_lag_1,43.503135003045976,43.503135003045976
ridge,8,1,2025-08-31,tin_cash_usd_per_ton_lag_1,78.53592396336448,78.53592396336448
ridge,8,1,2025-08-31,origin_canada_tsx_composite_lundin_mining,56.227437203178035,56.227437203178035
ridge,8,1,2025-08-31,south_korea_kospi_lag_1,71.92139780051114,71.92139780051114
ridge,8,1,2025-08-31,target_lag_2,78.28109647367091,78.28109647367091
ridge,8,1,2025-08-31,uk_ftse100_antofagasta_lag_1,65.29382438749836,65.29382438749836
ridge,8,1,2025-08-31,japan_industrial_production_lag_12,-101.31122548524688,101.31122548524688
ridge,8,1,2025-08-31,canada_tsx_composite_lundin_mining_lag_1,12.096187295785287,12.096187295785287
ridge,8,1,2025-08-31,silver_usd_per_troy_ounce_lag_6,86.29818092086634,86.29818092086634
ridge,8,1,2025-08-31,origin_canada_tsx_composite,76.1145676326499,76.1145676326499
ridge,8,1,2025-08-31,origin_poland_wig20_kghm,100.51218154574386,100.51218154574386
ridge,8,1,2025-08-31,origin_germany_dax,48.741817921311515,48.741817921311515
elasticnet,8,1,2025-08-31,origin_copper_price_usd_per_ton,100.44167093039952,100.44167093039952
elasticnet,8,1,2025-08-31,origin_china_csi300_jiangxi_copper,73.21096020479787,73.21096020479787
elasticnet,8,1,2025-08-31,shfe_close_cny_per_ton_lag_1,77.51615039188101,77.51615039188101
elasticnet,8,1,2025-08-31,origin_south_korea_kospi,77.43272389597102,77.43272389597102
elasticnet,8,1,2025-08-31,origin_aluminum_cash_usd_per_ton,90.95952870610652,90.95952870610652
elasticnet,8,1,2025-08-31,origin_canada_tsx_composite_capstone_copper,75.87455690884123,75.87455690884123
elasticnet,8,1,2025-08-31,origin_uk_ftse100_antofagasta,85.74626176023678,85.74626176023678
elasticnet,8,1,2025-08-31,china_csi300_jiangxi_copper_lag_1,57.05208911926568,57.05208911926568
elasticnet,8,1,2025-08-31,tin_cash_usd_per_ton_lag_1,72.68789156387328,72.68789156387328
elasticnet,8,1,2025-08-31,origin_canada_tsx_composite_lundin_mining,60.79579839127272,60.79579839127272
elasticnet,8,1,2025-08-31,south_korea_kospi_lag_1,68.70007000606272,68.70007000606272
elasticnet,8,1,2025-08-31,target_lag_2,75.33194211042391,75.33194211042391
elasticnet,8,1,2025-08-31,uk_ftse100_antofagasta_lag_1,66.25054603060573,66.25054603060573
elasticnet,8,1,2025-08-31,japan_industrial_production_lag_12,-81.84346496221849,81.84346496221849
elasticnet,8,1,2025-08-31,canada_tsx_composite_lundin_mining_lag_1,41.25737589077063,41.25737589077063
elasticnet,8,1,2025-08-31,silver_usd_per_troy_ounce_lag_6,75.11857709908062,75.11857709908062
elasticnet,8,1,2025-08-31,origin_canada_tsx_composite,70.37955069047351,70.37955069047351
elasticnet,8,1,2025-08-31,origin_poland_wig20_kghm,78.3202792139841,78.3202792139841
elasticnet,8,1,2025-08-31,origin_germany_dax,53.035324512882134,53.035324512882134
ridge,8,1,2025-09-30,origin_copper_price_usd_per_ton,131.03214987311128,131.03214987311128
ridge,8,1,2025-09-30,origin_china_csi300_jiangxi_copper,83.40173766839963,83.40173766839963
ridge,8,1,2025-09-30,shfe_close_cny_per_ton_lag_1,84.48609610008688,84.48609610008688
ridge,8,1,2025-09-30,origin_south_korea_kospi,91.52573270162223,91.52573270162223
ridge,8,1,2025-09-30,origin_aluminum_cash_usd_per_ton,118.79845335326877,118.79845335326877
ridge,8,1,2025-09-30,origin_uk_ftse100_antofagasta,111.42700384533087,111.42700384533087
ridge,8,1,2025-09-30,china_csi300_jiangxi_copper_lag_1,48.50791468098035,48.50791468098035
ridge,8,1,2025-09-30,origin_canada_tsx_composite_lundin_mining,58.44346564268822,58.44346564268822
ridge,8,1,2025-09-30,origin_canada_tsx_composite_capstone_copper,87.38500259344072,87.38500259344072
ridge,8,1,2025-09-30,tin_cash_usd_per_ton_lag_1,75.4345470026403,75.4345470026403
ridge,8,1,2025-09-30,south_korea_kospi_lag_1,71.69919119753808,71.69919119753808
ridge,8,1,2025-09-30,target_lag_2,76.47127493093323,76.47127493093323
ridge,8,1,2025-09-30,canada_tsx_composite_lundin_mining_lag_1,16.655202498670047,16.655202498670047
ridge,8,1,2025-09-30,japan_industrial_production_lag_12,-100.95832338895518,100.95832338895518
ridge,8,1,2025-09-30,origin_canada_tsx_composite,66.01979071382337,66.01979071382337
ridge,8,1,2025-09-30,silver_usd_per_troy_ounce_lag_6,75.19977489860753,75.19977489860753
ridge,8,1,2025-09-30,origin_germany_dax,40.81290496235988,40.81290496235988
ridge,8,1,2025-09-30,usa_nasdaq_composite_lag_3,87.36976711499504,87.36976711499504
ridge,8,1,2025-09-30,origin_poland_wig20_kghm,104.8960911850597,104.8960911850597
elasticnet,8,1,2025-09-30,origin_copper_price_usd_per_ton,101.1583537878085,101.1583537878085
elasticnet,8,1,2025-09-30,origin_china_csi300_jiangxi_copper,75.68873334472853,75.68873334472853
elasticnet,8,1,2025-09-30,shfe_close_cny_per_ton_lag_1,77.72453676958159,77.72453676958159
elasticnet,8,1,2025-09-30,origin_south_korea_kospi,77.66464339388838,77.66464339388838
elasticnet,8,1,2025-09-30,origin_aluminum_cash_usd_per_ton,90.3342621793233,90.3342621793233
elasticnet,8,1,2025-09-30,origin_uk_ftse100_antofagasta,86.90959853536867,86.90959853536867
elasticnet,8,1,2025-09-30,china_csi300_jiangxi_copper_lag_1,59.83784361432665,59.83784361432665
elasticnet,8,1,2025-09-30,origin_canada_tsx_composite_lundin_mining,62.536448277536216,62.536448277536216
elasticnet,8,1,2025-09-30,origin_canada_tsx_composite_capstone_copper,76.19997706763677,76.19997706763677
elasticnet,8,1,2025-09-30,tin_cash_usd_per_ton_lag_1,71.46488530281691,71.46488530281691
elasticnet,8,1,2025-09-30,south_korea_kospi_lag_1,69.14500655945831,69.14500655945831
elasticnet,8,1,2025-09-30,target_lag_2,74.65703337005306,74.65703337005306
elasticnet,8,1,2025-09-30,canada_tsx_composite_lundin_mining_lag_1,43.920324226156445,43.920324226156445
elasticnet,8,1,2025-09-30,japan_industrial_production_lag_12,-81.93250504351201,81.93250504351201
elasticnet,8,1,2025-09-30,origin_canada_tsx_composite,65.62339906628642,65.62339906628642
elasticnet,8,1,2025-09-30,silver_usd_per_troy_ounce_lag_6,70.13208859009822,70.13208859009822
elasticnet,8,1,2025-09-30,origin_germany_dax,49.31902969605945,49.31902969605945
elasticnet,8,1,2025-09-30,usa_nasdaq_composite_lag_3,75.71889438778011,75.71889438778011
elasticnet,8,1,2025-09-30,origin_poland_wig20_kghm,81.1049632139545,81.1049632139545
ridge,8,1,2025-10-31,origin_copper_price_usd_per_ton,133.60715672495513,133.60715672495513
ridge,8,1,2025-10-31,origin_china_csi300_jiangxi_copper,79.1315816689328,79.1315816689328
ridge,8,1,2025-10-31,shfe_close_cny_per_ton_lag_1,92.25012044306945,92.25012044306945
ridge,8,1,2025-10-31,origin_south_korea_kospi,84.65303223532564,84.65303223532564
ridge,8,1,2025-10-31,china_csi300_jiangxi_copper_lag_1,52.349556768083936,52.349556768083936
ridge,8,1,2025-10-31,origin_aluminum_cash_usd_per_ton,125.56780867992084,125.56780867992084
ridge,8,1,2025-10-31,origin_canada_tsx_composite_lundin_mining,53.864066407580985,53.864066407580985
ridge,8,1,2025-10-31,origin_uk_ftse100_antofagasta,107.96153162965314,107.96153162965314
ridge,8,1,2025-10-31,origin_canada_tsx_composite_capstone_copper,90.28781700633132,90.28781700633132
ridge,8,1,2025-10-31,tin_cash_usd_per_ton_lag_1,87.48045390982513,87.48045390982513
ridge,8,1,2025-10-31,south_korea_kospi_lag_1,70.98315929668043,70.98315929668043
ridge,8,1,2025-10-31,canada_tsx_composite_lundin_mining_lag_1,19.089140275679732,19.089140275679732
ridge,8,1,2025-10-31,origin_canada_tsx_composite,66.15023366391799,66.15023366391799
ridge,8,1,2025-10-31,japan_industrial_production_lag_12,-100.36446612361993,100.36446612361993
ridge,8,1,2025-10-31,usa_nasdaq_composite_lag_3,90.89291727914906,90.89291727914906
ridge,8,1,2025-10-31,silver_usd_per_troy_ounce_lag_6,77.3322171784165,77.3322171784165
ridge,8,1,2025-10-31,origin_germany_dax,41.40457605809608,41.40457605809608
ridge,8,1,2025-10-31,origin_usa_nyse_hecla_mining,86.99225391486284,86.99225391486284
ridge,8,1,2025-10-31,origin_poland_wig20_kghm,96.50681953236503,96.50681953236503
elasticnet,8,1,2025-10-31,origin_copper_price_usd_per_ton,103.30072141576395,103.30072141576395
elasticnet,8,1,2025-10-31,origin_china_csi300_jiangxi_copper,74.03050570929516,74.03050570929516
elasticnet,8,1,2025-10-31,shfe_close_cny_per_ton_lag_1,82.31931888456592,82.31931888456592
elasticnet,8,1,2025-10-31,origin_south_korea_kospi,74.87909946278448,74.87909946278448
elasticnet,8,1,2025-10-31,china_csi300_jiangxi_copper_lag_1,62.2791417207365,62.2791417207365
elasticnet,8,1,2025-10-31,origin_aluminum_cash_usd_per_ton,94.92593022202743,94.92593022202743
elasticnet,8,1,2025-10-31,origin_canada_tsx_composite_lundin_mining,60.993645680214264,60.993645680214264
elasticnet,8,1,2025-10-31,origin_uk_ftse100_antofagasta,85.91342325953211,85.91342325953211
elasticnet,8,1,2025-10-31,origin_canada_tsx_composite_capstone_copper,78.60723507409291,78.60723507409291
elasticnet,8,1,2025-10-31,tin_cash_usd_per_ton_lag_1,78.1922338351629,78.1922338351629
elasticnet,8,1,2025-10-31,south_korea_kospi_lag_1,69.3231486297289,69.3231486297289
elasticnet,8,1,2025-10-31,canada_tsx_composite_lundin_mining_lag_1,45.79406491597261,45.79406491597261
elasticnet,8,1,2025-10-31,origin_canada_tsx_composite,66.70966073617824,66.70966073617824
elasticnet,8,1,2025-10-31,japan_industrial_production_lag_12,-82.29381742693307,82.29381742693307
elasticnet,8,1,2025-10-31,usa_nasdaq_composite_lag_3,78.49319629414944,78.49319629414944
elasticnet,8,1,2025-10-31,silver_usd_per_troy_ounce_lag_6,72.17779533946234,72.17779533946234
elasticnet,8,1,2025-10-31,origin_germany_dax,50.55854569325588,50.55854569325588
elasticnet,8,1,2025-10-31,origin_usa_nyse_hecla_mining,76.92379515296932,76.92379515296932
elasticnet,8,1,2025-10-31,origin_poland_wig20_kghm,77.39172802746687,77.39172802746687
ridge,8,1,2025-11-30,origin_copper_price_usd_per_ton,142.11073077798622,142.11073077798622
ridge,8,1,2025-11-30,origin_china_csi300_jiangxi_copper,60.194774813513376,60.194774813513376
ridge,8,1,2025-11-30,origin_south_korea_kospi,79.80037424571384,79.80037424571384
ridge,8,1,2025-11-30,shfe_close_cny_per_ton_lag_1,100.54401587829211,100.54401587829211
ridge,8,1,2025-11-30,china_csi300_jiangxi_copper_lag_1,54.660661749000596,54.660661749000596
ridge,8,1,2025-11-30,origin_canada_tsx_composite_lundin_mining,50.1018659522106,50.1018659522106
ridge,8,1,2025-11-30,origin_aluminum_cash_usd_per_ton,131.1784179360103,131.1784179360103
ridge,8,1,2025-11-30,origin_uk_ftse100_antofagasta,103.48690958812922,103.48690958812922
ridge,8,1,2025-11-30,origin_canada_tsx_composite_capstone_copper,91.88475459773144,91.88475459773144
ridge,8,1,2025-11-30,tin_cash_usd_per_ton_lag_1,93.32068536549006,93.32068536549006
ridge,8,1,2025-11-30,south_korea_kospi_lag_1,75.05248031947617,75.05248031947617
ridge,8,1,2025-11-30,canada_tsx_composite_lundin_mining_lag_1,24.413195730578675,24.413195730578675
ridge,8,1,2025-11-30,origin_canada_tsx_composite,60.77220862475429,60.77220862475429
ridge,8,1,2025-11-30,usa_nasdaq_composite_lag_3,90.73154526515609,90.73154526515609
ridge,8,1,2025-11-30,silver_usd_per_troy_ounce_lag_6,80.88944933827973,80.88944933827973
ridge,8,1,2025-11-30,origin_usa_nyse_hecla_mining,70.23164503905012,70.23164503905012
ridge,8,1,2025-11-30,origin_germany_dax,43.05594051176461,43.05594051176461
ridge,8,1,2025-11-30,origin_poland_wig20_kghm,104.93921923093559,104.93921923093559
ridge,8,1,2025-11-30,japan_industrial_production_lag_12,-115.10273653347987,115.10273653347987
elasticnet,8,1,2025-11-30,origin_copper_price_usd_per_ton,107.73752111239807,107.73752111239807
elasticnet,8,1,2025-11-30,origin_china_csi300_jiangxi_copper,64.20027629705707,64.20027629705707
elasticnet,8,1,2025-11-30,origin_south_korea_kospi,72.60725271487529,72.60725271487529
elasticnet,8,1,2025-11-30,shfe_close_cny_per_ton_lag_1,86.90525563043197,86.90525563043197
elasticnet,8,1,2025-11-30,china_csi300_jiangxi_copper_lag_1,63.965713595215846,63.965713595215846
elasticnet,8,1,2025-11-30,origin_canada_tsx_composite_lundin_mining,58.861231545635064,58.861231545635064
elasticnet,8,1,2025-11-30,origin_aluminum_cash_usd_per_ton,98.6625876552179,98.6625876552179
elasticnet,8,1,2025-11-30,origin_uk_ftse100_antofagasta,83.74587875032441,83.74587875032441
elasticnet,8,1,2025-11-30,origin_canada_tsx_composite_capstone_copper,79.81688735389017,79.81688735389017
elasticnet,8,1,2025-11-30,tin_cash_usd_per_ton_lag_1,82.17701691832222,82.17701691832222
elasticnet,8,1,2025-11-30,south_korea_kospi_lag_1,71.66812120155015,71.66812120155015
elasticnet,8,1,2025-11-30,canada_tsx_composite_lundin_mining_lag_1,48.67015616095391,48.67015616095391
elasticnet,8,1,2025-11-30,origin_canada_tsx_composite,64.6577712139948,64.6577712139948
elasticnet,8,1,2025-11-30,usa_nasdaq_composite_lag_3,79.37065088704934,79.37065088704934
elasticnet,8,1,2025-11-30,silver_usd_per_troy_ounce_lag_6,74.61316174878567,74.61316174878567
elasticnet,8,1,2025-11-30,origin_usa_nyse_hecla_mining,68.28375197130737,68.28375197130737
elasticnet,8,1,2025-11-30,origin_germany_dax,51.544267846695845,51.544267846695845
elasticnet,8,1,2025-11-30,origin_poland_wig20_kghm,81.65240586228525,81.65240586228525
elasticnet,8,1,2025-11-30,japan_industrial_production_lag_12,-89.59546789186072,89.59546789186072
ridge,8,1,2025-12-31,origin_copper_price_usd_per_ton,136.9354411565203,136.9354411565203
ridge,8,1,2025-12-31,origin_china_csi300_jiangxi_copper,62.201913356894224,62.201913356894224
ridge,8,1,2025-12-31,origin_south_korea_kospi,86.39408079010396,86.39408079010396
ridge,8,1,2025-12-31,shfe_close_cny_per_ton_lag_1,91.9110942098617,91.9110942098617
ridge,8,1,2025-12-31,china_csi300_jiangxi_copper_lag_1,56.35376327446121,56.35376327446121
ridge,8,1,2025-12-31,origin_canada_tsx_composite_lundin_mining,44.504858752109975,44.504858752109975
ridge,8,1,2025-12-31,origin_aluminum_cash_usd_per_ton,122.37040468359719,122.37040468359719
ridge,8,1,2025-12-31,origin_uk_ftse100_antofagasta,89.61212195984723,89.61212195984723
ridge,8,1,2025-12-31,tin_cash_usd_per_ton_lag_1,86.68689299642725,86.68689299642725
ridge,8,1,2025-12-31,south_korea_kospi_lag_1,83.56275705369605,83.56275705369605
ridge,8,1,2025-12-31,origin_canada_tsx_composite_capstone_copper,78.27949386473868,78.27949386473868
ridge,8,1,2025-12-31,origin_usa_sp500_freeport_mcmoran,141.20034723002993,141.20034723002993
ridge,8,1,2025-12-31,usa_nasdaq_composite_lag_3,84.98507472185658,84.98507472185658
ridge,8,1,2025-12-31,origin_canada_tsx_composite,49.863977987273536,49.863977987273536
ridge,8,1,2025-12-31,silver_usd_per_troy_ounce_lag_6,83.38235477886451,83.38235477886451
ridge,8,1,2025-12-31,origin_usa_nyse_hecla_mining,66.04407641898938,66.04407641898938
ridge,8,1,2025-12-31,origin_poland_wig20_kghm,118.81209466165905,118.81209466165905
ridge,8,1,2025-12-31,origin_germany_dax,39.82554717761031,39.82554717761031
ridge,8,1,2025-12-31,gold_usd_per_troy_ounce_lag_12,87.50709534321624,87.50709534321624
elasticnet,8,1,2025-12-31,origin_copper_price_usd_per_ton,106.78690293389346,106.78690293389346
elasticnet,8,1,2025-12-31,origin_china_csi300_jiangxi_copper,65.78309220134238,65.78309220134238
elasticnet,8,1,2025-12-31,origin_south_korea_kospi,76.57144789529094,76.57144789529094
elasticnet,8,1,2025-12-31,shfe_close_cny_per_ton_lag_1,84.34869433640836,84.34869433640836
elasticnet,8,1,2025-12-31,china_csi300_jiangxi_copper_lag_1,64.41737778389056,64.41737778389056
elasticnet,8,1,2025-12-31,origin_canada_tsx_composite_lundin_mining,57.72965528623007,57.72965528623007
elasticnet,8,1,2025-12-31,origin_aluminum_cash_usd_per_ton,95.85520323509557,95.85520323509557
elasticnet,8,1,2025-12-31,origin_uk_ftse100_antofagasta,79.53399818675287,79.53399818675287
elasticnet,8,1,2025-12-31,tin_cash_usd_per_ton_lag_1,80.523326026445,80.523326026445
elasticnet,8,1,2025-12-31,south_korea_kospi_lag_1,76.65017196425904,76.65017196425904
elasticnet,8,1,2025-12-31,origin_canada_tsx_composite_capstone_copper,75.39779776346415,75.39779776346415
elasticnet,8,1,2025-12-31,origin_usa_sp500_freeport_mcmoran,106.00642138545014,106.00642138545014
elasticnet,8,1,2025-12-31,usa_nasdaq_composite_lag_3,77.10196418930417,77.10196418930417
elasticnet,8,1,2025-12-31,origin_canada_tsx_composite,60.030729074844395,60.030729074844395
elasticnet,8,1,2025-12-31,silver_usd_per_troy_ounce_lag_6,75.50012715049449,75.50012715049449
elasticnet,8,1,2025-12-31,origin_usa_nyse_hecla_mining,66.06351365782857,66.06351365782857
elasticnet,8,1,2025-12-31,origin_poland_wig20_kghm,89.86172055677832,89.86172055677832
elasticnet,8,1,2025-12-31,origin_germany_dax,50.49255174728845,50.49255174728845
elasticnet,8,1,2025-12-31,gold_usd_per_troy_ounce_lag_12,77.51691776405423,77.51691776405423
ridge,8,1,2026-01-31,origin_copper_price_usd_per_ton,141.41008255126224,141.41008255126224
ridge,8,1,2026-01-31,origin_china_csi300_jiangxi_copper,86.96432988674033,86.96432988674033
ridge,8,1,2026-01-31,origin_south_korea_kospi,114.49512227190989,114.49512227190989
ridge,8,1,2026-01-31,shfe_close_cny_per_ton_lag_1,88.27595405374778,88.27595405374778
ridge,8,1,2026-01-31,origin_canada_tsx_composite_lundin_mining,63.077681309786264,63.077681309786264
ridge,8,1,2026-01-31,origin_aluminum_cash_usd_per_ton,125.74641080788341,125.74641080788341
ridge,8,1,2026-01-31,origin_uk_ftse100_antofagasta,93.99793369779134,93.99793369779134
ridge,8,1,2026-01-31,tin_cash_usd_per_ton_lag_1,90.80795674838173,90.80795674838173
ridge,8,1,2026-01-31,origin_canada_tsx_composite_capstone_copper,72.44118569877462,72.44118569877462
ridge,8,1,2026-01-31,usa_nasdaq_composite_lag_3,80.47614061851613,80.47614061851613
ridge,8,1,2026-01-31,origin_usa_dow_jones,67.00365977278176,67.00365977278176
ridge,8,1,2026-01-31,origin_usa_sp500_freeport_mcmoran,134.30148634069067,134.30148634069067
ridge,8,1,2026-01-31,silver_usd_per_troy_ounce_lag_6,85.29770641229106,85.29770641229106
ridge,8,1,2026-01-31,origin_usa_nyse_hecla_mining,85.73697043681751,85.73697043681751
ridge,8,1,2026-01-31,gold_usd_per_troy_ounce_lag_12,85.27392946386315,85.27392946386315
ridge,8,1,2026-01-31,origin_poland_wig20_kghm,142.9588395322238,142.9588395322238
ridge,8,1,2026-01-31,germany_dax_lag_1,22.079225371425114,22.079225371425114
ridge,8,1,2026-01-31,canada_tsx_composite_lag_1,37.011028769627664,37.011028769627664
ridge,8,1,2026-01-31,shfe_close_cny_per_ton_lag_3,68.82516013228692,68.82516013228692
elasticnet,8,1,2026-01-31,origin_copper_price_usd_per_ton,110.88605211505254,110.88605211505254
elasticnet,8,1,2026-01-31,origin_china_csi300_jiangxi_copper,81.1942178063246,81.1942178063246
elasticnet,8,1,2026-01-31,origin_south_korea_kospi,94.54530217506968,94.54530217506968
elasticnet,8,1,2026-01-31,shfe_close_cny_per_ton_lag_1,83.05298462124185,83.05298462124185
elasticnet,8,1,2026-01-31,origin_canada_tsx_composite_lundin_mining,69.42013037239249,69.42013037239249
elasticnet,8,1,2026-01-31,origin_aluminum_cash_usd_per_ton,98.66809981499539,98.66809981499539
elasticnet,8,1,2026-01-31,origin_uk_ftse100_antofagasta,84.0221657744229,84.0221657744229
elasticnet,8,1,2026-01-31,tin_cash_usd_per_ton_lag_1,83.09755901414445,83.09755901414445
elasticnet,8,1,2026-01-31,origin_canada_tsx_composite_capstone_copper,73.63306717849325,73.63306717849325
elasticnet,8,1,2026-01-31,usa_nasdaq_composite_lag_3,75.6603439402331,75.6603439402331
elasticnet,8,1,2026-01-31,origin_usa_dow_jones,68.52067647371526,68.52067647371526
elasticnet,8,1,2026-01-31,origin_usa_sp500_freeport_mcmoran,103.32965528483977,103.32965528483977
elasticnet,8,1,2026-01-31,silver_usd_per_troy_ounce_lag_6,77.17778064426474,77.17778064426474
elasticnet,8,1,2026-01-31,origin_usa_nyse_hecla_mining,78.33080185113987,78.33080185113987
elasticnet,8,1,2026-01-31,gold_usd_per_troy_ounce_lag_12,77.19903730231343,77.19903730231343
elasticnet,8,1,2026-01-31,origin_poland_wig20_kghm,106.9447210207465,106.9447210207465
elasticnet,8,1,2026-01-31,germany_dax_lag_1,43.32994799580621,43.32994799580621
elasticnet,8,1,2026-01-31,canada_tsx_composite_lag_1,54.65274929966108,54.65274929966108
elasticnet,8,1,2026-01-31,shfe_close_cny_per_ton_lag_3,70.49784565848341,70.49784565848341
ridge,8,1,2026-02-28,origin_copper_price_usd_per_ton,155.06656478402522,155.06656478402522
ridge,8,1,2026-02-28,origin_china_csi300_jiangxi_copper,64.60796897051239,64.60796897051239
ridge,8,1,2026-02-28,origin_south_korea_kospi,115.67737451287962,115.67737451287962
ridge,8,1,2026-02-28,shfe_close_cny_per_ton_lag_1,103.03327037455634,103.03327037455634
ridge,8,1,2026-02-28,origin_canada_tsx_composite_lundin_mining,54.48427607557719,54.48427607557719
ridge,8,1,2026-02-28,origin_aluminum_cash_usd_per_ton,140.22597248995743,140.22597248995743
ridge,8,1,2026-02-28,origin_uk_ftse100_antofagasta,95.29066445966681,95.29066445966681
ridge,8,1,2026-02-28,tin_cash_usd_per_ton_lag_1,105.95009169826298,105.95009169826298
ridge,8,1,2026-02-28,origin_canada_tsx_composite_capstone_copper,84.97042898653342,84.97042898653342
ridge,8,1,2026-02-28,usa_nasdaq_composite_lag_3,93.1104844590895,93.1104844590895
ridge,8,1,2026-02-28,origin_canada_tsx_composite,56.471737874724695,56.471737874724695
ridge,8,1,2026-02-28,origin_usa_sp500_freeport_mcmoran,151.77878403077187,151.77878403077187
ridge,8,1,2026-02-28,gold_usd_per_troy_ounce_lag_12,100.44658585104615,100.44658585104615
ridge,8,1,2026-02-28,silver_usd_per_troy_ounce_lag_6,96.2255425580666,96.2255425580666
ridge,8,1,2026-02-28,origin_poland_wig20_kghm,135.75911318361833,135.75911318361833
ridge,8,1,2026-02-28,origin_usa_nyse_hecla_mining,57.60709189421354,57.60709189421354
ridge,8,1,2026-02-28,germany_dax_lag_1,33.56908080852462,33.56908080852462
ridge,8,1,2026-02-28,japan_nikkei225_lag_3,46.68642183538346,46.68642183538346
ridge,8,1,2026-02-28,silver_usd_per_troy_ounce_lag_1,43.26477691987963,43.26477691987963
elasticnet,8,1,2026-02-28,origin_copper_price_usd_per_ton,94.7317911367498,94.7317911367498
elasticnet,8,1,2026-02-28,origin_china_csi300_jiangxi_copper,64.85975167177341,64.85975167177341
elasticnet,8,1,2026-02-28,origin_south_korea_kospi,77.78505516717335,77.78505516717335
elasticnet,8,1,2026-02-28,shfe_close_cny_per_ton_lag_1,80.26957540059175,80.26957540059175
elasticnet,8,1,2026-02-28,origin_canada_tsx_composite_lundin_mining,63.17948910538735,63.17948910538735
elasticnet,8,1,2026-02-28,origin_aluminum_cash_usd_per_ton,85.94642253680777,85.94642253680777
elasticnet,8,1,2026-02-28,origin_uk_ftse100_antofagasta,75.22112151708778,75.22112151708778
elasticnet,8,1,2026-02-28,tin_cash_usd_per_ton_lag_1,78.39947554851746,78.39947554851746
elasticnet,8,1,2026-02-28,origin_canada_tsx_composite_capstone_copper,73.74361697041273,73.74361697041273
elasticnet,8,1,2026-02-28,usa_nasdaq_composite_lag_3,74.34389536186747,74.34389536186747
elasticnet,8,1,2026-02-28,origin_canada_tsx_composite,65.0743173121124,65.0743173121124
elasticnet,8,1,2026-02-28,origin_usa_sp500_freeport_mcmoran,90.1144234485933,90.1144234485933
elasticnet,8,1,2026-02-28,gold_usd_per_troy_ounce_lag_12,75.40023127444225,75.40023127444225
elasticnet,8,1,2026-02-28,silver_usd_per_troy_ounce_lag_6,74.13260353493934,74.13260353493934
elasticnet,8,1,2026-02-28,origin_poland_wig20_kghm,80.14412720142312,80.14412720142312
elasticnet,8,1,2026-02-28,origin_usa_nyse_hecla_mining,60.217575886880894,60.217575886880894
elasticnet,8,1,2026-02-28,germany_dax_lag_1,54.55287651016324,54.55287651016324
elasticnet,8,1,2026-02-28,japan_nikkei225_lag_3,60.01851310051754,60.01851310051754
elasticnet,8,1,2026-02-28,silver_usd_per_troy_ounce_lag_1,60.06014972751669,60.06014972751669
ridge,8,1,2026-03-31,origin_copper_price_usd_per_ton,338.5447910232759,338.5447910232759
ridge,8,1,2026-03-31,origin_china_csi300_jiangxi_copper,18.066407486490515,18.066407486490515
ridge,8,1,2026-03-31,origin_south_korea_kospi,172.46713474728554,172.46713474728554
ridge,8,1,2026-03-31,origin_canada_tsx_composite_lundin_mining,-22.356823110925404,22.356823110925404
ridge,8,1,2026-03-31,shfe_close_cny_per_ton_lag_1,53.32677560540578,53.32677560540578
ridge,8,1,2026-03-31,origin_aluminum_cash_usd_per_ton,217.09410006065693,217.09410006065693
ridge,8,1,2026-03-31,origin_uk_ftse100_antofagasta,149.09155220195737,149.09155220195737
ridge,8,1,2026-03-31,tin_cash_usd_per_ton_lag_1,-24.345070170800604,24.345070170800604
ridge,8,1,2026-03-31,usa_nasdaq_composite_lag_3,214.91675371232122,214.91675371232122
ridge,8,1,2026-03-31,origin_canada_tsx_composite_capstone_copper,89.07317435817048,89.07317435817048
ridge,8,1,2026-03-31,origin_canada_tsx_composite,4.651670824789528,4.651670824789528
ridge,8,1,2026-03-31,gold_usd_per_troy_ounce_lag_12,214.51270433920075,214.51270433920075
ridge,8,1,2026-03-31,origin_usa_sp500_freeport_mcmoran,242.68092716022346,242.68092716022346
ridge,8,1,2026-03-31,silver_usd_per_troy_ounce_lag_6,156.39057880012874,156.39057880012874
ridge,8,1,2026-03-31,origin_poland_wig20_kghm,260.0323436496477,260.0323436496477
ridge,8,1,2026-03-31,origin_usa_nyse_hecla_mining,24.58237577910602,24.58237577910602
ridge,8,1,2026-03-31,germany_dax_lag_1,9.128271494106265,9.128271494106265
ridge,8,1,2026-03-31,silver_usd_per_troy_ounce_lag_1,-210.8772514135661,210.8772514135661
ridge,8,1,2026-03-31,japan_nikkei225_lag_3,-47.50314902486333,47.50314902486333
elasticnet,8,1,2026-03-31,origin_copper_price_usd_per_ton,98.75671298113497,98.75671298113497
elasticnet,8,1,2026-03-31,origin_china_csi300_jiangxi_copper,63.72607072945693,63.72607072945693
elasticnet,8,1,2026-03-31,origin_south_korea_kospi,71.73721255813537,71.73721255813537
elasticnet,8,1,2026-03-31,origin_canada_tsx_composite_lundin_mining,60.50858400391124,60.50858400391124
elasticnet,8,1,2026-03-31,shfe_close_cny_per_ton_lag_1,82.99982909490492,82.99982909490492
elasticnet,8,1,2026-03-31,origin_aluminum_cash_usd_per_ton,90.86694665167221,90.86694665167221
elasticnet,8,1,2026-03-31,origin_uk_ftse100_antofagasta,74.67859287520078,74.67859287520078
elasticnet,8,1,2026-03-31,tin_cash_usd_per_ton_lag_1,79.78646913848489,79.78646913848489
elasticnet,8,1,2026-03-31,usa_nasdaq_composite_lag_3,79.64254222280641,79.64254222280641
elasticnet,8,1,2026-03-31,origin_canada_tsx_composite_capstone_copper,77.99536175702116,77.99536175702116
elasticnet,8,1,2026-03-31,origin_canada_tsx_composite,69.02730304488003,69.02730304488003
elasticnet,8,1,2026-03-31,gold_usd_per_troy_ounce_lag_12,79.14751970821918,79.14751970821918
elasticnet,8,1,2026-03-31,origin_usa_sp500_freeport_mcmoran,93.9851710852373,93.9851710852373
elasticnet,8,1,2026-03-31,silver_usd_per_troy_ounce_lag_6,78.37009951180966,78.37009951180966
elasticnet,8,1,2026-03-31,origin_poland_wig20_kghm,79.21778144229661,79.21778144229661
elasticnet,8,1,2026-03-31,origin_usa_nyse_hecla_mining,59.07590796667978,59.07590796667978
elasticnet,8,1,2026-03-31,germany_dax_lag_1,59.85981278417367,59.85981278417367
elasticnet,8,1,2026-03-31,silver_usd_per_troy_ounce_lag_1,48.88215726648443,48.88215726648443
elasticnet,8,1,2026-03-31,japan_nikkei225_lag_3,63.329956914764956,63.329956914764956
ridge,8,1,2026-04-30,origin_copper_price_usd_per_ton,357.66046091245283,357.66046091245283
ridge,8,1,2026-04-30,origin_china_csi300_jiangxi_copper,36.46539841040565,36.46539841040565
ridge,8,1,2026-04-30,origin_south_korea_kospi,172.44632302339016,172.44632302339016
ridge,8,1,2026-04-30,origin_canada_tsx_composite_lundin_mining,-33.316077390777636,33.316077390777636
ridge,8,1,2026-04-30,shfe_close_cny_per_ton_lag_1,48.798339361775824,48.798339361775824
ridge,8,1,2026-04-30,origin_aluminum_cash_usd_per_ton,225.74696040275802,225.74696040275802
ridge,8,1,2026-04-30,usa_nasdaq_composite_lag_3,213.81746802027425,213.81746802027425
ridge,8,1,2026-04-30,tin_cash_usd_per_ton_lag_1,-3.7549017641698037,3.7549017641698037
ridge,8,1,2026-04-30,origin_uk_ftse100_antofagasta,132.00432011593531,132.00432011593531
ridge,8,1,2026-04-30,origin_canada_tsx_composite_capstone_copper,96.33761476047148,96.33761476047148
ridge,8,1,2026-04-30,origin_canada_tsx_composite,4.55408722744704,4.55408722744704
ridge,8,1,2026-04-30,gold_usd_per_troy_ounce_lag_12,209.11059197947287,209.11059197947287
ridge,8,1,2026-04-30,origin_usa_sp500_freeport_mcmoran,248.6477621430108,248.6477621430108
ridge,8,1,2026-04-30,silver_usd_per_troy_ounce_lag_6,159.0866508964191,159.0866508964191
ridge,8,1,2026-04-30,origin_poland_wig20_kghm,281.57356345071,281.57356345071
ridge,8,1,2026-04-30,origin_usa_nyse_hecla_mining,37.778958086306005,37.778958086306005
ridge,8,1,2026-04-30,germany_dax_lag_1,2.024957976107882,2.024957976107882
ridge,8,1,2026-04-30,silver_usd_per_troy_ounce_lag_1,-217.95013872083004,217.95013872083004
ridge,8,1,2026-04-30,china_csi300_jiangxi_copper_lag_3,-60.329972116380446,60.329972116380446
elasticnet,8,1,2026-04-30,origin_copper_price_usd_per_ton,175.31270567804097,175.31270567804097
elasticnet,8,1,2026-04-30,origin_china_csi300_jiangxi_copper,63.46189194818937,63.46189194818937
elasticnet,8,1,2026-04-30,origin_south_korea_kospi,83.14287826799746,83.14287826799746
elasticnet,8,1,2026-04-30,origin_canada_tsx_composite_lundin_mining,43.83837557480863,43.83837557480863
elasticnet,8,1,2026-04-30,shfe_close_cny_per_ton_lag_1,109.29320140801839,109.29320140801839
elasticnet,8,1,2026-04-30,origin_aluminum_cash_usd_per_ton,151.62267452399118,151.62267452399118
elasticnet,8,1,2026-04-30,usa_nasdaq_composite_lag_3,116.6553732685385,116.6553732685385
elasticnet,8,1,2026-04-30,tin_cash_usd_per_ton_lag_1,98.92685223248952,98.92685223248952
elasticnet,8,1,2026-04-30,origin_uk_ftse100_antofagasta,94.11460585110311,94.11460585110311
elasticnet,8,1,2026-04-30,origin_canada_tsx_composite_capstone_copper,109.78413848714072,109.78413848714072
elasticnet,8,1,2026-04-30,origin_canada_tsx_composite,71.93894687695742,71.93894687695742
elasticnet,8,1,2026-04-30,gold_usd_per_troy_ounce_lag_12,112.77646053884494,112.77646053884494
elasticnet,8,1,2026-04-30,origin_usa_sp500_freeport_mcmoran,168.28128146212856,168.28128146212856
elasticnet,8,1,2026-04-30,silver_usd_per_troy_ounce_lag_6,105.9471339800584,105.9471339800584
elasticnet,8,1,2026-04-30,origin_poland_wig20_kghm,133.92710096430167,133.92710096430167
elasticnet,8,1,2026-04-30,origin_usa_nyse_hecla_mining,54.46381339469772,54.46381339469772
elasticnet,8,1,2026-04-30,germany_dax_lag_1,55.01098082101321,55.01098082101321
elasticnet,8,1,2026-04-30,silver_usd_per_troy_ounce_lag_1,0.0,0.0
elasticnet,8,1,2026-04-30,china_csi300_jiangxi_copper_lag_3,49.343545759774564,49.343545759774564
ridge,8,1,2026-05-31,origin_copper_price_usd_per_ton,414.01518770232735,414.01518770232735
ridge,8,1,2026-05-31,origin_china_csi300_jiangxi_copper,58.56609141770276,58.56609141770276
ridge,8,1,2026-05-31,origin_south_korea_kospi,92.64695341782266,92.64695341782266
ridge,8,1,2026-05-31,origin_canada_tsx_composite_lundin_mining,-54.567029148509555,54.567029148509555
ridge,8,1,2026-05-31,origin_aluminum_cash_usd_per_ton,229.38270125858065,229.38270125858065
ridge,8,1,2026-05-31,shfe_close_cny_per_ton_lag_1,57.257285333323736,57.257285333323736
ridge,8,1,2026-05-31,usa_nasdaq_composite_lag_3,229.63933827136557,229.63933827136557
ridge,8,1,2026-05-31,tin_cash_usd_per_ton_lag_1,-18.8440847378179,18.8440847378179
ridge,8,1,2026-05-31,origin_canada_tsx_composite,20.97114383439194,20.97114383439194
ridge,8,1,2026-05-31,gold_usd_per_troy_ounce_lag_12,194.04909242108664,194.04909242108664
ridge,8,1,2026-05-31,uk_ftse100_antofagasta_lag_1,9.773608442273494,9.773608442273494
ridge,8,1,2026-05-31,silver_usd_per_troy_ounce_lag_6,123.22973743997147,123.22973743997147
ridge,8,1,2026-05-31,origin_usa_sp500_freeport_mcmoran,322.5429839591185,322.5429839591185
ridge,8,1,2026-05-31,origin_poland_wig20_kghm,278.3039283633699,278.3039283633699
ridge,8,1,2026-05-31,origin_usa_nyse_hecla_mining,18.802900913419908,18.802900913419908
ridge,8,1,2026-05-31,origin_hong_kong_hang_seng_zijin_mining,43.00988710036986,43.00988710036986
ridge,8,1,2026-05-31,china_csi300_jiangxi_copper_lag_3,-142.44302986892868,142.44302986892868
ridge,8,1,2026-05-31,germany_dax_lag_1,18.363068658053848,18.363068658053848
ridge,8,1,2026-05-31,south_korea_kospi_lag_3,81.5778925718379,81.5778925718379
elasticnet,8,1,2026-05-31,origin_copper_price_usd_per_ton,133.4510065974037,133.4510065974037
elasticnet,8,1,2026-05-31,origin_china_csi300_jiangxi_copper,72.76145617495747,72.76145617495747
elasticnet,8,1,2026-05-31,origin_south_korea_kospi,70.91030602763463,70.91030602763463
elasticnet,8,1,2026-05-31,origin_canada_tsx_composite_lundin_mining,62.505605361417054,62.505605361417054
elasticnet,8,1,2026-05-31,origin_aluminum_cash_usd_per_ton,116.25394838285786,116.25394838285786
elasticnet,8,1,2026-05-31,shfe_close_cny_per_ton_lag_1,105.65219094154331,105.65219094154331
elasticnet,8,1,2026-05-31,usa_nasdaq_composite_lag_3,105.89869350757479,105.89869350757479
elasticnet,8,1,2026-05-31,tin_cash_usd_per_ton_lag_1,95.34146398854038,95.34146398854038
elasticnet,8,1,2026-05-31,origin_canada_tsx_composite,84.69037813160267,84.69037813160267
elasticnet,8,1,2026-05-31,gold_usd_per_troy_ounce_lag_12,99.03104409619425,99.03104409619425
elasticnet,8,1,2026-05-31,uk_ftse100_antofagasta_lag_1,81.57890326868619,81.57890326868619
elasticnet,8,1,2026-05-31,silver_usd_per_troy_ounce_lag_6,90.62839159102592,90.62839159102592
elasticnet,8,1,2026-05-31,origin_usa_sp500_freeport_mcmoran,132.58403999329857,132.58403999329857
elasticnet,8,1,2026-05-31,origin_poland_wig20_kghm,97.37788889553906,97.37788889553906
elasticnet,8,1,2026-05-31,origin_usa_nyse_hecla_mining,65.55415962109367,65.55415962109367
elasticnet,8,1,2026-05-31,origin_hong_kong_hang_seng_zijin_mining,83.24693026538877,83.24693026538877
elasticnet,8,1,2026-05-31,china_csi300_jiangxi_copper_lag_3,54.11911299570532,54.11911299570532
elasticnet,8,1,2026-05-31,germany_dax_lag_1,76.3067328951079,76.3067328951079
elasticnet,8,1,2026-05-31,south_korea_kospi_lag_3,81.41449252245205,81.41449252245205
ridge,8,1,2026-06-30,origin_copper_price_usd_per_ton,189.55782350970875,189.55782350970875
ridge,8,1,2026-06-30,origin_china_csi300_jiangxi_copper,80.89521975354533,80.89521975354533
ridge,8,1,2026-06-30,origin_south_korea_kospi,50.65607053874848,50.65607053874848
ridge,8,1,2026-06-30,origin_aluminum_cash_usd_per_ton,152.74796239971107,152.74796239971107
ridge,8,1,2026-06-30,origin_canada_tsx_composite_lundin_mining,48.73592577857783,48.73592577857783
ridge,8,1,2026-06-30,usa_nasdaq_composite_lag_3,145.2979838766065,145.2979838766065
ridge,8,1,2026-06-30,shfe_close_cny_per_ton_lag_1,132.63533448182335,132.63533448182335
ridge,8,1,2026-06-30,tin_cash_usd_per_ton_lag_1,111.88126504460465,111.88126504460465
ridge,8,1,2026-06-30,origin_canada_tsx_composite,95.36231046288604,95.36231046288604
ridge,8,1,2026-06-30,gold_usd_per_troy_ounce_lag_12,120.87326884762504,120.87326884762504
ridge,8,1,2026-06-30,uk_ftse100_antofagasta_lag_1,83.52629552100255,83.52629552100255
ridge,8,1,2026-06-30,silver_usd_per_troy_ounce_lag_6,101.93035810873957,101.93035810873957
ridge,8,1,2026-06-30,origin_poland_wig20_kghm,123.8744400371131,123.8744400371131
ridge,8,1,2026-06-30,origin_usa_sp500_freeport_mcmoran,193.44658901497613,193.44658901497613
ridge,8,1,2026-06-30,china_csi300_jiangxi_copper_lag_3,25.31278521442966,25.31278521442966
ridge,8,1,2026-06-30,origin_usa_nyse_hecla_mining,67.91843696229103,67.91843696229103
ridge,8,1,2026-06-30,south_korea_kospi_lag_3,68.51630409219783,68.51630409219783
ridge,8,1,2026-06-30,origin_hong_kong_hang_seng_zijin_mining,96.14474800328505,96.14474800328505
ridge,8,1,2026-06-30,origin_canada_tsx_composite_hudbay_minerals,25.69862363255077,25.69862363255077
elasticnet,8,1,2026-06-30,origin_copper_price_usd_per_ton,108.53616786838319,108.53616786838319
elasticnet,8,1,2026-06-30,origin_china_csi300_jiangxi_copper,73.35163013175726,73.35163013175726
elasticnet,8,1,2026-06-30,origin_south_korea_kospi,63.224236820562005,63.224236820562005
elasticnet,8,1,2026-06-30,origin_aluminum_cash_usd_per_ton,96.11800353756958,96.11800353756958
elasticnet,8,1,2026-06-30,origin_canada_tsx_composite_lundin_mining,66.5566080315582,66.5566080315582
elasticnet,8,1,2026-06-30,usa_nasdaq_composite_lag_3,95.73084838436696,95.73084838436696
elasticnet,8,1,2026-06-30,shfe_close_cny_per_ton_lag_1,95.83468017132002,95.83468017132002
elasticnet,8,1,2026-06-30,tin_cash_usd_per_ton_lag_1,87.26340791783487,87.26340791783487
elasticnet,8,1,2026-06-30,origin_canada_tsx_composite,83.30907013211981,83.30907013211981
elasticnet,8,1,2026-06-30,gold_usd_per_troy_ounce_lag_12,89.47728435115837,89.47728435115837
elasticnet,8,1,2026-06-30,uk_ftse100_antofagasta_lag_1,79.74794001655349,79.74794001655349
elasticnet,8,1,2026-06-30,silver_usd_per_troy_ounce_lag_6,83.47215651567487,83.47215651567487
elasticnet,8,1,2026-06-30,origin_poland_wig20_kghm,80.58578774989672,80.58578774989672
elasticnet,8,1,2026-06-30,origin_usa_sp500_freeport_mcmoran,107.72384332715636,107.72384332715636
elasticnet,8,1,2026-06-30,china_csi300_jiangxi_copper_lag_3,59.83149302402538,59.83149302402538
elasticnet,8,1,2026-06-30,origin_usa_nyse_hecla_mining,68.03863740098566,68.03863740098566
elasticnet,8,1,2026-06-30,south_korea_kospi_lag_3,70.30858045281819,70.30858045281819
elasticnet,8,1,2026-06-30,origin_hong_kong_hang_seng_zijin_mining,82.26950772014536,82.26950772014536
elasticnet,8,1,2026-06-30,origin_canada_tsx_composite_hudbay_minerals,58.898021405871454,58.898021405871454
ridge,8,1,2026-07-31,origin_copper_price_usd_per_ton,196.55488539883254,196.55488539883254
ridge,8,1,2026-07-31,origin_china_csi300_jiangxi_copper,96.60025928756747,96.60025928756747
ridge,8,1,2026-07-31,origin_south_korea_kospi,34.6702407362111,34.6702407362111
ridge,8,1,2026-07-31,origin_aluminum_cash_usd_per_ton,159.36580888378828,159.36580888378828
ridge,8,1,2026-07-31,origin_canada_tsx_composite_lundin_mining,56.489876443854776,56.489876443854776
ridge,8,1,2026-07-31,usa_nasdaq_composite_lag_3,162.10708979202508,162.10708979202508
ridge,8,1,2026-07-31,shfe_close_cny_per_ton_lag_1,141.0516165215109,141.0516165215109
ridge,8,1,2026-07-31,tin_cash_usd_per_ton_lag_1,111.95601299048535,111.95601299048535
ridge,8,1,2026-07-31,origin_canada_tsx_composite,106.38726368039356,106.38726368039356
ridge,8,1,2026-07-31,gold_usd_per_troy_ounce_lag_12,125.36900986248996,125.36900986248996
ridge,8,1,2026-07-31,uk_ftse100_antofagasta_lag_1,88.86911903167001,88.86911903167001
ridge,8,1,2026-07-31,silver_usd_per_troy_ounce_lag_6,87.70338762659003,87.70338762659003
ridge,8,1,2026-07-31,origin_poland_wig20_kghm,117.18411359363947,117.18411359363947
ridge,8,1,2026-07-31,china_csi300_jiangxi_copper_lag_3,30.876835047143853,30.876835047143853
ridge,8,1,2026-07-31,origin_canada_tsx_composite_hudbay_minerals,32.7532022710803,32.7532022710803
ridge,8,1,2026-07-31,origin_usa_sp500_freeport_mcmoran,200.51004953115617,200.51004953115617
ridge,8,1,2026-07-31,south_korea_kospi_lag_3,59.54971432870613,59.54971432870613
ridge,8,1,2026-07-31,origin_usa_nyse_hecla_mining,85.11757299847653,85.11757299847653
ridge,8,1,2026-07-31,origin_germany_dax_aurubis,66.67763357529981,66.67763357529981
elasticnet,8,1,2026-07-31,origin_copper_price_usd_per_ton,111.71552473178599,111.71552473178599
elasticnet,8,1,2026-07-31,origin_china_csi300_jiangxi_copper,79.06612374123112,79.06612374123112
elasticnet,8,1,2026-07-31,origin_south_korea_kospi,59.549378961834435,59.549378961834435
elasticnet,8,1,2026-07-31,origin_aluminum_cash_usd_per_ton,99.39691793147439,99.39691793147439
elasticnet,8,1,2026-07-31,origin_canada_tsx_composite_lundin_mining,70.23649218880898,70.23649218880898
elasticnet,8,1,2026-07-31,usa_nasdaq_composite_lag_3,101.41099056555738,101.41099056555738
elasticnet,8,1,2026-07-31,shfe_close_cny_per_ton_lag_1,99.47941903927006,99.47941903927006
elasticnet,8,1,2026-07-31,tin_cash_usd_per_ton_lag_1,88.92170654511438,88.92170654511438
elasticnet,8,1,2026-07-31,origin_canada_tsx_composite,87.79106533014013,87.79106533014013
elasticnet,8,1,2026-07-31,gold_usd_per_troy_ounce_lag_12,92.10198206921626,92.10198206921626
elasticnet,8,1,2026-07-31,uk_ftse100_antofagasta_lag_1,82.58077401630892,82.58077401630892
elasticnet,8,1,2026-07-31,silver_usd_per_troy_ounce_lag_6,80.20420903148523,80.20420903148523
elasticnet,8,1,2026-07-31,origin_poland_wig20_kghm,80.74716675105526,80.74716675105526
elasticnet,8,1,2026-07-31,china_csi300_jiangxi_copper_lag_3,62.77991752375888,62.77991752375888
elasticnet,8,1,2026-07-31,origin_canada_tsx_composite_hudbay_minerals,62.66486639213341,62.66486639213341
elasticnet,8,1,2026-07-31,origin_usa_sp500_freeport_mcmoran,111.04165437467834,111.04165437467834
elasticnet,8,1,2026-07-31,south_korea_kospi_lag_3,69.01499716734162,69.01499716734162
elasticnet,8,1,2026-07-31,origin_usa_nyse_hecla_mining,74.03279312668658,74.03279312668658
elasticnet,8,1,2026-07-31,origin_germany_dax_aurubis,75.24397369496211,75.24397369496211
ridge,8,3,2025-01-31,origin_south_korea_kospi,151.2315285704767,151.2315285704767
ridge,8,3,2025-01-31,origin_copper_price_usd_per_ton,105.32058426512009,105.32058426512009
ridge,8,3,2025-01-31,japan_industrial_production_lag_12,-121.72702616964546,121.72702616964546
ridge,8,3,2025-01-31,origin_uk_ftse100_antofagasta,81.53568749611013,81.53568749611013
ridge,8,3,2025-01-31,south_korea_kospi_lag_1,117.99270917310422,117.99270917310422
ridge,8,3,2025-01-31,origin_canada_tsx_composite_capstone_copper,41.34163341625034,41.34163341625034
ridge,8,3,2025-01-31,origin_usa_nasdaq_composite,111.29601313356522,111.29601313356522
ridge,8,3,2025-01-31,gold_usd_per_troy_ounce_lag_12,135.07943331027226,135.07943331027226
ridge,8,3,2025-01-31,shfe_close_cny_per_ton_lag_1,51.682308756440165,51.682308756440165
ridge,8,3,2025-01-31,uk_ftse100_antofagasta_lag_1,26.79307540975917,26.79307540975917
ridge,8,3,2025-01-31,silver_usd_per_troy_ounce_lag_6,129.3522465681608,129.3522465681608
ridge,8,3,2025-01-31,origin_usa_sp500_southern_copper,26.422733207245575,26.422733207245575
ridge,8,3,2025-01-31,origin_japan_nikkei225,57.640975256776215,57.640975256776215
ridge,8,3,2025-01-31,silver_usd_per_troy_ounce_lag_3,81.88142936728178,81.88142936728178
ridge,8,3,2025-01-31,origin_canada_tsx_composite_lundin_mining,28.574494979477667,28.574494979477667
ridge,8,3,2025-01-31,origin_germany_dax,22.565771802832593,22.565771802832593
ridge,8,3,2025-01-31,silver_usd_per_troy_ounce_lag_1,86.55443685540088,86.55443685540088
ridge,8,3,2025-01-31,japan_nikkei225_lag_3,29.908576600684043,29.908576600684043
elasticnet,8,3,2025-01-31,origin_south_korea_kospi,81.59387032300833,81.59387032300833
elasticnet,8,3,2025-01-31,origin_copper_price_usd_per_ton,72.53020465178079,72.53020465178079
elasticnet,8,3,2025-01-31,japan_industrial_production_lag_12,-74.3614532762325,74.3614532762325
elasticnet,8,3,2025-01-31,origin_uk_ftse100_antofagasta,60.68585786487521,60.68585786487521
elasticnet,8,3,2025-01-31,south_korea_kospi_lag_1,74.75902501504835,74.75902501504835
elasticnet,8,3,2025-01-31,origin_canada_tsx_composite_capstone_copper,51.21206702952982,51.21206702952982
elasticnet,8,3,2025-01-31,origin_usa_nasdaq_composite,70.14857806344186,70.14857806344186
elasticnet,8,3,2025-01-31,gold_usd_per_troy_ounce_lag_12,75.86969297865443,75.86969297865443
elasticnet,8,3,2025-01-31,shfe_close_cny_per_ton_lag_1,57.97890902103139,57.97890902103139
elasticnet,8,3,2025-01-31,uk_ftse100_antofagasta_lag_1,49.66783275467982,49.66783275467982
elasticnet,8,3,2025-01-31,silver_usd_per_troy_ounce_lag_6,76.90520641685319,76.90520641685319
elasticnet,8,3,2025-01-31,origin_usa_sp500_southern_copper,43.82763562432125,43.82763562432125
elasticnet,8,3,2025-01-31,origin_japan_nikkei225,51.68703054670911,51.68703054670911
elasticnet,8,3,2025-01-31,silver_usd_per_troy_ounce_lag_3,65.6996492028318,65.6996492028318
elasticnet,8,3,2025-01-31,origin_canada_tsx_composite_lundin_mining,47.62363576372082,47.62363576372082
elasticnet,8,3,2025-01-31,origin_germany_dax,45.623643229467326,45.623643229467326
elasticnet,8,3,2025-01-31,silver_usd_per_troy_ounce_lag_1,64.50623744766887,64.50623744766887
elasticnet,8,3,2025-01-31,japan_nikkei225_lag_3,45.04948132150657,45.04948132150657
ridge,8,3,2025-02-28,origin_south_korea_kospi,142.03506701488433,142.03506701488433
ridge,8,3,2025-02-28,japan_industrial_production_lag_12,-120.9526203957235,120.9526203957235
ridge,8,3,2025-02-28,origin_copper_price_usd_per_ton,102.8545023387897,102.8545023387897
ridge,8,3,2025-02-28,origin_uk_ftse100_antofagasta,81.44655485781156,81.44655485781156
ridge,8,3,2025-02-28,south_korea_kospi_lag_1,108.82207696593643,108.82207696593643
ridge,8,3,2025-02-28,origin_canada_tsx_composite_capstone_copper,42.66165848962695,42.66165848962695
ridge,8,3,2025-02-28,silver_usd_per_troy_ounce_lag_6,126.5099778104238,126.5099778104238
ridge,8,3,2025-02-28,origin_usa_nasdaq_composite,110.19163261333976,110.19163261333976
ridge,8,3,2025-02-28,gold_usd_per_troy_ounce_lag_12,136.25305961527874,136.25305961527874
ridge,8,3,2025-02-28,shfe_close_cny_per_ton_lag_1,52.88909140653053,52.88909140653053
ridge,8,3,2025-02-28,uk_ftse100_antofagasta_lag_1,25.91444891335576,25.91444891335576
ridge,8,3,2025-02-28,silver_usd_per_troy_ounce_lag_3,81.37706307583947,81.37706307583947
ridge,8,3,2025-02-28,origin_usa_sp500_southern_copper,26.155185296118564,26.155185296118564
ridge,8,3,2025-02-28,origin_canada_tsx_composite_lundin_mining,21.757174141902965,21.757174141902965
ridge,8,3,2025-02-28,origin_japan_nikkei225,59.949750816365984,59.949750816365984
ridge,8,3,2025-02-28,origin_china_csi300_jiangxi_copper,65.89969108498018,65.89969108498018
ridge,8,3,2025-02-28,silver_usd_per_troy_ounce_lag_1,81.65404949939673,81.65404949939673
ridge,8,3,2025-02-28,origin_germany_dax,19.815052015919022,19.815052015919022
elasticnet,8,3,2025-02-28,origin_south_korea_kospi,78.04165268882053,78.04165268882053
elasticnet,8,3,2025-02-28,japan_industrial_production_lag_12,-73.71749749589019,73.71749749589019
elasticnet,8,3,2025-02-28,origin_copper_price_usd_per_ton,71.5542592005632,71.5542592005632
elasticnet,8,3,2025-02-28,origin_uk_ftse100_antofagasta,60.68709507176001,60.68709507176001
elasticnet,8,3,2025-02-28,south_korea_kospi_lag_1,71.47800866613139,71.47800866613139
elasticnet,8,3,2025-02-28,origin_canada_tsx_composite_capstone_copper,51.752455908221094,51.752455908221094
elasticnet,8,3,2025-02-28,silver_usd_per_troy_ounce_lag_6,75.93321806624753,75.93321806624753
elasticnet,8,3,2025-02-28,origin_usa_nasdaq_composite,69.70920897638646,69.70920897638646
elasticnet,8,3,2025-02-28,gold_usd_per_troy_ounce_lag_12,76.21230264904709,76.21230264904709
elasticnet,8,3,2025-02-28,shfe_close_cny_per_ton_lag_1,58.2043676723322,58.2043676723322
elasticnet,8,3,2025-02-28,uk_ftse100_antofagasta_lag_1,49.50311610563778,49.50311610563778
elasticnet,8,3,2025-02-28,silver_usd_per_troy_ounce_lag_3,65.21537994735893,65.21537994735893
elasticnet,8,3,2025-02-28,origin_usa_sp500_southern_copper,44.07297590365909,44.07297590365909
elasticnet,8,3,2025-02-28,origin_canada_tsx_composite_lundin_mining,45.845949516367305,45.845949516367305
elasticnet,8,3,2025-02-28,origin_japan_nikkei225,52.529056084390426,52.529056084390426
elasticnet,8,3,2025-02-28,origin_china_csi300_jiangxi_copper,58.9834124542911,58.9834124542911
elasticnet,8,3,2025-02-28,silver_usd_per_troy_ounce_lag_1,62.66978020220541,62.66978020220541
elasticnet,8,3,2025-02-28,origin_germany_dax,45.03257333908748,45.03257333908748
ridge,8,3,2025-03-31,japan_industrial_production_lag_12,-124.24927012215873,124.24927012215873
ridge,8,3,2025-03-31,origin_copper_price_usd_per_ton,101.36173224985023,101.36173224985023
ridge,8,3,2025-03-31,origin_south_korea_kospi,137.39605343060637,137.39605343060637
ridge,8,3,2025-03-31,silver_usd_per_troy_ounce_lag_6,131.02846173984068,131.02846173984068
ridge,8,3,2025-03-31,origin_canada_tsx_composite_capstone_copper,45.68717655196468,45.68717655196468
ridge,8,3,2025-03-31,origin_uk_ftse100_antofagasta,80.39173931865332,80.39173931865332
ridge,8,3,2025-03-31,south_korea_kospi_lag_1,104.13463997502839,104.13463997502839
ridge,8,3,2025-03-31,origin_china_csi300_jiangxi_copper,74.47077338714581,74.47077338714581
ridge,8,3,2025-03-31,origin_usa_nasdaq_composite,106.38539813635495,106.38539813635495
ridge,8,3,2025-03-31,silver_usd_per_troy_ounce_lag_3,83.04764215954188,83.04764215954188
ridge,8,3,2025-03-31,gold_usd_per_troy_ounce_lag_12,134.02760084038786,134.02760084038786
ridge,8,3,2025-03-31,shfe_close_cny_per_ton_lag_1,51.95694217270676,51.95694217270676
ridge,8,3,2025-03-31,origin_canada_tsx_composite_lundin_mining,25.05637642703949,25.05637642703949
ridge,8,3,2025-03-31,origin_usa_sp500_southern_copper,26.79664637811078,26.79664637811078
ridge,8,3,2025-03-31,uk_ftse100_antofagasta_lag_1,23.562104808180646,23.562104808180646
ridge,8,3,2025-03-31,origin_japan_nikkei225,58.16437517992713,58.16437517992713
ridge,8,3,2025-03-31,silver_usd_per_troy_ounce_lag_1,82.31186259247377,82.31186259247377
ridge,8,3,2025-03-31,origin_germany_dax,20.440995166901406,20.440995166901406
elasticnet,8,3,2025-03-31,japan_industrial_production_lag_12,-74.70139636729293,74.70139636729293
elasticnet,8,3,2025-03-31,origin_copper_price_usd_per_ton,71.26097578295716,71.26097578295716
elasticnet,8,3,2025-03-31,origin_south_korea_kospi,76.70241854749015,76.70241854749015
elasticnet,8,3,2025-03-31,silver_usd_per_troy_ounce_lag_6,76.94932257220934,76.94932257220934
elasticnet,8,3,2025-03-31,origin_canada_tsx_composite_capstone_copper,52.56918200263341,52.56918200263341
elasticnet,8,3,2025-03-31,origin_uk_ftse100_antofagasta,60.584301400194505,60.584301400194505
elasticnet,8,3,2025-03-31,south_korea_kospi_lag_1,70.23518198622502,70.23518198622502
elasticnet,8,3,2025-03-31,origin_china_csi300_jiangxi_copper,61.71173860067577,61.71173860067577
elasticnet,8,3,2025-03-31,origin_usa_nasdaq_composite,68.61354037184041,68.61354037184041
elasticnet,8,3,2025-03-31,silver_usd_per_troy_ounce_lag_3,65.48649703986663,65.48649703986663
elasticnet,8,3,2025-03-31,gold_usd_per_troy_ounce_lag_12,75.688365473857,75.688365473857
elasticnet,8,3,2025-03-31,shfe_close_cny_per_ton_lag_1,58.03231039694675,58.03231039694675
elasticnet,8,3,2025-03-31,origin_canada_tsx_composite_lundin_mining,47.01443366323061,47.01443366323061
elasticnet,8,3,2025-03-31,origin_usa_sp500_southern_copper,44.41092163126793,44.41092163126793
elasticnet,8,3,2025-03-31,uk_ftse100_antofagasta_lag_1,49.09472381340568,49.09472381340568
elasticnet,8,3,2025-03-31,origin_japan_nikkei225,52.104088938461445,52.104088938461445
elasticnet,8,3,2025-03-31,silver_usd_per_troy_ounce_lag_1,62.72658930228966,62.72658930228966
elasticnet,8,3,2025-03-31,origin_germany_dax,44.95430979026157,44.95430979026157
ridge,8,3,2025-04-30,japan_industrial_production_lag_12,-122.87140036421219,122.87140036421219
ridge,8,3,2025-04-30,origin_copper_price_usd_per_ton,95.89662204687725,95.89662204687725
ridge,8,3,2025-04-30,origin_south_korea_kospi,134.94621180986232,134.94621180986232
ridge,8,3,2025-04-30,silver_usd_per_troy_ounce_lag_6,127.01830364850167,127.01830364850167
ridge,8,3,2025-04-30,origin_china_csi300_jiangxi_copper,79.19590755069068,79.19590755069068
ridge,8,3,2025-04-30,origin_canada_tsx_composite_capstone_copper,47.42125076704742,47.42125076704742
ridge,8,3,2025-04-30,origin_uk_ftse100_antofagasta,83.00444965318837,83.00444965318837
ridge,8,3,2025-04-30,south_korea_kospi_lag_1,99.77956740240076,99.77956740240076
ridge,8,3,2025-04-30,origin_canada_tsx_composite_lundin_mining,28.46433796664819,28.46433796664819
ridge,8,3,2025-04-30,silver_usd_per_troy_ounce_lag_3,77.04733260141317,77.04733260141317
ridge,8,3,2025-04-30,origin_usa_nasdaq_composite,100.24668782126436,100.24668782126436
ridge,8,3,2025-04-30,shfe_close_cny_per_ton_lag_1,49.93344807074071,49.93344807074071
ridge,8,3,2025-04-30,gold_usd_per_troy_ounce_lag_12,130.98467645651877,130.98467645651877
ridge,8,3,2025-04-30,uk_ftse100_antofagasta_lag_1,26.824966049097192,26.824966049097192
ridge,8,3,2025-04-30,silver_usd_per_troy_ounce_lag_1,83.22776183590562,83.22776183590562
ridge,8,3,2025-04-30,origin_japan_nikkei225,59.02766704101884,59.02766704101884
ridge,8,3,2025-04-30,origin_tin_cash_usd_per_ton,45.04981308604887,45.04981308604887
ridge,8,3,2025-04-30,origin_germany_dax,17.183292064416097,17.183292064416097
elasticnet,8,3,2025-04-30,japan_industrial_production_lag_12,-73.75631054347227,73.75631054347227
elasticnet,8,3,2025-04-30,origin_copper_price_usd_per_ton,69.42819898381448,69.42819898381448
elasticnet,8,3,2025-04-30,origin_south_korea_kospi,74.99544667074413,74.99544667074413
elasticnet,8,3,2025-04-30,silver_usd_per_troy_ounce_lag_6,75.2010058485518,75.2010058485518
elasticnet,8,3,2025-04-30,origin_china_csi300_jiangxi_copper,62.693479241857005,62.693479241857005
elasticnet,8,3,2025-04-30,origin_canada_tsx_composite_capstone_copper,53.219594706680525,53.219594706680525
elasticnet,8,3,2025-04-30,origin_uk_ftse100_antofagasta,61.58445635654211,61.58445635654211
elasticnet,8,3,2025-04-30,south_korea_kospi_lag_1,67.78291829202819,67.78291829202819
elasticnet,8,3,2025-04-30,origin_canada_tsx_composite_lundin_mining,48.29687459626145,48.29687459626145
elasticnet,8,3,2025-04-30,silver_usd_per_troy_ounce_lag_3,63.46463222371194,63.46463222371194
elasticnet,8,3,2025-04-30,origin_usa_nasdaq_composite,67.0358627242234,67.0358627242234
elasticnet,8,3,2025-04-30,shfe_close_cny_per_ton_lag_1,57.262552337592375,57.262552337592375
elasticnet,8,3,2025-04-30,gold_usd_per_troy_ounce_lag_12,74.54294171880574,74.54294171880574
elasticnet,8,3,2025-04-30,uk_ftse100_antofagasta_lag_1,50.0680662874907,50.0680662874907
elasticnet,8,3,2025-04-30,silver_usd_per_troy_ounce_lag_1,62.91014192941739,62.91014192941739
elasticnet,8,3,2025-04-30,origin_japan_nikkei225,52.82988918736992,52.82988918736992
elasticnet,8,3,2025-04-30,origin_tin_cash_usd_per_ton,52.58098974194474,52.58098974194474
elasticnet,8,3,2025-04-30,origin_germany_dax,44.45612286353255,44.45612286353255
ridge,8,3,2025-05-31,japan_industrial_production_lag_12,-122.2676481822813,122.2676481822813
ridge,8,3,2025-05-31,silver_usd_per_troy_ounce_lag_6,126.12334683758306,126.12334683758306
ridge,8,3,2025-05-31,origin_copper_price_usd_per_ton,93.46305307723436,93.46305307723436
ridge,8,3,2025-05-31,origin_south_korea_kospi,131.0793035034499,131.0793035034499
ridge,8,3,2025-05-31,origin_china_csi300_jiangxi_copper,76.95859591900299,76.95859591900299
ridge,8,3,2025-05-31,origin_canada_tsx_composite_capstone_copper,49.67334643024917,49.67334643024917
ridge,8,3,2025-05-31,origin_uk_ftse100_antofagasta,83.34148386644964,83.34148386644964
ridge,8,3,2025-05-31,silver_usd_per_troy_ounce_lag_3,76.3848964003738,76.3848964003738
ridge,8,3,2025-05-31,south_korea_kospi_lag_1,95.05963316721983,95.05963316721983
ridge,8,3,2025-05-31,origin_usa_nasdaq_composite,98.46249222626611,98.46249222626611
ridge,8,3,2025-05-31,origin_canada_tsx_composite_lundin_mining,28.202798083316406,28.202798083316406
ridge,8,3,2025-05-31,gold_usd_per_troy_ounce_lag_12,131.66966542570532,131.66966542570532
ridge,8,3,2025-05-31,shfe_close_cny_per_ton_lag_1,49.27281417079686,49.27281417079686
ridge,8,3,2025-05-31,silver_usd_per_troy_ounce_lag_1,83.50868505837406,83.50868505837406
ridge,8,3,2025-05-31,china_csi300_jiangxi_copper_lag_1,34.47656105235487,34.47656105235487
ridge,8,3,2025-05-31,uk_ftse100_antofagasta_lag_1,26.40022598977745,26.40022598977745
ridge,8,3,2025-05-31,origin_tin_cash_usd_per_ton,43.08334227112182,43.08334227112182
ridge,8,3,2025-05-31,origin_japan_nikkei225,59.63838430509055,59.63838430509055
elasticnet,8,3,2025-05-31,japan_industrial_production_lag_12,-73.2953800810143,73.2953800810143
elasticnet,8,3,2025-05-31,silver_usd_per_troy_ounce_lag_6,74.91969647186937,74.91969647186937
elasticnet,8,3,2025-05-31,origin_copper_price_usd_per_ton,68.37559018338659,68.37559018338659
elasticnet,8,3,2025-05-31,origin_south_korea_kospi,72.30019309792407,72.30019309792407
elasticnet,8,3,2025-05-31,origin_china_csi300_jiangxi_copper,61.21982360678067,61.21982360678067
elasticnet,8,3,2025-05-31,origin_canada_tsx_composite_capstone_copper,54.64386639069127,54.64386639069127
elasticnet,8,3,2025-05-31,origin_uk_ftse100_antofagasta,62.15257738167893,62.15257738167893
elasticnet,8,3,2025-05-31,silver_usd_per_troy_ounce_lag_3,63.50172264413469,63.50172264413469
elasticnet,8,3,2025-05-31,south_korea_kospi_lag_1,64.54622354611246,64.54622354611246
elasticnet,8,3,2025-05-31,origin_usa_nasdaq_composite,67.37735333157354,67.37735333157354
elasticnet,8,3,2025-05-31,origin_canada_tsx_composite_lundin_mining,48.19478766307493,48.19478766307493
elasticnet,8,3,2025-05-31,gold_usd_per_troy_ounce_lag_12,75.17483379675038,75.17483379675038
elasticnet,8,3,2025-05-31,shfe_close_cny_per_ton_lag_1,57.25454508370038,57.25454508370038
elasticnet,8,3,2025-05-31,silver_usd_per_troy_ounce_lag_1,63.405297434962364,63.405297434962364
elasticnet,8,3,2025-05-31,china_csi300_jiangxi_copper_lag_1,51.42183909898151,51.42183909898151
elasticnet,8,3,2025-05-31,uk_ftse100_antofagasta_lag_1,50.24849674827269,50.24849674827269
elasticnet,8,3,2025-05-31,origin_tin_cash_usd_per_ton,51.302736319555855,51.302736319555855
elasticnet,8,3,2025-05-31,origin_japan_nikkei225,54.3776816947486,54.3776816947486
ridge,8,3,2025-06-30,japan_industrial_production_lag_12,-117.55972554509991,117.55972554509991
ridge,8,3,2025-06-30,silver_usd_per_troy_ounce_lag_6,126.892690890379,126.892690890379
ridge,8,3,2025-06-30,origin_copper_price_usd_per_ton,88.65730685160125,88.65730685160125
ridge,8,3,2025-06-30,origin_china_csi300_jiangxi_copper,67.09192977048981,67.09192977048981
ridge,8,3,2025-06-30,origin_south_korea_kospi,114.60186001291065,114.60186001291065
ridge,8,3,2025-06-30,origin_uk_ftse100_antofagasta,81.7476213332132,81.7476213332132
ridge,8,3,2025-06-30,origin_canada_tsx_composite_capstone_copper,56.33728028431266,56.33728028431266
ridge,8,3,2025-06-30,origin_usa_nasdaq_composite,99.98938294713136,99.98938294713136
ridge,8,3,2025-06-30,silver_usd_per_troy_ounce_lag_3,73.50913664687252,73.50913664687252
ridge,8,3,2025-06-30,gold_usd_per_troy_ounce_lag_12,134.3395746524264,134.3395746524264
ridge,8,3,2025-06-30,origin_canada_tsx_composite_lundin_mining,22.11094499967493,22.11094499967493
ridge,8,3,2025-06-30,south_korea_kospi_lag_1,84.16128728778882,84.16128728778882
ridge,8,3,2025-06-30,shfe_close_cny_per_ton_lag_1,54.46487224452561,54.46487224452561
ridge,8,3,2025-06-30,china_csi300_jiangxi_copper_lag_1,30.182575337992226,30.182575337992226
ridge,8,3,2025-06-30,silver_usd_per_troy_ounce_lag_1,78.14795702145366,78.14795702145366
ridge,8,3,2025-06-30,origin_tin_cash_usd_per_ton,39.14890810321582,39.14890810321582
ridge,8,3,2025-06-30,origin_japan_nikkei225,69.28843291815691,69.28843291815691
ridge,8,3,2025-06-30,origin_poland_wig20_kghm,97.04405870260716,97.04405870260716
elasticnet,8,3,2025-06-30,japan_industrial_production_lag_12,-92.04707459538302,92.04707459538302
elasticnet,8,3,2025-06-30,silver_usd_per_troy_ounce_lag_6,95.62241267055624,95.62241267055624
elasticnet,8,3,2025-06-30,origin_copper_price_usd_per_ton,79.07531631313219,79.07531631313219
elasticnet,8,3,2025-06-30,origin_china_csi300_jiangxi_copper,65.84950814191522,65.84950814191522
elasticnet,8,3,2025-06-30,origin_south_korea_kospi,86.35716761135635,86.35716761135635
elasticnet,8,3,2025-06-30,origin_uk_ftse100_antofagasta,72.7092188269495,72.7092188269495
elasticnet,8,3,2025-06-30,origin_canada_tsx_composite_capstone_copper,60.99912085941292,60.99912085941292
elasticnet,8,3,2025-06-30,origin_usa_nasdaq_composite,82.76988462332633,82.76988462332633
elasticnet,8,3,2025-06-30,silver_usd_per_troy_ounce_lag_3,72.19498554665279,72.19498554665279
elasticnet,8,3,2025-06-30,gold_usd_per_troy_ounce_lag_12,98.51789321676772,98.51789321676772
elasticnet,8,3,2025-06-30,origin_canada_tsx_composite_lundin_mining,44.14822943901979,44.14822943901979
elasticnet,8,3,2025-06-30,south_korea_kospi_lag_1,72.63815812325018,72.63815812325018
elasticnet,8,3,2025-06-30,shfe_close_cny_per_ton_lag_1,62.771187227672705,62.771187227672705
elasticnet,8,3,2025-06-30,china_csi300_jiangxi_copper_lag_1,48.820576914181814,48.820576914181814
elasticnet,8,3,2025-06-30,silver_usd_per_troy_ounce_lag_1,72.75396539359517,72.75396539359517
elasticnet,8,3,2025-06-30,origin_tin_cash_usd_per_ton,51.337960844912566,51.337960844912566
elasticnet,8,3,2025-06-30,origin_japan_nikkei225,64.8814260057084,64.8814260057084
elasticnet,8,3,2025-06-30,origin_poland_wig20_kghm,76.48181636902446,76.48181636902446
ridge,8,3,2025-07-31,japan_industrial_production_lag_12,-116.84395362945872,116.84395362945872
ridge,8,3,2025-07-31,silver_usd_per_troy_ounce_lag_6,114.10915837451624,114.10915837451624
ridge,8,3,2025-07-31,origin_copper_price_usd_per_ton,99.04076396111263,99.04076396111263
ridge,8,3,2025-07-31,origin_china_csi300_jiangxi_copper,81.50123928068585,81.50123928068585
ridge,8,3,2025-07-31,origin_south_korea_kospi,137.14944605728272,137.14944605728272
ridge,8,3,2025-07-31,origin_uk_ftse100_antofagasta,80.53246073801247,80.53246073801247
ridge,8,3,2025-07-31,origin_canada_tsx_composite_capstone_copper,48.8748347817479,48.8748347817479
ridge,8,3,2025-07-31,origin_usa_nasdaq_composite,90.91049641675693,90.91049641675693
ridge,8,3,2025-07-31,silver_usd_per_troy_ounce_lag_3,67.12071736344768,67.12071736344768
ridge,8,3,2025-07-31,gold_usd_per_troy_ounce_lag_12,123.41628870890081,123.41628870890081
ridge,8,3,2025-07-31,shfe_close_cny_per_ton_lag_1,50.02308562805029,50.02308562805029
ridge,8,3,2025-07-31,origin_canada_tsx_composite_lundin_mining,28.00113901413723,28.00113901413723
ridge,8,3,2025-07-31,south_korea_kospi_lag_1,103.35022340178651,103.35022340178651
ridge,8,3,2025-07-31,silver_usd_per_troy_ounce_lag_1,71.75662024889249,71.75662024889249
ridge,8,3,2025-07-31,china_csi300_jiangxi_copper_lag_1,41.33189114416401,41.33189114416401
ridge,8,3,2025-07-31,uk_ftse100_antofagasta_lag_1,24.153211072611292,24.153211072611292
ridge,8,3,2025-07-31,origin_japan_nikkei225,50.54312057265788,50.54312057265788
ridge,8,3,2025-07-31,gold_usd_per_troy_ounce_lag_6,106.0631078901992,106.0631078901992
elasticnet,8,3,2025-07-31,japan_industrial_production_lag_12,-72.99512459984314,72.99512459984314
elasticnet,8,3,2025-07-31,silver_usd_per_troy_ounce_lag_6,73.0064350427597,73.0064350427597
elasticnet,8,3,2025-07-31,origin_copper_price_usd_per_ton,70.58279787755157,70.58279787755157
elasticnet,8,3,2025-07-31,origin_china_csi300_jiangxi_copper,63.06482689677223,63.06482689677223
elasticnet,8,3,2025-07-31,origin_south_korea_kospi,73.96876164750545,73.96876164750545
elasticnet,8,3,2025-07-31,origin_uk_ftse100_antofagasta,61.782642303234375,61.782642303234375
elasticnet,8,3,2025-07-31,origin_canada_tsx_composite_capstone_copper,54.553428517498006,54.553428517498006
elasticnet,8,3,2025-07-31,origin_usa_nasdaq_composite,66.18808871360034,66.18808871360034
elasticnet,8,3,2025-07-31,silver_usd_per_troy_ounce_lag_3,62.07397155314311,62.07397155314311
elasticnet,8,3,2025-07-31,gold_usd_per_troy_ounce_lag_12,73.70014187912808,73.70014187912808
elasticnet,8,3,2025-07-31,shfe_close_cny_per_ton_lag_1,58.11298318106462,58.11298318106462
elasticnet,8,3,2025-07-31,origin_canada_tsx_composite_lundin_mining,48.52819591692543,48.52819591692543
elasticnet,8,3,2025-07-31,south_korea_kospi_lag_1,66.93777622387779,66.93777622387779
elasticnet,8,3,2025-07-31,silver_usd_per_troy_ounce_lag_1,61.38482518140146,61.38482518140146
elasticnet,8,3,2025-07-31,china_csi300_jiangxi_copper_lag_1,53.92741433323243,53.92741433323243
elasticnet,8,3,2025-07-31,uk_ftse100_antofagasta_lag_1,50.212198786036986,50.212198786036986
elasticnet,8,3,2025-07-31,origin_japan_nikkei225,52.47975395886662,52.47975395886662
elasticnet,8,3,2025-07-31,gold_usd_per_troy_ounce_lag_6,67.97830028009936,67.97830028009936
ridge,8,3,2025-08-31,japan_industrial_production_lag_12,-48.080964231050785,48.080964231050785
ridge,8,3,2025-08-31,silver_usd_per_troy_ounce_lag_6,34.69677421072593,34.69677421072593
ridge,8,3,2025-08-31,origin_copper_price_usd_per_ton,-245.33848003128148,245.33848003128148
ridge,8,3,2025-08-31,origin_china_csi300_jiangxi_copper,59.05722054717567,59.05722054717567
ridge,8,3,2025-08-31,origin_south_korea_kospi,669.3762518114418,669.3762518114418
ridge,8,3,2025-08-31,origin_usa_nasdaq_composite,29.403817334732082,29.403817334732082
ridge,8,3,2025-08-31,origin_uk_ftse100_antofagasta,765.0562781589472,765.0562781589472
ridge,8,3,2025-08-31,origin_canada_tsx_composite_capstone_copper,612.2745297289155,612.2745297289155
ridge,8,3,2025-08-31,silver_usd_per_troy_ounce_lag_3,-264.20183705665903,264.20183705665903
ridge,8,3,2025-08-31,shfe_close_cny_per_ton_lag_1,-179.9694729183745,179.9694729183745
ridge,8,3,2025-08-31,gold_usd_per_troy_ounce_lag_12,335.0180543867862,335.0180543867862
ridge,8,3,2025-08-31,origin_canada_tsx_composite_lundin_mining,-441.86123015237814,441.86123015237814
ridge,8,3,2025-08-31,china_csi300_jiangxi_copper_lag_1,-11.955341962287461,11.955341962287461
ridge,8,3,2025-08-31,silver_usd_per_troy_ounce_lag_1,104.45395640849746,104.45395640849746
ridge,8,3,2025-08-31,origin_japan_nikkei225,-213.24495662884715,213.24495662884715
ridge,8,3,2025-08-31,gold_usd_per_troy_ounce_lag_6,679.5893935410159,679.5893935410159
ridge,8,3,2025-08-31,uk_ftse100_antofagasta_lag_1,-599.7019983805745,599.7019983805745
ridge,8,3,2025-08-31,south_korea_kospi_lag_1,284.99721736315036,284.99721736315036
elasticnet,8,3,2025-08-31,japan_industrial_production_lag_12,-62.72283589191377,62.72283589191377
elasticnet,8,3,2025-08-31,silver_usd_per_troy_ounce_lag_6,62.678947102608596,62.678947102608596
elasticnet,8,3,2025-08-31,origin_copper_price_usd_per_ton,62.35611857673751,62.35611857673751
elasticnet,8,3,2025-08-31,origin_china_csi300_jiangxi_copper,56.08822532448581,56.08822532448581
elasticnet,8,3,2025-08-31,origin_south_korea_kospi,62.237016885215986,62.237016885215986
elasticnet,8,3,2025-08-31,origin_usa_nasdaq_composite,58.946699563742854,58.946699563742854
elasticnet,8,3,2025-08-31,origin_uk_ftse100_antofagasta,55.80017777312657,55.80017777312657
elasticnet,8,3,2025-08-31,origin_canada_tsx_composite_capstone_copper,50.96228326487841,50.96228326487841
elasticnet,8,3,2025-08-31,silver_usd_per_troy_ounce_lag_3,55.68459960068974,55.68459960068974
elasticnet,8,3,2025-08-31,shfe_close_cny_per_ton_lag_1,53.920346255244404,53.920346255244404
elasticnet,8,3,2025-08-31,gold_usd_per_troy_ounce_lag_12,62.91491099301722,62.91491099301722
elasticnet,8,3,2025-08-31,origin_canada_tsx_composite_lundin_mining,46.36958102777853,46.36958102777853
elasticnet,8,3,2025-08-31,china_csi300_jiangxi_copper_lag_1,49.929200563865884,49.929200563865884
elasticnet,8,3,2025-08-31,silver_usd_per_troy_ounce_lag_1,55.2432145177616,55.2432145177616
elasticnet,8,3,2025-08-31,origin_japan_nikkei225,48.86623529526295,48.86623529526295
elasticnet,8,3,2025-08-31,gold_usd_per_troy_ounce_lag_6,58.71551143852457,58.71551143852457
elasticnet,8,3,2025-08-31,uk_ftse100_antofagasta_lag_1,48.376773866313,48.376773866313
elasticnet,8,3,2025-08-31,south_korea_kospi_lag_1,57.466393155547884,57.466393155547884
ridge,8,3,2025-09-30,silver_usd_per_troy_ounce_lag_6,162.78394656066013,162.78394656066013
ridge,8,3,2025-09-30,japan_industrial_production_lag_12,-63.630362854070775,63.630362854070775
ridge,8,3,2025-09-30,origin_copper_price_usd_per_ton,33.04455859078127,33.04455859078127
ridge,8,3,2025-09-30,origin_china_csi300_jiangxi_copper,210.3598300385105,210.3598300385105
ridge,8,3,2025-09-30,origin_usa_nasdaq_composite,61.9577657532954,61.9577657532954
ridge,8,3,2025-09-30,origin_south_korea_kospi,570.9215754868912,570.9215754868912
ridge,8,3,2025-09-30,origin_uk_ftse100_antofagasta,505.23703854954744,505.23703854954744
ridge,8,3,2025-09-30,silver_usd_per_troy_ounce_lag_3,-190.03409666120086,190.03409666120086
ridge,8,3,2025-09-30,shfe_close_cny_per_ton_lag_1,-162.51739180836475,162.51739180836475
ridge,8,3,2025-09-30,gold_usd_per_troy_ounce_lag_12,381.06254358618565,381.06254358618565
ridge,8,3,2025-09-30,origin_canada_tsx_composite_capstone_copper,339.73411076728246,339.73411076728246
ridge,8,3,2025-09-30,origin_canada_tsx_composite_lundin_mining,-361.3484356656551,361.3484356656551
ridge,8,3,2025-09-30,china_csi300_jiangxi_copper_lag_1,23.72385155995447,23.72385155995447
ridge,8,3,2025-09-30,gold_usd_per_troy_ounce_lag_6,444.1488323926832,444.1488323926832
ridge,8,3,2025-09-30,silver_usd_per_troy_ounce_lag_1,289.979754712712,289.979754712712
ridge,8,3,2025-09-30,origin_japan_nikkei225,220.05041021355652,220.05041021355652
ridge,8,3,2025-09-30,origin_germany_dax,-498.9117369146933,498.9117369146933
ridge,8,3,2025-09-30,uk_ftse100_antofagasta_lag_1,-495.2407945311645,495.2407945311645
elasticnet,8,3,2025-09-30,silver_usd_per_troy_ounce_lag_6,183.24714900471145,183.24714900471145
elasticnet,8,3,2025-09-30,japan_industrial_production_lag_12,-94.40805031227076,94.40805031227076
elasticnet,8,3,2025-09-30,origin_copper_price_usd_per_ton,101.59643942952903,101.59643942952903
elasticnet,8,3,2025-09-30,origin_china_csi300_jiangxi_copper,197.67294415705678,197.67294415705678
elasticnet,8,3,2025-09-30,origin_usa_nasdaq_composite,148.63129256921613,148.63129256921613
elasticnet,8,3,2025-09-30,origin_south_korea_kospi,503.294346766151,503.294346766151
elasticnet,8,3,2025-09-30,origin_uk_ftse100_antofagasta,387.5981142174579,387.5981142174579
elasticnet,8,3,2025-09-30,silver_usd_per_troy_ounce_lag_3,-149.68131214834838,149.68131214834838
elasticnet,8,3,2025-09-30,shfe_close_cny_per_ton_lag_1,-130.12585347581316,130.12585347581316
elasticnet,8,3,2025-09-30,gold_usd_per_troy_ounce_lag_12,352.5293404542991,352.5293404542991
elasticnet,8,3,2025-09-30,origin_canada_tsx_composite_capstone_copper,205.78219517073842,205.78219517073842
elasticnet,8,3,2025-09-30,origin_canada_tsx_composite_lundin_mining,-262.5119120902065,262.5119120902065
elasticnet,8,3,2025-09-30,china_csi300_jiangxi_copper_lag_1,-31.102821484392557,31.102821484392557
elasticnet,8,3,2025-09-30,gold_usd_per_troy_ounce_lag_6,347.9053353618134,347.9053353618134
elasticnet,8,3,2025-09-30,silver_usd_per_troy_ounce_lag_1,214.18175342355465,214.18175342355465
elasticnet,8,3,2025-09-30,origin_japan_nikkei225,170.8038175999902,170.8038175999902
elasticnet,8,3,2025-09-30,origin_germany_dax,-414.89966193216645,414.89966193216645
elasticnet,8,3,2025-09-30,uk_ftse100_antofagasta_lag_1,-337.6681549633147,337.6681549633147
ridge,8,3,2025-10-31,silver_usd_per_troy_ounce_lag_6,216.30754188007143,216.30754188007143
ridge,8,3,2025-10-31,japan_industrial_production_lag_12,-95.89669855698376,95.89669855698376
ridge,8,3,2025-10-31,origin_china_csi300_jiangxi_copper,174.00663318863667,174.00663318863667
ridge,8,3,2025-10-31,origin_copper_price_usd_per_ton,304.11020135669537,304.11020135669537
ridge,8,3,2025-10-31,origin_usa_nasdaq_composite,484.8131880682417,484.8131880682417
ridge,8,3,2025-10-31,origin_south_korea_kospi,292.35702715124705,292.35702715124705
ridge,8,3,2025-10-31,origin_uk_ftse100_antofagasta,517.5365985746905,517.5365985746905
ridge,8,3,2025-10-31,silver_usd_per_troy_ounce_lag_3,-261.61436934583327,261.61436934583327
ridge,8,3,2025-10-31,shfe_close_cny_per_ton_lag_1,-432.0503028950359,432.0503028950359
ridge,8,3,2025-10-31,gold_usd_per_troy_ounce_lag_12,120.67022956087067,120.67022956087067
ridge,8,3,2025-10-31,gold_usd_per_troy_ounce_lag_6,574.0019159954749,574.0019159954749
ridge,8,3,2025-10-31,origin_japan_nikkei225,39.72706556387693,39.72706556387693
ridge,8,3,2025-10-31,origin_canada_tsx_composite_capstone_copper,565.2670686533951,565.2670686533951
ridge,8,3,2025-10-31,china_csi300_jiangxi_copper_lag_1,-130.97384932335274,130.97384932335274
ridge,8,3,2025-10-31,origin_canada_tsx_composite_lundin_mining,-736.5956002977027,736.5956002977027
ridge,8,3,2025-10-31,silver_usd_per_troy_ounce_lag_1,172.9487766042739,172.9487766042739
ridge,8,3,2025-10-31,south_korea_kospi_lag_1,376.83530455472555,376.83530455472555
ridge,8,3,2025-10-31,usa_dow_jones_lag_1,-738.8870069090034,738.8870069090034
elasticnet,8,3,2025-10-31,silver_usd_per_troy_ounce_lag_6,72.64260183505968,72.64260183505968
elasticnet,8,3,2025-10-31,japan_industrial_production_lag_12,-74.53358053656311,74.53358053656311
elasticnet,8,3,2025-10-31,origin_china_csi300_jiangxi_copper,65.98590674953874,65.98590674953874
elasticnet,8,3,2025-10-31,origin_copper_price_usd_per_ton,72.74740828028509,72.74740828028509
elasticnet,8,3,2025-10-31,origin_usa_nasdaq_composite,67.51898576588411,67.51898576588411
elasticnet,8,3,2025-10-31,origin_south_korea_kospi,76.43995212714117,76.43995212714117
elasticnet,8,3,2025-10-31,origin_uk_ftse100_antofagasta,64.51805063615107,64.51805063615107
elasticnet,8,3,2025-10-31,silver_usd_per_troy_ounce_lag_3,62.453236420442934,62.453236420442934
elasticnet,8,3,2025-10-31,shfe_close_cny_per_ton_lag_1,60.413121773620084,60.413121773620084
elasticnet,8,3,2025-10-31,gold_usd_per_troy_ounce_lag_12,73.06074393464291,73.06074393464291
elasticnet,8,3,2025-10-31,gold_usd_per_troy_ounce_lag_6,67.29085087711861,67.29085087711861
elasticnet,8,3,2025-10-31,origin_japan_nikkei225,54.45161160458177,54.45161160458177
elasticnet,8,3,2025-10-31,origin_canada_tsx_composite_capstone_copper,56.55596366114656,56.55596366114656
elasticnet,8,3,2025-10-31,china_csi300_jiangxi_copper_lag_1,56.66994674997842,56.66994674997842
elasticnet,8,3,2025-10-31,origin_canada_tsx_composite_lundin_mining,51.712044015379725,51.712044015379725
elasticnet,8,3,2025-10-31,silver_usd_per_troy_ounce_lag_1,62.61420714857124,62.61420714857124
elasticnet,8,3,2025-10-31,south_korea_kospi_lag_1,69.37388128129237,69.37388128129237
elasticnet,8,3,2025-10-31,usa_dow_jones_lag_1,55.994938281274756,55.994938281274756
ridge,8,3,2025-11-30,silver_usd_per_troy_ounce_lag_6,241.3837910741524,241.3837910741524
ridge,8,3,2025-11-30,japan_industrial_production_lag_12,-148.6601509399417,148.6601509399417
ridge,8,3,2025-11-30,origin_china_csi300_jiangxi_copper,158.4890507337413,158.4890507337413
ridge,8,3,2025-11-30,origin_usa_nasdaq_composite,490.47845020471635,490.47845020471635
ridge,8,3,2025-11-30,origin_copper_price_usd_per_ton,339.8477487538649,339.8477487538649
ridge,8,3,2025-11-30,origin_south_korea_kospi,310.6686980924448,310.6686980924448
ridge,8,3,2025-11-30,silver_usd_per_troy_ounce_lag_3,-182.40826775681828,182.40826775681828
ridge,8,3,2025-11-30,gold_usd_per_troy_ounce_lag_12,118.04845528104262,118.04845528104262
ridge,8,3,2025-11-30,origin_uk_ftse100_antofagasta,480.0112294114222,480.0112294114222
ridge,8,3,2025-11-30,shfe_close_cny_per_ton_lag_1,-269.8371184451675,269.8371184451675
ridge,8,3,2025-11-30,gold_usd_per_troy_ounce_lag_6,342.2054759734455,342.2054759734455
ridge,8,3,2025-11-30,origin_japan_nikkei225,22.69366887761954,22.69366887761954
ridge,8,3,2025-11-30,china_csi300_jiangxi_copper_lag_1,-165.18136003968274,165.18136003968274
ridge,8,3,2025-11-30,origin_canada_tsx_composite_lundin_mining,-575.796310083219,575.796310083219
ridge,8,3,2025-11-30,silver_usd_per_troy_ounce_lag_1,114.23968130643007,114.23968130643007
ridge,8,3,2025-11-30,origin_canada_tsx_composite_capstone_copper,270.3429161173845,270.3429161173845
ridge,8,3,2025-11-30,usa_dow_jones_lag_1,-460.7052932590588,460.7052932590588
ridge,8,3,2025-11-30,south_korea_kospi_lag_1,248.32476772519053,248.32476772519053
elasticnet,8,3,2025-11-30,silver_usd_per_troy_ounce_lag_6,241.64314726417228,241.64314726417228
elasticnet,8,3,2025-11-30,japan_industrial_production_lag_12,-147.57864451696835,147.57864451696835
elasticnet,8,3,2025-11-30,origin_china_csi300_jiangxi_copper,158.89777687290328,158.89777687290328
elasticnet,8,3,2025-11-30,origin_usa_nasdaq_composite,497.220289981481,497.220289981481
elasticnet,8,3,2025-11-30,origin_copper_price_usd_per_ton,341.2493260612681,341.2493260612681
elasticnet,8,3,2025-11-30,origin_south_korea_kospi,309.5602258047532,309.5602258047532
elasticnet,8,3,2025-11-30,silver_usd_per_troy_ounce_lag_3,-182.79854988333017,182.79854988333017
elasticnet,8,3,2025-11-30,gold_usd_per_troy_ounce_lag_12,113.18634350959525,113.18634350959525
elasticnet,8,3,2025-11-30,origin_uk_ftse100_antofagasta,486.59346641251165,486.59346641251165
elasticnet,8,3,2025-11-30,shfe_close_cny_per_ton_lag_1,-270.2884023834429,270.2884023834429
elasticnet,8,3,2025-11-30,gold_usd_per_troy_ounce_lag_6,346.23671851678057,346.23671851678057
elasticnet,8,3,2025-11-30,origin_japan_nikkei225,20.703751770275183,20.703751770275183
elasticnet,8,3,2025-11-30,china_csi300_jiangxi_copper_lag_1,-164.4241909865068,164.4241909865068
elasticnet,8,3,2025-11-30,origin_canada_tsx_composite_lundin_mining,-583.9889494452487,583.9889494452487
elasticnet,8,3,2025-11-30,silver_usd_per_troy_ounce_lag_1,114.18494922171358,114.18494922171358
elasticnet,8,3,2025-11-30,origin_canada_tsx_composite_capstone_copper,273.7821864524378,273.7821864524378
elasticnet,8,3,2025-11-30,usa_dow_jones_lag_1,-468.0122878200868,468.0122878200868
elasticnet,8,3,2025-11-30,south_korea_kospi_lag_1,250.0031858095782,250.0031858095782
ridge,8,3,2025-12-31,silver_usd_per_troy_ounce_lag_6,113.60873181915284,113.60873181915284
ridge,8,3,2025-12-31,origin_usa_nasdaq_composite,101.42398604227273,101.42398604227273
ridge,8,3,2025-12-31,origin_china_csi300_jiangxi_copper,90.36572664642095,90.36572664642095
ridge,8,3,2025-12-31,japan_industrial_production_lag_12,-125.6009826765537,125.6009826765537
ridge,8,3,2025-12-31,origin_copper_price_usd_per_ton,110.61265213937746,110.61265213937746
ridge,8,3,2025-12-31,origin_south_korea_kospi,138.61912484856396,138.61912484856396
ridge,8,3,2025-12-31,gold_usd_per_troy_ounce_lag_12,122.87693678102123,122.87693678102123
ridge,8,3,2025-12-31,silver_usd_per_troy_ounce_lag_3,72.53535030042347,72.53535030042347
ridge,8,3,2025-12-31,gold_usd_per_troy_ounce_lag_6,104.23389575770584,104.23389575770584
ridge,8,3,2025-12-31,origin_uk_ftse100_antofagasta,95.45212438893455,95.45212438893455
ridge,8,3,2025-12-31,japan_nikkei225_lag_1,48.2375505665499,48.2375505665499
ridge,8,3,2025-12-31,shfe_close_cny_per_ton_lag_1,62.50164732020368,62.50164732020368
ridge,8,3,2025-12-31,china_csi300_jiangxi_copper_lag_1,49.43633516300879,49.43633516300879
ridge,8,3,2025-12-31,origin_canada_tsx_composite_lundin_mining,39.43441751500479,39.43441751500479
ridge,8,3,2025-12-31,usa_dow_jones_lag_1,57.68534509246123,57.68534509246123
ridge,8,3,2025-12-31,silver_usd_per_troy_ounce_lag_1,76.3132596514444,76.3132596514444
ridge,8,3,2025-12-31,origin_germany_dax,13.677858496566083,13.677858496566083
ridge,8,3,2025-12-31,south_korea_kospi_lag_1,110.82511121551924,110.82511121551924
elasticnet,8,3,2025-12-31,silver_usd_per_troy_ounce_lag_6,91.76324170464208,91.76324170464208
elasticnet,8,3,2025-12-31,origin_usa_nasdaq_composite,84.46561661518838,84.46561661518838
elasticnet,8,3,2025-12-31,origin_china_csi300_jiangxi_copper,81.25644732938588,81.25644732938588
elasticnet,8,3,2025-12-31,japan_industrial_production_lag_12,-97.41294701138122,97.41294701138122
elasticnet,8,3,2025-12-31,origin_copper_price_usd_per_ton,91.98052893621255,91.98052893621255
elasticnet,8,3,2025-12-31,origin_south_korea_kospi,102.77640790908514,102.77640790908514
elasticnet,8,3,2025-12-31,gold_usd_per_troy_ounce_lag_12,94.65612840970627,94.65612840970627
elasticnet,8,3,2025-12-31,silver_usd_per_troy_ounce_lag_3,73.06871853777085,73.06871853777085
elasticnet,8,3,2025-12-31,gold_usd_per_troy_ounce_lag_6,83.96376651240124,83.96376651240124
elasticnet,8,3,2025-12-31,origin_uk_ftse100_antofagasta,80.79881538688892,80.79881538688892
elasticnet,8,3,2025-12-31,japan_nikkei225_lag_1,56.58666163849129,56.58666163849129
elasticnet,8,3,2025-12-31,shfe_close_cny_per_ton_lag_1,68.73410449306263,68.73410449306263
elasticnet,8,3,2025-12-31,china_csi300_jiangxi_copper_lag_1,62.57773495449363,62.57773495449363
elasticnet,8,3,2025-12-31,origin_canada_tsx_composite_lundin_mining,56.00316628547022,56.00316628547022
elasticnet,8,3,2025-12-31,usa_dow_jones_lag_1,63.817077354939734,63.817077354939734
elasticnet,8,3,2025-12-31,silver_usd_per_troy_ounce_lag_1,73.17405547237243,73.17405547237243
elasticnet,8,3,2025-12-31,origin_germany_dax,40.994857637765556,40.994857637765556
elasticnet,8,3,2025-12-31,south_korea_kospi_lag_1,90.06497160849995,90.06497160849995
ridge,8,3,2026-01-31,silver_usd_per_troy_ounce_lag_6,114.81179020549017,114.81179020549017
ridge,8,3,2026-01-31,origin_usa_nasdaq_composite,103.95475693752739,103.95475693752739
ridge,8,3,2026-01-31,origin_china_csi300_jiangxi_copper,101.70149885796823,101.70149885796823
ridge,8,3,2026-01-31,origin_south_korea_kospi,144.9079415423806,144.9079415423806
ridge,8,3,2026-01-31,origin_copper_price_usd_per_ton,110.77906184923899,110.77906184923899
ridge,8,3,2026-01-31,japan_industrial_production_lag_12,-122.07758472475369,122.07758472475369
ridge,8,3,2026-01-31,gold_usd_per_troy_ounce_lag_12,127.63331894655563,127.63331894655563
ridge,8,3,2026-01-31,silver_usd_per_troy_ounce_lag_3,77.22586560611721,77.22586560611721
ridge,8,3,2026-01-31,gold_usd_per_troy_ounce_lag_6,110.29274998548404,110.29274998548404
ridge,8,3,2026-01-31,origin_uk_ftse100_antofagasta,100.87274180058165,100.87274180058165
ridge,8,3,2026-01-31,japan_nikkei225_lag_1,51.43201136488169,51.43201136488169
ridge,8,3,2026-01-31,china_csi300_jiangxi_copper_lag_1,56.46650788630041,56.46650788630041
ridge,8,3,2026-01-31,usa_dow_jones_lag_1,59.6199441298793,59.6199441298793
ridge,8,3,2026-01-31,shfe_close_cny_per_ton_lag_1,61.25894989827542,61.25894989827542
ridge,8,3,2026-01-31,origin_canada_tsx_composite_lundin_mining,50.10763714564225,50.10763714564225
ridge,8,3,2026-01-31,south_korea_kospi_lag_1,115.60844251844237,115.60844251844237
ridge,8,3,2026-01-31,silver_usd_per_troy_ounce_lag_1,82.72202402298315,82.72202402298315
ridge,8,3,2026-01-31,origin_germany_dax,18.947366808493314,18.947366808493314
elasticnet,8,3,2026-01-31,silver_usd_per_troy_ounce_lag_6,93.93088025449636,93.93088025449636
elasticnet,8,3,2026-01-31,origin_usa_nasdaq_composite,87.78494215502012,87.78494215502012
elasticnet,8,3,2026-01-31,origin_china_csi300_jiangxi_copper,88.22229300396023,88.22229300396023
elasticnet,8,3,2026-01-31,origin_south_korea_kospi,108.02917637814082,108.02917637814082
elasticnet,8,3,2026-01-31,origin_copper_price_usd_per_ton,93.66482081307282,93.66482081307282
elasticnet,8,3,2026-01-31,japan_industrial_production_lag_12,-96.11056867696324,96.11056867696324
elasticnet,8,3,2026-01-31,gold_usd_per_troy_ounce_lag_12,98.74568723744409,98.74568723744409
elasticnet,8,3,2026-01-31,silver_usd_per_troy_ounce_lag_3,77.29902551784502,77.29902551784502
elasticnet,8,3,2026-01-31,gold_usd_per_troy_ounce_lag_6,88.88738395479808,88.88738395479808
elasticnet,8,3,2026-01-31,origin_uk_ftse100_antofagasta,85.7284612205397,85.7284612205397
elasticnet,8,3,2026-01-31,japan_nikkei225_lag_1,60.33411394951907,60.33411394951907
elasticnet,8,3,2026-01-31,china_csi300_jiangxi_copper_lag_1,68.19450385476813,68.19450385476813
elasticnet,8,3,2026-01-31,usa_dow_jones_lag_1,66.62063643462241,66.62063643462241
elasticnet,8,3,2026-01-31,shfe_close_cny_per_ton_lag_1,69.61463704965718,69.61463704965718
elasticnet,8,3,2026-01-31,origin_canada_tsx_composite_lundin_mining,63.51050802312606,63.51050802312606
elasticnet,8,3,2026-01-31,south_korea_kospi_lag_1,94.59921148024318,94.59921148024318
elasticnet,8,3,2026-01-31,silver_usd_per_troy_ounce_lag_1,78.43551639924677,78.43551639924677
elasticnet,8,3,2026-01-31,origin_germany_dax,45.872235478972556,45.872235478972556
ridge,8,3,2026-02-28,silver_usd_per_troy_ounce_lag_6,118.83722542747637,118.83722542747637
ridge,8,3,2026-02-28,origin_usa_nasdaq_composite,106.57948810367922,106.57948810367922
ridge,8,3,2026-02-28,origin_china_csi300_jiangxi_copper,112.95987045833124,112.95987045833124
ridge,8,3,2026-02-28,origin_south_korea_kospi,155.02191961301207,155.02191961301207
ridge,8,3,2026-02-28,origin_copper_price_usd_per_ton,119.41521486916477,119.41521486916477
ridge,8,3,2026-02-28,japan_industrial_production_lag_12,-128.5053933500035,128.5053933500035
ridge,8,3,2026-02-28,gold_usd_per_troy_ounce_lag_12,128.61467245637678,128.61467245637678
ridge,8,3,2026-02-28,gold_usd_per_troy_ounce_lag_6,108.65931512894429,108.65931512894429
ridge,8,3,2026-02-28,silver_usd_per_troy_ounce_lag_3,81.45827526829225,81.45827526829225
ridge,8,3,2026-02-28,usa_dow_jones_lag_1,60.953516341902386,60.953516341902386
ridge,8,3,2026-02-28,japan_nikkei225_lag_1,52.25874636823077,52.25874636823077
ridge,8,3,2026-02-28,origin_uk_ftse100_antofagasta,104.55944305287217,104.55944305287217
ridge,8,3,2026-02-28,south_korea_kospi_lag_1,129.2388529100327,129.2388529100327
ridge,8,3,2026-02-28,origin_canada_tsx_composite_lundin_mining,59.065707045635875,59.065707045635875
ridge,8,3,2026-02-28,shfe_close_cny_per_ton_lag_1,66.32864696177337,66.32864696177337
ridge,8,3,2026-02-28,silver_usd_per_troy_ounce_lag_1,85.75899740001203,85.75899740001203
ridge,8,3,2026-02-28,origin_germany_dax,21.811273336610604,21.811273336610604
ridge,8,3,2026-02-28,japan_nikkei225_lag_3,33.092801135761334,33.092801135761334
elasticnet,8,3,2026-02-28,silver_usd_per_troy_ounce_lag_6,97.15500413338074,97.15500413338074
elasticnet,8,3,2026-02-28,origin_usa_nasdaq_composite,90.27299609113109,90.27299609113109
elasticnet,8,3,2026-02-28,origin_china_csi300_jiangxi_copper,97.12089883806829,97.12089883806829
elasticnet,8,3,2026-02-28,origin_south_korea_kospi,116.98777816547025,116.98777816547025
elasticnet,8,3,2026-02-28,origin_copper_price_usd_per_ton,99.95239376779607,99.95239376779607
elasticnet,8,3,2026-02-28,japan_industrial_production_lag_12,-100.47749869628342,100.47749869628342
elasticnet,8,3,2026-02-28,gold_usd_per_troy_ounce_lag_12,100.67437691627069,100.67437691627069
elasticnet,8,3,2026-02-28,gold_usd_per_troy_ounce_lag_6,89.44408487357929,89.44408487357929
elasticnet,8,3,2026-02-28,silver_usd_per_troy_ounce_lag_3,80.90034514495184,80.90034514495184
elasticnet,8,3,2026-02-28,usa_dow_jones_lag_1,68.13782971398525,68.13782971398525
elasticnet,8,3,2026-02-28,japan_nikkei225_lag_1,61.88711529025785,61.88711529025785
elasticnet,8,3,2026-02-28,origin_uk_ftse100_antofagasta,89.5408468436513,89.5408468436513
elasticnet,8,3,2026-02-28,south_korea_kospi_lag_1,105.35377168812067,105.35377168812067
elasticnet,8,3,2026-02-28,origin_canada_tsx_composite_lundin_mining,70.22606254015422,70.22606254015422
elasticnet,8,3,2026-02-28,shfe_close_cny_per_ton_lag_1,73.43143729628471,73.43143729628471
elasticnet,8,3,2026-02-28,silver_usd_per_troy_ounce_lag_1,81.71106238350656,81.71106238350656
elasticnet,8,3,2026-02-28,origin_germany_dax,48.0916223108389,48.0916223108389
elasticnet,8,3,2026-02-28,japan_nikkei225_lag_3,51.34389115126918,51.34389115126918
ridge,8,3,2026-03-31,silver_usd_per_troy_ounce_lag_6,250.84066978908228,250.84066978908228
ridge,8,3,2026-03-31,origin_usa_nasdaq_composite,775.814368569153,775.814368569153
ridge,8,3,2026-03-31,origin_china_csi300_jiangxi_copper,-37.33457678437354,37.33457678437354
ridge,8,3,2026-03-31,origin_south_korea_kospi,590.2924717746828,590.2924717746828
ridge,8,3,2026-03-31,origin_copper_price_usd_per_ton,422.6194867647357,422.6194867647357
ridge,8,3,2026-03-31,gold_usd_per_troy_ounce_lag_12,503.46063789014227,503.46063789014227
ridge,8,3,2026-03-31,japan_industrial_production_lag_12,-98.80771192017052,98.80771192017052
ridge,8,3,2026-03-31,gold_usd_per_troy_ounce_lag_6,449.45359349762373,449.45359349762373
ridge,8,3,2026-03-31,silver_usd_per_troy_ounce_lag_3,-173.4786561591316,173.4786561591316
ridge,8,3,2026-03-31,origin_uk_ftse100_antofagasta,547.2921996538371,547.2921996538371
ridge,8,3,2026-03-31,japan_nikkei225_lag_1,56.726877287446335,56.726877287446335
ridge,8,3,2026-03-31,origin_canada_tsx_composite_lundin_mining,-633.6567059084482,633.6567059084482
ridge,8,3,2026-03-31,shfe_close_cny_per_ton_lag_1,-358.4827510608593,358.4827510608593
ridge,8,3,2026-03-31,silver_usd_per_troy_ounce_lag_1,105.54713994584515,105.54713994584515
ridge,8,3,2026-03-31,origin_germany_dax,-647.9123165903972,647.9123165903972
ridge,8,3,2026-03-31,usa_nasdaq_composite_lag_6,-253.51310712786542,253.51310712786542
ridge,8,3,2026-03-31,japan_nikkei225_lag_3,97.76435488910948,97.76435488910948
ridge,8,3,2026-03-31,china_refined_copper_production_ton_lag_12,-4.082763339984452,4.082763339984452
elasticnet,8,3,2026-03-31,silver_usd_per_troy_ounce_lag_6,83.95424130875713,83.95424130875713
elasticnet,8,3,2026-03-31,origin_usa_nasdaq_composite,80.9100512822728,80.9100512822728
elasticnet,8,3,2026-03-31,origin_china_csi300_jiangxi_copper,84.9805622391776,84.9805622391776
elasticnet,8,3,2026-03-31,origin_south_korea_kospi,97.74581618870546,97.74581618870546
elasticnet,8,3,2026-03-31,origin_copper_price_usd_per_ton,88.61845432109973,88.61845432109973
elasticnet,8,3,2026-03-31,gold_usd_per_troy_ounce_lag_12,85.12514059179726,85.12514059179726
elasticnet,8,3,2026-03-31,japan_industrial_production_lag_12,-86.00234792870981,86.00234792870981
elasticnet,8,3,2026-03-31,gold_usd_per_troy_ounce_lag_6,77.19312277437476,77.19312277437476
elasticnet,8,3,2026-03-31,silver_usd_per_troy_ounce_lag_3,75.94350079235305,75.94350079235305
elasticnet,8,3,2026-03-31,origin_uk_ftse100_antofagasta,80.07593680534315,80.07593680534315
elasticnet,8,3,2026-03-31,japan_nikkei225_lag_1,63.975339862045516,63.975339862045516
elasticnet,8,3,2026-03-31,origin_canada_tsx_composite_lundin_mining,69.96121228155408,69.96121228155408
elasticnet,8,3,2026-03-31,shfe_close_cny_per_ton_lag_1,73.17091968817469,73.17091968817469
elasticnet,8,3,2026-03-31,silver_usd_per_troy_ounce_lag_1,75.38486819476394,75.38486819476394
elasticnet,8,3,2026-03-31,origin_germany_dax,56.364043551862075,56.364043551862075
elasticnet,8,3,2026-03-31,usa_nasdaq_composite_lag_6,70.52317268849795,70.52317268849795
elasticnet,8,3,2026-03-31,japan_nikkei225_lag_3,56.671027918337096,56.671027918337096
elasticnet,8,3,2026-03-31,china_refined_copper_production_ton_lag_12,53.177692574053694,53.177692574053694
ridge,8,3,2026-04-30,origin_usa_nasdaq_composite,664.2337685049671,664.2337685049671
ridge,8,3,2026-04-30,silver_usd_per_troy_ounce_lag_6,190.96327625600023,190.96327625600023
ridge,8,3,2026-04-30,origin_china_csi300_jiangxi_copper,22.56295590207392,22.56295590207392
ridge,8,3,2026-04-30,origin_south_korea_kospi,665.213224954348,665.213224954348
ridge,8,3,2026-04-30,gold_usd_per_troy_ounce_lag_12,531.5878080376526,531.5878080376526
ridge,8,3,2026-04-30,origin_copper_price_usd_per_ton,503.07915278968744,503.07915278968744
ridge,8,3,2026-04-30,gold_usd_per_troy_ounce_lag_6,496.08925674948523,496.08925674948523
ridge,8,3,2026-04-30,silver_usd_per_troy_ounce_lag_3,-268.51748191814914,268.51748191814914
ridge,8,3,2026-04-30,japan_industrial_production_lag_12,-113.41748002101643,113.41748002101643
ridge,8,3,2026-04-30,origin_japan_nikkei225,164.53936194143506,164.53936194143506
ridge,8,3,2026-04-30,origin_uk_ftse100_antofagasta,529.2740305534268,529.2740305534268
ridge,8,3,2026-04-30,origin_canada_tsx_composite_lundin_mining,-609.1511640999228,609.1511640999228
ridge,8,3,2026-04-30,shfe_close_cny_per_ton_lag_1,-326.5026620907939,326.5026620907939
ridge,8,3,2026-04-30,silver_usd_per_troy_ounce_lag_1,18.02344779555299,18.02344779555299
ridge,8,3,2026-04-30,usa_nasdaq_composite_lag_6,-125.21769694143674,125.21769694143674
ridge,8,3,2026-04-30,japan_nikkei225_lag_3,-223.75198006014645,223.75198006014645
ridge,8,3,2026-04-30,origin_canada_tsx_composite,-818.5034934249213,818.5034934249213
ridge,8,3,2026-04-30,usa_sp500_lag_3,351.9858123043561,351.9858123043561
elasticnet,8,3,2026-04-30,origin_usa_nasdaq_composite,571.6217060254769,571.6217060254769
elasticnet,8,3,2026-04-30,silver_usd_per_troy_ounce_lag_6,208.21577458754666,208.21577458754666
elasticnet,8,3,2026-04-30,origin_china_csi300_jiangxi_copper,9.776875364450007,9.776875364450007
elasticnet,8,3,2026-04-30,origin_south_korea_kospi,562.7793340796289,562.7793340796289
elasticnet,8,3,2026-04-30,gold_usd_per_troy_ounce_lag_12,497.48488226733207,497.48488226733207
elasticnet,8,3,2026-04-30,origin_copper_price_usd_per_ton,406.4185686302485,406.4185686302485
elasticnet,8,3,2026-04-30,gold_usd_per_troy_ounce_lag_6,404.51238308387843,404.51238308387843
elasticnet,8,3,2026-04-30,silver_usd_per_troy_ounce_lag_3,-175.61247798470302,175.61247798470302
elasticnet,8,3,2026-04-30,japan_industrial_production_lag_12,-160.11512038263,160.11512038263
elasticnet,8,3,2026-04-30,origin_japan_nikkei225,132.43685051715207,132.43685051715207
elasticnet,8,3,2026-04-30,origin_uk_ftse100_antofagasta,401.58043511733183,401.58043511733183
elasticnet,8,3,2026-04-30,origin_canada_tsx_composite_lundin_mining,-397.6066834985821,397.6066834985821
elasticnet,8,3,2026-04-30,shfe_close_cny_per_ton_lag_1,-204.80791775063489,204.80791775063489
elasticnet,8,3,2026-04-30,silver_usd_per_troy_ounce_lag_1,-11.457120865551536,11.457120865551536
elasticnet,8,3,2026-04-30,usa_nasdaq_composite_lag_6,-85.68591158599149,85.68591158599149
elasticnet,8,3,2026-04-30,japan_nikkei225_lag_3,-191.31074836140988,191.31074836140988
elasticnet,8,3,2026-04-30,origin_canada_tsx_composite,-574.5615649501701,574.5615649501701
elasticnet,8,3,2026-04-30,usa_sp500_lag_3,167.5772362044972,167.5772362044972
ridge,8,3,2026-05-31,origin_usa_nasdaq_composite,138.83146970201932,138.83146970201932
ridge,8,3,2026-05-31,silver_usd_per_troy_ounce_lag_6,133.57296096530015,133.57296096530015
ridge,8,3,2026-05-31,origin_china_csi300_jiangxi_copper,94.3153571085006,94.3153571085006
ridge,8,3,2026-05-31,origin_south_korea_kospi,154.93237251082653,154.93237251082653
ridge,8,3,2026-05-31,gold_usd_per_troy_ounce_lag_12,141.47396397204005,141.47396397204005
ridge,8,3,2026-05-31,origin_copper_price_usd_per_ton,146.43694615724468,146.43694615724468
ridge,8,3,2026-05-31,gold_usd_per_troy_ounce_lag_6,118.84801508556762,118.84801508556762
ridge,8,3,2026-05-31,silver_usd_per_troy_ounce_lag_3,86.88696716841154,86.88696716841154
ridge,8,3,2026-05-31,japan_nikkei225_lag_1,65.40059760414145,65.40059760414145
ridge,8,3,2026-05-31,origin_canada_tsx_composite_lundin_mining,56.93734322371873,56.93734322371873
ridge,8,3,2026-05-31,origin_uk_ftse100_antofagasta,101.93579175253532,101.93579175253532
ridge,8,3,2026-05-31,japan_industrial_production_lag_12,-176.68153807644134,176.68153807644134
ridge,8,3,2026-05-31,silver_usd_per_troy_ounce_lag_1,53.31921467255861,53.31921467255861
ridge,8,3,2026-05-31,usa_nasdaq_composite_lag_6,86.00886886203821,86.00886886203821
ridge,8,3,2026-05-31,shfe_close_cny_per_ton_lag_1,84.29451735961727,84.29451735961727
ridge,8,3,2026-05-31,origin_canada_tsx_composite,60.95277331978375,60.95277331978375
ridge,8,3,2026-05-31,japan_nikkei225_lag_3,33.53572709748792,33.53572709748792
ridge,8,3,2026-05-31,origin_canada_tsx_composite_capstone_copper,82.49254550556917,82.49254550556917
elasticnet,8,3,2026-05-31,origin_usa_nasdaq_composite,79.26221972623976,79.26221972623976
elasticnet,8,3,2026-05-31,silver_usd_per_troy_ounce_lag_6,78.92571204670931,78.92571204670931
elasticnet,8,3,2026-05-31,origin_china_csi300_jiangxi_copper,67.77564026185581,67.77564026185581
elasticnet,8,3,2026-05-31,origin_south_korea_kospi,77.24301010320376,77.24301010320376
elasticnet,8,3,2026-05-31,gold_usd_per_troy_ounce_lag_12,80.34563158928924,80.34563158928924
elasticnet,8,3,2026-05-31,origin_copper_price_usd_per_ton,81.0803246592367,81.0803246592367
elasticnet,8,3,2026-05-31,gold_usd_per_troy_ounce_lag_6,75.2920195380267,75.2920195380267
elasticnet,8,3,2026-05-31,silver_usd_per_troy_ounce_lag_3,71.96285105310108,71.96285105310108
elasticnet,8,3,2026-05-31,japan_nikkei225_lag_1,66.3815960930191,66.3815960930191
elasticnet,8,3,2026-05-31,origin_canada_tsx_composite_lundin_mining,62.87407783353872,62.87407783353872
elasticnet,8,3,2026-05-31,origin_uk_ftse100_antofagasta,72.52914182070039,72.52914182070039
elasticnet,8,3,2026-05-31,japan_industrial_production_lag_12,-77.29969377915269,77.29969377915269
elasticnet,8,3,2026-05-31,silver_usd_per_troy_ounce_lag_1,61.717038429384125,61.717038429384125
elasticnet,8,3,2026-05-31,usa_nasdaq_composite_lag_6,70.12074923700628,70.12074923700628
elasticnet,8,3,2026-05-31,shfe_close_cny_per_ton_lag_1,71.60627400611672,71.60627400611672
elasticnet,8,3,2026-05-31,origin_canada_tsx_composite,67.64010462872446,67.64010462872446
elasticnet,8,3,2026-05-31,japan_nikkei225_lag_3,60.959066741251284,60.959066741251284
elasticnet,8,3,2026-05-31,origin_canada_tsx_composite_capstone_copper,70.04940867238133,70.04940867238133
ridge,8,6,2025-01-31,japan_industrial_production_lag_12,-131.15649862409265,131.15649862409265
ridge,8,6,2025-01-31,silver_usd_per_troy_ounce_lag_3,109.31049252350367,109.31049252350367
ridge,8,6,2025-01-31,silver_usd_per_troy_ounce_lag_1,83.82810663180595,83.82810663180595
ridge,8,6,2025-01-31,japan_industrial_production_lag_6,-151.66422996896472,151.66422996896472
ridge,8,6,2025-01-31,gold_usd_per_troy_ounce_lag_6,109.55876427095278,109.55876427095278
ridge,8,6,2025-01-31,origin_usa_nasdaq_composite,61.54781564077152,61.54781564077152
ridge,8,6,2025-01-31,gold_usd_per_troy_ounce_lag_3,83.66097219519258,83.66097219519258
ridge,8,6,2025-01-31,japan_industrial_production_lag_3,-157.1383138696432,157.1383138696432
ridge,8,6,2025-01-31,silver_usd_per_troy_ounce_lag_6,88.61161242705631,88.61161242705631
ridge,8,6,2025-01-31,gold_usd_per_troy_ounce_lag_12,77.5190797522899,77.5190797522899
ridge,8,6,2025-01-31,iron_ore_usd_per_dmtu_lag_3,98.89101673744217,98.89101673744217
ridge,8,6,2025-01-31,origin_japan_nikkei225,34.2308022324796,34.2308022324796
ridge,8,6,2025-01-31,origin_uk_ftse100_antofagasta,20.641079680040267,20.641079680040267
ridge,8,6,2025-01-31,origin_south_korea_kospi,106.26208074617048,106.26208074617048
ridge,8,6,2025-01-31,origin_canada_tsx_composite_capstone_copper,-6.567934880767244,6.567934880767244
ridge,8,6,2025-01-31,iron_ore_usd_per_dmtu_lag_1,58.80520311604776,58.80520311604776
ridge,8,6,2025-01-31,uk_ftse100_antofagasta_lag_1,2.653403877824487,2.653403877824487
ridge,8,6,2025-01-31,china_refined_copper_production_ton_lag_6,89.23638443572173,89.23638443572173
elasticnet,8,6,2025-01-31,japan_industrial_production_lag_12,-74.07261757656255,74.07261757656255
elasticnet,8,6,2025-01-31,silver_usd_per_troy_ounce_lag_3,74.2808280912884,74.2808280912884
elasticnet,8,6,2025-01-31,silver_usd_per_troy_ounce_lag_1,67.63235148937066,67.63235148937066
elasticnet,8,6,2025-01-31,japan_industrial_production_lag_6,-82.26182589877965,82.26182589877965
elasticnet,8,6,2025-01-31,gold_usd_per_troy_ounce_lag_6,75.05607345571559,75.05607345571559
elasticnet,8,6,2025-01-31,origin_usa_nasdaq_composite,62.036022587614774,62.036022587614774
elasticnet,8,6,2025-01-31,gold_usd_per_troy_ounce_lag_3,68.40532822044966,68.40532822044966
elasticnet,8,6,2025-01-31,japan_industrial_production_lag_3,-79.17798873750588,79.17798873750588
elasticnet,8,6,2025-01-31,silver_usd_per_troy_ounce_lag_6,64.04041253699037,64.04041253699037
elasticnet,8,6,2025-01-31,gold_usd_per_troy_ounce_lag_12,62.28662284411829,62.28662284411829
elasticnet,8,6,2025-01-31,iron_ore_usd_per_dmtu_lag_3,66.9321600898287,66.9321600898287
elasticnet,8,6,2025-01-31,origin_japan_nikkei225,46.49402211443548,46.49402211443548
elasticnet,8,6,2025-01-31,origin_uk_ftse100_antofagasta,45.11727297667599,45.11727297667599
elasticnet,8,6,2025-01-31,origin_south_korea_kospi,64.24533661974371,64.24533661974371
elasticnet,8,6,2025-01-31,origin_canada_tsx_composite_capstone_copper,37.12791750264839,37.12791750264839
elasticnet,8,6,2025-01-31,iron_ore_usd_per_dmtu_lag_1,58.14170371487336,58.14170371487336
elasticnet,8,6,2025-01-31,uk_ftse100_antofagasta_lag_1,40.554742944454524,40.554742944454524
elasticnet,8,6,2025-01-31,china_refined_copper_production_ton_lag_6,53.88804486995363,53.88804486995363
ridge,8,6,2025-02-28,japan_industrial_production_lag_12,-134.79313882082093,134.79313882082093
ridge,8,6,2025-02-28,silver_usd_per_troy_ounce_lag_3,105.66474964628314,105.66474964628314
ridge,8,6,2025-02-28,silver_usd_per_troy_ounce_lag_1,78.57160207756536,78.57160207756536
ridge,8,6,2025-02-28,japan_industrial_production_lag_6,-152.58207620421058,152.58207620421058
ridge,8,6,2025-02-28,gold_usd_per_troy_ounce_lag_6,115.05648453014298,115.05648453014298
ridge,8,6,2025-02-28,origin_usa_nasdaq_composite,62.21090786292433,62.21090786292433
ridge,8,6,2025-02-28,silver_usd_per_troy_ounce_lag_6,95.8506599297721,95.8506599297721
ridge,8,6,2025-02-28,gold_usd_per_troy_ounce_lag_3,83.18034278747734,83.18034278747734
ridge,8,6,2025-02-28,japan_industrial_production_lag_3,-160.7944778446446,160.7944778446446
ridge,8,6,2025-02-28,gold_usd_per_troy_ounce_lag_12,79.37195031540656,79.37195031540656
ridge,8,6,2025-02-28,iron_ore_usd_per_dmtu_lag_3,97.15815673145514,97.15815673145514
ridge,8,6,2025-02-28,origin_japan_nikkei225,39.905029109307804,39.905029109307804
ridge,8,6,2025-02-28,origin_uk_ftse100_antofagasta,25.95607825243997,25.95607825243997
ridge,8,6,2025-02-28,origin_south_korea_kospi,103.20373327584969,103.20373327584969
ridge,8,6,2025-02-28,origin_canada_tsx_composite_capstone_copper,-1.6254076715849732,1.6254076715849732
ridge,8,6,2025-02-28,iron_ore_usd_per_dmtu_lag_1,61.168342560299756,61.168342560299756
ridge,8,6,2025-02-28,uk_ftse100_antofagasta_lag_1,4.4988165067040295,4.4988165067040295
ridge,8,6,2025-02-28,usd_inr_lag_12,38.78597852617483,38.78597852617483
elasticnet,8,6,2025-02-28,japan_industrial_production_lag_12,-62.71343599702139,62.71343599702139
elasticnet,8,6,2025-02-28,silver_usd_per_troy_ounce_lag_3,62.986354781547035,62.986354781547035
elasticnet,8,6,2025-02-28,silver_usd_per_troy_ounce_lag_1,58.39228020092119,58.39228020092119
elasticnet,8,6,2025-02-28,japan_industrial_production_lag_6,-67.55644069630476,67.55644069630476
elasticnet,8,6,2025-02-28,gold_usd_per_troy_ounce_lag_6,64.77296167315767,64.77296167315767
elasticnet,8,6,2025-02-28,origin_usa_nasdaq_composite,55.39175158006787,55.39175158006787
elasticnet,8,6,2025-02-28,silver_usd_per_troy_ounce_lag_6,56.90817374975356,56.90817374975356
elasticnet,8,6,2025-02-28,gold_usd_per_troy_ounce_lag_3,58.912750392411404,58.912750392411404
elasticnet,8,6,2025-02-28,japan_industrial_production_lag_3,-64.5298405026224,64.5298405026224
elasticnet,8,6,2025-02-28,gold_usd_per_troy_ounce_lag_12,55.30490599494049,55.30490599494049
elasticnet,8,6,2025-02-28,iron_ore_usd_per_dmtu_lag_3,56.90237322520809,56.90237322520809
elasticnet,8,6,2025-02-28,origin_japan_nikkei225,43.57935771380335,43.57935771380335
elasticnet,8,6,2025-02-28,origin_uk_ftse100_antofagasta,43.511242732783955,43.511242732783955
elasticnet,8,6,2025-02-28,origin_south_korea_kospi,54.83921061284572,54.83921061284572
elasticnet,8,6,2025-02-28,origin_canada_tsx_composite_capstone_copper,37.81042428828873,37.81042428828873
elasticnet,8,6,2025-02-28,iron_ore_usd_per_dmtu_lag_1,51.414264489734876,51.414264489734876
elasticnet,8,6,2025-02-28,uk_ftse100_antofagasta_lag_1,39.91665575429082,39.91665575429082
elasticnet,8,6,2025-02-28,usd_inr_lag_12,44.691873923554155,44.691873923554155
ridge,8,6,2025-03-31,japan_industrial_production_lag_12,-141.0159778426665,141.0159778426665
ridge,8,6,2025-03-31,silver_usd_per_troy_ounce_lag_3,107.46688659381788,107.46688659381788
ridge,8,6,2025-03-31,silver_usd_per_troy_ounce_lag_1,83.42648508920327,83.42648508920327
ridge,8,6,2025-03-31,japan_industrial_production_lag_6,-157.49608212262004,157.49608212262004
ridge,8,6,2025-03-31,gold_usd_per_troy_ounce_lag_6,116.55918447554579,116.55918447554579
ridge,8,6,2025-03-31,origin_usa_nasdaq_composite,64.27263194606086,64.27263194606086
ridge,8,6,2025-03-31,silver_usd_per_troy_ounce_lag_6,98.19142040253529,98.19142040253529
ridge,8,6,2025-03-31,gold_usd_per_troy_ounce_lag_3,82.8424737970104,82.8424737970104
ridge,8,6,2025-03-31,gold_usd_per_troy_ounce_lag_12,78.89871710915887,78.89871710915887
ridge,8,6,2025-03-31,japan_industrial_production_lag_3,-163.6329884775764,163.6329884775764
ridge,8,6,2025-03-31,origin_japan_nikkei225,35.85873951092536,35.85873951092536
ridge,8,6,2025-03-31,origin_uk_ftse100_antofagasta,26.767483879794632,26.767483879794632
ridge,8,6,2025-03-31,iron_ore_usd_per_dmtu_lag_3,107.74657681983965,107.74657681983965
ridge,8,6,2025-03-31,origin_south_korea_kospi,109.75322931824941,109.75322931824941
ridge,8,6,2025-03-31,origin_canada_tsx_composite_capstone_copper,-3.817857105607163,3.817857105607163
ridge,8,6,2025-03-31,uk_ftse100_antofagasta_lag_1,5.4339079513981785,5.4339079513981785
ridge,8,6,2025-03-31,usd_inr_lag_12,38.46938416760555,38.46938416760555
ridge,8,6,2025-03-31,hong_kong_hang_seng_zijin_mining_lag_3,23.801133991144393,23.801133991144393
elasticnet,8,6,2025-03-31,japan_industrial_production_lag_12,-58.644427764183945,58.644427764183945
elasticnet,8,6,2025-03-31,silver_usd_per_troy_ounce_lag_3,58.54911422497256,58.54911422497256
elasticnet,8,6,2025-03-31,silver_usd_per_troy_ounce_lag_1,55.28877164306898,55.28877164306898
elasticnet,8,6,2025-03-31,japan_industrial_production_lag_6,-62.44804419843215,62.44804419843215
elasticnet,8,6,2025-03-31,gold_usd_per_troy_ounce_lag_6,59.99991456263275,59.99991456263275
elasticnet,8,6,2025-03-31,origin_usa_nasdaq_composite,52.36451633267449,52.36451633267449
elasticnet,8,6,2025-03-31,silver_usd_per_troy_ounce_lag_6,53.404561957556446,53.404561957556446
elasticnet,8,6,2025-03-31,gold_usd_per_troy_ounce_lag_3,54.70710877415523,54.70710877415523
elasticnet,8,6,2025-03-31,gold_usd_per_troy_ounce_lag_12,51.670469452163466,51.670469452163466
elasticnet,8,6,2025-03-31,japan_industrial_production_lag_3,-59.09193507465791,59.09193507465791
elasticnet,8,6,2025-03-31,origin_japan_nikkei225,40.971618601176274,40.971618601176274
elasticnet,8,6,2025-03-31,origin_uk_ftse100_antofagasta,41.896496243578255,41.896496243578255
elasticnet,8,6,2025-03-31,iron_ore_usd_per_dmtu_lag_3,53.796852693552964,53.796852693552964
elasticnet,8,6,2025-03-31,origin_south_korea_kospi,51.76059452908586,51.76059452908586
elasticnet,8,6,2025-03-31,origin_canada_tsx_composite_capstone_copper,36.47523670179801,36.47523670179801
elasticnet,8,6,2025-03-31,uk_ftse100_antofagasta_lag_1,38.83026820799726,38.83026820799726
elasticnet,8,6,2025-03-31,usd_inr_lag_12,42.31389496593428,42.31389496593428
elasticnet,8,6,2025-03-31,hong_kong_hang_seng_zijin_mining_lag_3,42.676873470833115,42.676873470833115
ridge,8,6,2025-04-30,silver_usd_per_troy_ounce_lag_3,97.71860212079208,97.71860212079208
ridge,8,6,2025-04-30,japan_industrial_production_lag_12,-136.98776049530733,136.98776049530733
ridge,8,6,2025-04-30,silver_usd_per_troy_ounce_lag_1,72.04299887743267,72.04299887743267
ridge,8,6,2025-04-30,japan_industrial_production_lag_6,-152.09135762174827,152.09135762174827
ridge,8,6,2025-04-30,gold_usd_per_troy_ounce_lag_6,115.20871819942143,115.20871819942143
ridge,8,6,2025-04-30,origin_usa_nasdaq_composite,63.81989860671112,63.81989860671112
ridge,8,6,2025-04-30,silver_usd_per_troy_ounce_lag_6,92.71541026353867,92.71541026353867
ridge,8,6,2025-04-30,gold_usd_per_troy_ounce_lag_3,85.66307764339656,85.66307764339656
ridge,8,6,2025-04-30,origin_japan_nikkei225,43.96454079947247,43.96454079947247
ridge,8,6,2025-04-30,gold_usd_per_troy_ounce_lag_12,84.28015874201951,84.28015874201951
ridge,8,6,2025-04-30,japan_industrial_production_lag_3,-166.9707999575906,166.9707999575906
ridge,8,6,2025-04-30,origin_uk_ftse100_antofagasta,23.151128411382594,23.151128411382594
ridge,8,6,2025-04-30,iron_ore_usd_per_dmtu_lag_3,107.95685412196875,107.95685412196875
ridge,8,6,2025-04-30,origin_south_korea_kospi,90.31529503698816,90.31529503698816
ridge,8,6,2025-04-30,uk_ftse100_antofagasta_lag_1,5.39120665222949,5.39120665222949
ridge,8,6,2025-04-30,origin_canada_tsx_composite_capstone_copper,-3.6936259491969725,3.6936259491969725
ridge,8,6,2025-04-30,hong_kong_hang_seng_zijin_mining_lag_3,31.71539495227602,31.71539495227602
ridge,8,6,2025-04-30,origin_poland_wig20_kghm,88.87447022451167,88.87447022451167
elasticnet,8,6,2025-04-30,silver_usd_per_troy_ounce_lag_3,57.41535154372209,57.41535154372209
elasticnet,8,6,2025-04-30,japan_industrial_production_lag_12,-58.44338728244898,58.44338728244898
elasticnet,8,6,2025-04-30,silver_usd_per_troy_ounce_lag_1,54.2346892189237,54.2346892189237
elasticnet,8,6,2025-04-30,japan_industrial_production_lag_6,-62.18858794301845,62.18858794301845
elasticnet,8,6,2025-04-30,gold_usd_per_troy_ounce_lag_6,59.708577572955264,59.708577572955264
elasticnet,8,6,2025-04-30,origin_usa_nasdaq_composite,52.56076976496581,52.56076976496581
elasticnet,8,6,2025-04-30,silver_usd_per_troy_ounce_lag_6,53.027617202042684,53.027617202042684
elasticnet,8,6,2025-04-30,gold_usd_per_troy_ounce_lag_3,55.080419105142816,55.080419105142816
elasticnet,8,6,2025-04-30,origin_japan_nikkei225,42.12762240670779,42.12762240670779
elasticnet,8,6,2025-04-30,gold_usd_per_troy_ounce_lag_12,52.66682794607479,52.66682794607479
elasticnet,8,6,2025-04-30,japan_industrial_production_lag_3,-59.892172864745504,59.892172864745504
elasticnet,8,6,2025-04-30,origin_uk_ftse100_antofagasta,42.10391819235147,42.10391819235147
elasticnet,8,6,2025-04-30,iron_ore_usd_per_dmtu_lag_3,53.64916068415536,53.64916068415536
elasticnet,8,6,2025-04-30,origin_south_korea_kospi,49.663090046456865,49.663090046456865
elasticnet,8,6,2025-04-30,uk_ftse100_antofagasta_lag_1,39.33492945439,39.33492945439
elasticnet,8,6,2025-04-30,origin_canada_tsx_composite_capstone_copper,36.84235096144996,36.84235096144996
elasticnet,8,6,2025-04-30,hong_kong_hang_seng_zijin_mining_lag_3,43.71024167471365,43.71024167471365
elasticnet,8,6,2025-04-30,origin_poland_wig20_kghm,49.56265666420367,49.56265666420367
ridge,8,6,2025-05-31,silver_usd_per_troy_ounce_lag_3,91.52640069268655,91.52640069268655
ridge,8,6,2025-05-31,japan_industrial_production_lag_12,-126.20615532580312,126.20615532580312
ridge,8,6,2025-05-31,silver_usd_per_troy_ounce_lag_1,60.05219296861703,60.05219296861703
ridge,8,6,2025-05-31,japan_industrial_production_lag_6,-147.91525483440225,147.91525483440225
ridge,8,6,2025-05-31,gold_usd_per_troy_ounce_lag_6,112.5037789167447,112.5037789167447
ridge,8,6,2025-05-31,origin_usa_nasdaq_composite,65.13003207128153,65.13003207128153
ridge,8,6,2025-05-31,gold_usd_per_troy_ounce_lag_3,84.44363330654473,84.44363330654473
ridge,8,6,2025-05-31,silver_usd_per_troy_ounce_lag_6,85.48513886646023,85.48513886646023
ridge,8,6,2025-05-31,origin_japan_nikkei225,47.59475381061568,47.59475381061568
ridge,8,6,2025-05-31,gold_usd_per_troy_ounce_lag_12,81.37696776349506,81.37696776349506
ridge,8,6,2025-05-31,origin_uk_ftse100_antofagasta,20.272058323246394,20.272058323246394
ridge,8,6,2025-05-31,japan_industrial_production_lag_3,-162.13089105342505,162.13089105342505
ridge,8,6,2025-05-31,uk_ftse100_antofagasta_lag_1,2.759234707613761,2.759234707613761
ridge,8,6,2025-05-31,origin_usa_nyse_hecla_mining,96.14088251366134,96.14088251366134
ridge,8,6,2025-05-31,iron_ore_usd_per_dmtu_lag_3,113.11015947596336,113.11015947596336
ridge,8,6,2025-05-31,origin_south_korea_kospi,80.1492505168707,80.1492505168707
ridge,8,6,2025-05-31,origin_poland_wig20_kghm,72.30803672422554,72.30803672422554
ridge,8,6,2025-05-31,hong_kong_hang_seng_zijin_mining_lag_3,31.750250747539017,31.750250747539017
elasticnet,8,6,2025-05-31,silver_usd_per_troy_ounce_lag_3,61.26711390559869,61.26711390559869
elasticnet,8,6,2025-05-31,japan_industrial_production_lag_12,-62.70269185174946,62.70269185174946
elasticnet,8,6,2025-05-31,silver_usd_per_troy_ounce_lag_1,56.509581692429414,56.509581692429414
elasticnet,8,6,2025-05-31,japan_industrial_production_lag_6,-67.69018759055389,67.69018759055389
elasticnet,8,6,2025-05-31,gold_usd_per_troy_ounce_lag_6,64.2886804498103,64.2886804498103
elasticnet,8,6,2025-05-31,origin_usa_nasdaq_composite,56.54339613085676,56.54339613085676
elasticnet,8,6,2025-05-31,gold_usd_per_troy_ounce_lag_3,59.207547566568564,59.207547566568564
elasticnet,8,6,2025-05-31,silver_usd_per_troy_ounce_lag_6,56.372943124169005,56.372943124169005
elasticnet,8,6,2025-05-31,origin_japan_nikkei225,45.75187897317284,45.75187897317284
elasticnet,8,6,2025-05-31,gold_usd_per_troy_ounce_lag_12,57.01805845328671,57.01805845328671
elasticnet,8,6,2025-05-31,origin_uk_ftse100_antofagasta,44.62400931128554,44.62400931128554
elasticnet,8,6,2025-05-31,japan_industrial_production_lag_3,-65.84607750037998,65.84607750037998
elasticnet,8,6,2025-05-31,uk_ftse100_antofagasta_lag_1,41.339782894335535,41.339782894335535
elasticnet,8,6,2025-05-31,origin_usa_nyse_hecla_mining,56.83949418734063,56.83949418734063
elasticnet,8,6,2025-05-31,iron_ore_usd_per_dmtu_lag_3,58.04087758195626,58.04087758195626
elasticnet,8,6,2025-05-31,origin_south_korea_kospi,51.91024164459932,51.91024164459932
elasticnet,8,6,2025-05-31,origin_poland_wig20_kghm,51.4471487627078,51.4471487627078
elasticnet,8,6,2025-05-31,hong_kong_hang_seng_zijin_mining_lag_3,46.88342125999214,46.88342125999214
ridge,8,6,2025-06-30,silver_usd_per_troy_ounce_lag_3,285.92492485182504,285.92492485182504
ridge,8,6,2025-06-30,japan_industrial_production_lag_12,-331.7873253813787,331.7873253813787
ridge,8,6,2025-06-30,silver_usd_per_troy_ounce_lag_1,72.56411287579334,72.56411287579334
ridge,8,6,2025-06-30,gold_usd_per_troy_ounce_lag_6,121.67870846099588,121.67870846099588
ridge,8,6,2025-06-30,origin_usa_nasdaq_composite,60.45273484216612,60.45273484216612
ridge,8,6,2025-06-30,japan_industrial_production_lag_6,-259.90191762619315,259.90191762619315
ridge,8,6,2025-06-30,gold_usd_per_troy_ounce_lag_3,26.01600231024143,26.01600231024143
ridge,8,6,2025-06-30,silver_usd_per_troy_ounce_lag_6,148.06187908064643,148.06187908064643
ridge,8,6,2025-06-30,origin_japan_nikkei225,80.14798330749218,80.14798330749218
ridge,8,6,2025-06-30,gold_usd_per_troy_ounce_lag_12,162.15510519705518,162.15510519705518
ridge,8,6,2025-06-30,origin_uk_ftse100_antofagasta,-71.45898933755194,71.45898933755194
ridge,8,6,2025-06-30,japan_industrial_production_lag_3,-328.54224188313293,328.54224188313293
ridge,8,6,2025-06-30,origin_usa_nyse_hecla_mining,141.58788472677674,141.58788472677674
ridge,8,6,2025-06-30,uk_ftse100_antofagasta_lag_1,-96.33742929176235,96.33742929176235
ridge,8,6,2025-06-30,hong_kong_hang_seng_zijin_mining_lag_3,-104.67648295658789,104.67648295658789
ridge,8,6,2025-06-30,uk_ftse100_antofagasta_lag_3,-109.16562823886062,109.16562823886062
ridge,8,6,2025-06-30,china_refined_copper_production_ton_lag_6,187.59610196506642,187.59610196506642
ridge,8,6,2025-06-30,gold_usd_per_troy_ounce_lag_1,-186.36742737331042,186.36742737331042
elasticnet,8,6,2025-06-30,silver_usd_per_troy_ounce_lag_3,63.31903422353381,63.31903422353381
elasticnet,8,6,2025-06-30,japan_industrial_production_lag_12,-67.70919414639837,67.70919414639837
elasticnet,8,6,2025-06-30,silver_usd_per_troy_ounce_lag_1,57.627053402531764,57.627053402531764
elasticnet,8,6,2025-06-30,gold_usd_per_troy_ounce_lag_6,62.53388157806832,62.53388157806832
elasticnet,8,6,2025-06-30,origin_usa_nasdaq_composite,56.15354416356378,56.15354416356378
elasticnet,8,6,2025-06-30,japan_industrial_production_lag_6,-69.43014644161863,69.43014644161863
elasticnet,8,6,2025-06-30,gold_usd_per_troy_ounce_lag_3,56.17161280412338,56.17161280412338
elasticnet,8,6,2025-06-30,silver_usd_per_troy_ounce_lag_6,58.40492787539815,58.40492787539815
elasticnet,8,6,2025-06-30,origin_japan_nikkei225,42.59809451344631,42.59809451344631
elasticnet,8,6,2025-06-30,gold_usd_per_troy_ounce_lag_12,57.152055440839455,57.152055440839455
elasticnet,8,6,2025-06-30,origin_uk_ftse100_antofagasta,45.1720456402225,45.1720456402225
elasticnet,8,6,2025-06-30,japan_industrial_production_lag_3,-64.89943797080205,64.89943797080205
elasticnet,8,6,2025-06-30,origin_usa_nyse_hecla_mining,63.29543210811239,63.29543210811239
elasticnet,8,6,2025-06-30,uk_ftse100_antofagasta_lag_1,41.401355777365296,41.401355777365296
elasticnet,8,6,2025-06-30,hong_kong_hang_seng_zijin_mining_lag_3,44.97690838808043,44.97690838808043
elasticnet,8,6,2025-06-30,uk_ftse100_antofagasta_lag_3,40.24217654191711,40.24217654191711
elasticnet,8,6,2025-06-30,china_refined_copper_production_ton_lag_6,44.87199549517317,44.87199549517317
elasticnet,8,6,2025-06-30,gold_usd_per_troy_ounce_lag_1,48.25384797501757,48.25384797501757
ridge,8,6,2025-07-31,silver_usd_per_troy_ounce_lag_3,271.29493929802607,271.29493929802607
ridge,8,6,2025-07-31,japan_industrial_production_lag_12,-325.612155605795,325.612155605795
ridge,8,6,2025-07-31,silver_usd_per_troy_ounce_lag_1,66.76797736586178,66.76797736586178
ridge,8,6,2025-07-31,gold_usd_per_troy_ounce_lag_6,115.8695898733599,115.8695898733599
ridge,8,6,2025-07-31,origin_usa_nasdaq_composite,58.701919343079005,58.701919343079005
ridge,8,6,2025-07-31,gold_usd_per_troy_ounce_lag_3,-3.7274359806160375,3.7274359806160375
ridge,8,6,2025-07-31,japan_industrial_production_lag_6,-280.79015960860346,280.79015960860346
ridge,8,6,2025-07-31,silver_usd_per_troy_ounce_lag_6,152.55135958023624,152.55135958023624
ridge,8,6,2025-07-31,origin_japan_nikkei225,77.3669229492128,77.3669229492128
ridge,8,6,2025-07-31,gold_usd_per_troy_ounce_lag_12,166.7373974214228,166.7373974214228
ridge,8,6,2025-07-31,origin_uk_ftse100_antofagasta,-68.20287721916775,68.20287721916775
ridge,8,6,2025-07-31,origin_usa_nyse_hecla_mining,149.46625103851,149.46625103851
ridge,8,6,2025-07-31,hong_kong_hang_seng_zijin_mining_lag_3,-98.46994091930416,98.46994091930416
ridge,8,6,2025-07-31,uk_ftse100_antofagasta_lag_3,-92.94487452047923,92.94487452047923
ridge,8,6,2025-07-31,uk_ftse100_antofagasta_lag_1,-79.8718936327914,79.8718936327914
ridge,8,6,2025-07-31,gold_usd_per_troy_ounce_lag_1,-200.03946806607811,200.03946806607811
ridge,8,6,2025-07-31,china_refined_copper_production_ton_lag_6,189.0405937163762,189.0405937163762
ridge,8,6,2025-07-31,japan_industrial_production_lag_3,-339.4003646021815,339.4003646021815
elasticnet,8,6,2025-07-31,silver_usd_per_troy_ounce_lag_3,185.39964695800418,185.39964695800418
elasticnet,8,6,2025-07-31,japan_industrial_production_lag_12,-275.93198690010064,275.93198690010064
elasticnet,8,6,2025-07-31,silver_usd_per_troy_ounce_lag_1,56.78623686897541,56.78623686897541
elasticnet,8,6,2025-07-31,gold_usd_per_troy_ounce_lag_6,118.10151553372918,118.10151553372918
elasticnet,8,6,2025-07-31,origin_usa_nasdaq_composite,66.01188921986122,66.01188921986122
elasticnet,8,6,2025-07-31,gold_usd_per_troy_ounce_lag_3,30.85541278775565,30.85541278775565
elasticnet,8,6,2025-07-31,japan_industrial_production_lag_6,-251.9843204066421,251.9843204066421
elasticnet,8,6,2025-07-31,silver_usd_per_troy_ounce_lag_6,142.9016400048176,142.9016400048176
elasticnet,8,6,2025-07-31,origin_japan_nikkei225,27.54957450312143,27.54957450312143
elasticnet,8,6,2025-07-31,gold_usd_per_troy_ounce_lag_12,124.17121387191115,124.17121387191115
elasticnet,8,6,2025-07-31,origin_uk_ftse100_antofagasta,-22.596686697679587,22.596686697679587
elasticnet,8,6,2025-07-31,origin_usa_nyse_hecla_mining,163.98386127162257,163.98386127162257
elasticnet,8,6,2025-07-31,hong_kong_hang_seng_zijin_mining_lag_3,-39.15817564395239,39.15817564395239
elasticnet,8,6,2025-07-31,uk_ftse100_antofagasta_lag_3,-55.79015483245198,55.79015483245198
elasticnet,8,6,2025-07-31,uk_ftse100_antofagasta_lag_1,-51.28880115625959,51.28880115625959
elasticnet,8,6,2025-07-31,gold_usd_per_troy_ounce_lag_1,-80.28012482942006,80.28012482942006
elasticnet,8,6,2025-07-31,china_refined_copper_production_ton_lag_6,136.5691521327107,136.5691521327107
elasticnet,8,6,2025-07-31,japan_industrial_production_lag_3,-269.8591845811799,269.8591845811799
ridge,8,6,2025-08-31,silver_usd_per_troy_ounce_lag_3,236.41205258777364,236.41205258777364
ridge,8,6,2025-08-31,japan_industrial_production_lag_12,-267.05219405120107,267.05219405120107
ridge,8,6,2025-08-31,gold_usd_per_troy_ounce_lag_6,147.29528558246696,147.29528558246696
ridge,8,6,2025-08-31,silver_usd_per_troy_ounce_lag_1,68.86088113660153,68.86088113660153
ridge,8,6,2025-08-31,origin_usa_nasdaq_composite,68.96394861368975,68.96394861368975
ridge,8,6,2025-08-31,gold_usd_per_troy_ounce_lag_3,-32.320730964893514,32.320730964893514
ridge,8,6,2025-08-31,silver_usd_per_troy_ounce_lag_6,135.81493347817565,135.81493347817565
ridge,8,6,2025-08-31,japan_industrial_production_lag_6,-344.75912317054645,344.75912317054645
ridge,8,6,2025-08-31,origin_japan_nikkei225,75.81943587773524,75.81943587773524
ridge,8,6,2025-08-31,gold_usd_per_troy_ounce_lag_12,275.6255217343481,275.6255217343481
ridge,8,6,2025-08-31,origin_uk_ftse100_antofagasta,-58.46123534695595,58.46123534695595
ridge,8,6,2025-08-31,origin_usa_nyse_hecla_mining,70.1556107824276,70.1556107824276
ridge,8,6,2025-08-31,uk_ftse100_antofagasta_lag_3,-31.643239118744084,31.643239118744084
ridge,8,6,2025-08-31,uk_ftse100_antofagasta_lag_1,-64.967140607436,64.967140607436
ridge,8,6,2025-08-31,hong_kong_hang_seng_zijin_mining_lag_3,-31.14769448475407,31.14769448475407
ridge,8,6,2025-08-31,gold_usd_per_troy_ounce_lag_1,-188.78593986396714,188.78593986396714
ridge,8,6,2025-08-31,china_refined_copper_production_ton_lag_6,185.39637312098446,185.39637312098446
ridge,8,6,2025-08-31,us_industrial_production_lag_3,-289.24962289526894,289.24962289526894
elasticnet,8,6,2025-08-31,silver_usd_per_troy_ounce_lag_3,170.67016269881384,170.67016269881384
elasticnet,8,6,2025-08-31,japan_industrial_production_lag_12,-239.43110588540702,239.43110588540702
elasticnet,8,6,2025-08-31,gold_usd_per_troy_ounce_lag_6,133.5310395902314,133.5310395902314
elasticnet,8,6,2025-08-31,silver_usd_per_troy_ounce_lag_1,52.48837469351647,52.48837469351647
elasticnet,8,6,2025-08-31,origin_usa_nasdaq_composite,73.60007262413083,73.60007262413083
elasticnet,8,6,2025-08-31,gold_usd_per_troy_ounce_lag_3,22.70769622715438,22.70769622715438
elasticnet,8,6,2025-08-31,silver_usd_per_troy_ounce_lag_6,137.2977620668879,137.2977620668879
elasticnet,8,6,2025-08-31,japan_industrial_production_lag_6,-283.72317172818805,283.72317172818805
elasticnet,8,6,2025-08-31,origin_japan_nikkei225,38.38664155325002,38.38664155325002
elasticnet,8,6,2025-08-31,gold_usd_per_troy_ounce_lag_12,185.0963039203056,185.0963039203056
elasticnet,8,6,2025-08-31,origin_uk_ftse100_antofagasta,-11.352436549663357,11.352436549663357
elasticnet,8,6,2025-08-31,origin_usa_nyse_hecla_mining,108.38419825310895,108.38419825310895
elasticnet,8,6,2025-08-31,uk_ftse100_antofagasta_lag_3,-13.060550297969897,13.060550297969897
elasticnet,8,6,2025-08-31,uk_ftse100_antofagasta_lag_1,-34.38696633592409,34.38696633592409
elasticnet,8,6,2025-08-31,hong_kong_hang_seng_zijin_mining_lag_3,3.2022694305341375,3.2022694305341375
elasticnet,8,6,2025-08-31,gold_usd_per_troy_ounce_lag_1,-72.9438371172005,72.9438371172005
elasticnet,8,6,2025-08-31,china_refined_copper_production_ton_lag_6,134.8265041886879,134.8265041886879
elasticnet,8,6,2025-08-31,us_industrial_production_lag_3,-249.94198298584183,249.94198298584183
ridge,8,6,2025-09-30,silver_usd_per_troy_ounce_lag_3,201.5489701447295,201.5489701447295
ridge,8,6,2025-09-30,japan_industrial_production_lag_12,-255.6149903534915,255.6149903534915
ridge,8,6,2025-09-30,origin_usa_nasdaq_composite,34.09217528774975,34.09217528774975
ridge,8,6,2025-09-30,gold_usd_per_troy_ounce_lag_6,156.77843359231827,156.77843359231827
ridge,8,6,2025-09-30,silver_usd_per_troy_ounce_lag_1,20.42566361707925,20.42566361707925
ridge,8,6,2025-09-30,gold_usd_per_troy_ounce_lag_3,-26.06203930299925,26.06203930299925
ridge,8,6,2025-09-30,silver_usd_per_troy_ounce_lag_6,112.5350026539247,112.5350026539247
ridge,8,6,2025-09-30,origin_japan_nikkei225,58.73766694167765,58.73766694167765
ridge,8,6,2025-09-30,usa_nyse_mp_materials_lag_12,-92.01877656610858,92.01877656610858
ridge,8,6,2025-09-30,japan_industrial_production_lag_6,-387.91637501520506,387.91637501520506
ridge,8,6,2025-09-30,gold_usd_per_troy_ounce_lag_12,307.6310901633054,307.6310901633054
ridge,8,6,2025-09-30,origin_uk_ftse100_antofagasta,-61.066036246707895,61.066036246707895
ridge,8,6,2025-09-30,uk_ftse100_antofagasta_lag_3,-51.071987887327964,51.071987887327964
ridge,8,6,2025-09-30,hong_kong_hang_seng_zijin_mining_lag_3,5.91474364415793,5.91474364415793
ridge,8,6,2025-09-30,china_refined_copper_production_ton_lag_6,184.11773211609122,184.11773211609122
ridge,8,6,2025-09-30,gold_usd_per_troy_ounce_lag_1,-210.58028600697446,210.58028600697446
ridge,8,6,2025-09-30,origin_usa_nyse_hecla_mining,78.56589864530399,78.56589864530399
ridge,8,6,2025-09-30,us_industrial_production_lag_3,-286.2481811950335,286.2481811950335
elasticnet,8,6,2025-09-30,silver_usd_per_troy_ounce_lag_3,127.01518704261855,127.01518704261855
elasticnet,8,6,2025-09-30,japan_industrial_production_lag_12,-198.89728938793968,198.89728938793968
elasticnet,8,6,2025-09-30,origin_usa_nasdaq_composite,72.65775745614752,72.65775745614752
elasticnet,8,6,2025-09-30,gold_usd_per_troy_ounce_lag_6,118.18277163593378,118.18277163593378
elasticnet,8,6,2025-09-30,silver_usd_per_troy_ounce_lag_1,53.04673873586544,53.04673873586544
elasticnet,8,6,2025-09-30,gold_usd_per_troy_ounce_lag_3,48.546588754344796,48.546588754344796
elasticnet,8,6,2025-09-30,silver_usd_per_troy_ounce_lag_6,115.73946550505566,115.73946550505566
elasticnet,8,6,2025-09-30,origin_japan_nikkei225,32.17598297571873,32.17598297571873
elasticnet,8,6,2025-09-30,usa_nyse_mp_materials_lag_12,-48.19296953254446,48.19296953254446
elasticnet,8,6,2025-09-30,japan_industrial_production_lag_6,-240.70049173905036,240.70049173905036
elasticnet,8,6,2025-09-30,gold_usd_per_troy_ounce_lag_12,144.4402779352464,144.4402779352464
elasticnet,8,6,2025-09-30,origin_uk_ftse100_antofagasta,19.346165481013887,19.346165481013887
elasticnet,8,6,2025-09-30,uk_ftse100_antofagasta_lag_3,3.9520780404401084,3.9520780404401084
elasticnet,8,6,2025-09-30,hong_kong_hang_seng_zijin_mining_lag_3,33.57250242965445,33.57250242965445
elasticnet,8,6,2025-09-30,china_refined_copper_production_ton_lag_6,99.57829269190125,99.57829269190125
elasticnet,8,6,2025-09-30,gold_usd_per_troy_ounce_lag_1,-17.377697728998918,17.377697728998918
elasticnet,8,6,2025-09-30,origin_usa_nyse_hecla_mining,126.50049855164434,126.50049855164434
elasticnet,8,6,2025-09-30,us_industrial_production_lag_3,-213.47508549707877,213.47508549707877
ridge,8,6,2025-10-31,silver_usd_per_troy_ounce_lag_3,100.41228239356501,100.41228239356501
ridge,8,6,2025-10-31,japan_industrial_production_lag_12,-157.69564622545192,157.69564622545192
ridge,8,6,2025-10-31,gold_usd_per_troy_ounce_lag_6,106.64969404423601,106.64969404423601
ridge,8,6,2025-10-31,origin_usa_nasdaq_composite,83.03720277723708,83.03720277723708
ridge,8,6,2025-10-31,silver_usd_per_troy_ounce_lag_1,83.82178164936086,83.82178164936086
ridge,8,6,2025-10-31,gold_usd_per_troy_ounce_lag_3,75.06846143024414,75.06846143024414
ridge,8,6,2025-10-31,silver_usd_per_troy_ounce_lag_6,92.76901958879735,92.76901958879735
ridge,8,6,2025-10-31,origin_japan_nikkei225,32.356650846278036,32.356650846278036
ridge,8,6,2025-10-31,usa_nyse_mp_materials_lag_12,-40.19298666419789,40.19298666419789
ridge,8,6,2025-10-31,usa_nasdaq_composite_lag_3,51.21903837504848,51.21903837504848
ridge,8,6,2025-10-31,japan_industrial_production_lag_6,-200.245587483349,200.245587483349
ridge,8,6,2025-10-31,gold_usd_per_troy_ounce_lag_12,105.09081092706852,105.09081092706852
ridge,8,6,2025-10-31,uk_ftse100_antofagasta_lag_3,11.004080988445741,11.004080988445741
ridge,8,6,2025-10-31,hong_kong_hang_seng_zijin_mining_lag_3,29.331767421189642,29.331767421189642
ridge,8,6,2025-10-31,gold_usd_per_troy_ounce_lag_1,42.26255741468007,42.26255741468007
ridge,8,6,2025-10-31,china_refined_copper_production_ton_lag_6,76.49952787965293,76.49952787965293
ridge,8,6,2025-10-31,uk_ftse100_antofagasta_lag_1,25.22769520467002,25.22769520467002
ridge,8,6,2025-10-31,origin_usa_nyse_hecla_mining,155.10493570759212,155.10493570759212
elasticnet,8,6,2025-10-31,silver_usd_per_troy_ounce_lag_3,59.26823699273184,59.26823699273184
elasticnet,8,6,2025-10-31,japan_industrial_production_lag_12,-63.31249723039459,63.31249723039459
elasticnet,8,6,2025-10-31,gold_usd_per_troy_ounce_lag_6,59.79408961088632,59.79408961088632
elasticnet,8,6,2025-10-31,origin_usa_nasdaq_composite,56.270335195975434,56.270335195975434
elasticnet,8,6,2025-10-31,silver_usd_per_troy_ounce_lag_1,57.03275690432113,57.03275690432113
elasticnet,8,6,2025-10-31,gold_usd_per_troy_ounce_lag_3,54.36947211524353,54.36947211524353
elasticnet,8,6,2025-10-31,silver_usd_per_troy_ounce_lag_6,55.12869198064244,55.12869198064244
elasticnet,8,6,2025-10-31,origin_japan_nikkei225,44.48557281900799,44.48557281900799
elasticnet,8,6,2025-10-31,usa_nyse_mp_materials_lag_12,-21.235535189510056,21.235535189510056
elasticnet,8,6,2025-10-31,usa_nasdaq_composite_lag_3,51.69677948649242,51.69677948649242
elasticnet,8,6,2025-10-31,japan_industrial_production_lag_6,-68.02172901170908,68.02172901170908
elasticnet,8,6,2025-10-31,gold_usd_per_troy_ounce_lag_12,57.22173588464189,57.22173588464189
elasticnet,8,6,2025-10-31,uk_ftse100_antofagasta_lag_3,42.34182618243762,42.34182618243762
elasticnet,8,6,2025-10-31,hong_kong_hang_seng_zijin_mining_lag_3,46.493296163824745,46.493296163824745
elasticnet,8,6,2025-10-31,gold_usd_per_troy_ounce_lag_1,48.57971180789206,48.57971180789206
elasticnet,8,6,2025-10-31,china_refined_copper_production_ton_lag_6,45.33884640870119,45.33884640870119
elasticnet,8,6,2025-10-31,uk_ftse100_antofagasta_lag_1,44.95886457169596,44.95886457169596
elasticnet,8,6,2025-10-31,origin_usa_nyse_hecla_mining,62.582784011254326,62.582784011254326
ridge,8,6,2025-11-30,silver_usd_per_troy_ounce_lag_3,113.5354347384289,113.5354347384289
ridge,8,6,2025-11-30,japan_industrial_production_lag_12,-184.18697295897778,184.18697295897778
ridge,8,6,2025-11-30,origin_usa_nasdaq_composite,92.65876829678088,92.65876829678088
ridge,8,6,2025-11-30,gold_usd_per_troy_ounce_lag_6,110.43113294966481,110.43113294966481
ridge,8,6,2025-11-30,silver_usd_per_troy_ounce_lag_1,104.82626554711202,104.82626554711202
ridge,8,6,2025-11-30,gold_usd_per_troy_ounce_lag_3,75.65714550057591,75.65714550057591
ridge,8,6,2025-11-30,silver_usd_per_troy_ounce_lag_6,102.41183307314824,102.41183307314824
ridge,8,6,2025-11-30,origin_japan_nikkei225,32.1509581549048,32.1509581549048
ridge,8,6,2025-11-30,usa_nyse_mp_materials_lag_12,-38.99249805565877,38.99249805565877
ridge,8,6,2025-11-30,usa_nasdaq_composite_lag_3,58.353058398087484,58.353058398087484
ridge,8,6,2025-11-30,japan_industrial_production_lag_6,-221.5522879596385,221.5522879596385
ridge,8,6,2025-11-30,gold_usd_per_troy_ounce_lag_12,117.0783429353083,117.0783429353083
ridge,8,6,2025-11-30,hong_kong_hang_seng_zijin_mining_lag_3,34.281401789901764,34.281401789901764
ridge,8,6,2025-11-30,uk_ftse100_antofagasta_lag_3,23.527450744703938,23.527450744703938
ridge,8,6,2025-11-30,gold_usd_per_troy_ounce_lag_1,44.53665078784213,44.53665078784213
ridge,8,6,2025-11-30,china_refined_copper_production_ton_lag_6,72.1950374125406,72.1950374125406
ridge,8,6,2025-11-30,usd_inr_lag_12,44.82212411485854,44.82212411485854
ridge,8,6,2025-11-30,japan_nikkei225_lag_3,-15.50538550712583,15.50538550712583
elasticnet,8,6,2025-11-30,silver_usd_per_troy_ounce_lag_3,66.04606812793872,66.04606812793872
elasticnet,8,6,2025-11-30,japan_industrial_production_lag_12,-72.9584664964778,72.9584664964778
elasticnet,8,6,2025-11-30,origin_usa_nasdaq_composite,61.82479173427655,61.82479173427655
elasticnet,8,6,2025-11-30,gold_usd_per_troy_ounce_lag_6,65.16823329070931,65.16823329070931
elasticnet,8,6,2025-11-30,silver_usd_per_troy_ounce_lag_1,64.01886037412923,64.01886037412923
elasticnet,8,6,2025-11-30,gold_usd_per_troy_ounce_lag_3,58.541295436061894,58.541295436061894
elasticnet,8,6,2025-11-30,silver_usd_per_troy_ounce_lag_6,60.958339131260814,60.958339131260814
elasticnet,8,6,2025-11-30,origin_japan_nikkei225,46.886374202215244,46.886374202215244
elasticnet,8,6,2025-11-30,usa_nyse_mp_materials_lag_12,-23.62466532528865,23.62466532528865
elasticnet,8,6,2025-11-30,usa_nasdaq_composite_lag_3,56.13436779447044,56.13436779447044
elasticnet,8,6,2025-11-30,japan_industrial_production_lag_6,-78.73077357721407,78.73077357721407
elasticnet,8,6,2025-11-30,gold_usd_per_troy_ounce_lag_12,63.52223490563212,63.52223490563212
elasticnet,8,6,2025-11-30,hong_kong_hang_seng_zijin_mining_lag_3,49.76789502136797,49.76789502136797
elasticnet,8,6,2025-11-30,uk_ftse100_antofagasta_lag_3,45.76120233105286,45.76120233105286
elasticnet,8,6,2025-11-30,gold_usd_per_troy_ounce_lag_1,51.63144685100693,51.63144685100693
elasticnet,8,6,2025-11-30,china_refined_copper_production_ton_lag_6,48.171978818274845,48.171978818274845
elasticnet,8,6,2025-11-30,usd_inr_lag_12,49.27291497082349,49.27291497082349
elasticnet,8,6,2025-11-30,japan_nikkei225_lag_3,38.89770515175402,38.89770515175402
ridge,8,6,2025-12-31,silver_usd_per_troy_ounce_lag_3,116.37308811678264,116.37308811678264
ridge,8,6,2025-12-31,origin_usa_nasdaq_composite,95.2397198226352,95.2397198226352
ridge,8,6,2025-12-31,gold_usd_per_troy_ounce_lag_6,115.11509880195682,115.11509880195682
ridge,8,6,2025-12-31,japan_industrial_production_lag_12,-183.08053824008218,183.08053824008218
ridge,8,6,2025-12-31,silver_usd_per_troy_ounce_lag_1,106.28407881083022,106.28407881083022
ridge,8,6,2025-12-31,gold_usd_per_troy_ounce_lag_3,83.48472723247669,83.48472723247669
ridge,8,6,2025-12-31,silver_usd_per_troy_ounce_lag_6,104.30900795857183,104.30900795857183
ridge,8,6,2025-12-31,usa_nyse_mp_materials_lag_12,-44.09967301846283,44.09967301846283
ridge,8,6,2025-12-31,usa_nasdaq_composite_lag_3,58.887170006512655,58.887170006512655
ridge,8,6,2025-12-31,origin_japan_nikkei225,32.0485503793835,32.0485503793835
ridge,8,6,2025-12-31,japan_industrial_production_lag_6,-220.59541126382808,220.59541126382808
ridge,8,6,2025-12-31,gold_usd_per_troy_ounce_lag_12,121.45371838197467,121.45371838197467
ridge,8,6,2025-12-31,hong_kong_hang_seng_zijin_mining_lag_3,35.84930817468235,35.84930817468235
ridge,8,6,2025-12-31,gold_usd_per_troy_ounce_lag_1,55.75131639707142,55.75131639707142
ridge,8,6,2025-12-31,china_refined_copper_production_ton_lag_6,80.6601248239361,80.6601248239361
ridge,8,6,2025-12-31,uk_ftse100_antofagasta_lag_3,21.96692028696329,21.96692028696329
ridge,8,6,2025-12-31,japan_nikkei225_lag_3,-14.933650433686292,14.933650433686292
ridge,8,6,2025-12-31,usd_inr_lag_12,43.94597858757307,43.94597858757307
elasticnet,8,6,2025-12-31,silver_usd_per_troy_ounce_lag_3,63.08143474104639,63.08143474104639
elasticnet,8,6,2025-12-31,origin_usa_nasdaq_composite,59.694546098018186,59.694546098018186
elasticnet,8,6,2025-12-31,gold_usd_per_troy_ounce_lag_6,62.76058603471529,62.76058603471529
elasticnet,8,6,2025-12-31,japan_industrial_production_lag_12,-66.97687476801798,66.97687476801798
elasticnet,8,6,2025-12-31,silver_usd_per_troy_ounce_lag_1,61.23641435728834,61.23641435728834
elasticnet,8,6,2025-12-31,gold_usd_per_troy_ounce_lag_3,57.49229993520324,57.49229993520324
elasticnet,8,6,2025-12-31,silver_usd_per_troy_ounce_lag_6,58.46664676760266,58.46664676760266
elasticnet,8,6,2025-12-31,usa_nyse_mp_materials_lag_12,-25.12509104965005,25.12509104965005
elasticnet,8,6,2025-12-31,usa_nasdaq_composite_lag_3,54.60479922425581,54.60479922425581
elasticnet,8,6,2025-12-31,origin_japan_nikkei225,46.53109037295298,46.53109037295298
elasticnet,8,6,2025-12-31,japan_industrial_production_lag_6,-71.52161477766495,71.52161477766495
elasticnet,8,6,2025-12-31,gold_usd_per_troy_ounce_lag_12,61.0464603771465,61.0464603771465
elasticnet,8,6,2025-12-31,hong_kong_hang_seng_zijin_mining_lag_3,49.198516372814666,49.198516372814666
elasticnet,8,6,2025-12-31,gold_usd_per_troy_ounce_lag_1,51.96622246585684,51.96622246585684
elasticnet,8,6,2025-12-31,china_refined_copper_production_ton_lag_6,48.38685738320616,48.38685738320616
elasticnet,8,6,2025-12-31,uk_ftse100_antofagasta_lag_3,45.02577499647412,45.02577499647412
elasticnet,8,6,2025-12-31,japan_nikkei225_lag_3,39.91048013121172,39.91048013121172
elasticnet,8,6,2025-12-31,usd_inr_lag_12,48.321633399935905,48.321633399935905
ridge,8,6,2026-01-31,silver_usd_per_troy_ounce_lag_3,117.33901909023328,117.33901909023328
ridge,8,6,2026-01-31,origin_usa_nasdaq_composite,103.83240406856021,103.83240406856021
ridge,8,6,2026-01-31,gold_usd_per_troy_ounce_lag_6,128.46845382122655,128.46845382122655
ridge,8,6,2026-01-31,japan_industrial_production_lag_12,-174.11139478320416,174.11139478320416
ridge,8,6,2026-01-31,silver_usd_per_troy_ounce_lag_1,115.12234238766403,115.12234238766403
ridge,8,6,2026-01-31,gold_usd_per_troy_ounce_lag_3,108.86032661807623,108.86032661807623
ridge,8,6,2026-01-31,usa_nyse_mp_materials_lag_12,-56.890492447062805,56.890492447062805
ridge,8,6,2026-01-31,silver_usd_per_troy_ounce_lag_6,105.51472979832631,105.51472979832631
ridge,8,6,2026-01-31,usa_nasdaq_composite_lag_3,50.99124076643982,50.99124076643982
ridge,8,6,2026-01-31,origin_japan_nikkei225,37.72764080672506,37.72764080672506
ridge,8,6,2026-01-31,gold_usd_per_troy_ounce_lag_12,132.4990702125336,132.4990702125336
ridge,8,6,2026-01-31,gold_usd_per_troy_ounce_lag_1,79.82149843750933,79.82149843750933
ridge,8,6,2026-01-31,hong_kong_hang_seng_zijin_mining_lag_3,37.46902455216046,37.46902455216046
ridge,8,6,2026-01-31,japan_industrial_production_lag_6,-211.95998611023384,211.95998611023384
ridge,8,6,2026-01-31,origin_hong_kong_hang_seng_zijin_mining,82.00141960011493,82.00141960011493
ridge,8,6,2026-01-31,japan_nikkei225_lag_3,-23.610216657870353,23.610216657870353
ridge,8,6,2026-01-31,china_refined_copper_production_ton_lag_6,54.76409598933579,54.76409598933579
ridge,8,6,2026-01-31,uk_ftse100_antofagasta_lag_3,4.076998845167154,4.076998845167154
elasticnet,8,6,2026-01-31,silver_usd_per_troy_ounce_lag_3,65.72005427504737,65.72005427504737
elasticnet,8,6,2026-01-31,origin_usa_nasdaq_composite,63.36927810597929,63.36927810597929
elasticnet,8,6,2026-01-31,gold_usd_per_troy_ounce_lag_6,67.08800533336509,67.08800533336509
elasticnet,8,6,2026-01-31,japan_industrial_production_lag_12,-66.81745683300623,66.81745683300623
elasticnet,8,6,2026-01-31,silver_usd_per_troy_ounce_lag_1,65.1700721369517,65.1700721369517
elasticnet,8,6,2026-01-31,gold_usd_per_troy_ounce_lag_3,63.324499868887756,63.324499868887756
elasticnet,8,6,2026-01-31,usa_nyse_mp_materials_lag_12,-29.62295530923904,29.62295530923904
elasticnet,8,6,2026-01-31,silver_usd_per_troy_ounce_lag_6,60.980088700698445,60.980088700698445
elasticnet,8,6,2026-01-31,usa_nasdaq_composite_lag_3,55.84001305855424,55.84001305855424
elasticnet,8,6,2026-01-31,origin_japan_nikkei225,49.727644086540074,49.727644086540074
elasticnet,8,6,2026-01-31,gold_usd_per_troy_ounce_lag_12,64.96262804638121,64.96262804638121
elasticnet,8,6,2026-01-31,gold_usd_per_troy_ounce_lag_1,57.93640890985384,57.93640890985384
elasticnet,8,6,2026-01-31,hong_kong_hang_seng_zijin_mining_lag_3,51.5012665554309,51.5012665554309
elasticnet,8,6,2026-01-31,japan_industrial_production_lag_6,-71.88764381602869,71.88764381602869
elasticnet,8,6,2026-01-31,origin_hong_kong_hang_seng_zijin_mining,58.731047597875055,58.731047597875055
elasticnet,8,6,2026-01-31,japan_nikkei225_lag_3,40.72647121386773,40.72647121386773
elasticnet,8,6,2026-01-31,china_refined_copper_production_ton_lag_6,45.32497036999211,45.32497036999211
elasticnet,8,6,2026-01-31,uk_ftse100_antofagasta_lag_3,44.06211148794764,44.06211148794764
ridge,8,6,2026-02-28,silver_usd_per_troy_ounce_lag_3,118.670936782888,118.670936782888
ridge,8,6,2026-02-28,origin_usa_nasdaq_composite,107.47555483620827,107.47555483620827
ridge,8,6,2026-02-28,gold_usd_per_troy_ounce_lag_6,139.15374308147776,139.15374308147776
ridge,8,6,2026-02-28,japan_industrial_production_lag_12,-171.1731006801452,171.1731006801452
ridge,8,6,2026-02-28,silver_usd_per_troy_ounce_lag_1,121.12763199658248,121.12763199658248
ridge,8,6,2026-02-28,gold_usd_per_troy_ounce_lag_3,122.27606512605355,122.27606512605355
ridge,8,6,2026-02-28,usa_nyse_mp_materials_lag_12,-65.65842134927917,65.65842134927917
ridge,8,6,2026-02-28,silver_usd_per_troy_ounce_lag_6,109.90909162817013,109.90909162817013
ridge,8,6,2026-02-28,usa_nasdaq_composite_lag_3,50.32368274214669,50.32368274214669
ridge,8,6,2026-02-28,origin_japan_nikkei225,45.3747211883227,45.3747211883227
ridge,8,6,2026-02-28,gold_usd_per_troy_ounce_lag_12,139.76578313317717,139.76578313317717
ridge,8,6,2026-02-28,gold_usd_per_troy_ounce_lag_1,91.8568936222787,91.8568936222787
ridge,8,6,2026-02-28,hong_kong_hang_seng_zijin_mining_lag_3,37.646593995034216,37.646593995034216
ridge,8,6,2026-02-28,hong_kong_hang_seng_zijin_mining_lag_1,70.36016152109231,70.36016152109231
ridge,8,6,2026-02-28,usd_inr_lag_12,43.74382318513169,43.74382318513169
ridge,8,6,2026-02-28,usa_dow_jones_lag_1,14.734483225590495,14.734483225590495
ridge,8,6,2026-02-28,japan_nikkei225_lag_3,-23.361066083184024,23.361066083184024
ridge,8,6,2026-02-28,japan_industrial_production_lag_6,-207.59349625315036,207.59349625315036
elasticnet,8,6,2026-02-28,silver_usd_per_troy_ounce_lag_3,83.58322058407973,83.58322058407973
elasticnet,8,6,2026-02-28,origin_usa_nasdaq_composite,78.99962463206529,78.99962463206529
elasticnet,8,6,2026-02-28,gold_usd_per_troy_ounce_lag_6,87.07936088237177,87.07936088237177
elasticnet,8,6,2026-02-28,japan_industrial_production_lag_12,-89.10078870143441,89.10078870143441
elasticnet,8,6,2026-02-28,silver_usd_per_troy_ounce_lag_1,83.59578958588482,83.59578958588482
elasticnet,8,6,2026-02-28,gold_usd_per_troy_ounce_lag_3,81.87538020080683,81.87538020080683
elasticnet,8,6,2026-02-28,usa_nyse_mp_materials_lag_12,-41.45575275840528,41.45575275840528
elasticnet,8,6,2026-02-28,silver_usd_per_troy_ounce_lag_6,77.18493650759243,77.18493650759243
elasticnet,8,6,2026-02-28,usa_nasdaq_composite_lag_3,64.81739121737516,64.81739121737516
elasticnet,8,6,2026-02-28,origin_japan_nikkei225,57.94197787463774,57.94197787463774
elasticnet,8,6,2026-02-28,gold_usd_per_troy_ounce_lag_12,84.01390223007907,84.01390223007907
elasticnet,8,6,2026-02-28,gold_usd_per_troy_ounce_lag_1,72.98313814339357,72.98313814339357
elasticnet,8,6,2026-02-28,hong_kong_hang_seng_zijin_mining_lag_3,58.676989058573604,58.676989058573604
elasticnet,8,6,2026-02-28,hong_kong_hang_seng_zijin_mining_lag_1,67.31281389643026,67.31281389643026
elasticnet,8,6,2026-02-28,usd_inr_lag_12,57.34362301010387,57.34362301010387
elasticnet,8,6,2026-02-28,usa_dow_jones_lag_1,53.68536455822534,53.68536455822534
elasticnet,8,6,2026-02-28,japan_nikkei225_lag_3,40.32610634423193,40.32610634423193
elasticnet,8,6,2026-02-28,japan_industrial_production_lag_6,-98.51746781970768,98.51746781970768
ridge,8,12,2025-01-31,japan_industrial_production_lag_3,-208.3007353628721,208.3007353628721
ridge,8,12,2025-01-31,japan_industrial_production_lag_6,-343.5200783692424,343.5200783692424
ridge,8,12,2025-01-31,japan_industrial_production_lag_1,-341.4920511484112,341.4920511484112
ridge,8,12,2025-01-31,gold_usd_per_troy_ounce_lag_1,114.83035156328187,114.83035156328187
ridge,8,12,2025-01-31,gold_usd_per_troy_ounce_lag_3,63.93162972435977,63.93162972435977
ridge,8,12,2025-01-31,lead_stock_ton_lag_12,-261.8728335656538,261.8728335656538
ridge,8,12,2025-01-31,japan_cpi_lag_12,7.734323173600185,7.734323173600185
ridge,8,12,2025-01-31,nickel_stock_ton_lag_12,12.300393958916786,12.300393958916786
ridge,8,12,2025-01-31,gold_usd_per_troy_ounce_lag_6,82.74344706527341,82.74344706527341
ridge,8,12,2025-01-31,china_refined_copper_production_ton_lag_1,44.99749553710778,44.99749553710778
ridge,8,12,2025-01-31,turkey_consumer_confidence_index_lag_12,-228.78451502364058,228.78451502364058
ridge,8,12,2025-01-31,china_refined_copper_production_ton_lag_3,-3.508776243176885,3.508776243176885
ridge,8,12,2025-01-31,silver_usd_per_troy_ounce_lag_1,94.0366326562555,94.0366326562555
ridge,8,12,2025-01-31,shfe_volume_lots_lag_12,28.00709858653761,28.00709858653761
ridge,8,12,2025-01-31,usd_inr_lag_12,91.66723747294888,91.66723747294888
ridge,8,12,2025-01-31,shfe_volume_lots_lag_6,68.10967196011977,68.10967196011977
ridge,8,12,2025-01-31,usd_inr_lag_6,-227.01570214303268,227.01570214303268
elasticnet,8,12,2025-01-31,japan_industrial_production_lag_3,-204.29671969446485,204.29671969446485
elasticnet,8,12,2025-01-31,japan_industrial_production_lag_6,-281.4056297612348,281.4056297612348
elasticnet,8,12,2025-01-31,japan_industrial_production_lag_1,-299.563763398825,299.563763398825
elasticnet,8,12,2025-01-31,gold_usd_per_troy_ounce_lag_1,115.79854782452864,115.79854782452864
elasticnet,8,12,2025-01-31,gold_usd_per_troy_ounce_lag_3,90.36831359946422,90.36831359946422
elasticnet,8,12,2025-01-31,lead_stock_ton_lag_12,-176.37157711376534,176.37157711376534
elasticnet,8,12,2025-01-31,japan_cpi_lag_12,-0.021006755797846863,0.021006755797846863
elasticnet,8,12,2025-01-31,nickel_stock_ton_lag_12,-29.962005486959722,29.962005486959722
elasticnet,8,12,2025-01-31,gold_usd_per_troy_ounce_lag_6,91.96583436251225,91.96583436251225
elasticnet,8,12,2025-01-31,china_refined_copper_production_ton_lag_1,41.887367388008634,41.887367388008634
elasticnet,8,12,2025-01-31,turkey_consumer_confidence_index_lag_12,-175.4628307264866,175.4628307264866
elasticnet,8,12,2025-01-31,china_refined_copper_production_ton_lag_3,0.0,0.0
elasticnet,8,12,2025-01-31,silver_usd_per_troy_ounce_lag_1,100.6127175269292,100.6127175269292
elasticnet,8,12,2025-01-31,shfe_volume_lots_lag_12,7.984074601761812,7.984074601761812
elasticnet,8,12,2025-01-31,usd_inr_lag_12,58.95845233987075,58.95845233987075
elasticnet,8,12,2025-01-31,shfe_volume_lots_lag_6,25.091268508557064,25.091268508557064
elasticnet,8,12,2025-01-31,usd_inr_lag_6,-114.11290518249893,114.11290518249893
ridge,8,12,2025-02-28,japan_industrial_production_lag_3,-199.62564184509228,199.62564184509228
ridge,8,12,2025-02-28,japan_industrial_production_lag_6,-337.6946156729113,337.6946156729113
ridge,8,12,2025-02-28,japan_industrial_production_lag_1,-339.1636204726818,339.1636204726818
ridge,8,12,2025-02-28,gold_usd_per_troy_ounce_lag_1,125.67592861589323,125.67592861589323
ridge,8,12,2025-02-28,gold_usd_per_troy_ounce_lag_3,56.461504921673274,56.461504921673274
ridge,8,12,2025-02-28,lead_stock_ton_lag_12,-252.41506110279073,252.41506110279073
ridge,8,12,2025-02-28,japan_cpi_lag_12,2.517964925572728,2.517964925572728
ridge,8,12,2025-02-28,nickel_stock_ton_lag_12,6.39939838826235,6.39939838826235
ridge,8,12,2025-02-28,china_refined_copper_production_ton_lag_1,49.84896760939115,49.84896760939115
ridge,8,12,2025-02-28,gold_usd_per_troy_ounce_lag_6,69.90176155327347,69.90176155327347
ridge,8,12,2025-02-28,china_refined_copper_production_ton_lag_3,10.974404023918611,10.974404023918611
ridge,8,12,2025-02-28,turkey_consumer_confidence_index_lag_12,-223.45448341144726,223.45448341144726
ridge,8,12,2025-02-28,shfe_volume_lots_lag_12,-1.6691684493649244,1.6691684493649244
ridge,8,12,2025-02-28,silver_usd_per_troy_ounce_lag_1,103.66089211912617,103.66089211912617
ridge,8,12,2025-02-28,shfe_volume_lots_lag_6,36.47034609066645,36.47034609066645
ridge,8,12,2025-02-28,usd_inr_lag_12,78.34557303204544,78.34557303204544
ridge,8,12,2025-02-28,usd_inr_lag_6,-237.79755687379551,237.79755687379551
elasticnet,8,12,2025-02-28,japan_industrial_production_lag_3,-166.0766287114394,166.0766287114394
elasticnet,8,12,2025-02-28,japan_industrial_production_lag_6,-180.95189555413538,180.95189555413538
elasticnet,8,12,2025-02-28,japan_industrial_production_lag_1,-200.0555759273375,200.0555759273375
elasticnet,8,12,2025-02-28,gold_usd_per_troy_ounce_lag_1,116.08208210835414,116.08208210835414
elasticnet,8,12,2025-02-28,gold_usd_per_troy_ounce_lag_3,101.91634097278627,101.91634097278627
elasticnet,8,12,2025-02-28,lead_stock_ton_lag_12,-104.47302226143563,104.47302226143563
elasticnet,8,12,2025-02-28,japan_cpi_lag_12,9.85709707343576,9.85709707343576
elasticnet,8,12,2025-02-28,nickel_stock_ton_lag_12,-64.69933043687747,64.69933043687747
elasticnet,8,12,2025-02-28,china_refined_copper_production_ton_lag_1,43.56058494608562,43.56058494608562
elasticnet,8,12,2025-02-28,gold_usd_per_troy_ounce_lag_6,89.13300406751907,89.13300406751907
elasticnet,8,12,2025-02-28,china_refined_copper_production_ton_lag_3,21.018748221310236,21.018748221310236
elasticnet,8,12,2025-02-28,turkey_consumer_confidence_index_lag_12,-113.40714179463556,113.40714179463556
elasticnet,8,12,2025-02-28,shfe_volume_lots_lag_12,-47.06002365114013,47.06002365114013
elasticnet,8,12,2025-02-28,silver_usd_per_troy_ounce_lag_1,104.50206165908818,104.50206165908818
elasticnet,8,12,2025-02-28,shfe_volume_lots_lag_6,-47.87469013559458,47.87469013559458
elasticnet,8,12,2025-02-28,usd_inr_lag_12,44.64903678398946,44.64903678398946
elasticnet,8,12,2025-02-28,usd_inr_lag_6,-5.0150496343616755,5.0150496343616755
ridge,8,12,2025-03-31,japan_industrial_production_lag_3,-173.9035372219469,173.9035372219469
ridge,8,12,2025-03-31,japan_industrial_production_lag_6,-307.7743768714583,307.7743768714583
ridge,8,12,2025-03-31,japan_industrial_production_lag_1,-321.3585377094295,321.3585377094295
ridge,8,12,2025-03-31,gold_usd_per_troy_ounce_lag_1,166.88446033051576,166.88446033051576
ridge,8,12,2025-03-31,gold_usd_per_troy_ounce_lag_3,93.91640453027291,93.91640453027291
ridge,8,12,2025-03-31,lead_stock_ton_lag_12,-215.68413697664138,215.68413697664138
ridge,8,12,2025-03-31,japan_cpi_lag_12,-8.554940310828247,8.554940310828247
ridge,8,12,2025-03-31,nickel_stock_ton_lag_12,-4.447456337640434,4.447456337640434
ridge,8,12,2025-03-31,china_refined_copper_production_ton_lag_3,44.06374028787915,44.06374028787915
ridge,8,12,2025-03-31,china_refined_copper_production_ton_lag_1,18.614088889519532,18.614088889519532
ridge,8,12,2025-03-31,gold_usd_per_troy_ounce_lag_6,93.72277414777304,93.72277414777304
ridge,8,12,2025-03-31,shfe_volume_lots_lag_12,45.42260741793096,45.42260741793096
ridge,8,12,2025-03-31,shfe_volume_lots_lag_6,43.886632223928835,43.886632223928835
ridge,8,12,2025-03-31,turkey_consumer_confidence_index_lag_12,-216.71042494905424,216.71042494905424
ridge,8,12,2025-03-31,zinc_stock_ton_lag_12,-131.4430593054544,131.4430593054544
ridge,8,12,2025-03-31,silver_usd_per_troy_ounce_lag_1,114.61492492614921,114.61492492614921
ridge,8,12,2025-03-31,usd_inr_lag_6,-221.76630963400373,221.76630963400373
elasticnet,8,12,2025-03-31,japan_industrial_production_lag_3,-154.57709478325617,154.57709478325617
elasticnet,8,12,2025-03-31,japan_industrial_production_lag_6,-167.97222833538171,167.97222833538171
elasticnet,8,12,2025-03-31,japan_industrial_production_lag_1,-183.32164370311315,183.32164370311315
elasticnet,8,12,2025-03-31,gold_usd_per_troy_ounce_lag_1,120.70955736577555,120.70955736577555
elasticnet,8,12,2025-03-31,gold_usd_per_troy_ounce_lag_3,107.08168520557224,107.08168520557224
elasticnet,8,12,2025-03-31,lead_stock_ton_lag_12,-96.14763732218096,96.14763732218096
elasticnet,8,12,2025-03-31,japan_cpi_lag_12,9.819581249037652,9.819581249037652
elasticnet,8,12,2025-03-31,nickel_stock_ton_lag_12,-64.03601088530863,64.03601088530863
elasticnet,8,12,2025-03-31,china_refined_copper_production_ton_lag_3,30.986897430629185,30.986897430629185
elasticnet,8,12,2025-03-31,china_refined_copper_production_ton_lag_1,36.03064543312668,36.03064543312668
elasticnet,8,12,2025-03-31,gold_usd_per_troy_ounce_lag_6,93.29282509427655,93.29282509427655
elasticnet,8,12,2025-03-31,shfe_volume_lots_lag_12,-34.993454475558735,34.993454475558735
elasticnet,8,12,2025-03-31,shfe_volume_lots_lag_6,-45.68427341600899,45.68427341600899
elasticnet,8,12,2025-03-31,turkey_consumer_confidence_index_lag_12,-106.33579064097668,106.33579064097668
elasticnet,8,12,2025-03-31,zinc_stock_ton_lag_12,-91.45320004026756,91.45320004026756
elasticnet,8,12,2025-03-31,silver_usd_per_troy_ounce_lag_1,107.87482525779939,107.87482525779939
elasticnet,8,12,2025-03-31,usd_inr_lag_6,2.9488772219808257,2.9488772219808257
ridge,8,12,2025-04-30,japan_industrial_production_lag_3,-149.48864510396527,149.48864510396527
ridge,8,12,2025-04-30,japan_industrial_production_lag_6,-160.33928727022573,160.33928727022573
ridge,8,12,2025-04-30,japan_industrial_production_lag_1,-178.47481701300387,178.47481701300387
ridge,8,12,2025-04-30,gold_usd_per_troy_ounce_lag_1,122.827436345729,122.827436345729
ridge,8,12,2025-04-30,gold_usd_per_troy_ounce_lag_3,113.3552649680478,113.3552649680478
ridge,8,12,2025-04-30,lead_stock_ton_lag_12,-101.29758645826612,101.29758645826612
ridge,8,12,2025-04-30,japan_cpi_lag_12,9.67352089609929,9.67352089609929
ridge,8,12,2025-04-30,nickel_stock_ton_lag_12,-80.61725162047071,80.61725162047071
ridge,8,12,2025-04-30,china_refined_copper_production_ton_lag_3,45.10955181037849,45.10955181037849
ridge,8,12,2025-04-30,china_refined_copper_production_ton_lag_1,42.78108298369877,42.78108298369877
ridge,8,12,2025-04-30,shfe_volume_lots_lag_12,-60.00321499958502,60.00321499958502
ridge,8,12,2025-04-30,zinc_stock_ton_lag_12,-97.43330791818198,97.43330791818198
ridge,8,12,2025-04-30,gold_usd_per_troy_ounce_lag_6,97.06905765220615,97.06905765220615
ridge,8,12,2025-04-30,shfe_volume_lots_lag_6,-55.019690185444595,55.019690185444595
ridge,8,12,2025-04-30,silver_usd_per_troy_ounce_lag_1,109.27198170286026,109.27198170286026
ridge,8,12,2025-04-30,euro_area_hicp_lag_12,-10.390725159040157,10.390725159040157
ridge,8,12,2025-04-30,usd_inr_lag_6,19.420434651531657,19.420434651531657
elasticnet,8,12,2025-04-30,japan_industrial_production_lag_3,-118.4841510146873,118.4841510146873
elasticnet,8,12,2025-04-30,japan_industrial_production_lag_6,-121.1771584381987,121.1771584381987
elasticnet,8,12,2025-04-30,japan_industrial_production_lag_1,-130.11257237463394,130.11257237463394
elasticnet,8,12,2025-04-30,gold_usd_per_troy_ounce_lag_1,103.67099429687356,103.67099429687356
elasticnet,8,12,2025-04-30,gold_usd_per_troy_ounce_lag_3,98.54362403387424,98.54362403387424
elasticnet,8,12,2025-04-30,lead_stock_ton_lag_12,-85.24940352977457,85.24940352977457
elasticnet,8,12,2025-04-30,japan_cpi_lag_12,28.126478264871206,28.126478264871206
elasticnet,8,12,2025-04-30,nickel_stock_ton_lag_12,-74.64688211697539,74.64688211697539
elasticnet,8,12,2025-04-30,china_refined_copper_production_ton_lag_3,45.87398289885039,45.87398289885039
elasticnet,8,12,2025-04-30,china_refined_copper_production_ton_lag_1,45.612148982989765,45.612148982989765
elasticnet,8,12,2025-04-30,shfe_volume_lots_lag_12,-62.639352983944896,62.639352983944896
elasticnet,8,12,2025-04-30,zinc_stock_ton_lag_12,-79.9499686023175,79.9499686023175
elasticnet,8,12,2025-04-30,gold_usd_per_troy_ounce_lag_6,87.09250149450602,87.09250149450602
elasticnet,8,12,2025-04-30,shfe_volume_lots_lag_6,-59.33179527659855,59.33179527659855
elasticnet,8,12,2025-04-30,silver_usd_per_troy_ounce_lag_1,92.64598612628596,92.64598612628596
elasticnet,8,12,2025-04-30,euro_area_hicp_lag_12,15.561180108201976,15.561180108201976
elasticnet,8,12,2025-04-30,usd_inr_lag_6,41.41008447515638,41.41008447515638
ridge,8,12,2025-05-31,japan_industrial_production_lag_3,-125.06226230896631,125.06226230896631
ridge,8,12,2025-05-31,japan_industrial_production_lag_6,-145.39649617126557,145.39649617126557
ridge,8,12,2025-05-31,gold_usd_per_troy_ounce_lag_1,114.7041969779749,114.7041969779749
ridge,8,12,2025-05-31,japan_industrial_production_lag_1,-127.20989864191846,127.20989864191846
ridge,8,12,2025-05-31,gold_usd_per_troy_ounce_lag_3,115.17593756911396,115.17593756911396
ridge,8,12,2025-05-31,japan_cpi_lag_12,15.947829868619042,15.947829868619042
ridge,8,12,2025-05-31,lead_stock_ton_lag_12,-101.55751413304688,101.55751413304688
ridge,8,12,2025-05-31,nickel_stock_ton_lag_12,-76.30721255558365,76.30721255558365
ridge,8,12,2025-05-31,china_refined_copper_production_ton_lag_3,54.58262772694699,54.58262772694699
ridge,8,12,2025-05-31,china_refined_copper_production_ton_lag_1,54.980459859989956,54.980459859989956
ridge,8,12,2025-05-31,shfe_volume_lots_lag_12,-65.8283090947365,65.8283090947365
ridge,8,12,2025-05-31,zinc_stock_ton_lag_12,-93.48436870897582,93.48436870897582
ridge,8,12,2025-05-31,gold_usd_per_troy_ounce_lag_6,104.16124170923808,104.16124170923808
ridge,8,12,2025-05-31,shfe_volume_lots_lag_6,-53.973597970562864,53.973597970562864
ridge,8,12,2025-05-31,us_industrial_production_lag_1,-190.18610369274313,190.18610369274313
ridge,8,12,2025-05-31,euro_area_hicp_lag_12,5.537748398711093,5.537748398711093
ridge,8,12,2025-05-31,silver_usd_per_troy_ounce_lag_1,111.74863427077074,111.74863427077074
elasticnet,8,12,2025-05-31,japan_industrial_production_lag_3,-85.84674937918524,85.84674937918524
elasticnet,8,12,2025-05-31,japan_industrial_production_lag_6,-88.50685380547885,88.50685380547885
elasticnet,8,12,2025-05-31,gold_usd_per_troy_ounce_lag_1,83.36367119118444,83.36367119118444
elasticnet,8,12,2025-05-31,japan_industrial_production_lag_1,-87.34978731522243,87.34978731522243
elasticnet,8,12,2025-05-31,gold_usd_per_troy_ounce_lag_3,82.79283945214269,82.79283945214269
elasticnet,8,12,2025-05-31,japan_cpi_lag_12,39.48189939188562,39.48189939188562
elasticnet,8,12,2025-05-31,lead_stock_ton_lag_12,-73.3715964990709,73.3715964990709
elasticnet,8,12,2025-05-31,nickel_stock_ton_lag_12,-67.30899528955115,67.30899528955115
elasticnet,8,12,2025-05-31,china_refined_copper_production_ton_lag_3,48.483711242719636,48.483711242719636
elasticnet,8,12,2025-05-31,china_refined_copper_production_ton_lag_1,49.21791442005525,49.21791442005525
elasticnet,8,12,2025-05-31,shfe_volume_lots_lag_12,-60.06497937123915,60.06497937123915
elasticnet,8,12,2025-05-31,zinc_stock_ton_lag_12,-66.05116827455683,66.05116827455683
elasticnet,8,12,2025-05-31,gold_usd_per_troy_ounce_lag_6,75.75840039114368,75.75840039114368
elasticnet,8,12,2025-05-31,shfe_volume_lots_lag_6,-55.381544936416844,55.381544936416844
elasticnet,8,12,2025-05-31,us_industrial_production_lag_1,-89.13658319293697,89.13658319293697
elasticnet,8,12,2025-05-31,euro_area_hicp_lag_12,34.07994058744586,34.07994058744586
elasticnet,8,12,2025-05-31,silver_usd_per_troy_ounce_lag_1,75.27925204041286,75.27925204041286
ridge,8,12,2025-06-30,japan_industrial_production_lag_3,-141.612944671599,141.612944671599
ridge,8,12,2025-06-30,japan_industrial_production_lag_6,-153.67625298434845,153.67625298434845
ridge,8,12,2025-06-30,gold_usd_per_troy_ounce_lag_1,118.78203357057376,118.78203357057376
ridge,8,12,2025-06-30,japan_industrial_production_lag_1,-180.8207637558277,180.8207637558277
ridge,8,12,2025-06-30,gold_usd_per_troy_ounce_lag_3,118.36873774855567,118.36873774855567
ridge,8,12,2025-06-30,japan_cpi_lag_12,-4.324485141513813,4.324485141513813
ridge,8,12,2025-06-30,nickel_stock_ton_lag_12,-86.22471595672114,86.22471595672114
ridge,8,12,2025-06-30,lead_stock_ton_lag_12,-104.74263819570426,104.74263819570426
ridge,8,12,2025-06-30,usa_nyse_mp_materials_lag_6,-80.13836518235154,80.13836518235154
ridge,8,12,2025-06-30,china_refined_copper_production_ton_lag_3,36.55276671229943,36.55276671229943
ridge,8,12,2025-06-30,shfe_volume_lots_lag_12,-79.2711283058298,79.2711283058298
ridge,8,12,2025-06-30,china_refined_copper_production_ton_lag_1,44.34488038122176,44.34488038122176
ridge,8,12,2025-06-30,zinc_stock_ton_lag_12,-89.8153971210534,89.8153971210534
ridge,8,12,2025-06-30,shfe_volume_lots_lag_6,-91.96124578738574,91.96124578738574
ridge,8,12,2025-06-30,gold_usd_per_troy_ounce_lag_6,101.28814665026698,101.28814665026698
ridge,8,12,2025-06-30,euro_area_hicp_lag_12,-12.738789924350183,12.738789924350183
ridge,8,12,2025-06-30,silver_usd_per_troy_ounce_lag_1,98.32326864465098,98.32326864465098
elasticnet,8,12,2025-06-30,japan_industrial_production_lag_3,-89.61954781618302,89.61954781618302
elasticnet,8,12,2025-06-30,japan_industrial_production_lag_6,-90.58577644592965,90.58577644592965
elasticnet,8,12,2025-06-30,gold_usd_per_troy_ounce_lag_1,84.06574908710446,84.06574908710446
elasticnet,8,12,2025-06-30,japan_industrial_production_lag_1,-96.28820238619832,96.28820238619832
elasticnet,8,12,2025-06-30,gold_usd_per_troy_ounce_lag_3,84.00850229564955,84.00850229564955
elasticnet,8,12,2025-06-30,japan_cpi_lag_12,36.504818564010804,36.504818564010804
elasticnet,8,12,2025-06-30,nickel_stock_ton_lag_12,-69.61725366002004,69.61725366002004
elasticnet,8,12,2025-06-30,lead_stock_ton_lag_12,-75.11920418731496,75.11920418731496
elasticnet,8,12,2025-06-30,usa_nyse_mp_materials_lag_6,-37.20137898973446,37.20137898973446
elasticnet,8,12,2025-06-30,china_refined_copper_production_ton_lag_3,45.45406334572043,45.45406334572043
elasticnet,8,12,2025-06-30,shfe_volume_lots_lag_12,-64.32376985737208,64.32376985737208
elasticnet,8,12,2025-06-30,china_refined_copper_production_ton_lag_1,48.05003666913768,48.05003666913768
elasticnet,8,12,2025-06-30,zinc_stock_ton_lag_12,-67.04286107980138,67.04286107980138
elasticnet,8,12,2025-06-30,shfe_volume_lots_lag_6,-69.7133962831004,69.7133962831004
elasticnet,8,12,2025-06-30,gold_usd_per_troy_ounce_lag_6,76.14708389976279,76.14708389976279
elasticnet,8,12,2025-06-30,euro_area_hicp_lag_12,31.49780748194181,31.49780748194181
elasticnet,8,12,2025-06-30,silver_usd_per_troy_ounce_lag_1,73.55402642247422,73.55402642247422
ridge,8,12,2025-07-31,japan_industrial_production_lag_3,-140.06490143056016,140.06490143056016
ridge,8,12,2025-07-31,japan_industrial_production_lag_6,-151.32325942042414,151.32325942042414
ridge,8,12,2025-07-31,gold_usd_per_troy_ounce_lag_1,117.64639588763391,117.64639588763391
ridge,8,12,2025-07-31,gold_usd_per_troy_ounce_lag_3,115.8585412235031,115.8585412235031
ridge,8,12,2025-07-31,japan_industrial_production_lag_1,-180.27843226508648,180.27843226508648
ridge,8,12,2025-07-31,japan_cpi_lag_12,-8.484804918401856,8.484804918401856
ridge,8,12,2025-07-31,nickel_stock_ton_lag_12,-86.26988789568983,86.26988789568983
ridge,8,12,2025-07-31,lead_stock_ton_lag_12,-110.16228846925215,110.16228846925215
ridge,8,12,2025-07-31,usa_nyse_mp_materials_lag_6,-75.08349565472359,75.08349565472359
ridge,8,12,2025-07-31,china_refined_copper_production_ton_lag_3,33.850747609219006,33.850747609219006
ridge,8,12,2025-07-31,shfe_volume_lots_lag_12,-82.64786306096623,82.64786306096623
ridge,8,12,2025-07-31,china_refined_copper_production_ton_lag_1,45.349274277176676,45.349274277176676
ridge,8,12,2025-07-31,zinc_stock_ton_lag_12,-100.23597884916772,100.23597884916772
ridge,8,12,2025-07-31,shfe_volume_lots_lag_6,-99.55117369555627,99.55117369555627
ridge,8,12,2025-07-31,gold_usd_per_troy_ounce_lag_6,107.0754688119909,107.0754688119909
ridge,8,12,2025-07-31,euro_area_hicp_lag_12,-15.92056817803772,15.92056817803772
ridge,8,12,2025-07-31,silver_usd_per_troy_ounce_lag_1,96.58908487189585,96.58908487189585
elasticnet,8,12,2025-07-31,japan_industrial_production_lag_3,-74.75375501108182,74.75375501108182
elasticnet,8,12,2025-07-31,japan_industrial_production_lag_6,-74.48874635021748,74.48874635021748
elasticnet,8,12,2025-07-31,gold_usd_per_troy_ounce_lag_1,72.15863290796585,72.15863290796585
elasticnet,8,12,2025-07-31,gold_usd_per_troy_ounce_lag_3,71.73801611726735,71.73801611726735
elasticnet,8,12,2025-07-31,japan_industrial_production_lag_1,-78.67289949548244,78.67289949548244
elasticnet,8,12,2025-07-31,japan_cpi_lag_12,36.98832649450724,36.98832649450724
elasticnet,8,12,2025-07-31,nickel_stock_ton_lag_12,-62.13736075967268,62.13736075967268
elasticnet,8,12,2025-07-31,lead_stock_ton_lag_12,-66.75197699827103,66.75197699827103
elasticnet,8,12,2025-07-31,usa_nyse_mp_materials_lag_6,-29.041498201792383,29.041498201792383
elasticnet,8,12,2025-07-31,china_refined_copper_production_ton_lag_3,42.886435807671354,42.886435807671354
elasticnet,8,12,2025-07-31,shfe_volume_lots_lag_12,-57.16966446262171,57.16966446262171
elasticnet,8,12,2025-07-31,china_refined_copper_production_ton_lag_1,45.241632559979486,45.241632559979486
elasticnet,8,12,2025-07-31,zinc_stock_ton_lag_12,-60.25741126513359,60.25741126513359
elasticnet,8,12,2025-07-31,shfe_volume_lots_lag_6,-62.569741943861416,62.569741943861416
elasticnet,8,12,2025-07-31,gold_usd_per_troy_ounce_lag_6,67.22869493940459,67.22869493940459
elasticnet,8,12,2025-07-31,euro_area_hicp_lag_12,33.633334785190804,33.633334785190804
elasticnet,8,12,2025-07-31,silver_usd_per_troy_ounce_lag_1,62.88389702060202,62.88389702060202
ridge,8,12,2025-08-31,japan_industrial_production_lag_3,-121.5395648586618,121.5395648586618
ridge,8,12,2025-08-31,japan_industrial_production_lag_6,-135.80656641622213,135.80656641622213
ridge,8,12,2025-08-31,gold_usd_per_troy_ounce_lag_1,107.70799795847104,107.70799795847104
ridge,8,12,2025-08-31,gold_usd_per_troy_ounce_lag_3,109.38374265217738,109.38374265217738
ridge,8,12,2025-08-31,japan_cpi_lag_12,-2.7433869543954645,2.7433869543954645
ridge,8,12,2025-08-31,japan_industrial_production_lag_1,-132.14210734553583,132.14210734553583
ridge,8,12,2025-08-31,nickel_stock_ton_lag_12,-76.44390966698296,76.44390966698296
ridge,8,12,2025-08-31,usa_nyse_mp_materials_lag_6,-58.83837051718428,58.83837051718428
ridge,8,12,2025-08-31,lead_stock_ton_lag_12,-109.1027222607251,109.1027222607251
ridge,8,12,2025-08-31,china_refined_copper_production_ton_lag_3,43.03650858454764,43.03650858454764
ridge,8,12,2025-08-31,shfe_volume_lots_lag_12,-83.94000206505609,83.94000206505609
ridge,8,12,2025-08-31,china_refined_copper_production_ton_lag_1,56.988161243441915,56.988161243441915
ridge,8,12,2025-08-31,us_industrial_production_lag_1,-179.70112750910516,179.70112750910516
ridge,8,12,2025-08-31,gold_usd_per_troy_ounce_lag_6,113.21685105714766,113.21685105714766
ridge,8,12,2025-08-31,shfe_volume_lots_lag_6,-95.30461065948478,95.30461065948478
ridge,8,12,2025-08-31,zinc_stock_ton_lag_12,-97.92382844035504,97.92382844035504
ridge,8,12,2025-08-31,silver_usd_per_troy_ounce_lag_1,99.85100857448633,99.85100857448633
elasticnet,8,12,2025-08-31,japan_industrial_production_lag_3,-72.83748988070136,72.83748988070136
elasticnet,8,12,2025-08-31,japan_industrial_production_lag_6,-72.7382344749754,72.7382344749754
elasticnet,8,12,2025-08-31,gold_usd_per_troy_ounce_lag_1,71.3078337723878,71.3078337723878
elasticnet,8,12,2025-08-31,gold_usd_per_troy_ounce_lag_3,70.99438360600853,70.99438360600853
elasticnet,8,12,2025-08-31,japan_cpi_lag_12,38.87102709473173,38.87102709473173
elasticnet,8,12,2025-08-31,japan_industrial_production_lag_1,-74.8906175694899,74.8906175694899
elasticnet,8,12,2025-08-31,nickel_stock_ton_lag_12,-62.51271368934138,62.51271368934138
elasticnet,8,12,2025-08-31,usa_nyse_mp_materials_lag_6,-27.712292731008308,27.712292731008308
elasticnet,8,12,2025-08-31,lead_stock_ton_lag_12,-67.73064035996862,67.73064035996862
elasticnet,8,12,2025-08-31,china_refined_copper_production_ton_lag_3,45.21364195919314,45.21364195919314
elasticnet,8,12,2025-08-31,shfe_volume_lots_lag_12,-58.51472632178882,58.51472632178882
elasticnet,8,12,2025-08-31,china_refined_copper_production_ton_lag_1,47.871562093965125,47.871562093965125
elasticnet,8,12,2025-08-31,us_industrial_production_lag_1,-66.95552719990961,66.95552719990961
elasticnet,8,12,2025-08-31,gold_usd_per_troy_ounce_lag_6,68.29676213529193,68.29676213529193
elasticnet,8,12,2025-08-31,shfe_volume_lots_lag_6,-62.558492027982965,62.558492027982965
elasticnet,8,12,2025-08-31,zinc_stock_ton_lag_12,-60.32218429230941,60.32218429230941
elasticnet,8,12,2025-08-31,silver_usd_per_troy_ounce_lag_1,62.85134109930967,62.85134109930967
ridge,10,1,2025-01-31,origin_copper_price_usd_per_ton,149.01764232656407,149.01764232656407
ridge,10,1,2025-01-31,origin_uk_ftse100_antofagasta,129.057164057579,129.057164057579
ridge,10,1,2025-01-31,origin_south_korea_kospi,180.22432181103161,180.22432181103161
ridge,10,1,2025-01-31,origin_aluminum_cash_usd_per_ton,121.14240775029964,121.14240775029964
ridge,10,1,2025-01-31,origin_canada_tsx_composite_lundin_mining,109.1974016214017,109.1974016214017
ridge,10,1,2025-01-31,target_rolling_mean_3,77.86171375407581,77.86171375407581
ridge,10,1,2025-01-31,usa_sp500_southern_copper_lag_1,26.160036881149964,26.160036881149964
ridge,10,1,2025-01-31,origin_germany_dax,60.10046945984745,60.10046945984745
ridge,10,1,2025-01-31,origin_usa_sp500_freeport_mcmoran,105.44389316884306,105.44389316884306
ridge,10,1,2025-01-31,origin_usa_dow_jones,85.46864479958094,85.46864479958094
ridge,10,1,2025-01-31,origin_tin_cash_usd_per_ton,106.78852322611414,106.78852322611414
ridge,10,1,2025-01-31,uk_ftse100_antofagasta_lag_3,35.72552308770507,35.72552308770507
ridge,10,1,2025-01-31,origin_turkey_bist100,-25.59950864209865,25.59950864209865
ridge,10,1,2025-01-31,japan_nikkei225_lag_1,47.00252015975552,47.00252015975552
ridge,10,1,2025-01-31,euro_area_copper_production_ppi_lag_1,62.36676917277879,62.36676917277879
ridge,10,1,2025-01-31,south_korea_kospi_lag_3,109.30445627145488,109.30445627145488
ridge,10,1,2025-01-31,origin_hong_kong_hang_seng_zijin_mining,81.6739460256842,81.6739460256842
ridge,10,1,2025-01-31,indonesia_exports_lag_1,77.65470097769408,77.65470097769408
ridge,10,1,2025-01-31,usa_nasdaq_composite_lag_6,80.17008835400713,80.17008835400713
ridge,10,1,2025-01-31,canada_tsx_composite_lag_1,45.16855147288099,45.16855147288099
elasticnet,10,1,2025-01-31,origin_copper_price_usd_per_ton,74.76446915497321,74.76446915497321
elasticnet,10,1,2025-01-31,origin_uk_ftse100_antofagasta,67.24105740251257,67.24105740251257
elasticnet,10,1,2025-01-31,origin_south_korea_kospi,74.87985767407419,74.87985767407419
elasticnet,10,1,2025-01-31,origin_aluminum_cash_usd_per_ton,67.87288927015038,67.87288927015038
elasticnet,10,1,2025-01-31,origin_canada_tsx_composite_lundin_mining,64.56461987575577,64.56461987575577
elasticnet,10,1,2025-01-31,target_rolling_mean_3,64.08674650733204,64.08674650733204
elasticnet,10,1,2025-01-31,usa_sp500_southern_copper_lag_1,50.83815391287838,50.83815391287838
elasticnet,10,1,2025-01-31,origin_germany_dax,55.594453316628844,55.594453316628844
elasticnet,10,1,2025-01-31,origin_usa_sp500_freeport_mcmoran,65.16877942768183,65.16877942768183
elasticnet,10,1,2025-01-31,origin_usa_dow_jones,60.48607871158605,60.48607871158605
elasticnet,10,1,2025-01-31,origin_tin_cash_usd_per_ton,66.4807739052829,66.4807739052829
elasticnet,10,1,2025-01-31,uk_ftse100_antofagasta_lag_3,54.36626786418069,54.36626786418069
elasticnet,10,1,2025-01-31,origin_turkey_bist100,27.6122078034271,27.6122078034271
elasticnet,10,1,2025-01-31,japan_nikkei225_lag_1,52.04462194578239,52.04462194578239
elasticnet,10,1,2025-01-31,euro_area_copper_production_ppi_lag_1,57.91528738986778,57.91528738986778
elasticnet,10,1,2025-01-31,south_korea_kospi_lag_3,65.91119064716726,65.91119064716726
elasticnet,10,1,2025-01-31,origin_hong_kong_hang_seng_zijin_mining,59.838110196078844,59.838110196078844
elasticnet,10,1,2025-01-31,indonesia_exports_lag_1,56.44865447139269,56.44865447139269
elasticnet,10,1,2025-01-31,usa_nasdaq_composite_lag_6,59.72586856552008,59.72586856552008
elasticnet,10,1,2025-01-31,canada_tsx_composite_lag_1,56.173668047085805,56.173668047085805
ridge,10,1,2025-02-28,origin_copper_price_usd_per_ton,150.4973092984897,150.4973092984897
ridge,10,1,2025-02-28,origin_uk_ftse100_antofagasta,130.75918541397314,130.75918541397314
ridge,10,1,2025-02-28,origin_south_korea_kospi,180.38422217820852,180.38422217820852
ridge,10,1,2025-02-28,shfe_pre_settlement_cny_per_ton_lag_1,63.118378624330234,63.118378624330234
ridge,10,1,2025-02-28,origin_aluminum_cash_usd_per_ton,122.82794746152577,122.82794746152577
ridge,10,1,2025-02-28,origin_canada_tsx_composite_lundin_mining,110.2162646579542,110.2162646579542
ridge,10,1,2025-02-28,usa_sp500_southern_copper_lag_1,27.812427421306626,27.812427421306626
ridge,10,1,2025-02-28,origin_usa_sp500_freeport_mcmoran,108.01961897830778,108.01961897830778
ridge,10,1,2025-02-28,origin_tin_cash_usd_per_ton,109.48080019063163,109.48080019063163
ridge,10,1,2025-02-28,origin_germany_dax,57.06287781328811,57.06287781328811
ridge,10,1,2025-02-28,origin_usa_dow_jones,86.03498881439295,86.03498881439295
ridge,10,1,2025-02-28,uk_ftse100_antofagasta_lag_3,37.34682152351824,37.34682152351824
ridge,10,1,2025-02-28,target_rolling_mean_6,65.74208642422269,65.74208642422269
ridge,10,1,2025-02-28,japan_nikkei225_lag_1,46.15682958900046,46.15682958900046
ridge,10,1,2025-02-28,origin_turkey_bist100,-24.574132618261487,24.574132618261487
ridge,10,1,2025-02-28,south_korea_kospi_lag_3,109.7017500823233,109.7017500823233
ridge,10,1,2025-02-28,origin_hong_kong_hang_seng_zijin_mining,83.11189560416635,83.11189560416635
ridge,10,1,2025-02-28,indonesia_exports_lag_1,82.22436781236748,82.22436781236748
ridge,10,1,2025-02-28,usa_nasdaq_composite_lag_6,80.31175593975233,80.31175593975233
ridge,10,1,2025-02-28,canada_tsx_composite_lag_1,47.21074147517861,47.21074147517861
elasticnet,10,1,2025-02-28,origin_copper_price_usd_per_ton,69.90178089933913,69.90178089933913
elasticnet,10,1,2025-02-28,origin_uk_ftse100_antofagasta,63.38197145528327,63.38197145528327
elasticnet,10,1,2025-02-28,origin_south_korea_kospi,68.78241440038855,68.78241440038855
elasticnet,10,1,2025-02-28,shfe_pre_settlement_cny_per_ton_lag_1,56.30612139537305,56.30612139537305
elasticnet,10,1,2025-02-28,origin_aluminum_cash_usd_per_ton,63.501395623388575,63.501395623388575
elasticnet,10,1,2025-02-28,origin_canada_tsx_composite_lundin_mining,60.776659490434454,60.776659490434454
elasticnet,10,1,2025-02-28,usa_sp500_southern_copper_lag_1,49.4651497809842,49.4651497809842
elasticnet,10,1,2025-02-28,origin_usa_sp500_freeport_mcmoran,61.960437903733094,61.960437903733094
elasticnet,10,1,2025-02-28,origin_tin_cash_usd_per_ton,62.48367510651316,62.48367510651316
elasticnet,10,1,2025-02-28,origin_germany_dax,52.36795166965718,52.36795166965718
elasticnet,10,1,2025-02-28,origin_usa_dow_jones,57.354075578952155,57.354075578952155
elasticnet,10,1,2025-02-28,uk_ftse100_antofagasta_lag_3,52.530916970239765,52.530916970239765
elasticnet,10,1,2025-02-28,target_rolling_mean_6,57.3595049909144,57.3595049909144
elasticnet,10,1,2025-02-28,japan_nikkei225_lag_1,50.06952821176659,50.06952821176659
elasticnet,10,1,2025-02-28,origin_turkey_bist100,28.642366944748005,28.642366944748005
elasticnet,10,1,2025-02-28,south_korea_kospi_lag_3,61.65365994754729,61.65365994754729
elasticnet,10,1,2025-02-28,origin_hong_kong_hang_seng_zijin_mining,57.125802043805805,57.125802043805805
elasticnet,10,1,2025-02-28,indonesia_exports_lag_1,54.25432177617034,54.25432177617034
elasticnet,10,1,2025-02-28,usa_nasdaq_composite_lag_6,56.601396548363,56.601396548363
elasticnet,10,1,2025-02-28,canada_tsx_composite_lag_1,53.797740115980965,53.797740115980965
ridge,10,1,2025-03-31,origin_copper_price_usd_per_ton,150.83250014971034,150.83250014971034
ridge,10,1,2025-03-31,origin_uk_ftse100_antofagasta,130.78223499659825,130.78223499659825
ridge,10,1,2025-03-31,origin_south_korea_kospi,181.28550826303484,181.28550826303484
ridge,10,1,2025-03-31,shfe_pre_settlement_cny_per_ton_lag_1,63.37467447909047,63.37467447909047
ridge,10,1,2025-03-31,origin_aluminum_cash_usd_per_ton,123.65632177257483,123.65632177257483
ridge,10,1,2025-03-31,origin_canada_tsx_composite_lundin_mining,110.53516675010412,110.53516675010412
ridge,10,1,2025-03-31,usa_sp500_southern_copper_lag_1,28.79110211934901,28.79110211934901
ridge,10,1,2025-03-31,origin_usa_sp500_freeport_mcmoran,107.37474396065583,107.37474396065583
ridge,10,1,2025-03-31,origin_tin_cash_usd_per_ton,110.23389846691764,110.23389846691764
ridge,10,1,2025-03-31,origin_germany_dax,58.952841455239934,58.952841455239934
ridge,10,1,2025-03-31,origin_usa_dow_jones,87.40717658647485,87.40717658647485
ridge,10,1,2025-03-31,uk_ftse100_antofagasta_lag_3,37.4910461631085,37.4910461631085
ridge,10,1,2025-03-31,target_rolling_mean_6,66.13830188389265,66.13830188389265
ridge,10,1,2025-03-31,japan_nikkei225_lag_1,47.606561901853844,47.606561901853844
ridge,10,1,2025-03-31,origin_turkey_bist100,-22.159515151077713,22.159515151077713
ridge,10,1,2025-03-31,origin_hong_kong_hang_seng_zijin_mining,83.66556463747132,83.66556463747132
ridge,10,1,2025-03-31,south_korea_kospi_lag_3,109.10136552506094,109.10136552506094
ridge,10,1,2025-03-31,usa_nasdaq_composite_lag_6,81.11338440290696,81.11338440290696
ridge,10,1,2025-03-31,canada_tsx_composite_lag_1,49.18758851830677,49.18758851830677
ridge,10,1,2025-03-31,indonesia_exports_lag_1,82.6867114805636,82.6867114805636
elasticnet,10,1,2025-03-31,origin_copper_price_usd_per_ton,75.76794397985734,75.76794397985734
elasticnet,10,1,2025-03-31,origin_uk_ftse100_antofagasta,68.34369857907339,68.34369857907339
elasticnet,10,1,2025-03-31,origin_south_korea_kospi,75.48994284160234,75.48994284160234
elasticnet,10,1,2025-03-31,shfe_pre_settlement_cny_per_ton_lag_1,59.913911983712396,59.913911983712396
elasticnet,10,1,2025-03-31,origin_aluminum_cash_usd_per_ton,68.85200966997157,68.85200966997157
elasticnet,10,1,2025-03-31,origin_canada_tsx_composite_lundin_mining,65.59072867287259,65.59072867287259
elasticnet,10,1,2025-03-31,usa_sp500_southern_copper_lag_1,52.05931602860427,52.05931602860427
elasticnet,10,1,2025-03-31,origin_usa_sp500_freeport_mcmoran,66.53760804728276,66.53760804728276
elasticnet,10,1,2025-03-31,origin_tin_cash_usd_per_ton,67.62485892181704,67.62485892181704
elasticnet,10,1,2025-03-31,origin_germany_dax,54.83966781708571,54.83966781708571
elasticnet,10,1,2025-03-31,origin_usa_dow_jones,61.23873234539986,61.23873234539986
elasticnet,10,1,2025-03-31,uk_ftse100_antofagasta_lag_3,55.54667628704554,55.54667628704554
elasticnet,10,1,2025-03-31,target_rolling_mean_6,61.20709505892531,61.20709505892531
elasticnet,10,1,2025-03-31,japan_nikkei225_lag_1,52.80696501594796,52.80696501594796
elasticnet,10,1,2025-03-31,origin_turkey_bist100,29.319283726998698,29.319283726998698
elasticnet,10,1,2025-03-31,origin_hong_kong_hang_seng_zijin_mining,60.90246753407231,60.90246753407231
elasticnet,10,1,2025-03-31,south_korea_kospi_lag_3,66.69651860797815,66.69651860797815
elasticnet,10,1,2025-03-31,usa_nasdaq_composite_lag_6,60.35367559770869,60.35367559770869
elasticnet,10,1,2025-03-31,canada_tsx_composite_lag_1,56.73636555683429,56.73636555683429
elasticnet,10,1,2025-03-31,indonesia_exports_lag_1,57.97893962267027,57.97893962267027
ridge,10,1,2025-04-30,origin_copper_price_usd_per_ton,151.804890773584,151.804890773584
ridge,10,1,2025-04-30,origin_uk_ftse100_antofagasta,132.6025664149436,132.6025664149436
ridge,10,1,2025-04-30,origin_south_korea_kospi,183.71393542475792,183.71393542475792
ridge,10,1,2025-04-30,origin_aluminum_cash_usd_per_ton,125.6283246767099,125.6283246767099
ridge,10,1,2025-04-30,shfe_pre_settlement_cny_per_ton_lag_1,63.592344208810076,63.592344208810076
ridge,10,1,2025-04-30,origin_canada_tsx_composite_lundin_mining,112.7192347727668,112.7192347727668
ridge,10,1,2025-04-30,origin_tin_cash_usd_per_ton,110.33762146365582,110.33762146365582
ridge,10,1,2025-04-30,origin_usa_sp500_freeport_mcmoran,109.93228928235314,109.93228928235314
ridge,10,1,2025-04-30,usa_sp500_southern_copper_lag_1,30.494991191055693,30.494991191055693
ridge,10,1,2025-04-30,origin_usa_dow_jones,92.45583990530099,92.45583990530099
ridge,10,1,2025-04-30,origin_germany_dax,54.22862540364997,54.22862540364997
ridge,10,1,2025-04-30,uk_ftse100_antofagasta_lag_3,40.59278376520798,40.59278376520798
ridge,10,1,2025-04-30,japan_nikkei225_lag_1,49.54713778314386,49.54713778314386
ridge,10,1,2025-04-30,target_rolling_mean_6,69.30071665247746,69.30071665247746
ridge,10,1,2025-04-30,origin_turkey_bist100,-22.154586376209853,22.154586376209853
ridge,10,1,2025-04-30,origin_hong_kong_hang_seng_zijin_mining,83.49040556946427,83.49040556946427
ridge,10,1,2025-04-30,south_korea_kospi_lag_3,112.2279881916782,112.2279881916782
ridge,10,1,2025-04-30,usa_nasdaq_composite_lag_6,82.2537689651585,82.2537689651585
ridge,10,1,2025-04-30,indonesia_exports_lag_1,86.6728659624215,86.6728659624215
ridge,10,1,2025-04-30,canada_tsx_composite_capstone_copper_lag_1,24.704138154923307,24.704138154923307
elasticnet,10,1,2025-04-30,origin_copper_price_usd_per_ton,76.29000180052749,76.29000180052749
elasticnet,10,1,2025-04-30,origin_uk_ftse100_antofagasta,68.83516405674891,68.83516405674891
elasticnet,10,1,2025-04-30,origin_south_korea_kospi,76.29970277437062,76.29970277437062
elasticnet,10,1,2025-04-30,origin_aluminum_cash_usd_per_ton,69.56227280436083,69.56227280436083
elasticnet,10,1,2025-04-30,shfe_pre_settlement_cny_per_ton_lag_1,60.14146255786496,60.14146255786496
elasticnet,10,1,2025-04-30,origin_canada_tsx_composite_lundin_mining,66.12665484355453,66.12665484355453
elasticnet,10,1,2025-04-30,origin_tin_cash_usd_per_ton,67.93306803958762,67.93306803958762
elasticnet,10,1,2025-04-30,origin_usa_sp500_freeport_mcmoran,67.08373507544397,67.08373507544397
elasticnet,10,1,2025-04-30,usa_sp500_southern_copper_lag_1,52.279590173756866,52.279590173756866
elasticnet,10,1,2025-04-30,origin_usa_dow_jones,62.16320567332394,62.16320567332394
elasticnet,10,1,2025-04-30,origin_germany_dax,53.63104596739554,53.63104596739554
elasticnet,10,1,2025-04-30,uk_ftse100_antofagasta_lag_3,56.29044935203843,56.29044935203843
elasticnet,10,1,2025-04-30,japan_nikkei225_lag_1,53.10162487389773,53.10162487389773
elasticnet,10,1,2025-04-30,target_rolling_mean_6,62.09341920764516,62.09341920764516
elasticnet,10,1,2025-04-30,origin_turkey_bist100,29.280649362140448,29.280649362140448
elasticnet,10,1,2025-04-30,origin_hong_kong_hang_seng_zijin_mining,60.87928027595026,60.87928027595026
elasticnet,10,1,2025-04-30,south_korea_kospi_lag_3,67.63046491526724,67.63046491526724
elasticnet,10,1,2025-04-30,usa_nasdaq_composite_lag_6,60.76463958649115,60.76463958649115
elasticnet,10,1,2025-04-30,indonesia_exports_lag_1,58.82290849193523,58.82290849193523
elasticnet,10,1,2025-04-30,canada_tsx_composite_capstone_copper_lag_1,51.573945005322024,51.573945005322024
ridge,10,1,2025-05-31,origin_copper_price_usd_per_ton,152.07309471299791,152.07309471299791
ridge,10,1,2025-05-31,origin_uk_ftse100_antofagasta,134.24212874934844,134.24212874934844
ridge,10,1,2025-05-31,origin_south_korea_kospi,182.14081425962763,182.14081425962763
ridge,10,1,2025-05-31,shfe_settlement_cny_per_ton_lag_1,65.79025192658553,65.79025192658553
ridge,10,1,2025-05-31,origin_aluminum_cash_usd_per_ton,124.25772305172626,124.25772305172626
ridge,10,1,2025-05-31,origin_canada_tsx_composite_lundin_mining,114.64531522802227,114.64531522802227
ridge,10,1,2025-05-31,origin_tin_cash_usd_per_ton,113.25875206467477,113.25875206467477
ridge,10,1,2025-05-31,usa_sp500_southern_copper_lag_1,35.2382550162688,35.2382550162688
ridge,10,1,2025-05-31,origin_usa_dow_jones,97.42776044128432,97.42776044128432
ridge,10,1,2025-05-31,origin_germany_dax,59.24496902828269,59.24496902828269
ridge,10,1,2025-05-31,origin_usa_sp500_freeport_mcmoran,109.63399021391629,109.63399021391629
ridge,10,1,2025-05-31,uk_ftse100_antofagasta_lag_3,41.023101007943374,41.023101007943374
ridge,10,1,2025-05-31,target_rolling_mean_6,67.96394046176954,67.96394046176954
ridge,10,1,2025-05-31,south_korea_kospi_lag_3,111.15493347190144,111.15493347190144
ridge,10,1,2025-05-31,origin_turkey_bist100,-14.201676167613313,14.201676167613313
ridge,10,1,2025-05-31,origin_hong_kong_hang_seng_zijin_mining,88.2778704509651,88.2778704509651
ridge,10,1,2025-05-31,usa_nasdaq_composite_lag_6,83.6513745585261,83.6513745585261
ridge,10,1,2025-05-31,indonesia_exports_lag_1,89.83159887816683,89.83159887816683
ridge,10,1,2025-05-31,canada_tsx_composite_lundin_mining_lag_3,21.18213153926456,21.18213153926456
ridge,10,1,2025-05-31,japan_nikkei225_lag_3,32.716139928347474,32.716139928347474
elasticnet,10,1,2025-05-31,origin_copper_price_usd_per_ton,76.73347915335503,76.73347915335503
elasticnet,10,1,2025-05-31,origin_uk_ftse100_antofagasta,69.80022349823139,69.80022349823139
elasticnet,10,1,2025-05-31,origin_south_korea_kospi,75.7647127154857,75.7647127154857
elasticnet,10,1,2025-05-31,shfe_settlement_cny_per_ton_lag_1,60.8335420723347,60.8335420723347
elasticnet,10,1,2025-05-31,origin_aluminum_cash_usd_per_ton,69.61169477037272,69.61169477037272
elasticnet,10,1,2025-05-31,origin_canada_tsx_composite_lundin_mining,66.80349778185033,66.80349778185033
elasticnet,10,1,2025-05-31,origin_tin_cash_usd_per_ton,68.58881903252644,68.58881903252644
elasticnet,10,1,2025-05-31,usa_sp500_southern_copper_lag_1,53.52192819780804,53.52192819780804
elasticnet,10,1,2025-05-31,origin_usa_dow_jones,63.24839501503503,63.24839501503503
elasticnet,10,1,2025-05-31,origin_germany_dax,54.42475817350306,54.42475817350306
elasticnet,10,1,2025-05-31,origin_usa_sp500_freeport_mcmoran,68.1649655391803,68.1649655391803
elasticnet,10,1,2025-05-31,uk_ftse100_antofagasta_lag_3,56.49931966427155,56.49931966427155
elasticnet,10,1,2025-05-31,target_rolling_mean_6,62.231845037512926,62.231845037512926
elasticnet,10,1,2025-05-31,south_korea_kospi_lag_3,66.89751341619758,66.89751341619758
elasticnet,10,1,2025-05-31,origin_turkey_bist100,31.636265544130147,31.636265544130147
elasticnet,10,1,2025-05-31,origin_hong_kong_hang_seng_zijin_mining,62.23027794006184,62.23027794006184
elasticnet,10,1,2025-05-31,usa_nasdaq_composite_lag_6,61.159105788260916,61.159105788260916
elasticnet,10,1,2025-05-31,indonesia_exports_lag_1,59.91355554354724,59.91355554354724
elasticnet,10,1,2025-05-31,canada_tsx_composite_lundin_mining_lag_3,52.760319045526124,52.760319045526124
elasticnet,10,1,2025-05-31,japan_nikkei225_lag_3,51.02821943994545,51.02821943994545
ridge,10,1,2025-06-30,origin_copper_price_usd_per_ton,153.76020778440414,153.76020778440414
ridge,10,1,2025-06-30,origin_uk_ftse100_antofagasta,134.03671151285465,134.03671151285465
ridge,10,1,2025-06-30,origin_south_korea_kospi,179.63790713767952,179.63790713767952
ridge,10,1,2025-06-30,shfe_settlement_cny_per_ton_lag_1,63.014236126032664,63.014236126032664
ridge,10,1,2025-06-30,origin_aluminum_cash_usd_per_ton,133.03189545728628,133.03189545728628
ridge,10,1,2025-06-30,origin_canada_tsx_composite_lundin_mining,114.32505128155177,114.32505128155177
ridge,10,1,2025-06-30,origin_tin_cash_usd_per_ton,113.15180540489825,113.15180540489825
ridge,10,1,2025-06-30,origin_usa_dow_jones,100.17780041074874,100.17780041074874
ridge,10,1,2025-06-30,usa_sp500_southern_copper_lag_1,33.65825286002841,33.65825286002841
ridge,10,1,2025-06-30,origin_germany_dax,56.51832006523092,56.51832006523092
ridge,10,1,2025-06-30,origin_usa_sp500_freeport_mcmoran,110.2507495000478,110.2507495000478
ridge,10,1,2025-06-30,uk_ftse100_antofagasta_lag_3,42.62764338413945,42.62764338413945
ridge,10,1,2025-06-30,target_rolling_mean_6,74.06449108266438,74.06449108266438
ridge,10,1,2025-06-30,origin_hong_kong_hang_seng_zijin_mining,84.97589170024813,84.97589170024813
ridge,10,1,2025-06-30,south_korea_kospi_lag_3,115.0252051015684,115.0252051015684
ridge,10,1,2025-06-30,origin_turkey_bist100,-14.242196099842102,14.242196099842102
ridge,10,1,2025-06-30,usa_nasdaq_composite_lag_6,85.21144343439568,85.21144343439568
ridge,10,1,2025-06-30,japan_nikkei225_lag_3,31.6907512702541,31.6907512702541
ridge,10,1,2025-06-30,canada_tsx_composite_capstone_copper_lag_1,25.010576571909628,25.010576571909628
ridge,10,1,2025-06-30,gold_usd_per_troy_ounce_lag_12,83.33206014918755,83.33206014918755
elasticnet,10,1,2025-06-30,origin_copper_price_usd_per_ton,89.87289580487949,89.87289580487949
elasticnet,10,1,2025-06-30,origin_uk_ftse100_antofagasta,80.02448163968268,80.02448163968268
elasticnet,10,1,2025-06-30,origin_south_korea_kospi,92.036350351063,92.036350351063
elasticnet,10,1,2025-06-30,shfe_settlement_cny_per_ton_lag_1,66.37384800589413,66.37384800589413
elasticnet,10,1,2025-06-30,origin_aluminum_cash_usd_per_ton,82.6160738481517,82.6160738481517
elasticnet,10,1,2025-06-30,origin_canada_tsx_composite_lundin_mining,76.88798531174389,76.88798531174389
elasticnet,10,1,2025-06-30,origin_tin_cash_usd_per_ton,79.46959374945739,79.46959374945739
elasticnet,10,1,2025-06-30,origin_usa_dow_jones,71.27817168552433,71.27817168552433
elasticnet,10,1,2025-06-30,usa_sp500_southern_copper_lag_1,56.33106116273309,56.33106116273309
elasticnet,10,1,2025-06-30,origin_germany_dax,57.671610689369494,57.671610689369494
elasticnet,10,1,2025-06-30,origin_usa_sp500_freeport_mcmoran,77.02364994306994,77.02364994306994
elasticnet,10,1,2025-06-30,uk_ftse100_antofagasta_lag_3,61.4410942564339,61.4410942564339
elasticnet,10,1,2025-06-30,target_rolling_mean_6,70.2430835384795,70.2430835384795
elasticnet,10,1,2025-06-30,origin_hong_kong_hang_seng_zijin_mining,67.92188608798907,67.92188608798907
elasticnet,10,1,2025-06-30,south_korea_kospi_lag_3,79.54936898961391,79.54936898961391
elasticnet,10,1,2025-06-30,origin_turkey_bist100,28.536108558737897,28.536108558737897
elasticnet,10,1,2025-06-30,usa_nasdaq_composite_lag_6,68.02956892030441,68.02956892030441
elasticnet,10,1,2025-06-30,japan_nikkei225_lag_3,53.29035591405921,53.29035591405921
elasticnet,10,1,2025-06-30,canada_tsx_composite_capstone_copper_lag_1,54.788952779354226,54.788952779354226
elasticnet,10,1,2025-06-30,gold_usd_per_troy_ounce_lag_12,65.09141115057378,65.09141115057378
ridge,10,1,2025-07-31,origin_copper_price_usd_per_ton,154.46087504034284,154.46087504034284
ridge,10,1,2025-07-31,origin_uk_ftse100_antofagasta,135.3286269438568,135.3286269438568
ridge,10,1,2025-07-31,origin_south_korea_kospi,178.27690561208732,178.27690561208732
ridge,10,1,2025-07-31,shfe_settlement_cny_per_ton_lag_1,64.7338404935638,64.7338404935638
ridge,10,1,2025-07-31,origin_aluminum_cash_usd_per_ton,133.41788639867636,133.41788639867636
ridge,10,1,2025-07-31,origin_canada_tsx_composite_lundin_mining,113.69977293010574,113.69977293010574
ridge,10,1,2025-07-31,origin_tin_cash_usd_per_ton,112.6620909020225,112.6620909020225
ridge,10,1,2025-07-31,origin_usa_sp500_freeport_mcmoran,113.29448184727094,113.29448184727094
ridge,10,1,2025-07-31,origin_usa_dow_jones,99.0210660847026,99.0210660847026
ridge,10,1,2025-07-31,usa_sp500_southern_copper_lag_1,34.72089236459507,34.72089236459507
ridge,10,1,2025-07-31,origin_germany_dax,52.8278673862979,52.8278673862979
ridge,10,1,2025-07-31,uk_ftse100_antofagasta_lag_3,43.464638763337554,43.464638763337554
ridge,10,1,2025-07-31,target_rolling_mean_6,77.0052723816434,77.0052723816434
ridge,10,1,2025-07-31,origin_hong_kong_hang_seng_zijin_mining,83.4848163787146,83.4848163787146
ridge,10,1,2025-07-31,south_korea_kospi_lag_3,115.88422408122786,115.88422408122786
ridge,10,1,2025-07-31,usa_nasdaq_composite_lag_6,84.7231947062926,84.7231947062926
ridge,10,1,2025-07-31,origin_turkey_bist100,-13.83158284979414,13.83158284979414
ridge,10,1,2025-07-31,canada_tsx_composite_capstone_copper_lag_1,27.69613881203421,27.69613881203421
ridge,10,1,2025-07-31,gold_usd_per_troy_ounce_lag_12,82.46172569494557,82.46172569494557
ridge,10,1,2025-07-31,japan_nikkei225_lag_3,31.9970708258335,31.9970708258335
elasticnet,10,1,2025-07-31,origin_copper_price_usd_per_ton,90.15764265542498,90.15764265542498
elasticnet,10,1,2025-07-31,origin_uk_ftse100_antofagasta,80.39143761078145,80.39143761078145
elasticnet,10,1,2025-07-31,origin_south_korea_kospi,91.90326127860168,91.90326127860168
elasticnet,10,1,2025-07-31,shfe_settlement_cny_per_ton_lag_1,67.02507959481908,67.02507959481908
elasticnet,10,1,2025-07-31,origin_aluminum_cash_usd_per_ton,82.87349471121256,82.87349471121256
elasticnet,10,1,2025-07-31,origin_canada_tsx_composite_lundin_mining,76.89876913396833,76.89876913396833
elasticnet,10,1,2025-07-31,origin_tin_cash_usd_per_ton,79.58949490428041,79.58949490428041
elasticnet,10,1,2025-07-31,origin_usa_sp500_freeport_mcmoran,77.89661128893951,77.89661128893951
elasticnet,10,1,2025-07-31,origin_usa_dow_jones,71.24649337057652,71.24649337057652
elasticnet,10,1,2025-07-31,usa_sp500_southern_copper_lag_1,56.768680084399165,56.768680084399165
elasticnet,10,1,2025-07-31,origin_germany_dax,56.87480074800844,56.87480074800844
elasticnet,10,1,2025-07-31,uk_ftse100_antofagasta_lag_3,61.84140129003048,61.84140129003048
elasticnet,10,1,2025-07-31,target_rolling_mean_6,71.19066118740176,71.19066118740176
elasticnet,10,1,2025-07-31,origin_hong_kong_hang_seng_zijin_mining,67.82178570637781,67.82178570637781
elasticnet,10,1,2025-07-31,south_korea_kospi_lag_3,79.73169499197444,79.73169499197444
elasticnet,10,1,2025-07-31,usa_nasdaq_composite_lag_6,68.17780680766504,68.17780680766504
elasticnet,10,1,2025-07-31,origin_turkey_bist100,29.228654947793952,29.228654947793952
elasticnet,10,1,2025-07-31,canada_tsx_composite_capstone_copper_lag_1,55.56887774422382,55.56887774422382
elasticnet,10,1,2025-07-31,gold_usd_per_troy_ounce_lag_12,65.21836197456908,65.21836197456908
elasticnet,10,1,2025-07-31,japan_nikkei225_lag_3,53.637092202864544,53.637092202864544
ridge,10,1,2025-08-31,origin_copper_price_usd_per_ton,156.22161807839478,156.22161807839478
ridge,10,1,2025-08-31,origin_uk_ftse100_antofagasta,136.10946432737873,136.10946432737873
ridge,10,1,2025-08-31,origin_south_korea_kospi,172.46380114821366,172.46380114821366
ridge,10,1,2025-08-31,shfe_settlement_cny_per_ton_lag_1,67.94504899814842,67.94504899814842
ridge,10,1,2025-08-31,origin_aluminum_cash_usd_per_ton,133.28726374540412,133.28726374540412
ridge,10,1,2025-08-31,origin_canada_tsx_composite_lundin_mining,112.62038355707936,112.62038355707936
ridge,10,1,2025-08-31,origin_tin_cash_usd_per_ton,111.84559853311904,111.84559853311904
ridge,10,1,2025-08-31,origin_usa_sp500_freeport_mcmoran,116.52554359033735,116.52554359033735
ridge,10,1,2025-08-31,origin_usa_dow_jones,96.28277123933992,96.28277123933992
ridge,10,1,2025-08-31,origin_germany_dax,46.636625503850134,46.636625503850134
ridge,10,1,2025-08-31,usa_sp500_southern_copper_lag_1,35.29579804866783,35.29579804866783
ridge,10,1,2025-08-31,target_rolling_mean_6,78.83757326268447,78.83757326268447
ridge,10,1,2025-08-31,uk_ftse100_antofagasta_lag_3,48.577515948450475,48.577515948450475
ridge,10,1,2025-08-31,origin_hong_kong_hang_seng_zijin_mining,78.86160844182606,78.86160844182606
ridge,10,1,2025-08-31,usa_nasdaq_composite_lag_6,80.34890108895516,80.34890108895516
ridge,10,1,2025-08-31,south_korea_kospi_lag_3,120.94219565042201,120.94219565042201
ridge,10,1,2025-08-31,origin_turkey_bist100,-15.13217083989323,15.13217083989323
ridge,10,1,2025-08-31,canada_tsx_composite_capstone_copper_lag_1,30.69597469644342,30.69597469644342
ridge,10,1,2025-08-31,gold_usd_per_troy_ounce_lag_12,80.70793229732853,80.70793229732853
ridge,10,1,2025-08-31,japan_nikkei225_lag_3,35.3900035693763,35.3900035693763
elasticnet,10,1,2025-08-31,origin_copper_price_usd_per_ton,90.38891130748893,90.38891130748893
elasticnet,10,1,2025-08-31,origin_uk_ftse100_antofagasta,80.38779612517523,80.38779612517523
elasticnet,10,1,2025-08-31,origin_south_korea_kospi,90.7282037823719,90.7282037823719
elasticnet,10,1,2025-08-31,shfe_settlement_cny_per_ton_lag_1,67.86947943969726,67.86947943969726
elasticnet,10,1,2025-08-31,origin_aluminum_cash_usd_per_ton,82.95802015566606,82.95802015566606
elasticnet,10,1,2025-08-31,origin_canada_tsx_composite_lundin_mining,76.56065401550815,76.56065401550815
elasticnet,10,1,2025-08-31,origin_tin_cash_usd_per_ton,79.50205154614858,79.50205154614858
elasticnet,10,1,2025-08-31,origin_usa_sp500_freeport_mcmoran,78.53639070989736,78.53639070989736
elasticnet,10,1,2025-08-31,origin_usa_dow_jones,70.65482493716114,70.65482493716114
elasticnet,10,1,2025-08-31,origin_germany_dax,55.48710692457228,55.48710692457228
elasticnet,10,1,2025-08-31,usa_sp500_southern_copper_lag_1,56.92702504971499,56.92702504971499
elasticnet,10,1,2025-08-31,target_rolling_mean_6,71.72452011702553,71.72452011702553
elasticnet,10,1,2025-08-31,uk_ftse100_antofagasta_lag_3,62.69898200734521,62.69898200734521
elasticnet,10,1,2025-08-31,origin_hong_kong_hang_seng_zijin_mining,66.85585619882812,66.85585619882812
elasticnet,10,1,2025-08-31,usa_nasdaq_composite_lag_6,67.32404699986564,67.32404699986564
elasticnet,10,1,2025-08-31,south_korea_kospi_lag_3,80.41660265643303,80.41660265643303
elasticnet,10,1,2025-08-31,origin_turkey_bist100,29.494955698273962,29.494955698273962
elasticnet,10,1,2025-08-31,canada_tsx_composite_capstone_copper_lag_1,56.27102803896342,56.27102803896342
elasticnet,10,1,2025-08-31,gold_usd_per_troy_ounce_lag_12,65.05216771254565,65.05216771254565
elasticnet,10,1,2025-08-31,japan_nikkei225_lag_3,54.27297746641091,54.27297746641091
ridge,10,1,2025-09-30,origin_copper_price_usd_per_ton,714.6167888955093,714.6167888955093
ridge,10,1,2025-09-30,origin_uk_ftse100_antofagasta,437.7678601072648,437.7678601072648
ridge,10,1,2025-09-30,shfe_close_cny_per_ton_lag_1,-88.87433201159796,88.87433201159796
ridge,10,1,2025-09-30,origin_south_korea_kospi,237.8716662354373,237.8716662354373
ridge,10,1,2025-09-30,origin_aluminum_cash_usd_per_ton,240.45888095001746,240.45888095001746
ridge,10,1,2025-09-30,origin_canada_tsx_composite_lundin_mining,-39.06083018142477,39.06083018142477
ridge,10,1,2025-09-30,origin_tin_cash_usd_per_ton,-31.99844781509035,31.99844781509035
ridge,10,1,2025-09-30,origin_usa_sp500_freeport_mcmoran,170.44277107685667,170.44277107685667
ridge,10,1,2025-09-30,origin_usa_dow_jones,235.66125919905673,235.66125919905673
ridge,10,1,2025-09-30,origin_germany_dax,-73.9317544367552,73.9317544367552
ridge,10,1,2025-09-30,usa_sp500_southern_copper_lag_1,-238.49316192822928,238.49316192822928
ridge,10,1,2025-09-30,target_rolling_mean_6,-282.58499204937107,282.58499204937107
ridge,10,1,2025-09-30,uk_ftse100_antofagasta_lag_3,-47.777412982207316,47.777412982207316
ridge,10,1,2025-09-30,origin_hong_kong_hang_seng_zijin_mining,-74.6356582195447,74.6356582195447
ridge,10,1,2025-09-30,usa_nasdaq_composite_lag_6,131.2672625436279,131.2672625436279
ridge,10,1,2025-09-30,canada_tsx_composite_capstone_copper_lag_1,45.626182545052,45.626182545052
ridge,10,1,2025-09-30,origin_turkey_bist100,32.54217131808536,32.54217131808536
ridge,10,1,2025-09-30,south_korea_kospi_lag_3,169.19965801660905,169.19965801660905
ridge,10,1,2025-09-30,gold_usd_per_troy_ounce_lag_12,205.90068721351463,205.90068721351463
ridge,10,1,2025-09-30,japan_nikkei225_lag_3,68.3789245826362,68.3789245826362
elasticnet,10,1,2025-09-30,origin_copper_price_usd_per_ton,402.4758370272982,402.4758370272982
elasticnet,10,1,2025-09-30,origin_uk_ftse100_antofagasta,347.0396334044523,347.0396334044523
elasticnet,10,1,2025-09-30,shfe_close_cny_per_ton_lag_1,-8.961315968856782,8.961315968856782
elasticnet,10,1,2025-09-30,origin_south_korea_kospi,229.98828026208022,229.98828026208022
elasticnet,10,1,2025-09-30,origin_aluminum_cash_usd_per_ton,198.13410043752603,198.13410043752603
elasticnet,10,1,2025-09-30,origin_canada_tsx_composite_lundin_mining,61.34566878178072,61.34566878178072
elasticnet,10,1,2025-09-30,origin_tin_cash_usd_per_ton,48.16983881791759,48.16983881791759
elasticnet,10,1,2025-09-30,origin_usa_sp500_freeport_mcmoran,212.26300301946623,212.26300301946623
elasticnet,10,1,2025-09-30,origin_usa_dow_jones,203.13676720212945,203.13676720212945
elasticnet,10,1,2025-09-30,origin_germany_dax,-22.203529534839955,22.203529534839955
elasticnet,10,1,2025-09-30,usa_sp500_southern_copper_lag_1,-110.98689928631838,110.98689928631838
elasticnet,10,1,2025-09-30,target_rolling_mean_6,-56.663018154104684,56.663018154104684
elasticnet,10,1,2025-09-30,uk_ftse100_antofagasta_lag_3,-49.536092103282634,49.536092103282634
elasticnet,10,1,2025-09-30,origin_hong_kong_hang_seng_zijin_mining,40.749248375356174,40.749248375356174
elasticnet,10,1,2025-09-30,usa_nasdaq_composite_lag_6,93.61510986456183,93.61510986456183
elasticnet,10,1,2025-09-30,canada_tsx_composite_capstone_copper_lag_1,-48.27589863444555,48.27589863444555
elasticnet,10,1,2025-09-30,origin_turkey_bist100,-47.96873492775488,47.96873492775488
elasticnet,10,1,2025-09-30,south_korea_kospi_lag_3,127.78472895519845,127.78472895519845
elasticnet,10,1,2025-09-30,gold_usd_per_troy_ounce_lag_12,139.6927039487184,139.6927039487184
elasticnet,10,1,2025-09-30,japan_nikkei225_lag_3,41.04258923765599,41.04258923765599
ridge,10,1,2025-10-31,origin_copper_price_usd_per_ton,731.5080508771811,731.5080508771811
ridge,10,1,2025-10-31,origin_uk_ftse100_antofagasta,433.4987349023315,433.4987349023315
ridge,10,1,2025-10-31,shfe_close_cny_per_ton_lag_1,-96.24733614089224,96.24733614089224
ridge,10,1,2025-10-31,origin_south_korea_kospi,246.46125249692102,246.46125249692102
ridge,10,1,2025-10-31,origin_aluminum_cash_usd_per_ton,232.1820762011563,232.1820762011563
ridge,10,1,2025-10-31,origin_canada_tsx_composite_lundin_mining,-51.24310111993977,51.24310111993977
ridge,10,1,2025-10-31,origin_tin_cash_usd_per_ton,-24.42705832750088,24.42705832750088
ridge,10,1,2025-10-31,origin_usa_sp500_freeport_mcmoran,206.99072355571363,206.99072355571363
ridge,10,1,2025-10-31,origin_usa_dow_jones,234.42924813170816,234.42924813170816
ridge,10,1,2025-10-31,origin_germany_dax,-64.19137199013613,64.19137199013613
ridge,10,1,2025-10-31,usa_sp500_southern_copper_lag_1,-214.94143134042366,214.94143134042366
ridge,10,1,2025-10-31,target_rolling_mean_6,-291.24356672152663,291.24356672152663
ridge,10,1,2025-10-31,origin_hong_kong_hang_seng_zijin_mining,-125.87444393915752,125.87444393915752
ridge,10,1,2025-10-31,uk_ftse100_antofagasta_lag_3,-38.35958648073197,38.35958648073197
ridge,10,1,2025-10-31,canada_tsx_composite_capstone_copper_lag_1,31.518986056865284,31.518986056865284
ridge,10,1,2025-10-31,usa_nasdaq_composite_lag_6,156.3299695279123,156.3299695279123
ridge,10,1,2025-10-31,origin_turkey_bist100,33.293939450282494,33.293939450282494
ridge,10,1,2025-10-31,south_korea_kospi_lag_3,158.55036575186318,158.55036575186318
ridge,10,1,2025-10-31,gold_usd_per_troy_ounce_lag_12,198.4725086687541,198.4725086687541
ridge,10,1,2025-10-31,japan_nikkei225_lag_3,67.35055834331033,67.35055834331033
elasticnet,10,1,2025-10-31,origin_copper_price_usd_per_ton,528.5678502249444,528.5678502249444
elasticnet,10,1,2025-10-31,origin_uk_ftse100_antofagasta,390.5661365461108,390.5661365461108
elasticnet,10,1,2025-10-31,shfe_close_cny_per_ton_lag_1,-40.15278858690433,40.15278858690433
elasticnet,10,1,2025-10-31,origin_south_korea_kospi,237.72234781464536,237.72234781464536
elasticnet,10,1,2025-10-31,origin_aluminum_cash_usd_per_ton,208.16399784805824,208.16399784805824
elasticnet,10,1,2025-10-31,origin_canada_tsx_composite_lundin_mining,9.087589581148706,9.087589581148706
elasticnet,10,1,2025-10-31,origin_tin_cash_usd_per_ton,25.533870747680613,25.533870747680613
elasticnet,10,1,2025-10-31,origin_usa_sp500_freeport_mcmoran,243.6308492575992,243.6308492575992
elasticnet,10,1,2025-10-31,origin_usa_dow_jones,226.1322364801818,226.1322364801818
elasticnet,10,1,2025-10-31,origin_germany_dax,-32.33179881897805,32.33179881897805
elasticnet,10,1,2025-10-31,usa_sp500_southern_copper_lag_1,-141.38201323611307,141.38201323611307
elasticnet,10,1,2025-10-31,target_rolling_mean_6,-143.13544790409944,143.13544790409944
elasticnet,10,1,2025-10-31,origin_hong_kong_hang_seng_zijin_mining,-42.43678527631632,42.43678527631632
elasticnet,10,1,2025-10-31,uk_ftse100_antofagasta_lag_3,-49.16207056385877,49.16207056385877
elasticnet,10,1,2025-10-31,canada_tsx_composite_capstone_copper_lag_1,-37.56559576425581,37.56559576425581
elasticnet,10,1,2025-10-31,usa_nasdaq_composite_lag_6,120.69825382735034,120.69825382735034
elasticnet,10,1,2025-10-31,origin_turkey_bist100,-30.046693711272976,30.046693711272976
elasticnet,10,1,2025-10-31,south_korea_kospi_lag_3,128.59730555648002,128.59730555648002
elasticnet,10,1,2025-10-31,gold_usd_per_troy_ounce_lag_12,152.57575199844422,152.57575199844422
elasticnet,10,1,2025-10-31,japan_nikkei225_lag_3,60.5156654366684,60.5156654366684
ridge,10,1,2025-11-30,origin_copper_price_usd_per_ton,165.7797477194345,165.7797477194345
ridge,10,1,2025-11-30,origin_uk_ftse100_antofagasta,130.62623737376794,130.62623737376794
ridge,10,1,2025-11-30,origin_south_korea_kospi,159.46950945014393,159.46950945014393
ridge,10,1,2025-11-30,shfe_pre_settlement_cny_per_ton_lag_1,80.97445422471482,80.97445422471482
ridge,10,1,2025-11-30,origin_aluminum_cash_usd_per_ton,134.75975367522358,134.75975367522358
ridge,10,1,2025-11-30,origin_canada_tsx_composite_lundin_mining,102.08426511564514,102.08426511564514
ridge,10,1,2025-11-30,origin_tin_cash_usd_per_ton,116.94158896825675,116.94158896825675
ridge,10,1,2025-11-30,origin_usa_sp500_freeport_mcmoran,132.69063162690477,132.69063162690477
ridge,10,1,2025-11-30,origin_usa_dow_jones,96.73717443125953,96.73717443125953
ridge,10,1,2025-11-30,usa_sp500_southern_copper_lag_1,41.60821980227357,41.60821980227357
ridge,10,1,2025-11-30,germany_dax_lag_1,29.909656295689853,29.909656295689853
ridge,10,1,2025-11-30,target_rolling_mean_6,85.69234326786912,85.69234326786912
ridge,10,1,2025-11-30,origin_hong_kong_hang_seng_zijin_mining,60.60448926995274,60.60448926995274
ridge,10,1,2025-11-30,uk_ftse100_antofagasta_lag_3,58.28013110486974,58.28013110486974
ridge,10,1,2025-11-30,canada_tsx_composite_capstone_copper_lag_1,35.78405045466965,35.78405045466965
ridge,10,1,2025-11-30,gold_usd_per_troy_ounce_lag_12,78.95961217736203,78.95961217736203
ridge,10,1,2025-11-30,usa_nasdaq_composite_lag_6,84.85719929435632,84.85719929435632
ridge,10,1,2025-11-30,south_korea_kospi_lag_3,122.05539840579272,122.05539840579272
ridge,10,1,2025-11-30,origin_turkey_bist100,-11.912462813892988,11.912462813892988
ridge,10,1,2025-11-30,japan_nikkei225_lag_3,42.05074062042459,42.05074062042459
elasticnet,10,1,2025-11-30,origin_copper_price_usd_per_ton,116.59952139755558,116.59952139755558
elasticnet,10,1,2025-11-30,origin_uk_ftse100_antofagasta,96.2175382673888,96.2175382673888
elasticnet,10,1,2025-11-30,origin_south_korea_kospi,113.1256145993936,113.1256145993936
elasticnet,10,1,2025-11-30,shfe_pre_settlement_cny_per_ton_lag_1,79.35364595806249,79.35364595806249
elasticnet,10,1,2025-11-30,origin_aluminum_cash_usd_per_ton,104.33262258090343,104.33262258090343
elasticnet,10,1,2025-11-30,origin_canada_tsx_composite_lundin_mining,86.80563878118943,86.80563878118943
elasticnet,10,1,2025-11-30,origin_tin_cash_usd_per_ton,97.94580729591088,97.94580729591088
elasticnet,10,1,2025-11-30,origin_usa_sp500_freeport_mcmoran,99.00677163060931,99.00677163060931
elasticnet,10,1,2025-11-30,origin_usa_dow_jones,80.93349505351358,80.93349505351358
elasticnet,10,1,2025-11-30,usa_sp500_southern_copper_lag_1,58.27118401698725,58.27118401698725
elasticnet,10,1,2025-11-30,germany_dax_lag_1,50.66673598014208,50.66673598014208
elasticnet,10,1,2025-11-30,target_rolling_mean_6,83.65095028576764,83.65095028576764
elasticnet,10,1,2025-11-30,origin_hong_kong_hang_seng_zijin_mining,66.83368454445832,66.83368454445832
elasticnet,10,1,2025-11-30,uk_ftse100_antofagasta_lag_3,68.53945015145239,68.53945015145239
elasticnet,10,1,2025-11-30,canada_tsx_composite_capstone_copper_lag_1,57.29894170054219,57.29894170054219
elasticnet,10,1,2025-11-30,gold_usd_per_troy_ounce_lag_12,73.44819909616935,73.44819909616935
elasticnet,10,1,2025-11-30,usa_nasdaq_composite_lag_6,76.4482036896405,76.4482036896405
elasticnet,10,1,2025-11-30,south_korea_kospi_lag_3,100.62341918332972,100.62341918332972
elasticnet,10,1,2025-11-30,origin_turkey_bist100,20.850833540043404,20.850833540043404
elasticnet,10,1,2025-11-30,japan_nikkei225_lag_3,55.96779421498346,55.96779421498346
ridge,10,1,2025-12-31,origin_copper_price_usd_per_ton,162.8696711873676,162.8696711873676
ridge,10,1,2025-12-31,origin_uk_ftse100_antofagasta,123.83991446578477,123.83991446578477
ridge,10,1,2025-12-31,origin_south_korea_kospi,143.45413532713624,143.45413532713624
ridge,10,1,2025-12-31,shfe_pre_settlement_cny_per_ton_lag_1,85.86281893715551,85.86281893715551
ridge,10,1,2025-12-31,origin_aluminum_cash_usd_per_ton,131.99031688548146,131.99031688548146
ridge,10,1,2025-12-31,origin_canada_tsx_composite_lundin_mining,86.84081959500823,86.84081959500823
ridge,10,1,2025-12-31,origin_tin_cash_usd_per_ton,113.1898304259725,113.1898304259725
ridge,10,1,2025-12-31,origin_usa_sp500_freeport_mcmoran,133.83981145923136,133.83981145923136
ridge,10,1,2025-12-31,origin_usa_dow_jones,98.38362260882876,98.38362260882876
ridge,10,1,2025-12-31,usa_sp500_southern_copper_lag_1,41.89298412445387,41.89298412445387
ridge,10,1,2025-12-31,target_rolling_mean_6,90.55518597839223,90.55518597839223
ridge,10,1,2025-12-31,origin_hong_kong_hang_seng_zijin_mining,56.0083797057503,56.0083797057503
ridge,10,1,2025-12-31,uk_ftse100_antofagasta_lag_3,60.32989446848074,60.32989446848074
ridge,10,1,2025-12-31,canada_tsx_composite_capstone_copper_lag_1,35.85160159872153,35.85160159872153
ridge,10,1,2025-12-31,gold_usd_per_troy_ounce_lag_12,83.19516799083377,83.19516799083377
ridge,10,1,2025-12-31,usa_nasdaq_composite_lag_6,90.24154008258087,90.24154008258087
ridge,10,1,2025-12-31,south_korea_kospi_lag_3,114.40385785076465,114.40385785076465
ridge,10,1,2025-12-31,japan_nikkei225_lag_3,46.80417692191302,46.80417692191302
ridge,10,1,2025-12-31,origin_turkey_bist100,-6.517717826933677,6.517717826933677
ridge,10,1,2025-12-31,origin_china_csi300_jiangxi_copper,90.11296049635165,90.11296049635165
elasticnet,10,1,2025-12-31,origin_copper_price_usd_per_ton,92.06159246751425,92.06159246751425
elasticnet,10,1,2025-12-31,origin_uk_ftse100_antofagasta,79.35232992396884,79.35232992396884
elasticnet,10,1,2025-12-31,origin_south_korea_kospi,84.103432898094,84.103432898094
elasticnet,10,1,2025-12-31,shfe_pre_settlement_cny_per_ton_lag_1,73.89210337449691,73.89210337449691
elasticnet,10,1,2025-12-31,origin_aluminum_cash_usd_per_ton,83.4002339619106,83.4002339619106
elasticnet,10,1,2025-12-31,origin_canada_tsx_composite_lundin_mining,71.44893297379896,71.44893297379896
elasticnet,10,1,2025-12-31,origin_tin_cash_usd_per_ton,80.43981095812005,80.43981095812005
elasticnet,10,1,2025-12-31,origin_usa_sp500_freeport_mcmoran,81.9101493655096,81.9101493655096
elasticnet,10,1,2025-12-31,origin_usa_dow_jones,72.9804097309345,72.9804097309345
elasticnet,10,1,2025-12-31,usa_sp500_southern_copper_lag_1,60.58648769541891,60.58648769541891
elasticnet,10,1,2025-12-31,target_rolling_mean_6,75.50424830569015,75.50424830569015
elasticnet,10,1,2025-12-31,origin_hong_kong_hang_seng_zijin_mining,64.32989276164614,64.32989276164614
elasticnet,10,1,2025-12-31,uk_ftse100_antofagasta_lag_3,66.64104113096938,66.64104113096938
elasticnet,10,1,2025-12-31,canada_tsx_composite_capstone_copper_lag_1,60.630993387554895,60.630993387554895
elasticnet,10,1,2025-12-31,gold_usd_per_troy_ounce_lag_12,69.83166578970047,69.83166578970047
elasticnet,10,1,2025-12-31,usa_nasdaq_composite_lag_6,71.06837018962952,71.06837018962952
elasticnet,10,1,2025-12-31,south_korea_kospi_lag_3,79.8158631513114,79.8158631513114
elasticnet,10,1,2025-12-31,japan_nikkei225_lag_3,59.91221755842298,59.91221755842298
elasticnet,10,1,2025-12-31,origin_turkey_bist100,36.76994772648089,36.76994772648089
elasticnet,10,1,2025-12-31,origin_china_csi300_jiangxi_copper,71.3026319301615,71.3026319301615
ridge,10,1,2026-01-31,origin_copper_price_usd_per_ton,161.67502526139583,161.67502526139583
ridge,10,1,2026-01-31,origin_uk_ftse100_antofagasta,124.72164393456369,124.72164393456369
ridge,10,1,2026-01-31,shfe_pre_settlement_cny_per_ton_lag_1,93.07083463810928,93.07083463810928
ridge,10,1,2026-01-31,origin_south_korea_kospi,147.916716966475,147.916716966475
ridge,10,1,2026-01-31,origin_aluminum_cash_usd_per_ton,130.04173272218796,130.04173272218796
ridge,10,1,2026-01-31,origin_canada_tsx_composite_lundin_mining,92.29201442755704,92.29201442755704
ridge,10,1,2026-01-31,origin_tin_cash_usd_per_ton,114.22587144677182,114.22587144677182
ridge,10,1,2026-01-31,origin_usa_sp500_freeport_mcmoran,131.27684306707312,131.27684306707312
ridge,10,1,2026-01-31,origin_usa_dow_jones,95.84283686339396,95.84283686339396
ridge,10,1,2026-01-31,usa_sp500_southern_copper_lag_1,45.15407532800361,45.15407532800361
ridge,10,1,2026-01-31,target_rolling_mean_6,89.53341014454229,89.53341014454229
ridge,10,1,2026-01-31,gold_usd_per_troy_ounce_lag_12,92.2662073694103,92.2662073694103
ridge,10,1,2026-01-31,uk_ftse100_antofagasta_lag_3,61.12661864443334,61.12661864443334
ridge,10,1,2026-01-31,origin_hong_kong_hang_seng_zijin_mining,63.19124628974021,63.19124628974021
ridge,10,1,2026-01-31,canada_tsx_composite_capstone_copper_lag_1,39.091406466333176,39.091406466333176
ridge,10,1,2026-01-31,origin_china_csi300_jiangxi_copper,102.37880266946934,102.37880266946934
ridge,10,1,2026-01-31,usa_nasdaq_composite_lag_6,89.68302557920867,89.68302557920867
ridge,10,1,2026-01-31,south_korea_kospi_lag_3,117.0703155101079,117.0703155101079
ridge,10,1,2026-01-31,japan_nikkei225_lag_3,48.31271815551594,48.31271815551594
ridge,10,1,2026-01-31,origin_turkey_bist100,-4.588992154930083,4.588992154930083
elasticnet,10,1,2026-01-31,origin_copper_price_usd_per_ton,93.19418682398013,93.19418682398013
elasticnet,10,1,2026-01-31,origin_uk_ftse100_antofagasta,81.3710424687844,81.3710424687844
elasticnet,10,1,2026-01-31,shfe_pre_settlement_cny_per_ton_lag_1,76.83926126508463,76.83926126508463
elasticnet,10,1,2026-01-31,origin_south_korea_kospi,86.70159614911063,86.70159614911063
elasticnet,10,1,2026-01-31,origin_aluminum_cash_usd_per_ton,83.8969848555394,83.8969848555394
elasticnet,10,1,2026-01-31,origin_canada_tsx_composite_lundin_mining,73.95937287135678,73.95937287135678
elasticnet,10,1,2026-01-31,origin_tin_cash_usd_per_ton,81.92633114283424,81.92633114283424
elasticnet,10,1,2026-01-31,origin_usa_sp500_freeport_mcmoran,82.33297751141289,82.33297751141289
elasticnet,10,1,2026-01-31,origin_usa_dow_jones,74.0326770261978,74.0326770261978
elasticnet,10,1,2026-01-31,usa_sp500_southern_copper_lag_1,63.217786582645175,63.217786582645175
elasticnet,10,1,2026-01-31,target_rolling_mean_6,76.1824233633288,76.1824233633288
elasticnet,10,1,2026-01-31,gold_usd_per_troy_ounce_lag_12,73.80465459105741,73.80465459105741
elasticnet,10,1,2026-01-31,uk_ftse100_antofagasta_lag_3,68.376936413891,68.376936413891
elasticnet,10,1,2026-01-31,origin_hong_kong_hang_seng_zijin_mining,67.85868791088802,67.85868791088802
elasticnet,10,1,2026-01-31,canada_tsx_composite_capstone_copper_lag_1,63.11607713966113,63.11607713966113
elasticnet,10,1,2026-01-31,origin_china_csi300_jiangxi_copper,75.29796537349003,75.29796537349003
elasticnet,10,1,2026-01-31,usa_nasdaq_composite_lag_6,72.3678438263995,72.3678438263995
elasticnet,10,1,2026-01-31,south_korea_kospi_lag_3,81.74317755705465,81.74317755705465
elasticnet,10,1,2026-01-31,japan_nikkei225_lag_3,62.06748985266375,62.06748985266375
elasticnet,10,1,2026-01-31,origin_turkey_bist100,39.38187501114315,39.38187501114315
ridge,10,1,2026-02-28,origin_copper_price_usd_per_ton,165.82087237996598,165.82087237996598
ridge,10,1,2026-02-28,origin_uk_ftse100_antofagasta,121.95895012332538,121.95895012332538
ridge,10,1,2026-02-28,origin_south_korea_kospi,145.42892768684848,145.42892768684848
ridge,10,1,2026-02-28,origin_aluminum_cash_usd_per_ton,135.05143757642136,135.05143757642136
ridge,10,1,2026-02-28,target_rolling_mean_3,108.9047139271494,108.9047139271494
ridge,10,1,2026-02-28,origin_canada_tsx_composite_lundin_mining,83.03625737096613,83.03625737096613
ridge,10,1,2026-02-28,origin_tin_cash_usd_per_ton,114.18719141229761,114.18719141229761
ridge,10,1,2026-02-28,origin_usa_sp500_freeport_mcmoran,132.88472606130208,132.88472606130208
ridge,10,1,2026-02-28,origin_usa_dow_jones,104.59051510255497,104.59051510255497
ridge,10,1,2026-02-28,usa_sp500_southern_copper_lag_1,52.49643672780798,52.49643672780798
ridge,10,1,2026-02-28,gold_usd_per_troy_ounce_lag_12,101.41576853014796,101.41576853014796
ridge,10,1,2026-02-28,uk_ftse100_antofagasta_lag_3,61.30342174021327,61.30342174021327
ridge,10,1,2026-02-28,origin_hong_kong_hang_seng_zijin_mining,64.42541028006643,64.42541028006643
ridge,10,1,2026-02-28,canada_tsx_composite_capstone_copper_lag_1,45.36449335822005,45.36449335822005
ridge,10,1,2026-02-28,origin_china_csi300_jiangxi_copper,79.6587194014675,79.6587194014675
ridge,10,1,2026-02-28,south_korea_kospi_lag_3,121.87007459136959,121.87007459136959
ridge,10,1,2026-02-28,usa_nasdaq_composite_lag_6,93.39568275886965,93.39568275886965
ridge,10,1,2026-02-28,japan_nikkei225_lag_3,51.94371846771373,51.94371846771373
ridge,10,1,2026-02-28,origin_turkey_bist100,-1.8274404375162863,1.8274404375162863
ridge,10,1,2026-02-28,euro_area_copper_production_ppi_lag_1,90.67002271488992,90.67002271488992
elasticnet,10,1,2026-02-28,origin_copper_price_usd_per_ton,95.20670384203828,95.20670384203828
elasticnet,10,1,2026-02-28,origin_uk_ftse100_antofagasta,81.98354097166643,81.98354097166643
elasticnet,10,1,2026-02-28,origin_south_korea_kospi,85.93764673279891,85.93764673279891
elasticnet,10,1,2026-02-28,origin_aluminum_cash_usd_per_ton,86.21232582855939,86.21232582855939
elasticnet,10,1,2026-02-28,target_rolling_mean_3,83.18835207023301,83.18835207023301
elasticnet,10,1,2026-02-28,origin_canada_tsx_composite_lundin_mining,72.11269150800324,72.11269150800324
elasticnet,10,1,2026-02-28,origin_tin_cash_usd_per_ton,83.49935926162225,83.49935926162225
elasticnet,10,1,2026-02-28,origin_usa_sp500_freeport_mcmoran,84.3342969689645,84.3342969689645
elasticnet,10,1,2026-02-28,origin_usa_dow_jones,77.02573968655344,77.02573968655344
elasticnet,10,1,2026-02-28,usa_sp500_southern_copper_lag_1,66.29837022821489,66.29837022821489
elasticnet,10,1,2026-02-28,gold_usd_per_troy_ounce_lag_12,77.21020402499971,77.21020402499971
elasticnet,10,1,2026-02-28,uk_ftse100_antofagasta_lag_3,70.62016938480681,70.62016938480681
elasticnet,10,1,2026-02-28,origin_hong_kong_hang_seng_zijin_mining,69.64798866161867,69.64798866161867
elasticnet,10,1,2026-02-28,canada_tsx_composite_capstone_copper_lag_1,66.23407978556953,66.23407978556953
elasticnet,10,1,2026-02-28,origin_china_csi300_jiangxi_copper,69.57289826724673,69.57289826724673
elasticnet,10,1,2026-02-28,south_korea_kospi_lag_3,83.82485208985597,83.82485208985597
elasticnet,10,1,2026-02-28,usa_nasdaq_composite_lag_6,75.10611037937637,75.10611037937637
elasticnet,10,1,2026-02-28,japan_nikkei225_lag_3,65.06541322427509,65.06541322427509
elasticnet,10,1,2026-02-28,origin_turkey_bist100,42.61248311076512,42.61248311076512
elasticnet,10,1,2026-02-28,euro_area_copper_production_ppi_lag_1,75.08015523795416,75.08015523795416
ridge,10,1,2026-03-31,origin_copper_price_usd_per_ton,177.35111738427915,177.35111738427915
ridge,10,1,2026-03-31,origin_uk_ftse100_antofagasta,115.2039505787495,115.2039505787495
ridge,10,1,2026-03-31,origin_south_korea_kospi,117.52215818852378,117.52215818852378
ridge,10,1,2026-03-31,origin_aluminum_cash_usd_per_ton,147.75078733076538,147.75078733076538
ridge,10,1,2026-03-31,target_rolling_mean_3,116.62498484527518,116.62498484527518
ridge,10,1,2026-03-31,origin_canada_tsx_composite_lundin_mining,66.37144454136181,66.37144454136181
ridge,10,1,2026-03-31,origin_tin_cash_usd_per_ton,120.23833440149019,120.23833440149019
ridge,10,1,2026-03-31,origin_usa_sp500_freeport_mcmoran,138.84779795004525,138.84779795004525
ridge,10,1,2026-03-31,origin_usa_dow_jones,118.55294230870271,118.55294230870271
ridge,10,1,2026-03-31,usa_sp500_southern_copper_lag_1,45.08819916156998,45.08819916156998
ridge,10,1,2026-03-31,gold_usd_per_troy_ounce_lag_12,107.41888627898555,107.41888627898555
ridge,10,1,2026-03-31,uk_ftse100_antofagasta_lag_3,68.24703636830137,68.24703636830137
ridge,10,1,2026-03-31,canada_tsx_composite_capstone_copper_lag_1,50.58240838231245,50.58240838231245
ridge,10,1,2026-03-31,origin_hong_kong_hang_seng_zijin_mining,63.504330603882025,63.504330603882025
ridge,10,1,2026-03-31,origin_china_csi300_jiangxi_copper,70.34105624001874,70.34105624001874
ridge,10,1,2026-03-31,south_korea_kospi_lag_3,118.43525531523682,118.43525531523682
ridge,10,1,2026-03-31,japan_nikkei225_lag_3,55.75012853623801,55.75012853623801
ridge,10,1,2026-03-31,usa_nasdaq_composite_lag_6,100.24123590621498,100.24123590621498
ridge,10,1,2026-03-31,origin_turkey_bist100,0.2761205535474009,0.2761205535474009
ridge,10,1,2026-03-31,euro_area_copper_production_ppi_lag_1,92.55817620230157,92.55817620230157
elasticnet,10,1,2026-03-31,origin_copper_price_usd_per_ton,97.84024734197091,97.84024734197091
elasticnet,10,1,2026-03-31,origin_uk_ftse100_antofagasta,80.62865414106307,80.62865414106307
elasticnet,10,1,2026-03-31,origin_south_korea_kospi,78.60956389767449,78.60956389767449
elasticnet,10,1,2026-03-31,origin_aluminum_cash_usd_per_ton,89.58663165049992,89.58663165049992
elasticnet,10,1,2026-03-31,target_rolling_mean_3,86.03344817837623,86.03344817837623
elasticnet,10,1,2026-03-31,origin_canada_tsx_composite_lundin_mining,67.56143224960776,67.56143224960776
elasticnet,10,1,2026-03-31,origin_tin_cash_usd_per_ton,85.57020544282368,85.57020544282368
elasticnet,10,1,2026-03-31,origin_usa_sp500_freeport_mcmoran,86.9343718585878,86.9343718585878
elasticnet,10,1,2026-03-31,origin_usa_dow_jones,80.57625920226704,80.57625920226704
elasticnet,10,1,2026-03-31,usa_sp500_southern_copper_lag_1,66.01966385440016,66.01966385440016
elasticnet,10,1,2026-03-31,gold_usd_per_troy_ounce_lag_12,79.55312620447994,79.55312620447994
elasticnet,10,1,2026-03-31,uk_ftse100_antofagasta_lag_3,73.04024371120782,73.04024371120782
elasticnet,10,1,2026-03-31,canada_tsx_composite_capstone_copper_lag_1,68.71485085820558,68.71485085820558
elasticnet,10,1,2026-03-31,origin_hong_kong_hang_seng_zijin_mining,69.79279873222055,69.79279873222055
elasticnet,10,1,2026-03-31,origin_china_csi300_jiangxi_copper,66.28531428617643,66.28531428617643
elasticnet,10,1,2026-03-31,south_korea_kospi_lag_3,83.4037240691116,83.4037240691116
elasticnet,10,1,2026-03-31,japan_nikkei225_lag_3,67.47870507277644,67.47870507277644
elasticnet,10,1,2026-03-31,usa_nasdaq_composite_lag_6,78.12378391540207,78.12378391540207
elasticnet,10,1,2026-03-31,origin_turkey_bist100,45.38230451397942,45.38230451397942
elasticnet,10,1,2026-03-31,euro_area_copper_production_ppi_lag_1,77.63307553361854,77.63307553361854
ridge,10,1,2026-04-30,origin_copper_price_usd_per_ton,184.5693400165504,184.5693400165504
ridge,10,1,2026-04-30,origin_uk_ftse100_antofagasta,115.11299523464804,115.11299523464804
ridge,10,1,2026-04-30,origin_south_korea_kospi,106.2861081221835,106.2861081221835
ridge,10,1,2026-04-30,origin_aluminum_cash_usd_per_ton,148.46631071916892,148.46631071916892
ridge,10,1,2026-04-30,target_rolling_mean_3,118.10243848287755,118.10243848287755
ridge,10,1,2026-04-30,origin_canada_tsx_composite_lundin_mining,63.36593882368209,63.36593882368209
ridge,10,1,2026-04-30,origin_tin_cash_usd_per_ton,126.08485564104913,126.08485564104913
ridge,10,1,2026-04-30,origin_usa_sp500_freeport_mcmoran,145.80409861321428,145.80409861321428
ridge,10,1,2026-04-30,origin_usa_dow_jones,126.75465077203421,126.75465077203421
ridge,10,1,2026-04-30,usa_sp500_southern_copper_lag_1,36.64304134203105,36.64304134203105
ridge,10,1,2026-04-30,gold_usd_per_troy_ounce_lag_12,108.42697746451557,108.42697746451557
ridge,10,1,2026-04-30,canada_tsx_composite_capstone_copper_lag_1,53.644873767905885,53.644873767905885
ridge,10,1,2026-04-30,uk_ftse100_antofagasta_lag_3,66.37626169055551,66.37626169055551
ridge,10,1,2026-04-30,origin_hong_kong_hang_seng_zijin_mining,68.58912178739959,68.58912178739959
ridge,10,1,2026-04-30,origin_china_csi300_jiangxi_copper,75.25544957815335,75.25544957815335
ridge,10,1,2026-04-30,south_korea_kospi_lag_3,116.66808981162282,116.66808981162282
ridge,10,1,2026-04-30,japan_nikkei225_lag_3,59.27926248552789,59.27926248552789
ridge,10,1,2026-04-30,usa_nasdaq_composite_lag_6,103.06163622106565,103.06163622106565
ridge,10,1,2026-04-30,origin_turkey_bist100,3.924322955637658,3.924322955637658
ridge,10,1,2026-04-30,euro_area_copper_production_ppi_lag_1,95.75554971808464,95.75554971808464
elasticnet,10,1,2026-04-30,origin_copper_price_usd_per_ton,99.97287394923062,99.97287394923062
elasticnet,10,1,2026-04-30,origin_uk_ftse100_antofagasta,81.53445688377795,81.53445688377795
elasticnet,10,1,2026-04-30,origin_south_korea_kospi,76.46554857013263,76.46554857013263
elasticnet,10,1,2026-04-30,origin_aluminum_cash_usd_per_ton,90.83620381032266,90.83620381032266
elasticnet,10,1,2026-04-30,target_rolling_mean_3,87.43056155278764,87.43056155278764
elasticnet,10,1,2026-04-30,origin_canada_tsx_composite_lundin_mining,67.60493257518081,67.60493257518081
elasticnet,10,1,2026-04-30,origin_tin_cash_usd_per_ton,87.63440420585229,87.63440420585229
elasticnet,10,1,2026-04-30,origin_usa_sp500_freeport_mcmoran,89.3787895177611,89.3787895177611
elasticnet,10,1,2026-04-30,origin_usa_dow_jones,83.06388642296693,83.06388642296693
elasticnet,10,1,2026-04-30,usa_sp500_southern_copper_lag_1,65.41499757575161,65.41499757575161
elasticnet,10,1,2026-04-30,gold_usd_per_troy_ounce_lag_12,81.13200282252976,81.13200282252976
elasticnet,10,1,2026-04-30,canada_tsx_composite_capstone_copper_lag_1,70.79864914041094,70.79864914041094
elasticnet,10,1,2026-04-30,uk_ftse100_antofagasta_lag_3,73.89238979806484,73.89238979806484
elasticnet,10,1,2026-04-30,origin_hong_kong_hang_seng_zijin_mining,71.94346087159686,71.94346087159686
elasticnet,10,1,2026-04-30,origin_china_csi300_jiangxi_copper,68.07070553741482,68.07070553741482
elasticnet,10,1,2026-04-30,south_korea_kospi_lag_3,83.5372248522915,83.5372248522915
elasticnet,10,1,2026-04-30,japan_nikkei225_lag_3,69.70703664804724,69.70703664804724
elasticnet,10,1,2026-04-30,usa_nasdaq_composite_lag_6,80.08034115175006,80.08034115175006
elasticnet,10,1,2026-04-30,origin_turkey_bist100,48.173010631220556,48.173010631220556
elasticnet,10,1,2026-04-30,euro_area_copper_production_ppi_lag_1,79.61589922595074,79.61589922595074
ridge,10,1,2026-05-31,origin_copper_price_usd_per_ton,190.0878938474666,190.0878938474666
ridge,10,1,2026-05-31,origin_uk_ftse100_antofagasta,114.97407698607331,114.97407698607331
ridge,10,1,2026-05-31,origin_south_korea_kospi,98.87936112588913,98.87936112588913
ridge,10,1,2026-05-31,origin_aluminum_cash_usd_per_ton,148.94126464749561,148.94126464749561
ridge,10,1,2026-05-31,target_rolling_mean_3,121.73016971809894,121.73016971809894
ridge,10,1,2026-05-31,origin_canada_tsx_composite_lundin_mining,61.476358654665226,61.476358654665226
ridge,10,1,2026-05-31,origin_tin_cash_usd_per_ton,133.04349773355068,133.04349773355068
ridge,10,1,2026-05-31,origin_usa_sp500_freeport_mcmoran,150.13372314778394,150.13372314778394
ridge,10,1,2026-05-31,origin_usa_dow_jones,131.27159923555797,131.27159923555797
ridge,10,1,2026-05-31,usa_sp500_southern_copper_lag_1,39.90752612403071,39.90752612403071
ridge,10,1,2026-05-31,gold_usd_per_troy_ounce_lag_12,108.26682712549446,108.26682712549446
ridge,10,1,2026-05-31,origin_china_csi300_jiangxi_copper,85.69049160142937,85.69049160142937
ridge,10,1,2026-05-31,canada_tsx_composite_capstone_copper_lag_1,64.58974722807727,64.58974722807727
ridge,10,1,2026-05-31,uk_ftse100_antofagasta_lag_3,61.37915120208527,61.37915120208527
ridge,10,1,2026-05-31,origin_hong_kong_hang_seng_zijin_mining,75.31071446604805,75.31071446604805
ridge,10,1,2026-05-31,south_korea_kospi_lag_3,108.18641741026512,108.18641741026512
ridge,10,1,2026-05-31,japan_nikkei225_lag_3,60.81539800152557,60.81539800152557
ridge,10,1,2026-05-31,usa_nasdaq_composite_lag_6,106.02862766901829,106.02862766901829
ridge,10,1,2026-05-31,origin_turkey_bist100,5.115457441764868,5.115457441764868
ridge,10,1,2026-05-31,euro_area_copper_production_ppi_lag_1,99.24302590218547,99.24302590218547
elasticnet,10,1,2026-05-31,origin_copper_price_usd_per_ton,87.79093357395837,87.79093357395837
elasticnet,10,1,2026-05-31,origin_uk_ftse100_antofagasta,74.58325538697324,74.58325538697324
elasticnet,10,1,2026-05-31,origin_south_korea_kospi,68.02575138667305,68.02575138667305
elasticnet,10,1,2026-05-31,origin_aluminum_cash_usd_per_ton,79.70187082865395,79.70187082865395
elasticnet,10,1,2026-05-31,target_rolling_mean_3,78.93392378163166,78.93392378163166
elasticnet,10,1,2026-05-31,origin_canada_tsx_composite_lundin_mining,63.76581430080141,63.76581430080141
elasticnet,10,1,2026-05-31,origin_tin_cash_usd_per_ton,78.83349424989008,78.83349424989008
elasticnet,10,1,2026-05-31,origin_usa_sp500_freeport_mcmoran,80.10896578069759,80.10896578069759
elasticnet,10,1,2026-05-31,origin_usa_dow_jones,75.57512150891311,75.57512150891311
elasticnet,10,1,2026-05-31,usa_sp500_southern_copper_lag_1,64.16753071847941,64.16753071847941
elasticnet,10,1,2026-05-31,gold_usd_per_troy_ounce_lag_12,74.49345648703436,74.49345648703436
elasticnet,10,1,2026-05-31,origin_china_csi300_jiangxi_copper,64.92754910502052,64.92754910502052
elasticnet,10,1,2026-05-31,canada_tsx_composite_capstone_copper_lag_1,68.41752794636986,68.41752794636986
elasticnet,10,1,2026-05-31,uk_ftse100_antofagasta_lag_3,68.77917195840564,68.77917195840564
elasticnet,10,1,2026-05-31,origin_hong_kong_hang_seng_zijin_mining,68.97596512820425,68.97596512820425
elasticnet,10,1,2026-05-31,south_korea_kospi_lag_3,72.8167142473159,72.8167142473159
elasticnet,10,1,2026-05-31,japan_nikkei225_lag_3,66.87637793728811,66.87637793728811
elasticnet,10,1,2026-05-31,usa_nasdaq_composite_lag_6,73.65548294616049,73.65548294616049
elasticnet,10,1,2026-05-31,origin_turkey_bist100,50.60890564384493,50.60890564384493
elasticnet,10,1,2026-05-31,euro_area_copper_production_ppi_lag_1,73.28665222899865,73.28665222899865
ridge,10,1,2026-06-30,origin_copper_price_usd_per_ton,201.0504947155913,201.0504947155913
ridge,10,1,2026-06-30,origin_uk_ftse100_antofagasta,113.64467665365629,113.64467665365629
ridge,10,1,2026-06-30,origin_south_korea_kospi,67.98961113317395,67.98961113317395
ridge,10,1,2026-06-30,origin_aluminum_cash_usd_per_ton,158.0921293639761,158.0921293639761
ridge,10,1,2026-06-30,target_rolling_mean_3,139.28571084490244,139.28571084490244
ridge,10,1,2026-06-30,origin_canada_tsx_composite_lundin_mining,54.78898904221865,54.78898904221865
ridge,10,1,2026-06-30,origin_tin_cash_usd_per_ton,140.38324452853013,140.38324452853013
ridge,10,1,2026-06-30,origin_usa_sp500_freeport_mcmoran,170.16724328923206,170.16724328923206
ridge,10,1,2026-06-30,origin_usa_dow_jones,143.14891092019914,143.14891092019914
ridge,10,1,2026-06-30,usa_sp500_southern_copper_lag_1,44.322058340448315,44.322058340448315
ridge,10,1,2026-06-30,gold_usd_per_troy_ounce_lag_12,115.08280058425652,115.08280058425652
ridge,10,1,2026-06-30,canada_tsx_composite_capstone_copper_lag_1,81.977710322539,81.977710322539
ridge,10,1,2026-06-30,origin_china_csi300_jiangxi_copper,87.99132022129778,87.99132022129778
ridge,10,1,2026-06-30,uk_ftse100_antofagasta_lag_3,60.388969867935316,60.388969867935316
ridge,10,1,2026-06-30,origin_hong_kong_hang_seng_zijin_mining,86.09277242621373,86.09277242621373
ridge,10,1,2026-06-30,south_korea_kospi_lag_3,88.53130120927615,88.53130120927615
ridge,10,1,2026-06-30,japan_nikkei225_lag_3,64.71738066843287,64.71738066843287
ridge,10,1,2026-06-30,usa_nasdaq_composite_lag_6,120.6729475608614,120.6729475608614
ridge,10,1,2026-06-30,origin_turkey_bist100,12.943339879536309,12.943339879536309
ridge,10,1,2026-06-30,china_csi300_jiangxi_copper_lag_1,49.741271364411325,49.741271364411325
elasticnet,10,1,2026-06-30,origin_copper_price_usd_per_ton,90.7786648407175,90.7786648407175
elasticnet,10,1,2026-06-30,origin_uk_ftse100_antofagasta,75.81762465633349,75.81762465633349
elasticnet,10,1,2026-06-30,origin_south_korea_kospi,62.86380555596054,62.86380555596054
elasticnet,10,1,2026-06-30,origin_aluminum_cash_usd_per_ton,82.45006092615179,82.45006092615179
elasticnet,10,1,2026-06-30,target_rolling_mean_3,82.81023760760806,82.81023760760806
elasticnet,10,1,2026-06-30,origin_canada_tsx_composite_lundin_mining,63.71635947102398,63.71635947102398
elasticnet,10,1,2026-06-30,origin_tin_cash_usd_per_ton,81.3188183652076,81.3188183652076
elasticnet,10,1,2026-06-30,origin_usa_sp500_freeport_mcmoran,84.67243328575076,84.67243328575076
elasticnet,10,1,2026-06-30,origin_usa_dow_jones,79.4517365660528,79.4517365660528
elasticnet,10,1,2026-06-30,usa_sp500_southern_copper_lag_1,66.50764452502767,66.50764452502767
elasticnet,10,1,2026-06-30,gold_usd_per_troy_ounce_lag_12,77.35834828096958,77.35834828096958
elasticnet,10,1,2026-06-30,canada_tsx_composite_capstone_copper_lag_1,72.65688492233453,72.65688492233453
elasticnet,10,1,2026-06-30,origin_china_csi300_jiangxi_copper,65.91877056572203,65.91877056572203
elasticnet,10,1,2026-06-30,uk_ftse100_antofagasta_lag_3,70.04031349855813,70.04031349855813
elasticnet,10,1,2026-06-30,origin_hong_kong_hang_seng_zijin_mining,71.97873660791944,71.97873660791944
elasticnet,10,1,2026-06-30,south_korea_kospi_lag_3,69.51621079393414,69.51621079393414
elasticnet,10,1,2026-06-30,japan_nikkei225_lag_3,69.71676654703576,69.71676654703576
elasticnet,10,1,2026-06-30,usa_nasdaq_composite_lag_6,77.8782310855708,77.8782310855708
elasticnet,10,1,2026-06-30,origin_turkey_bist100,54.81005877037099,54.81005877037099
elasticnet,10,1,2026-06-30,china_csi300_jiangxi_copper_lag_1,61.776223533988905,61.776223533988905
ridge,10,1,2026-07-31,origin_copper_price_usd_per_ton,202.53590832719567,202.53590832719567
ridge,10,1,2026-07-31,origin_uk_ftse100_antofagasta,111.77020452535977,111.77020452535977
ridge,10,1,2026-07-31,origin_south_korea_kospi,53.3390252279894,53.3390252279894
ridge,10,1,2026-07-31,origin_aluminum_cash_usd_per_ton,162.78928927314644,162.78928927314644
ridge,10,1,2026-07-31,target_rolling_mean_3,142.315132307595,142.315132307595
ridge,10,1,2026-07-31,origin_canada_tsx_composite_lundin_mining,56.672870142134656,56.672870142134656
ridge,10,1,2026-07-31,origin_tin_cash_usd_per_ton,143.59557447087687,143.59557447087687
ridge,10,1,2026-07-31,origin_usa_sp500_freeport_mcmoran,173.43424457730632,173.43424457730632
ridge,10,1,2026-07-31,origin_usa_dow_jones,144.1562755955757,144.1562755955757
ridge,10,1,2026-07-31,usa_sp500_southern_copper_lag_1,47.70554652592648,47.70554652592648
ridge,10,1,2026-07-31,gold_usd_per_troy_ounce_lag_12,115.2282608970643,115.2282608970643
ridge,10,1,2026-07-31,canada_tsx_composite_capstone_copper_lag_1,87.00143747373491,87.00143747373491
ridge,10,1,2026-07-31,origin_china_csi300_jiangxi_copper,94.96813811658981,94.96813811658981
ridge,10,1,2026-07-31,uk_ftse100_antofagasta_lag_3,61.70423269685607,61.70423269685607
ridge,10,1,2026-07-31,origin_hong_kong_hang_seng_zijin_mining,96.17513563267555,96.17513563267555
ridge,10,1,2026-07-31,south_korea_kospi_lag_3,81.743918943032,81.743918943032
ridge,10,1,2026-07-31,japan_nikkei225_lag_3,67.08971078576356,67.08971078576356
ridge,10,1,2026-07-31,usa_nasdaq_composite_lag_6,123.57031331244224,123.57031331244224
ridge,10,1,2026-07-31,origin_turkey_bist100,15.471938012043495,15.471938012043495
ridge,10,1,2026-07-31,china_csi300_jiangxi_copper_lag_1,57.30180340430186,57.30180340430186
elasticnet,10,1,2026-07-31,origin_copper_price_usd_per_ton,92.12423796194378,92.12423796194378
elasticnet,10,1,2026-07-31,origin_uk_ftse100_antofagasta,76.87716051951833,76.87716051951833
elasticnet,10,1,2026-07-31,origin_south_korea_kospi,60.830468886723565,60.830468886723565
elasticnet,10,1,2026-07-31,origin_aluminum_cash_usd_per_ton,84.12938515908012,84.12938515908012
elasticnet,10,1,2026-07-31,target_rolling_mean_3,84.34451630320801,84.34451630320801
elasticnet,10,1,2026-07-31,origin_canada_tsx_composite_lundin_mining,65.39524541820593,65.39524541820593
elasticnet,10,1,2026-07-31,origin_tin_cash_usd_per_ton,82.94414306431098,82.94414306431098
elasticnet,10,1,2026-07-31,origin_usa_sp500_freeport_mcmoran,86.39828874097311,86.39828874097311
elasticnet,10,1,2026-07-31,origin_usa_dow_jones,80.96480985465946,80.96480985465946
elasticnet,10,1,2026-07-31,usa_sp500_southern_copper_lag_1,68.44378087449958,68.44378087449958
elasticnet,10,1,2026-07-31,gold_usd_per_troy_ounce_lag_12,78.73293611951256,78.73293611951256
elasticnet,10,1,2026-07-31,canada_tsx_composite_capstone_copper_lag_1,74.83234769462311,74.83234769462311
elasticnet,10,1,2026-07-31,origin_china_csi300_jiangxi_copper,68.41649433224518,68.41649433224518
elasticnet,10,1,2026-07-31,uk_ftse100_antofagasta_lag_3,71.36101970524622,71.36101970524622
elasticnet,10,1,2026-07-31,origin_hong_kong_hang_seng_zijin_mining,74.59161967084935,74.59161967084935
elasticnet,10,1,2026-07-31,south_korea_kospi_lag_3,69.04963105746148,69.04963105746148
elasticnet,10,1,2026-07-31,japan_nikkei225_lag_3,71.49609859634572,71.49609859634572
elasticnet,10,1,2026-07-31,usa_nasdaq_composite_lag_6,79.58894550677634,79.58894550677634
elasticnet,10,1,2026-07-31,origin_turkey_bist100,57.11715179603317,57.11715179603317
elasticnet,10,1,2026-07-31,china_csi300_jiangxi_copper_lag_1,64.32921318468468,64.32921318468468
ridge,10,3,2025-01-31,origin_uk_ftse100_antofagasta,124.43733406811037,124.43733406811037
ridge,10,3,2025-01-31,origin_copper_price_usd_per_ton,123.40299740686434,123.40299740686434
ridge,10,3,2025-01-31,origin_south_korea_kospi,195.88656729339445,195.88656729339445
ridge,10,3,2025-01-31,usa_nasdaq_composite_lag_1,124.93407963578339,124.93407963578339
ridge,10,3,2025-01-31,origin_canada_tsx_composite_lundin_mining,108.95951701934294,108.95951701934294
ridge,10,3,2025-01-31,origin_turkey_bist100,13.745666138241187,13.745666138241187
ridge,10,3,2025-01-31,uk_ftse100_antofagasta_lag_3,19.837670436937458,19.837670436937458
ridge,10,3,2025-01-31,origin_japan_nikkei225,75.33463964111495,75.33463964111495
ridge,10,3,2025-01-31,usa_sp500_southern_copper_lag_1,30.89238678210081,30.89238678210081
ridge,10,3,2025-01-31,gold_usd_per_troy_ounce_lag_12,107.58181772397867,107.58181772397867
ridge,10,3,2025-01-31,iron_ore_usd_per_dmtu_lag_6,140.1414134189135,140.1414134189135
ridge,10,3,2025-01-31,target_rolling_mean_3,58.84911904252936,58.84911904252936
ridge,10,3,2025-01-31,germany_dax_lag_1,41.37681094819093,41.37681094819093
ridge,10,3,2025-01-31,turkey_bist100_lag_3,-12.609298441642169,12.609298441642169
ridge,10,3,2025-01-31,iron_ore_usd_per_dmtu_lag_3,118.54872864657672,118.54872864657672
ridge,10,3,2025-01-31,turkey_ppi_basic_metals_index_lag_3,28.00290859713982,28.00290859713982
ridge,10,3,2025-01-31,south_korea_kospi_lag_3,100.71528462669043,100.71528462669043
ridge,10,3,2025-01-31,canada_tsx_composite_lundin_mining_lag_3,18.177782671844223,18.177782671844223
ridge,10,3,2025-01-31,gold_usd_per_troy_ounce_lag_6,140.61646521444138,140.61646521444138
ridge,10,3,2025-01-31,origin_canada_tsx_composite,67.10828972220261,67.10828972220261
elasticnet,10,3,2025-01-31,origin_uk_ftse100_antofagasta,62.25968247642144,62.25968247642144
elasticnet,10,3,2025-01-31,origin_copper_price_usd_per_ton,65.87772350902505,65.87772350902505
elasticnet,10,3,2025-01-31,origin_south_korea_kospi,71.02498611345737,71.02498611345737
elasticnet,10,3,2025-01-31,usa_nasdaq_composite_lag_1,64.038227992887,64.038227992887
elasticnet,10,3,2025-01-31,origin_canada_tsx_composite_lundin_mining,59.27288812517856,59.27288812517856
elasticnet,10,3,2025-01-31,origin_turkey_bist100,30.356082293769703,30.356082293769703
elasticnet,10,3,2025-01-31,uk_ftse100_antofagasta_lag_3,50.24618267117816,50.24618267117816
elasticnet,10,3,2025-01-31,origin_japan_nikkei225,53.83201231824917,53.83201231824917
elasticnet,10,3,2025-01-31,usa_sp500_southern_copper_lag_1,48.525178163139906,48.525178163139906
elasticnet,10,3,2025-01-31,gold_usd_per_troy_ounce_lag_12,59.92255357173856,59.92255357173856
elasticnet,10,3,2025-01-31,iron_ore_usd_per_dmtu_lag_6,63.43293597356402,63.43293597356402
elasticnet,10,3,2025-01-31,target_rolling_mean_3,57.19302173322736,57.19302173322736
elasticnet,10,3,2025-01-31,germany_dax_lag_1,51.45006095424261,51.45006095424261
elasticnet,10,3,2025-01-31,turkey_bist100_lag_3,26.242502922989836,26.242502922989836
elasticnet,10,3,2025-01-31,iron_ore_usd_per_dmtu_lag_3,61.34916746167901,61.34916746167901
elasticnet,10,3,2025-01-31,turkey_ppi_basic_metals_index_lag_3,38.42173719704266,38.42173719704266
elasticnet,10,3,2025-01-31,south_korea_kospi_lag_3,59.219272193919956,59.219272193919956
elasticnet,10,3,2025-01-31,canada_tsx_composite_lundin_mining_lag_3,48.234305313238174,48.234305313238174
elasticnet,10,3,2025-01-31,gold_usd_per_troy_ounce_lag_6,62.89450133746424,62.89450133746424
elasticnet,10,3,2025-01-31,origin_canada_tsx_composite,56.84709025585213,56.84709025585213
ridge,10,3,2025-02-28,origin_uk_ftse100_antofagasta,128.6463257642346,128.6463257642346
ridge,10,3,2025-02-28,origin_copper_price_usd_per_ton,126.17288426458782,126.17288426458782
ridge,10,3,2025-02-28,origin_south_korea_kospi,209.5209617066434,209.5209617066434
ridge,10,3,2025-02-28,origin_usa_nasdaq_composite,130.70978992554532,130.70978992554532
ridge,10,3,2025-02-28,origin_canada_tsx_composite_lundin_mining,109.67082678669927,109.67082678669927
ridge,10,3,2025-02-28,origin_japan_nikkei225,74.43743932554561,74.43743932554561
ridge,10,3,2025-02-28,origin_turkey_bist100,4.909943552865284,4.909943552865284
ridge,10,3,2025-02-28,uk_ftse100_antofagasta_lag_3,25.51604647887598,25.51604647887598
ridge,10,3,2025-02-28,usa_sp500_southern_copper_lag_1,26.277209923112483,26.277209923112483
ridge,10,3,2025-02-28,gold_usd_per_troy_ounce_lag_12,110.32176030329855,110.32176030329855
ridge,10,3,2025-02-28,iron_ore_usd_per_dmtu_lag_6,149.31667677970066,149.31667677970066
ridge,10,3,2025-02-28,germany_dax_lag_1,41.228079919058786,41.228079919058786
ridge,10,3,2025-02-28,target_rolling_mean_3,63.096677368802794,63.096677368802794
ridge,10,3,2025-02-28,usa_nasdaq_composite_lag_6,78.05050777457929,78.05050777457929
ridge,10,3,2025-02-28,south_korea_kospi_lag_3,110.62702235022819,110.62702235022819
ridge,10,3,2025-02-28,turkey_bist100_lag_3,-23.05987793325607,23.05987793325607
ridge,10,3,2025-02-28,canada_tsx_composite_lundin_mining_lag_3,25.43598086920068,25.43598086920068
ridge,10,3,2025-02-28,turkey_ppi_basic_metals_index_lag_3,21.551509343999005,21.551509343999005
ridge,10,3,2025-02-28,gold_usd_per_troy_ounce_lag_6,138.52953529450008,138.52953529450008
ridge,10,3,2025-02-28,origin_canada_tsx_composite,63.73786004570323,63.73786004570323
elasticnet,10,3,2025-02-28,origin_uk_ftse100_antofagasta,62.616557213067104,62.616557213067104
elasticnet,10,3,2025-02-28,origin_copper_price_usd_per_ton,66.42713095088511,66.42713095088511
elasticnet,10,3,2025-02-28,origin_south_korea_kospi,72.63432517934861,72.63432517934861
elasticnet,10,3,2025-02-28,origin_usa_nasdaq_composite,63.982206629473374,63.982206629473374
elasticnet,10,3,2025-02-28,origin_canada_tsx_composite_lundin_mining,59.52956660121347,59.52956660121347
elasticnet,10,3,2025-02-28,origin_japan_nikkei225,53.39757565541208,53.39757565541208
elasticnet,10,3,2025-02-28,origin_turkey_bist100,29.452316379702367,29.452316379702367
elasticnet,10,3,2025-02-28,uk_ftse100_antofagasta_lag_3,50.72098790732488,50.72098790732488
elasticnet,10,3,2025-02-28,usa_sp500_southern_copper_lag_1,47.788419209407415,47.788419209407415
elasticnet,10,3,2025-02-28,gold_usd_per_troy_ounce_lag_12,59.81118962111158,59.81118962111158
elasticnet,10,3,2025-02-28,iron_ore_usd_per_dmtu_lag_6,64.37637694941972,64.37637694941972
elasticnet,10,3,2025-02-28,germany_dax_lag_1,51.12971259201468,51.12971259201468
elasticnet,10,3,2025-02-28,target_rolling_mean_3,57.828959569296174,57.828959569296174
elasticnet,10,3,2025-02-28,usa_nasdaq_composite_lag_6,57.601551736849515,57.601551736849515
elasticnet,10,3,2025-02-28,south_korea_kospi_lag_3,60.692405465096265,60.692405465096265
elasticnet,10,3,2025-02-28,turkey_bist100_lag_3,25.22623869355009,25.22623869355009
elasticnet,10,3,2025-02-28,canada_tsx_composite_lundin_mining_lag_3,49.10165537702081,49.10165537702081
elasticnet,10,3,2025-02-28,turkey_ppi_basic_metals_index_lag_3,37.525591193512234,37.525591193512234
elasticnet,10,3,2025-02-28,gold_usd_per_troy_ounce_lag_6,62.136443092779935,62.136443092779935
elasticnet,10,3,2025-02-28,origin_canada_tsx_composite,56.04419029116564,56.04419029116564
ridge,10,3,2025-03-31,origin_uk_ftse100_antofagasta,129.2757418644194,129.2757418644194
ridge,10,3,2025-03-31,origin_copper_price_usd_per_ton,127.43479139609558,127.43479139609558
ridge,10,3,2025-03-31,origin_south_korea_kospi,211.55660936839328,211.55660936839328
ridge,10,3,2025-03-31,origin_usa_nasdaq_composite,133.04218860005312,133.04218860005312
ridge,10,3,2025-03-31,origin_canada_tsx_composite_lundin_mining,110.88529382595941,110.88529382595941
ridge,10,3,2025-03-31,origin_japan_nikkei225,76.09913708249569,76.09913708249569
ridge,10,3,2025-03-31,usa_sp500_southern_copper_lag_1,28.291943126433882,28.291943126433882
ridge,10,3,2025-03-31,origin_turkey_bist100,6.566626836865966,6.566626836865966
ridge,10,3,2025-03-31,uk_ftse100_antofagasta_lag_3,25.606913753946017,25.606913753946017
ridge,10,3,2025-03-31,gold_usd_per_troy_ounce_lag_12,105.39203374479706,105.39203374479706
ridge,10,3,2025-03-31,germany_dax_lag_1,44.06915899343373,44.06915899343373
ridge,10,3,2025-03-31,target_lag_2,65.44325206502101,65.44325206502101
ridge,10,3,2025-03-31,usa_nasdaq_composite_lag_6,79.61323223324116,79.61323223324116
ridge,10,3,2025-03-31,origin_canada_tsx_composite,65.83636954201857,65.83636954201857
ridge,10,3,2025-03-31,iron_ore_usd_per_dmtu_lag_6,149.73151817046238,149.73151817046238
ridge,10,3,2025-03-31,turkey_bist100_lag_3,-20.515293750048787,20.515293750048787
ridge,10,3,2025-03-31,canada_tsx_composite_lundin_mining_lag_3,25.403658667075554,25.403658667075554
ridge,10,3,2025-03-31,turkey_ppi_basic_metals_index_lag_3,23.44526280282133,23.44526280282133
ridge,10,3,2025-03-31,gold_usd_per_troy_ounce_lag_6,137.48409025251132,137.48409025251132
ridge,10,3,2025-03-31,south_korea_kospi_lag_3,109.98776293196742,109.98776293196742
elasticnet,10,3,2025-03-31,origin_uk_ftse100_antofagasta,63.3490046092854,63.3490046092854
elasticnet,10,3,2025-03-31,origin_copper_price_usd_per_ton,67.12479542211386,67.12479542211386
elasticnet,10,3,2025-03-31,origin_south_korea_kospi,73.16105606077626,73.16105606077626
elasticnet,10,3,2025-03-31,origin_usa_nasdaq_composite,64.45480519653063,64.45480519653063
elasticnet,10,3,2025-03-31,origin_canada_tsx_composite_lundin_mining,60.283719985697786,60.283719985697786
elasticnet,10,3,2025-03-31,origin_japan_nikkei225,54.04023085288414,54.04023085288414
elasticnet,10,3,2025-03-31,usa_sp500_southern_copper_lag_1,48.50252216296611,48.50252216296611
elasticnet,10,3,2025-03-31,origin_turkey_bist100,30.46890216055045,30.46890216055045
elasticnet,10,3,2025-03-31,uk_ftse100_antofagasta_lag_3,51.4245557827214,51.4245557827214
elasticnet,10,3,2025-03-31,gold_usd_per_troy_ounce_lag_12,59.56713341416935,59.56713341416935
elasticnet,10,3,2025-03-31,germany_dax_lag_1,51.79434163263183,51.79434163263183
elasticnet,10,3,2025-03-31,target_lag_2,58.26840799602648,58.26840799602648
elasticnet,10,3,2025-03-31,usa_nasdaq_composite_lag_6,58.08753596696575,58.08753596696575
elasticnet,10,3,2025-03-31,origin_canada_tsx_composite,56.41829177019245,56.41829177019245
elasticnet,10,3,2025-03-31,iron_ore_usd_per_dmtu_lag_6,64.77835725769467,64.77835725769467
elasticnet,10,3,2025-03-31,turkey_bist100_lag_3,26.369121153699982,26.369121153699982
elasticnet,10,3,2025-03-31,canada_tsx_composite_lundin_mining_lag_3,49.7998438960108,49.7998438960108
elasticnet,10,3,2025-03-31,turkey_ppi_basic_metals_index_lag_3,38.40703724564697,38.40703724564697
elasticnet,10,3,2025-03-31,gold_usd_per_troy_ounce_lag_6,62.3439187468493,62.3439187468493
elasticnet,10,3,2025-03-31,south_korea_kospi_lag_3,61.190670183849,61.190670183849
ridge,10,3,2025-04-30,origin_copper_price_usd_per_ton,133.83020084792602,133.83020084792602
ridge,10,3,2025-04-30,origin_uk_ftse100_antofagasta,132.7240545190902,132.7240545190902
ridge,10,3,2025-04-30,origin_south_korea_kospi,216.3293287683707,216.3293287683707
ridge,10,3,2025-04-30,origin_usa_nasdaq_composite,131.5177399618486,131.5177399618486
ridge,10,3,2025-04-30,origin_canada_tsx_composite_lundin_mining,112.20990583743514,112.20990583743514
ridge,10,3,2025-04-30,origin_japan_nikkei225,75.14540988728248,75.14540988728248
ridge,10,3,2025-04-30,usa_sp500_southern_copper_lag_1,29.909694935717614,29.909694935717614
ridge,10,3,2025-04-30,uk_ftse100_antofagasta_lag_3,31.66826050600738,31.66826050600738
ridge,10,3,2025-04-30,origin_turkey_bist100,5.022492086991336,5.022492086991336
ridge,10,3,2025-04-30,shfe_pre_settlement_cny_per_ton_lag_1,33.315776777868216,33.315776777868216
ridge,10,3,2025-04-30,gold_usd_per_troy_ounce_lag_12,103.1599213109875,103.1599213109875
ridge,10,3,2025-04-30,germany_dax_lag_1,41.059997915456556,41.059997915456556
ridge,10,3,2025-04-30,usa_nasdaq_composite_lag_6,82.82245723452601,82.82245723452601
ridge,10,3,2025-04-30,origin_canada_tsx_composite,66.65020519584957,66.65020519584957
ridge,10,3,2025-04-30,canada_tsx_composite_lundin_mining_lag_3,29.017045664140383,29.017045664140383
ridge,10,3,2025-04-30,south_korea_kospi_lag_3,118.50733406363082,118.50733406363082
ridge,10,3,2025-04-30,iron_ore_usd_per_dmtu_lag_6,157.8171062254797,157.8171062254797
ridge,10,3,2025-04-30,gold_usd_per_troy_ounce_lag_6,135.07385617090512,135.07385617090512
ridge,10,3,2025-04-30,turkey_bist100_lag_3,-20.539413068146995,20.539413068146995
ridge,10,3,2025-04-30,turkey_ppi_basic_metals_index_lag_3,25.481443289335154,25.481443289335154
elasticnet,10,3,2025-04-30,origin_copper_price_usd_per_ton,68.05979585554665,68.05979585554665
elasticnet,10,3,2025-04-30,origin_uk_ftse100_antofagasta,63.89149712816996,63.89149712816996
elasticnet,10,3,2025-04-30,origin_south_korea_kospi,74.14955359843,74.14955359843
elasticnet,10,3,2025-04-30,origin_usa_nasdaq_composite,64.27545046782801,64.27545046782801
elasticnet,10,3,2025-04-30,origin_canada_tsx_composite_lundin_mining,60.79882102453245,60.79882102453245
elasticnet,10,3,2025-04-30,origin_japan_nikkei225,53.82531653005777,53.82531653005777
elasticnet,10,3,2025-04-30,usa_sp500_southern_copper_lag_1,48.64066742944808,48.64066742944808
elasticnet,10,3,2025-04-30,uk_ftse100_antofagasta_lag_3,52.21255962555179,52.21255962555179
elasticnet,10,3,2025-04-30,origin_turkey_bist100,30.230367155022215,30.230367155022215
elasticnet,10,3,2025-04-30,shfe_pre_settlement_cny_per_ton_lag_1,53.10040853564175,53.10040853564175
elasticnet,10,3,2025-04-30,gold_usd_per_troy_ounce_lag_12,59.050871670774434,59.050871670774434
elasticnet,10,3,2025-04-30,germany_dax_lag_1,51.11728314329272,51.11728314329272
elasticnet,10,3,2025-04-30,usa_nasdaq_composite_lag_6,58.31500844392385,58.31500844392385
elasticnet,10,3,2025-04-30,origin_canada_tsx_composite,56.26355226380611,56.26355226380611
elasticnet,10,3,2025-04-30,canada_tsx_composite_lundin_mining_lag_3,50.51614272387893,50.51614272387893
elasticnet,10,3,2025-04-30,south_korea_kospi_lag_3,62.702024079802,62.702024079802
elasticnet,10,3,2025-04-30,iron_ore_usd_per_dmtu_lag_6,66.01990110630919,66.01990110630919
elasticnet,10,3,2025-04-30,gold_usd_per_troy_ounce_lag_6,61.9090407213951,61.9090407213951
elasticnet,10,3,2025-04-30,turkey_bist100_lag_3,26.363692146308807,26.363692146308807
elasticnet,10,3,2025-04-30,turkey_ppi_basic_metals_index_lag_3,38.431938193492705,38.431938193492705
ridge,10,3,2025-05-31,origin_copper_price_usd_per_ton,147.31047849239437,147.31047849239437
ridge,10,3,2025-05-31,origin_uk_ftse100_antofagasta,135.1493104154532,135.1493104154532
ridge,10,3,2025-05-31,origin_south_korea_kospi,232.52455273083507,232.52455273083507
ridge,10,3,2025-05-31,origin_usa_nasdaq_composite,141.67202637737486,141.67202637737486
ridge,10,3,2025-05-31,origin_canada_tsx_composite_lundin_mining,107.3141473435768,107.3141473435768
ridge,10,3,2025-05-31,origin_japan_nikkei225,76.98097376291435,76.98097376291435
ridge,10,3,2025-05-31,usa_sp500_southern_copper_lag_1,18.973633627110342,18.973633627110342
ridge,10,3,2025-05-31,uk_ftse100_antofagasta_lag_3,38.13900583022797,38.13900583022797
ridge,10,3,2025-05-31,shfe_pre_settlement_cny_per_ton_lag_1,43.811231880712604,43.811231880712604
ridge,10,3,2025-05-31,origin_turkey_bist100,-6.9108251704506065,6.9108251704506065
ridge,10,3,2025-05-31,gold_usd_per_troy_ounce_lag_12,114.68336568216031,114.68336568216031
ridge,10,3,2025-05-31,germany_dax_lag_1,42.319032216187495,42.319032216187495
ridge,10,3,2025-05-31,usa_nasdaq_composite_lag_6,102.8702470438862,102.8702470438862
ridge,10,3,2025-05-31,origin_canada_tsx_composite,73.39008289594729,73.39008289594729
ridge,10,3,2025-05-31,gold_usd_per_troy_ounce_lag_6,146.74143834390824,146.74143834390824
ridge,10,3,2025-05-31,origin_canada_tsx_composite_capstone_copper,47.38705610002846,47.38705610002846
ridge,10,3,2025-05-31,canada_tsx_composite_lundin_mining_lag_3,28.500073286955207,28.500073286955207
ridge,10,3,2025-05-31,turkey_bist100_lag_3,-38.817582244553364,38.817582244553364
ridge,10,3,2025-05-31,turkey_eur_try_monthly_average_lag_3,21.656526856920856,21.656526856920856
ridge,10,3,2025-05-31,south_korea_kospi_lag_3,137.52666639633253,137.52666639633253
elasticnet,10,3,2025-05-31,origin_copper_price_usd_per_ton,69.34591506197853,69.34591506197853
elasticnet,10,3,2025-05-31,origin_uk_ftse100_antofagasta,64.10944685100331,64.10944685100331
elasticnet,10,3,2025-05-31,origin_south_korea_kospi,75.83346526346399,75.83346526346399
elasticnet,10,3,2025-05-31,origin_usa_nasdaq_composite,64.52769677338398,64.52769677338398
elasticnet,10,3,2025-05-31,origin_canada_tsx_composite_lundin_mining,60.69329652019669,60.69329652019669
elasticnet,10,3,2025-05-31,origin_japan_nikkei225,53.627062900728546,53.627062900728546
elasticnet,10,3,2025-05-31,usa_sp500_southern_copper_lag_1,47.90292798214881,47.90292798214881
elasticnet,10,3,2025-05-31,uk_ftse100_antofagasta_lag_3,52.83001517669337,52.83001517669337
elasticnet,10,3,2025-05-31,shfe_pre_settlement_cny_per_ton_lag_1,54.13216623680481,54.13216623680481
elasticnet,10,3,2025-05-31,origin_turkey_bist100,29.021507501503745,29.021507501503745
elasticnet,10,3,2025-05-31,gold_usd_per_troy_ounce_lag_12,59.36091754123273,59.36091754123273
elasticnet,10,3,2025-05-31,germany_dax_lag_1,50.521108498644104,50.521108498644104
elasticnet,10,3,2025-05-31,usa_nasdaq_composite_lag_6,59.607779655710885,59.607779655710885
elasticnet,10,3,2025-05-31,origin_canada_tsx_composite,56.29244415115838,56.29244415115838
elasticnet,10,3,2025-05-31,gold_usd_per_troy_ounce_lag_6,62.25345732552275,62.25345732552275
elasticnet,10,3,2025-05-31,origin_canada_tsx_composite_capstone_copper,50.89975261788378,50.89975261788378
elasticnet,10,3,2025-05-31,canada_tsx_composite_lundin_mining_lag_3,50.865055672449124,50.865055672449124
elasticnet,10,3,2025-05-31,turkey_bist100_lag_3,24.911958927388334,24.911958927388334
elasticnet,10,3,2025-05-31,turkey_eur_try_monthly_average_lag_3,37.265801506232606,37.265801506232606
elasticnet,10,3,2025-05-31,south_korea_kospi_lag_3,64.47084853098563,64.47084853098563
ridge,10,3,2025-06-30,origin_copper_price_usd_per_ton,143.63128119713502,143.63128119713502
ridge,10,3,2025-06-30,origin_uk_ftse100_antofagasta,132.3884118035848,132.3884118035848
ridge,10,3,2025-06-30,origin_south_korea_kospi,236.59008217399875,236.59008217399875
ridge,10,3,2025-06-30,origin_usa_nasdaq_composite,136.6976808321771,136.6976808321771
ridge,10,3,2025-06-30,origin_canada_tsx_composite_lundin_mining,102.99968439812102,102.99968439812102
ridge,10,3,2025-06-30,origin_germany_dax,51.43220308080852,51.43220308080852
ridge,10,3,2025-06-30,shfe_pre_settlement_cny_per_ton_lag_1,42.465340009172856,42.465340009172856
ridge,10,3,2025-06-30,usa_sp500_southern_copper_lag_1,15.862704629939014,15.862704629939014
ridge,10,3,2025-06-30,japan_nikkei225_lag_1,56.87868601961788,56.87868601961788
ridge,10,3,2025-06-30,uk_ftse100_antofagasta_lag_3,45.934287560299104,45.934287560299104
ridge,10,3,2025-06-30,origin_turkey_bist100,-13.08236268518377,13.08236268518377
ridge,10,3,2025-06-30,gold_usd_per_troy_ounce_lag_12,100.76921272021535,100.76921272021535
ridge,10,3,2025-06-30,usa_nasdaq_composite_lag_6,97.0580097139724,97.0580097139724
ridge,10,3,2025-06-30,origin_canada_tsx_composite_capstone_copper,38.96044989441332,38.96044989441332
ridge,10,3,2025-06-30,gold_usd_per_troy_ounce_lag_6,133.06782424178266,133.06782424178266
ridge,10,3,2025-06-30,origin_hong_kong_hang_seng_zijin_mining,87.31736512308166,87.31736512308166
ridge,10,3,2025-06-30,silver_usd_per_troy_ounce_lag_6,127.72266007715281,127.72266007715281
ridge,10,3,2025-06-30,origin_aluminum_cash_usd_per_ton,90.85046834475985,90.85046834475985
ridge,10,3,2025-06-30,turkey_bist100_lag_3,-41.987332476829046,41.987332476829046
ridge,10,3,2025-06-30,canada_tsx_composite_lundin_mining_lag_3,32.95253740781205,32.95253740781205
elasticnet,10,3,2025-06-30,origin_copper_price_usd_per_ton,68.51465257493892,68.51465257493892
elasticnet,10,3,2025-06-30,origin_uk_ftse100_antofagasta,63.573155016068235,63.573155016068235
elasticnet,10,3,2025-06-30,origin_south_korea_kospi,74.95162535818042,74.95162535818042
elasticnet,10,3,2025-06-30,origin_usa_nasdaq_composite,63.86627430007887,63.86627430007887
elasticnet,10,3,2025-06-30,origin_canada_tsx_composite_lundin_mining,60.014582661570344,60.014582661570344
elasticnet,10,3,2025-06-30,origin_germany_dax,50.91847386969009,50.91847386969009
elasticnet,10,3,2025-06-30,shfe_pre_settlement_cny_per_ton_lag_1,53.804599629597995,53.804599629597995
elasticnet,10,3,2025-06-30,usa_sp500_southern_copper_lag_1,47.636794634072324,47.636794634072324
elasticnet,10,3,2025-06-30,japan_nikkei225_lag_1,51.44861980958739,51.44861980958739
elasticnet,10,3,2025-06-30,uk_ftse100_antofagasta_lag_3,52.99576101660097,52.99576101660097
elasticnet,10,3,2025-06-30,origin_turkey_bist100,29.549000082389664,29.549000082389664
elasticnet,10,3,2025-06-30,gold_usd_per_troy_ounce_lag_12,57.89614226916831,57.89614226916831
elasticnet,10,3,2025-06-30,usa_nasdaq_composite_lag_6,59.12335096688384,59.12335096688384
elasticnet,10,3,2025-06-30,origin_canada_tsx_composite_capstone_copper,50.44433894428369,50.44433894428369
elasticnet,10,3,2025-06-30,gold_usd_per_troy_ounce_lag_6,61.206928774581286,61.206928774581286
elasticnet,10,3,2025-06-30,origin_hong_kong_hang_seng_zijin_mining,57.59221488071375,57.59221488071375
elasticnet,10,3,2025-06-30,silver_usd_per_troy_ounce_lag_6,62.10750291728094,62.10750291728094
elasticnet,10,3,2025-06-30,origin_aluminum_cash_usd_per_ton,57.37673843003122,57.37673843003122
elasticnet,10,3,2025-06-30,turkey_bist100_lag_3,25.731885677013413,25.731885677013413
elasticnet,10,3,2025-06-30,canada_tsx_composite_lundin_mining_lag_3,50.71585819638416,50.71585819638416
ridge,10,3,2025-07-31,origin_copper_price_usd_per_ton,161.26361651172124,161.26361651172124
ridge,10,3,2025-07-31,origin_uk_ftse100_antofagasta,135.70690186141795,135.70690186141795
ridge,10,3,2025-07-31,origin_usa_nasdaq_composite,135.17780134469743,135.17780134469743
ridge,10,3,2025-07-31,origin_south_korea_kospi,249.55354541323175,249.55354541323175
ridge,10,3,2025-07-31,origin_canada_tsx_composite_lundin_mining,109.27413700559774,109.27413700559774
ridge,10,3,2025-07-31,origin_germany_dax,52.52392884556608,52.52392884556608
ridge,10,3,2025-07-31,shfe_settlement_cny_per_ton_lag_1,55.145841634861995,55.145841634861995
ridge,10,3,2025-07-31,japan_nikkei225_lag_1,55.34039155267029,55.34039155267029
ridge,10,3,2025-07-31,gold_usd_per_troy_ounce_lag_12,105.13610834288164,105.13610834288164
ridge,10,3,2025-07-31,usa_sp500_southern_copper_lag_1,17.82500430093254,17.82500430093254
ridge,10,3,2025-07-31,uk_ftse100_antofagasta_lag_3,53.10252411144691,53.10252411144691
ridge,10,3,2025-07-31,origin_turkey_bist100,-21.898322693769295,21.898322693769295
ridge,10,3,2025-07-31,usa_nasdaq_composite_lag_6,109.38081576989717,109.38081576989717
ridge,10,3,2025-07-31,origin_canada_tsx_composite_capstone_copper,46.45325310169762,46.45325310169762
ridge,10,3,2025-07-31,gold_usd_per_troy_ounce_lag_6,132.82473932055606,132.82473932055606
ridge,10,3,2025-07-31,origin_hong_kong_hang_seng_zijin_mining,88.05872551677545,88.05872551677545
ridge,10,3,2025-07-31,silver_usd_per_troy_ounce_lag_6,136.14531502210164,136.14531502210164
ridge,10,3,2025-07-31,japan_nikkei225_lag_3,30.602608119833246,30.602608119833246
ridge,10,3,2025-07-31,turkey_bist100_lag_3,-49.46723526073737,49.46723526073737
ridge,10,3,2025-07-31,turkey_eur_try_monthly_average_lag_3,5.648636034220967,5.648636034220967
elasticnet,10,3,2025-07-31,origin_copper_price_usd_per_ton,71.17158661256678,71.17158661256678
elasticnet,10,3,2025-07-31,origin_uk_ftse100_antofagasta,64.43280711308991,64.43280711308991
elasticnet,10,3,2025-07-31,origin_usa_nasdaq_composite,64.2282622662089,64.2282622662089
elasticnet,10,3,2025-07-31,origin_south_korea_kospi,78.09602841651463,78.09602841651463
elasticnet,10,3,2025-07-31,origin_canada_tsx_composite_lundin_mining,61.54972870128637,61.54972870128637
elasticnet,10,3,2025-07-31,origin_germany_dax,50.85324565201687,50.85324565201687
elasticnet,10,3,2025-07-31,shfe_settlement_cny_per_ton_lag_1,55.6354141222252,55.6354141222252
elasticnet,10,3,2025-07-31,japan_nikkei225_lag_1,51.31968488797892,51.31968488797892
elasticnet,10,3,2025-07-31,gold_usd_per_troy_ounce_lag_12,58.46042778197666,58.46042778197666
elasticnet,10,3,2025-07-31,usa_sp500_southern_copper_lag_1,47.9713941691844,47.9713941691844
elasticnet,10,3,2025-07-31,uk_ftse100_antofagasta_lag_3,54.404327723988175,54.404327723988175
elasticnet,10,3,2025-07-31,origin_turkey_bist100,27.84838665544872,27.84838665544872
elasticnet,10,3,2025-07-31,usa_nasdaq_composite_lag_6,60.48821424365039,60.48821424365039
elasticnet,10,3,2025-07-31,origin_canada_tsx_composite_capstone_copper,51.127767874208295,51.127767874208295
elasticnet,10,3,2025-07-31,gold_usd_per_troy_ounce_lag_6,61.00995201565166,61.00995201565166
elasticnet,10,3,2025-07-31,origin_hong_kong_hang_seng_zijin_mining,57.812211754824695,57.812211754824695
elasticnet,10,3,2025-07-31,silver_usd_per_troy_ounce_lag_6,63.216230866273975,63.216230866273975
elasticnet,10,3,2025-07-31,japan_nikkei225_lag_3,47.70745736231454,47.70745736231454
elasticnet,10,3,2025-07-31,turkey_bist100_lag_3,24.227496486016857,24.227496486016857
elasticnet,10,3,2025-07-31,turkey_eur_try_monthly_average_lag_3,35.82199855731798,35.82199855731798
ridge,10,3,2025-08-31,origin_copper_price_usd_per_ton,162.6563455774883,162.6563455774883
ridge,10,3,2025-08-31,origin_uk_ftse100_antofagasta,136.40115117408322,136.40115117408322
ridge,10,3,2025-08-31,origin_usa_nasdaq_composite,134.27919057404978,134.27919057404978
ridge,10,3,2025-08-31,origin_south_korea_kospi,251.55227112302097,251.55227112302097
ridge,10,3,2025-08-31,origin_germany_dax,45.491380822170726,45.491380822170726
ridge,10,3,2025-08-31,origin_canada_tsx_composite_lundin_mining,108.47253054051161,108.47253054051161
ridge,10,3,2025-08-31,shfe_settlement_cny_per_ton_lag_1,59.44623794861828,59.44623794861828
ridge,10,3,2025-08-31,japan_nikkei225_lag_1,59.91186054561363,59.91186054561363
ridge,10,3,2025-08-31,gold_usd_per_troy_ounce_lag_12,104.3897245537515,104.3897245537515
ridge,10,3,2025-08-31,usa_sp500_southern_copper_lag_1,19.84167186379261,19.84167186379261
ridge,10,3,2025-08-31,uk_ftse100_antofagasta_lag_3,55.37573220209204,55.37573220209204
ridge,10,3,2025-08-31,origin_canada_tsx_composite_capstone_copper,50.97766672042256,50.97766672042256
ridge,10,3,2025-08-31,origin_turkey_bist100,-21.297116404652524,21.297116404652524
ridge,10,3,2025-08-31,usa_nasdaq_composite_lag_6,106.2669222569552,106.2669222569552
ridge,10,3,2025-08-31,silver_usd_per_troy_ounce_lag_6,134.86163236922377,134.86163236922377
ridge,10,3,2025-08-31,gold_usd_per_troy_ounce_lag_6,128.1608009008825,128.1608009008825
ridge,10,3,2025-08-31,origin_hong_kong_hang_seng_zijin_mining,86.93462684562479,86.93462684562479
ridge,10,3,2025-08-31,japan_nikkei225_lag_3,31.009684916487565,31.009684916487565
ridge,10,3,2025-08-31,turkey_eur_try_monthly_average_lag_3,4.694397168818562,4.694397168818562
ridge,10,3,2025-08-31,turkey_bist100_lag_3,-49.34261096977243,49.34261096977243
elasticnet,10,3,2025-08-31,origin_copper_price_usd_per_ton,71.34475241369942,71.34475241369942
elasticnet,10,3,2025-08-31,origin_uk_ftse100_antofagasta,64.57392458633214,64.57392458633214
elasticnet,10,3,2025-08-31,origin_usa_nasdaq_composite,64.0705404126885,64.0705404126885
elasticnet,10,3,2025-08-31,origin_south_korea_kospi,78.25614242457088,78.25614242457088
elasticnet,10,3,2025-08-31,origin_germany_dax,49.77721420965825,49.77721420965825
elasticnet,10,3,2025-08-31,origin_canada_tsx_composite_lundin_mining,61.57321969792174,61.57321969792174
elasticnet,10,3,2025-08-31,shfe_settlement_cny_per_ton_lag_1,56.251665896412746,56.251665896412746
elasticnet,10,3,2025-08-31,japan_nikkei225_lag_1,51.82874770231931,51.82874770231931
elasticnet,10,3,2025-08-31,gold_usd_per_troy_ounce_lag_12,58.41386447983,58.41386447983
elasticnet,10,3,2025-08-31,usa_sp500_southern_copper_lag_1,48.277018241612026,48.277018241612026
elasticnet,10,3,2025-08-31,uk_ftse100_antofagasta_lag_3,54.74419472195342,54.74419472195342
elasticnet,10,3,2025-08-31,origin_canada_tsx_composite_capstone_copper,51.6687257624368,51.6687257624368
elasticnet,10,3,2025-08-31,origin_turkey_bist100,28.327864109148795,28.327864109148795
elasticnet,10,3,2025-08-31,usa_nasdaq_composite_lag_6,60.019575794483174,60.019575794483174
elasticnet,10,3,2025-08-31,silver_usd_per_troy_ounce_lag_6,62.92802717031792,62.92802717031792
elasticnet,10,3,2025-08-31,gold_usd_per_troy_ounce_lag_6,60.22076816999961,60.22076816999961
elasticnet,10,3,2025-08-31,origin_hong_kong_hang_seng_zijin_mining,57.715970509503045,57.715970509503045
elasticnet,10,3,2025-08-31,japan_nikkei225_lag_3,47.84597734966659,47.84597734966659
elasticnet,10,3,2025-08-31,turkey_eur_try_monthly_average_lag_3,35.96469869776838,35.96469869776838
elasticnet,10,3,2025-08-31,turkey_bist100_lag_3,24.73956596246476,24.73956596246476
ridge,10,3,2025-09-30,origin_copper_price_usd_per_ton,163.44941595672438,163.44941595672438
ridge,10,3,2025-09-30,origin_uk_ftse100_antofagasta,137.62915685704237,137.62915685704237
ridge,10,3,2025-09-30,origin_usa_nasdaq_composite,132.1692823818241,132.1692823818241
ridge,10,3,2025-09-30,origin_south_korea_kospi,248.10302358817776,248.10302358817776
ridge,10,3,2025-09-30,origin_germany_dax,38.83030901301808,38.83030901301808
ridge,10,3,2025-09-30,shfe_settlement_cny_per_ton_lag_1,65.86465695180952,65.86465695180952
ridge,10,3,2025-09-30,origin_canada_tsx_composite_lundin_mining,105.47265825885839,105.47265825885839
ridge,10,3,2025-09-30,gold_usd_per_troy_ounce_lag_12,106.19333280727598,106.19333280727598
ridge,10,3,2025-09-30,japan_nikkei225_lag_1,63.020861216718664,63.020861216718664
ridge,10,3,2025-09-30,silver_usd_per_troy_ounce_lag_6,135.0394007856852,135.0394007856852
ridge,10,3,2025-09-30,origin_canada_tsx_composite_capstone_copper,54.63683139495173,54.63683139495173
ridge,10,3,2025-09-30,usa_sp500_southern_copper_lag_1,21.545859246441353,21.545859246441353
ridge,10,3,2025-09-30,uk_ftse100_antofagasta_lag_3,59.309600200368,59.309600200368
ridge,10,3,2025-09-30,usa_nasdaq_composite_lag_6,101.8858355745502,101.8858355745502
ridge,10,3,2025-09-30,origin_turkey_bist100,-20.941769301037837,20.941769301037837
ridge,10,3,2025-09-30,gold_usd_per_troy_ounce_lag_6,124.02110175389029,124.02110175389029
ridge,10,3,2025-09-30,japan_nikkei225_lag_3,33.685440783661264,33.685440783661264
ridge,10,3,2025-09-30,origin_hong_kong_hang_seng_zijin_mining,84.99325236594122,84.99325236594122
ridge,10,3,2025-09-30,turkey_bist100_lag_3,-49.81210127422621,49.81210127422621
ridge,10,3,2025-09-30,turkey_eur_try_monthly_average_lag_3,2.2539651185322405,2.2539651185322405
elasticnet,10,3,2025-09-30,origin_copper_price_usd_per_ton,71.22890499081238,71.22890499081238
elasticnet,10,3,2025-09-30,origin_uk_ftse100_antofagasta,64.50653843253814,64.50653843253814
elasticnet,10,3,2025-09-30,origin_usa_nasdaq_composite,63.66849084072369,63.66849084072369
elasticnet,10,3,2025-09-30,origin_south_korea_kospi,77.76084248852125,77.76084248852125
elasticnet,10,3,2025-09-30,origin_germany_dax,48.93823030236409,48.93823030236409
elasticnet,10,3,2025-09-30,shfe_settlement_cny_per_ton_lag_1,57.044147261063024,57.044147261063024
elasticnet,10,3,2025-09-30,origin_canada_tsx_composite_lundin_mining,61.14759835790759,61.14759835790759
elasticnet,10,3,2025-09-30,gold_usd_per_troy_ounce_lag_12,58.78611696072185,58.78611696072185
elasticnet,10,3,2025-09-30,japan_nikkei225_lag_1,52.18432090017139,52.18432090017139
elasticnet,10,3,2025-09-30,silver_usd_per_troy_ounce_lag_6,62.84528165499722,62.84528165499722
elasticnet,10,3,2025-09-30,origin_canada_tsx_composite_capstone_copper,52.02275813589841,52.02275813589841
elasticnet,10,3,2025-09-30,usa_sp500_southern_copper_lag_1,48.398818619777884,48.398818619777884
elasticnet,10,3,2025-09-30,uk_ftse100_antofagasta_lag_3,55.13376730157182,55.13376730157182
elasticnet,10,3,2025-09-30,usa_nasdaq_composite_lag_6,59.43153637684208,59.43153637684208
elasticnet,10,3,2025-09-30,origin_turkey_bist100,28.844978135422362,28.844978135422362
elasticnet,10,3,2025-09-30,gold_usd_per_troy_ounce_lag_6,59.62398488471795,59.62398488471795
elasticnet,10,3,2025-09-30,japan_nikkei225_lag_3,48.18739198880625,48.18739198880625
elasticnet,10,3,2025-09-30,origin_hong_kong_hang_seng_zijin_mining,57.47068240976378,57.47068240976378
elasticnet,10,3,2025-09-30,turkey_bist100_lag_3,25.347981263856653,25.347981263856653
elasticnet,10,3,2025-09-30,turkey_eur_try_monthly_average_lag_3,36.0997962633324,36.0997962633324
ridge,10,3,2025-10-31,origin_copper_price_usd_per_ton,562.948589805134,562.948589805134
ridge,10,3,2025-10-31,origin_uk_ftse100_antofagasta,629.8325534062554,629.8325534062554
ridge,10,3,2025-10-31,origin_usa_nasdaq_composite,467.59053776020954,467.59053776020954
ridge,10,3,2025-10-31,origin_south_korea_kospi,649.3386276380835,649.3386276380835
ridge,10,3,2025-10-31,shfe_settlement_cny_per_ton_lag_1,-322.40253969629083,322.40253969629083
ridge,10,3,2025-10-31,origin_germany_dax,-441.06913944249277,441.06913944249277
ridge,10,3,2025-10-31,gold_usd_per_troy_ounce_lag_12,330.6732966594095,330.6732966594095
ridge,10,3,2025-10-31,origin_canada_tsx_composite_lundin_mining,-340.96514863719057,340.96514863719057
ridge,10,3,2025-10-31,japan_nikkei225_lag_1,-2.7400973315664934,2.7400973315664934
ridge,10,3,2025-10-31,silver_usd_per_troy_ounce_lag_6,264.0822375637894,264.0822375637894
ridge,10,3,2025-10-31,origin_canada_tsx_composite_capstone_copper,138.88760704580707,138.88760704580707
ridge,10,3,2025-10-31,usa_nasdaq_composite_lag_6,-135.67096114540243,135.67096114540243
ridge,10,3,2025-10-31,uk_ftse100_antofagasta_lag_3,28.175208487606234,28.175208487606234
ridge,10,3,2025-10-31,origin_turkey_bist100,374.29610515788363,374.29610515788363
ridge,10,3,2025-10-31,gold_usd_per_troy_ounce_lag_6,634.5303315747376,634.5303315747376
ridge,10,3,2025-10-31,japan_nikkei225_lag_3,-231.6424753126107,231.6424753126107
ridge,10,3,2025-10-31,origin_hong_kong_hang_seng_zijin_mining,-581.8089932380966,581.8089932380966
ridge,10,3,2025-10-31,hong_kong_hang_seng_zijin_mining_lag_3,-197.3790023072642,197.3790023072642
ridge,10,3,2025-10-31,china_refined_copper_production_ton_lag_12,-12.970518243791542,12.970518243791542
ridge,10,3,2025-10-31,uk_ftse100_antofagasta_lag_6,24.043354023800127,24.043354023800127
elasticnet,10,3,2025-10-31,origin_copper_price_usd_per_ton,88.87753347753933,88.87753347753933
elasticnet,10,3,2025-10-31,origin_uk_ftse100_antofagasta,79.14330905036074,79.14330905036074
elasticnet,10,3,2025-10-31,origin_usa_nasdaq_composite,75.67377543126975,75.67377543126975
elasticnet,10,3,2025-10-31,origin_south_korea_kospi,104.94072970552408,104.94072970552408
elasticnet,10,3,2025-10-31,shfe_settlement_cny_per_ton_lag_1,65.72904052870278,65.72904052870278
elasticnet,10,3,2025-10-31,origin_germany_dax,53.089411036983535,53.089411036983535
elasticnet,10,3,2025-10-31,gold_usd_per_troy_ounce_lag_12,69.81998056678145,69.81998056678145
elasticnet,10,3,2025-10-31,origin_canada_tsx_composite_lundin_mining,74.6240418561561,74.6240418561561
elasticnet,10,3,2025-10-31,japan_nikkei225_lag_1,58.20339734236528,58.20339734236528
elasticnet,10,3,2025-10-31,silver_usd_per_troy_ounce_lag_6,76.17144887020861,76.17144887020861
elasticnet,10,3,2025-10-31,origin_canada_tsx_composite_capstone_copper,57.8292414498135,57.8292414498135
elasticnet,10,3,2025-10-31,usa_nasdaq_composite_lag_6,68.40986506787297,68.40986506787297
elasticnet,10,3,2025-10-31,uk_ftse100_antofagasta_lag_3,61.35515626825087,61.35515626825087
elasticnet,10,3,2025-10-31,origin_turkey_bist100,25.36976020085873,25.36976020085873
elasticnet,10,3,2025-10-31,gold_usd_per_troy_ounce_lag_6,70.4204428732123,70.4204428732123
elasticnet,10,3,2025-10-31,japan_nikkei225_lag_3,51.24958853544719,51.24958853544719
elasticnet,10,3,2025-10-31,origin_hong_kong_hang_seng_zijin_mining,66.16149616855024,66.16149616855024
elasticnet,10,3,2025-10-31,hong_kong_hang_seng_zijin_mining_lag_3,58.776879556891565,58.776879556891565
elasticnet,10,3,2025-10-31,china_refined_copper_production_ton_lag_12,40.641321593401386,40.641321593401386
elasticnet,10,3,2025-10-31,uk_ftse100_antofagasta_lag_6,59.53163243445152,59.53163243445152
ridge,10,3,2025-11-30,origin_copper_price_usd_per_ton,163.3652366368233,163.3652366368233
ridge,10,3,2025-11-30,origin_uk_ftse100_antofagasta,131.50264489291573,131.50264489291573
ridge,10,3,2025-11-30,origin_south_korea_kospi,240.32326079535346,240.32326079535346
ridge,10,3,2025-11-30,origin_usa_nasdaq_composite,115.92289430512938,115.92289430512938
ridge,10,3,2025-11-30,shfe_close_cny_per_ton_lag_1,76.67184208460755,76.67184208460755
ridge,10,3,2025-11-30,gold_usd_per_troy_ounce_lag_12,108.46950715947929,108.46950715947929
ridge,10,3,2025-11-30,origin_germany_dax,19.678853535233678,19.678853535233678
ridge,10,3,2025-11-30,origin_canada_tsx_composite_lundin_mining,94.94072942722525,94.94072942722525
ridge,10,3,2025-11-30,japan_nikkei225_lag_1,54.74729613516584,54.74729613516584
ridge,10,3,2025-11-30,silver_usd_per_troy_ounce_lag_6,125.12379073105171,125.12379073105171
ridge,10,3,2025-11-30,origin_canada_tsx_composite_capstone_copper,46.858048190339375,46.858048190339375
ridge,10,3,2025-11-30,usa_nasdaq_composite_lag_6,87.4422799413914,87.4422799413914
ridge,10,3,2025-11-30,origin_turkey_bist100,-33.71286840265276,33.71286840265276
ridge,10,3,2025-11-30,gold_usd_per_troy_ounce_lag_6,103.31806303853593,103.31806303853593
ridge,10,3,2025-11-30,uk_ftse100_antofagasta_lag_3,51.74576533941607,51.74576533941607
ridge,10,3,2025-11-30,japan_nikkei225_lag_3,30.656834747801714,30.656834747801714
ridge,10,3,2025-11-30,origin_hong_kong_hang_seng_zijin_mining,69.98170247785542,69.98170247785542
ridge,10,3,2025-11-30,china_refined_copper_production_ton_lag_12,15.060312884816481,15.060312884816481
ridge,10,3,2025-11-30,hong_kong_hang_seng_zijin_mining_lag_3,46.07051494303667,46.07051494303667
ridge,10,3,2025-11-30,silver_usd_per_troy_ounce_lag_3,88.17851934287656,88.17851934287656
elasticnet,10,3,2025-11-30,origin_copper_price_usd_per_ton,75.12273990081722,75.12273990081722
elasticnet,10,3,2025-11-30,origin_uk_ftse100_antofagasta,68.00323443178841,68.00323443178841
elasticnet,10,3,2025-11-30,origin_south_korea_kospi,82.62910506688527,82.62910506688527
elasticnet,10,3,2025-11-30,origin_usa_nasdaq_composite,65.84454479158558,65.84454479158558
elasticnet,10,3,2025-11-30,shfe_close_cny_per_ton_lag_1,61.31457906084478,61.31457906084478
elasticnet,10,3,2025-11-30,gold_usd_per_troy_ounce_lag_12,63.264729330070956,63.264729330070956
elasticnet,10,3,2025-11-30,origin_germany_dax,49.679732003516946,49.679732003516946
elasticnet,10,3,2025-11-30,origin_canada_tsx_composite_lundin_mining,63.639606277907205,63.639606277907205
elasticnet,10,3,2025-11-30,japan_nikkei225_lag_1,54.50069561131864,54.50069561131864
elasticnet,10,3,2025-11-30,silver_usd_per_troy_ounce_lag_6,65.88731665817174,65.88731665817174
elasticnet,10,3,2025-11-30,origin_canada_tsx_composite_capstone_copper,54.2922804526161,54.2922804526161
elasticnet,10,3,2025-11-30,usa_nasdaq_composite_lag_6,61.14461663729431,61.14461663729431
elasticnet,10,3,2025-11-30,origin_turkey_bist100,30.693169487270065,30.693169487270065
elasticnet,10,3,2025-11-30,gold_usd_per_troy_ounce_lag_6,61.35073530274199,61.35073530274199
elasticnet,10,3,2025-11-30,uk_ftse100_antofagasta_lag_3,56.58555841235655,56.58555841235655
elasticnet,10,3,2025-11-30,japan_nikkei225_lag_3,50.426925238324564,50.426925238324564
elasticnet,10,3,2025-11-30,origin_hong_kong_hang_seng_zijin_mining,59.39120170645758,59.39120170645758
elasticnet,10,3,2025-11-30,china_refined_copper_production_ton_lag_12,42.64047305351126,42.64047305351126
elasticnet,10,3,2025-11-30,hong_kong_hang_seng_zijin_mining_lag_3,54.92391601281929,54.92391601281929
elasticnet,10,3,2025-11-30,silver_usd_per_troy_ounce_lag_3,61.25396763930675,61.25396763930675
ridge,10,3,2025-12-31,origin_copper_price_usd_per_ton,162.37153832997524,162.37153832997524
ridge,10,3,2025-12-31,origin_south_korea_kospi,246.96966171102486,246.96966171102486
ridge,10,3,2025-12-31,origin_uk_ftse100_antofagasta,128.56540772599814,128.56540772599814
ridge,10,3,2025-12-31,origin_usa_nasdaq_composite,119.91284919946968,119.91284919946968
ridge,10,3,2025-12-31,shfe_close_cny_per_ton_lag_1,85.05254994928693,85.05254994928693
ridge,10,3,2025-12-31,gold_usd_per_troy_ounce_lag_12,120.98916407364676,120.98916407364676
ridge,10,3,2025-12-31,silver_usd_per_troy_ounce_lag_6,136.81659795383948,136.81659795383948
ridge,10,3,2025-12-31,origin_germany_dax,28.374982056805333,28.374982056805333
ridge,10,3,2025-12-31,origin_canada_tsx_composite_lundin_mining,95.25983432918599,95.25983432918599
ridge,10,3,2025-12-31,japan_nikkei225_lag_1,55.88485329471355,55.88485329471355
ridge,10,3,2025-12-31,origin_canada_tsx_composite_capstone_copper,50.855473695244896,50.855473695244896
ridge,10,3,2025-12-31,usa_nasdaq_composite_lag_6,90.240591835452,90.240591835452
ridge,10,3,2025-12-31,origin_turkey_bist100,-31.54763197619906,31.54763197619906
ridge,10,3,2025-12-31,gold_usd_per_troy_ounce_lag_6,111.98072781718655,111.98072781718655
ridge,10,3,2025-12-31,usa_sp500_southern_copper_lag_1,12.309258624997325,12.309258624997325
ridge,10,3,2025-12-31,japan_nikkei225_lag_3,33.9173634567528,33.9173634567528
ridge,10,3,2025-12-31,uk_ftse100_antofagasta_lag_3,52.77547949924776,52.77547949924776
ridge,10,3,2025-12-31,china_refined_copper_production_ton_lag_12,25.39512452293109,25.39512452293109
ridge,10,3,2025-12-31,origin_hong_kong_hang_seng_zijin_mining,76.95156959130892,76.95156959130892
ridge,10,3,2025-12-31,hong_kong_hang_seng_zijin_mining_lag_3,53.459662826761154,53.459662826761154
elasticnet,10,3,2025-12-31,origin_copper_price_usd_per_ton,75.33125575483807,75.33125575483807
elasticnet,10,3,2025-12-31,origin_south_korea_kospi,83.94531449103131,83.94531449103131
elasticnet,10,3,2025-12-31,origin_uk_ftse100_antofagasta,68.1954114487319,68.1954114487319
elasticnet,10,3,2025-12-31,origin_usa_nasdaq_composite,67.03350595859133,67.03350595859133
elasticnet,10,3,2025-12-31,shfe_close_cny_per_ton_lag_1,63.04303921761659,63.04303921761659
elasticnet,10,3,2025-12-31,gold_usd_per_troy_ounce_lag_12,66.27436610127579,66.27436610127579
elasticnet,10,3,2025-12-31,silver_usd_per_troy_ounce_lag_6,68.39974116710623,68.39974116710623
elasticnet,10,3,2025-12-31,origin_germany_dax,51.70440353841113,51.70440353841113
elasticnet,10,3,2025-12-31,origin_canada_tsx_composite_lundin_mining,63.97993740381399,63.97993740381399
elasticnet,10,3,2025-12-31,japan_nikkei225_lag_1,55.38059949174023,55.38059949174023
elasticnet,10,3,2025-12-31,origin_canada_tsx_composite_capstone_copper,55.392450098552374,55.392450098552374
elasticnet,10,3,2025-12-31,usa_nasdaq_composite_lag_6,62.28609262928089,62.28609262928089
elasticnet,10,3,2025-12-31,origin_turkey_bist100,32.12600102897853,32.12600102897853
elasticnet,10,3,2025-12-31,gold_usd_per_troy_ounce_lag_6,63.419769080499655,63.419769080499655
elasticnet,10,3,2025-12-31,usa_sp500_southern_copper_lag_1,50.095015873384405,50.095015873384405
elasticnet,10,3,2025-12-31,japan_nikkei225_lag_3,51.47900248098488,51.47900248098488
elasticnet,10,3,2025-12-31,uk_ftse100_antofagasta_lag_3,56.807770797385004,56.807770797385004
elasticnet,10,3,2025-12-31,china_refined_copper_production_ton_lag_12,45.43544876467633,45.43544876467633
elasticnet,10,3,2025-12-31,origin_hong_kong_hang_seng_zijin_mining,60.88350880784586,60.88350880784586
elasticnet,10,3,2025-12-31,hong_kong_hang_seng_zijin_mining_lag_3,56.555858114144385,56.555858114144385
ridge,10,3,2026-01-31,origin_shfe_close_cny_per_ton,123.22891196941369,123.22891196941369
ridge,10,3,2026-01-31,origin_south_korea_kospi,259.860928643164,259.860928643164
ridge,10,3,2026-01-31,origin_uk_ftse100_antofagasta,135.11515271490453,135.11515271490453
ridge,10,3,2026-01-31,origin_usa_nasdaq_composite,119.17916054519169,119.17916054519169
ridge,10,3,2026-01-31,gold_usd_per_troy_ounce_lag_12,127.23375846443521,127.23375846443521
ridge,10,3,2026-01-31,silver_usd_per_troy_ounce_lag_6,134.29321942922226,134.29321942922226
ridge,10,3,2026-01-31,origin_germany_dax,31.86616376494769,31.86616376494769
ridge,10,3,2026-01-31,japan_nikkei225_lag_1,56.77446697144346,56.77446697144346
ridge,10,3,2026-01-31,origin_canada_tsx_composite_lundin_mining,108.59334377566132,108.59334377566132
ridge,10,3,2026-01-31,origin_canada_tsx_composite_capstone_copper,53.35856594891045,53.35856594891045
ridge,10,3,2026-01-31,usa_nasdaq_composite_lag_6,81.25282696015685,81.25282696015685
ridge,10,3,2026-01-31,origin_turkey_bist100,-37.17836750236189,37.17836750236189
ridge,10,3,2026-01-31,gold_usd_per_troy_ounce_lag_6,114.25033570368961,114.25033570368961
ridge,10,3,2026-01-31,japan_nikkei225_lag_3,29.40293004308778,29.40293004308778
ridge,10,3,2026-01-31,target_lag_2,107.25800293802334,107.25800293802334
ridge,10,3,2026-01-31,china_refined_copper_production_ton_lag_12,30.16323611212854,30.16323611212854
ridge,10,3,2026-01-31,uk_ftse100_antofagasta_lag_3,45.95119673944741,45.95119673944741
ridge,10,3,2026-01-31,hong_kong_hang_seng_zijin_mining_lag_6,56.40377837122543,56.40377837122543
ridge,10,3,2026-01-31,origin_hong_kong_hang_seng_zijin_mining,86.39603198932433,86.39603198932433
ridge,10,3,2026-01-31,hong_kong_hang_seng_zijin_mining_lag_3,50.182564418789156,50.182564418789156
elasticnet,10,3,2026-01-31,origin_shfe_close_cny_per_ton,65.97866861327913,65.97866861327913
elasticnet,10,3,2026-01-31,origin_south_korea_kospi,78.73192780354853,78.73192780354853
elasticnet,10,3,2026-01-31,origin_uk_ftse100_antofagasta,66.37113046691414,66.37113046691414
elasticnet,10,3,2026-01-31,origin_usa_nasdaq_composite,64.53135783854925,64.53135783854925
elasticnet,10,3,2026-01-31,gold_usd_per_troy_ounce_lag_12,64.807755737214,64.807755737214
elasticnet,10,3,2026-01-31,silver_usd_per_troy_ounce_lag_6,64.87063699102112,64.87063699102112
elasticnet,10,3,2026-01-31,origin_germany_dax,52.34318496967754,52.34318496967754
elasticnet,10,3,2026-01-31,japan_nikkei225_lag_1,55.266382430580144,55.266382430580144
elasticnet,10,3,2026-01-31,origin_canada_tsx_composite_lundin_mining,63.39510122596884,63.39510122596884
elasticnet,10,3,2026-01-31,origin_canada_tsx_composite_capstone_copper,55.33440320597989,55.33440320597989
elasticnet,10,3,2026-01-31,usa_nasdaq_composite_lag_6,58.66324190622061,58.66324190622061
elasticnet,10,3,2026-01-31,origin_turkey_bist100,34.717929903689324,34.717929903689324
elasticnet,10,3,2026-01-31,gold_usd_per_troy_ounce_lag_6,61.944720493108434,61.944720493108434
elasticnet,10,3,2026-01-31,japan_nikkei225_lag_3,51.0514114084824,51.0514114084824
elasticnet,10,3,2026-01-31,target_lag_2,62.58239881783618,62.58239881783618
elasticnet,10,3,2026-01-31,china_refined_copper_production_ton_lag_12,46.71427407814747,46.71427407814747
elasticnet,10,3,2026-01-31,uk_ftse100_antofagasta_lag_3,54.78664221049824,54.78664221049824
elasticnet,10,3,2026-01-31,hong_kong_hang_seng_zijin_mining_lag_6,53.16986553585215,53.16986553585215
elasticnet,10,3,2026-01-31,origin_hong_kong_hang_seng_zijin_mining,60.70703896365225,60.70703896365225
elasticnet,10,3,2026-01-31,hong_kong_hang_seng_zijin_mining_lag_3,55.68504534735241,55.68504534735241
ridge,10,3,2026-02-28,origin_shfe_close_cny_per_ton,127.5187874959803,127.5187874959803
ridge,10,3,2026-02-28,origin_south_korea_kospi,251.6982949412655,251.6982949412655
ridge,10,3,2026-02-28,origin_uk_ftse100_antofagasta,136.98882467156938,136.98882467156938
ridge,10,3,2026-02-28,origin_usa_nasdaq_composite,121.02911136889526,121.02911136889526
ridge,10,3,2026-02-28,gold_usd_per_troy_ounce_lag_12,132.07405355473045,132.07405355473045
ridge,10,3,2026-02-28,silver_usd_per_troy_ounce_lag_6,135.10538725333686,135.10538725333686
ridge,10,3,2026-02-28,origin_germany_dax,31.19802790200092,31.19802790200092
ridge,10,3,2026-02-28,japan_nikkei225_lag_1,60.95735507923646,60.95735507923646
ridge,10,3,2026-02-28,origin_canada_tsx_composite_lundin_mining,104.36327247432334,104.36327247432334
ridge,10,3,2026-02-28,origin_canada_tsx_composite_capstone_copper,55.1516493245895,55.1516493245895
ridge,10,3,2026-02-28,china_refined_copper_production_ton_lag_12,36.22944187857416,36.22944187857416
ridge,10,3,2026-02-28,origin_turkey_bist100,-36.70454422472893,36.70454422472893
ridge,10,3,2026-02-28,japan_nikkei225_lag_3,33.4308296123453,33.4308296123453
ridge,10,3,2026-02-28,gold_usd_per_troy_ounce_lag_6,112.35159920643974,112.35159920643974
ridge,10,3,2026-02-28,uk_ftse100_antofagasta_lag_3,47.320847249965766,47.320847249965766
ridge,10,3,2026-02-28,target_lag_2,113.72834978765972,113.72834978765972
ridge,10,3,2026-02-28,origin_hong_kong_hang_seng_zijin_mining,86.68184151240082,86.68184151240082
ridge,10,3,2026-02-28,silver_usd_per_troy_ounce_lag_3,99.76450218218031,99.76450218218031
ridge,10,3,2026-02-28,hong_kong_hang_seng_zijin_mining_lag_6,60.42691123725169,60.42691123725169
ridge,10,3,2026-02-28,hong_kong_hang_seng_zijin_mining_lag_3,51.21562299350211,51.21562299350211
elasticnet,10,3,2026-02-28,origin_shfe_close_cny_per_ton,67.2696077309952,67.2696077309952
elasticnet,10,3,2026-02-28,origin_south_korea_kospi,79.13135616866779,79.13135616866779
elasticnet,10,3,2026-02-28,origin_uk_ftse100_antofagasta,67.87391047370696,67.87391047370696
elasticnet,10,3,2026-02-28,origin_usa_nasdaq_composite,66.03047254124802,66.03047254124802
elasticnet,10,3,2026-02-28,gold_usd_per_troy_ounce_lag_12,66.88683045087424,66.88683045087424
elasticnet,10,3,2026-02-28,silver_usd_per_troy_ounce_lag_6,66.34285327949014,66.34285327949014
elasticnet,10,3,2026-02-28,origin_germany_dax,53.901060015599754,53.901060015599754
elasticnet,10,3,2026-02-28,japan_nikkei225_lag_1,57.51238104831681,57.51238104831681
elasticnet,10,3,2026-02-28,origin_canada_tsx_composite_lundin_mining,64.2564686181759,64.2564686181759
elasticnet,10,3,2026-02-28,origin_canada_tsx_composite_capstone_copper,57.13027071428258,57.13027071428258
elasticnet,10,3,2026-02-28,china_refined_copper_production_ton_lag_12,49.35640019374574,49.35640019374574
elasticnet,10,3,2026-02-28,origin_turkey_bist100,36.732671558325016,36.732671558325016
elasticnet,10,3,2026-02-28,japan_nikkei225_lag_3,53.01571458496383,53.01571458496383
elasticnet,10,3,2026-02-28,gold_usd_per_troy_ounce_lag_6,63.680586243201084,63.680586243201084
elasticnet,10,3,2026-02-28,uk_ftse100_antofagasta_lag_3,56.0564951775135,56.0564951775135
elasticnet,10,3,2026-02-28,target_lag_2,63.66341883913514,63.66341883913514
elasticnet,10,3,2026-02-28,origin_hong_kong_hang_seng_zijin_mining,62.54208915481293,62.54208915481293
elasticnet,10,3,2026-02-28,silver_usd_per_troy_ounce_lag_3,63.3196135378471,63.3196135378471
elasticnet,10,3,2026-02-28,hong_kong_hang_seng_zijin_mining_lag_6,55.05295207551091,55.05295207551091
elasticnet,10,3,2026-02-28,hong_kong_hang_seng_zijin_mining_lag_3,57.69146992273723,57.69146992273723
ridge,10,3,2026-03-31,origin_shfe_close_cny_per_ton,133.99250626119195,133.99250626119195
ridge,10,3,2026-03-31,origin_south_korea_kospi,244.77622451522055,244.77622451522055
ridge,10,3,2026-03-31,origin_uk_ftse100_antofagasta,136.3699175680068,136.3699175680068
ridge,10,3,2026-03-31,origin_usa_nasdaq_composite,130.9001951838436,130.9001951838436
ridge,10,3,2026-03-31,gold_usd_per_troy_ounce_lag_12,139.33267235298496,139.33267235298496
ridge,10,3,2026-03-31,silver_usd_per_troy_ounce_lag_6,139.2068251423151,139.2068251423151
ridge,10,3,2026-03-31,origin_germany_dax,39.35210913428869,39.35210913428869
ridge,10,3,2026-03-31,origin_canada_tsx_composite_lundin_mining,92.7500010150458,92.7500010150458
ridge,10,3,2026-03-31,origin_canada_tsx_composite_capstone_copper,62.297632017339204,62.297632017339204
ridge,10,3,2026-03-31,japan_nikkei225_lag_3,42.3636064364502,42.3636064364502
ridge,10,3,2026-03-31,origin_turkey_bist100,-27.69985432865215,27.69985432865215
ridge,10,3,2026-03-31,china_refined_copper_production_ton_lag_12,36.557360159582586,36.557360159582586
ridge,10,3,2026-03-31,gold_usd_per_troy_ounce_lag_6,113.54855943516498,113.54855943516498
ridge,10,3,2026-03-31,usa_sp500_southern_copper_lag_1,21.92132773211522,21.92132773211522
ridge,10,3,2026-03-31,uk_ftse100_antofagasta_lag_3,53.369888923415466,53.369888923415466
ridge,10,3,2026-03-31,target_lag_2,121.70525809212815,121.70525809212815
ridge,10,3,2026-03-31,silver_usd_per_troy_ounce_lag_3,99.20256558481685,99.20256558481685
ridge,10,3,2026-03-31,origin_hong_kong_hang_seng_zijin_mining,88.08205186644851,88.08205186644851
ridge,10,3,2026-03-31,hong_kong_hang_seng_zijin_mining_lag_6,67.08485489184774,67.08485489184774
ridge,10,3,2026-03-31,hong_kong_hang_seng_zijin_mining_lag_3,49.02048142336024,49.02048142336024
elasticnet,10,3,2026-03-31,origin_shfe_close_cny_per_ton,68.50377379549622,68.50377379549622
elasticnet,10,3,2026-03-31,origin_south_korea_kospi,78.7069375986706,78.7069375986706
elasticnet,10,3,2026-03-31,origin_uk_ftse100_antofagasta,68.43951012461325,68.43951012461325
elasticnet,10,3,2026-03-31,origin_usa_nasdaq_composite,67.62877941083478,67.62877941083478
elasticnet,10,3,2026-03-31,gold_usd_per_troy_ounce_lag_12,68.63522184550744,68.63522184550744
elasticnet,10,3,2026-03-31,silver_usd_per_troy_ounce_lag_6,67.8235352690473,67.8235352690473
elasticnet,10,3,2026-03-31,origin_germany_dax,55.55899215876392,55.55899215876392
elasticnet,10,3,2026-03-31,origin_canada_tsx_composite_lundin_mining,63.17232823335744,63.17232823335744
elasticnet,10,3,2026-03-31,origin_canada_tsx_composite_capstone_copper,58.78246114873337,58.78246114873337
elasticnet,10,3,2026-03-31,japan_nikkei225_lag_3,55.014136843964266,55.014136843964266
elasticnet,10,3,2026-03-31,origin_turkey_bist100,38.96136991344042,38.96136991344042
elasticnet,10,3,2026-03-31,china_refined_copper_production_ton_lag_12,50.665164110586375,50.665164110586375
elasticnet,10,3,2026-03-31,gold_usd_per_troy_ounce_lag_6,64.95336369516862,64.95336369516862
elasticnet,10,3,2026-03-31,usa_sp500_southern_copper_lag_1,54.10717766411032,54.10717766411032
elasticnet,10,3,2026-03-31,uk_ftse100_antofagasta_lag_3,57.43473832094253,57.43473832094253
elasticnet,10,3,2026-03-31,target_lag_2,64.84685458400155,64.84685458400155
elasticnet,10,3,2026-03-31,silver_usd_per_troy_ounce_lag_3,64.24774933512099,64.24774933512099
elasticnet,10,3,2026-03-31,origin_hong_kong_hang_seng_zijin_mining,63.63390257452164,63.63390257452164
elasticnet,10,3,2026-03-31,hong_kong_hang_seng_zijin_mining_lag_6,56.97263730477851,56.97263730477851
elasticnet,10,3,2026-03-31,hong_kong_hang_seng_zijin_mining_lag_3,58.835203708350186,58.835203708350186
ridge,10,3,2026-04-30,origin_copper_price_usd_per_ton,169.4838239457811,169.4838239457811
ridge,10,3,2026-04-30,origin_south_korea_kospi,220.77870680740637,220.77870680740637
ridge,10,3,2026-04-30,origin_uk_ftse100_antofagasta,124.02396124109596,124.02396124109596
ridge,10,3,2026-04-30,origin_usa_nasdaq_composite,138.67380945267303,138.67380945267303
ridge,10,3,2026-04-30,gold_usd_per_troy_ounce_lag_12,144.39682722589205,144.39682722589205
ridge,10,3,2026-04-30,shfe_pre_settlement_cny_per_ton_lag_1,105.19117830877853,105.19117830877853
ridge,10,3,2026-04-30,silver_usd_per_troy_ounce_lag_6,141.8092125865072,141.8092125865072
ridge,10,3,2026-04-30,origin_germany_dax,45.25748169634693,45.25748169634693
ridge,10,3,2026-04-30,origin_canada_tsx_composite_lundin_mining,72.87153002881759,72.87153002881759
ridge,10,3,2026-04-30,origin_canada_tsx_composite_capstone_copper,66.29962441864896,66.29962441864896
ridge,10,3,2026-04-30,japan_nikkei225_lag_3,41.356448982478604,41.356448982478604
ridge,10,3,2026-04-30,origin_turkey_bist100,-23.102688882525197,23.102688882525197
ridge,10,3,2026-04-30,gold_usd_per_troy_ounce_lag_6,118.5570078986122,118.5570078986122
ridge,10,3,2026-04-30,usa_sp500_southern_copper_lag_1,24.37620621362675,24.37620621362675
ridge,10,3,2026-04-30,uk_ftse100_antofagasta_lag_3,47.592329061673524,47.592329061673524
ridge,10,3,2026-04-30,china_refined_copper_production_ton_lag_12,56.93642285624626,56.93642285624626
ridge,10,3,2026-04-30,origin_hong_kong_hang_seng_zijin_mining,85.16046400200008,85.16046400200008
ridge,10,3,2026-04-30,silver_usd_per_troy_ounce_lag_3,93.27111521742836,93.27111521742836
ridge,10,3,2026-04-30,hong_kong_hang_seng_zijin_mining_lag_6,66.66391173074328,66.66391173074328
ridge,10,3,2026-04-30,shfe_pre_settlement_cny_per_ton_lag_3,79.90239256637095,79.90239256637095
elasticnet,10,3,2026-04-30,origin_copper_price_usd_per_ton,79.43537261584885,79.43537261584885
elasticnet,10,3,2026-04-30,origin_south_korea_kospi,83.70432691179816,83.70432691179816
elasticnet,10,3,2026-04-30,origin_uk_ftse100_antofagasta,73.08758076489448,73.08758076489448
elasticnet,10,3,2026-04-30,origin_usa_nasdaq_composite,74.1180192892103,74.1180192892103
elasticnet,10,3,2026-04-30,gold_usd_per_troy_ounce_lag_12,75.40156882398176,75.40156882398176
elasticnet,10,3,2026-04-30,shfe_pre_settlement_cny_per_ton_lag_1,69.90010255263753,69.90010255263753
elasticnet,10,3,2026-04-30,silver_usd_per_troy_ounce_lag_6,74.4688210877079,74.4688210877079
elasticnet,10,3,2026-04-30,origin_germany_dax,60.177476208377655,60.177476208377655
elasticnet,10,3,2026-04-30,origin_canada_tsx_composite_lundin_mining,65.20291095649443,65.20291095649443
elasticnet,10,3,2026-04-30,origin_canada_tsx_composite_capstone_copper,63.95007550082783,63.95007550082783
elasticnet,10,3,2026-04-30,japan_nikkei225_lag_3,59.331619210551715,59.331619210551715
elasticnet,10,3,2026-04-30,origin_turkey_bist100,42.06772461616326,42.06772461616326
elasticnet,10,3,2026-04-30,gold_usd_per_troy_ounce_lag_6,71.20788043618832,71.20788043618832
elasticnet,10,3,2026-04-30,usa_sp500_southern_copper_lag_1,58.12851548766937,58.12851548766937
elasticnet,10,3,2026-04-30,uk_ftse100_antofagasta_lag_3,61.37128265496704,61.37128265496704
elasticnet,10,3,2026-04-30,china_refined_copper_production_ton_lag_12,53.16010508497143,53.16010508497143
elasticnet,10,3,2026-04-30,origin_hong_kong_hang_seng_zijin_mining,68.5339168929161,68.5339168929161
elasticnet,10,3,2026-04-30,silver_usd_per_troy_ounce_lag_3,69.0149369418296,69.0149369418296
elasticnet,10,3,2026-04-30,hong_kong_hang_seng_zijin_mining_lag_6,61.87337436943124,61.87337436943124
elasticnet,10,3,2026-04-30,shfe_pre_settlement_cny_per_ton_lag_3,64.05361636327676,64.05361636327676
ridge,10,3,2026-05-31,origin_copper_price_usd_per_ton,178.44762318096045,178.44762318096045
ridge,10,3,2026-05-31,origin_south_korea_kospi,199.3750396534194,199.3750396534194
ridge,10,3,2026-05-31,origin_uk_ftse100_antofagasta,120.67894885405786,120.67894885405786
ridge,10,3,2026-05-31,origin_usa_nasdaq_composite,149.10784001302383,149.10784001302383
ridge,10,3,2026-05-31,gold_usd_per_troy_ounce_lag_12,148.94348487058363,148.94348487058363
ridge,10,3,2026-05-31,shfe_pre_settlement_cny_per_ton_lag_1,107.02342498576675,107.02342498576675
ridge,10,3,2026-05-31,silver_usd_per_troy_ounce_lag_6,148.6573988545397,148.6573988545397
ridge,10,3,2026-05-31,origin_germany_dax,53.16751382166281,53.16751382166281
ridge,10,3,2026-05-31,origin_canada_tsx_composite_lundin_mining,68.45320011195152,68.45320011195152
ridge,10,3,2026-05-31,origin_canada_tsx_composite_capstone_copper,73.91734940559596,73.91734940559596
ridge,10,3,2026-05-31,japan_nikkei225_lag_3,43.1248338212998,43.1248338212998
ridge,10,3,2026-05-31,origin_turkey_bist100,-22.56528023225275,22.56528023225275
ridge,10,3,2026-05-31,gold_usd_per_troy_ounce_lag_6,124.54885049382102,124.54885049382102
ridge,10,3,2026-05-31,usa_sp500_southern_copper_lag_1,23.994576127898828,23.994576127898828
ridge,10,3,2026-05-31,uk_ftse100_antofagasta_lag_3,50.84592408932911,50.84592408932911
ridge,10,3,2026-05-31,china_refined_copper_production_ton_lag_12,65.99729783005348,65.99729783005348
ridge,10,3,2026-05-31,origin_hong_kong_hang_seng_zijin_mining,87.87785124407083,87.87785124407083
ridge,10,3,2026-05-31,silver_usd_per_troy_ounce_lag_3,94.54413417225034,94.54413417225034
ridge,10,3,2026-05-31,hong_kong_hang_seng_zijin_mining_lag_6,67.13263324373966,67.13263324373966
ridge,10,3,2026-05-31,shfe_pre_settlement_cny_per_ton_lag_3,84.53938137694111,84.53938137694111
elasticnet,10,3,2026-05-31,origin_copper_price_usd_per_ton,81.68917610762838,81.68917610762838
elasticnet,10,3,2026-05-31,origin_south_korea_kospi,80.95599458847258,80.95599458847258
elasticnet,10,3,2026-05-31,origin_uk_ftse100_antofagasta,74.08272146598905,74.08272146598905
elasticnet,10,3,2026-05-31,origin_usa_nasdaq_composite,76.66395203335207,76.66395203335207
elasticnet,10,3,2026-05-31,gold_usd_per_troy_ounce_lag_12,77.78785337851777,77.78785337851777
elasticnet,10,3,2026-05-31,shfe_pre_settlement_cny_per_ton_lag_1,72.02450158874944,72.02450158874944
elasticnet,10,3,2026-05-31,silver_usd_per_troy_ounce_lag_6,76.99715751940977,76.99715751940977
elasticnet,10,3,2026-05-31,origin_germany_dax,62.92866788564956,62.92866788564956
elasticnet,10,3,2026-05-31,origin_canada_tsx_composite_lundin_mining,65.23226207169088,65.23226207169088
elasticnet,10,3,2026-05-31,origin_canada_tsx_composite_capstone_copper,66.83416883015721,66.83416883015721
elasticnet,10,3,2026-05-31,japan_nikkei225_lag_3,61.89625161192219,61.89625161192219
elasticnet,10,3,2026-05-31,origin_turkey_bist100,45.226462195043794,45.226462195043794
elasticnet,10,3,2026-05-31,gold_usd_per_troy_ounce_lag_6,73.75195853810118,73.75195853810118
elasticnet,10,3,2026-05-31,usa_sp500_southern_copper_lag_1,60.36216493133737,60.36216493133737
elasticnet,10,3,2026-05-31,uk_ftse100_antofagasta_lag_3,63.66900527290323,63.66900527290323
elasticnet,10,3,2026-05-31,china_refined_copper_production_ton_lag_12,53.060903795874545,53.060903795874545
elasticnet,10,3,2026-05-31,origin_hong_kong_hang_seng_zijin_mining,70.49387161599813,70.49387161599813
elasticnet,10,3,2026-05-31,silver_usd_per_troy_ounce_lag_3,70.77386854899119,70.77386854899119
elasticnet,10,3,2026-05-31,hong_kong_hang_seng_zijin_mining_lag_6,64.43441367811052,64.43441367811052
elasticnet,10,3,2026-05-31,shfe_pre_settlement_cny_per_ton_lag_3,66.11056433303558,66.11056433303558
ridge,10,6,2025-01-31,origin_usa_nasdaq_composite,131.02647398903483,131.02647398903483
ridge,10,6,2025-01-31,origin_uk_ftse100_antofagasta,57.28622602058644,57.28622602058644
ridge,10,6,2025-01-31,gold_usd_per_troy_ounce_lag_6,146.39330262718985,146.39330262718985
ridge,10,6,2025-01-31,iron_ore_usd_per_dmtu_lag_3,143.11301054037628,143.11301054037628
ridge,10,6,2025-01-31,origin_turkey_bist100,-20.99546699913422,20.99546699913422
ridge,10,6,2025-01-31,iron_ore_usd_per_dmtu_lag_1,137.03920869040914,137.03920869040914
ridge,10,6,2025-01-31,origin_south_korea_kospi,163.76769939725577,163.76769939725577
ridge,10,6,2025-01-31,origin_canada_tsx_composite_lundin_mining,64.52503316024469,64.52503316024469
ridge,10,6,2025-01-31,gold_usd_per_troy_ounce_lag_3,139.35264070725657,139.35264070725657
ridge,10,6,2025-01-31,usa_sp500_southern_copper_lag_1,4.890320090288434,4.890320090288434
ridge,10,6,2025-01-31,china_refined_copper_production_ton_lag_6,98.21416270131456,98.21416270131456
ridge,10,6,2025-01-31,turkey_eur_try_monthly_average_lag_1,18.70022158363387,18.70022158363387
ridge,10,6,2025-01-31,origin_japan_nikkei225,44.0814772312192,44.0814772312192
ridge,10,6,2025-01-31,origin_germany_dax,40.63361812212195,40.63361812212195
ridge,10,6,2025-01-31,origin_hong_kong_hang_seng_zijin_mining,43.363958754415876,43.363958754415876
ridge,10,6,2025-01-31,silver_usd_per_troy_ounce_lag_3,138.59192871460186,138.59192871460186
ridge,10,6,2025-01-31,uk_ftse100_antofagasta_lag_3,16.141314563075465,16.141314563075465
ridge,10,6,2025-01-31,gold_usd_per_troy_ounce_lag_12,69.10897596423685,69.10897596423685
ridge,10,6,2025-01-31,hong_kong_hang_seng_zijin_mining_lag_1,27.54144173752507,27.54144173752507
ridge,10,6,2025-01-31,gold_usd_per_troy_ounce_lag_1,127.07667954408265,127.07667954408265
elasticnet,10,6,2025-01-31,origin_usa_nasdaq_composite,63.88470393366778,63.88470393366778
elasticnet,10,6,2025-01-31,origin_uk_ftse100_antofagasta,52.7829477190893,52.7829477190893
elasticnet,10,6,2025-01-31,gold_usd_per_troy_ounce_lag_6,64.43706950263099,64.43706950263099
elasticnet,10,6,2025-01-31,iron_ore_usd_per_dmtu_lag_3,64.41719356110427,64.41719356110427
elasticnet,10,6,2025-01-31,origin_turkey_bist100,25.105539185076424,25.105539185076424
elasticnet,10,6,2025-01-31,iron_ore_usd_per_dmtu_lag_1,63.69783413651933,63.69783413651933
elasticnet,10,6,2025-01-31,origin_south_korea_kospi,63.74006544786188,63.74006544786188
elasticnet,10,6,2025-01-31,origin_canada_tsx_composite_lundin_mining,51.66736985615221,51.66736985615221
elasticnet,10,6,2025-01-31,gold_usd_per_troy_ounce_lag_3,63.54514558071363,63.54514558071363
elasticnet,10,6,2025-01-31,usa_sp500_southern_copper_lag_1,44.09570996746491,44.09570996746491
elasticnet,10,6,2025-01-31,china_refined_copper_production_ton_lag_6,47.627547153742505,47.627547153742505
elasticnet,10,6,2025-01-31,turkey_eur_try_monthly_average_lag_1,36.98183172980036,36.98183172980036
elasticnet,10,6,2025-01-31,origin_japan_nikkei225,48.91818482803659,48.91818482803659
elasticnet,10,6,2025-01-31,origin_germany_dax,48.91611426271449,48.91611426271449
elasticnet,10,6,2025-01-31,origin_hong_kong_hang_seng_zijin_mining,51.41771122261572,51.41771122261572
elasticnet,10,6,2025-01-31,silver_usd_per_troy_ounce_lag_3,63.94419386992151,63.94419386992151
elasticnet,10,6,2025-01-31,uk_ftse100_antofagasta_lag_3,48.65125583666842,48.65125583666842
elasticnet,10,6,2025-01-31,gold_usd_per_troy_ounce_lag_12,53.443572590339485,53.443572590339485
elasticnet,10,6,2025-01-31,hong_kong_hang_seng_zijin_mining_lag_1,49.68871110924914,49.68871110924914
elasticnet,10,6,2025-01-31,gold_usd_per_troy_ounce_lag_1,60.67607605348487,60.67607605348487
ridge,10,6,2025-02-28,origin_usa_nasdaq_composite,127.29012766619493,127.29012766619493
ridge,10,6,2025-02-28,origin_uk_ftse100_antofagasta,57.6592333767648,57.6592333767648
ridge,10,6,2025-02-28,gold_usd_per_troy_ounce_lag_6,144.65326745893393,144.65326745893393
ridge,10,6,2025-02-28,iron_ore_usd_per_dmtu_lag_3,148.03328056487575,148.03328056487575
ridge,10,6,2025-02-28,origin_south_korea_kospi,163.4326608364115,163.4326608364115
ridge,10,6,2025-02-28,iron_ore_usd_per_dmtu_lag_1,144.22169426878986,144.22169426878986
ridge,10,6,2025-02-28,gold_usd_per_troy_ounce_lag_3,139.41349153902675,139.41349153902675
ridge,10,6,2025-02-28,origin_turkey_bist100,-21.628059922587305,21.628059922587305
ridge,10,6,2025-02-28,usa_sp500_southern_copper_lag_1,6.991835023293699,6.991835023293699
ridge,10,6,2025-02-28,origin_canada_tsx_composite_lundin_mining,62.426074793024,62.426074793024
ridge,10,6,2025-02-28,china_refined_copper_production_ton_lag_6,106.02075276382902,106.02075276382902
ridge,10,6,2025-02-28,turkey_eur_try_monthly_average_lag_1,19.19754970055032,19.19754970055032
ridge,10,6,2025-02-28,origin_japan_nikkei225,41.302583605696,41.302583605696
ridge,10,6,2025-02-28,silver_usd_per_troy_ounce_lag_3,136.241619355531,136.241619355531
ridge,10,6,2025-02-28,origin_germany_dax,35.93117857743337,35.93117857743337
ridge,10,6,2025-02-28,origin_hong_kong_hang_seng_zijin_mining,43.27929657447634,43.27929657447634
ridge,10,6,2025-02-28,uk_ftse100_antofagasta_lag_3,16.3756361832593,16.3756361832593
ridge,10,6,2025-02-28,gold_usd_per_troy_ounce_lag_12,71.42571414915372,71.42571414915372
ridge,10,6,2025-02-28,hong_kong_hang_seng_zijin_mining_lag_1,27.943705750194333,27.943705750194333
ridge,10,6,2025-02-28,gold_usd_per_troy_ounce_lag_1,127.80485341557363,127.80485341557363
elasticnet,10,6,2025-02-28,origin_usa_nasdaq_composite,63.6636263636315,63.6636263636315
elasticnet,10,6,2025-02-28,origin_uk_ftse100_antofagasta,53.02894075898212,53.02894075898212
elasticnet,10,6,2025-02-28,gold_usd_per_troy_ounce_lag_6,64.38783728253912,64.38783728253912
elasticnet,10,6,2025-02-28,iron_ore_usd_per_dmtu_lag_3,65.27563883879714,65.27563883879714
elasticnet,10,6,2025-02-28,origin_south_korea_kospi,63.97322001543824,63.97322001543824
elasticnet,10,6,2025-02-28,iron_ore_usd_per_dmtu_lag_1,64.71554538234534,64.71554538234534
elasticnet,10,6,2025-02-28,gold_usd_per_troy_ounce_lag_3,63.357038880409014,63.357038880409014
elasticnet,10,6,2025-02-28,origin_turkey_bist100,25.367359545858054,25.367359545858054
elasticnet,10,6,2025-02-28,usa_sp500_southern_copper_lag_1,44.12241996740089,44.12241996740089
elasticnet,10,6,2025-02-28,origin_canada_tsx_composite_lundin_mining,51.6664808562612,51.6664808562612
elasticnet,10,6,2025-02-28,china_refined_copper_production_ton_lag_6,48.559353066248796,48.559353066248796
elasticnet,10,6,2025-02-28,turkey_eur_try_monthly_average_lag_1,37.18854840859,37.18854840859
elasticnet,10,6,2025-02-28,origin_japan_nikkei225,48.789650904950754,48.789650904950754
elasticnet,10,6,2025-02-28,silver_usd_per_troy_ounce_lag_3,63.49153293243584,63.49153293243584
elasticnet,10,6,2025-02-28,origin_germany_dax,48.58228991230438,48.58228991230438
elasticnet,10,6,2025-02-28,origin_hong_kong_hang_seng_zijin_mining,51.55083215176056,51.55083215176056
elasticnet,10,6,2025-02-28,uk_ftse100_antofagasta_lag_3,48.346144934707205,48.346144934707205
elasticnet,10,6,2025-02-28,gold_usd_per_troy_ounce_lag_12,53.96522592518678,53.96522592518678
elasticnet,10,6,2025-02-28,hong_kong_hang_seng_zijin_mining_lag_1,49.761098575526596,49.761098575526596
elasticnet,10,6,2025-02-28,gold_usd_per_troy_ounce_lag_1,60.64159178090012,60.64159178090012
ridge,10,6,2025-03-31,origin_usa_nasdaq_composite,122.89361941438932,122.89361941438932
ridge,10,6,2025-03-31,origin_uk_ftse100_antofagasta,62.8966470616348,62.8966470616348
ridge,10,6,2025-03-31,gold_usd_per_troy_ounce_lag_6,144.73445328174986,144.73445328174986
ridge,10,6,2025-03-31,iron_ore_usd_per_dmtu_lag_3,149.81797891017737,149.81797891017737
ridge,10,6,2025-03-31,gold_usd_per_troy_ounce_lag_3,143.11044113831392,143.11044113831392
ridge,10,6,2025-03-31,china_refined_copper_production_ton_lag_6,110.93945030407173,110.93945030407173
ridge,10,6,2025-03-31,usa_sp500_southern_copper_lag_1,3.204407595617537,3.204407595617537
ridge,10,6,2025-03-31,origin_south_korea_kospi,158.54608944292468,158.54608944292468
ridge,10,6,2025-03-31,origin_turkey_bist100,-16.74132534865349,16.74132534865349
ridge,10,6,2025-03-31,canada_tsx_composite_lundin_mining_lag_1,41.72228282290833,41.72228282290833
ridge,10,6,2025-03-31,iron_ore_usd_per_dmtu_lag_1,143.8080556584342,143.8080556584342
ridge,10,6,2025-03-31,turkey_eur_try_monthly_average_lag_1,19.269237845678838,19.269237845678838
ridge,10,6,2025-03-31,silver_usd_per_troy_ounce_lag_3,131.4558238792214,131.4558238792214
ridge,10,6,2025-03-31,origin_japan_nikkei225,39.46478372911594,39.46478372911594
ridge,10,6,2025-03-31,origin_germany_dax,32.98821140202035,32.98821140202035
ridge,10,6,2025-03-31,uk_ftse100_antofagasta_lag_3,9.519014396929244,9.519014396929244
ridge,10,6,2025-03-31,origin_hong_kong_hang_seng_zijin_mining,47.62558613598426,47.62558613598426
ridge,10,6,2025-03-31,gold_usd_per_troy_ounce_lag_12,75.28244596000073,75.28244596000073
ridge,10,6,2025-03-31,canada_tsx_composite_lundin_mining_lag_3,66.17462079182678,66.17462079182678
ridge,10,6,2025-03-31,gold_usd_per_troy_ounce_lag_1,126.37636373954616,126.37636373954616
elasticnet,10,6,2025-03-31,origin_usa_nasdaq_composite,63.653525153627356,63.653525153627356
elasticnet,10,6,2025-03-31,origin_uk_ftse100_antofagasta,53.94288627438763,53.94288627438763
elasticnet,10,6,2025-03-31,gold_usd_per_troy_ounce_lag_6,64.85016389331658,64.85016389331658
elasticnet,10,6,2025-03-31,iron_ore_usd_per_dmtu_lag_3,65.57054648324365,65.57054648324365
elasticnet,10,6,2025-03-31,gold_usd_per_troy_ounce_lag_3,64.12989137702752,64.12989137702752
elasticnet,10,6,2025-03-31,china_refined_copper_production_ton_lag_6,49.89216199872499,49.89216199872499
elasticnet,10,6,2025-03-31,usa_sp500_southern_copper_lag_1,44.278856566213236,44.278856566213236
elasticnet,10,6,2025-03-31,origin_south_korea_kospi,63.347017449994205,63.347017449994205
elasticnet,10,6,2025-03-31,origin_turkey_bist100,27.17425212095279,27.17425212095279
elasticnet,10,6,2025-03-31,canada_tsx_composite_lundin_mining_lag_1,49.92008259924459,49.92008259924459
elasticnet,10,6,2025-03-31,iron_ore_usd_per_dmtu_lag_1,64.43350872142585,64.43350872142585
elasticnet,10,6,2025-03-31,turkey_eur_try_monthly_average_lag_1,38.24949227929474,38.24949227929474
elasticnet,10,6,2025-03-31,silver_usd_per_troy_ounce_lag_3,63.24737747338055,63.24737747338055
elasticnet,10,6,2025-03-31,origin_japan_nikkei225,49.204122453908624,49.204122453908624
elasticnet,10,6,2025-03-31,origin_germany_dax,48.671488841669195,48.671488841669195
elasticnet,10,6,2025-03-31,uk_ftse100_antofagasta_lag_3,48.221579197250875,48.221579197250875
elasticnet,10,6,2025-03-31,origin_hong_kong_hang_seng_zijin_mining,52.656014631229084,52.656014631229084
elasticnet,10,6,2025-03-31,gold_usd_per_troy_ounce_lag_12,55.172013428310706,55.172013428310706
elasticnet,10,6,2025-03-31,canada_tsx_composite_lundin_mining_lag_3,51.80792766324076,51.80792766324076
elasticnet,10,6,2025-03-31,gold_usd_per_troy_ounce_lag_1,60.828412718860605,60.828412718860605
ridge,10,6,2025-04-30,origin_usa_nasdaq_composite,113.68155020997393,113.68155020997393
ridge,10,6,2025-04-30,gold_usd_per_troy_ounce_lag_6,136.98505889595435,136.98505889595435
ridge,10,6,2025-04-30,origin_uk_ftse100_antofagasta,63.37512554420292,63.37512554420292
ridge,10,6,2025-04-30,iron_ore_usd_per_dmtu_lag_3,159.58894032011665,159.58894032011665
ridge,10,6,2025-04-30,gold_usd_per_troy_ounce_lag_3,136.67451807700868,136.67451807700868
ridge,10,6,2025-04-30,china_refined_copper_production_ton_lag_6,112.4838067351267,112.4838067351267
ridge,10,6,2025-04-30,origin_south_korea_kospi,154.0351340589144,154.0351340589144
ridge,10,6,2025-04-30,silver_usd_per_troy_ounce_lag_3,116.09449647381355,116.09449647381355
ridge,10,6,2025-04-30,usa_sp500_southern_copper_lag_1,-2.9328380408764385,2.9328380408764385
ridge,10,6,2025-04-30,origin_turkey_bist100,-13.38100811329498,13.38100811329498
ridge,10,6,2025-04-30,origin_japan_nikkei225,39.235478697111276,39.235478697111276
ridge,10,6,2025-04-30,canada_tsx_composite_lundin_mining_lag_1,34.56315488019492,34.56315488019492
ridge,10,6,2025-04-30,turkey_eur_try_monthly_average_lag_1,16.792543211471568,16.792543211471568
ridge,10,6,2025-04-30,uk_ftse100_antofagasta_lag_3,12.789880819118283,12.789880819118283
ridge,10,6,2025-04-30,iron_ore_usd_per_dmtu_lag_1,143.60004615413692,143.60004615413692
ridge,10,6,2025-04-30,canada_tsx_composite_lundin_mining_lag_3,63.91106071865179,63.91106071865179
ridge,10,6,2025-04-30,gold_usd_per_troy_ounce_lag_12,76.74882559519985,76.74882559519985
ridge,10,6,2025-04-30,origin_hong_kong_hang_seng_zijin_mining,39.81893440612837,39.81893440612837
ridge,10,6,2025-04-30,silver_usd_per_troy_ounce_lag_1,108.21667218466203,108.21667218466203
ridge,10,6,2025-04-30,gold_usd_per_troy_ounce_lag_1,106.86464719522864,106.86464719522864
elasticnet,10,6,2025-04-30,origin_usa_nasdaq_composite,62.60062209788638,62.60062209788638
elasticnet,10,6,2025-04-30,gold_usd_per_troy_ounce_lag_6,63.68669973437882,63.68669973437882
elasticnet,10,6,2025-04-30,origin_uk_ftse100_antofagasta,54.00860583885208,54.00860583885208
elasticnet,10,6,2025-04-30,iron_ore_usd_per_dmtu_lag_3,66.36385550453298,66.36385550453298
elasticnet,10,6,2025-04-30,gold_usd_per_troy_ounce_lag_3,63.126249585505654,63.126249585505654
elasticnet,10,6,2025-04-30,china_refined_copper_production_ton_lag_6,50.023937450466406,50.023937450466406
elasticnet,10,6,2025-04-30,origin_south_korea_kospi,63.107200184087155,63.107200184087155
elasticnet,10,6,2025-04-30,silver_usd_per_troy_ounce_lag_3,61.640047451637535,61.640047451637535
elasticnet,10,6,2025-04-30,usa_sp500_southern_copper_lag_1,43.68995378702056,43.68995378702056
elasticnet,10,6,2025-04-30,origin_turkey_bist100,27.735327343433397,27.735327343433397
elasticnet,10,6,2025-04-30,origin_japan_nikkei225,49.01242192200803,49.01242192200803
elasticnet,10,6,2025-04-30,canada_tsx_composite_lundin_mining_lag_1,49.471083627535265,49.471083627535265
elasticnet,10,6,2025-04-30,turkey_eur_try_monthly_average_lag_1,37.89260562565044,37.89260562565044
elasticnet,10,6,2025-04-30,uk_ftse100_antofagasta_lag_3,48.41321250500264,48.41321250500264
elasticnet,10,6,2025-04-30,iron_ore_usd_per_dmtu_lag_1,64.01532719181866,64.01532719181866
elasticnet,10,6,2025-04-30,canada_tsx_composite_lundin_mining_lag_3,51.58299310321854,51.58299310321854
elasticnet,10,6,2025-04-30,gold_usd_per_troy_ounce_lag_12,55.17080942260851,55.17080942260851
elasticnet,10,6,2025-04-30,origin_hong_kong_hang_seng_zijin_mining,51.816700713843616,51.816700713843616
elasticnet,10,6,2025-04-30,silver_usd_per_troy_ounce_lag_1,60.223615138773155,60.223615138773155
elasticnet,10,6,2025-04-30,gold_usd_per_troy_ounce_lag_1,58.61142852670316,58.61142852670316
ridge,10,6,2025-05-31,origin_usa_nasdaq_composite,118.26441188644571,118.26441188644571
ridge,10,6,2025-05-31,gold_usd_per_troy_ounce_lag_6,145.87911053249329,145.87911053249329
ridge,10,6,2025-05-31,origin_uk_ftse100_antofagasta,71.03717783657433,71.03717783657433
ridge,10,6,2025-05-31,gold_usd_per_troy_ounce_lag_3,146.14289210515776,146.14289210515776
ridge,10,6,2025-05-31,silver_usd_per_troy_ounce_lag_3,121.49620393384939,121.49620393384939
ridge,10,6,2025-05-31,china_refined_copper_production_ton_lag_6,120.72198396846015,120.72198396846015
ridge,10,6,2025-05-31,iron_ore_usd_per_dmtu_lag_3,166.53717200366452,166.53717200366452
ridge,10,6,2025-05-31,origin_japan_nikkei225,43.158873408372344,43.158873408372344
ridge,10,6,2025-05-31,origin_south_korea_kospi,154.3748726855664,154.3748726855664
ridge,10,6,2025-05-31,usa_sp500_southern_copper_lag_1,-1.299566763271172,1.299566763271172
ridge,10,6,2025-05-31,origin_turkey_bist100,-6.886436239087574,6.886436239087574
ridge,10,6,2025-05-31,canada_tsx_composite_lundin_mining_lag_1,34.17346746659496,34.17346746659496
ridge,10,6,2025-05-31,uk_ftse100_antofagasta_lag_3,16.971137087611485,16.971137087611485
ridge,10,6,2025-05-31,turkey_eur_try_monthly_average_lag_1,22.74521756331184,22.74521756331184
ridge,10,6,2025-05-31,origin_hong_kong_hang_seng_zijin_mining,47.745942223108564,47.745942223108564
ridge,10,6,2025-05-31,gold_usd_per_troy_ounce_lag_12,81.31696871486314,81.31696871486314
ridge,10,6,2025-05-31,canada_tsx_composite_lundin_mining_lag_3,61.82376109260804,61.82376109260804
ridge,10,6,2025-05-31,iron_ore_usd_per_dmtu_lag_1,149.77084640694588,149.77084640694588
ridge,10,6,2025-05-31,silver_usd_per_troy_ounce_lag_1,114.77244462506597,114.77244462506597
ridge,10,6,2025-05-31,germany_dax_lag_1,13.781722830354836,13.781722830354836
elasticnet,10,6,2025-05-31,origin_usa_nasdaq_composite,62.84131107712568,62.84131107712568
elasticnet,10,6,2025-05-31,gold_usd_per_troy_ounce_lag_6,64.50855578147855,64.50855578147855
elasticnet,10,6,2025-05-31,origin_uk_ftse100_antofagasta,54.86789736491171,54.86789736491171
elasticnet,10,6,2025-05-31,gold_usd_per_troy_ounce_lag_3,63.61345937402088,63.61345937402088
elasticnet,10,6,2025-05-31,silver_usd_per_troy_ounce_lag_3,62.31594676819887,62.31594676819887
elasticnet,10,6,2025-05-31,china_refined_copper_production_ton_lag_6,51.23026883846987,51.23026883846987
elasticnet,10,6,2025-05-31,iron_ore_usd_per_dmtu_lag_3,67.14848062021416,67.14848062021416
elasticnet,10,6,2025-05-31,origin_japan_nikkei225,49.353675394338666,49.353675394338666
elasticnet,10,6,2025-05-31,origin_south_korea_kospi,63.30677964735338,63.30677964735338
elasticnet,10,6,2025-05-31,usa_sp500_southern_copper_lag_1,43.534892586322364,43.534892586322364
elasticnet,10,6,2025-05-31,origin_turkey_bist100,28.56723205881862,28.56723205881862
elasticnet,10,6,2025-05-31,canada_tsx_composite_lundin_mining_lag_1,49.39202586829783,49.39202586829783
elasticnet,10,6,2025-05-31,uk_ftse100_antofagasta_lag_3,48.8430795687829,48.8430795687829
elasticnet,10,6,2025-05-31,turkey_eur_try_monthly_average_lag_1,38.45655889924376,38.45655889924376
elasticnet,10,6,2025-05-31,origin_hong_kong_hang_seng_zijin_mining,52.718649819151146,52.718649819151146
elasticnet,10,6,2025-05-31,gold_usd_per_troy_ounce_lag_12,55.829529153500964,55.829529153500964
elasticnet,10,6,2025-05-31,canada_tsx_composite_lundin_mining_lag_3,51.44787738936359,51.44787738936359
elasticnet,10,6,2025-05-31,iron_ore_usd_per_dmtu_lag_1,64.7866258904673,64.7866258904673
elasticnet,10,6,2025-05-31,silver_usd_per_troy_ounce_lag_1,60.376419641867194,60.376419641867194
elasticnet,10,6,2025-05-31,germany_dax_lag_1,45.951262531932606,45.951262531932606
ridge,10,6,2025-06-30,origin_usa_nasdaq_composite,118.91213638783066,118.91213638783066
ridge,10,6,2025-06-30,gold_usd_per_troy_ounce_lag_6,158.57632236104936,158.57632236104936
ridge,10,6,2025-06-30,origin_uk_ftse100_antofagasta,73.82624821276693,73.82624821276693
ridge,10,6,2025-06-30,silver_usd_per_troy_ounce_lag_3,126.98296457727972,126.98296457727972
ridge,10,6,2025-06-30,gold_usd_per_troy_ounce_lag_3,146.03491553490198,146.03491553490198
ridge,10,6,2025-06-30,china_refined_copper_production_ton_lag_6,126.5662280950292,126.5662280950292
ridge,10,6,2025-06-30,origin_japan_nikkei225,39.476893394134336,39.476893394134336
ridge,10,6,2025-06-30,usa_sp500_southern_copper_lag_1,-7.169269330166262,7.169269330166262
ridge,10,6,2025-06-30,origin_turkey_bist100,-19.60077893297772,19.60077893297772
ridge,10,6,2025-06-30,uk_ftse100_antofagasta_lag_3,20.066333689663242,20.066333689663242
ridge,10,6,2025-06-30,origin_hong_kong_hang_seng_zijin_mining,49.759620793845954,49.759620793845954
ridge,10,6,2025-06-30,origin_canada_tsx_composite_lundin_mining,51.36713591438432,51.36713591438432
ridge,10,6,2025-06-30,gold_usd_per_troy_ounce_lag_12,81.69161771439686,81.69161771439686
ridge,10,6,2025-06-30,origin_south_korea_kospi,164.05238621703487,164.05238621703487
ridge,10,6,2025-06-30,turkey_eur_try_monthly_average_lag_1,13.708508838446257,13.708508838446257
ridge,10,6,2025-06-30,iron_ore_usd_per_dmtu_lag_3,195.48251357000808,195.48251357000808
ridge,10,6,2025-06-30,silver_usd_per_troy_ounce_lag_1,121.95802933312405,121.95802933312405
ridge,10,6,2025-06-30,canada_tsx_composite_lundin_mining_lag_3,62.96213620937407,62.96213620937407
ridge,10,6,2025-06-30,germany_dax_lag_1,11.059197262048327,11.059197262048327
ridge,10,6,2025-06-30,origin_copper_price_usd_per_ton,65.93147907837314,65.93147907837314
elasticnet,10,6,2025-06-30,origin_usa_nasdaq_composite,62.28318048312488,62.28318048312488
elasticnet,10,6,2025-06-30,gold_usd_per_troy_ounce_lag_6,65.17425704741014,65.17425704741014
elasticnet,10,6,2025-06-30,origin_uk_ftse100_antofagasta,54.76510846814074,54.76510846814074
elasticnet,10,6,2025-06-30,silver_usd_per_troy_ounce_lag_3,62.546172784091766,62.546172784091766
elasticnet,10,6,2025-06-30,gold_usd_per_troy_ounce_lag_3,62.918181787604574,62.918181787604574
elasticnet,10,6,2025-06-30,china_refined_copper_production_ton_lag_6,51.775506299287976,51.775506299287976
elasticnet,10,6,2025-06-30,origin_japan_nikkei225,48.920406533946164,48.920406533946164
elasticnet,10,6,2025-06-30,usa_sp500_southern_copper_lag_1,42.993826864018885,42.993826864018885
elasticnet,10,6,2025-06-30,origin_turkey_bist100,27.966022398771685,27.966022398771685
elasticnet,10,6,2025-06-30,uk_ftse100_antofagasta_lag_3,49.06889948622327,49.06889948622327
elasticnet,10,6,2025-06-30,origin_hong_kong_hang_seng_zijin_mining,52.59516117083335,52.59516117083335
elasticnet,10,6,2025-06-30,origin_canada_tsx_composite_lundin_mining,50.891049129087214,50.891049129087214
elasticnet,10,6,2025-06-30,gold_usd_per_troy_ounce_lag_12,55.347693647272116,55.347693647272116
elasticnet,10,6,2025-06-30,origin_south_korea_kospi,63.578972371864786,63.578972371864786
elasticnet,10,6,2025-06-30,turkey_eur_try_monthly_average_lag_1,37.703302665404244,37.703302665404244
elasticnet,10,6,2025-06-30,iron_ore_usd_per_dmtu_lag_3,68.39688350182237,68.39688350182237
elasticnet,10,6,2025-06-30,silver_usd_per_troy_ounce_lag_1,60.52903090814537,60.52903090814537
elasticnet,10,6,2025-06-30,canada_tsx_composite_lundin_mining_lag_3,51.65942151311052,51.65942151311052
elasticnet,10,6,2025-06-30,germany_dax_lag_1,45.78656804044452,45.78656804044452
elasticnet,10,6,2025-06-30,origin_copper_price_usd_per_ton,55.982202447478045,55.982202447478045
ridge,10,6,2025-07-31,origin_usa_nasdaq_composite,113.86518072458091,113.86518072458091
ridge,10,6,2025-07-31,gold_usd_per_troy_ounce_lag_6,164.51853502968353,164.51853502968353
ridge,10,6,2025-07-31,silver_usd_per_troy_ounce_lag_3,123.70527060586035,123.70527060586035
ridge,10,6,2025-07-31,origin_uk_ftse100_antofagasta,78.55892985119424,78.55892985119424
ridge,10,6,2025-07-31,china_refined_copper_production_ton_lag_6,133.76994502655958,133.76994502655958
ridge,10,6,2025-07-31,gold_usd_per_troy_ounce_lag_3,137.64463662522022,137.64463662522022
ridge,10,6,2025-07-31,origin_japan_nikkei225,41.89936329365617,41.89936329365617
ridge,10,6,2025-07-31,origin_hong_kong_hang_seng_zijin_mining,53.65299765311025,53.65299765311025
ridge,10,6,2025-07-31,usa_sp500_southern_copper_lag_1,-5.582531879797285,5.582531879797285
ridge,10,6,2025-07-31,silver_usd_per_troy_ounce_lag_1,123.55953668793198,123.55953668793198
ridge,10,6,2025-07-31,gold_usd_per_troy_ounce_lag_12,81.76411582744389,81.76411582744389
ridge,10,6,2025-07-31,uk_ftse100_antofagasta_lag_3,21.205542812721,21.205542812721
ridge,10,6,2025-07-31,origin_turkey_bist100,-19.255773167490055,19.255773167490055
ridge,10,6,2025-07-31,canada_tsx_composite_lundin_mining_lag_1,37.52229229838141,37.52229229838141
ridge,10,6,2025-07-31,turkey_eur_try_monthly_average_lag_1,11.954747707002884,11.954747707002884
ridge,10,6,2025-07-31,germany_dax_lag_1,10.956475285255536,10.956475285255536
ridge,10,6,2025-07-31,canada_tsx_composite_lundin_mining_lag_3,57.72465267035969,57.72465267035969
ridge,10,6,2025-07-31,origin_south_korea_kospi,167.72661127634592,167.72661127634592
ridge,10,6,2025-07-31,iron_ore_usd_per_dmtu_lag_3,196.0817097425309,196.0817097425309
ridge,10,6,2025-07-31,origin_copper_price_usd_per_ton,71.03270565446672,71.03270565446672
elasticnet,10,6,2025-07-31,origin_usa_nasdaq_composite,61.649428966535666,61.649428966535666
elasticnet,10,6,2025-07-31,gold_usd_per_troy_ounce_lag_6,65.64720082882152,65.64720082882152
elasticnet,10,6,2025-07-31,silver_usd_per_troy_ounce_lag_3,61.75998390762659,61.75998390762659
elasticnet,10,6,2025-07-31,origin_uk_ftse100_antofagasta,55.244181340511965,55.244181340511965
elasticnet,10,6,2025-07-31,china_refined_copper_production_ton_lag_6,53.05935857400213,53.05935857400213
elasticnet,10,6,2025-07-31,gold_usd_per_troy_ounce_lag_3,61.61486607666401,61.61486607666401
elasticnet,10,6,2025-07-31,origin_japan_nikkei225,49.19819627101939,49.19819627101939
elasticnet,10,6,2025-07-31,origin_hong_kong_hang_seng_zijin_mining,53.03201372187,53.03201372187
elasticnet,10,6,2025-07-31,usa_sp500_southern_copper_lag_1,43.13903622659422,43.13903622659422
elasticnet,10,6,2025-07-31,silver_usd_per_troy_ounce_lag_1,60.47138495715848,60.47138495715848
elasticnet,10,6,2025-07-31,gold_usd_per_troy_ounce_lag_12,55.3236655562305,55.3236655562305
elasticnet,10,6,2025-07-31,uk_ftse100_antofagasta_lag_3,49.10991565459377,49.10991565459377
elasticnet,10,6,2025-07-31,origin_turkey_bist100,28.501595667675645,28.501595667675645
elasticnet,10,6,2025-07-31,canada_tsx_composite_lundin_mining_lag_1,49.46787007229033,49.46787007229033
elasticnet,10,6,2025-07-31,turkey_eur_try_monthly_average_lag_1,37.78724757394005,37.78724757394005
elasticnet,10,6,2025-07-31,germany_dax_lag_1,45.63598057642784,45.63598057642784
elasticnet,10,6,2025-07-31,canada_tsx_composite_lundin_mining_lag_3,50.96933014422358,50.96933014422358
elasticnet,10,6,2025-07-31,origin_south_korea_kospi,63.588787022177044,63.588787022177044
elasticnet,10,6,2025-07-31,iron_ore_usd_per_dmtu_lag_3,67.98152893109207,67.98152893109207
elasticnet,10,6,2025-07-31,origin_copper_price_usd_per_ton,56.45652406512368,56.45652406512368
ridge,10,6,2025-08-31,origin_usa_nasdaq_composite,155.73429898794615,155.73429898794615
ridge,10,6,2025-08-31,gold_usd_per_troy_ounce_lag_6,390.3591751617596,390.3591751617596
ridge,10,6,2025-08-31,silver_usd_per_troy_ounce_lag_3,197.39867323677254,197.39867323677254
ridge,10,6,2025-08-31,origin_uk_ftse100_antofagasta,202.30528633070807,202.30528633070807
ridge,10,6,2025-08-31,china_refined_copper_production_ton_lag_6,392.0913258549077,392.0913258549077
ridge,10,6,2025-08-31,gold_usd_per_troy_ounce_lag_3,258.15096450237996,258.15096450237996
ridge,10,6,2025-08-31,origin_germany_dax,-172.52628580314183,172.52628580314183
ridge,10,6,2025-08-31,silver_usd_per_troy_ounce_lag_1,244.78925827794313,244.78925827794313
ridge,10,6,2025-08-31,gold_usd_per_troy_ounce_lag_12,236.45423296885397,236.45423296885397
ridge,10,6,2025-08-31,usa_sp500_southern_copper_lag_1,-246.8741410033054,246.8741410033054
ridge,10,6,2025-08-31,uk_ftse100_antofagasta_lag_3,-18.76154608672553,18.76154608672553
ridge,10,6,2025-08-31,hong_kong_hang_seng_zijin_mining_lag_1,-18.497312863048403,18.497312863048403
ridge,10,6,2025-08-31,japan_nikkei225_lag_1,-60.414157341729094,60.414157341729094
ridge,10,6,2025-08-31,origin_turkey_bist100,4.908952866786689,4.908952866786689
ridge,10,6,2025-08-31,canada_tsx_composite_lundin_mining_lag_1,-53.97136123367141,53.97136123367141
ridge,10,6,2025-08-31,canada_tsx_composite_lundin_mining_lag_3,108.32965256173826,108.32965256173826
ridge,10,6,2025-08-31,hong_kong_hang_seng_zijin_mining_lag_3,-82.05472035619727,82.05472035619727
ridge,10,6,2025-08-31,turkey_eur_try_monthly_average_lag_1,15.796409262137184,15.796409262137184
ridge,10,6,2025-08-31,origin_south_korea_kospi,475.3545068548798,475.3545068548798
ridge,10,6,2025-08-31,origin_canada_tsx_composite_capstone_copper,-306.53163158194087,306.53163158194087
elasticnet,10,6,2025-08-31,origin_usa_nasdaq_composite,61.961769116802806,61.961769116802806
elasticnet,10,6,2025-08-31,gold_usd_per_troy_ounce_lag_6,65.34445259511219,65.34445259511219
elasticnet,10,6,2025-08-31,silver_usd_per_troy_ounce_lag_3,62.19928118004514,62.19928118004514
elasticnet,10,6,2025-08-31,origin_uk_ftse100_antofagasta,56.51822368934885,56.51822368934885
elasticnet,10,6,2025-08-31,china_refined_copper_production_ton_lag_6,54.17976415442195,54.17976415442195
elasticnet,10,6,2025-08-31,gold_usd_per_troy_ounce_lag_3,60.59530422058374,60.59530422058374
elasticnet,10,6,2025-08-31,origin_germany_dax,46.28133034155249,46.28133034155249
elasticnet,10,6,2025-08-31,silver_usd_per_troy_ounce_lag_1,60.74354218300802,60.74354218300802
elasticnet,10,6,2025-08-31,gold_usd_per_troy_ounce_lag_12,56.59655659958285,56.59655659958285
elasticnet,10,6,2025-08-31,usa_sp500_southern_copper_lag_1,42.76727950477765,42.76727950477765
elasticnet,10,6,2025-08-31,uk_ftse100_antofagasta_lag_3,50.44548998619482,50.44548998619482
elasticnet,10,6,2025-08-31,hong_kong_hang_seng_zijin_mining_lag_1,51.494166561687685,51.494166561687685
elasticnet,10,6,2025-08-31,japan_nikkei225_lag_1,47.0643612082054,47.0643612082054
elasticnet,10,6,2025-08-31,origin_turkey_bist100,26.124175320147526,26.124175320147526
elasticnet,10,6,2025-08-31,canada_tsx_composite_lundin_mining_lag_1,50.763852969877334,50.763852969877334
elasticnet,10,6,2025-08-31,canada_tsx_composite_lundin_mining_lag_3,51.88790676437055,51.88790676437055
elasticnet,10,6,2025-08-31,hong_kong_hang_seng_zijin_mining_lag_3,49.160879127880385,49.160879127880385
elasticnet,10,6,2025-08-31,turkey_eur_try_monthly_average_lag_1,35.85371641311743,35.85371641311743
elasticnet,10,6,2025-08-31,origin_south_korea_kospi,67.38139339995878,67.38139339995878
elasticnet,10,6,2025-08-31,origin_canada_tsx_composite_capstone_copper,41.52318521001703,41.52318521001703
ridge,10,6,2025-09-30,origin_usa_nasdaq_composite,139.92461166344341,139.92461166344341
ridge,10,6,2025-09-30,gold_usd_per_troy_ounce_lag_6,159.40829782178596,159.40829782178596
ridge,10,6,2025-09-30,silver_usd_per_troy_ounce_lag_3,148.52902114771916,148.52902114771916
ridge,10,6,2025-09-30,origin_uk_ftse100_antofagasta,128.85080905429533,128.85080905429533
ridge,10,6,2025-09-30,china_refined_copper_production_ton_lag_6,131.27006120875657,131.27006120875657
ridge,10,6,2025-09-30,gold_usd_per_troy_ounce_lag_3,126.22566576171991,126.22566576171991
ridge,10,6,2025-09-30,gold_usd_per_troy_ounce_lag_12,121.50769090043147,121.50769090043147
ridge,10,6,2025-09-30,origin_germany_dax,18.68167046127206,18.68167046127206
ridge,10,6,2025-09-30,silver_usd_per_troy_ounce_lag_1,140.4664921757415,140.4664921757415
ridge,10,6,2025-09-30,japan_nikkei225_lag_1,36.245005220480635,36.245005220480635
ridge,10,6,2025-09-30,uk_ftse100_antofagasta_lag_3,63.88179764501406,63.88179764501406
ridge,10,6,2025-09-30,usa_sp500_southern_copper_lag_1,-1.6046619843115513,1.6046619843115513
ridge,10,6,2025-09-30,hong_kong_hang_seng_zijin_mining_lag_3,39.72498992947039,39.72498992947039
ridge,10,6,2025-09-30,hong_kong_hang_seng_zijin_mining_lag_1,59.39066000883162,59.39066000883162
ridge,10,6,2025-09-30,silver_usd_per_troy_ounce_lag_6,119.45389295674794,119.45389295674794
ridge,10,6,2025-09-30,origin_turkey_bist100,-70.18247832925404,70.18247832925404
ridge,10,6,2025-09-30,canada_tsx_composite_lundin_mining_lag_1,78.34646411202117,78.34646411202117
ridge,10,6,2025-09-30,canada_tsx_composite_lundin_mining_lag_3,88.73345747409991,88.73345747409991
ridge,10,6,2025-09-30,origin_canada_tsx_composite_capstone_copper,-13.913034798149297,13.913034798149297
ridge,10,6,2025-09-30,turkey_eur_try_monthly_average_lag_1,-27.45259759418807,27.45259759418807
elasticnet,10,6,2025-09-30,origin_usa_nasdaq_composite,61.78980621032207,61.78980621032207
elasticnet,10,6,2025-09-30,gold_usd_per_troy_ounce_lag_6,63.72992754338643,63.72992754338643
elasticnet,10,6,2025-09-30,silver_usd_per_troy_ounce_lag_3,62.291010386058595,62.291010386058595
elasticnet,10,6,2025-09-30,origin_uk_ftse100_antofagasta,57.20607196829121,57.20607196829121
elasticnet,10,6,2025-09-30,china_refined_copper_production_ton_lag_6,52.2148770848688,52.2148770848688
elasticnet,10,6,2025-09-30,gold_usd_per_troy_ounce_lag_3,59.3430306862066,59.3430306862066
elasticnet,10,6,2025-09-30,gold_usd_per_troy_ounce_lag_12,56.67759087792898,56.67759087792898
elasticnet,10,6,2025-09-30,origin_germany_dax,45.37963143832172,45.37963143832172
elasticnet,10,6,2025-09-30,silver_usd_per_troy_ounce_lag_1,60.49982177791602,60.49982177791602
elasticnet,10,6,2025-09-30,japan_nikkei225_lag_1,47.17383556011287,47.17383556011287
elasticnet,10,6,2025-09-30,uk_ftse100_antofagasta_lag_3,51.328136747368866,51.328136747368866
elasticnet,10,6,2025-09-30,usa_sp500_southern_copper_lag_1,42.97975956015831,42.97975956015831
elasticnet,10,6,2025-09-30,hong_kong_hang_seng_zijin_mining_lag_3,49.06626603416514,49.06626603416514
elasticnet,10,6,2025-09-30,hong_kong_hang_seng_zijin_mining_lag_1,51.461868370995965,51.461868370995965
elasticnet,10,6,2025-09-30,silver_usd_per_troy_ounce_lag_6,58.03371282902499,58.03371282902499
elasticnet,10,6,2025-09-30,origin_turkey_bist100,25.425368039987344,25.425368039987344
elasticnet,10,6,2025-09-30,canada_tsx_composite_lundin_mining_lag_1,51.63523996474358,51.63523996474358
elasticnet,10,6,2025-09-30,canada_tsx_composite_lundin_mining_lag_3,52.72435862525683,52.72435862525683
elasticnet,10,6,2025-09-30,origin_canada_tsx_composite_capstone_copper,41.69110366111717,41.69110366111717
elasticnet,10,6,2025-09-30,turkey_eur_try_monthly_average_lag_1,34.774352222933146,34.774352222933146
ridge,10,6,2025-10-31,origin_usa_nasdaq_composite,139.3896790195814,139.3896790195814
ridge,10,6,2025-10-31,gold_usd_per_troy_ounce_lag_6,157.65934313848473,157.65934313848473
ridge,10,6,2025-10-31,silver_usd_per_troy_ounce_lag_3,150.5804881193996,150.5804881193996
ridge,10,6,2025-10-31,origin_uk_ftse100_antofagasta,127.75255566436553,127.75255566436553
ridge,10,6,2025-10-31,gold_usd_per_troy_ounce_lag_3,125.9749865716791,125.9749865716791
ridge,10,6,2025-10-31,gold_usd_per_troy_ounce_lag_12,127.21533084304616,127.21533084304616
ridge,10,6,2025-10-31,china_refined_copper_production_ton_lag_6,127.27465071026836,127.27465071026836
ridge,10,6,2025-10-31,silver_usd_per_troy_ounce_lag_1,139.83320978161603,139.83320978161603
ridge,10,6,2025-10-31,origin_germany_dax,17.93354421625628,17.93354421625628
ridge,10,6,2025-10-31,japan_nikkei225_lag_1,39.20159964213655,39.20159964213655
ridge,10,6,2025-10-31,hong_kong_hang_seng_zijin_mining_lag_3,42.597255930411364,42.597255930411364
ridge,10,6,2025-10-31,uk_ftse100_antofagasta_lag_3,65.56707006640586,65.56707006640586
ridge,10,6,2025-10-31,silver_usd_per_troy_ounce_lag_6,121.0394474352347,121.0394474352347
ridge,10,6,2025-10-31,usa_sp500_southern_copper_lag_1,-1.3252976215770529,1.3252976215770529
ridge,10,6,2025-10-31,hong_kong_hang_seng_zijin_mining_lag_1,60.66386285196889,60.66386285196889
ridge,10,6,2025-10-31,origin_turkey_bist100,-66.52149975892696,66.52149975892696
ridge,10,6,2025-10-31,canada_tsx_composite_lundin_mining_lag_3,89.2827992478544,89.2827992478544
ridge,10,6,2025-10-31,canada_tsx_composite_lundin_mining_lag_1,75.92755095949332,75.92755095949332
ridge,10,6,2025-10-31,turkey_usd_try_monthly_average_lag_1,-28.727131818963844,28.727131818963844
ridge,10,6,2025-10-31,origin_canada_tsx_composite_capstone_copper,-12.23080086471094,12.23080086471094
elasticnet,10,6,2025-10-31,origin_usa_nasdaq_composite,61.95028952617437,61.95028952617437
elasticnet,10,6,2025-10-31,gold_usd_per_troy_ounce_lag_6,63.807622757187964,63.807622757187964
elasticnet,10,6,2025-10-31,silver_usd_per_troy_ounce_lag_3,62.90703937759585,62.90703937759585
elasticnet,10,6,2025-10-31,origin_uk_ftse100_antofagasta,57.061507724551596,57.061507724551596
elasticnet,10,6,2025-10-31,gold_usd_per_troy_ounce_lag_3,59.68223068798845,59.68223068798845
elasticnet,10,6,2025-10-31,gold_usd_per_troy_ounce_lag_12,58.03300827536089,58.03300827536089
elasticnet,10,6,2025-10-31,china_refined_copper_production_ton_lag_6,52.2324816607114,52.2324816607114
elasticnet,10,6,2025-10-31,silver_usd_per_troy_ounce_lag_1,60.85293907549069,60.85293907549069
elasticnet,10,6,2025-10-31,origin_germany_dax,45.840370525235514,45.840370525235514
elasticnet,10,6,2025-10-31,japan_nikkei225_lag_1,47.95157656179731,47.95157656179731
elasticnet,10,6,2025-10-31,hong_kong_hang_seng_zijin_mining_lag_3,49.772773240360344,49.772773240360344
elasticnet,10,6,2025-10-31,uk_ftse100_antofagasta_lag_3,51.787958330081985,51.787958330081985
elasticnet,10,6,2025-10-31,silver_usd_per_troy_ounce_lag_6,58.634370920135495,58.634370920135495
elasticnet,10,6,2025-10-31,usa_sp500_southern_copper_lag_1,43.43542834607823,43.43542834607823
elasticnet,10,6,2025-10-31,hong_kong_hang_seng_zijin_mining_lag_1,52.062091691625675,52.062091691625675
elasticnet,10,6,2025-10-31,origin_turkey_bist100,26.642592156123737,26.642592156123737
elasticnet,10,6,2025-10-31,canada_tsx_composite_lundin_mining_lag_3,53.020452310623156,53.020452310623156
elasticnet,10,6,2025-10-31,canada_tsx_composite_lundin_mining_lag_1,51.58674111728846,51.58674111728846
elasticnet,10,6,2025-10-31,turkey_usd_try_monthly_average_lag_1,34.82936115098544,34.82936115098544
elasticnet,10,6,2025-10-31,origin_canada_tsx_composite_capstone_copper,41.992497626092124,41.992497626092124
ridge,10,6,2025-11-30,gold_usd_per_troy_ounce_lag_6,150.27489274572108,150.27489274572108
ridge,10,6,2025-11-30,origin_usa_nasdaq_composite,133.3908982378819,133.3908982378819
ridge,10,6,2025-11-30,silver_usd_per_troy_ounce_lag_3,149.1202388199047,149.1202388199047
ridge,10,6,2025-11-30,gold_usd_per_troy_ounce_lag_12,119.76653280189531,119.76653280189531
ridge,10,6,2025-11-30,origin_uk_ftse100_antofagasta,120.76938037422575,120.76938037422575
ridge,10,6,2025-11-30,gold_usd_per_troy_ounce_lag_3,119.20597567711935,119.20597567711935
ridge,10,6,2025-11-30,china_refined_copper_production_ton_lag_6,116.42493656738617,116.42493656738617
ridge,10,6,2025-11-30,silver_usd_per_troy_ounce_lag_1,140.5417290034133,140.5417290034133
ridge,10,6,2025-11-30,origin_germany_dax,13.170748527037139,13.170748527037139
ridge,10,6,2025-11-30,silver_usd_per_troy_ounce_lag_6,119.30836856938353,119.30836856938353
ridge,10,6,2025-11-30,japan_nikkei225_lag_1,33.80478192902199,33.80478192902199
ridge,10,6,2025-11-30,hong_kong_hang_seng_zijin_mining_lag_3,36.586917370269774,36.586917370269774
ridge,10,6,2025-11-30,uk_ftse100_antofagasta_lag_3,63.274064585580945,63.274064585580945
ridge,10,6,2025-11-30,origin_hong_kong_hang_seng_zijin_mining,72.04651851659341,72.04651851659341
ridge,10,6,2025-11-30,usa_sp500_southern_copper_lag_1,-0.2770467003248414,0.2770467003248414
ridge,10,6,2025-11-30,origin_shfe_close_cny_per_ton,74.85005542393993,74.85005542393993
ridge,10,6,2025-11-30,origin_turkey_bist100,-72.55151765049477,72.55151765049477
ridge,10,6,2025-11-30,usd_inr_lag_12,61.44580516333852,61.44580516333852
ridge,10,6,2025-11-30,turkey_usd_try_monthly_average_lag_1,-36.771334821055824,36.771334821055824
ridge,10,6,2025-11-30,canada_tsx_composite_lundin_mining_lag_3,94.06249082467762,94.06249082467762
elasticnet,10,6,2025-11-30,gold_usd_per_troy_ounce_lag_6,63.115389621736504,63.115389621736504
elasticnet,10,6,2025-11-30,origin_usa_nasdaq_composite,61.55777961909585,61.55777961909585
elasticnet,10,6,2025-11-30,silver_usd_per_troy_ounce_lag_3,63.02257240599648,63.02257240599648
elasticnet,10,6,2025-11-30,gold_usd_per_troy_ounce_lag_12,58.30169604019903,58.30169604019903
elasticnet,10,6,2025-11-30,origin_uk_ftse100_antofagasta,56.745195146665694,56.745195146665694
elasticnet,10,6,2025-11-30,gold_usd_per_troy_ounce_lag_3,58.97848344025887,58.97848344025887
elasticnet,10,6,2025-11-30,china_refined_copper_production_ton_lag_6,51.38341957074756,51.38341957074756
elasticnet,10,6,2025-11-30,silver_usd_per_troy_ounce_lag_1,61.18688288464901,61.18688288464901
elasticnet,10,6,2025-11-30,origin_germany_dax,45.69316249446205,45.69316249446205
elasticnet,10,6,2025-11-30,silver_usd_per_troy_ounce_lag_6,58.855000998081664,58.855000998081664
elasticnet,10,6,2025-11-30,japan_nikkei225_lag_1,47.573397239777115,47.573397239777115
elasticnet,10,6,2025-11-30,hong_kong_hang_seng_zijin_mining_lag_3,49.80179660786752,49.80179660786752
elasticnet,10,6,2025-11-30,uk_ftse100_antofagasta_lag_3,51.870574858548906,51.870574858548906
elasticnet,10,6,2025-11-30,origin_hong_kong_hang_seng_zijin_mining,53.82340298180183,53.82340298180183
elasticnet,10,6,2025-11-30,usa_sp500_southern_copper_lag_1,43.80719734206109,43.80719734206109
elasticnet,10,6,2025-11-30,origin_shfe_close_cny_per_ton,53.74603873114947,53.74603873114947
elasticnet,10,6,2025-11-30,origin_turkey_bist100,27.010003865246105,27.010003865246105
elasticnet,10,6,2025-11-30,usd_inr_lag_12,49.3953693327588,49.3953693327588
elasticnet,10,6,2025-11-30,turkey_usd_try_monthly_average_lag_1,34.887584136082225,34.887584136082225
elasticnet,10,6,2025-11-30,canada_tsx_composite_lundin_mining_lag_3,53.36784222563312,53.36784222563312
ridge,10,6,2025-12-31,gold_usd_per_troy_ounce_lag_6,153.84106388151343,153.84106388151343
ridge,10,6,2025-12-31,origin_usa_nasdaq_composite,136.3977918404387,136.3977918404387
ridge,10,6,2025-12-31,silver_usd_per_troy_ounce_lag_3,160.1455253572741,160.1455253572741
ridge,10,6,2025-12-31,gold_usd_per_troy_ounce_lag_12,131.32773338455016,131.32773338455016
ridge,10,6,2025-12-31,silver_usd_per_troy_ounce_lag_6,130.92885879382214,130.92885879382214
ridge,10,6,2025-12-31,gold_usd_per_troy_ounce_lag_3,123.35309834961252,123.35309834961252
ridge,10,6,2025-12-31,silver_usd_per_troy_ounce_lag_1,146.99779719468663,146.99779719468663
ridge,10,6,2025-12-31,origin_uk_ftse100_antofagasta,118.33147069764354,118.33147069764354
ridge,10,6,2025-12-31,china_refined_copper_production_ton_lag_6,114.07163992495221,114.07163992495221
ridge,10,6,2025-12-31,origin_germany_dax,26.79277994320415,26.79277994320415
ridge,10,6,2025-12-31,japan_nikkei225_lag_1,38.051184401443535,38.051184401443535
ridge,10,6,2025-12-31,hong_kong_hang_seng_zijin_mining_lag_3,44.630074015455065,44.630074015455065
ridge,10,6,2025-12-31,uk_ftse100_antofagasta_lag_3,75.03739446698954,75.03739446698954
ridge,10,6,2025-12-31,usd_inr_lag_12,71.85207082746678,71.85207082746678
ridge,10,6,2025-12-31,origin_shfe_close_cny_per_ton,89.40782397571193,89.40782397571193
ridge,10,6,2025-12-31,origin_hong_kong_hang_seng_zijin_mining,75.11435962476858,75.11435962476858
ridge,10,6,2025-12-31,usa_sp500_southern_copper_lag_1,5.604828920775881,5.604828920775881
ridge,10,6,2025-12-31,origin_turkey_bist100,-71.11782318206173,71.11782318206173
ridge,10,6,2025-12-31,turkey_usd_try_monthly_average_lag_1,-33.57996350004386,33.57996350004386
ridge,10,6,2025-12-31,origin_canada_tsx_composite_capstone_copper,-15.068488904169572,15.068488904169572
elasticnet,10,6,2025-12-31,gold_usd_per_troy_ounce_lag_6,64.45271418799932,64.45271418799932
elasticnet,10,6,2025-12-31,origin_usa_nasdaq_composite,62.39664095655024,62.39664095655024
elasticnet,10,6,2025-12-31,silver_usd_per_troy_ounce_lag_3,64.64889868297092,64.64889868297092
elasticnet,10,6,2025-12-31,gold_usd_per_troy_ounce_lag_12,60.53005230212833,60.53005230212833
elasticnet,10,6,2025-12-31,silver_usd_per_troy_ounce_lag_6,60.78753994214871,60.78753994214871
elasticnet,10,6,2025-12-31,gold_usd_per_troy_ounce_lag_3,60.32439183826087,60.32439183826087
elasticnet,10,6,2025-12-31,silver_usd_per_troy_ounce_lag_1,62.472225064351186,62.472225064351186
elasticnet,10,6,2025-12-31,origin_uk_ftse100_antofagasta,56.516572909273265,56.516572909273265
elasticnet,10,6,2025-12-31,china_refined_copper_production_ton_lag_6,52.17778541631239,52.17778541631239
elasticnet,10,6,2025-12-31,origin_germany_dax,47.87145293365364,47.87145293365364
elasticnet,10,6,2025-12-31,japan_nikkei225_lag_1,48.351087632682066,48.351087632682066
elasticnet,10,6,2025-12-31,hong_kong_hang_seng_zijin_mining_lag_3,50.933792335512145,50.933792335512145
elasticnet,10,6,2025-12-31,uk_ftse100_antofagasta_lag_3,52.86786859406345,52.86786859406345
elasticnet,10,6,2025-12-31,usd_inr_lag_12,51.37895280966141,51.37895280966141
elasticnet,10,6,2025-12-31,origin_shfe_close_cny_per_ton,55.515804344224414,55.515804344224414
elasticnet,10,6,2025-12-31,origin_hong_kong_hang_seng_zijin_mining,54.64068086958306,54.64068086958306
elasticnet,10,6,2025-12-31,usa_sp500_southern_copper_lag_1,44.341106001669196,44.341106001669196
elasticnet,10,6,2025-12-31,origin_turkey_bist100,28.00589572794937,28.00589572794937
elasticnet,10,6,2025-12-31,turkey_usd_try_monthly_average_lag_1,36.23427243201538,36.23427243201538
elasticnet,10,6,2025-12-31,origin_canada_tsx_composite_capstone_copper,42.357425024923124,42.357425024923124
ridge,10,6,2026-01-31,gold_usd_per_troy_ounce_lag_6,161.7019736743211,161.7019736743211
ridge,10,6,2026-01-31,origin_usa_nasdaq_composite,137.52967663489383,137.52967663489383
ridge,10,6,2026-01-31,silver_usd_per_troy_ounce_lag_3,161.37900929081317,161.37900929081317
ridge,10,6,2026-01-31,gold_usd_per_troy_ounce_lag_12,149.87184507556287,149.87184507556287
ridge,10,6,2026-01-31,silver_usd_per_troy_ounce_lag_6,134.9539305426094,134.9539305426094
ridge,10,6,2026-01-31,silver_usd_per_troy_ounce_lag_1,155.49160084402624,155.49160084402624
ridge,10,6,2026-01-31,gold_usd_per_troy_ounce_lag_3,141.5166323317911,141.5166323317911
ridge,10,6,2026-01-31,origin_germany_dax,46.30568664471719,46.30568664471719
ridge,10,6,2026-01-31,origin_uk_ftse100_antofagasta,108.24324056454695,108.24324056454695
ridge,10,6,2026-01-31,japan_nikkei225_lag_1,38.72024838693133,38.72024838693133
ridge,10,6,2026-01-31,china_refined_copper_production_ton_lag_6,80.1605489604321,80.1605489604321
ridge,10,6,2026-01-31,usd_inr_lag_12,80.30813022482877,80.30813022482877
ridge,10,6,2026-01-31,origin_shfe_close_cny_per_ton,95.11709225093257,95.11709225093257
ridge,10,6,2026-01-31,hong_kong_hang_seng_zijin_mining_lag_3,43.27850987644152,43.27850987644152
ridge,10,6,2026-01-31,origin_hong_kong_hang_seng_zijin_mining,84.76852487169727,84.76852487169727
ridge,10,6,2026-01-31,uk_ftse100_antofagasta_lag_3,55.98264161881967,55.98264161881967
ridge,10,6,2026-01-31,usa_sp500_southern_copper_lag_1,1.9217121686650123,1.9217121686650123
ridge,10,6,2026-01-31,origin_turkey_bist100,-61.45736534870129,61.45736534870129
ridge,10,6,2026-01-31,turkey_usd_try_monthly_average_lag_1,-24.054244779173136,24.054244779173136
ridge,10,6,2026-01-31,origin_canada_tsx_composite_capstone_copper,-21.191978631395095,21.191978631395095
elasticnet,10,6,2026-01-31,gold_usd_per_troy_ounce_lag_6,67.05780224721725,67.05780224721725
elasticnet,10,6,2026-01-31,origin_usa_nasdaq_composite,64.07643391834624,64.07643391834624
elasticnet,10,6,2026-01-31,silver_usd_per_troy_ounce_lag_3,66.5124357545031,66.5124357545031
elasticnet,10,6,2026-01-31,gold_usd_per_troy_ounce_lag_12,64.3429262842783,64.3429262842783
elasticnet,10,6,2026-01-31,silver_usd_per_troy_ounce_lag_6,62.88431507390167,62.88431507390167
elasticnet,10,6,2026-01-31,silver_usd_per_troy_ounce_lag_1,65.17351030405382,65.17351030405382
elasticnet,10,6,2026-01-31,gold_usd_per_troy_ounce_lag_3,63.89814270315629,63.89814270315629
elasticnet,10,6,2026-01-31,origin_germany_dax,51.72903679754491,51.72903679754491
elasticnet,10,6,2026-01-31,origin_uk_ftse100_antofagasta,56.66364198223322,56.66364198223322
elasticnet,10,6,2026-01-31,japan_nikkei225_lag_1,49.90087411764184,49.90087411764184
elasticnet,10,6,2026-01-31,china_refined_copper_production_ton_lag_6,48.24582118725541,48.24582118725541
elasticnet,10,6,2026-01-31,usd_inr_lag_12,53.9943664971829,53.9943664971829
elasticnet,10,6,2026-01-31,origin_shfe_close_cny_per_ton,57.47108153767478,57.47108153767478
elasticnet,10,6,2026-01-31,hong_kong_hang_seng_zijin_mining_lag_3,52.33605365588422,52.33605365588422
elasticnet,10,6,2026-01-31,origin_hong_kong_hang_seng_zijin_mining,57.246345513238595,57.246345513238595
elasticnet,10,6,2026-01-31,uk_ftse100_antofagasta_lag_3,51.63407913235131,51.63407913235131
elasticnet,10,6,2026-01-31,usa_sp500_southern_copper_lag_1,45.24188353843666,45.24188353843666
elasticnet,10,6,2026-01-31,origin_turkey_bist100,30.971265014518735,30.971265014518735
elasticnet,10,6,2026-01-31,turkey_usd_try_monthly_average_lag_1,39.19801057701607,39.19801057701607
elasticnet,10,6,2026-01-31,origin_canada_tsx_composite_capstone_copper,43.03444789577435,43.03444789577435
ridge,10,6,2026-02-28,silver_usd_per_troy_ounce_lag_3,145.94307199147016,145.94307199147016
ridge,10,6,2026-02-28,gold_usd_per_troy_ounce_lag_6,162.58577410841502,162.58577410841502
ridge,10,6,2026-02-28,origin_usa_nasdaq_composite,135.13657993463286,135.13657993463286
ridge,10,6,2026-02-28,gold_usd_per_troy_ounce_lag_12,144.47605322699914,144.47605322699914
ridge,10,6,2026-02-28,silver_usd_per_troy_ounce_lag_6,119.01778686058154,119.01778686058154
ridge,10,6,2026-02-28,silver_usd_per_troy_ounce_lag_1,147.9198177259144,147.9198177259144
ridge,10,6,2026-02-28,gold_usd_per_troy_ounce_lag_3,155.33440184087428,155.33440184087428
ridge,10,6,2026-02-28,origin_germany_dax,56.025742956917604,56.025742956917604
ridge,10,6,2026-02-28,origin_uk_ftse100_antofagasta,98.0568463071137,98.0568463071137
ridge,10,6,2026-02-28,japan_nikkei225_lag_1,41.004548837963576,41.004548837963576
ridge,10,6,2026-02-28,usd_inr_lag_12,69.14658533984044,69.14658533984044
ridge,10,6,2026-02-28,origin_shfe_close_cny_per_ton,75.94073969526845,75.94073969526845
ridge,10,6,2026-02-28,hong_kong_hang_seng_zijin_mining_lag_3,30.370998425533216,30.370998425533216
ridge,10,6,2026-02-28,china_refined_copper_production_ton_lag_6,53.98693945129517,53.98693945129517
ridge,10,6,2026-02-28,origin_hong_kong_hang_seng_zijin_mining,83.57862149259817,83.57862149259817
ridge,10,6,2026-02-28,uk_ftse100_antofagasta_lag_3,40.146174618168935,40.146174618168935
ridge,10,6,2026-02-28,usa_sp500_southern_copper_lag_1,-1.6240547149026756,1.6240547149026756
ridge,10,6,2026-02-28,origin_turkey_bist100,-46.43595432026517,46.43595432026517
ridge,10,6,2026-02-28,turkey_usd_try_monthly_average_lag_1,-11.00967451630328,11.00967451630328
ridge,10,6,2026-02-28,japan_industrial_production_lag_12,-156.29543475272249,156.29543475272249
elasticnet,10,6,2026-02-28,silver_usd_per_troy_ounce_lag_3,67.56457683051968,67.56457683051968
elasticnet,10,6,2026-02-28,gold_usd_per_troy_ounce_lag_6,69.01208902680905,69.01208902680905
elasticnet,10,6,2026-02-28,origin_usa_nasdaq_composite,65.57802920026256,65.57802920026256
elasticnet,10,6,2026-02-28,gold_usd_per_troy_ounce_lag_12,66.2744295601215,66.2744295601215
elasticnet,10,6,2026-02-28,silver_usd_per_troy_ounce_lag_6,63.94218601013078,63.94218601013078
elasticnet,10,6,2026-02-28,silver_usd_per_troy_ounce_lag_1,67.02533818200482,67.02533818200482
elasticnet,10,6,2026-02-28,gold_usd_per_troy_ounce_lag_3,66.73560225470374,66.73560225470374
elasticnet,10,6,2026-02-28,origin_germany_dax,54.61159155820438,54.61159155820438
elasticnet,10,6,2026-02-28,origin_uk_ftse100_antofagasta,57.61696626080857,57.61696626080857
elasticnet,10,6,2026-02-28,japan_nikkei225_lag_1,51.937627358952675,51.937627358952675
elasticnet,10,6,2026-02-28,usd_inr_lag_12,54.705279876607015,54.705279876607015
elasticnet,10,6,2026-02-28,origin_shfe_close_cny_per_ton,57.525014201811196,57.525014201811196
elasticnet,10,6,2026-02-28,hong_kong_hang_seng_zijin_mining_lag_3,53.68705003502982,53.68705003502982
elasticnet,10,6,2026-02-28,china_refined_copper_production_ton_lag_6,45.08185830365942,45.08185830365942
elasticnet,10,6,2026-02-28,origin_hong_kong_hang_seng_zijin_mining,59.72566140891807,59.72566140891807
elasticnet,10,6,2026-02-28,uk_ftse100_antofagasta_lag_3,51.61532579967568,51.61532579967568
elasticnet,10,6,2026-02-28,usa_sp500_southern_copper_lag_1,46.7272963454779,46.7272963454779
elasticnet,10,6,2026-02-28,origin_turkey_bist100,34.73498376657426,34.73498376657426
elasticnet,10,6,2026-02-28,turkey_usd_try_monthly_average_lag_1,42.46406159111385,42.46406159111385
elasticnet,10,6,2026-02-28,japan_industrial_production_lag_12,-62.83692969692136,62.83692969692136
ridge,10,12,2025-01-31,gold_usd_per_troy_ounce_lag_1,489.03033039091815,489.03033039091815
ridge,10,12,2025-01-31,gold_usd_per_troy_ounce_lag_3,294.2070471923508,294.2070471923508
ridge,10,12,2025-01-31,china_refined_copper_production_ton_lag_1,342.8942231374572,342.8942231374572
ridge,10,12,2025-01-31,gold_usd_per_troy_ounce_lag_6,81.09693437485556,81.09693437485556
ridge,10,12,2025-01-31,china_refined_copper_production_ton_lag_3,54.79536206633448,54.79536206633448
ridge,10,12,2025-01-31,turkey_cpi_index_lag_1,-268.88249372431153,268.88249372431153
ridge,10,12,2025-01-31,origin_usa_nasdaq_composite,139.39940699818962,139.39940699818962
ridge,10,12,2025-01-31,usd_inr_lag_6,-129.4913658528005,129.4913658528005
ridge,10,12,2025-01-31,usd_inr_lag_12,-41.34040672607598,41.34040672607598
ridge,10,12,2025-01-31,iron_ore_usd_per_dmtu_lag_1,103.0599232371624,103.0599232371624
ridge,10,12,2025-01-31,lead_stock_ton_lag_12,-117.18592423189358,117.18592423189358
ridge,10,12,2025-01-31,usd_inr_lag_3,8.444520746324933,8.444520746324933
ridge,10,12,2025-01-31,japan_industrial_production_lag_3,-265.803868013548,265.803868013548
ridge,10,12,2025-01-31,nickel_stock_ton_lag_12,135.1399139851085,135.1399139851085
ridge,10,12,2025-01-31,silver_usd_per_troy_ounce_lag_1,22.506830686065847,22.506830686065847
ridge,10,12,2025-01-31,japan_industrial_production_lag_6,-166.49518346145575,166.49518346145575
ridge,10,12,2025-01-31,peru_industrial_electricity_tariff_index_lag_3,237.70244382039388,237.70244382039388
ridge,10,12,2025-01-31,origin_hong_kong_hang_seng_zijin_mining,-171.69800157400786,171.69800157400786
ridge,10,12,2025-01-31,iron_ore_usd_per_dmtu_lag_3,-180.50946375696302,180.50946375696302
ridge,10,12,2025-01-31,china_refined_copper_production_ton_lag_6,222.65347990558843,222.65347990558843
elasticnet,10,12,2025-01-31,gold_usd_per_troy_ounce_lag_1,69.25238415468762,69.25238415468762
elasticnet,10,12,2025-01-31,gold_usd_per_troy_ounce_lag_3,65.36269733384957,65.36269733384957
elasticnet,10,12,2025-01-31,china_refined_copper_production_ton_lag_1,53.17487782190635,53.17487782190635
elasticnet,10,12,2025-01-31,gold_usd_per_troy_ounce_lag_6,57.17317542826788,57.17317542826788
elasticnet,10,12,2025-01-31,china_refined_copper_production_ton_lag_3,45.23673658332465,45.23673658332465
elasticnet,10,12,2025-01-31,turkey_cpi_index_lag_1,32.10949098412329,32.10949098412329
elasticnet,10,12,2025-01-31,origin_usa_nasdaq_composite,58.76539809004055,58.76539809004055
elasticnet,10,12,2025-01-31,usd_inr_lag_6,44.56491036914094,44.56491036914094
elasticnet,10,12,2025-01-31,usd_inr_lag_12,38.2973135239271,38.2973135239271
elasticnet,10,12,2025-01-31,iron_ore_usd_per_dmtu_lag_1,50.42480447377348,50.42480447377348
elasticnet,10,12,2025-01-31,lead_stock_ton_lag_12,-46.98525980293498,46.98525980293498
elasticnet,10,12,2025-01-31,usd_inr_lag_3,49.907162985893876,49.907162985893876
elasticnet,10,12,2025-01-31,japan_industrial_production_lag_3,-63.81275489506725,63.81275489506725
elasticnet,10,12,2025-01-31,nickel_stock_ton_lag_12,-40.42060481733965,40.42060481733965
elasticnet,10,12,2025-01-31,silver_usd_per_troy_ounce_lag_1,56.35572486372841,56.35572486372841
elasticnet,10,12,2025-01-31,japan_industrial_production_lag_6,-58.04891894692088,58.04891894692088
elasticnet,10,12,2025-01-31,peru_industrial_electricity_tariff_index_lag_3,55.34968031620664,55.34968031620664
elasticnet,10,12,2025-01-31,origin_hong_kong_hang_seng_zijin_mining,46.76678999854333,46.76678999854333
elasticnet,10,12,2025-01-31,iron_ore_usd_per_dmtu_lag_3,41.07360238005576,41.07360238005576
elasticnet,10,12,2025-01-31,china_refined_copper_production_ton_lag_6,47.28778195496575,47.28778195496575
ridge,10,12,2025-02-28,gold_usd_per_troy_ounce_lag_1,174.65905319637827,174.65905319637827
ridge,10,12,2025-02-28,gold_usd_per_troy_ounce_lag_3,138.1187384948979,138.1187384948979
ridge,10,12,2025-02-28,china_refined_copper_production_ton_lag_1,134.30351554909646,134.30351554909646
ridge,10,12,2025-02-28,gold_usd_per_troy_ounce_lag_6,84.18105325278877,84.18105325278877
ridge,10,12,2025-02-28,china_refined_copper_production_ton_lag_3,63.28977452553062,63.28977452553062
ridge,10,12,2025-02-28,turkey_cpi_index_lag_1,-29.58170669398619,29.58170669398619
ridge,10,12,2025-02-28,origin_usa_nasdaq_composite,89.34728922927924,89.34728922927924
ridge,10,12,2025-02-28,usd_inr_lag_6,21.2643626640333,21.2643626640333
ridge,10,12,2025-02-28,usd_inr_lag_12,-16.686772332331365,16.686772332331365
ridge,10,12,2025-02-28,iron_ore_usd_per_dmtu_lag_1,85.64520788419749,85.64520788419749
ridge,10,12,2025-02-28,lead_stock_ton_lag_12,-66.82154470115644,66.82154470115644
ridge,10,12,2025-02-28,usd_inr_lag_3,65.60177340258771,65.60177340258771
ridge,10,12,2025-02-28,japan_industrial_production_lag_3,-186.27541373162992,186.27541373162992
ridge,10,12,2025-02-28,nickel_stock_ton_lag_12,-24.577397480453,24.577397480453
ridge,10,12,2025-02-28,japan_industrial_production_lag_6,-138.47754490099294,138.47754490099294
ridge,10,12,2025-02-28,silver_usd_per_troy_ounce_lag_1,92.10775194488176,92.10775194488176
ridge,10,12,2025-02-28,peru_industrial_electricity_tariff_index_lag_3,124.70610594318775,124.70610594318775
ridge,10,12,2025-02-28,china_refined_copper_production_ton_lag_6,89.61248960513215,89.61248960513215
ridge,10,12,2025-02-28,iron_ore_usd_per_dmtu_lag_3,22.340707107819618,22.340707107819618
ridge,10,12,2025-02-28,origin_hong_kong_hang_seng_zijin_mining,7.116100872822806,7.116100872822806
elasticnet,10,12,2025-02-28,gold_usd_per_troy_ounce_lag_1,69.13511855732732,69.13511855732732
elasticnet,10,12,2025-02-28,gold_usd_per_troy_ounce_lag_3,65.00514064234538,65.00514064234538
elasticnet,10,12,2025-02-28,china_refined_copper_production_ton_lag_1,53.69497952572639,53.69497952572639
elasticnet,10,12,2025-02-28,gold_usd_per_troy_ounce_lag_6,57.031976641956135,57.031976641956135
elasticnet,10,12,2025-02-28,china_refined_copper_production_ton_lag_3,45.42409829365757,45.42409829365757
elasticnet,10,12,2025-02-28,turkey_cpi_index_lag_1,31.895413498824368,31.895413498824368
elasticnet,10,12,2025-02-28,origin_usa_nasdaq_composite,56.90711890779697,56.90711890779697
elasticnet,10,12,2025-02-28,usd_inr_lag_6,45.483985584135766,45.483985584135766
elasticnet,10,12,2025-02-28,usd_inr_lag_12,37.362566143882965,37.362566143882965
elasticnet,10,12,2025-02-28,iron_ore_usd_per_dmtu_lag_1,51.070004224206244,51.070004224206244
elasticnet,10,12,2025-02-28,lead_stock_ton_lag_12,-47.54786815954495,47.54786815954495
elasticnet,10,12,2025-02-28,usd_inr_lag_3,50.83424832087217,50.83424832087217
elasticnet,10,12,2025-02-28,japan_industrial_production_lag_3,-64.20882856913076,64.20882856913076
elasticnet,10,12,2025-02-28,nickel_stock_ton_lag_12,-41.43215351630155,41.43215351630155
elasticnet,10,12,2025-02-28,japan_industrial_production_lag_6,-58.295365403918005,58.295365403918005
elasticnet,10,12,2025-02-28,silver_usd_per_troy_ounce_lag_1,56.4605503303512,56.4605503303512
elasticnet,10,12,2025-02-28,peru_industrial_electricity_tariff_index_lag_3,56.30821672964872,56.30821672964872
elasticnet,10,12,2025-02-28,china_refined_copper_production_ton_lag_6,46.53664152552382,46.53664152552382
elasticnet,10,12,2025-02-28,iron_ore_usd_per_dmtu_lag_3,41.731476198440674,41.731476198440674
elasticnet,10,12,2025-02-28,origin_hong_kong_hang_seng_zijin_mining,46.00632228486062,46.00632228486062
ridge,10,12,2025-03-31,gold_usd_per_troy_ounce_lag_1,166.6988105095176,166.6988105095176
ridge,10,12,2025-03-31,gold_usd_per_troy_ounce_lag_3,136.8686429971721,136.8686429971721
ridge,10,12,2025-03-31,china_refined_copper_production_ton_lag_1,134.56571532087625,134.56571532087625
ridge,10,12,2025-03-31,gold_usd_per_troy_ounce_lag_6,83.4236523609312,83.4236523609312
ridge,10,12,2025-03-31,china_refined_copper_production_ton_lag_3,72.32003192267658,72.32003192267658
ridge,10,12,2025-03-31,turkey_cpi_index_lag_1,-27.274611803893965,27.274611803893965
ridge,10,12,2025-03-31,usd_inr_lag_6,30.788355052501345,30.788355052501345
ridge,10,12,2025-03-31,origin_usa_nasdaq_composite,77.96583873147596,77.96583873147596
ridge,10,12,2025-03-31,usd_inr_lag_12,-11.396360620558863,11.396360620558863
ridge,10,12,2025-03-31,lead_stock_ton_lag_12,-72.78509231372387,72.78509231372387
ridge,10,12,2025-03-31,iron_ore_usd_per_dmtu_lag_1,80.83818680302507,80.83818680302507
ridge,10,12,2025-03-31,usd_inr_lag_3,73.73406668570048,73.73406668570048
ridge,10,12,2025-03-31,japan_industrial_production_lag_3,-187.4230201772949,187.4230201772949
ridge,10,12,2025-03-31,silver_usd_per_troy_ounce_lag_1,92.09726917900676,92.09726917900676
ridge,10,12,2025-03-31,nickel_stock_ton_lag_12,-34.763302974359576,34.763302974359576
ridge,10,12,2025-03-31,japan_industrial_production_lag_6,-141.24906943610605,141.24906943610605
ridge,10,12,2025-03-31,china_refined_copper_production_ton_lag_6,98.00728451262155,98.00728451262155
ridge,10,12,2025-03-31,peru_industrial_electricity_tariff_index_lag_3,127.50041806864463,127.50041806864463
ridge,10,12,2025-03-31,iron_ore_usd_per_dmtu_lag_3,28.765865954361605,28.765865954361605
ridge,10,12,2025-03-31,japan_cpi_lag_12,-29.957359762740314,29.957359762740314
elasticnet,10,12,2025-03-31,gold_usd_per_troy_ounce_lag_1,69.3275888708181,69.3275888708181
elasticnet,10,12,2025-03-31,gold_usd_per_troy_ounce_lag_3,65.88653726318284,65.88653726318284
elasticnet,10,12,2025-03-31,china_refined_copper_production_ton_lag_1,54.274566645748564,54.274566645748564
elasticnet,10,12,2025-03-31,gold_usd_per_troy_ounce_lag_6,58.238297205376924,58.238297205376924
elasticnet,10,12,2025-03-31,china_refined_copper_production_ton_lag_3,46.59325851010196,46.59325851010196
elasticnet,10,12,2025-03-31,turkey_cpi_index_lag_1,32.0304110234675,32.0304110234675
elasticnet,10,12,2025-03-31,usd_inr_lag_6,47.315141947892364,47.315141947892364
elasticnet,10,12,2025-03-31,origin_usa_nasdaq_composite,56.77572628955532,56.77572628955532
elasticnet,10,12,2025-03-31,usd_inr_lag_12,37.638035499687774,37.638035499687774
elasticnet,10,12,2025-03-31,lead_stock_ton_lag_12,-48.253042865397184,48.253042865397184
elasticnet,10,12,2025-03-31,iron_ore_usd_per_dmtu_lag_1,51.79338408996928,51.79338408996928
elasticnet,10,12,2025-03-31,usd_inr_lag_3,52.61899708008847,52.61899708008847
elasticnet,10,12,2025-03-31,japan_industrial_production_lag_3,-64.87803105202377,64.87803105202377
elasticnet,10,12,2025-03-31,silver_usd_per_troy_ounce_lag_1,57.85046833066251,57.85046833066251
elasticnet,10,12,2025-03-31,nickel_stock_ton_lag_12,-42.47049121658439,42.47049121658439
elasticnet,10,12,2025-03-31,japan_industrial_production_lag_6,-59.523919222216,59.523919222216
elasticnet,10,12,2025-03-31,china_refined_copper_production_ton_lag_6,47.67709273904596,47.67709273904596
elasticnet,10,12,2025-03-31,peru_industrial_electricity_tariff_index_lag_3,58.705107812542884,58.705107812542884
elasticnet,10,12,2025-03-31,iron_ore_usd_per_dmtu_lag_3,43.76641217576953,43.76641217576953
elasticnet,10,12,2025-03-31,japan_cpi_lag_12,29.892401566182137,29.892401566182137
ridge,10,12,2025-04-30,gold_usd_per_troy_ounce_lag_1,157.4838288564915,157.4838288564915
ridge,10,12,2025-04-30,gold_usd_per_troy_ounce_lag_3,138.67343800014794,138.67343800014794
ridge,10,12,2025-04-30,china_refined_copper_production_ton_lag_1,114.89053779655542,114.89053779655542
ridge,10,12,2025-04-30,gold_usd_per_troy_ounce_lag_6,84.25357135517703,84.25357135517703
ridge,10,12,2025-04-30,china_refined_copper_production_ton_lag_3,84.74886261719537,84.74886261719537
ridge,10,12,2025-04-30,turkey_ppi_metal_ores_index_lag_3,-45.50769125522401,45.50769125522401
ridge,10,12,2025-04-30,usd_inr_lag_6,36.63556384951655,36.63556384951655
ridge,10,12,2025-04-30,lead_stock_ton_lag_12,-76.03635090703703,76.03635090703703
ridge,10,12,2025-04-30,usd_inr_lag_12,-6.580294012908077,6.580294012908077
ridge,10,12,2025-04-30,origin_usa_nasdaq_composite,66.98518765813348,66.98518765813348
ridge,10,12,2025-04-30,usd_inr_lag_3,80.22688169493462,80.22688169493462
ridge,10,12,2025-04-30,japan_industrial_production_lag_3,-186.19538902771012,186.19538902771012
ridge,10,12,2025-04-30,iron_ore_usd_per_dmtu_lag_1,78.65936760563764,78.65936760563764
ridge,10,12,2025-04-30,silver_usd_per_troy_ounce_lag_1,91.48583528447281,91.48583528447281
ridge,10,12,2025-04-30,japan_industrial_production_lag_6,-146.26367561504827,146.26367561504827
ridge,10,12,2025-04-30,nickel_stock_ton_lag_12,-40.43282118951419,40.43282118951419
ridge,10,12,2025-04-30,china_refined_copper_production_ton_lag_6,94.89433519404614,94.89433519404614
ridge,10,12,2025-04-30,japan_cpi_lag_12,-30.57672421281537,30.57672421281537
ridge,10,12,2025-04-30,peru_industrial_electricity_tariff_index_lag_3,135.78124743198717,135.78124743198717
ridge,10,12,2025-04-30,iron_ore_usd_per_dmtu_lag_3,34.57482806157464,34.57482806157464
elasticnet,10,12,2025-04-30,gold_usd_per_troy_ounce_lag_1,67.91351426526062,67.91351426526062
elasticnet,10,12,2025-04-30,gold_usd_per_troy_ounce_lag_3,65.70622578351046,65.70622578351046
elasticnet,10,12,2025-04-30,china_refined_copper_production_ton_lag_1,51.67401640288984,51.67401640288984
elasticnet,10,12,2025-04-30,gold_usd_per_troy_ounce_lag_6,57.94765142844987,57.94765142844987
elasticnet,10,12,2025-04-30,china_refined_copper_production_ton_lag_3,47.44482297969909,47.44482297969909
elasticnet,10,12,2025-04-30,turkey_ppi_metal_ores_index_lag_3,31.653316041694914,31.653316041694914
elasticnet,10,12,2025-04-30,usd_inr_lag_6,47.91938155180583,47.91938155180583
elasticnet,10,12,2025-04-30,lead_stock_ton_lag_12,-48.84790743882073,48.84790743882073
elasticnet,10,12,2025-04-30,usd_inr_lag_12,38.188605446088545,38.188605446088545
elasticnet,10,12,2025-04-30,origin_usa_nasdaq_composite,55.318798166052304,55.318798166052304
elasticnet,10,12,2025-04-30,usd_inr_lag_3,53.174842607690834,53.174842607690834
elasticnet,10,12,2025-04-30,japan_industrial_production_lag_3,-64.63396931424953,64.63396931424953
elasticnet,10,12,2025-04-30,iron_ore_usd_per_dmtu_lag_1,51.21471663164141,51.21471663164141
elasticnet,10,12,2025-04-30,silver_usd_per_troy_ounce_lag_1,57.503550695751294,57.503550695751294
elasticnet,10,12,2025-04-30,japan_industrial_production_lag_6,-59.99128573413893,59.99128573413893
elasticnet,10,12,2025-04-30,nickel_stock_ton_lag_12,-43.39262950190322,43.39262950190322
elasticnet,10,12,2025-04-30,china_refined_copper_production_ton_lag_6,47.13207665530064,47.13207665530064
elasticnet,10,12,2025-04-30,japan_cpi_lag_12,29.968750077548957,29.968750077548957
elasticnet,10,12,2025-04-30,peru_industrial_electricity_tariff_index_lag_3,59.44266566007263,59.44266566007263
elasticnet,10,12,2025-04-30,iron_ore_usd_per_dmtu_lag_3,44.28092707920496,44.28092707920496
ridge,10,12,2025-05-31,gold_usd_per_troy_ounce_lag_3,137.175489554964,137.175489554964
ridge,10,12,2025-05-31,gold_usd_per_troy_ounce_lag_1,144.38539679749724,144.38539679749724
ridge,10,12,2025-05-31,china_refined_copper_production_ton_lag_1,114.23942247233657,114.23942247233657
ridge,10,12,2025-05-31,gold_usd_per_troy_ounce_lag_6,93.54715673734023,93.54715673734023
ridge,10,12,2025-05-31,china_refined_copper_production_ton_lag_3,99.57122789215154,99.57122789215154
ridge,10,12,2025-05-31,usd_inr_lag_6,49.41023473949482,49.41023473949482
ridge,10,12,2025-05-31,turkey_ppi_metal_ores_index_lag_3,-40.03543739097699,40.03543739097699
ridge,10,12,2025-05-31,lead_stock_ton_lag_12,-74.564467588524,74.564467588524
ridge,10,12,2025-05-31,usd_inr_lag_12,-6.697885526258347,6.697885526258347
ridge,10,12,2025-05-31,japan_industrial_production_lag_3,-143.35253047626696,143.35253047626696
ridge,10,12,2025-05-31,origin_usa_nasdaq_composite,67.43823181059602,67.43823181059602
ridge,10,12,2025-05-31,japan_industrial_production_lag_6,-139.1261752836091,139.1261752836091
ridge,10,12,2025-05-31,silver_usd_per_troy_ounce_lag_1,95.38220150073737,95.38220150073737
ridge,10,12,2025-05-31,nickel_stock_ton_lag_12,-33.01915739685179,33.01915739685179
ridge,10,12,2025-05-31,usd_inr_lag_3,77.77695659944918,77.77695659944918
ridge,10,12,2025-05-31,iron_ore_usd_per_dmtu_lag_1,91.07851493060886,91.07851493060886
ridge,10,12,2025-05-31,china_refined_copper_production_ton_lag_6,88.5955541697772,88.5955541697772
ridge,10,12,2025-05-31,japan_industrial_production_lag_1,-177.6194418337837,177.6194418337837
ridge,10,12,2025-05-31,japan_cpi_lag_12,-42.68198589816284,42.68198589816284
ridge,10,12,2025-05-31,iron_ore_usd_per_dmtu_lag_3,43.172812981740115,43.172812981740115
elasticnet,10,12,2025-05-31,gold_usd_per_troy_ounce_lag_3,65.54322736495853,65.54322736495853
elasticnet,10,12,2025-05-31,gold_usd_per_troy_ounce_lag_1,66.38661346111691,66.38661346111691
elasticnet,10,12,2025-05-31,china_refined_copper_production_ton_lag_1,50.80845044645566,50.80845044645566
elasticnet,10,12,2025-05-31,gold_usd_per_troy_ounce_lag_6,58.6434868408494,58.6434868408494
elasticnet,10,12,2025-05-31,china_refined_copper_production_ton_lag_3,48.750922480839286,48.750922480839286
elasticnet,10,12,2025-05-31,usd_inr_lag_6,49.340556619764996,49.340556619764996
elasticnet,10,12,2025-05-31,turkey_ppi_metal_ores_index_lag_3,31.744909216778073,31.744909216778073
elasticnet,10,12,2025-05-31,lead_stock_ton_lag_12,-49.40426920296969,49.40426920296969
elasticnet,10,12,2025-05-31,usd_inr_lag_12,39.01218989320465,39.01218989320465
elasticnet,10,12,2025-05-31,japan_industrial_production_lag_3,-61.67907985689427,61.67907985689427
elasticnet,10,12,2025-05-31,origin_usa_nasdaq_composite,55.031067384305445,55.031067384305445
elasticnet,10,12,2025-05-31,japan_industrial_production_lag_6,-59.924504601798944,59.924504601798944
elasticnet,10,12,2025-05-31,silver_usd_per_troy_ounce_lag_1,57.391073877551996,57.391073877551996
elasticnet,10,12,2025-05-31,nickel_stock_ton_lag_12,-43.87358329548343,43.87358329548343
elasticnet,10,12,2025-05-31,usd_inr_lag_3,52.537226001777526,52.537226001777526
elasticnet,10,12,2025-05-31,iron_ore_usd_per_dmtu_lag_1,51.7439361523581,51.7439361523581
elasticnet,10,12,2025-05-31,china_refined_copper_production_ton_lag_6,47.20138523299942,47.20138523299942
elasticnet,10,12,2025-05-31,japan_industrial_production_lag_1,-63.84195084981477,63.84195084981477
elasticnet,10,12,2025-05-31,japan_cpi_lag_12,29.939951100886525,29.939951100886525
elasticnet,10,12,2025-05-31,iron_ore_usd_per_dmtu_lag_3,45.052735284127834,45.052735284127834
ridge,10,12,2025-06-30,gold_usd_per_troy_ounce_lag_3,138.42415702317757,138.42415702317757
ridge,10,12,2025-06-30,gold_usd_per_troy_ounce_lag_1,139.8851159698634,139.8851159698634
ridge,10,12,2025-06-30,china_refined_copper_production_ton_lag_1,105.86906296110446,105.86906296110446
ridge,10,12,2025-06-30,gold_usd_per_troy_ounce_lag_6,100.55938876423735,100.55938876423735
ridge,10,12,2025-06-30,china_refined_copper_production_ton_lag_3,85.79157997098933,85.79157997098933
ridge,10,12,2025-06-30,usd_inr_lag_6,59.3554567181748,59.3554567181748
ridge,10,12,2025-06-30,japan_industrial_production_lag_3,-143.9485638250874,143.9485638250874
ridge,10,12,2025-06-30,lead_stock_ton_lag_12,-78.98683168652424,78.98683168652424
ridge,10,12,2025-06-30,usd_inr_lag_12,2.103930010842105,2.103930010842105
ridge,10,12,2025-06-30,turkey_ppi_metal_ores_index_lag_3,-44.50880919788091,44.50880919788091
ridge,10,12,2025-06-30,silver_usd_per_troy_ounce_lag_1,96.51987476262566,96.51987476262566
ridge,10,12,2025-06-30,nickel_stock_ton_lag_12,-40.71784652912374,40.71784652912374
ridge,10,12,2025-06-30,japan_industrial_production_lag_6,-144.0686066340099,144.0686066340099
ridge,10,12,2025-06-30,origin_usa_nasdaq_composite,68.16032637867002,68.16032637867002
ridge,10,12,2025-06-30,japan_industrial_production_lag_1,-180.45053003492418,180.45053003492418
ridge,10,12,2025-06-30,china_refined_copper_production_ton_lag_6,90.0565800116658,90.0565800116658
ridge,10,12,2025-06-30,usd_inr_lag_3,67.2819115336447,67.2819115336447
ridge,10,12,2025-06-30,japan_cpi_lag_12,-39.879718926500466,39.879718926500466
ridge,10,12,2025-06-30,origin_hong_kong_hang_seng_zijin_mining,11.957654154451895,11.957654154451895
ridge,10,12,2025-06-30,iron_ore_usd_per_dmtu_lag_1,97.22279789733057,97.22279789733057
elasticnet,10,12,2025-06-30,gold_usd_per_troy_ounce_lag_3,64.89649752605582,64.89649752605582
elasticnet,10,12,2025-06-30,gold_usd_per_troy_ounce_lag_1,64.96190407563442,64.96190407563442
elasticnet,10,12,2025-06-30,china_refined_copper_production_ton_lag_1,49.225261450435426,49.225261450435426
elasticnet,10,12,2025-06-30,gold_usd_per_troy_ounce_lag_6,58.743416295223454,58.743416295223454
elasticnet,10,12,2025-06-30,china_refined_copper_production_ton_lag_3,46.49064615903711,46.49064615903711
elasticnet,10,12,2025-06-30,usd_inr_lag_6,49.9618500215775,49.9618500215775
elasticnet,10,12,2025-06-30,japan_industrial_production_lag_3,-61.815369580940434,61.815369580940434
elasticnet,10,12,2025-06-30,lead_stock_ton_lag_12,-50.04884574219024,50.04884574219024
elasticnet,10,12,2025-06-30,usd_inr_lag_12,39.897109112989156,39.897109112989156
elasticnet,10,12,2025-06-30,turkey_ppi_metal_ores_index_lag_3,30.290034589637777,30.290034589637777
elasticnet,10,12,2025-06-30,silver_usd_per_troy_ounce_lag_1,56.715843544098966,56.715843544098966
elasticnet,10,12,2025-06-30,nickel_stock_ton_lag_12,-45.1412330290986,45.1412330290986
elasticnet,10,12,2025-06-30,japan_industrial_production_lag_6,-60.36947695861035,60.36947695861035
elasticnet,10,12,2025-06-30,origin_usa_nasdaq_composite,54.22712496658653,54.22712496658653
elasticnet,10,12,2025-06-30,japan_industrial_production_lag_1,-64.28357020452623,64.28357020452623
elasticnet,10,12,2025-06-30,china_refined_copper_production_ton_lag_6,46.86739462139121,46.86739462139121
elasticnet,10,12,2025-06-30,usd_inr_lag_3,50.588664601659865,50.588664601659865
elasticnet,10,12,2025-06-30,japan_cpi_lag_12,30.20412105303868,30.20412105303868
elasticnet,10,12,2025-06-30,origin_hong_kong_hang_seng_zijin_mining,44.98062691962064,44.98062691962064
elasticnet,10,12,2025-06-30,iron_ore_usd_per_dmtu_lag_1,51.85191654172411,51.85191654172411
ridge,10,12,2025-07-31,gold_usd_per_troy_ounce_lag_3,129.47472889187827,129.47472889187827
ridge,10,12,2025-07-31,gold_usd_per_troy_ounce_lag_1,132.26576669552614,132.26576669552614
ridge,10,12,2025-07-31,gold_usd_per_troy_ounce_lag_6,107.40588450070503,107.40588450070503
ridge,10,12,2025-07-31,china_refined_copper_production_ton_lag_1,92.13595384330786,92.13595384330786
ridge,10,12,2025-07-31,china_refined_copper_production_ton_lag_3,72.81074538686744,72.81074538686744
ridge,10,12,2025-07-31,japan_industrial_production_lag_3,-147.5728566694349,147.5728566694349
ridge,10,12,2025-07-31,usd_inr_lag_6,71.04127039314282,71.04127039314282
ridge,10,12,2025-07-31,usd_inr_lag_12,9.962005154337007,9.962005154337007
ridge,10,12,2025-07-31,silver_usd_per_troy_ounce_lag_1,96.25200894083487,96.25200894083487
ridge,10,12,2025-07-31,lead_stock_ton_lag_12,-85.48865712885791,85.48865712885791
ridge,10,12,2025-07-31,japan_industrial_production_lag_1,-181.78885538399535,181.78885538399535
ridge,10,12,2025-07-31,nickel_stock_ton_lag_12,-49.549042333702175,49.549042333702175
ridge,10,12,2025-07-31,japan_industrial_production_lag_6,-148.4395548338987,148.4395548338987
ridge,10,12,2025-07-31,turkey_ppi_metal_ores_index_lag_3,-48.00004462385701,48.00004462385701
ridge,10,12,2025-07-31,origin_usa_nasdaq_composite,60.71703394477164,60.71703394477164
ridge,10,12,2025-07-31,japan_cpi_lag_12,-35.26733395707357,35.26733395707357
ridge,10,12,2025-07-31,china_refined_copper_production_ton_lag_6,100.34866767204974,100.34866767204974
ridge,10,12,2025-07-31,origin_hong_kong_hang_seng_zijin_mining,11.664426938417877,11.664426938417877
ridge,10,12,2025-07-31,usd_inr_lag_3,54.13733227042815,54.13733227042815
ridge,10,12,2025-07-31,iron_ore_usd_per_dmtu_lag_1,95.82584355664406,95.82584355664406
elasticnet,10,12,2025-07-31,gold_usd_per_troy_ounce_lag_3,63.392281266570414,63.392281266570414
elasticnet,10,12,2025-07-31,gold_usd_per_troy_ounce_lag_1,63.72883162282318,63.72883162282318
elasticnet,10,12,2025-07-31,gold_usd_per_troy_ounce_lag_6,59.277735156776174,59.277735156776174
elasticnet,10,12,2025-07-31,china_refined_copper_production_ton_lag_1,47.42528780019497,47.42528780019497
elasticnet,10,12,2025-07-31,china_refined_copper_production_ton_lag_3,44.73346399047624,44.73346399047624
elasticnet,10,12,2025-07-31,japan_industrial_production_lag_3,-62.38346049995894,62.38346049995894
elasticnet,10,12,2025-07-31,usd_inr_lag_6,51.27965803776021,51.27965803776021
elasticnet,10,12,2025-07-31,usd_inr_lag_12,41.20282019832752,41.20282019832752
elasticnet,10,12,2025-07-31,silver_usd_per_troy_ounce_lag_1,56.22389353983585,56.22389353983585
elasticnet,10,12,2025-07-31,lead_stock_ton_lag_12,-51.20883302413845,51.20883302413845
elasticnet,10,12,2025-07-31,japan_industrial_production_lag_1,-64.66137926968852,64.66137926968852
elasticnet,10,12,2025-07-31,nickel_stock_ton_lag_12,-46.77153203164153,46.77153203164153
elasticnet,10,12,2025-07-31,japan_industrial_production_lag_6,-60.93336111047362,60.93336111047362
elasticnet,10,12,2025-07-31,turkey_ppi_metal_ores_index_lag_3,29.78500548798943,29.78500548798943
elasticnet,10,12,2025-07-31,origin_usa_nasdaq_composite,53.03984580355386,53.03984580355386
elasticnet,10,12,2025-07-31,japan_cpi_lag_12,31.146349951042467,31.146349951042467
elasticnet,10,12,2025-07-31,china_refined_copper_production_ton_lag_6,47.72686084045865,47.72686084045865
elasticnet,10,12,2025-07-31,origin_hong_kong_hang_seng_zijin_mining,44.71826368197329,44.71826368197329
elasticnet,10,12,2025-07-31,usd_inr_lag_3,49.13621355759554,49.13621355759554
elasticnet,10,12,2025-07-31,iron_ore_usd_per_dmtu_lag_1,51.15146079406728,51.15146079406728
ridge,10,12,2025-08-31,gold_usd_per_troy_ounce_lag_3,127.83614701696402,127.83614701696402
ridge,10,12,2025-08-31,gold_usd_per_troy_ounce_lag_1,131.78991206301518,131.78991206301518
ridge,10,12,2025-08-31,gold_usd_per_troy_ounce_lag_6,113.72193065507659,113.72193065507659
ridge,10,12,2025-08-31,china_refined_copper_production_ton_lag_1,74.49964970288366,74.49964970288366
ridge,10,12,2025-08-31,japan_industrial_production_lag_3,-153.1078244403804,153.1078244403804
ridge,10,12,2025-08-31,china_refined_copper_production_ton_lag_3,61.231251947373124,61.231251947373124
ridge,10,12,2025-08-31,usd_inr_lag_6,66.78984844094099,66.78984844094099
ridge,10,12,2025-08-31,japan_industrial_production_lag_1,-183.9963688069017,183.9963688069017
ridge,10,12,2025-08-31,usd_inr_lag_12,2.8860344090727716,2.8860344090727716
ridge,10,12,2025-08-31,silver_usd_per_troy_ounce_lag_1,103.64521174547431,103.64521174547431
ridge,10,12,2025-08-31,nickel_stock_ton_lag_12,-45.12869310556036,45.12869310556036
ridge,10,12,2025-08-31,japan_industrial_production_lag_6,-151.2331840947351,151.2331840947351
ridge,10,12,2025-08-31,lead_stock_ton_lag_12,-89.72683516260383,89.72683516260383
ridge,10,12,2025-08-31,japan_cpi_lag_12,-46.61438285892848,46.61438285892848
ridge,10,12,2025-08-31,turkey_ppi_metal_ores_index_lag_3,-57.11742009542827,57.11742009542827
ridge,10,12,2025-08-31,origin_usa_nasdaq_composite,67.10459391423939,67.10459391423939
ridge,10,12,2025-08-31,china_refined_copper_production_ton_lag_6,105.55785518509123,105.55785518509123
ridge,10,12,2025-08-31,origin_hong_kong_hang_seng_zijin_mining,18.730401976130796,18.730401976130796
ridge,10,12,2025-08-31,usd_inr_lag_3,51.42264499807466,51.42264499807466
ridge,10,12,2025-08-31,dollar_index_lag_12,115.68472939073268,115.68472939073268
elasticnet,10,12,2025-08-31,gold_usd_per_troy_ounce_lag_3,62.65345456891115,62.65345456891115
elasticnet,10,12,2025-08-31,gold_usd_per_troy_ounce_lag_1,62.97580588085868,62.97580588085868
elasticnet,10,12,2025-08-31,gold_usd_per_troy_ounce_lag_6,59.74284746261443,59.74284746261443
elasticnet,10,12,2025-08-31,china_refined_copper_production_ton_lag_1,45.779132641152,45.779132641152
elasticnet,10,12,2025-08-31,japan_industrial_production_lag_3,-63.26263272040887,63.26263272040887
elasticnet,10,12,2025-08-31,china_refined_copper_production_ton_lag_3,43.55811670921891,43.55811670921891
elasticnet,10,12,2025-08-31,usd_inr_lag_6,50.36788768166345,50.36788768166345
elasticnet,10,12,2025-08-31,japan_industrial_production_lag_1,-65.07677562448939,65.07677562448939
elasticnet,10,12,2025-08-31,usd_inr_lag_12,41.61514204995855,41.61514204995855
elasticnet,10,12,2025-08-31,silver_usd_per_troy_ounce_lag_1,56.51576756443735,56.51576756443735
elasticnet,10,12,2025-08-31,nickel_stock_ton_lag_12,-47.419752869648924,47.419752869648924
elasticnet,10,12,2025-08-31,japan_industrial_production_lag_6,-60.96147353443981,60.96147353443981
elasticnet,10,12,2025-08-31,lead_stock_ton_lag_12,-52.23934351060946,52.23934351060946
elasticnet,10,12,2025-08-31,japan_cpi_lag_12,30.67876722708727,30.67876722708727
elasticnet,10,12,2025-08-31,turkey_ppi_metal_ores_index_lag_3,28.608484634794195,28.608484634794195
elasticnet,10,12,2025-08-31,origin_usa_nasdaq_composite,53.12564921591445,53.12564921591445
elasticnet,10,12,2025-08-31,china_refined_copper_production_ton_lag_6,48.40356367191057,48.40356367191057
elasticnet,10,12,2025-08-31,origin_hong_kong_hang_seng_zijin_mining,45.0219781707452,45.0219781707452
elasticnet,10,12,2025-08-31,usd_inr_lag_3,48.25155029782219,48.25155029782219
elasticnet,10,12,2025-08-31,dollar_index_lag_12,47.43193476680901,47.43193476680901
