feature,raw_feature,category,source_frequency,transform,lag_months,leakage_safe,non_null_count,missing_count,missing_ratio,unique_count,variance,first_valid_month,last_valid_month,is_all_null,is_constant,low_observation_count,high_missing_ratio,structural_status
usa_nyse_mp_materials_pct_change_3m,usa_nyse_mp_materials,equities_companies,monthly,pct_change,3,True,71,69,0.4928571428571429,71,0.20624107892393911,2020-10-31,2026-08-31,False,False,False,False,PASS
usa_nyse_mp_materials_lag_3,usa_nyse_mp_materials,equities_companies,monthly,lag,3,True,72,68,0.4857142857142857,72,261.23099201651695,2020-09-30,2026-08-31,False,False,False,False,PASS
usa_nyse_mp_materials_change_1m,usa_nyse_mp_materials,equities_companies,monthly,absolute_change,1,True,73,67,0.4785714285714286,73,33.1863552078297,2020-08-31,2026-08-31,False,False,False,False,PASS
usa_nyse_mp_materials_pct_change_1m,usa_nyse_mp_materials,equities_companies,monthly,pct_change,1,True,73,67,0.4785714285714286,73,0.035126314233974824,2020-08-31,2026-08-31,False,False,False,False,PASS
usa_nyse_mp_materials_lag_1,usa_nyse_mp_materials,equities_companies,monthly,lag,1,True,74,66,0.4714285714285714,74,267.7444507906036,2020-07-31,2026-08-31,False,False,False,False,PASS
china_copper_related_dry_bulk_export_pct_change_12m,china_copper_related_dry_bulk_export,shipping,daily,pct_change,12,True,79,61,0.4357142857142857,79,0.08271165430487311,2020-02-29,2026-08-31,False,False,False,False,PASS
china_copper_related_dry_bulk_import_pct_change_12m,china_copper_related_dry_bulk_import,shipping,daily,pct_change,12,True,79,61,0.4357142857142857,79,0.013771082648413665,2020-02-29,2026-08-31,False,False,False,False,PASS
china_copper_related_dry_bulk_portcalls_pct_change_12m,china_copper_related_dry_bulk_portcalls,shipping,daily,pct_change,12,True,79,61,0.4357142857142857,79,0.013969466906119594,2020-02-29,2026-08-31,False,False,False,False,PASS
china_copper_related_portcalls_pct_change_12m,china_copper_related_portcalls,shipping,daily,pct_change,12,True,79,61,0.4357142857142857,79,0.0071700777015731125,2020-02-29,2026-08-31,False,False,False,False,PASS
copper_supply_dry_bulk_export_pct_change_12m,copper_supply_dry_bulk_export,shipping,daily,pct_change,12,True,79,61,0.4357142857142857,79,0.06115990039431649,2020-02-29,2026-08-31,False,False,False,False,PASS
copper_supply_dry_bulk_import_pct_change_12m,copper_supply_dry_bulk_import,shipping,daily,pct_change,12,True,79,61,0.4357142857142857,79,0.05112642861997749,2020-02-29,2026-08-31,False,False,False,False,PASS
copper_supply_dry_bulk_portcalls_pct_change_12m,copper_supply_dry_bulk_portcalls,shipping,daily,pct_change,12,True,79,61,0.4357142857142857,75,0.01539068376935429,2020-02-29,2026-08-31,False,False,False,False,PASS
copper_supply_portcalls_pct_change_12m,copper_supply_portcalls,shipping,daily,pct_change,12,True,79,61,0.4357142857142857,78,0.006008708438300991,2020-02-29,2026-08-31,False,False,False,False,PASS
global_cargo_portcalls_pct_change_12m,global_cargo_portcalls,shipping,daily,pct_change,12,True,79,61,0.4357142857142857,79,0.001162758770034684,2020-02-29,2026-08-31,False,False,False,False,PASS
global_container_export_pct_change_12m,global_container_export,shipping,daily,pct_change,12,True,79,61,0.4357142857142857,79,0.0020685764567696164,2020-02-29,2026-08-31,False,False,False,False,PASS
global_container_import_pct_change_12m,global_container_import,shipping,daily,pct_change,12,True,79,61,0.4357142857142857,79,0.0023143251117386195,2020-02-29,2026-08-31,False,False,False,False,PASS
global_container_portcalls_pct_change_12m,global_container_portcalls,shipping,daily,pct_change,12,True,79,61,0.4357142857142857,79,0.0030932493326215416,2020-02-29,2026-08-31,False,False,False,False,PASS
global_dry_bulk_export_pct_change_12m,global_dry_bulk_export,shipping,daily,pct_change,12,True,79,61,0.4357142857142857,79,0.0011761379943761759,2020-02-29,2026-08-31,False,False,False,False,PASS
global_dry_bulk_import_pct_change_12m,global_dry_bulk_import,shipping,daily,pct_change,12,True,79,61,0.4357142857142857,79,0.0014541782921492826,2020-02-29,2026-08-31,False,False,False,False,PASS
global_dry_bulk_portcalls_pct_change_12m,global_dry_bulk_portcalls,shipping,daily,pct_change,12,True,79,61,0.4357142857142857,79,0.0012605701397975608,2020-02-29,2026-08-31,False,False,False,False,PASS
global_export_pct_change_12m,global_export,shipping,daily,pct_change,12,True,79,61,0.4357142857142857,79,0.0009966287191521782,2020-02-29,2026-08-31,False,False,False,False,PASS
global_import_pct_change_12m,global_import,shipping,daily,pct_change,12,True,79,61,0.4357142857142857,79,0.0012278772498027393,2020-02-29,2026-08-31,False,False,False,False,PASS
global_portcalls_pct_change_12m,global_portcalls,shipping,daily,pct_change,12,True,79,61,0.4357142857142857,79,0.0011859749779249379,2020-02-29,2026-08-31,False,False,False,False,PASS
china_copper_related_dry_bulk_export_lag_12,china_copper_related_dry_bulk_export,shipping,daily,lag,12,True,80,60,0.42857142857142855,80,13781101735907.867,2020-01-31,2026-08-31,False,False,False,False,PASS
china_copper_related_dry_bulk_import_lag_12,china_copper_related_dry_bulk_import,shipping,daily,lag,12,True,80,60,0.42857142857142855,80,19866234338897.664,2020-01-31,2026-08-31,False,False,False,False,PASS
china_copper_related_dry_bulk_portcalls_lag_12,china_copper_related_dry_bulk_portcalls,shipping,daily,lag,12,True,80,60,0.42857142857142855,77,31695.882911392404,2020-01-31,2026-08-31,False,False,False,False,PASS
china_copper_related_portcalls_lag_12,china_copper_related_portcalls,shipping,daily,lag,12,True,80,60,0.42857142857142855,78,389064.1898734177,2020-01-31,2026-08-31,False,False,False,False,PASS
copper_supply_dry_bulk_export_lag_12,copper_supply_dry_bulk_export,shipping,daily,lag,12,True,80,60,0.42857142857142855,80,156679356403.39172,2020-01-31,2026-08-31,False,False,False,False,PASS
copper_supply_dry_bulk_import_lag_12,copper_supply_dry_bulk_import,shipping,daily,lag,12,True,80,60,0.42857142857142855,80,45893265893.072784,2020-01-31,2026-08-31,False,False,False,False,PASS
copper_supply_dry_bulk_portcalls_lag_12,copper_supply_dry_bulk_portcalls,shipping,daily,lag,12,True,80,60,0.42857142857142855,39,128.23275316455698,2020-01-31,2026-08-31,False,False,False,False,PASS
copper_supply_portcalls_lag_12,copper_supply_portcalls,shipping,daily,lag,12,True,80,60,0.42857142857142855,53,492.06186708860764,2020-01-31,2026-08-31,False,False,False,False,PASS
global_cargo_portcalls_lag_12,global_cargo_portcalls,shipping,daily,lag,12,True,80,60,0.42857142857142855,80,21814696.29098101,2020-01-31,2026-08-31,False,False,False,False,PASS
global_container_export_lag_12,global_container_export,shipping,daily,lag,12,True,80,60,0.42857142857142855,80,351817283762582.2,2020-01-31,2026-08-31,False,False,False,False,PASS
global_container_import_lag_12,global_container_import,shipping,daily,lag,12,True,80,60,0.42857142857142855,80,333000538646496.4,2020-01-31,2026-08-31,False,False,False,False,PASS
global_container_portcalls_lag_12,global_container_portcalls,shipping,daily,lag,12,True,80,60,0.42857142857142855,79,5132250.450000001,2020-01-31,2026-08-31,False,False,False,False,PASS
global_dry_bulk_export_lag_12,global_dry_bulk_export,shipping,daily,lag,12,True,80,60,0.42857142857142855,80,498459007730502.25,2020-01-31,2026-08-31,False,False,False,False,PASS
global_dry_bulk_import_lag_12,global_dry_bulk_import,shipping,daily,lag,12,True,80,60,0.42857142857142855,80,467786026080500.25,2020-01-31,2026-08-31,False,False,False,False,PASS
global_dry_bulk_portcalls_lag_12,global_dry_bulk_portcalls,shipping,daily,lag,12,True,80,60,0.42857142857142855,80,1223028.5468354428,2020-01-31,2026-08-31,False,False,False,False,PASS
global_export_lag_12,global_export,shipping,daily,lag,12,True,80,60,0.42857142857142855,80,3353127649525688.5,2020-01-31,2026-08-31,False,False,False,False,PASS
global_import_lag_12,global_import,shipping,daily,lag,12,True,80,60,0.42857142857142855,80,3183624133039733.5,2020-01-31,2026-08-31,False,False,False,False,PASS
global_portcalls_lag_12,global_portcalls,shipping,daily,lag,12,True,80,60,0.42857142857142855,80,46735479.97958861,2020-01-31,2026-08-31,False,False,False,False,PASS
china_copper_related_dry_bulk_export_lag_6,china_copper_related_dry_bulk_export,shipping,daily,lag,6,True,86,54,0.38571428571428573,86,12957808911283.807,2019-07-31,2026-08-31,False,False,False,False,PASS
china_copper_related_dry_bulk_import_lag_6,china_copper_related_dry_bulk_import,shipping,daily,lag,6,True,86,54,0.38571428571428573,86,20217812691235.207,2019-07-31,2026-08-31,False,False,False,False,PASS
china_copper_related_dry_bulk_portcalls_lag_6,china_copper_related_dry_bulk_portcalls,shipping,daily,lag,6,True,86,54,0.38571428571428573,83,30541.227496580024,2019-07-31,2026-08-31,False,False,False,False,PASS
china_copper_related_portcalls_lag_6,china_copper_related_portcalls,shipping,daily,lag,6,True,86,54,0.38571428571428573,83,380627.80300957593,2019-07-31,2026-08-31,False,False,False,False,PASS
copper_supply_dry_bulk_export_lag_6,copper_supply_dry_bulk_export,shipping,daily,lag,6,True,86,54,0.38571428571428573,86,166363805836.61557,2019-07-31,2026-08-31,False,False,False,False,PASS
copper_supply_dry_bulk_import_lag_6,copper_supply_dry_bulk_import,shipping,daily,lag,6,True,86,54,0.38571428571428573,86,46105379901.93337,2019-07-31,2026-08-31,False,False,False,False,PASS
copper_supply_dry_bulk_portcalls_lag_6,copper_supply_dry_bulk_portcalls,shipping,daily,lag,6,True,86,54,0.38571428571428573,41,144.00834473324213,2019-07-31,2026-08-31,False,False,False,False,PASS
copper_supply_portcalls_lag_6,copper_supply_portcalls,shipping,daily,lag,6,True,86,54,0.38571428571428573,56,519.717099863201,2019-07-31,2026-08-31,False,False,False,False,PASS
global_cargo_portcalls_lag_6,global_cargo_portcalls,shipping,daily,lag,6,True,86,54,0.38571428571428573,86,22516478.874965798,2019-07-31,2026-08-31,False,False,False,False,PASS
global_container_export_lag_6,global_container_export,shipping,daily,lag,6,True,86,54,0.38571428571428573,86,377688903013325.75,2019-07-31,2026-08-31,False,False,False,False,PASS
global_container_import_lag_6,global_container_import,shipping,daily,lag,6,True,86,54,0.38571428571428573,86,354072584859562.9,2019-07-31,2026-08-31,False,False,False,False,PASS
global_container_portcalls_lag_6,global_container_portcalls,shipping,daily,lag,6,True,86,54,0.38571428571428573,85,4949351.26634747,2019-07-31,2026-08-31,False,False,False,False,PASS
global_dry_bulk_export_lag_6,global_dry_bulk_export,shipping,daily,lag,6,True,86,54,0.38571428571428573,86,514105819483451.4,2019-07-31,2026-08-31,False,False,False,False,PASS
global_dry_bulk_import_lag_6,global_dry_bulk_import,shipping,daily,lag,6,True,86,54,0.38571428571428573,86,474920126667259.9,2019-07-31,2026-08-31,False,False,False,False,PASS
global_dry_bulk_portcalls_lag_6,global_dry_bulk_portcalls,shipping,daily,lag,6,True,86,54,0.38571428571428573,86,1294712.6298221615,2019-07-31,2026-08-31,False,False,False,False,PASS
global_export_lag_6,global_export,shipping,daily,lag,6,True,86,54,0.38571428571428573,86,3334593542974071.5,2019-07-31,2026-08-31,False,False,False,False,PASS
global_import_lag_6,global_import,shipping,daily,lag,6,True,86,54,0.38571428571428573,86,3122573489794427.5,2019-07-31,2026-08-31,False,False,False,False,PASS
global_portcalls_lag_6,global_portcalls,shipping,daily,lag,6,True,86,54,0.38571428571428573,86,47814618.88262655,2019-07-31,2026-08-31,False,False,False,False,PASS
china_copper_related_dry_bulk_export_pct_change_3m,china_copper_related_dry_bulk_export,shipping,daily,pct_change,3,True,88,52,0.37142857142857144,88,0.052564695381390775,2019-05-31,2026-08-31,False,False,False,False,PASS
china_copper_related_dry_bulk_import_pct_change_3m,china_copper_related_dry_bulk_import,shipping,daily,pct_change,3,True,88,52,0.37142857142857144,88,0.016896371027741428,2019-05-31,2026-08-31,False,False,False,False,PASS
china_copper_related_dry_bulk_portcalls_pct_change_3m,china_copper_related_dry_bulk_portcalls,shipping,daily,pct_change,3,True,88,52,0.37142857142857144,88,0.013750322403634331,2019-05-31,2026-08-31,False,False,False,False,PASS
china_copper_related_portcalls_pct_change_3m,china_copper_related_portcalls,shipping,daily,pct_change,3,True,88,52,0.37142857142857144,88,0.009558268377923927,2019-05-31,2026-08-31,False,False,False,False,PASS
copper_supply_dry_bulk_export_pct_change_3m,copper_supply_dry_bulk_export,shipping,daily,pct_change,3,True,88,52,0.37142857142857144,88,0.06415710405728622,2019-05-31,2026-08-31,False,False,False,False,PASS
copper_supply_dry_bulk_import_pct_change_3m,copper_supply_dry_bulk_import,shipping,daily,pct_change,3,True,88,52,0.37142857142857144,88,0.04259645076792387,2019-05-31,2026-08-31,False,False,False,False,PASS
copper_supply_dry_bulk_portcalls_pct_change_3m,copper_supply_dry_bulk_portcalls,shipping,daily,pct_change,3,True,88,52,0.37142857142857144,86,0.017189666665289552,2019-05-31,2026-08-31,False,False,False,False,PASS
copper_supply_portcalls_pct_change_3m,copper_supply_portcalls,shipping,daily,pct_change,3,True,88,52,0.37142857142857144,88,0.004563122161123882,2019-05-31,2026-08-31,False,False,False,False,PASS
global_cargo_portcalls_pct_change_3m,global_cargo_portcalls,shipping,daily,pct_change,3,True,88,52,0.37142857142857144,88,0.003417142706378314,2019-05-31,2026-08-31,False,False,False,False,PASS
global_container_export_pct_change_3m,global_container_export,shipping,daily,pct_change,3,True,88,52,0.37142857142857144,88,0.005605278085215456,2019-05-31,2026-08-31,False,False,False,False,PASS
global_container_import_pct_change_3m,global_container_import,shipping,daily,pct_change,3,True,88,52,0.37142857142857144,88,0.004961261675008916,2019-05-31,2026-08-31,False,False,False,False,PASS
global_container_portcalls_pct_change_3m,global_container_portcalls,shipping,daily,pct_change,3,True,88,52,0.37142857142857144,88,0.0034920195982840424,2019-05-31,2026-08-31,False,False,False,False,PASS
global_dry_bulk_export_pct_change_3m,global_dry_bulk_export,shipping,daily,pct_change,3,True,88,52,0.37142857142857144,88,0.005222094120200872,2019-05-31,2026-08-31,False,False,False,False,PASS
global_dry_bulk_import_pct_change_3m,global_dry_bulk_import,shipping,daily,pct_change,3,True,88,52,0.37142857142857144,88,0.004668412338669087,2019-05-31,2026-08-31,False,False,False,False,PASS
global_dry_bulk_portcalls_pct_change_3m,global_dry_bulk_portcalls,shipping,daily,pct_change,3,True,88,52,0.37142857142857144,88,0.004247768678927192,2019-05-31,2026-08-31,False,False,False,False,PASS
global_export_pct_change_3m,global_export,shipping,daily,pct_change,3,True,88,52,0.37142857142857144,88,0.0041173057263456,2019-05-31,2026-08-31,False,False,False,False,PASS
global_import_pct_change_3m,global_import,shipping,daily,pct_change,3,True,88,52,0.37142857142857144,88,0.0035537976406649465,2019-05-31,2026-08-31,False,False,False,False,PASS
global_portcalls_pct_change_3m,global_portcalls,shipping,daily,pct_change,3,True,88,52,0.37142857142857144,88,0.002961759540275909,2019-05-31,2026-08-31,False,False,False,False,PASS
china_industrial_value_added_yoy_pct_pct_change_3m,china_industrial_value_added_yoy_pct,china,monthly,pct_change,3,True,89,51,0.36428571428571427,83,0.7759231239231916,2015-07-31,2026-07-31,False,False,False,False,PASS
china_copper_related_dry_bulk_export_lag_3,china_copper_related_dry_bulk_export,shipping,daily,lag,3,True,89,51,0.36428571428571427,89,12642658417450.766,2019-04-30,2026-08-31,False,False,False,False,PASS
china_copper_related_dry_bulk_import_lag_3,china_copper_related_dry_bulk_import,shipping,daily,lag,3,True,89,51,0.36428571428571427,89,20060131634106.504,2019-04-30,2026-08-31,False,False,False,False,PASS
china_copper_related_dry_bulk_portcalls_lag_3,china_copper_related_dry_bulk_portcalls,shipping,daily,lag,3,True,89,51,0.36428571428571427,86,31179.90628192033,2019-04-30,2026-08-31,False,False,False,False,PASS
china_copper_related_portcalls_lag_3,china_copper_related_portcalls,shipping,daily,lag,3,True,89,51,0.36428571428571427,85,372774.82252298266,2019-04-30,2026-08-31,False,False,False,False,PASS
copper_supply_dry_bulk_export_lag_3,copper_supply_dry_bulk_export,shipping,daily,lag,3,True,89,51,0.36428571428571427,89,163340319697.3529,2019-04-30,2026-08-31,False,False,False,False,PASS
copper_supply_dry_bulk_import_lag_3,copper_supply_dry_bulk_import,shipping,daily,lag,3,True,89,51,0.36428571428571427,89,45387900824.16369,2019-04-30,2026-08-31,False,False,False,False,PASS
copper_supply_dry_bulk_portcalls_lag_3,copper_supply_dry_bulk_portcalls,shipping,daily,lag,3,True,89,51,0.36428571428571427,42,143.7448927477017,2019-04-30,2026-08-31,False,False,False,False,PASS
copper_supply_portcalls_lag_3,copper_supply_portcalls,shipping,daily,lag,3,True,89,51,0.36428571428571427,57,507.09320735444345,2019-04-30,2026-08-31,False,False,False,False,PASS
global_cargo_portcalls_lag_3,global_cargo_portcalls,shipping,daily,lag,3,True,89,51,0.36428571428571427,89,22020973.68590398,2019-04-30,2026-08-31,False,False,False,False,PASS
global_container_export_lag_3,global_container_export,shipping,daily,lag,3,True,89,51,0.36428571428571427,89,390660005167602.44,2019-04-30,2026-08-31,False,False,False,False,PASS
global_container_import_lag_3,global_container_import,shipping,daily,lag,3,True,89,51,0.36428571428571427,89,363722777737353.94,2019-04-30,2026-08-31,False,False,False,False,PASS
global_container_portcalls_lag_3,global_container_portcalls,shipping,daily,lag,3,True,89,51,0.36428571428571427,88,4808386.832226762,2019-04-30,2026-08-31,False,False,False,False,PASS
global_dry_bulk_export_lag_3,global_dry_bulk_export,shipping,daily,lag,3,True,89,51,0.36428571428571427,89,502216546466528.44,2019-04-30,2026-08-31,False,False,False,False,PASS
global_dry_bulk_import_lag_3,global_dry_bulk_import,shipping,daily,lag,3,True,89,51,0.36428571428571427,89,462316132720978.8,2019-04-30,2026-08-31,False,False,False,False,PASS
global_dry_bulk_portcalls_lag_3,global_dry_bulk_portcalls,shipping,daily,lag,3,True,89,51,0.36428571428571427,89,1274874.1113381,2019-04-30,2026-08-31,False,False,False,False,PASS
global_export_lag_3,global_export,shipping,daily,lag,3,True,89,51,0.36428571428571427,89,3242372574320197.0,2019-04-30,2026-08-31,False,False,False,False,PASS
global_import_lag_3,global_import,shipping,daily,lag,3,True,89,51,0.36428571428571427,89,3038935262062582.5,2019-04-30,2026-08-31,False,False,False,False,PASS
global_portcalls_lag_3,global_portcalls,shipping,daily,lag,3,True,89,51,0.36428571428571427,89,47097682.02298263,2019-04-30,2026-08-31,False,False,False,False,PASS
china_electricity_generation_100m_kwh_pct_change_3m,china_electricity_generation_100m_kwh,china,monthly,pct_change,3,True,90,50,0.35714285714285715,90,0.021045732015844292,2015-06-30,2026-07-31,False,False,False,False,PASS
china_refined_copper_production_ton_pct_change_3m,china_refined_copper_production_ton,china,monthly,pct_change,3,True,90,50,0.35714285714285715,90,0.003958025903076962,2015-06-30,2026-07-31,False,False,False,False,PASS
china_copper_related_dry_bulk_export_change_1m,china_copper_related_dry_bulk_export,shipping,daily,absolute_change,1,True,90,50,0.35714285714285715,90,7597032882617.054,2019-03-31,2026-08-31,False,False,False,False,PASS
china_copper_related_dry_bulk_export_pct_change_1m,china_copper_related_dry_bulk_export,shipping,daily,pct_change,1,True,90,50,0.35714285714285715,90,0.026619457224419343,2019-03-31,2026-08-31,False,False,False,False,PASS
china_copper_related_dry_bulk_import_change_1m,china_copper_related_dry_bulk_import,shipping,daily,absolute_change,1,True,90,50,0.35714285714285715,90,21003551462150.863,2019-03-31,2026-08-31,False,False,False,False,PASS
china_copper_related_dry_bulk_import_pct_change_1m,china_copper_related_dry_bulk_import,shipping,daily,pct_change,1,True,90,50,0.35714285714285715,90,0.011972695788801477,2019-03-31,2026-08-31,False,False,False,False,PASS
china_copper_related_dry_bulk_portcalls_change_1m,china_copper_related_dry_bulk_portcalls,shipping,daily,absolute_change,1,True,90,50,0.35714285714285715,86,30556.424594257183,2019-03-31,2026-08-31,False,False,False,False,PASS
china_copper_related_dry_bulk_portcalls_pct_change_1m,china_copper_related_dry_bulk_portcalls,shipping,daily,pct_change,1,True,90,50,0.35714285714285715,90,0.00963009760341229,2019-03-31,2026-08-31,False,False,False,False,PASS
china_copper_related_portcalls_change_1m,china_copper_related_portcalls,shipping,daily,absolute_change,1,True,90,50,0.35714285714285715,88,348728.56729088636,2019-03-31,2026-08-31,False,False,False,False,PASS
china_copper_related_portcalls_pct_change_1m,china_copper_related_portcalls,shipping,daily,pct_change,1,True,90,50,0.35714285714285715,90,0.007985204561215441,2019-03-31,2026-08-31,False,False,False,False,PASS
copper_supply_dry_bulk_export_change_1m,copper_supply_dry_bulk_export,shipping,daily,absolute_change,1,True,90,50,0.35714285714285715,90,215063440913.88528,2019-03-31,2026-08-31,False,False,False,False,PASS
copper_supply_dry_bulk_export_pct_change_1m,copper_supply_dry_bulk_export,shipping,daily,pct_change,1,True,90,50,0.35714285714285715,90,0.04130391779166969,2019-03-31,2026-08-31,False,False,False,False,PASS
copper_supply_dry_bulk_import_change_1m,copper_supply_dry_bulk_import,shipping,daily,absolute_change,1,True,90,50,0.35714285714285715,90,69087139335.28639,2019-03-31,2026-08-31,False,False,False,False,PASS
copper_supply_dry_bulk_import_pct_change_1m,copper_supply_dry_bulk_import,shipping,daily,pct_change,1,True,90,50,0.35714285714285715,90,0.040717648997383345,2019-03-31,2026-08-31,False,False,False,False,PASS
copper_supply_dry_bulk_portcalls_change_1m,copper_supply_dry_bulk_portcalls,shipping,daily,absolute_change,1,True,90,50,0.35714285714285715,44,211.19650436953805,2019-03-31,2026-08-31,False,False,False,False,PASS
copper_supply_dry_bulk_portcalls_pct_change_1m,copper_supply_dry_bulk_portcalls,shipping,daily,pct_change,1,True,90,50,0.35714285714285715,88,0.012988610065900302,2019-03-31,2026-08-31,False,False,False,False,PASS
copper_supply_portcalls_change_1m,copper_supply_portcalls,shipping,daily,absolute_change,1,True,90,50,0.35714285714285715,62,853.496129837703,2019-03-31,2026-08-31,False,False,False,False,PASS
copper_supply_portcalls_pct_change_1m,copper_supply_portcalls,shipping,daily,pct_change,1,True,90,50,0.35714285714285715,90,0.005016718449143882,2019-03-31,2026-08-31,False,False,False,False,PASS
global_cargo_portcalls_change_1m,global_cargo_portcalls,shipping,daily,absolute_change,1,True,90,50,0.35714285714285715,90,27989377.5051186,2019-03-31,2026-08-31,False,False,False,False,PASS
global_cargo_portcalls_pct_change_1m,global_cargo_portcalls,shipping,daily,pct_change,1,True,90,50,0.35714285714285715,90,0.0029118974122642376,2019-03-31,2026-08-31,False,False,False,False,PASS
global_container_export_change_1m,global_container_export,shipping,daily,absolute_change,1,True,90,50,0.35714285714285715,90,323887184561196.25,2019-03-31,2026-08-31,False,False,False,False,PASS
global_container_export_pct_change_1m,global_container_export,shipping,daily,pct_change,1,True,90,50,0.35714285714285715,90,0.005296176605934479,2019-03-31,2026-08-31,False,False,False,False,PASS
global_container_import_change_1m,global_container_import,shipping,daily,absolute_change,1,True,90,50,0.35714285714285715,90,276505915694249.1,2019-03-31,2026-08-31,False,False,False,False,PASS
global_container_import_pct_change_1m,global_container_import,shipping,daily,pct_change,1,True,90,50,0.35714285714285715,90,0.004442443084448709,2019-03-31,2026-08-31,False,False,False,False,PASS
global_container_portcalls_change_1m,global_container_portcalls,shipping,daily,absolute_change,1,True,90,50,0.35714285714285715,90,4242079.394382022,2019-03-31,2026-08-31,False,False,False,False,PASS
global_container_portcalls_pct_change_1m,global_container_portcalls,shipping,daily,pct_change,1,True,90,50,0.35714285714285715,90,0.0031160703257014128,2019-03-31,2026-08-31,False,False,False,False,PASS
global_dry_bulk_export_change_1m,global_dry_bulk_export,shipping,daily,absolute_change,1,True,90,50,0.35714285714285715,90,610525877265678.6,2019-03-31,2026-08-31,False,False,False,False,PASS
global_dry_bulk_export_pct_change_1m,global_dry_bulk_export,shipping,daily,pct_change,1,True,90,50,0.35714285714285715,90,0.004226784556972063,2019-03-31,2026-08-31,False,False,False,False,PASS
global_dry_bulk_import_change_1m,global_dry_bulk_import,shipping,daily,absolute_change,1,True,90,50,0.35714285714285715,90,629604891742921.4,2019-03-31,2026-08-31,False,False,False,False,PASS
global_dry_bulk_import_pct_change_1m,global_dry_bulk_import,shipping,daily,pct_change,1,True,90,50,0.35714285714285715,90,0.004011887148187,2019-03-31,2026-08-31,False,False,False,False,PASS
global_dry_bulk_portcalls_change_1m,global_dry_bulk_portcalls,shipping,daily,absolute_change,1,True,90,50,0.35714285714285715,90,1677756.1403245947,2019-03-31,2026-08-31,False,False,False,False,PASS
global_dry_bulk_portcalls_pct_change_1m,global_dry_bulk_portcalls,shipping,daily,pct_change,1,True,90,50,0.35714285714285715,90,0.003359334584868054,2019-03-31,2026-08-31,False,False,False,False,PASS
global_export_change_1m,global_export,shipping,daily,absolute_change,1,True,90,50,0.35714285714285715,90,2848916863100300.5,2019-03-31,2026-08-31,False,False,False,False,PASS
global_export_pct_change_1m,global_export,shipping,daily,pct_change,1,True,90,50,0.35714285714285715,90,0.003420800619024916,2019-03-31,2026-08-31,False,False,False,False,PASS
global_import_change_1m,global_import,shipping,daily,absolute_change,1,True,90,50,0.35714285714285715,90,3172533093221056.5,2019-03-31,2026-08-31,False,False,False,False,PASS
global_import_pct_change_1m,global_import,shipping,daily,pct_change,1,True,90,50,0.35714285714285715,90,0.003398288444348881,2019-03-31,2026-08-31,False,False,False,False,PASS
global_portcalls_change_1m,global_portcalls,shipping,daily,absolute_change,1,True,90,50,0.35714285714285715,89,56466932.10099876,2019-03-31,2026-08-31,False,False,False,False,PASS
global_portcalls_pct_change_1m,global_portcalls,shipping,daily,pct_change,1,True,90,50,0.35714285714285715,90,0.0027170155044113353,2019-03-31,2026-08-31,False,False,False,False,PASS
china_copper_related_dry_bulk_export_lag_1,china_copper_related_dry_bulk_export,shipping,daily,lag,1,True,91,49,0.35,91,12809675432092.223,2019-02-28,2026-08-31,False,False,False,False,PASS
china_copper_related_dry_bulk_import_lag_1,china_copper_related_dry_bulk_import,shipping,daily,lag,1,True,91,49,0.35,91,20148866884003.9,2019-02-28,2026-08-31,False,False,False,False,PASS
china_copper_related_dry_bulk_portcalls_lag_1,china_copper_related_dry_bulk_portcalls,shipping,daily,lag,1,True,91,49,0.35,88,33385.13504273504,2019-02-28,2026-08-31,False,False,False,False,PASS
china_copper_related_portcalls_lag_1,china_copper_related_portcalls,shipping,daily,lag,1,True,91,49,0.35,87,381967.8776556777,2019-02-28,2026-08-31,False,False,False,False,PASS
copper_supply_dry_bulk_export_lag_1,copper_supply_dry_bulk_export,shipping,daily,lag,1,True,91,49,0.35,91,169789714070.7221,2019-02-28,2026-08-31,False,False,False,False,PASS
copper_supply_dry_bulk_import_lag_1,copper_supply_dry_bulk_import,shipping,daily,lag,1,True,91,49,0.35,91,44536625008.81954,2019-02-28,2026-08-31,False,False,False,False,PASS
copper_supply_dry_bulk_portcalls_lag_1,copper_supply_dry_bulk_portcalls,shipping,daily,lag,1,True,91,49,0.35,42,144.94163614163614,2019-02-28,2026-08-31,False,False,False,False,PASS
copper_supply_portcalls_lag_1,copper_supply_portcalls,shipping,daily,lag,1,True,91,49,0.35,58,524.2202686202686,2019-02-28,2026-08-31,False,False,False,False,PASS
global_cargo_portcalls_lag_1,global_cargo_portcalls,shipping,daily,lag,1,True,91,49,0.35,91,21554750.633211233,2019-02-28,2026-08-31,False,False,False,False,PASS
global_container_export_lag_1,global_container_export,shipping,daily,lag,1,True,91,49,0.35,91,395861225464718.1,2019-02-28,2026-08-31,False,False,False,False,PASS
global_container_import_lag_1,global_container_import,shipping,daily,lag,1,True,91,49,0.35,91,366824007144206.7,2019-02-28,2026-08-31,False,False,False,False,PASS
global_container_portcalls_lag_1,global_container_portcalls,shipping,daily,lag,1,True,91,49,0.35,90,4702928.073504273,2019-02-28,2026-08-31,False,False,False,False,PASS
global_dry_bulk_export_lag_1,global_dry_bulk_export,shipping,daily,lag,1,True,91,49,0.35,91,494733825741191.4,2019-02-28,2026-08-31,False,False,False,False,PASS
global_dry_bulk_import_lag_1,global_dry_bulk_import,shipping,daily,lag,1,True,91,49,0.35,91,452421576856086.1,2019-02-28,2026-08-31,False,False,False,False,PASS
global_dry_bulk_portcalls_lag_1,global_dry_bulk_portcalls,shipping,daily,lag,1,True,91,49,0.35,91,1266960.6126984125,2019-02-28,2026-08-31,False,False,False,False,PASS
global_export_lag_1,global_export,shipping,daily,lag,1,True,91,49,0.35,91,3181337037641583.5,2019-02-28,2026-08-31,False,False,False,False,PASS
global_import_lag_1,global_import,shipping,daily,lag,1,True,91,49,0.35,91,2992105318214975.5,2019-02-28,2026-08-31,False,False,False,False,PASS
global_portcalls_lag_1,global_portcalls,shipping,daily,lag,1,True,91,49,0.35,91,46142097.81147741,2019-02-28,2026-08-31,False,False,False,False,PASS
china_industrial_value_added_yoy_pct_change_1m,china_industrial_value_added_yoy_pct,china,monthly,absolute_change,1,True,102,38,0.2714285714285714,56,2.1902154921374493,2015-05-31,2026-07-31,False,False,False,False,PASS
china_industrial_value_added_yoy_pct_pct_change_1m,china_industrial_value_added_yoy_pct,china,monthly,pct_change,1,True,102,38,0.2714285714285714,88,0.4775793921637388,2015-05-31,2026-07-31,False,False,False,False,PASS
china_electricity_generation_100m_kwh_change_1m,china_electricity_generation_100m_kwh,china,monthly,absolute_change,1,True,103,37,0.2642857142857143,103,298387.30487530935,2015-04-30,2026-07-31,False,False,False,False,PASS
china_electricity_generation_100m_kwh_pct_change_1m,china_electricity_generation_100m_kwh,china,monthly,pct_change,1,True,103,37,0.2642857142857143,103,0.006673653267742257,2015-04-30,2026-07-31,False,False,False,False,PASS
china_refined_copper_production_ton_change_1m,china_refined_copper_production_ton,china,monthly,absolute_change,1,True,103,37,0.2642857142857143,66,1259782600.4188082,2015-04-30,2026-07-31,False,False,False,False,PASS
china_refined_copper_production_ton_pct_change_1m,china_refined_copper_production_ton,china,monthly,pct_change,1,True,103,37,0.2642857142857143,103,0.001607254527801796,2015-04-30,2026-07-31,False,False,False,False,PASS
china_electricity_generation_100m_kwh_pct_change_12m,china_electricity_generation_100m_kwh,china,monthly,pct_change,12,True,104,36,0.2571428571428571,104,0.0010956552536704085,2016-04-30,2026-07-31,False,False,False,False,PASS
china_industrial_value_added_yoy_pct_pct_change_12m,china_industrial_value_added_yoy_pct,china,monthly,pct_change,12,True,104,36,0.2571428571428571,96,2.3871116760747944,2016-04-30,2026-07-31,False,False,False,False,PASS
china_refined_copper_production_ton_pct_change_12m,china_refined_copper_production_ton,china,monthly,pct_change,12,True,104,36,0.2571428571428571,104,0.005232491609459512,2016-04-30,2026-07-31,False,False,False,False,PASS
china_industrial_value_added_yoy_pct_lag_12,china_industrial_value_added_yoy_pct,china,monthly,lag,12,True,106,34,0.24285714285714285,45,3.6620377358490557,2016-03-31,2026-08-31,False,False,False,False,PASS
china_electricity_generation_100m_kwh_lag_12,china_electricity_generation_100m_kwh,china,monthly,lag,12,True,107,33,0.2357142857142857,107,1516957.417654735,2016-02-29,2026-08-31,False,False,False,False,PASS
china_refined_copper_production_ton_lag_12,china_refined_copper_production_ton,china,monthly,lag,12,True,107,33,0.2357142857142857,98,31556603420.913418,2016-02-29,2026-08-31,False,False,False,False,PASS
china_industrial_value_added_yoy_pct_lag_6,china_industrial_value_added_yoy_pct,china,monthly,lag,6,True,110,30,0.21428571428571427,46,3.5467022518765634,2015-09-30,2026-06-30,False,False,False,False,PASS
china_electricity_generation_100m_kwh_lag_6,china_electricity_generation_100m_kwh,china,monthly,lag,6,True,111,29,0.20714285714285716,111,1585551.6245421786,2015-08-31,2026-06-30,False,False,False,False,PASS
china_refined_copper_production_ton_lag_6,china_refined_copper_production_ton,china,monthly,lag,6,True,111,29,0.20714285714285716,102,35333912203.112206,2015-08-31,2026-06-30,False,False,False,False,PASS
china_fixed_asset_investment_yoy_pct_pct_change_3m,china_fixed_asset_investment_yoy_pct,china,monthly,pct_change,3,True,112,28,0.2,108,4.540371730631013,2015-06-30,2026-07-31,False,False,False,False,PASS
china_real_estate_investment_yoy_pct_pct_change_3m,china_real_estate_investment_yoy_pct,china,monthly,pct_change,3,True,112,28,0.2,112,3.937116870353249,2015-06-30,2026-07-31,False,False,False,False,PASS
china_industrial_value_added_yoy_pct_lag_3,china_industrial_value_added_yoy_pct,china,monthly,lag,3,True,113,27,0.19285714285714287,47,3.481485461441214,2015-06-30,2026-08-31,False,False,False,False,PASS
china_electricity_generation_100m_kwh_lag_3,china_electricity_generation_100m_kwh,china,monthly,lag,3,True,114,26,0.18571428571428572,114,1595429.6822822546,2015-05-31,2026-08-31,False,False,False,False,PASS
china_fixed_asset_investment_yoy_pct_change_1m,china_fixed_asset_investment_yoy_pct,china,monthly,absolute_change,1,True,114,26,0.18571428571428572,56,2.9961007607514363,2015-04-30,2026-07-31,False,False,False,False,PASS
china_fixed_asset_investment_yoy_pct_pct_change_1m,china_fixed_asset_investment_yoy_pct,china,monthly,pct_change,1,True,114,26,0.18571428571428572,101,0.3041446182638333,2015-04-30,2026-07-31,False,False,False,False,PASS
china_industrial_value_added_yoy_pct_lag_1,china_industrial_value_added_yoy_pct,china,monthly,lag,1,True,114,26,0.18571428571428572,47,3.4512777519018782,2015-04-30,2026-07-31,False,False,False,False,PASS
china_real_estate_investment_yoy_pct_change_1m,china_real_estate_investment_yoy_pct,china,monthly,absolute_change,1,True,114,26,0.18571428571428572,60,3.449191119391398,2015-04-30,2026-07-31,False,False,False,False,PASS
china_real_estate_investment_yoy_pct_pct_change_1m,china_real_estate_investment_yoy_pct,china,monthly,pct_change,1,True,114,26,0.18571428571428572,107,0.7349235868357176,2015-04-30,2026-07-31,False,False,False,False,PASS
china_refined_copper_production_ton_lag_3,china_refined_copper_production_ton,china,monthly,lag,3,True,114,26,0.18571428571428572,105,38316913600.37261,2015-05-31,2026-08-31,False,False,False,False,PASS
shfe_close_cny_per_ton_pct_change_12m,shfe_close_cny_per_ton,copper_market,daily,pct_change,12,True,115,25,0.17857142857142858,115,0.03202711859697987,2017-02-28,2026-08-31,False,False,False,False,PASS
shfe_open_interest_change_pct_change_12m,shfe_open_interest_change,copper_market,daily,pct_change,12,True,115,25,0.17857142857142858,115,33.24197213732418,2017-02-28,2026-08-31,False,False,False,False,PASS
shfe_open_interest_lots_pct_change_12m,shfe_open_interest_lots,copper_market,daily,pct_change,12,True,115,25,0.17857142857142858,115,0.0656697035127291,2017-02-28,2026-08-31,False,False,False,False,PASS
shfe_pre_settlement_cny_per_ton_pct_change_12m,shfe_pre_settlement_cny_per_ton,copper_market,daily,pct_change,12,True,115,25,0.17857142857142858,115,0.03201843130599722,2017-02-28,2026-08-31,False,False,False,False,PASS
shfe_settlement_cny_per_ton_pct_change_12m,shfe_settlement_cny_per_ton,copper_market,daily,pct_change,12,True,115,25,0.17857142857142858,115,0.0320545648107013,2017-02-28,2026-08-31,False,False,False,False,PASS
shfe_volume_lots_pct_change_12m,shfe_volume_lots,copper_market,daily,pct_change,12,True,115,25,0.17857142857142858,115,0.4506513478304612,2017-02-28,2026-08-31,False,False,False,False,PASS
china_electricity_generation_100m_kwh_lag_1,china_electricity_generation_100m_kwh,china,monthly,lag,1,True,115,25,0.17857142857142858,115,1611711.1969382153,2015-03-31,2026-07-31,False,False,False,False,PASS
china_fixed_asset_investment_yoy_pct_pct_change_12m,china_fixed_asset_investment_yoy_pct,china,monthly,pct_change,12,True,115,25,0.17857142857142858,111,10.67322413722734,2016-03-31,2026-07-31,False,False,False,False,PASS
china_real_estate_investment_yoy_pct_pct_change_12m,china_real_estate_investment_yoy_pct,china,monthly,pct_change,12,True,115,25,0.17857142857142858,114,36.593245656907115,2016-03-31,2026-07-31,False,False,False,False,PASS
china_refined_copper_production_ton_lag_1,china_refined_copper_production_ton,china,monthly,lag,1,True,115,25,0.17857142857142858,106,39546981998.47445,2015-03-31,2026-07-31,False,False,False,False,PASS
shfe_close_cny_per_ton_lag_12,shfe_close_cny_per_ton,copper_market,daily,lag,12,True,116,24,0.17142857142857143,116,173513673.19063842,2017-01-31,2026-08-31,False,False,False,False,PASS
shfe_open_interest_change_lag_12,shfe_open_interest_change,copper_market,daily,lag,12,True,116,24,0.17142857142857143,116,1404206285.4866567,2017-01-31,2026-08-31,False,False,False,False,PASS
shfe_open_interest_lots_lag_12,shfe_open_interest_lots,copper_market,daily,lag,12,True,116,24,0.17142857142857143,116,1607045878.4884558,2017-01-31,2026-08-31,False,False,False,False,PASS
shfe_pre_settlement_cny_per_ton_lag_12,shfe_pre_settlement_cny_per_ton,copper_market,daily,lag,12,True,116,24,0.17142857142857143,116,173391512.93542486,2017-01-31,2026-08-31,False,False,False,False,PASS
shfe_settlement_cny_per_ton_lag_12,shfe_settlement_cny_per_ton,copper_market,daily,lag,12,True,116,24,0.17142857142857143,116,173457644.2691851,2017-01-31,2026-08-31,False,False,False,False,PASS
shfe_volume_lots_lag_12,shfe_volume_lots,copper_market,daily,lag,12,True,116,24,0.17142857142857143,116,4454118582046.58,2017-01-31,2026-08-31,False,False,False,False,PASS
china_fixed_asset_investment_yoy_pct_lag_12,china_fixed_asset_investment_yoy_pct,china,monthly,lag,12,True,117,23,0.16428571428571428,75,38.10077512525789,2016-02-29,2026-08-31,False,False,False,False,PASS
china_real_estate_investment_yoy_pct_lag_12,china_real_estate_investment_yoy_pct,china,monthly,lag,12,True,117,23,0.16428571428571428,92,90.7606734453286,2016-02-29,2026-08-31,False,False,False,False,PASS
japan_manufacturing_growth_pct_change_12m,japan_manufacturing_growth,macro_fred,monthly,pct_change,12,True,121,19,0.1357142857142857,120,33.46277328403857,2016-02-29,2026-06-30,False,False,False,False,PASS
shfe_close_cny_per_ton_lag_6,shfe_close_cny_per_ton,copper_market,daily,lag,6,True,122,18,0.12857142857142856,122,221150969.2518025,2016-07-31,2026-08-31,False,False,False,False,PASS
shfe_open_interest_change_lag_6,shfe_open_interest_change,copper_market,daily,lag,6,True,122,18,0.12857142857142856,122,1363060088.7807207,2016-07-31,2026-08-31,False,False,False,False,PASS
shfe_open_interest_lots_lag_6,shfe_open_interest_lots,copper_market,daily,lag,6,True,122,18,0.12857142857142856,122,1666832604.8464975,2016-07-31,2026-08-31,False,False,False,False,PASS
shfe_pre_settlement_cny_per_ton_lag_6,shfe_pre_settlement_cny_per_ton,copper_market,daily,lag,6,True,122,18,0.12857142857142856,122,220545911.98497337,2016-07-31,2026-08-31,False,False,False,False,PASS
shfe_settlement_cny_per_ton_lag_6,shfe_settlement_cny_per_ton,copper_market,daily,lag,6,True,122,18,0.12857142857142856,122,221011132.2096511,2016-07-31,2026-08-31,False,False,False,False,PASS
shfe_volume_lots_lag_6,shfe_volume_lots,copper_market,daily,lag,6,True,122,18,0.12857142857142856,122,4343469891601.0527,2016-07-31,2026-08-31,False,False,False,False,PASS
china_fixed_asset_investment_yoy_pct_lag_6,china_fixed_asset_investment_yoy_pct,china,monthly,lag,6,True,122,18,0.12857142857142856,79,38.910136837826855,2015-08-31,2026-08-31,False,False,False,False,PASS
china_real_estate_investment_yoy_pct_lag_6,china_real_estate_investment_yoy_pct,china,monthly,lag,6,True,122,18,0.12857142857142856,97,98.56588267172471,2015-08-31,2026-08-31,False,False,False,False,PASS
drc_policy_rate_pct_change_12m,drc_policy_rate,global_macro,monthly,pct_change,12,True,122,18,0.12857142857142856,29,3.2261889735068694,2016-02-29,2026-08-31,False,False,False,False,PASS
shfe_close_cny_per_ton_pct_change_3m,shfe_close_cny_per_ton,copper_market,daily,pct_change,3,True,124,16,0.11428571428571428,124,0.006610994004503583,2016-05-31,2026-08-31,False,False,False,False,PASS
shfe_open_interest_change_pct_change_3m,shfe_open_interest_change,copper_market,daily,pct_change,3,True,124,16,0.11428571428571428,124,16.548930365570765,2016-05-31,2026-08-31,False,False,False,False,PASS
shfe_open_interest_lots_pct_change_3m,shfe_open_interest_lots,copper_market,daily,pct_change,3,True,124,16,0.11428571428571428,124,0.050150987962275795,2016-05-31,2026-08-31,False,False,False,False,PASS
shfe_pre_settlement_cny_per_ton_pct_change_3m,shfe_pre_settlement_cny_per_ton,copper_market,daily,pct_change,3,True,124,16,0.11428571428571428,124,0.006596424977406363,2016-05-31,2026-08-31,False,False,False,False,PASS
shfe_settlement_cny_per_ton_pct_change_3m,shfe_settlement_cny_per_ton,copper_market,daily,pct_change,3,True,124,16,0.11428571428571428,124,0.006603815105753003,2016-05-31,2026-08-31,False,False,False,False,PASS
shfe_volume_lots_pct_change_3m,shfe_volume_lots,copper_market,daily,pct_change,3,True,124,16,0.11428571428571428,124,0.31009470776154074,2016-05-31,2026-08-31,False,False,False,False,PASS
japan_10y_yield_pct_change_12m,japan_10y_yield,macro_fred,monthly,pct_change,12,True,124,16,0.11428571428571428,119,9.756084094387447,2016-02-29,2026-07-31,False,False,False,False,PASS
shfe_close_cny_per_ton_lag_3,shfe_close_cny_per_ton,copper_market,daily,lag,3,True,125,15,0.10714285714285714,125,255945928.05145454,2016-04-30,2026-08-31,False,False,False,False,PASS
shfe_open_interest_change_lag_3,shfe_open_interest_change,copper_market,daily,lag,3,True,125,15,0.10714285714285714,125,1330611477.7752256,2016-04-30,2026-08-31,False,False,False,False,PASS
shfe_open_interest_lots_lag_3,shfe_open_interest_lots,copper_market,daily,lag,3,True,125,15,0.10714285714285714,125,1631119376.3041291,2016-04-30,2026-08-31,False,False,False,False,PASS
shfe_pre_settlement_cny_per_ton_lag_3,shfe_pre_settlement_cny_per_ton,copper_market,daily,lag,3,True,125,15,0.10714285714285714,125,255325366.2380992,2016-04-30,2026-08-31,False,False,False,False,PASS
shfe_settlement_cny_per_ton_lag_3,shfe_settlement_cny_per_ton,copper_market,daily,lag,3,True,125,15,0.10714285714285714,125,255831846.43406168,2016-04-30,2026-08-31,False,False,False,False,PASS
shfe_volume_lots_lag_3,shfe_volume_lots,copper_market,daily,lag,3,True,125,15,0.10714285714285714,125,4264783957024.0713,2016-04-30,2026-08-31,False,False,False,False,PASS
china_fixed_asset_investment_yoy_pct_lag_3,china_fixed_asset_investment_yoy_pct,china,monthly,lag,3,True,125,15,0.10714285714285714,81,39.31953290322581,2015-05-31,2026-08-31,False,False,False,False,PASS
china_ppi_yoy_pct_pct_change_12m,china_ppi_yoy_pct,china,monthly,pct_change,12,True,125,15,0.10714285714285714,119,55.07586582264814,2016-02-29,2026-07-31,False,False,False,False,PASS
china_real_estate_investment_yoy_pct_lag_3,china_real_estate_investment_yoy_pct,china,monthly,lag,3,True,125,15,0.10714285714285714,99,101.87610709677418,2015-05-31,2026-08-31,False,False,False,False,PASS
germany_exports_pct_change_12m,germany_exports,macro_fred,monthly,pct_change,12,True,125,15,0.10714285714285714,125,0.012276992250533896,2016-02-29,2026-06-30,False,False,False,False,PASS
india_industrial_production_pct_change_12m,india_industrial_production,macro_fred,monthly,pct_change,12,True,125,15,0.10714285714285714,125,37.08683877101295,2016-02-29,2026-06-30,False,False,False,False,PASS
korea_industrial_production_pct_change_12m,korea_industrial_production,macro_fred,monthly,pct_change,12,True,125,15,0.10714285714285714,125,484.483321787918,2016-02-29,2026-06-30,False,False,False,False,PASS
drc_policy_rate_lag_12,drc_policy_rate,global_macro,monthly,lag,12,True,125,15,0.10714285714285714,13,62.09179838709677,2016-01-31,2026-08-31,False,False,False,False,PASS
shfe_close_cny_per_ton_change_1m,shfe_close_cny_per_ton,copper_market,daily,absolute_change,1,True,126,14,0.1,126,6442327.1794745885,2016-03-31,2026-08-31,False,False,False,False,PASS
shfe_close_cny_per_ton_pct_change_1m,shfe_close_cny_per_ton,copper_market,daily,pct_change,1,True,126,14,0.1,126,0.0016267629765933135,2016-03-31,2026-08-31,False,False,False,False,PASS
shfe_open_interest_change_change_1m,shfe_open_interest_change,copper_market,daily,absolute_change,1,True,126,14,0.1,126,2040719305.1410797,2016-03-31,2026-08-31,False,False,False,False,PASS
shfe_open_interest_change_pct_change_1m,shfe_open_interest_change,copper_market,daily,pct_change,1,True,126,14,0.1,126,62.375295181437494,2016-03-31,2026-08-31,False,False,False,False,PASS
shfe_open_interest_lots_change_1m,shfe_open_interest_lots,copper_market,daily,absolute_change,1,True,126,14,0.1,126,1505816320.4195557,2016-03-31,2026-08-31,False,False,False,False,PASS
shfe_open_interest_lots_pct_change_1m,shfe_open_interest_lots,copper_market,daily,pct_change,1,True,126,14,0.1,126,0.04472876284526832,2016-03-31,2026-08-31,False,False,False,False,PASS
shfe_pre_settlement_cny_per_ton_change_1m,shfe_pre_settlement_cny_per_ton,copper_market,daily,absolute_change,1,True,126,14,0.1,126,6356707.309313042,2016-03-31,2026-08-31,False,False,False,False,PASS
shfe_pre_settlement_cny_per_ton_pct_change_1m,shfe_pre_settlement_cny_per_ton,copper_market,daily,pct_change,1,True,126,14,0.1,126,0.0016070948206906338,2016-03-31,2026-08-31,False,False,False,False,PASS
shfe_settlement_cny_per_ton_change_1m,shfe_settlement_cny_per_ton,copper_market,daily,absolute_change,1,True,126,14,0.1,126,6410677.2074760115,2016-03-31,2026-08-31,False,False,False,False,PASS
shfe_settlement_cny_per_ton_pct_change_1m,shfe_settlement_cny_per_ton,copper_market,daily,pct_change,1,True,126,14,0.1,126,0.0016195395395033909,2016-03-31,2026-08-31,False,False,False,False,PASS
shfe_volume_lots_change_1m,shfe_volume_lots,copper_market,daily,absolute_change,1,True,126,14,0.1,126,2571650533294.843,2016-03-31,2026-08-31,False,False,False,False,PASS
shfe_volume_lots_pct_change_1m,shfe_volume_lots,copper_market,daily,pct_change,1,True,126,14,0.1,126,0.21735480298508436,2016-03-31,2026-08-31,False,False,False,False,PASS
china_fixed_asset_investment_yoy_pct_lag_1,china_fixed_asset_investment_yoy_pct,china,monthly,lag,1,True,126,14,0.1,82,40.03018984126985,2015-03-31,2026-07-31,False,False,False,False,PASS
china_real_estate_investment_yoy_pct_lag_1,china_real_estate_investment_yoy_pct,china,monthly,lag,1,True,126,14,0.1,100,104.0242342857143,2015-03-31,2026-07-31,False,False,False,False,PASS
germany_10y_bund_yield_pct_change_12m,germany_10y_bund_yield,macro_fred,monthly,pct_change,12,True,126,14,0.1,126,304.9353697686183,2016-02-29,2026-07-31,False,False,False,False,PASS
germany_manufacturing_order_books_pct_change_12m,germany_manufacturing_order_books,macro_fred,monthly,pct_change,12,True,126,14,0.1,126,68.57776110291843,2016-02-29,2026-07-31,False,False,False,False,PASS
india_10y_yield_pct_change_12m,india_10y_yield,macro_fred,monthly,pct_change,12,True,126,14,0.1,126,0.00951819105816522,2016-02-29,2026-07-31,False,False,False,False,PASS
india_call_money_rate_pct_change_12m,india_call_money_rate,macro_fred,monthly,pct_change,12,True,126,14,0.1,60,0.035569388673060656,2016-02-29,2026-07-31,False,False,False,False,PASS
indonesia_call_money_rate_pct_change_12m,indonesia_call_money_rate,macro_fred,monthly,pct_change,12,True,126,14,0.1,116,0.13355474988930766,2016-02-29,2026-07-31,False,False,False,False,PASS
indonesia_exports_pct_change_12m,indonesia_exports,macro_fred,monthly,pct_change,12,True,126,14,0.1,126,0.030373835633867006,2016-02-29,2026-07-31,False,False,False,False,PASS
korea_10y_yield_pct_change_12m,korea_10y_yield,macro_fred,monthly,pct_change,12,True,126,14,0.1,126,0.09944960338887134,2016-02-29,2026-07-31,False,False,False,False,PASS
korea_call_money_rate_pct_change_12m,korea_call_money_rate,macro_fred,monthly,pct_change,12,True,126,14,0.1,112,0.6652626963257287,2016-02-29,2026-07-31,False,False,False,False,PASS
korea_exports_pct_change_12m,korea_exports,macro_fred,monthly,pct_change,12,True,126,14,0.1,126,0.027989519038295413,2016-02-29,2026-07-31,False,False,False,False,PASS
us_cpi_index_pct_change_12m,us_cpi_index,macro_fred,monthly,pct_change,12,True,126,14,0.1,126,0.00042177061137326584,2016-02-29,2026-08-31,False,False,False,False,PASS
drc_inflation_mom_pct_change_12m,drc_inflation_mom,global_macro,monthly,pct_change,12,True,126,14,0.1,126,33.13826998857361,2016-02-29,2026-07-31,False,False,False,False,PASS
euro_area_construction_output_pct_change_12m,euro_area_construction_output,global_macro,monthly,pct_change,12,True,126,14,0.1,124,0.0033969797996892988,2016-02-29,2026-07-31,False,False,False,False,PASS
euro_area_copper_production_ppi_pct_change_12m,euro_area_copper_production_ppi,global_macro,monthly,pct_change,12,True,126,14,0.1,126,0.015744324182322758,2016-02-29,2026-07-31,False,False,False,False,PASS
euro_area_industrial_production_pct_change_12m,euro_area_industrial_production,global_macro,monthly,pct_change,12,True,126,14,0.1,125,0.003971837402167868,2016-02-29,2026-07-31,False,False,False,False,PASS
euro_area_ppi_pct_change_12m,euro_area_ppi,global_macro,monthly,pct_change,12,True,126,14,0.1,122,0.008825585971709196,2016-02-29,2026-07-31,False,False,False,False,PASS
japan_industrial_production_pct_change_12m,japan_industrial_production,global_macro,monthly,pct_change,12,True,126,14,0.1,126,0.0031434141299419324,2016-02-29,2026-07-31,False,False,False,False,PASS
g20_composite_leading_indicator_pct_change_12m,g20_composite_leading_indicator,leading_indicators,monthly,pct_change,12,True,126,14,0.1,126,0.0005680428863008899,2016-02-29,2026-07-31,False,False,False,False,PASS
peru_formal_private_income_pen_pct_change_12m,peru_formal_private_income_pen,peru_cost_drivers,monthly,pct_change,12,True,126,14,0.1,126,0.001842251654450927,2016-02-29,2026-07-31,False,False,False,False,PASS
target_return_12m,cash_settlement_usd_per_ton,target_history,monthly,pct_change,13,True,127,13,0.09285714285714286,127,0.05235350306537974,2016-02-29,2026-08-31,False,False,False,False,PASS
copper_stock_ton_pct_change_12m,copper_stock_ton,copper_market,daily,pct_change,12,True,127,13,0.09285714285714286,127,0.41705900364295595,2016-02-29,2026-08-31,False,False,False,False,PASS
shfe_close_cny_per_ton_lag_1,shfe_close_cny_per_ton,copper_market,daily,lag,1,True,127,13,0.09285714285714286,127,280901585.6377688,2016-02-29,2026-08-31,False,False,False,False,PASS
shfe_open_interest_change_lag_1,shfe_open_interest_change,copper_market,daily,lag,1,True,127,13,0.09285714285714286,127,1326963865.5589302,2016-02-29,2026-08-31,False,False,False,False,PASS
shfe_open_interest_lots_lag_1,shfe_open_interest_lots,copper_market,daily,lag,1,True,127,13,0.09285714285714286,127,1614198359.7702787,2016-02-29,2026-08-31,False,False,False,False,PASS
shfe_pre_settlement_cny_per_ton_lag_1,shfe_pre_settlement_cny_per_ton,copper_market,daily,lag,1,True,127,13,0.09285714285714286,127,280364149.54607165,2016-02-29,2026-08-31,False,False,False,False,PASS
shfe_settlement_cny_per_ton_lag_1,shfe_settlement_cny_per_ton,copper_market,daily,lag,1,True,127,13,0.09285714285714286,127,280835512.7917187,2016-02-29,2026-08-31,False,False,False,False,PASS
shfe_volume_lots_lag_1,shfe_volume_lots,copper_market,daily,lag,1,True,127,13,0.09285714285714286,127,4225091467339.698,2016-02-29,2026-08-31,False,False,False,False,PASS
aluminum_cash_usd_per_ton_pct_change_12m,aluminum_cash_usd_per_ton,other_metals,daily,pct_change,12,True,127,13,0.09285714285714286,127,0.05087118778262481,2016-02-29,2026-08-31,False,False,False,False,PASS
aluminum_stock_ton_pct_change_12m,aluminum_stock_ton,other_metals,daily,pct_change,12,True,127,13,0.09285714285714286,127,0.14848709581234046,2016-02-29,2026-08-31,False,False,False,False,PASS
lead_cash_usd_per_ton_pct_change_12m,lead_cash_usd_per_ton,other_metals,daily,pct_change,12,True,127,13,0.09285714285714286,127,0.021933147957228942,2016-02-29,2026-08-31,False,False,False,False,PASS
lead_stock_ton_pct_change_12m,lead_stock_ton,other_metals,daily,pct_change,12,True,127,13,0.09285714285714286,127,2.496282474164309,2016-02-29,2026-08-31,False,False,False,False,PASS
nickel_cash_usd_per_ton_pct_change_12m,nickel_cash_usd_per_ton,other_metals,daily,pct_change,12,True,127,13,0.09285714285714286,127,0.07153217384793446,2016-02-29,2026-08-31,False,False,False,False,PASS
nickel_stock_ton_pct_change_12m,nickel_stock_ton,other_metals,daily,pct_change,12,True,127,13,0.09285714285714286,127,0.5805435946797864,2016-02-29,2026-08-31,False,False,False,False,PASS
tin_cash_usd_per_ton_pct_change_12m,tin_cash_usd_per_ton,other_metals,daily,pct_change,12,True,127,13,0.09285714285714286,127,0.12753892612548126,2016-02-29,2026-08-31,False,False,False,False,PASS
tin_stock_ton_pct_change_12m,tin_stock_ton,other_metals,daily,pct_change,12,True,127,13,0.09285714285714286,127,1.5976702627753805,2016-02-29,2026-08-31,False,False,False,False,PASS
zinc_cash_usd_per_ton_pct_change_12m,zinc_cash_usd_per_ton,other_metals,daily,pct_change,12,True,127,13,0.09285714285714286,127,0.06609042431981388,2016-02-29,2026-08-31,False,False,False,False,PASS
zinc_stock_ton_pct_change_12m,zinc_stock_ton,other_metals,daily,pct_change,12,True,127,13,0.09285714285714286,127,2.9277996731863447,2016-02-29,2026-08-31,False,False,False,False,PASS
palladium_usd_per_troy_ounce_pct_change_12m,palladium_usd_per_troy_ounce,other_metals,daily,pct_change,12,True,127,13,0.09285714285714286,127,0.11444796203935872,2016-02-29,2026-08-31,False,False,False,False,PASS
coal_australia_usd_per_ton_pct_change_12m,coal_australia_usd_per_ton,commodities,monthly,pct_change,12,True,127,13,0.09285714285714286,127,0.5588640663314137,2016-02-29,2026-08-31,False,False,False,False,PASS
gold_usd_per_troy_ounce_pct_change_12m,gold_usd_per_troy_ounce,commodities,monthly,pct_change,12,True,127,13,0.09285714285714286,127,0.0327464311773961,2016-02-29,2026-08-31,False,False,False,False,PASS
iron_ore_usd_per_dmtu_pct_change_12m,iron_ore_usd_per_dmtu,commodities,monthly,pct_change,12,True,127,13,0.09285714285714286,127,0.11782120273102314,2016-02-29,2026-08-31,False,False,False,False,PASS
platinum_usd_per_troy_ounce_pct_change_12m,platinum_usd_per_troy_ounce,commodities,monthly,pct_change,12,True,127,13,0.09285714285714286,127,0.09155540876065679,2016-02-29,2026-08-31,False,False,False,False,PASS
silver_usd_per_troy_ounce_pct_change_12m,silver_usd_per_troy_ounce,commodities,monthly,pct_change,12,True,127,13,0.09285714285714286,127,0.13607091967456703,2016-02-29,2026-08-31,False,False,False,False,PASS
wti_usd_per_barrel_pct_change_12m,wti_usd_per_barrel,commodities,monthly,pct_change,12,True,127,13,0.09285714285714286,127,0.18673554373811901,2016-02-29,2026-08-31,False,False,False,False,PASS
brent_oil_usd_pct_change_12m,brent_oil_usd,macro_fred,monthly,pct_change,12,True,127,13,0.09285714285714286,127,0.13703940892166774,2016-02-29,2026-08-31,False,False,False,False,PASS
dollar_index_pct_change_12m,dollar_index,macro_fred,monthly,pct_change,12,True,127,13,0.09285714285714286,127,0.0019989145686685793,2016-02-29,2026-08-31,False,False,False,False,PASS
eur_usd_pct_change_12m,eur_usd,macro_fred,monthly,pct_change,12,True,127,13,0.09285714285714286,127,0.004594739076497615,2016-02-29,2026-08-31,False,False,False,False,PASS
euro_area_hicp_pct_change_12m,euro_area_hicp,macro_fred,monthly,pct_change,12,True,127,13,0.09285714285714286,127,0.0006294273493007288,2016-02-29,2026-08-31,False,False,False,False,PASS
fed_interest_rate_pct_change_12m,fed_interest_rate,macro_fred,monthly,pct_change,12,True,127,13,0.09285714285714286,103,107.61467695949807,2016-02-29,2026-08-31,False,False,False,False,PASS
indonesia_reer_pct_change_12m,indonesia_reer,macro_fred,monthly,pct_change,12,True,127,13,0.09285714285714286,127,0.0019494424784370185,2016-02-29,2026-08-31,False,False,False,False,PASS
m2_money_supply_pct_change_12m,m2_money_supply,macro_fred,monthly,pct_change,12,True,127,13,0.09285714285714286,127,0.004708007809384099,2016-02-29,2026-08-31,False,False,False,False,PASS
natural_gas_usd_pct_change_12m,natural_gas_usd,macro_fred,monthly,pct_change,12,True,127,13,0.09285714285714286,127,0.31803229467836197,2016-02-29,2026-08-31,False,False,False,False,PASS
us_10y_2y_spread_pct_change_12m,us_10y_2y_spread,macro_fred,monthly,pct_change,12,True,127,13,0.09285714285714286,126,4.362725324616294,2016-02-29,2026-08-31,False,False,False,False,PASS
us_10y_treasury_yield_pct_change_12m,us_10y_treasury_yield,macro_fred,monthly,pct_change,12,True,127,13,0.09285714285714286,126,0.26846864769342954,2016-02-29,2026-08-31,False,False,False,False,PASS
us_2y_yield_pct_change_12m,us_2y_yield,macro_fred,monthly,pct_change,12,True,127,13,0.09285714285714286,127,12.65080670711762,2016-02-29,2026-08-31,False,False,False,False,PASS
us_housing_starts_pct_change_12m,us_housing_starts,macro_fred,monthly,pct_change,12,True,127,13,0.09285714285714286,127,0.02043634418786076,2016-02-29,2026-08-31,False,False,False,False,PASS
us_industrial_production_pct_change_12m,us_industrial_production,macro_fred,monthly,pct_change,12,True,127,13,0.09285714285714286,127,0.0015613757583319517,2016-02-29,2026-08-31,False,False,False,False,PASS
us_ppi_pct_change_12m,us_ppi,macro_fred,monthly,pct_change,12,True,127,13,0.09285714285714286,127,0.005979582668492736,2016-02-29,2026-08-31,False,False,False,False,PASS
usd_cny_pct_change_12m,usd_cny,macro_fred,monthly,pct_change,12,True,127,13,0.09285714285714286,127,0.0026160078865517214,2016-02-29,2026-08-31,False,False,False,False,PASS
usd_gbp_pct_change_12m,usd_gbp,macro_fred,monthly,pct_change,12,True,127,13,0.09285714285714286,127,0.006021181836053028,2016-02-29,2026-08-31,False,False,False,False,PASS
usd_idr_pct_change_12m,usd_idr,macro_fred,monthly,pct_change,12,True,127,13,0.09285714285714286,127,0.0018107392042694954,2016-02-29,2026-08-31,False,False,False,False,PASS
usd_inr_pct_change_12m,usd_inr,macro_fred,monthly,pct_change,12,True,127,13,0.09285714285714286,127,0.0019018048881771646,2016-02-29,2026-08-31,False,False,False,False,PASS
usd_jpy_pct_change_12m,usd_jpy,macro_fred,monthly,pct_change,12,True,127,13,0.09285714285714286,127,0.007603375128868491,2016-02-29,2026-08-31,False,False,False,False,PASS
usd_krw_pct_change_12m,usd_krw,macro_fred,monthly,pct_change,12,True,127,13,0.09285714285714286,127,0.0036525996173989717,2016-02-29,2026-08-31,False,False,False,False,PASS
vix_index_pct_change_12m,vix_index,macro_fred,monthly,pct_change,12,True,127,13,0.09285714285714286,127,0.2793698672986031,2016-02-29,2026-08-31,False,False,False,False,PASS
boj_call_rate_pct_change_12m,boj_call_rate,global_macro,monthly,pct_change,12,True,127,13,0.09285714285714286,127,65.49495067795183,2016-02-29,2026-08-31,False,False,False,False,PASS
indonesia_inflation_mom_pct_change_12m,indonesia_inflation_mom,global_macro,monthly,pct_change,12,True,127,13,0.09285714285714286,124,22.448124770257934,2016-02-29,2026-08-31,False,False,False,False,PASS
japan_cpi_pct_change_12m,japan_cpi,global_macro,monthly,pct_change,12,True,127,13,0.09285714285714286,120,0.00020263347717957154,2016-02-29,2026-08-31,False,False,False,False,PASS
japan_ppi_pct_change_12m,japan_ppi,global_macro,monthly,pct_change,12,True,127,13,0.09285714285714286,125,0.0014227068219619591,2016-02-29,2026-08-31,False,False,False,False,PASS
usd_cdf_pct_change_12m,usd_cdf,global_macro,monthly,pct_change,12,True,127,13,0.09285714285714286,127,0.02828446376856884,2016-02-29,2026-08-31,False,False,False,False,PASS
turkey_capacity_basic_metals_percent_pct_change_12m,turkey_capacity_basic_metals_percent,turkey,monthly,pct_change,12,True,127,13,0.09285714285714286,127,0.0024097305647243585,2016-02-29,2026-08-31,False,False,False,False,PASS
turkey_capacity_electrical_equipment_percent_pct_change_12m,turkey_capacity_electrical_equipment_percent,turkey,monthly,pct_change,12,True,127,13,0.09285714285714286,127,0.006942765004292615,2016-02-29,2026-08-31,False,False,False,False,PASS
turkey_capacity_fabricated_metals_percent_pct_change_12m,turkey_capacity_fabricated_metals_percent,turkey,monthly,pct_change,12,True,127,13,0.09285714285714286,127,0.0025714067285358667,2016-02-29,2026-08-31,False,False,False,False,PASS
turkey_capacity_intermediate_goods_percent_pct_change_12m,turkey_capacity_intermediate_goods_percent,turkey,monthly,pct_change,12,True,127,13,0.09285714285714286,126,0.0024935191544639473,2016-02-29,2026-08-31,False,False,False,False,PASS
turkey_capacity_investment_goods_percent_pct_change_12m,turkey_capacity_investment_goods_percent,turkey,monthly,pct_change,12,True,127,13,0.09285714285714286,125,0.004669990883905775,2016-02-29,2026-08-31,False,False,False,False,PASS
turkey_capacity_machinery_percent_pct_change_12m,turkey_capacity_machinery_percent,turkey,monthly,pct_change,12,True,127,13,0.09285714285714286,127,0.00840837466333543,2016-02-29,2026-08-31,False,False,False,False,PASS
turkey_capacity_motor_vehicles_percent_pct_change_12m,turkey_capacity_motor_vehicles_percent,turkey,monthly,pct_change,12,True,127,13,0.09285714285714286,127,0.01023774372087877,2016-02-29,2026-08-31,False,False,False,False,PASS
turkey_consumer_confidence_index_pct_change_12m,turkey_consumer_confidence_index,turkey,monthly,pct_change,12,True,127,13,0.09285714285714286,127,0.00859161461148538,2016-02-29,2026-08-31,False,False,False,False,PASS
turkey_cpi_index_pct_change_12m,turkey_cpi_index,turkey,monthly,pct_change,12,True,127,13,0.09285714285714286,127,0.05082970751148646,2016-02-29,2026-08-31,False,False,False,False,PASS
turkey_domestic_ppi_index_pct_change_12m,turkey_domestic_ppi_index,turkey,monthly,pct_change,12,True,127,13,0.09285714285714286,127,0.11977378582514761,2016-02-29,2026-08-31,False,False,False,False,PASS
turkey_eur_try_monthly_average_pct_change_12m,turkey_eur_try_monthly_average,turkey,monthly,pct_change,12,True,127,13,0.09285714285714286,127,0.043588003750382305,2016-02-29,2026-08-31,False,False,False,False,PASS
turkey_exports_usd_pct_change_12m,turkey_exports_usd,turkey,monthly,pct_change,12,True,127,13,0.09285714285714286,127,0.02773191365675936,2016-02-29,2026-08-31,False,False,False,False,PASS
turkey_foreign_trade_balance_usd_pct_change_12m,turkey_foreign_trade_balance_usd,turkey,monthly,pct_change,12,True,127,13,0.09285714285714286,127,5.321071278958005,2016-02-29,2026-08-31,False,False,False,False,PASS
turkey_imports_usd_pct_change_12m,turkey_imports_usd,turkey,monthly,pct_change,12,True,127,13,0.09285714285714286,127,0.036067567390153564,2016-02-29,2026-08-31,False,False,False,False,PASS
turkey_manufacturing_capacity_utilization_percent_pct_change_12m,turkey_manufacturing_capacity_utilization_percent,turkey,monthly,pct_change,12,True,127,13,0.09285714285714286,121,0.002279169778932153,2016-02-29,2026-08-31,False,False,False,False,PASS
turkey_ppi_basic_metals_index_pct_change_12m,turkey_ppi_basic_metals_index,turkey,monthly,pct_change,12,True,127,13,0.09285714285714286,127,0.12905162274217347,2016-02-29,2026-08-31,False,False,False,False,PASS
turkey_ppi_electrical_equipment_index_pct_change_12m,turkey_ppi_electrical_equipment_index,turkey,monthly,pct_change,12,True,127,13,0.09285714285714286,127,0.06706370523000088,2016-02-29,2026-08-31,False,False,False,False,PASS
turkey_ppi_household_appliances_index_pct_change_12m,turkey_ppi_household_appliances_index,turkey,monthly,pct_change,12,True,127,13,0.09285714285714286,127,0.07933437443839013,2016-02-29,2026-08-31,False,False,False,False,PASS
turkey_ppi_metal_ores_index_pct_change_12m,turkey_ppi_metal_ores_index,turkey,monthly,pct_change,12,True,127,13,0.09285714285714286,127,0.07734869316307214,2016-02-29,2026-08-31,False,False,False,False,PASS
turkey_ppi_motor_vehicles_index_pct_change_12m,turkey_ppi_motor_vehicles_index,turkey,monthly,pct_change,12,True,127,13,0.09285714285714286,127,0.05389306680504776,2016-02-29,2026-08-31,False,False,False,False,PASS
turkey_ppi_nonferrous_metal_ores_index_pct_change_12m,turkey_ppi_nonferrous_metal_ores_index,turkey,monthly,pct_change,12,True,127,13,0.09285714285714286,127,0.08024891090410471,2016-02-29,2026-08-31,False,False,False,False,PASS
turkey_ppi_nonferrous_metals_index_pct_change_12m,turkey_ppi_nonferrous_metals_index,turkey,monthly,pct_change,12,True,127,13,0.09285714285714286,127,0.1029939249481535,2016-02-29,2026-08-31,False,False,False,False,PASS
turkey_ppi_wire_cable_index_pct_change_12m,turkey_ppi_wire_cable_index,turkey,monthly,pct_change,12,True,127,13,0.09285714285714286,127,0.07835098544473516,2016-02-29,2026-08-31,False,False,False,False,PASS
turkey_real_sector_confidence_index_pct_change_12m,turkey_real_sector_confidence_index,turkey,monthly,pct_change,12,True,127,13,0.09285714285714286,127,0.011435524586158357,2016-02-29,2026-08-31,False,False,False,False,PASS
turkey_unemployment_rate_percent_pct_change_12m,turkey_unemployment_rate_percent,turkey,monthly,pct_change,12,True,127,13,0.09285714285714286,115,0.01765310353547278,2016-02-29,2026-08-31,False,False,False,False,PASS
turkey_usd_try_monthly_average_pct_change_12m,turkey_usd_try_monthly_average,turkey,monthly,pct_change,12,True,127,13,0.09285714285714286,127,0.06520012646933036,2016-02-29,2026-08-31,False,False,False,False,PASS
global_economic_policy_uncertainty_index_pct_change_12m,global_economic_policy_uncertainty_index,risk,monthly,pct_change,12,True,127,13,0.09285714285714286,127,0.23231886783577949,2016-02-29,2026-08-31,False,False,False,False,PASS
global_economic_policy_uncertainty_ppp_index_pct_change_12m,global_economic_policy_uncertainty_ppp_index,risk,monthly,pct_change,12,True,127,13,0.09285714285714286,127,0.19530786454237706,2016-02-29,2026-08-31,False,False,False,False,PASS
geopolitical_acts_index_pct_change_12m,geopolitical_acts_index,risk,monthly,pct_change,12,True,127,13,0.09285714285714286,127,0.434126159226815,2016-02-29,2026-08-31,False,False,False,False,PASS
geopolitical_risk_index_pct_change_12m,geopolitical_risk_index,risk,monthly,pct_change,12,True,127,13,0.09285714285714286,127,0.21155727360168455,2016-02-29,2026-08-31,False,False,False,False,PASS
geopolitical_threats_index_pct_change_12m,geopolitical_threats_index,risk,monthly,pct_change,12,True,127,13,0.09285714285714286,127,0.2591052210873594,2016-02-29,2026-08-31,False,False,False,False,PASS
baltic_dry_index_pct_change_12m,baltic_dry_index,shipping,daily,pct_change,12,True,127,13,0.09285714285714286,127,0.6757839902817038,2016-02-29,2026-08-31,False,False,False,False,PASS
australia_asx200_pct_change_12m,australia_asx200,equities_indices,monthly,pct_change,12,True,127,13,0.09285714285714286,127,0.008858018406430796,2016-02-29,2026-08-31,False,False,False,False,PASS
canada_tsx_composite_pct_change_12m,canada_tsx_composite,equities_indices,monthly,pct_change,12,True,127,13,0.09285714285714286,127,0.01659794188464833,2016-02-29,2026-08-31,False,False,False,False,PASS
chile_ipsa_pct_change_12m,chile_ipsa,equities_indices,monthly,pct_change,12,True,127,13,0.09285714285714286,127,0.030707080358197122,2016-02-29,2026-08-31,False,False,False,False,PASS
china_csi300_pct_change_12m,china_csi300,equities_indices,monthly,pct_change,12,True,127,13,0.09285714285714286,127,0.03071817587485778,2016-02-29,2026-08-31,False,False,False,False,PASS
germany_dax_pct_change_12m,germany_dax,equities_indices,monthly,pct_change,12,True,127,13,0.09285714285714286,127,0.022429296113347916,2016-02-29,2026-08-31,False,False,False,False,PASS
hong_kong_hang_seng_pct_change_12m,hong_kong_hang_seng,equities_indices,monthly,pct_change,12,True,127,13,0.09285714285714286,127,0.036298712088188544,2016-02-29,2026-08-31,False,False,False,False,PASS
india_nifty50_pct_change_12m,india_nifty50,equities_indices,monthly,pct_change,12,True,127,13,0.09285714285714286,127,0.02450089252508055,2016-02-29,2026-08-31,False,False,False,False,PASS
indonesia_jakarta_composite_pct_change_12m,indonesia_jakarta_composite,equities_indices,monthly,pct_change,12,True,127,13,0.09285714285714286,127,0.015258713627941902,2016-02-29,2026-08-31,False,False,False,False,PASS
japan_nikkei225_pct_change_12m,japan_nikkei225,equities_indices,monthly,pct_change,12,True,127,13,0.09285714285714286,127,0.035926698585834936,2016-02-29,2026-08-31,False,False,False,False,PASS
peru_bvl_general_pct_change_12m,peru_bvl_general,equities_indices,monthly,pct_change,12,True,127,13,0.09285714285714286,127,0.05768934591844147,2016-02-29,2026-08-31,False,False,False,False,PASS
poland_wig20_pct_change_12m,poland_wig20,equities_indices,monthly,pct_change,12,True,127,13,0.09285714285714286,127,0.04701696240835153,2016-02-29,2026-08-31,False,False,False,False,PASS
south_korea_kospi_pct_change_12m,south_korea_kospi,equities_indices,monthly,pct_change,12,True,127,13,0.09285714285714286,127,0.13840064246516634,2016-02-29,2026-08-31,False,False,False,False,PASS
turkey_bist100_pct_change_12m,turkey_bist100,equities_indices,monthly,pct_change,12,True,127,13,0.09285714285714286,127,0.21727502634052281,2016-02-29,2026-08-31,False,False,False,False,PASS
uk_ftse100_pct_change_12m,uk_ftse100,equities_indices,monthly,pct_change,12,True,127,13,0.09285714285714286,127,0.01183306792267632,2016-02-29,2026-08-31,False,False,False,False,PASS
usa_dow_jones_pct_change_12m,usa_dow_jones,equities_indices,monthly,pct_change,12,True,127,13,0.09285714285714286,127,0.013383314864036894,2016-02-29,2026-08-31,False,False,False,False,PASS
usa_nasdaq_composite_pct_change_12m,usa_nasdaq_composite,equities_indices,monthly,pct_change,12,True,127,13,0.09285714285714286,127,0.036108792209276756,2016-02-29,2026-08-31,False,False,False,False,PASS
usa_sp500_pct_change_12m,usa_sp500,equities_indices,monthly,pct_change,12,True,127,13,0.09285714285714286,127,0.017206346989678517,2016-02-29,2026-08-31,False,False,False,False,PASS
australia_asx200_bhp_pct_change_12m,australia_asx200_bhp,equities_companies,monthly,pct_change,12,True,127,13,0.09285714285714286,127,0.05062667642338447,2016-02-29,2026-08-31,False,False,False,False,PASS
australia_asx200_rio_tinto_pct_change_12m,australia_asx200_rio_tinto,equities_companies,monthly,pct_change,12,True,127,13,0.09285714285714286,127,0.038526985912941694,2016-02-29,2026-08-31,False,False,False,False,PASS
canada_tsx_composite_capstone_copper_pct_change_12m,canada_tsx_composite_capstone_copper,equities_companies,monthly,pct_change,12,True,127,13,0.09285714285714286,127,2.675764874888935,2016-02-29,2026-08-31,False,False,False,False,PASS
canada_tsx_composite_first_quantum_minerals_pct_change_12m,canada_tsx_composite_first_quantum_minerals,equities_companies,monthly,pct_change,12,True,127,13,0.09285714285714286,127,0.5928156486627094,2016-02-29,2026-08-31,False,False,False,False,PASS
canada_tsx_composite_hudbay_minerals_pct_change_12m,canada_tsx_composite_hudbay_minerals,equities_companies,monthly,pct_change,12,True,127,13,0.09285714285714286,127,0.5050093001599649,2016-02-29,2026-08-31,False,False,False,False,PASS
canada_tsx_composite_lundin_mining_pct_change_12m,canada_tsx_composite_lundin_mining,equities_companies,monthly,pct_change,12,True,127,13,0.09285714285714286,127,0.3242559919449641,2016-02-29,2026-08-31,False,False,False,False,PASS
canada_tsx_composite_teck_resources_pct_change_12m,canada_tsx_composite_teck_resources,equities_companies,monthly,pct_change,12,True,127,13,0.09285714285714286,127,0.833229456841045,2016-02-29,2026-08-31,False,False,False,False,PASS
china_csi300_jiangxi_copper_pct_change_12m,china_csi300_jiangxi_copper,equities_companies,monthly,pct_change,12,True,127,13,0.09285714285714286,127,0.17307950587217008,2016-02-29,2026-08-31,False,False,False,False,PASS
germany_dax_aurubis_pct_change_12m,germany_dax_aurubis,equities_companies,monthly,pct_change,12,True,127,13,0.09285714285714286,127,0.14939160906376941,2016-02-29,2026-08-31,False,False,False,False,PASS
hong_kong_hang_seng_zijin_mining_pct_change_12m,hong_kong_hang_seng_zijin_mining,equities_companies,monthly,pct_change,12,True,127,13,0.09285714285714286,127,0.3547166160975806,2016-02-29,2026-08-31,False,False,False,False,PASS
poland_wig20_kghm_pct_change_12m,poland_wig20_kghm,equities_companies,monthly,pct_change,12,True,127,13,0.09285714285714286,127,0.3217370971394309,2016-02-29,2026-08-31,False,False,False,False,PASS
uk_ftse100_antofagasta_pct_change_12m,uk_ftse100_antofagasta,equities_companies,monthly,pct_change,12,True,127,13,0.09285714285714286,127,0.18535515602346728,2016-02-29,2026-08-31,False,False,False,False,PASS
uk_ftse100_glencore_pct_change_12m,uk_ftse100_glencore,equities_companies,monthly,pct_change,12,True,127,13,0.09285714285714286,127,0.3691967262391078,2016-02-29,2026-08-31,False,False,False,False,PASS
usa_nyse_hecla_mining_pct_change_12m,usa_nyse_hecla_mining,equities_companies,monthly,pct_change,12,True,127,13,0.09285714285714286,127,0.8491782393525319,2016-02-29,2026-08-31,False,False,False,False,PASS
usa_sp500_freeport_mcmoran_pct_change_12m,usa_sp500_freeport_mcmoran,equities_companies,monthly,pct_change,12,True,127,13,0.09285714285714286,127,0.5738502775327056,2016-02-29,2026-08-31,False,False,False,False,PASS
usa_sp500_southern_copper_pct_change_12m,usa_sp500_southern_copper,equities_companies,monthly,pct_change,12,True,127,13,0.09285714285714286,127,0.14875102434022272,2016-02-29,2026-08-31,False,False,False,False,PASS
peru_diesel_price_index_pct_change_12m,peru_diesel_price_index,peru_cost_drivers,monthly,pct_change,12,True,127,13,0.09285714285714286,106,0.02091806987977044,2016-02-29,2026-08-31,False,False,False,False,PASS
peru_industrial_electricity_tariff_index_pct_change_12m,peru_industrial_electricity_tariff_index,peru_cost_drivers,monthly,pct_change,12,True,127,13,0.09285714285714286,104,0.004039733606835595,2016-02-29,2026-08-31,False,False,False,False,PASS
peru_usd_pen_pct_change_12m,peru_usd_pen,peru_cost_drivers,monthly,pct_change,12,True,127,13,0.09285714285714286,127,0.003093812281796905,2016-02-29,2026-08-31,False,False,False,False,PASS
target_lag_12,cash_settlement_usd_per_ton,target_history,monthly,lag,12,True,128,12,0.08571428571428572,128,2985028.1531730224,2016-01-31,2026-08-31,False,False,False,False,PASS
target_rolling_mean_12,cash_settlement_usd_per_ton,target_history,monthly,rolling_mean,1,True,128,12,0.08571428571428572,128,3339096.6272832737,2016-01-31,2026-08-31,False,False,False,False,PASS
target_rolling_std_12,cash_settlement_usd_per_ton,target_history,monthly,rolling_std,1,True,128,12,0.08571428571428572,128,115300.17731982665,2016-01-31,2026-08-31,False,False,False,False,PASS
copper_stock_ton_lag_12,copper_stock_ton,copper_market,daily,lag,12,True,128,12,0.08571428571428572,127,7090443829.624446,2016-01-31,2026-08-31,False,False,False,False,PASS
aluminum_cash_usd_per_ton_lag_12,aluminum_cash_usd_per_ton,other_metals,daily,lag,12,True,128,12,0.08571428571428572,128,176074.5206686646,2016-01-31,2026-08-31,False,False,False,False,PASS
aluminum_stock_ton_lag_12,aluminum_stock_ton,other_metals,daily,lag,12,True,128,12,0.08571428571428572,128,826376848444.8435,2016-01-31,2026-08-31,False,False,False,False,PASS
lead_cash_usd_per_ton_lag_12,lead_cash_usd_per_ton,other_metals,daily,lag,12,True,128,12,0.08571428571428572,127,47884.05442696749,2016-01-31,2026-08-31,False,False,False,False,PASS
lead_stock_ton_lag_12,lead_stock_ton,other_metals,daily,lag,12,True,128,12,0.08571428571428572,124,4930385479.822835,2016-01-31,2026-08-31,False,False,False,False,PASS
nickel_cash_usd_per_ton_lag_12,nickel_cash_usd_per_ton,other_metals,daily,lag,12,True,128,12,0.08571428571428572,128,26285294.601451017,2016-01-31,2026-08-31,False,False,False,False,PASS
nickel_stock_ton_lag_12,nickel_stock_ton,other_metals,daily,lag,12,True,128,12,0.08571428571428572,128,17902345029.510826,2016-01-31,2026-08-31,False,False,False,False,PASS
tin_cash_usd_per_ton_lag_12,tin_cash_usd_per_ton,other_metals,daily,lag,12,True,128,12,0.08571428571428572,128,53201083.919278845,2016-01-31,2026-08-31,False,False,False,False,PASS
tin_stock_ton_lag_12,tin_stock_ton,other_metals,daily,lag,12,True,128,12,0.08571428571428572,123,4968271.432086614,2016-01-31,2026-08-31,False,False,False,False,PASS
zinc_cash_usd_per_ton_lag_12,zinc_cash_usd_per_ton,other_metals,daily,lag,12,True,128,12,0.08571428571428572,128,268665.170715152,2016-01-31,2026-08-31,False,False,False,False,PASS
zinc_stock_ton_lag_12,zinc_stock_ton,other_metals,daily,lag,12,True,128,12,0.08571428571428572,127,21965520093.350147,2016-01-31,2026-08-31,False,False,False,False,PASS
palladium_usd_per_troy_ounce_lag_12,palladium_usd_per_troy_ounce,other_metals,daily,lag,12,True,128,12,0.08571428571428572,128,401953.3155283876,2016-01-31,2026-08-31,False,False,False,False,PASS
coal_australia_usd_per_ton_lag_12,coal_australia_usd_per_ton,commodities,monthly,lag,12,True,128,12,0.08571428571428572,119,7277.668591904527,2016-01-31,2026-08-31,False,False,False,False,PASS
gold_usd_per_troy_ounce_lag_12,gold_usd_per_troy_ounce,commodities,monthly,lag,12,True,128,12,0.08571428571428572,121,288899.2598425197,2016-01-31,2026-08-31,False,False,False,False,PASS
iron_ore_usd_per_dmtu_lag_12,iron_ore_usd_per_dmtu,commodities,monthly,lag,12,True,128,12,0.08571428571428572,121,1234.0141633858268,2016-01-31,2026-08-31,False,False,False,False,PASS
platinum_usd_per_troy_ounce_lag_12,platinum_usd_per_troy_ounce,commodities,monthly,lag,12,True,128,12,0.08571428571428572,106,12540.506828248032,2016-01-31,2026-08-31,False,False,False,False,PASS
silver_usd_per_troy_ounce_lag_12,silver_usd_per_troy_ounce,commodities,monthly,lag,12,True,128,12,0.08571428571428572,85,32.759675196850395,2016-01-31,2026-08-31,False,False,False,False,PASS
wti_usd_per_barrel_lag_12,wti_usd_per_barrel,commodities,monthly,lag,12,True,128,12,0.08571428571428572,117,308.10269438976377,2016-01-31,2026-08-31,False,False,False,False,PASS
china_ppi_yoy_pct_lag_12,china_ppi_yoy_pct,china,monthly,lag,12,True,128,12,0.08571428571428572,77,21.82543245570866,2016-01-31,2026-08-31,False,False,False,False,PASS
brent_oil_usd_lag_12,brent_oil_usd,macro_fred,monthly,lag,12,True,128,12,0.08571428571428572,128,318.6017925860729,2016-01-31,2026-08-31,False,False,False,False,PASS
dollar_index_lag_12,dollar_index,macro_fred,monthly,lag,12,True,128,12,0.08571428571428572,128,29.20904030123783,2016-01-31,2026-08-31,False,False,False,False,PASS
eur_usd_lag_12,eur_usd,macro_fred,monthly,lag,12,True,128,12,0.08571428571428572,126,0.0026530531995914326,2016-01-31,2026-08-31,False,False,False,False,PASS
euro_area_hicp_lag_12,euro_area_hicp,macro_fred,monthly,lag,12,True,128,12,0.08571428571428572,121,61.594399747785424,2016-01-31,2026-08-31,False,False,False,False,PASS
fed_interest_rate_lag_12,fed_interest_rate,macro_fred,monthly,lag,12,True,128,12,0.08571428571428572,70,3.6714746985728346,2016-01-31,2026-08-31,False,False,False,False,PASS
germany_10y_bund_yield_lag_12,germany_10y_bund_yield,macro_fred,monthly,lag,12,True,128,12,0.08571428571428572,127,1.2397028359134492,2016-01-31,2026-08-31,False,False,False,False,PASS
germany_exports_lag_12,germany_exports,macro_fred,monthly,lag,12,True,128,12,0.08571428571428572,128,1.775189761096306e+20,2016-01-31,2026-08-31,False,False,False,False,PASS
germany_manufacturing_order_books_lag_12,germany_manufacturing_order_books,macro_fred,monthly,lag,12,True,128,12,0.08571428571428572,116,460.668080093504,2016-01-31,2026-08-31,False,False,False,False,PASS
india_10y_yield_lag_12,india_10y_yield,macro_fred,monthly,lag,12,True,128,12,0.08571428571428572,127,0.3123570825598013,2016-01-31,2026-08-31,False,False,False,False,PASS
india_call_money_rate_lag_12,india_call_money_rate,macro_fred,monthly,lag,12,True,128,12,0.08571428571428572,27,1.4188066929133856,2016-01-31,2026-08-31,False,False,False,False,PASS
india_industrial_production_lag_12,india_industrial_production,macro_fred,monthly,lag,12,True,128,12,0.08571428571428572,128,200.57157108511285,2016-01-31,2026-08-31,False,False,False,False,PASS
indonesia_call_money_rate_lag_12,indonesia_call_money_rate,macro_fred,monthly,lag,12,True,128,12,0.08571428571428572,88,2.0649440933662353,2016-01-31,2026-08-31,False,False,False,False,PASS
indonesia_exports_lag_12,indonesia_exports,macro_fred,monthly,lag,12,True,128,12,0.08571428571428572,128,2.060589188334758e+19,2016-01-31,2026-08-31,False,False,False,False,PASS
indonesia_reer_lag_12,indonesia_reer,macro_fred,monthly,lag,12,True,128,12,0.08571428571428572,128,8.153281635625097,2016-01-31,2026-08-31,False,False,False,False,PASS
japan_10y_yield_lag_12,japan_10y_yield,macro_fred,monthly,lag,12,True,128,12,0.08571428571428572,96,0.18547792814960629,2016-01-31,2026-08-31,False,False,False,False,PASS
japan_manufacturing_growth_lag_12,japan_manufacturing_growth,macro_fred,monthly,lag,12,True,128,12,0.08571428571428572,125,6.110234251787384,2016-01-31,2026-08-31,False,False,False,False,PASS
korea_10y_yield_lag_12,korea_10y_yield,macro_fred,monthly,lag,12,True,128,12,0.08571428571428572,128,0.5398883424581693,2016-01-31,2026-08-31,False,False,False,False,PASS
korea_call_money_rate_lag_12,korea_call_money_rate,macro_fred,monthly,lag,12,True,128,12,0.08571428571428572,77,0.9751106771038387,2016-01-31,2026-08-31,False,False,False,False,PASS
korea_exports_lag_12,korea_exports,macro_fred,monthly,lag,12,True,128,12,0.08571428571428572,128,4.306647328622278e+19,2016-01-31,2026-08-31,False,False,False,False,PASS
korea_industrial_production_lag_12,korea_industrial_production,macro_fred,monthly,lag,12,True,128,12,0.08571428571428572,128,20.983401126770833,2016-01-31,2026-08-31,False,False,False,False,PASS
m2_money_supply_lag_12,m2_money_supply,macro_fred,monthly,lag,12,True,128,12,0.08571428571428572,128,14060068.677523993,2016-01-31,2026-08-31,False,False,False,False,PASS
natural_gas_usd_lag_12,natural_gas_usd,macro_fred,monthly,lag,12,True,128,12,0.08571428571428572,128,1.8435271743827037,2016-01-31,2026-08-31,False,False,False,False,PASS
us_10y_2y_spread_lag_12,us_10y_2y_spread,macro_fred,monthly,lag,12,True,128,12,0.08571428571428572,92,0.4125980314960629,2016-01-31,2026-08-31,False,False,False,False,PASS
us_10y_treasury_yield_lag_12,us_10y_treasury_yield,macro_fred,monthly,lag,12,True,128,12,0.08571428571428572,104,1.2515413385826772,2016-01-31,2026-08-31,False,False,False,False,PASS
us_2y_yield_lag_12,us_2y_yield,macro_fred,monthly,lag,12,True,128,12,0.08571428571428572,102,2.5490944881889765,2016-01-31,2026-08-31,False,False,False,False,PASS
us_cpi_index_lag_12,us_cpi_index,macro_fred,monthly,lag,12,True,128,12,0.08571428571428572,128,826.6604059803149,2016-01-31,2026-08-31,False,False,False,False,PASS
us_housing_starts_lag_12,us_housing_starts,macro_fred,monthly,lag,12,True,128,12,0.08571428571428572,116,33722.10131643701,2016-01-31,2026-08-31,False,False,False,False,PASS
us_industrial_production_lag_12,us_industrial_production,macro_fred,monthly,lag,12,True,128,12,0.08571428571428572,127,7.15952097487143,2016-01-31,2026-08-31,False,False,False,False,PASS
us_ppi_lag_12,us_ppi,macro_fred,monthly,lag,12,True,128,12,0.08571428571428572,120,944.5259826805485,2016-01-31,2026-08-31,False,False,False,False,PASS
usd_cny_lag_12,usd_cny,macro_fred,monthly,lag,12,True,128,12,0.08571428571428572,128,0.10636575006746873,2016-01-31,2026-08-31,False,False,False,False,PASS
usd_gbp_lag_12,usd_gbp,macro_fred,monthly,lag,12,True,128,12,0.08571428571428572,128,0.008282397643042038,2016-01-31,2026-08-31,False,False,False,False,PASS
usd_idr_lag_12,usd_idr,macro_fred,monthly,lag,12,True,128,12,0.08571428571428572,128,982570.5472907994,2016-01-31,2026-08-31,False,False,False,False,PASS
usd_inr_lag_12,usd_inr,macro_fred,monthly,lag,12,True,128,12,0.08571428571428572,128,54.89445148995281,2016-01-31,2026-08-31,False,False,False,False,PASS
usd_jpy_lag_12,usd_jpy,macro_fred,monthly,lag,12,True,128,12,0.08571428571428572,128,278.58071046616607,2016-01-31,2026-08-31,False,False,False,False,PASS
usd_krw_lag_12,usd_krw,macro_fred,monthly,lag,12,True,128,12,0.08571428571428572,128,11029.891393489952,2016-01-31,2026-08-31,False,False,False,False,PASS
vix_index_lag_12,vix_index,macro_fred,monthly,lag,12,True,128,12,0.08571428571428572,127,43.44076523164968,2016-01-31,2026-08-31,False,False,False,False,PASS
boj_call_rate_lag_12,boj_call_rate,global_macro,monthly,lag,12,True,128,12,0.08571428571428572,128,0.017166617178696653,2016-01-31,2026-08-31,False,False,False,False,PASS
drc_inflation_mom_lag_12,drc_inflation_mom,global_macro,monthly,lag,12,True,128,12,0.08571428571428572,123,1.73429694039124,2016-01-31,2026-08-31,False,False,False,False,PASS
ecb_policy_rate_lag_12,ecb_policy_rate,global_macro,monthly,lag,12,True,128,12,0.08571428571428572,12,2.098655880905512,2016-01-31,2026-08-31,False,False,False,False,PASS
euro_area_construction_output_lag_12,euro_area_construction_output,global_macro,monthly,lag,12,True,128,12,0.08571428571428572,74,19.086614173228348,2016-01-31,2026-08-31,False,False,False,False,PASS
euro_area_copper_production_ppi_lag_12,euro_area_copper_production_ppi,global_macro,monthly,lag,12,True,128,12,0.08571428571428572,107,344.62002891240155,2016-01-31,2026-08-31,False,False,False,False,PASS
euro_area_industrial_production_lag_12,euro_area_industrial_production,global_macro,monthly,lag,12,True,128,12,0.08571428571428572,76,15.042745447834642,2016-01-31,2026-08-31,False,False,False,False,PASS
euro_area_ppi_lag_12,euro_area_ppi,global_macro,monthly,lag,12,True,128,12,0.08571428571428572,89,241.6108556840551,2016-01-31,2026-08-31,False,False,False,False,PASS
indonesia_inflation_mom_lag_12,indonesia_inflation_mom,global_macro,monthly,lag,12,True,128,12,0.08571428571428572,81,0.12001372416338582,2016-01-31,2026-08-31,False,False,False,False,PASS
japan_cpi_lag_12,japan_cpi,global_macro,monthly,lag,12,True,128,12,0.08571428571428572,65,13.593247416338583,2016-01-31,2026-08-31,False,False,False,False,PASS
japan_industrial_production_lag_12,japan_industrial_production,global_macro,monthly,lag,12,True,128,12,0.08571428571428572,94,33.211092519685025,2016-01-31,2026-08-31,False,False,False,False,PASS
japan_ppi_lag_12,japan_ppi,global_macro,monthly,lag,12,True,128,12,0.08571428571428572,83,105.48175135334647,2016-01-31,2026-08-31,False,False,False,False,PASS
usd_cdf_lag_12,usd_cdf,global_macro,monthly,lag,12,True,128,12,0.08571428571428572,128,353932.5849017725,2016-01-31,2026-08-31,False,False,False,False,PASS
g20_composite_leading_indicator_lag_12,g20_composite_leading_indicator,leading_indicators,monthly,lag,12,True,128,12,0.08571428571428572,128,2.1919099720593933,2016-01-31,2026-08-31,False,False,False,False,PASS
turkey_capacity_basic_metals_percent_lag_12,turkey_capacity_basic_metals_percent,turkey,monthly,lag,12,True,128,12,0.08571428571428572,128,8.132893767082585,2016-01-31,2026-08-31,False,False,False,False,PASS
turkey_capacity_electrical_equipment_percent_lag_12,turkey_capacity_electrical_equipment_percent,turkey,monthly,lag,12,True,128,12,0.08571428571428572,128,15.100646141244647,2016-01-31,2026-08-31,False,False,False,False,PASS
turkey_capacity_fabricated_metals_percent_lag_12,turkey_capacity_fabricated_metals_percent,turkey,monthly,lag,12,True,128,12,0.08571428571428572,128,6.292244141691269,2016-01-31,2026-08-31,False,False,False,False,PASS
turkey_capacity_intermediate_goods_percent_lag_12,turkey_capacity_intermediate_goods_percent,turkey,monthly,lag,12,True,128,12,0.08571428571428572,64,6.667162893700787,2016-01-31,2026-08-31,False,False,False,False,PASS
turkey_capacity_investment_goods_percent_lag_12,turkey_capacity_investment_goods_percent,turkey,monthly,lag,12,True,128,12,0.08571428571428572,81,20.26485666830709,2016-01-31,2026-08-31,False,False,False,False,PASS
turkey_capacity_machinery_percent_lag_12,turkey_capacity_machinery_percent,turkey,monthly,lag,12,True,128,12,0.08571428571428572,128,24.749531954276282,2016-01-31,2026-08-31,False,False,False,False,PASS
turkey_capacity_motor_vehicles_percent_lag_12,turkey_capacity_motor_vehicles_percent,turkey,monthly,lag,12,True,128,12,0.08571428571428572,128,39.90800785803321,2016-01-31,2026-08-31,False,False,False,False,PASS
turkey_consumer_confidence_index_lag_12,turkey_consumer_confidence_index,turkey,monthly,lag,12,True,128,12,0.08571428571428572,128,49.08158977114787,2016-01-31,2026-08-31,False,False,False,False,PASS
turkey_cpi_index_lag_12,turkey_cpi_index,turkey,monthly,lag,12,True,128,12,0.08571428571428572,128,713.2396619763311,2016-01-31,2026-08-31,False,False,False,False,PASS
turkey_domestic_ppi_index_lag_12,turkey_domestic_ppi_index,turkey,monthly,lag,12,True,128,12,0.08571428571428572,128,1677157.2538025347,2016-01-31,2026-08-31,False,False,False,False,PASS
turkey_eur_try_monthly_average_lag_12,turkey_eur_try_monthly_average,turkey,monthly,lag,12,True,128,12,0.08571428571428572,128,160.2567741975713,2016-01-31,2026-08-31,False,False,False,False,PASS
turkey_exports_usd_lag_12,turkey_exports_usd,turkey,monthly,lag,12,True,128,12,0.08571428571428572,128,1.6821515950360502e+19,2016-01-31,2026-08-31,False,False,False,False,PASS
turkey_foreign_trade_balance_usd_lag_12,turkey_foreign_trade_balance_usd,turkey,monthly,lag,12,True,128,12,0.08571428571428572,128,7.527717953717794e+18,2016-01-31,2026-08-31,False,False,False,False,PASS
turkey_imports_usd_lag_12,turkey_imports_usd,turkey,monthly,lag,12,True,128,12,0.08571428571428572,128,3.352088523552732e+19,2016-01-31,2026-08-31,False,False,False,False,PASS
turkey_manufacturing_capacity_utilization_percent_lag_12,turkey_manufacturing_capacity_utilization_percent,turkey,monthly,lag,12,True,128,12,0.08571428571428572,58,6.1621432086614165,2016-01-31,2026-08-31,False,False,False,False,PASS
turkey_ppi_basic_metals_index_lag_12,turkey_ppi_basic_metals_index,turkey,monthly,lag,12,True,128,12,0.08571428571428572,128,3614537.681700763,2016-01-31,2026-08-31,False,False,False,False,PASS
turkey_ppi_electrical_equipment_index_lag_12,turkey_ppi_electrical_equipment_index,turkey,monthly,lag,12,True,128,12,0.08571428571428572,128,1412215.259406299,2016-01-31,2026-08-31,False,False,False,False,PASS
turkey_ppi_household_appliances_index_lag_12,turkey_ppi_household_appliances_index,turkey,monthly,lag,12,True,128,12,0.08571428571428572,128,801412.3926395422,2016-01-31,2026-08-31,False,False,False,False,PASS
turkey_ppi_metal_ores_index_lag_12,turkey_ppi_metal_ores_index,turkey,monthly,lag,12,True,128,12,0.08571428571428572,128,13569252.673029963,2016-01-31,2026-08-31,False,False,False,False,PASS
turkey_ppi_motor_vehicles_index_lag_12,turkey_ppi_motor_vehicles_index,turkey,monthly,lag,12,True,128,12,0.08571428571428572,128,732120.0821498461,2016-01-31,2026-08-31,False,False,False,False,PASS
turkey_ppi_nonferrous_metal_ores_index_lag_12,turkey_ppi_nonferrous_metal_ores_index,turkey,monthly,lag,12,True,128,12,0.08571428571428572,128,26010759.705850564,2016-01-31,2026-08-31,False,False,False,False,PASS
turkey_ppi_nonferrous_metals_index_lag_12,turkey_ppi_nonferrous_metals_index,turkey,monthly,lag,12,True,128,12,0.08571428571428572,128,9381082.012484942,2016-01-31,2026-08-31,False,False,False,False,PASS
turkey_ppi_wire_cable_index_lag_12,turkey_ppi_wire_cable_index,turkey,monthly,lag,12,True,128,12,0.08571428571428572,127,4977445.459579571,2016-01-31,2026-08-31,False,False,False,False,PASS
turkey_real_sector_confidence_index_lag_12,turkey_real_sector_confidence_index,turkey,monthly,lag,12,True,128,12,0.08571428571428572,93,42.16155265748032,2016-01-31,2026-08-31,False,False,False,False,PASS
turkey_unemployment_rate_percent_lag_12,turkey_unemployment_rate_percent,turkey,monthly,lag,12,True,128,12,0.08571428571428572,52,2.803208046259842,2016-01-31,2026-08-31,False,False,False,False,PASS
turkey_usd_try_monthly_average_lag_12,turkey_usd_try_monthly_average,turkey,monthly,lag,12,True,128,12,0.08571428571428572,128,135.52750198025234,2016-01-31,2026-08-31,False,False,False,False,PASS
global_economic_policy_uncertainty_index_lag_12,global_economic_policy_uncertainty_index,risk,monthly,lag,12,True,128,12,0.08571428571428572,128,6921.764239264746,2016-01-31,2026-08-31,False,False,False,False,PASS
global_economic_policy_uncertainty_ppp_index_lag_12,global_economic_policy_uncertainty_ppp_index,risk,monthly,lag,12,True,128,12,0.08571428571428572,128,6548.408536849823,2016-01-31,2026-08-31,False,False,False,False,PASS
geopolitical_acts_index_lag_12,geopolitical_acts_index,risk,monthly,lag,12,True,128,12,0.08571428571428572,128,1979.9480880954966,2016-01-31,2026-08-31,False,False,False,False,PASS
geopolitical_risk_index_lag_12,geopolitical_risk_index,risk,monthly,lag,12,True,128,12,0.08571428571428572,128,1291.4443962413577,2016-01-31,2026-08-31,False,False,False,False,PASS
geopolitical_threats_index_lag_12,geopolitical_threats_index,risk,monthly,lag,12,True,128,12,0.08571428571428572,128,2130.591322240556,2016-01-31,2026-08-31,False,False,False,False,PASS
baltic_dry_index_lag_12,baltic_dry_index,shipping,daily,lag,12,True,128,12,0.08571428571428572,128,576356.5230878814,2016-01-31,2026-08-31,False,False,False,False,PASS
australia_asx200_lag_12,australia_asx200,equities_indices,monthly,lag,12,True,128,12,0.08571428571428572,128,918776.6616442314,2016-01-31,2026-08-31,False,False,False,False,PASS
canada_tsx_composite_lag_12,canada_tsx_composite,equities_indices,monthly,lag,12,True,128,12,0.08571428571428572,128,12473382.103158677,2016-01-31,2026-08-31,False,False,False,False,PASS
chile_ipsa_lag_12,chile_ipsa,equities_indices,monthly,lag,12,True,128,12,0.08571428571428572,128,1192452.927346844,2016-01-31,2026-08-31,False,False,False,False,PASS
china_csi300_lag_12,china_csi300,equities_indices,monthly,lag,12,True,128,12,0.08571428571428572,128,325118.30201298115,2016-01-31,2026-08-31,False,False,False,False,PASS
germany_dax_lag_12,germany_dax,equities_indices,monthly,lag,12,True,128,12,0.08571428571428572,128,11140480.7944615,2016-01-31,2026-08-31,False,False,False,False,PASS
hong_kong_hang_seng_lag_12,hong_kong_hang_seng,equities_indices,monthly,lag,12,True,128,12,0.08571428571428572,128,15725643.256406639,2016-01-31,2026-08-31,False,False,False,False,PASS
india_nifty50_lag_12,india_nifty50,equities_indices,monthly,lag,12,True,128,12,0.08571428571428572,128,29857847.999093004,2016-01-31,2026-08-31,False,False,False,False,PASS
indonesia_jakarta_composite_lag_12,indonesia_jakarta_composite,equities_indices,monthly,lag,12,True,128,12,0.08571428571428572,128,722069.3253211423,2016-01-31,2026-08-31,False,False,False,False,PASS
japan_nikkei225_lag_12,japan_nikkei225,equities_indices,monthly,lag,12,True,128,12,0.08571428571428572,128,48514460.973704465,2016-01-31,2026-08-31,False,False,False,False,PASS
peru_bvl_general_lag_12,peru_bvl_general,equities_indices,monthly,lag,12,True,128,12,0.08571428571428572,128,30189105.433116335,2016-01-31,2026-08-31,False,False,False,False,PASS
poland_wig20_lag_12,poland_wig20,equities_indices,monthly,lag,12,True,128,12,0.08571428571428572,128,89709.1110458309,2016-01-31,2026-08-31,False,False,False,False,PASS
south_korea_kospi_lag_12,south_korea_kospi,equities_indices,monthly,lag,12,True,128,12,0.08571428571428572,128,128540.15589042392,2016-01-31,2026-08-31,False,False,False,False,PASS
turkey_bist100_lag_12,turkey_bist100,equities_indices,monthly,lag,12,True,128,12,0.08571428571428572,128,11145111.95141276,2016-01-31,2026-08-31,False,False,False,False,PASS
uk_ftse100_lag_12,uk_ftse100,equities_indices,monthly,lag,12,True,128,12,0.08571428571428572,128,493355.4135294909,2016-01-31,2026-08-31,False,False,False,False,PASS
usa_dow_jones_lag_12,usa_dow_jones,equities_indices,monthly,lag,12,True,128,12,0.08571428571428572,128,63982701.45589785,2016-01-31,2026-08-31,False,False,False,False,PASS
usa_nasdaq_composite_lag_12,usa_nasdaq_composite,equities_indices,monthly,lag,12,True,128,12,0.08571428571428572,128,21308137.87720946,2016-01-31,2026-08-31,False,False,False,False,PASS
usa_sp500_lag_12,usa_sp500,equities_indices,monthly,lag,12,True,128,12,0.08571428571428572,128,1508913.7200309704,2016-01-31,2026-08-31,False,False,False,False,PASS
australia_asx200_bhp_lag_12,australia_asx200_bhp,equities_companies,monthly,lag,12,True,128,12,0.08571428571428572,128,88.6201903784007,2016-01-31,2026-08-31,False,False,False,False,PASS
australia_asx200_rio_tinto_lag_12,australia_asx200_rio_tinto,equities_companies,monthly,lag,12,True,128,12,0.08571428571428572,128,693.6552429624236,2016-01-31,2026-08-31,False,False,False,False,PASS
canada_tsx_composite_capstone_copper_lag_12,canada_tsx_composite_capstone_copper,equities_companies,monthly,lag,12,True,128,12,0.08571428571428572,127,9.13549279295434,2016-01-31,2026-08-31,False,False,False,False,PASS
canada_tsx_composite_first_quantum_minerals_lag_12,canada_tsx_composite_first_quantum_minerals,equities_companies,monthly,lag,12,True,128,12,0.08571428571428572,128,67.16769554241715,2016-01-31,2026-08-31,False,False,False,False,PASS
canada_tsx_composite_hudbay_minerals_lag_12,canada_tsx_composite_hudbay_minerals,equities_companies,monthly,lag,12,True,128,12,0.08571428571428572,128,6.535354465075539,2016-01-31,2026-08-31,False,False,False,False,PASS
canada_tsx_composite_lundin_mining_lag_12,canada_tsx_composite_lundin_mining,equities_companies,monthly,lag,12,True,128,12,0.08571428571428572,128,9.73106320137942,2016-01-31,2026-08-31,False,False,False,False,PASS
canada_tsx_composite_teck_resources_lag_12,canada_tsx_composite_teck_resources,equities_companies,monthly,lag,12,True,128,12,0.08571428571428572,128,288.8381222522824,2016-01-31,2026-08-31,False,False,False,False,PASS
china_csi300_jiangxi_copper_lag_12,china_csi300_jiangxi_copper,equities_companies,monthly,lag,12,True,128,12,0.08571428571428572,128,13.589295674601404,2016-01-31,2026-08-31,False,False,False,False,PASS
germany_dax_aurubis_lag_12,germany_dax_aurubis,equities_companies,monthly,lag,12,True,128,12,0.08571428571428572,128,246.31850526564875,2016-01-31,2026-08-31,False,False,False,False,PASS
hong_kong_hang_seng_zijin_mining_lag_12,hong_kong_hang_seng_zijin_mining,equities_companies,monthly,lag,12,True,128,12,0.08571428571428572,128,29.658316592866566,2016-01-31,2026-08-31,False,False,False,False,PASS
poland_wig20_kghm_lag_12,poland_wig20_kghm,equities_companies,monthly,lag,12,True,128,12,0.08571428571428572,128,1055.1733450469926,2016-01-31,2026-08-31,False,False,False,False,PASS
uk_ftse100_antofagasta_lag_12,uk_ftse100_antofagasta,equities_companies,monthly,lag,12,True,128,12,0.08571428571428572,128,213531.30798271988,2016-01-31,2026-08-31,False,False,False,False,PASS
uk_ftse100_glencore_lag_12,uk_ftse100_glencore,equities_companies,monthly,lag,12,True,128,12,0.08571428571428572,128,12454.525498416953,2016-01-31,2026-08-31,False,False,False,False,PASS
usa_nyse_hecla_mining_lag_12,usa_nyse_hecla_mining,equities_companies,monthly,lag,12,True,128,12,0.08571428571428572,128,2.448859309447278,2016-01-31,2026-08-31,False,False,False,False,PASS
usa_sp500_freeport_mcmoran_lag_12,usa_sp500_freeport_mcmoran,equities_companies,monthly,lag,12,True,128,12,0.08571428571428572,128,188.35682178325078,2016-01-31,2026-08-31,False,False,False,False,PASS
usa_sp500_southern_copper_lag_12,usa_sp500_southern_copper,equities_companies,monthly,lag,12,True,128,12,0.08571428571428572,128,567.247975015618,2016-01-31,2026-08-31,False,False,False,False,PASS
peru_diesel_price_index_lag_12,peru_diesel_price_index,peru_cost_drivers,monthly,lag,12,True,128,12,0.08571428571428572,42,170.22877706692913,2016-01-31,2026-08-31,False,False,False,False,PASS
peru_formal_private_income_pen_lag_12,peru_formal_private_income_pen,peru_cost_drivers,monthly,lag,12,True,128,12,0.08571428571428572,128,524517.9097139518,2016-01-31,2026-08-31,False,False,False,False,PASS
peru_industrial_electricity_tariff_index_lag_12,peru_industrial_electricity_tariff_index,peru_cost_drivers,monthly,lag,12,True,128,12,0.08571428571428572,42,145.9488188976378,2016-01-31,2026-08-31,False,False,False,False,PASS
peru_usd_pen_lag_12,peru_usd_pen,peru_cost_drivers,monthly,lag,12,True,128,12,0.08571428571428572,123,0.06659723991141732,2016-01-31,2026-08-31,False,False,False,False,PASS
japan_manufacturing_growth_pct_change_3m,japan_manufacturing_growth,macro_fred,monthly,pct_change,3,True,130,10,0.07142857142857142,128,51.24368773461817,2015-05-31,2026-06-30,False,False,False,False,PASS
drc_policy_rate_pct_change_3m,drc_policy_rate,global_macro,monthly,pct_change,3,True,130,10,0.07142857142857142,21,0.24097571401890983,2015-05-31,2026-08-31,False,False,False,False,PASS
drc_policy_rate_lag_6,drc_policy_rate,global_macro,monthly,lag,6,True,131,9,0.06428571428571428,15,60.72411920140927,2015-07-31,2026-08-31,False,False,False,False,PASS
japan_manufacturing_growth_pct_change_1m,japan_manufacturing_growth,macro_fred,monthly,pct_change,1,True,132,8,0.05714285714285714,129,117.47653535953225,2015-03-31,2026-06-30,False,False,False,False,PASS
drc_policy_rate_change_1m,drc_policy_rate,global_macro,monthly,absolute_change,1,True,132,8,0.05714285714285714,16,4.5747310895211655,2015-03-31,2026-08-31,False,False,False,False,PASS
drc_policy_rate_pct_change_1m,drc_policy_rate,global_macro,monthly,pct_change,1,True,132,8,0.05714285714285714,19,0.08890038854401865,2015-03-31,2026-08-31,False,False,False,False,PASS
japan_10y_yield_pct_change_3m,japan_10y_yield,macro_fred,monthly,pct_change,3,True,133,7,0.05,124,2.4397776192608562,2015-05-31,2026-07-31,False,False,False,False,PASS
us_cpi_index_lag_6,us_cpi_index,macro_fred,monthly,lag,6,True,133,7,0.05,133,904.2593587204374,2015-07-31,2026-08-31,False,False,False,False,PASS
target_lag_6,cash_settlement_usd_per_ton,target_history,monthly,lag,6,True,134,6,0.04285714285714286,134,3710574.1995549505,2015-07-31,2026-08-31,False,False,False,False,PASS
target_rolling_mean_6,cash_settlement_usd_per_ton,target_history,monthly,rolling_mean,1,True,134,6,0.04285714285714286,134,4053925.0531132463,2015-07-31,2026-08-31,False,False,False,False,PASS
target_rolling_std_6,cash_settlement_usd_per_ton,target_history,monthly,rolling_std,1,True,134,6,0.04285714285714286,134,63611.857759403414,2015-07-31,2026-08-31,False,False,False,False,PASS
copper_stock_ton_lag_6,copper_stock_ton,copper_market,daily,lag,6,True,134,6,0.04285714285714286,132,6889084901.420997,2015-07-31,2026-08-31,False,False,False,False,PASS
aluminum_cash_usd_per_ton_lag_6,aluminum_cash_usd_per_ton,other_metals,daily,lag,6,True,134,6,0.04285714285714286,134,196466.91402960592,2015-07-31,2026-08-31,False,False,False,False,PASS
aluminum_stock_ton_lag_6,aluminum_stock_ton,other_metals,daily,lag,6,True,134,6,0.04285714285714286,134,820471631695.131,2015-07-31,2026-08-31,False,False,False,False,PASS
lead_cash_usd_per_ton_lag_6,lead_cash_usd_per_ton,other_metals,daily,lag,6,True,134,6,0.04285714285714286,133,46122.524941804615,2015-07-31,2026-08-31,False,False,False,False,PASS
lead_stock_ton_lag_6,lead_stock_ton,other_metals,daily,lag,6,True,134,6,0.04285714285714286,130,5255540671.501515,2015-07-31,2026-08-31,False,False,False,False,PASS
nickel_cash_usd_per_ton_lag_6,nickel_cash_usd_per_ton,other_metals,daily,lag,6,True,134,6,0.04285714285714286,134,25171223.016366657,2015-07-31,2026-08-31,False,False,False,False,PASS
nickel_stock_ton_lag_6,nickel_stock_ton,other_metals,daily,lag,6,True,134,6,0.04285714285714286,134,17163448639.982943,2015-07-31,2026-08-31,False,False,False,False,PASS
tin_cash_usd_per_ton_lag_6,tin_cash_usd_per_ton,other_metals,daily,lag,6,True,134,6,0.04285714285714286,134,65856129.23502178,2015-07-31,2026-08-31,False,False,False,False,PASS
tin_stock_ton_lag_6,tin_stock_ton,other_metals,daily,lag,6,True,134,6,0.04285714285714286,129,4945902.805521266,2015-07-31,2026-08-31,False,False,False,False,PASS
zinc_cash_usd_per_ton_lag_6,zinc_cash_usd_per_ton,other_metals,daily,lag,6,True,134,6,0.04285714285714286,134,267872.1589884923,2015-07-31,2026-08-31,False,False,False,False,PASS
zinc_stock_ton_lag_6,zinc_stock_ton,other_metals,daily,lag,6,True,134,6,0.04285714285714286,133,22053291402.374874,2015-07-31,2026-08-31,False,False,False,False,PASS
palladium_usd_per_troy_ounce_lag_6,palladium_usd_per_troy_ounce,other_metals,daily,lag,6,True,134,6,0.04285714285714286,134,387431.7219161663,2015-07-31,2026-08-31,False,False,False,False,PASS
coal_australia_usd_per_ton_lag_6,coal_australia_usd_per_ton,commodities,monthly,lag,6,True,134,6,0.04285714285714286,125,6958.189240264841,2015-07-31,2026-08-31,False,False,False,False,PASS
gold_usd_per_troy_ounce_lag_6,gold_usd_per_troy_ounce,commodities,monthly,lag,6,True,134,6,0.04285714285714286,127,580059.7031197397,2015-07-31,2026-08-31,False,False,False,False,PASS
iron_ore_usd_per_dmtu_lag_6,iron_ore_usd_per_dmtu,commodities,monthly,lag,6,True,134,6,0.04285714285714286,126,1179.990490405117,2015-07-31,2026-08-31,False,False,False,False,PASS
platinum_usd_per_troy_ounce_lag_6,platinum_usd_per_troy_ounce,commodities,monthly,lag,6,True,134,6,0.04285714285714286,112,50753.8528223544,2015-07-31,2026-08-31,False,False,False,False,PASS
silver_usd_per_troy_ounce_lag_6,silver_usd_per_troy_ounce,commodities,monthly,lag,6,True,134,6,0.04285714285714286,91,122.62871338794746,2015-07-31,2026-08-31,False,False,False,False,PASS
wti_usd_per_barrel_lag_6,wti_usd_per_barrel,commodities,monthly,lag,6,True,134,6,0.04285714285714286,121,294.52015318146107,2015-07-31,2026-08-31,False,False,False,False,PASS
china_ppi_yoy_pct_lag_6,china_ppi_yoy_pct,china,monthly,lag,6,True,134,6,0.04285714285714286,79,21.10000729435529,2015-07-31,2026-08-31,False,False,False,False,PASS
china_ppi_yoy_pct_pct_change_3m,china_ppi_yoy_pct,china,monthly,pct_change,3,True,134,6,0.04285714285714286,124,37.11809070785521,2015-05-31,2026-07-31,False,False,False,False,PASS
brent_oil_usd_lag_6,brent_oil_usd,macro_fred,monthly,lag,6,True,134,6,0.04285714285714286,134,304.6176422363398,2015-07-31,2026-08-31,False,False,False,False,PASS
dollar_index_lag_6,dollar_index,macro_fred,monthly,lag,6,True,134,6,0.04285714285714286,134,28.557272156753537,2015-07-31,2026-08-31,False,False,False,False,PASS
eur_usd_lag_6,eur_usd,macro_fred,monthly,lag,6,True,134,6,0.04285714285714286,132,0.0026521122036056236,2015-07-31,2026-08-31,False,False,False,False,PASS
euro_area_hicp_lag_6,euro_area_hicp,macro_fred,monthly,lag,6,True,134,6,0.04285714285714286,127,68.42288975423634,2015-07-31,2026-08-31,False,False,False,False,PASS
fed_interest_rate_lag_6,fed_interest_rate,macro_fred,monthly,lag,6,True,134,6,0.04285714285714286,75,3.6674813152283696,2015-07-31,2026-08-31,False,False,False,False,PASS
germany_10y_bund_yield_lag_6,germany_10y_bund_yield,macro_fred,monthly,lag,6,True,134,6,0.04285714285714286,133,1.3553520018563878,2015-07-31,2026-08-31,False,False,False,False,PASS
germany_exports_lag_6,germany_exports,macro_fred,monthly,lag,6,True,134,6,0.04285714285714286,134,1.987459439304633e+20,2015-07-31,2026-08-31,False,False,False,False,PASS
germany_exports_pct_change_3m,germany_exports,macro_fred,monthly,pct_change,3,True,134,6,0.04285714285714286,134,0.004827029707579423,2015-05-31,2026-06-30,False,False,False,False,PASS
germany_manufacturing_order_books_lag_6,germany_manufacturing_order_books,macro_fred,monthly,lag,6,True,134,6,0.04285714285714286,121,484.4916378633149,2015-07-31,2026-08-31,False,False,False,False,PASS
india_10y_yield_lag_6,india_10y_yield,macro_fred,monthly,lag,6,True,134,6,0.04285714285714286,133,0.30522068727724266,2015-07-31,2026-08-31,False,False,False,False,PASS
india_call_money_rate_lag_6,india_call_money_rate,macro_fred,monthly,lag,6,True,134,6,0.04285714285714286,28,1.3689288239254853,2015-07-31,2026-08-31,False,False,False,False,PASS
india_industrial_production_lag_6,india_industrial_production,macro_fred,monthly,lag,6,True,134,6,0.04285714285714286,134,191.81057756307166,2015-07-31,2026-08-31,False,False,False,False,PASS
india_industrial_production_pct_change_3m,india_industrial_production,macro_fred,monthly,pct_change,3,True,134,6,0.04285714285714286,134,4167.907169285838,2015-05-31,2026-06-30,False,False,False,False,PASS
indonesia_call_money_rate_lag_6,indonesia_call_money_rate,macro_fred,monthly,lag,6,True,134,6,0.04285714285714286,93,2.0127089697470315,2015-07-31,2026-08-31,False,False,False,False,PASS
indonesia_exports_lag_6,indonesia_exports,macro_fred,monthly,lag,6,True,134,6,0.04285714285714286,134,2.156596812651523e+19,2015-07-31,2026-08-31,False,False,False,False,PASS
indonesia_reer_lag_6,indonesia_reer,macro_fred,monthly,lag,6,True,134,6,0.04285714285714286,134,9.885420362652138,2015-07-31,2026-08-31,False,False,False,False,PASS
japan_10y_yield_lag_6,japan_10y_yield,macro_fred,monthly,lag,6,True,134,6,0.04285714285714286,102,0.2947727597912692,2015-07-31,2026-08-31,False,False,False,False,PASS
japan_manufacturing_growth_lag_6,japan_manufacturing_growth,macro_fred,monthly,lag,6,True,134,6,0.04285714285714286,131,6.070214111624223,2015-07-31,2026-08-31,False,False,False,False,PASS
korea_10y_yield_lag_6,korea_10y_yield,macro_fred,monthly,lag,6,True,134,6,0.04285714285714286,134,0.5461380096509931,2015-07-31,2026-08-31,False,False,False,False,PASS
korea_call_money_rate_lag_6,korea_call_money_rate,macro_fred,monthly,lag,6,True,134,6,0.04285714285714286,83,0.9523305420828188,2015-07-31,2026-08-31,False,False,False,False,PASS
korea_exports_lag_6,korea_exports,macro_fred,monthly,lag,6,True,134,6,0.04285714285714286,134,5.169732145157493e+19,2015-07-31,2026-08-31,False,False,False,False,PASS
korea_industrial_production_lag_6,korea_industrial_production,macro_fred,monthly,lag,6,True,134,6,0.04285714285714286,133,20.350992151387693,2015-07-31,2026-08-31,False,False,False,False,PASS
korea_industrial_production_pct_change_3m,korea_industrial_production,macro_fred,monthly,pct_change,3,True,134,6,0.04285714285714286,134,283.3113847724184,2015-05-31,2026-06-30,False,False,False,False,PASS
m2_money_supply_lag_6,m2_money_supply,macro_fred,monthly,lag,6,True,134,6,0.04285714285714286,134,14546221.423907531,2015-07-31,2026-08-31,False,False,False,False,PASS
natural_gas_usd_lag_6,natural_gas_usd,macro_fred,monthly,lag,6,True,134,6,0.04285714285714286,134,1.9318540315617492,2015-07-31,2026-08-31,False,False,False,False,PASS
us_10y_2y_spread_lag_6,us_10y_2y_spread,macro_fred,monthly,lag,6,True,134,6,0.04285714285714286,95,0.394786735495455,2015-07-31,2026-08-31,False,False,False,False,PASS
us_10y_treasury_yield_lag_6,us_10y_treasury_yield,macro_fred,monthly,lag,6,True,134,6,0.04285714285714286,108,1.2953137751094153,2015-07-31,2026-08-31,False,False,False,False,PASS
us_2y_yield_lag_6,us_2y_yield,macro_fred,monthly,lag,6,True,134,6,0.04285714285714286,108,2.518759785658175,2015-07-31,2026-08-31,False,False,False,False,PASS
us_cpi_index_pct_change_3m,us_cpi_index,macro_fred,monthly,pct_change,3,True,134,6,0.04285714285714286,134,6.41377246213517e-05,2015-05-31,2026-08-31,False,False,False,False,PASS
us_housing_starts_lag_6,us_housing_starts,macro_fred,monthly,lag,6,True,134,6,0.04285714285714286,118,32267.238974301425,2015-07-31,2026-08-31,False,False,False,False,PASS
us_industrial_production_lag_6,us_industrial_production,macro_fred,monthly,lag,6,True,134,6,0.04285714285714286,133,6.901245175455056,2015-07-31,2026-08-31,False,False,False,False,PASS
us_ppi_lag_6,us_ppi,macro_fred,monthly,lag,6,True,134,6,0.04285714285714286,126,984.7151026044214,2015-07-31,2026-08-31,False,False,False,False,PASS
usd_cny_lag_6,usd_cny,macro_fred,monthly,lag,6,True,134,6,0.04285714285714286,134,0.10477259060782847,2015-07-31,2026-08-31,False,False,False,False,PASS
usd_gbp_lag_6,usd_gbp,macro_fred,monthly,lag,6,True,134,6,0.04285714285714286,134,0.007939184324494745,2015-07-31,2026-08-31,False,False,False,False,PASS
usd_idr_lag_6,usd_idr,macro_fred,monthly,lag,6,True,134,6,0.04285714285714286,134,1154669.3078589232,2015-07-31,2026-08-31,False,False,False,False,PASS
usd_inr_lag_6,usd_inr,macro_fred,monthly,lag,6,True,134,6,0.04285714285714286,134,63.35241407903903,2015-07-31,2026-08-31,False,False,False,False,PASS
usd_jpy_lag_6,usd_jpy,macro_fred,monthly,lag,6,True,134,6,0.04285714285714286,134,309.98591850760437,2015-07-31,2026-08-31,False,False,False,False,PASS
usd_krw_lag_6,usd_krw,macro_fred,monthly,lag,6,True,134,6,0.04285714285714286,134,12841.470479028,2015-07-31,2026-08-31,False,False,False,False,PASS
vix_index_lag_6,vix_index,macro_fred,monthly,lag,6,True,134,6,0.04285714285714286,133,41.644720615501214,2015-07-31,2026-08-31,False,False,False,False,PASS
boj_call_rate_lag_6,boj_call_rate,global_macro,monthly,lag,6,True,134,6,0.04285714285714286,134,0.030317229163024706,2015-07-31,2026-08-31,False,False,False,False,PASS
drc_inflation_mom_lag_6,drc_inflation_mom,global_macro,monthly,lag,6,True,134,6,0.04285714285714286,129,1.8858073024351927,2015-07-31,2026-08-31,False,False,False,False,PASS
drc_policy_rate_lag_3,drc_policy_rate,global_macro,monthly,lag,3,True,134,6,0.04285714285714286,16,59.373053669621825,2015-04-30,2026-08-31,False,False,False,False,PASS
ecb_policy_rate_lag_6,ecb_policy_rate,global_macro,monthly,lag,6,True,134,6,0.04285714285714286,12,2.061202446414544,2015-07-31,2026-08-31,False,False,False,False,PASS
euro_area_construction_output_lag_6,euro_area_construction_output,global_macro,monthly,lag,6,True,134,6,0.04285714285714286,74,18.690618897991246,2015-07-31,2026-08-31,False,False,False,False,PASS
euro_area_copper_production_ppi_lag_6,euro_area_copper_production_ppi,global_macro,monthly,lag,6,True,134,6,0.04285714285714286,113,391.0960526315789,2015-07-31,2026-08-31,False,False,False,False,PASS
euro_area_industrial_production_lag_6,euro_area_industrial_production,global_macro,monthly,lag,6,True,134,6,0.04285714285714286,77,14.374662776343843,2015-07-31,2026-08-31,False,False,False,False,PASS
euro_area_ppi_lag_6,euro_area_ppi,global_macro,monthly,lag,6,True,134,6,0.04285714285714286,93,244.60129502861633,2015-07-31,2026-08-31,False,False,False,False,PASS
indonesia_inflation_mom_lag_6,indonesia_inflation_mom,global_macro,monthly,lag,6,True,134,6,0.04285714285714286,82,0.11846457187745484,2015-07-31,2026-08-31,False,False,False,False,PASS
japan_cpi_lag_6,japan_cpi,global_macro,monthly,lag,6,True,134,6,0.04285714285714286,70,17.086012793176977,2015-07-31,2026-08-31,False,False,False,False,PASS
japan_industrial_production_lag_6,japan_industrial_production,global_macro,monthly,lag,6,True,134,6,0.04285714285714286,98,33.245322073841315,2015-07-31,2026-08-31,False,False,False,False,PASS
japan_ppi_lag_6,japan_ppi,global_macro,monthly,lag,6,True,134,6,0.04285714285714286,88,119.40030524071372,2015-07-31,2026-08-31,False,False,False,False,PASS
usd_cdf_lag_6,usd_cdf,global_macro,monthly,lag,6,True,134,6,0.04285714285714286,134,349684.3198135918,2015-07-31,2026-08-31,False,False,False,False,PASS
g20_composite_leading_indicator_lag_6,g20_composite_leading_indicator,leading_indicators,monthly,lag,6,True,134,6,0.04285714285714286,134,2.1056170186189704,2015-07-31,2026-08-31,False,False,False,False,PASS
turkey_capacity_basic_metals_percent_lag_6,turkey_capacity_basic_metals_percent,turkey,monthly,lag,6,True,134,6,0.04285714285714286,134,7.934102896082875,2015-07-31,2026-08-31,False,False,False,False,PASS
turkey_capacity_electrical_equipment_percent_lag_6,turkey_capacity_electrical_equipment_percent,turkey,monthly,lag,6,True,134,6,0.04285714285714286,134,15.263401779925704,2015-07-31,2026-08-31,False,False,False,False,PASS
turkey_capacity_fabricated_metals_percent_lag_6,turkey_capacity_fabricated_metals_percent,turkey,monthly,lag,6,True,134,6,0.04285714285714286,134,6.063769628789963,2015-07-31,2026-08-31,False,False,False,False,PASS
turkey_capacity_intermediate_goods_percent_lag_6,turkey_capacity_intermediate_goods_percent,turkey,monthly,lag,6,True,134,6,0.04285714285714286,64,6.498456402199527,2015-07-31,2026-08-31,False,False,False,False,PASS
turkey_capacity_investment_goods_percent_lag_6,turkey_capacity_investment_goods_percent,turkey,monthly,lag,6,True,134,6,0.04285714285714286,85,20.636795533610147,2015-07-31,2026-08-31,False,False,False,False,PASS
turkey_capacity_machinery_percent_lag_6,turkey_capacity_machinery_percent,turkey,monthly,lag,6,True,134,6,0.04285714285714286,134,27.828784175754162,2015-07-31,2026-08-31,False,False,False,False,PASS
turkey_capacity_motor_vehicles_percent_lag_6,turkey_capacity_motor_vehicles_percent,turkey,monthly,lag,6,True,134,6,0.04285714285714286,134,39.81039819808776,2015-07-31,2026-08-31,False,False,False,False,PASS
turkey_consumer_confidence_index_lag_6,turkey_consumer_confidence_index,turkey,monthly,lag,6,True,134,6,0.04285714285714286,134,46.979348729270725,2015-07-31,2026-08-31,False,False,False,False,PASS
turkey_cpi_index_lag_6,turkey_cpi_index,turkey,monthly,lag,6,True,134,6,0.04285714285714286,134,982.2345454311077,2015-07-31,2026-08-31,False,False,False,False,PASS
turkey_domestic_ppi_index_lag_6,turkey_domestic_ppi_index,turkey,monthly,lag,6,True,134,6,0.04285714285714286,134,2149176.4903141563,2015-07-31,2026-08-31,False,False,False,False,PASS
turkey_eur_try_monthly_average_lag_6,turkey_eur_try_monthly_average,turkey,monthly,lag,6,True,134,6,0.04285714285714286,134,208.2182842109268,2015-07-31,2026-08-31,False,False,False,False,PASS
turkey_exports_usd_lag_6,turkey_exports_usd,turkey,monthly,lag,6,True,134,6,0.04285714285714286,134,1.77041808604954e+19,2015-07-31,2026-08-31,False,False,False,False,PASS
turkey_foreign_trade_balance_usd_lag_6,turkey_foreign_trade_balance_usd,turkey,monthly,lag,6,True,134,6,0.04285714285714286,134,7.500109464945144e+18,2015-07-31,2026-08-31,False,False,False,False,PASS
turkey_imports_usd_lag_6,turkey_imports_usd,turkey,monthly,lag,6,True,134,6,0.04285714285714286,134,3.5275149448753877e+19,2015-07-31,2026-08-31,False,False,False,False,PASS
turkey_manufacturing_capacity_utilization_percent_lag_6,turkey_manufacturing_capacity_utilization_percent,turkey,monthly,lag,6,True,134,6,0.04285714285714286,59,6.089476489731792,2015-07-31,2026-08-31,False,False,False,False,PASS
turkey_ppi_basic_metals_index_lag_6,turkey_ppi_basic_metals_index,turkey,monthly,lag,6,True,134,6,0.04285714285714286,134,4355861.035588963,2015-07-31,2026-08-31,False,False,False,False,PASS
turkey_ppi_electrical_equipment_index_lag_6,turkey_ppi_electrical_equipment_index,turkey,monthly,lag,6,True,134,6,0.04285714285714286,134,1833409.176941623,2015-07-31,2026-08-31,False,False,False,False,PASS
turkey_ppi_household_appliances_index_lag_6,turkey_ppi_household_appliances_index,turkey,monthly,lag,6,True,134,6,0.04285714285714286,134,1038781.9038421502,2015-07-31,2026-08-31,False,False,False,False,PASS
turkey_ppi_metal_ores_index_lag_6,turkey_ppi_metal_ores_index,turkey,monthly,lag,6,True,134,6,0.04285714285714286,134,24150424.891116824,2015-07-31,2026-08-31,False,False,False,False,PASS
turkey_ppi_motor_vehicles_index_lag_6,turkey_ppi_motor_vehicles_index,turkey,monthly,lag,6,True,134,6,0.04285714285714286,134,947114.0805657109,2015-07-31,2026-08-31,False,False,False,False,PASS
turkey_ppi_nonferrous_metal_ores_index_lag_6,turkey_ppi_nonferrous_metal_ores_index,turkey,monthly,lag,6,True,134,6,0.04285714285714286,134,50040742.29110638,2015-07-31,2026-08-31,False,False,False,False,PASS
turkey_ppi_nonferrous_metals_index_lag_6,turkey_ppi_nonferrous_metals_index,turkey,monthly,lag,6,True,134,6,0.04285714285714286,134,15627022.558610596,2015-07-31,2026-08-31,False,False,False,False,PASS
turkey_ppi_wire_cable_index_lag_6,turkey_ppi_wire_cable_index,turkey,monthly,lag,6,True,134,6,0.04285714285714286,133,6548307.000975721,2015-07-31,2026-08-31,False,False,False,False,PASS
turkey_real_sector_confidence_index_lag_6,turkey_real_sector_confidence_index,turkey,monthly,lag,6,True,134,6,0.04285714285714286,95,40.33925934238582,2015-07-31,2026-08-31,False,False,False,False,PASS
turkey_unemployment_rate_percent_lag_6,turkey_unemployment_rate_percent,turkey,monthly,lag,6,True,134,6,0.04285714285714286,53,2.9615626753450797,2015-07-31,2026-08-31,False,False,False,False,PASS
turkey_usd_try_monthly_average_lag_6,turkey_usd_try_monthly_average,turkey,monthly,lag,6,True,134,6,0.04285714285714286,134,167.77075501706346,2015-07-31,2026-08-31,False,False,False,False,PASS
global_economic_policy_uncertainty_index_lag_6,global_economic_policy_uncertainty_index,risk,monthly,lag,6,True,134,6,0.04285714285714286,134,7436.108268827494,2015-07-31,2026-08-31,False,False,False,False,PASS
global_economic_policy_uncertainty_ppp_index_lag_6,global_economic_policy_uncertainty_ppp_index,risk,monthly,lag,6,True,134,6,0.04285714285714286,134,7091.878051839513,2015-07-31,2026-08-31,False,False,False,False,PASS
geopolitical_acts_index_lag_6,geopolitical_acts_index,risk,monthly,lag,6,True,134,6,0.04285714285714286,134,1922.9332589018832,2015-07-31,2026-08-31,False,False,False,False,PASS
geopolitical_risk_index_lag_6,geopolitical_risk_index,risk,monthly,lag,6,True,134,6,0.04285714285714286,134,1278.0338077284187,2015-07-31,2026-08-31,False,False,False,False,PASS
geopolitical_threats_index_lag_6,geopolitical_threats_index,risk,monthly,lag,6,True,134,6,0.04285714285714286,134,2127.3932241813236,2015-07-31,2026-08-31,False,False,False,False,PASS
baltic_dry_index_lag_6,baltic_dry_index,shipping,daily,lag,6,True,134,6,0.04285714285714286,134,569693.470633843,2015-07-31,2026-08-31,False,False,False,False,PASS
australia_asx200_lag_6,australia_asx200,equities_indices,monthly,lag,6,True,134,6,0.04285714285714286,134,1096876.1367942928,2015-07-31,2026-08-31,False,False,False,False,PASS
canada_tsx_composite_lag_6,canada_tsx_composite,equities_indices,monthly,lag,6,True,134,6,0.04285714285714286,134,19553933.244537048,2015-07-31,2026-08-31,False,False,False,False,PASS
chile_ipsa_lag_6,chile_ipsa,equities_indices,monthly,lag,6,True,134,6,0.04285714285714286,134,2250741.9131348203,2015-07-31,2026-08-31,False,False,False,False,PASS
china_csi300_lag_6,china_csi300,equities_indices,monthly,lag,6,True,134,6,0.04285714285714286,134,332149.5099144673,2015-07-31,2026-08-31,False,False,False,False,PASS
germany_dax_lag_6,germany_dax,equities_indices,monthly,lag,6,True,134,6,0.04285714285714286,134,15248856.567459669,2015-07-31,2026-08-31,False,False,False,False,PASS
hong_kong_hang_seng_lag_6,hong_kong_hang_seng,equities_indices,monthly,lag,6,True,134,6,0.04285714285714286,134,15296590.320947075,2015-07-31,2026-08-31,False,False,False,False,PASS
india_nifty50_lag_6,india_nifty50,equities_indices,monthly,lag,6,True,134,6,0.04285714285714286,134,34169002.93034087,2015-07-31,2026-08-31,False,False,False,False,PASS
indonesia_jakarta_composite_lag_6,indonesia_jakarta_composite,equities_indices,monthly,lag,6,True,134,6,0.04285714285714286,134,910992.1148470005,2015-07-31,2026-08-31,False,False,False,False,PASS
japan_nikkei225_lag_6,japan_nikkei225,equities_indices,monthly,lag,6,True,134,6,0.04285714285714286,134,73392384.96280444,2015-07-31,2026-08-31,False,False,False,False,PASS
peru_bvl_general_lag_6,peru_bvl_general,equities_indices,monthly,lag,6,True,134,6,0.04285714285714286,134,57934977.68175447,2015-07-31,2026-08-31,False,False,False,False,PASS
poland_wig20_lag_6,poland_wig20,equities_indices,monthly,lag,6,True,134,6,0.04285714285714286,134,125464.01619105283,2015-07-31,2026-08-31,False,False,False,False,PASS
south_korea_kospi_lag_6,south_korea_kospi,equities_indices,monthly,lag,6,True,134,6,0.04285714285714286,134,298281.5798070415,2015-07-31,2026-08-31,False,False,False,False,PASS
turkey_bist100_lag_6,turkey_bist100,equities_indices,monthly,lag,6,True,134,6,0.04285714285714286,134,13922076.259317411,2015-07-31,2026-08-31,False,False,False,False,PASS
uk_ftse100_lag_6,uk_ftse100,equities_indices,monthly,lag,6,True,134,6,0.04285714285714286,134,765029.7417321841,2015-07-31,2026-08-31,False,False,False,False,PASS
usa_dow_jones_lag_6,usa_dow_jones,equities_indices,monthly,lag,6,True,134,6,0.04285714285714286,134,76869891.89692444,2015-07-31,2026-08-31,False,False,False,False,PASS
usa_nasdaq_composite_lag_6,usa_nasdaq_composite,equities_indices,monthly,lag,6,True,134,6,0.04285714285714286,134,27154375.41527072,2015-07-31,2026-08-31,False,False,False,False,PASS
usa_sp500_lag_6,usa_sp500,equities_indices,monthly,lag,6,True,134,6,0.04285714285714286,134,1902680.0746114403,2015-07-31,2026-08-31,False,False,False,False,PASS
australia_asx200_bhp_lag_6,australia_asx200_bhp,equities_companies,monthly,lag,6,True,134,6,0.04285714285714286,134,91.57055319680671,2015-07-31,2026-08-31,False,False,False,False,PASS
australia_asx200_rio_tinto_lag_6,australia_asx200_rio_tinto,equities_companies,monthly,lag,6,True,134,6,0.04285714285714286,134,767.7233727508396,2015-07-31,2026-08-31,False,False,False,False,PASS
canada_tsx_composite_capstone_copper_lag_6,canada_tsx_composite_capstone_copper,equities_companies,monthly,lag,6,True,134,6,0.04285714285714286,133,12.76846075542182,2015-07-31,2026-08-31,False,False,False,False,PASS
canada_tsx_composite_first_quantum_minerals_lag_6,canada_tsx_composite_first_quantum_minerals,equities_companies,monthly,lag,6,True,134,6,0.04285714285714286,134,75.23530878607905,2015-07-31,2026-08-31,False,False,False,False,PASS
canada_tsx_composite_hudbay_minerals_lag_6,canada_tsx_composite_hudbay_minerals,equities_companies,monthly,lag,6,True,134,6,0.04285714285714286,134,22.005533024326557,2015-07-31,2026-08-31,False,False,False,False,PASS
canada_tsx_composite_lundin_mining_lag_6,canada_tsx_composite_lundin_mining,equities_companies,monthly,lag,6,True,134,6,0.04285714285714286,134,25.887919382463163,2015-07-31,2026-08-31,False,False,False,False,PASS
canada_tsx_composite_teck_resources_lag_6,canada_tsx_composite_teck_resources,equities_companies,monthly,lag,6,True,134,6,0.04285714285714286,134,319.18024794156594,2015-07-31,2026-08-31,False,False,False,False,PASS
china_csi300_jiangxi_copper_lag_6,china_csi300_jiangxi_copper,equities_companies,monthly,lag,6,True,134,6,0.04285714285714286,134,47.98748849345757,2015-07-31,2026-08-31,False,False,False,False,PASS
germany_dax_aurubis_lag_6,germany_dax_aurubis,equities_companies,monthly,lag,6,True,134,6,0.04285714285714286,134,417.8971391789996,2015-07-31,2026-08-31,False,False,False,False,PASS
hong_kong_hang_seng_zijin_mining_lag_6,hong_kong_hang_seng_zijin_mining,equities_companies,monthly,lag,6,True,134,6,0.04285714285714286,134,62.27427066785356,2015-07-31,2026-08-31,False,False,False,False,PASS
poland_wig20_kghm_lag_6,poland_wig20_kghm,equities_companies,monthly,lag,6,True,134,6,0.04285714285714286,134,1812.0467388869336,2015-07-31,2026-08-31,False,False,False,False,PASS
uk_ftse100_antofagasta_lag_6,uk_ftse100_antofagasta,equities_companies,monthly,lag,6,True,134,6,0.04285714285714286,134,370867.0615493146,2015-07-31,2026-08-31,False,False,False,False,PASS
uk_ftse100_glencore_lag_6,uk_ftse100_glencore,equities_companies,monthly,lag,6,True,134,6,0.04285714285714286,134,12370.250081276652,2015-07-31,2026-08-31,False,False,False,False,PASS
usa_nyse_hecla_mining_lag_6,usa_nyse_hecla_mining,equities_companies,monthly,lag,6,True,134,6,0.04285714285714286,134,10.877462447612261,2015-07-31,2026-08-31,False,False,False,False,PASS
usa_sp500_freeport_mcmoran_lag_6,usa_sp500_freeport_mcmoran,equities_companies,monthly,lag,6,True,134,6,0.04285714285714286,134,209.408145209982,2015-07-31,2026-08-31,False,False,False,False,PASS
usa_sp500_southern_copper_lag_6,usa_sp500_southern_copper,equities_companies,monthly,lag,6,True,134,6,0.04285714285714286,134,970.4618169222346,2015-07-31,2026-08-31,False,False,False,False,PASS
peru_diesel_price_index_lag_6,peru_diesel_price_index,peru_cost_drivers,monthly,lag,6,True,134,6,0.04285714285714286,42,162.61345527999103,2015-07-31,2026-08-31,False,False,False,False,PASS
peru_formal_private_income_pen_lag_6,peru_formal_private_income_pen,peru_cost_drivers,monthly,lag,6,True,134,6,0.04285714285714286,134,535196.550533049,2015-07-31,2026-08-31,False,False,False,False,PASS
peru_industrial_electricity_tariff_index_lag_6,peru_industrial_electricity_tariff_index,peru_cost_drivers,monthly,lag,6,True,134,6,0.04285714285714286,43,144.8928851980698,2015-07-31,2026-08-31,False,False,False,False,PASS
peru_usd_pen_lag_6,peru_usd_pen,peru_cost_drivers,monthly,lag,6,True,134,6,0.04285714285714286,127,0.06442267360565593,2015-07-31,2026-08-31,False,False,False,False,PASS
germany_10y_bund_yield_pct_change_3m,germany_10y_bund_yield,macro_fred,monthly,pct_change,3,True,135,5,0.03571428571428571,135,123.9302791243684,2015-05-31,2026-07-31,False,False,False,False,PASS
germany_manufacturing_order_books_pct_change_3m,germany_manufacturing_order_books,macro_fred,monthly,pct_change,3,True,135,5,0.03571428571428571,134,15.392787991854444,2015-05-31,2026-07-31,False,False,False,False,PASS
india_10y_yield_pct_change_3m,india_10y_yield,macro_fred,monthly,pct_change,3,True,135,5,0.03571428571428571,135,0.002026467288629694,2015-05-31,2026-07-31,False,False,False,False,PASS
india_call_money_rate_pct_change_3m,india_call_money_rate,macro_fred,monthly,pct_change,3,True,135,5,0.03571428571428571,49,0.0034560000151580123,2015-05-31,2026-07-31,False,False,False,False,PASS
indonesia_call_money_rate_pct_change_3m,indonesia_call_money_rate,macro_fred,monthly,pct_change,3,True,135,5,0.03571428571428571,114,0.015505114025338352,2015-05-31,2026-07-31,False,False,False,False,PASS
indonesia_exports_pct_change_3m,indonesia_exports,macro_fred,monthly,pct_change,3,True,135,5,0.03571428571428571,135,0.005535266235440849,2015-05-31,2026-07-31,False,False,False,False,PASS
japan_10y_yield_pct_change_1m,japan_10y_yield,macro_fred,monthly,pct_change,1,True,135,5,0.03571428571428571,122,1.4693456097746926,2015-03-31,2026-07-31,False,False,False,False,PASS
korea_10y_yield_pct_change_3m,korea_10y_yield,macro_fred,monthly,pct_change,3,True,135,5,0.03571428571428571,135,0.018520691131297312,2015-05-31,2026-07-31,False,False,False,False,PASS
korea_call_money_rate_pct_change_3m,korea_call_money_rate,macro_fred,monthly,pct_change,3,True,135,5,0.03571428571428571,109,0.032149741680301956,2015-05-31,2026-07-31,False,False,False,False,PASS
korea_exports_pct_change_3m,korea_exports,macro_fred,monthly,pct_change,3,True,135,5,0.03571428571428571,135,0.008880035499685758,2015-05-31,2026-07-31,False,False,False,False,PASS
drc_inflation_mom_pct_change_3m,drc_inflation_mom,global_macro,monthly,pct_change,3,True,135,5,0.03571428571428571,135,2.05254080003714,2015-05-31,2026-07-31,False,False,False,False,PASS
euro_area_construction_output_pct_change_3m,euro_area_construction_output,global_macro,monthly,pct_change,3,True,135,5,0.03571428571428571,135,0.0026266828200824633,2015-05-31,2026-07-31,False,False,False,False,PASS
euro_area_copper_production_ppi_pct_change_3m,euro_area_copper_production_ppi,global_macro,monthly,pct_change,3,True,135,5,0.03571428571428571,134,0.0030625817045941343,2015-05-31,2026-07-31,False,False,False,False,PASS
euro_area_industrial_production_pct_change_3m,euro_area_industrial_production,global_macro,monthly,pct_change,3,True,135,5,0.03571428571428571,130,0.0020129749734690626,2015-05-31,2026-07-31,False,False,False,False,PASS
euro_area_ppi_pct_change_3m,euro_area_ppi,global_macro,monthly,pct_change,3,True,135,5,0.03571428571428571,130,0.000734632494544911,2015-05-31,2026-07-31,False,False,False,False,PASS
japan_industrial_production_pct_change_3m,japan_industrial_production,global_macro,monthly,pct_change,3,True,135,5,0.03571428571428571,132,0.0013215935866881345,2015-05-31,2026-07-31,False,False,False,False,PASS
g20_composite_leading_indicator_pct_change_3m,g20_composite_leading_indicator,leading_indicators,monthly,pct_change,3,True,135,5,0.03571428571428571,135,0.00025318886014315744,2015-05-31,2026-07-31,False,False,False,False,PASS
peru_formal_private_income_pen_pct_change_3m,peru_formal_private_income_pen,peru_cost_drivers,monthly,pct_change,3,True,135,5,0.03571428571428571,135,0.0998421634016411,2015-05-31,2026-07-31,False,False,False,False,PASS
target_return_3m,cash_settlement_usd_per_ton,target_history,monthly,pct_change,4,True,136,4,0.02857142857142857,136,0.009372004474908218,2015-05-31,2026-08-31,False,False,False,False,PASS
copper_stock_ton_pct_change_3m,copper_stock_ton,copper_market,daily,pct_change,3,True,136,4,0.02857142857142857,136,0.23539822692759096,2015-05-31,2026-08-31,False,False,False,False,PASS
aluminum_cash_usd_per_ton_pct_change_3m,aluminum_cash_usd_per_ton,other_metals,daily,pct_change,3,True,136,4,0.02857142857142857,136,0.008733514490406777,2015-05-31,2026-08-31,False,False,False,False,PASS
aluminum_stock_ton_pct_change_3m,aluminum_stock_ton,other_metals,daily,pct_change,3,True,136,4,0.02857142857142857,136,0.07275821344970115,2015-05-31,2026-08-31,False,False,False,False,PASS
lead_cash_usd_per_ton_pct_change_3m,lead_cash_usd_per_ton,other_metals,daily,pct_change,3,True,136,4,0.02857142857142857,136,0.005786072262941283,2015-05-31,2026-08-31,False,False,False,False,PASS
lead_stock_ton_pct_change_3m,lead_stock_ton,other_metals,daily,pct_change,3,True,136,4,0.02857142857142857,136,0.11939216755484128,2015-05-31,2026-08-31,False,False,False,False,PASS
nickel_cash_usd_per_ton_pct_change_3m,nickel_cash_usd_per_ton,other_metals,daily,pct_change,3,True,136,4,0.02857142857142857,136,0.02278225984988636,2015-05-31,2026-08-31,False,False,False,False,PASS
nickel_stock_ton_pct_change_3m,nickel_stock_ton,other_metals,daily,pct_change,3,True,136,4,0.02857142857142857,136,0.10749020296393413,2015-05-31,2026-08-31,False,False,False,False,PASS
tin_cash_usd_per_ton_pct_change_3m,tin_cash_usd_per_ton,other_metals,daily,pct_change,3,True,136,4,0.02857142857142857,136,0.019703689361952006,2015-05-31,2026-08-31,False,False,False,False,PASS
tin_stock_ton_pct_change_3m,tin_stock_ton,other_metals,daily,pct_change,3,True,136,4,0.02857142857142857,136,0.7477929158870923,2015-05-31,2026-08-31,False,False,False,False,PASS
zinc_cash_usd_per_ton_pct_change_3m,zinc_cash_usd_per_ton,other_metals,daily,pct_change,3,True,136,4,0.02857142857142857,136,0.013188418341542836,2015-05-31,2026-08-31,False,False,False,False,PASS
zinc_stock_ton_pct_change_3m,zinc_stock_ton,other_metals,daily,pct_change,3,True,136,4,0.02857142857142857,136,0.2499688021018799,2015-05-31,2026-08-31,False,False,False,False,PASS
palladium_usd_per_troy_ounce_pct_change_3m,palladium_usd_per_troy_ounce,other_metals,daily,pct_change,3,True,136,4,0.02857142857142857,136,0.022321899872078894,2015-05-31,2026-08-31,False,False,False,False,PASS
coal_australia_usd_per_ton_pct_change_3m,coal_australia_usd_per_ton,commodities,monthly,pct_change,3,True,136,4,0.02857142857142857,135,0.050633532124815896,2015-05-31,2026-08-31,False,False,False,False,PASS
gold_usd_per_troy_ounce_pct_change_3m,gold_usd_per_troy_ounce,commodities,monthly,pct_change,3,True,136,4,0.02857142857142857,136,0.0055708231979773115,2015-05-31,2026-08-31,False,False,False,False,PASS
iron_ore_usd_per_dmtu_pct_change_3m,iron_ore_usd_per_dmtu,commodities,monthly,pct_change,3,True,136,4,0.02857142857142857,136,0.032930467065201925,2015-05-31,2026-08-31,False,False,False,False,PASS
platinum_usd_per_troy_ounce_pct_change_3m,platinum_usd_per_troy_ounce,commodities,monthly,pct_change,3,True,136,4,0.02857142857142857,136,0.015563177220521338,2015-05-31,2026-08-31,False,False,False,False,PASS
silver_usd_per_troy_ounce_pct_change_3m,silver_usd_per_troy_ounce,commodities,monthly,pct_change,3,True,136,4,0.02857142857142857,131,0.025586816789580812,2015-05-31,2026-08-31,False,False,False,False,PASS
wti_usd_per_barrel_pct_change_3m,wti_usd_per_barrel,commodities,monthly,pct_change,3,True,136,4,0.02857142857142857,136,0.05438566974407416,2015-05-31,2026-08-31,False,False,False,False,PASS
china_ppi_yoy_pct_pct_change_1m,china_ppi_yoy_pct,china,monthly,pct_change,1,True,136,4,0.02857142857142857,119,1.7743127869410573,2015-03-31,2026-07-31,False,False,False,False,PASS
brent_oil_usd_pct_change_3m,brent_oil_usd,macro_fred,monthly,pct_change,3,True,136,4,0.02857142857142857,136,0.03667850872475706,2015-05-31,2026-08-31,False,False,False,False,PASS
dollar_index_pct_change_3m,dollar_index,macro_fred,monthly,pct_change,3,True,136,4,0.02857142857142857,136,0.0006465322502090032,2015-05-31,2026-08-31,False,False,False,False,PASS
eur_usd_pct_change_3m,eur_usd,macro_fred,monthly,pct_change,3,True,136,4,0.02857142857142857,136,0.001132295386236572,2015-05-31,2026-08-31,False,False,False,False,PASS
euro_area_hicp_pct_change_3m,euro_area_hicp,macro_fred,monthly,pct_change,3,True,136,4,0.02857142857142857,136,0.00010966580224637875,2015-05-31,2026-08-31,False,False,False,False,PASS
fed_interest_rate_pct_change_3m,fed_interest_rate,macro_fred,monthly,pct_change,3,True,136,4,0.02857142857142857,106,1.0534311784022963,2015-05-31,2026-08-31,False,False,False,False,PASS
germany_exports_change_1m,germany_exports,macro_fred,monthly,absolute_change,1,True,136,4,0.02857142857142857,136,1.845186741160453e+19,2015-03-31,2026-06-30,False,False,False,False,PASS
germany_exports_pct_change_1m,germany_exports,macro_fred,monthly,pct_change,1,True,136,4,0.02857142857142857,136,0.0014176113477500436,2015-03-31,2026-06-30,False,False,False,False,PASS
india_industrial_production_change_1m,india_industrial_production,macro_fred,monthly,absolute_change,1,True,136,4,0.02857142857142857,136,207.573835716176,2015-03-31,2026-06-30,False,False,False,False,PASS
india_industrial_production_pct_change_1m,india_industrial_production,macro_fred,monthly,pct_change,1,True,136,4,0.02857142857142857,136,65.49783719433644,2015-03-31,2026-06-30,False,False,False,False,PASS
indonesia_reer_pct_change_3m,indonesia_reer,macro_fred,monthly,pct_change,3,True,136,4,0.02857142857142857,136,0.0007386987570510893,2015-05-31,2026-08-31,False,False,False,False,PASS
japan_manufacturing_growth_change_1m,japan_manufacturing_growth,macro_fred,monthly,absolute_change,1,True,136,4,0.02857142857142857,136,13.250650499186994,2015-03-31,2026-06-30,False,False,False,False,PASS
korea_industrial_production_change_1m,korea_industrial_production,macro_fred,monthly,absolute_change,1,True,136,4,0.02857142857142857,136,10.068645536863777,2015-03-31,2026-06-30,False,False,False,False,PASS
korea_industrial_production_pct_change_1m,korea_industrial_production,macro_fred,monthly,pct_change,1,True,136,4,0.02857142857142857,136,553.3734007335892,2015-03-31,2026-06-30,False,False,False,False,PASS
m2_money_supply_pct_change_3m,m2_money_supply,macro_fred,monthly,pct_change,3,True,136,4,0.02857142857142857,136,0.00047746512008009593,2015-05-31,2026-08-31,False,False,False,False,PASS
natural_gas_usd_pct_change_3m,natural_gas_usd,macro_fred,monthly,pct_change,3,True,136,4,0.02857142857142857,136,0.1000032979421714,2015-05-31,2026-08-31,False,False,False,False,PASS
us_10y_2y_spread_pct_change_3m,us_10y_2y_spread,macro_fred,monthly,pct_change,3,True,136,4,0.02857142857142857,131,0.5836572357627259,2015-05-31,2026-08-31,False,False,False,False,PASS
us_10y_treasury_yield_pct_change_3m,us_10y_treasury_yield,macro_fred,monthly,pct_change,3,True,136,4,0.02857142857142857,135,0.041424201396531156,2015-05-31,2026-08-31,False,False,False,False,PASS
us_2y_yield_pct_change_3m,us_2y_yield,macro_fred,monthly,pct_change,3,True,136,4,0.02857142857142857,133,0.1693849528881503,2015-05-31,2026-08-31,False,False,False,False,PASS
us_cpi_index_lag_3,us_cpi_index,macro_fred,monthly,lag,3,True,136,4,0.02857142857142857,136,963.4778703541939,2015-04-30,2026-08-31,False,False,False,False,PASS
us_cpi_index_change_1m,us_cpi_index,macro_fred,monthly,absolute_change,1,True,136,4,0.02857142857142857,134,0.9285376822984733,2015-03-31,2026-08-31,False,False,False,False,PASS
us_cpi_index_pct_change_1m,us_cpi_index,macro_fred,monthly,pct_change,1,True,136,4,0.02857142857142857,136,1.1495791908962187e-05,2015-03-31,2026-08-31,False,False,False,False,PASS
us_housing_starts_pct_change_3m,us_housing_starts,macro_fred,monthly,pct_change,3,True,136,4,0.02857142857142857,135,0.01322265992770052,2015-05-31,2026-08-31,False,False,False,False,PASS
us_industrial_production_pct_change_3m,us_industrial_production,macro_fred,monthly,pct_change,3,True,136,4,0.02857142857142857,136,0.0007247524353428123,2015-05-31,2026-08-31,False,False,False,False,PASS
us_ppi_pct_change_3m,us_ppi,macro_fred,monthly,pct_change,3,True,136,4,0.02857142857142857,136,0.000778369974954455,2015-05-31,2026-08-31,False,False,False,False,PASS
usd_cny_pct_change_3m,usd_cny,macro_fred,monthly,pct_change,3,True,136,4,0.02857142857142857,136,0.0006583098593897275,2015-05-31,2026-08-31,False,False,False,False,PASS
usd_gbp_pct_change_3m,usd_gbp,macro_fred,monthly,pct_change,3,True,136,4,0.02857142857142857,136,0.0014135316397430148,2015-05-31,2026-08-31,False,False,False,False,PASS
usd_idr_pct_change_3m,usd_idr,macro_fred,monthly,pct_change,3,True,136,4,0.02857142857142857,136,0.0010552659600131492,2015-05-31,2026-08-31,False,False,False,False,PASS
usd_inr_pct_change_3m,usd_inr,macro_fred,monthly,pct_change,3,True,136,4,0.02857142857142857,136,0.0004577248097374448,2015-05-31,2026-08-31,False,False,False,False,PASS
usd_jpy_pct_change_3m,usd_jpy,macro_fred,monthly,pct_change,3,True,136,4,0.02857142857142857,136,0.001922884549324794,2015-05-31,2026-08-31,False,False,False,False,PASS
usd_krw_pct_change_3m,usd_krw,macro_fred,monthly,pct_change,3,True,136,4,0.02857142857142857,136,0.001365467926973762,2015-05-31,2026-08-31,False,False,False,False,PASS
vix_index_pct_change_3m,vix_index,macro_fred,monthly,pct_change,3,True,136,4,0.02857142857142857,136,0.18817058381464355,2015-05-31,2026-08-31,False,False,False,False,PASS
boj_call_rate_pct_change_3m,boj_call_rate,global_macro,monthly,pct_change,3,True,136,4,0.02857142857142857,136,5.236399710003728,2015-05-31,2026-08-31,False,False,False,False,PASS
drc_policy_rate_lag_1,drc_policy_rate,global_macro,monthly,lag,1,True,136,4,0.02857142857142857,17,58.49991489651416,2015-02-28,2026-08-31,False,False,False,False,PASS
indonesia_inflation_mom_pct_change_3m,indonesia_inflation_mom,global_macro,monthly,pct_change,3,True,136,4,0.02857142857142857,134,57.679724782164925,2015-05-31,2026-08-31,False,False,False,False,PASS
japan_cpi_pct_change_3m,japan_cpi,global_macro,monthly,pct_change,3,True,136,4,0.02857142857142857,124,2.843082120971434e-05,2015-05-31,2026-08-31,False,False,False,False,PASS
japan_ppi_pct_change_3m,japan_ppi,global_macro,monthly,pct_change,3,True,136,4,0.02857142857142857,134,0.00017033533865151487,2015-05-31,2026-08-31,False,False,False,False,PASS
usd_cdf_pct_change_3m,usd_cdf,global_macro,monthly,pct_change,3,True,136,4,0.02857142857142857,136,0.0030528211912449537,2015-05-31,2026-08-31,False,False,False,False,PASS
turkey_capacity_basic_metals_percent_pct_change_3m,turkey_capacity_basic_metals_percent,turkey,monthly,pct_change,3,True,136,4,0.02857142857142857,136,0.0010701262294834438,2015-05-31,2026-08-31,False,False,False,False,PASS
turkey_capacity_electrical_equipment_percent_pct_change_3m,turkey_capacity_electrical_equipment_percent,turkey,monthly,pct_change,3,True,136,4,0.02857142857142857,136,0.004894723809394081,2015-05-31,2026-08-31,False,False,False,False,PASS
turkey_capacity_fabricated_metals_percent_pct_change_3m,turkey_capacity_fabricated_metals_percent,turkey,monthly,pct_change,3,True,136,4,0.02857142857142857,136,0.0014785576091800767,2015-05-31,2026-08-31,False,False,False,False,PASS
turkey_capacity_intermediate_goods_percent_pct_change_3m,turkey_capacity_intermediate_goods_percent,turkey,monthly,pct_change,3,True,136,4,0.02857142857142857,124,0.0011828071135103005,2015-05-31,2026-08-31,False,False,False,False,PASS
turkey_capacity_investment_goods_percent_pct_change_3m,turkey_capacity_investment_goods_percent,turkey,monthly,pct_change,3,True,136,4,0.02857142857142857,136,0.0030801369166908645,2015-05-31,2026-08-31,False,False,False,False,PASS
turkey_capacity_machinery_percent_pct_change_3m,turkey_capacity_machinery_percent,turkey,monthly,pct_change,3,True,136,4,0.02857142857142857,136,0.0030439035779849287,2015-05-31,2026-08-31,False,False,False,False,PASS
turkey_capacity_motor_vehicles_percent_pct_change_3m,turkey_capacity_motor_vehicles_percent,turkey,monthly,pct_change,3,True,136,4,0.02857142857142857,136,0.008753192533682478,2015-05-31,2026-08-31,False,False,False,False,PASS
turkey_consumer_confidence_index_pct_change_3m,turkey_consumer_confidence_index,turkey,monthly,pct_change,3,True,136,4,0.02857142857142857,136,0.0036011642387222325,2015-05-31,2026-08-31,False,False,False,False,PASS
turkey_cpi_index_pct_change_3m,turkey_cpi_index,turkey,monthly,pct_change,3,True,136,4,0.02857142857142857,136,0.003362561111314584,2015-05-31,2026-08-31,False,False,False,False,PASS
turkey_domestic_ppi_index_pct_change_3m,turkey_domestic_ppi_index,turkey,monthly,pct_change,3,True,136,4,0.02857142857142857,136,0.006303708466572178,2015-05-31,2026-08-31,False,False,False,False,PASS
turkey_eur_try_monthly_average_pct_change_3m,turkey_eur_try_monthly_average,turkey,monthly,pct_change,3,True,136,4,0.02857142857142857,136,0.009535878886398477,2015-05-31,2026-08-31,False,False,False,False,PASS
turkey_exports_usd_pct_change_3m,turkey_exports_usd,turkey,monthly,pct_change,3,True,136,4,0.02857142857142857,136,0.022348166323717448,2015-05-31,2026-08-31,False,False,False,False,PASS
turkey_foreign_trade_balance_usd_pct_change_3m,turkey_foreign_trade_balance_usd,turkey,monthly,pct_change,3,True,136,4,0.02857142857142857,136,4.56090275993763,2015-05-31,2026-08-31,False,False,False,False,PASS
turkey_imports_usd_pct_change_3m,turkey_imports_usd,turkey,monthly,pct_change,3,True,136,4,0.02857142857142857,136,0.015870506057071954,2015-05-31,2026-08-31,False,False,False,False,PASS
turkey_manufacturing_capacity_utilization_percent_pct_change_3m,turkey_manufacturing_capacity_utilization_percent,turkey,monthly,pct_change,3,True,136,4,0.02857142857142857,130,0.0012934026051329016,2015-05-31,2026-08-31,False,False,False,False,PASS
turkey_ppi_basic_metals_index_pct_change_3m,turkey_ppi_basic_metals_index,turkey,monthly,pct_change,3,True,136,4,0.02857142857142857,136,0.01033322913760976,2015-05-31,2026-08-31,False,False,False,False,PASS
turkey_ppi_electrical_equipment_index_pct_change_3m,turkey_ppi_electrical_equipment_index,turkey,monthly,pct_change,3,True,136,4,0.02857142857142857,136,0.004826645067064124,2015-05-31,2026-08-31,False,False,False,False,PASS
turkey_ppi_household_appliances_index_pct_change_3m,turkey_ppi_household_appliances_index,turkey,monthly,pct_change,3,True,136,4,0.02857142857142857,136,0.004977506337302459,2015-05-31,2026-08-31,False,False,False,False,PASS
turkey_ppi_metal_ores_index_pct_change_3m,turkey_ppi_metal_ores_index,turkey,monthly,pct_change,3,True,136,4,0.02857142857142857,136,0.008480220621206926,2015-05-31,2026-08-31,False,False,False,False,PASS
turkey_ppi_motor_vehicles_index_pct_change_3m,turkey_ppi_motor_vehicles_index,turkey,monthly,pct_change,3,True,136,4,0.02857142857142857,136,0.0042062422749689354,2015-05-31,2026-08-31,False,False,False,False,PASS
turkey_ppi_nonferrous_metal_ores_index_pct_change_3m,turkey_ppi_nonferrous_metal_ores_index,turkey,monthly,pct_change,3,True,136,4,0.02857142857142857,136,0.010716282065209795,2015-05-31,2026-08-31,False,False,False,False,PASS
turkey_ppi_nonferrous_metals_index_pct_change_3m,turkey_ppi_nonferrous_metals_index,turkey,monthly,pct_change,3,True,136,4,0.02857142857142857,136,0.012135826084705982,2015-05-31,2026-08-31,False,False,False,False,PASS
turkey_ppi_wire_cable_index_pct_change_3m,turkey_ppi_wire_cable_index,turkey,monthly,pct_change,3,True,136,4,0.02857142857142857,136,0.0069356784427084955,2015-05-31,2026-08-31,False,False,False,False,PASS
turkey_real_sector_confidence_index_pct_change_3m,turkey_real_sector_confidence_index,turkey,monthly,pct_change,3,True,136,4,0.02857142857142857,135,0.007589690842166215,2015-05-31,2026-08-31,False,False,False,False,PASS
turkey_unemployment_rate_percent_pct_change_3m,turkey_unemployment_rate_percent,turkey,monthly,pct_change,3,True,136,4,0.02857142857142857,119,0.002998733749227218,2015-05-31,2026-08-31,False,False,False,False,PASS
turkey_usd_try_monthly_average_pct_change_3m,turkey_usd_try_monthly_average,turkey,monthly,pct_change,3,True,136,4,0.02857142857142857,136,0.010825306510962408,2015-05-31,2026-08-31,False,False,False,False,PASS
global_economic_policy_uncertainty_index_pct_change_3m,global_economic_policy_uncertainty_index,risk,monthly,pct_change,3,True,136,4,0.02857142857142857,136,0.08654270300780181,2015-05-31,2026-08-31,False,False,False,False,PASS
global_economic_policy_uncertainty_ppp_index_pct_change_3m,global_economic_policy_uncertainty_ppp_index,risk,monthly,pct_change,3,True,136,4,0.02857142857142857,136,0.08292780975692869,2015-05-31,2026-08-31,False,False,False,False,PASS
geopolitical_acts_index_pct_change_3m,geopolitical_acts_index,risk,monthly,pct_change,3,True,136,4,0.02857142857142857,136,0.4300556400361069,2015-05-31,2026-08-31,False,False,False,False,PASS
geopolitical_risk_index_pct_change_3m,geopolitical_risk_index,risk,monthly,pct_change,3,True,136,4,0.02857142857142857,136,0.1348044126730147,2015-05-31,2026-08-31,False,False,False,False,PASS
geopolitical_threats_index_pct_change_3m,geopolitical_threats_index,risk,monthly,pct_change,3,True,136,4,0.02857142857142857,136,0.14038019932158136,2015-05-31,2026-08-31,False,False,False,False,PASS
baltic_dry_index_pct_change_3m,baltic_dry_index,shipping,daily,pct_change,3,True,136,4,0.02857142857142857,136,0.2154990037082157,2015-05-31,2026-08-31,False,False,False,False,PASS
australia_asx200_pct_change_3m,australia_asx200,equities_indices,monthly,pct_change,3,True,136,4,0.02857142857142857,136,0.0032654994591963214,2015-05-31,2026-08-31,False,False,False,False,PASS
canada_tsx_composite_pct_change_3m,canada_tsx_composite,equities_indices,monthly,pct_change,3,True,136,4,0.02857142857142857,136,0.003542153600080491,2015-05-31,2026-08-31,False,False,False,False,PASS
chile_ipsa_pct_change_3m,chile_ipsa,equities_indices,monthly,pct_change,3,True,136,4,0.02857142857142857,136,0.0055968981160451495,2015-05-31,2026-08-31,False,False,False,False,PASS
china_csi300_pct_change_3m,china_csi300,equities_indices,monthly,pct_change,3,True,136,4,0.02857142857142857,136,0.010502357555694458,2015-05-31,2026-08-31,False,False,False,False,PASS
germany_dax_pct_change_3m,germany_dax,equities_indices,monthly,pct_change,3,True,136,4,0.02857142857142857,136,0.005928812541818556,2015-05-31,2026-08-31,False,False,False,False,PASS
hong_kong_hang_seng_pct_change_3m,hong_kong_hang_seng,equities_indices,monthly,pct_change,3,True,136,4,0.02857142857142857,136,0.008445764779141733,2015-05-31,2026-08-31,False,False,False,False,PASS
india_nifty50_pct_change_3m,india_nifty50,equities_indices,monthly,pct_change,3,True,136,4,0.02857142857142857,136,0.005818766737337215,2015-05-31,2026-08-31,False,False,False,False,PASS
indonesia_jakarta_composite_pct_change_3m,indonesia_jakarta_composite,equities_indices,monthly,pct_change,3,True,136,4,0.02857142857142857,136,0.0063744545725656155,2015-05-31,2026-08-31,False,False,False,False,PASS
japan_nikkei225_pct_change_3m,japan_nikkei225,equities_indices,monthly,pct_change,3,True,136,4,0.02857142857142857,136,0.007275238020097845,2015-05-31,2026-08-31,False,False,False,False,PASS
peru_bvl_general_pct_change_3m,peru_bvl_general,equities_indices,monthly,pct_change,3,True,136,4,0.02857142857142857,136,0.014920550769234866,2015-05-31,2026-08-31,False,False,False,False,PASS
poland_wig20_pct_change_3m,poland_wig20,equities_indices,monthly,pct_change,3,True,136,4,0.02857142857142857,136,0.009943957338724076,2015-05-31,2026-08-31,False,False,False,False,PASS
south_korea_kospi_pct_change_3m,south_korea_kospi,equities_indices,monthly,pct_change,3,True,136,4,0.02857142857142857,136,0.012628762428805968,2015-05-31,2026-08-31,False,False,False,False,PASS
turkey_bist100_pct_change_3m,turkey_bist100,equities_indices,monthly,pct_change,3,True,136,4,0.02857142857142857,136,0.023422261986229813,2015-05-31,2026-08-31,False,False,False,False,PASS
uk_ftse100_pct_change_3m,uk_ftse100,equities_indices,monthly,pct_change,3,True,136,4,0.02857142857142857,136,0.003134086332314978,2015-05-31,2026-08-31,False,False,False,False,PASS
usa_dow_jones_pct_change_3m,usa_dow_jones,equities_indices,monthly,pct_change,3,True,136,4,0.02857142857142857,136,0.003641374592726026,2015-05-31,2026-08-31,False,False,False,False,PASS
usa_nasdaq_composite_pct_change_3m,usa_nasdaq_composite,equities_indices,monthly,pct_change,3,True,136,4,0.02857142857142857,136,0.0070529378253914084,2015-05-31,2026-08-31,False,False,False,False,PASS
usa_sp500_pct_change_3m,usa_sp500,equities_indices,monthly,pct_change,3,True,136,4,0.02857142857142857,136,0.0039260291555556,2015-05-31,2026-08-31,False,False,False,False,PASS
australia_asx200_bhp_pct_change_3m,australia_asx200_bhp,equities_companies,monthly,pct_change,3,True,136,4,0.02857142857142857,136,0.014822539990440461,2015-05-31,2026-08-31,False,False,False,False,PASS
australia_asx200_rio_tinto_pct_change_3m,australia_asx200_rio_tinto,equities_companies,monthly,pct_change,3,True,136,4,0.02857142857142857,136,0.013470241867456767,2015-05-31,2026-08-31,False,False,False,False,PASS
canada_tsx_composite_capstone_copper_pct_change_3m,canada_tsx_composite_capstone_copper,equities_companies,monthly,pct_change,3,True,136,4,0.02857142857142857,136,0.13137844779778624,2015-05-31,2026-08-31,False,False,False,False,PASS
canada_tsx_composite_first_quantum_minerals_pct_change_3m,canada_tsx_composite_first_quantum_minerals,equities_companies,monthly,pct_change,3,True,136,4,0.02857142857142857,136,0.0971814773263644,2015-05-31,2026-08-31,False,False,False,False,PASS
canada_tsx_composite_hudbay_minerals_pct_change_3m,canada_tsx_composite_hudbay_minerals,equities_companies,monthly,pct_change,3,True,136,4,0.02857142857142857,136,0.08055752659668114,2015-05-31,2026-08-31,False,False,False,False,PASS
canada_tsx_composite_lundin_mining_pct_change_3m,canada_tsx_composite_lundin_mining,equities_companies,monthly,pct_change,3,True,136,4,0.02857142857142857,136,0.04384075622189272,2015-05-31,2026-08-31,False,False,False,False,PASS
canada_tsx_composite_teck_resources_pct_change_3m,canada_tsx_composite_teck_resources,equities_companies,monthly,pct_change,3,True,136,4,0.02857142857142857,136,0.07352779362159433,2015-05-31,2026-08-31,False,False,False,False,PASS
china_csi300_jiangxi_copper_pct_change_3m,china_csi300_jiangxi_copper,equities_companies,monthly,pct_change,3,True,136,4,0.02857142857142857,136,0.03449645959477902,2015-05-31,2026-08-31,False,False,False,False,PASS
germany_dax_aurubis_pct_change_3m,germany_dax_aurubis,equities_companies,monthly,pct_change,3,True,136,4,0.02857142857142857,136,0.029822234381482203,2015-05-31,2026-08-31,False,False,False,False,PASS
hong_kong_hang_seng_zijin_mining_pct_change_3m,hong_kong_hang_seng_zijin_mining,equities_companies,monthly,pct_change,3,True,136,4,0.02857142857142857,136,0.0455350413608141,2015-05-31,2026-08-31,False,False,False,False,PASS
poland_wig20_kghm_pct_change_3m,poland_wig20_kghm,equities_companies,monthly,pct_change,3,True,136,4,0.02857142857142857,136,0.05511438700337769,2015-05-31,2026-08-31,False,False,False,False,PASS
uk_ftse100_antofagasta_pct_change_3m,uk_ftse100_antofagasta,equities_companies,monthly,pct_change,3,True,136,4,0.02857142857142857,136,0.03219080565466964,2015-05-31,2026-08-31,False,False,False,False,PASS
uk_ftse100_glencore_pct_change_3m,uk_ftse100_glencore,equities_companies,monthly,pct_change,3,True,136,4,0.02857142857142857,136,0.04924405606854323,2015-05-31,2026-08-31,False,False,False,False,PASS
usa_nyse_hecla_mining_pct_change_3m,usa_nyse_hecla_mining,equities_companies,monthly,pct_change,3,True,136,4,0.02857142857142857,136,0.1097595822286435,2015-05-31,2026-08-31,False,False,False,False,PASS
usa_sp500_freeport_mcmoran_pct_change_3m,usa_sp500_freeport_mcmoran,equities_companies,monthly,pct_change,3,True,136,4,0.02857142857142857,136,0.07672533159149611,2015-05-31,2026-08-31,False,False,False,False,PASS
usa_sp500_southern_copper_pct_change_3m,usa_sp500_southern_copper,equities_companies,monthly,pct_change,3,True,136,4,0.02857142857142857,136,0.030818559238517302,2015-05-31,2026-08-31,False,False,False,False,PASS
peru_diesel_price_index_pct_change_3m,peru_diesel_price_index,peru_cost_drivers,monthly,pct_change,3,True,136,4,0.02857142857142857,100,0.0074350054348898105,2015-05-31,2026-08-31,False,False,False,False,PASS
peru_industrial_electricity_tariff_index_pct_change_3m,peru_industrial_electricity_tariff_index,peru_cost_drivers,monthly,pct_change,3,True,136,4,0.02857142857142857,101,0.0015146394882282245,2015-05-31,2026-08-31,False,False,False,False,PASS
peru_usd_pen_pct_change_3m,peru_usd_pen,peru_cost_drivers,monthly,pct_change,3,True,136,4,0.02857142857142857,135,0.0007194709062774389,2015-05-31,2026-08-31,False,False,False,False,PASS
target_lag_3,cash_settlement_usd_per_ton,target_history,monthly,lag,3,True,137,3,0.02142857142857143,137,4291025.402637625,2015-04-30,2026-08-31,False,False,False,False,PASS
target_rolling_mean_3,cash_settlement_usd_per_ton,target_history,monthly,rolling_mean,1,True,137,3,0.02142857142857143,137,4458975.583202758,2015-04-30,2026-08-31,False,False,False,False,PASS
target_rolling_std_3,cash_settlement_usd_per_ton,target_history,monthly,rolling_std,1,True,137,3,0.02142857142857143,137,37127.27219875438,2015-04-30,2026-08-31,False,False,False,False,PASS
copper_stock_ton_lag_3,copper_stock_ton,copper_market,daily,lag,3,True,137,3,0.02142857142857143,135,7470050723.620652,2015-04-30,2026-08-31,False,False,False,False,PASS
aluminum_cash_usd_per_ton_lag_3,aluminum_cash_usd_per_ton,other_metals,daily,lag,3,True,137,3,0.02142857142857143,137,235515.9028375444,2015-04-30,2026-08-31,False,False,False,False,PASS
aluminum_stock_ton_lag_3,aluminum_stock_ton,other_metals,daily,lag,3,True,137,3,0.02142857142857143,137,822054981318.4305,2015-04-30,2026-08-31,False,False,False,False,PASS
lead_cash_usd_per_ton_lag_3,lead_cash_usd_per_ton,other_metals,daily,lag,3,True,137,3,0.02142857142857143,136,45458.93059982889,2015-04-30,2026-08-31,False,False,False,False,PASS
lead_stock_ton_lag_3,lead_stock_ton,other_metals,daily,lag,3,True,137,3,0.02142857142857143,133,5652833399.594784,2015-04-30,2026-08-31,False,False,False,False,PASS
nickel_cash_usd_per_ton_lag_3,nickel_cash_usd_per_ton,other_metals,daily,lag,3,True,137,3,0.02142857142857143,137,24757537.740084093,2015-04-30,2026-08-31,False,False,False,False,PASS
nickel_stock_ton_lag_3,nickel_stock_ton,other_metals,daily,lag,3,True,137,3,0.02142857142857143,137,16839070447.633318,2015-04-30,2026-08-31,False,False,False,False,PASS
tin_cash_usd_per_ton_lag_3,tin_cash_usd_per_ton,other_metals,daily,lag,3,True,137,3,0.02142857142857143,137,78738266.61120555,2015-04-30,2026-08-31,False,False,False,False,PASS
tin_stock_ton_lag_3,tin_stock_ton,other_metals,daily,lag,3,True,137,3,0.02142857142857143,132,5291993.921747531,2015-04-30,2026-08-31,False,False,False,False,PASS
zinc_cash_usd_per_ton_lag_3,zinc_cash_usd_per_ton,other_metals,daily,lag,3,True,137,3,0.02142857142857143,137,271715.8600098494,2015-04-30,2026-08-31,False,False,False,False,PASS
zinc_stock_ton_lag_3,zinc_stock_ton,other_metals,daily,lag,3,True,137,3,0.02142857142857143,136,21842294113.89008,2015-04-30,2026-08-31,False,False,False,False,PASS
palladium_usd_per_troy_ounce_lag_3,palladium_usd_per_troy_ounce,other_metals,daily,lag,3,True,137,3,0.02142857142857143,137,379442.3591885146,2015-04-30,2026-08-31,False,False,False,False,PASS
coal_australia_usd_per_ton_lag_3,coal_australia_usd_per_ton,commodities,monthly,lag,3,True,137,3,0.02142857142857143,128,6808.052476384713,2015-04-30,2026-08-31,False,False,False,False,PASS
gold_usd_per_troy_ounce_lag_3,gold_usd_per_troy_ounce,commodities,monthly,lag,3,True,137,3,0.02142857142857143,130,749569.2798411335,2015-04-30,2026-08-31,False,False,False,False,PASS
iron_ore_usd_per_dmtu_lag_3,iron_ore_usd_per_dmtu,commodities,monthly,lag,3,True,137,3,0.02142857142857143,128,1155.7308082868185,2015-04-30,2026-08-31,False,False,False,False,PASS
platinum_usd_per_troy_ounce_lag_3,platinum_usd_per_troy_ounce,commodities,monthly,lag,3,True,137,3,0.02142857142857143,115,71940.51631601546,2015-04-30,2026-08-31,False,False,False,False,PASS
silver_usd_per_troy_ounce_lag_3,silver_usd_per_troy_ounce,commodities,monthly,lag,3,True,137,3,0.02142857142857143,94,183.79540038643196,2015-04-30,2026-08-31,False,False,False,False,PASS
wti_usd_per_barrel_lag_3,wti_usd_per_barrel,commodities,monthly,lag,3,True,137,3,0.02142857142857143,124,313.3108480034349,2015-04-30,2026-08-31,False,False,False,False,PASS
china_ppi_yoy_pct_lag_3,china_ppi_yoy_pct,china,monthly,lag,3,True,137,3,0.02142857142857143,82,20.757393731215114,2015-04-30,2026-08-31,False,False,False,False,PASS
china_ppi_yoy_pct_change_1m,china_ppi_yoy_pct,china,monthly,absolute_change,1,True,137,3,0.02142857142857143,73,0.8704776728209535,2015-03-31,2026-07-31,False,False,False,False,PASS
brent_oil_usd_lag_3,brent_oil_usd,macro_fred,monthly,lag,3,True,137,3,0.02142857142857143,137,325.0483303313876,2015-04-30,2026-08-31,False,False,False,False,PASS
dollar_index_lag_3,dollar_index,macro_fred,monthly,lag,3,True,137,3,0.02142857142857143,137,28.1158118093355,2015-04-30,2026-08-31,False,False,False,False,PASS
eur_usd_lag_3,eur_usd,macro_fred,monthly,lag,3,True,137,3,0.02142857142857143,135,0.0026356687004059094,2015-04-30,2026-08-31,False,False,False,False,PASS
euro_area_hicp_lag_3,euro_area_hicp,macro_fred,monthly,lag,3,True,137,3,0.02142857142857143,130,72.75956469514813,2015-04-30,2026-08-31,False,False,False,False,PASS
fed_interest_rate_lag_3,fed_interest_rate,macro_fred,monthly,lag,3,True,137,3,0.02142857142857143,76,3.642421693860026,2015-04-30,2026-08-31,False,False,False,False,PASS
germany_10y_bund_yield_lag_3,germany_10y_bund_yield,macro_fred,monthly,lag,3,True,137,3,0.02142857142857143,136,1.4269488203293832,2015-04-30,2026-08-31,False,False,False,False,PASS
germany_10y_bund_yield_change_1m,germany_10y_bund_yield,macro_fred,monthly,absolute_change,1,True,137,3,0.02142857142857143,137,0.0256208809494539,2015-03-31,2026-07-31,False,False,False,False,PASS
germany_10y_bund_yield_pct_change_1m,germany_10y_bund_yield,macro_fred,monthly,pct_change,1,True,137,3,0.02142857142857143,137,64.90121660772962,2015-03-31,2026-07-31,False,False,False,False,PASS
germany_exports_lag_1,germany_exports,macro_fred,monthly,lag,1,True,137,3,0.02142857142857143,137,2.1292351673486613e+20,2015-02-28,2026-06-30,False,False,False,False,PASS
germany_exports_lag_3,germany_exports,macro_fred,monthly,lag,3,True,137,3,0.02142857142857143,137,2.129235167348661e+20,2015-04-30,2026-08-31,False,False,False,False,PASS
germany_manufacturing_order_books_lag_3,germany_manufacturing_order_books,macro_fred,monthly,lag,3,True,137,3,0.02142857142857143,123,483.6977071704593,2015-04-30,2026-08-31,False,False,False,False,PASS
germany_manufacturing_order_books_change_1m,germany_manufacturing_order_books,macro_fred,monthly,absolute_change,1,True,137,3,0.02142857142857143,113,14.384632889652213,2015-03-31,2026-07-31,False,False,False,False,PASS
germany_manufacturing_order_books_pct_change_1m,germany_manufacturing_order_books,macro_fred,monthly,pct_change,1,True,137,3,0.02142857142857143,135,1.4269689474663414,2015-03-31,2026-07-31,False,False,False,False,PASS
india_10y_yield_lag_3,india_10y_yield,macro_fred,monthly,lag,3,True,137,3,0.02142857142857143,136,0.29868979140506285,2015-04-30,2026-08-31,False,False,False,False,PASS
india_10y_yield_change_1m,india_10y_yield,macro_fred,monthly,absolute_change,1,True,137,3,0.02142857142857143,137,0.02620839456761584,2015-03-31,2026-07-31,False,False,False,False,PASS
india_10y_yield_pct_change_1m,india_10y_yield,macro_fred,monthly,pct_change,1,True,137,3,0.02142857142857143,137,0.000542309432994292,2015-03-31,2026-07-31,False,False,False,False,PASS
india_call_money_rate_lag_3,india_call_money_rate,macro_fred,monthly,lag,3,True,137,3,0.02142857142857143,28,1.3480772166165733,2015-04-30,2026-08-31,False,False,False,False,PASS
india_call_money_rate_change_1m,india_call_money_rate,macro_fred,monthly,absolute_change,1,True,137,3,0.02142857142857143,25,0.02202488192357235,2015-03-31,2026-07-31,False,False,False,False,PASS
india_call_money_rate_pct_change_1m,india_call_money_rate,macro_fred,monthly,pct_change,1,True,137,3,0.02142857142857143,37,0.0006369776329792417,2015-03-31,2026-07-31,False,False,False,False,PASS
india_industrial_production_lag_1,india_industrial_production,macro_fred,monthly,lag,1,True,137,3,0.02142857142857143,137,187.60773363557524,2015-02-28,2026-06-30,False,False,False,False,PASS
india_industrial_production_lag_3,india_industrial_production,macro_fred,monthly,lag,3,True,137,3,0.02142857142857143,137,187.60773363557524,2015-04-30,2026-08-31,False,False,False,False,PASS
indonesia_call_money_rate_lag_3,indonesia_call_money_rate,macro_fred,monthly,lag,3,True,137,3,0.02142857142857143,96,1.978404320392782,2015-04-30,2026-08-31,False,False,False,False,PASS
indonesia_call_money_rate_change_1m,indonesia_call_money_rate,macro_fred,monthly,absolute_change,1,True,137,3,0.02142857142857143,81,0.05831892671180524,2015-03-31,2026-07-31,False,False,False,False,PASS
indonesia_call_money_rate_pct_change_1m,indonesia_call_money_rate,macro_fred,monthly,pct_change,1,True,137,3,0.02142857142857143,104,0.0026985002435806035,2015-03-31,2026-07-31,False,False,False,False,PASS
indonesia_exports_lag_3,indonesia_exports,macro_fred,monthly,lag,3,True,137,3,0.02142857142857143,137,2.205379969300602e+19,2015-04-30,2026-08-31,False,False,False,False,PASS
indonesia_exports_change_1m,indonesia_exports,macro_fred,monthly,absolute_change,1,True,137,3,0.02142857142857143,137,1.3016255666290399e+18,2015-03-31,2026-07-31,False,False,False,False,PASS
indonesia_exports_pct_change_1m,indonesia_exports,macro_fred,monthly,pct_change,1,True,137,3,0.02142857142857143,137,0.003937164319231808,2015-03-31,2026-07-31,False,False,False,False,PASS
indonesia_reer_lag_3,indonesia_reer,macro_fred,monthly,lag,3,True,137,3,0.02142857142857143,137,11.965052637253144,2015-04-30,2026-08-31,False,False,False,False,PASS
japan_10y_yield_lag_3,japan_10y_yield,macro_fred,monthly,lag,3,True,137,3,0.02142857142857143,105,0.38802399366680984,2015-04-30,2026-08-31,False,False,False,False,PASS
japan_10y_yield_change_1m,japan_10y_yield,macro_fred,monthly,absolute_change,1,True,137,3,0.02142857142857143,70,0.007307030914555601,2015-03-31,2026-07-31,False,False,False,False,PASS
japan_manufacturing_growth_lag_1,japan_manufacturing_growth,macro_fred,monthly,lag,1,True,137,3,0.02142857142857143,134,5.938218087487744,2015-02-28,2026-06-30,False,False,False,False,PASS
japan_manufacturing_growth_lag_3,japan_manufacturing_growth,macro_fred,monthly,lag,3,True,137,3,0.02142857142857143,134,5.938218087487744,2015-04-30,2026-08-31,False,False,False,False,PASS
korea_10y_yield_lag_3,korea_10y_yield,macro_fred,monthly,lag,3,True,137,3,0.02142857142857143,137,0.5743319419278661,2015-04-30,2026-08-31,False,False,False,False,PASS
korea_10y_yield_change_1m,korea_10y_yield,macro_fred,monthly,absolute_change,1,True,137,3,0.02142857142857143,128,0.027452568806354664,2015-03-31,2026-07-31,False,False,False,False,PASS
korea_10y_yield_pct_change_1m,korea_10y_yield,macro_fred,monthly,pct_change,1,True,137,3,0.02142857142857143,137,0.004363086572994936,2015-03-31,2026-07-31,False,False,False,False,PASS
korea_call_money_rate_lag_3,korea_call_money_rate,macro_fred,monthly,lag,3,True,137,3,0.02142857142857143,86,0.9410414007084587,2015-04-30,2026-08-31,False,False,False,False,PASS
korea_call_money_rate_change_1m,korea_call_money_rate,macro_fred,monthly,absolute_change,1,True,137,3,0.02142857142857143,71,0.010786963181623007,2015-03-31,2026-07-31,False,False,False,False,PASS
korea_call_money_rate_pct_change_1m,korea_call_money_rate,macro_fred,monthly,pct_change,1,True,137,3,0.02142857142857143,104,0.005790908765153373,2015-03-31,2026-07-31,False,False,False,False,PASS
korea_exports_lag_3,korea_exports,macro_fred,monthly,lag,3,True,137,3,0.02142857142857143,137,7.943611139387218e+19,2015-04-30,2026-08-31,False,False,False,False,PASS
korea_exports_change_1m,korea_exports,macro_fred,monthly,absolute_change,1,True,137,3,0.02142857142857143,137,2.074495101957206e+19,2015-03-31,2026-07-31,False,False,False,False,PASS
korea_exports_pct_change_1m,korea_exports,macro_fred,monthly,pct_change,1,True,137,3,0.02142857142857143,137,0.0077372418643140055,2015-03-31,2026-07-31,False,False,False,False,PASS
korea_industrial_production_lag_1,korea_industrial_production,macro_fred,monthly,lag,1,True,137,3,0.02142857142857143,136,19.91365782683791,2015-02-28,2026-06-30,False,False,False,False,PASS
korea_industrial_production_lag_3,korea_industrial_production,macro_fred,monthly,lag,3,True,137,3,0.02142857142857143,136,19.913657826837905,2015-04-30,2026-08-31,False,False,False,False,PASS
m2_money_supply_lag_3,m2_money_supply,macro_fred,monthly,lag,3,True,137,3,0.02142857142857143,137,14838156.244871188,2015-04-30,2026-08-31,False,False,False,False,PASS
natural_gas_usd_lag_3,natural_gas_usd,macro_fred,monthly,lag,3,True,137,3,0.02142857142857143,137,1.8909395547809917,2015-04-30,2026-08-31,False,False,False,False,PASS
us_10y_2y_spread_lag_3,us_10y_2y_spread,macro_fred,monthly,lag,3,True,137,3,0.02142857142857143,97,0.38611259124087594,2015-04-30,2026-08-31,False,False,False,False,PASS
us_10y_treasury_yield_lag_3,us_10y_treasury_yield,macro_fred,monthly,lag,3,True,137,3,0.02142857142857143,109,1.3279217582653497,2015-04-30,2026-08-31,False,False,False,False,PASS
us_2y_yield_lag_3,us_2y_yield,macro_fred,monthly,lag,3,True,137,3,0.02142857142857143,111,2.5222753971661653,2015-04-30,2026-08-31,False,False,False,False,PASS
us_housing_starts_lag_3,us_housing_starts,macro_fred,monthly,lag,3,True,137,3,0.02142857142857143,120,32024.162516101333,2015-04-30,2026-08-31,False,False,False,False,PASS
us_industrial_production_lag_3,us_industrial_production,macro_fred,monthly,lag,3,True,137,3,0.02142857142857143,136,6.8376940350654785,2015-04-30,2026-08-31,False,False,False,False,PASS
us_ppi_lag_3,us_ppi,macro_fred,monthly,lag,3,True,137,3,0.02142857142857143,129,1045.956288283276,2015-04-30,2026-08-31,False,False,False,False,PASS
usd_cny_lag_3,usd_cny,macro_fred,monthly,lag,3,True,137,3,0.02142857142857143,137,0.10253868898942614,2015-04-30,2026-08-31,False,False,False,False,PASS
usd_gbp_lag_3,usd_gbp,macro_fred,monthly,lag,3,True,137,3,0.02142857142857143,137,0.007775689863571304,2015-04-30,2026-08-31,False,False,False,False,PASS
usd_idr_lag_3,usd_idr,macro_fred,monthly,lag,3,True,137,3,0.02142857142857143,137,1281749.4792012519,2015-04-30,2026-08-31,False,False,False,False,PASS
usd_inr_lag_3,usd_inr,macro_fred,monthly,lag,3,True,137,3,0.02142857142857143,137,70.26243799822241,2015-04-30,2026-08-31,False,False,False,False,PASS
usd_jpy_lag_3,usd_jpy,macro_fred,monthly,lag,3,True,137,3,0.02142857142857143,137,330.10402375600484,2015-04-30,2026-08-31,False,False,False,False,PASS
usd_krw_lag_3,usd_krw,macro_fred,monthly,lag,3,True,137,3,0.02142857142857143,137,14092.357972869771,2015-04-30,2026-08-31,False,False,False,False,PASS
vix_index_lag_3,vix_index,macro_fred,monthly,lag,3,True,137,3,0.02142857142857143,136,41.13792011742794,2015-04-30,2026-08-31,False,False,False,False,PASS
boj_call_rate_lag_3,boj_call_rate,global_macro,monthly,lag,3,True,137,3,0.02142857142857143,137,0.039770075253203946,2015-04-30,2026-08-31,False,False,False,False,PASS
drc_inflation_mom_lag_3,drc_inflation_mom,global_macro,monthly,lag,3,True,137,3,0.02142857142857143,132,1.8455897491412623,2015-04-30,2026-08-31,False,False,False,False,PASS
drc_inflation_mom_change_1m,drc_inflation_mom,global_macro,monthly,absolute_change,1,True,137,3,0.02142857142857143,133,1.2758768372692142,2015-03-31,2026-07-31,False,False,False,False,PASS
drc_inflation_mom_pct_change_1m,drc_inflation_mom,global_macro,monthly,pct_change,1,True,137,3,0.02142857142857143,137,1.5335373321605559,2015-03-31,2026-07-31,False,False,False,False,PASS
ecb_policy_rate_lag_3,ecb_policy_rate,global_macro,monthly,lag,3,True,137,3,0.02142857142857143,12,2.041876878488621,2015-04-30,2026-08-31,False,False,False,False,PASS
euro_area_construction_output_lag_3,euro_area_construction_output,global_macro,monthly,lag,3,True,137,3,0.02142857142857143,75,18.57038106483469,2015-04-30,2026-08-31,False,False,False,False,PASS
euro_area_construction_output_change_1m,euro_area_construction_output,global_macro,monthly,absolute_change,1,True,137,3,0.02142857142857143,67,8.778744096178624,2015-03-31,2026-07-31,False,False,False,False,PASS
euro_area_construction_output_pct_change_1m,euro_area_construction_output,global_macro,monthly,pct_change,1,True,137,3,0.02142857142857143,127,0.0012023504271581147,2015-03-31,2026-07-31,False,False,False,False,PASS
euro_area_copper_production_ppi_lag_3,euro_area_copper_production_ppi,global_macro,monthly,lag,3,True,137,3,0.02142857142857143,116,434.63647488192356,2015-04-30,2026-08-31,False,False,False,False,PASS
euro_area_copper_production_ppi_change_1m,euro_area_copper_production_ppi,global_macro,monthly,absolute_change,1,True,137,3,0.02142857142857143,86,6.482981966509227,2015-03-31,2026-07-31,False,False,False,False,PASS
euro_area_copper_production_ppi_pct_change_1m,euro_area_copper_production_ppi,global_macro,monthly,pct_change,1,True,137,3,0.02142857142857143,137,0.0006998843325345153,2015-03-31,2026-07-31,False,False,False,False,PASS
euro_area_industrial_production_lag_3,euro_area_industrial_production,global_macro,monthly,lag,3,True,137,3,0.02142857142857143,77,14.060417561185057,2015-04-30,2026-08-31,False,False,False,False,PASS
euro_area_industrial_production_change_1m,euro_area_industrial_production,global_macro,monthly,absolute_change,1,True,137,3,0.02142857142857143,65,5.429199227136109,2015-03-31,2026-07-31,False,False,False,False,PASS
euro_area_industrial_production_pct_change_1m,euro_area_industrial_production,global_macro,monthly,pct_change,1,True,137,3,0.02142857142857143,132,0.000703180852528255,2015-03-31,2026-07-31,False,False,False,False,PASS
euro_area_ppi_lag_3,euro_area_ppi,global_macro,monthly,lag,3,True,137,3,0.02142857142857143,96,248.8714104765994,2015-04-30,2026-08-31,False,False,False,False,PASS
euro_area_ppi_change_1m,euro_area_ppi,global_macro,monthly,absolute_change,1,True,137,3,0.02142857142857143,57,1.5100676255903824,2015-03-31,2026-07-31,False,False,False,False,PASS
euro_area_ppi_pct_change_1m,euro_area_ppi,global_macro,monthly,pct_change,1,True,137,3,0.02142857142857143,122,0.00011518986019048614,2015-03-31,2026-07-31,False,False,False,False,PASS
indonesia_inflation_mom_lag_3,indonesia_inflation_mom,global_macro,monthly,lag,3,True,137,3,0.02142857142857143,82,0.11616365392872476,2015-04-30,2026-08-31,False,False,False,False,PASS
japan_cpi_lag_3,japan_cpi,global_macro,monthly,lag,3,True,137,3,0.02142857142857143,72,18.756774366680983,2015-04-30,2026-08-31,False,False,False,False,PASS
japan_industrial_production_lag_3,japan_industrial_production,global_macro,monthly,lag,3,True,137,3,0.02142857142857143,99,32.98221017604122,2015-04-30,2026-08-31,False,False,False,False,PASS
japan_industrial_production_change_1m,japan_industrial_production,global_macro,monthly,absolute_change,1,True,137,3,0.02142857142857143,74,5.468570201803351,2015-03-31,2026-07-31,False,False,False,False,PASS
japan_industrial_production_pct_change_1m,japan_industrial_production,global_macro,monthly,pct_change,1,True,137,3,0.02142857142857143,134,0.0005073086511241795,2015-03-31,2026-07-31,False,False,False,False,PASS
japan_ppi_lag_3,japan_ppi,global_macro,monthly,lag,3,True,137,3,0.02142857142857143,91,129.9560122370116,2015-04-30,2026-08-31,False,False,False,False,PASS
usd_cdf_lag_3,usd_cdf,global_macro,monthly,lag,3,True,137,3,0.02142857142857143,137,345666.1657551392,2015-04-30,2026-08-31,False,False,False,False,PASS
g20_composite_leading_indicator_lag_3,g20_composite_leading_indicator,leading_indicators,monthly,lag,3,True,137,3,0.02142857142857143,137,2.0683944300343597,2015-04-30,2026-08-31,False,False,False,False,PASS
g20_composite_leading_indicator_change_1m,g20_composite_leading_indicator,leading_indicators,monthly,absolute_change,1,True,137,3,0.02142857142857143,137,0.4958420686255361,2015-03-31,2026-07-31,False,False,False,False,PASS
g20_composite_leading_indicator_pct_change_1m,g20_composite_leading_indicator,leading_indicators,monthly,pct_change,1,True,137,3,0.02142857142857143,137,5.7007907784758786e-05,2015-03-31,2026-07-31,False,False,False,False,PASS
turkey_capacity_basic_metals_percent_lag_3,turkey_capacity_basic_metals_percent,turkey,monthly,lag,3,True,137,3,0.02142857142857143,137,7.84797241939143,2015-04-30,2026-08-31,False,False,False,False,PASS
turkey_capacity_electrical_equipment_percent_lag_3,turkey_capacity_electrical_equipment_percent,turkey,monthly,lag,3,True,137,3,0.02142857142857143,137,15.145645164433851,2015-04-30,2026-08-31,False,False,False,False,PASS
turkey_capacity_fabricated_metals_percent_lag_3,turkey_capacity_fabricated_metals_percent,turkey,monthly,lag,3,True,137,3,0.02142857142857143,137,5.941034672195089,2015-04-30,2026-08-31,False,False,False,False,PASS
turkey_capacity_intermediate_goods_percent_lag_3,turkey_capacity_intermediate_goods_percent,turkey,monthly,lag,3,True,137,3,0.02142857142857143,64,6.42712859596393,2015-04-30,2026-08-31,False,False,False,False,PASS
turkey_capacity_investment_goods_percent_lag_3,turkey_capacity_investment_goods_percent,turkey,monthly,lag,3,True,137,3,0.02142857142857143,87,21.072235938170895,2015-04-30,2026-08-31,False,False,False,False,PASS
turkey_capacity_machinery_percent_lag_3,turkey_capacity_machinery_percent,turkey,monthly,lag,3,True,137,3,0.02142857142857143,137,28.295442384260895,2015-04-30,2026-08-31,False,False,False,False,PASS
turkey_capacity_motor_vehicles_percent_lag_3,turkey_capacity_motor_vehicles_percent,turkey,monthly,lag,3,True,137,3,0.02142857142857143,137,41.23245556130048,2015-04-30,2026-08-31,False,False,False,False,PASS
turkey_consumer_confidence_index_lag_3,turkey_consumer_confidence_index,turkey,monthly,lag,3,True,137,3,0.02142857142857143,137,46.08203341333513,2015-04-30,2026-08-31,False,False,False,False,PASS
turkey_cpi_index_lag_3,turkey_cpi_index,turkey,monthly,lag,3,True,137,3,0.02142857142857143,137,1150.6890465620277,2015-04-30,2026-08-31,False,False,False,False,PASS
turkey_domestic_ppi_index_lag_3,turkey_domestic_ppi_index,turkey,monthly,lag,3,True,137,3,0.02142857142857143,137,2430917.0612100908,2015-04-30,2026-08-31,False,False,False,False,PASS
turkey_eur_try_monthly_average_lag_3,turkey_eur_try_monthly_average,turkey,monthly,lag,3,True,137,3,0.02142857142857143,137,232.53717126298557,2015-04-30,2026-08-31,False,False,False,False,PASS
turkey_exports_usd_lag_3,turkey_exports_usd,turkey,monthly,lag,3,True,137,3,0.02142857142857143,137,1.8152072574714114e+19,2015-04-30,2026-08-31,False,False,False,False,PASS
turkey_foreign_trade_balance_usd_lag_3,turkey_foreign_trade_balance_usd,turkey,monthly,lag,3,True,137,3,0.02142857142857143,137,7.598193685580428e+18,2015-04-30,2026-08-31,False,False,False,False,PASS
turkey_imports_usd_lag_3,turkey_imports_usd,turkey,monthly,lag,3,True,137,3,0.02142857142857143,137,3.6275282361380127e+19,2015-04-30,2026-08-31,False,False,False,False,PASS
turkey_manufacturing_capacity_utilization_percent_lag_3,turkey_manufacturing_capacity_utilization_percent,turkey,monthly,lag,3,True,137,3,0.02142857142857143,59,6.052820953198797,2015-04-30,2026-08-31,False,False,False,False,PASS
turkey_ppi_basic_metals_index_lag_3,turkey_ppi_basic_metals_index,turkey,monthly,lag,3,True,137,3,0.02142857142857143,137,4807817.88893553,2015-04-30,2026-08-31,False,False,False,False,PASS
turkey_ppi_electrical_equipment_index_lag_3,turkey_ppi_electrical_equipment_index,turkey,monthly,lag,3,True,137,3,0.02142857142857143,137,2085755.8011743024,2015-04-30,2026-08-31,False,False,False,False,PASS
turkey_ppi_household_appliances_index_lag_3,turkey_ppi_household_appliances_index,turkey,monthly,lag,3,True,137,3,0.02142857142857143,137,1167543.8069012344,2015-04-30,2026-08-31,False,False,False,False,PASS
turkey_ppi_metal_ores_index_lag_3,turkey_ppi_metal_ores_index,turkey,monthly,lag,3,True,137,3,0.02142857142857143,137,31511240.063446824,2015-04-30,2026-08-31,False,False,False,False,PASS
turkey_ppi_motor_vehicles_index_lag_3,turkey_ppi_motor_vehicles_index,turkey,monthly,lag,3,True,137,3,0.02142857142857143,137,1059247.4926901136,2015-04-30,2026-08-31,False,False,False,False,PASS
turkey_ppi_nonferrous_metal_ores_index_lag_3,turkey_ppi_nonferrous_metal_ores_index,turkey,monthly,lag,3,True,137,3,0.02142857142857143,137,67041732.596045986,2015-04-30,2026-08-31,False,False,False,False,PASS
turkey_ppi_nonferrous_metals_index_lag_3,turkey_ppi_nonferrous_metals_index,turkey,monthly,lag,3,True,137,3,0.02142857142857143,137,20067789.708248574,2015-04-30,2026-08-31,False,False,False,False,PASS
turkey_ppi_wire_cable_index_lag_3,turkey_ppi_wire_cable_index,turkey,monthly,lag,3,True,137,3,0.02142857142857143,136,7732015.439636293,2015-04-30,2026-08-31,False,False,False,False,PASS
turkey_real_sector_confidence_index_lag_3,turkey_real_sector_confidence_index,turkey,monthly,lag,3,True,137,3,0.02142857142857143,96,39.758905109489056,2015-04-30,2026-08-31,False,False,False,False,PASS
turkey_unemployment_rate_percent_lag_3,turkey_unemployment_rate_percent,turkey,monthly,lag,3,True,137,3,0.02142857142857143,53,3.0465500214684416,2015-04-30,2026-08-31,False,False,False,False,PASS
turkey_usd_try_monthly_average_lag_3,turkey_usd_try_monthly_average,turkey,monthly,lag,3,True,137,3,0.02142857142857143,137,184.49734955882602,2015-04-30,2026-08-31,False,False,False,False,PASS
global_economic_policy_uncertainty_index_lag_3,global_economic_policy_uncertainty_index,risk,monthly,lag,3,True,137,3,0.02142857142857143,137,7788.131165753986,2015-04-30,2026-08-31,False,False,False,False,PASS
global_economic_policy_uncertainty_ppp_index_lag_3,global_economic_policy_uncertainty_ppp_index,risk,monthly,lag,3,True,137,3,0.02142857142857143,137,7493.060169431534,2015-04-30,2026-08-31,False,False,False,False,PASS
geopolitical_acts_index_lag_3,geopolitical_acts_index,risk,monthly,lag,3,True,137,3,0.02142857142857143,137,3195.7772372302097,2015-04-30,2026-08-31,False,False,False,False,PASS
geopolitical_risk_index_lag_3,geopolitical_risk_index,risk,monthly,lag,3,True,137,3,0.02142857142857143,137,1795.0801590839098,2015-04-30,2026-08-31,False,False,False,False,PASS
geopolitical_threats_index_lag_3,geopolitical_threats_index,risk,monthly,lag,3,True,137,3,0.02142857142857143,137,2577.609368968405,2015-04-30,2026-08-31,False,False,False,False,PASS
baltic_dry_index_lag_3,baltic_dry_index,shipping,daily,lag,3,True,137,3,0.02142857142857143,137,584829.9748530984,2015-04-30,2026-08-31,False,False,False,False,PASS
australia_asx200_lag_3,australia_asx200,equities_indices,monthly,lag,3,True,137,3,0.02142857142857143,137,1163853.0524428706,2015-04-30,2026-08-31,False,False,False,False,PASS
canada_tsx_composite_lag_3,canada_tsx_composite,equities_indices,monthly,lag,3,True,137,3,0.02142857142857143,137,23945445.870976303,2015-04-30,2026-08-31,False,False,False,False,PASS
chile_ipsa_lag_3,chile_ipsa,equities_indices,monthly,lag,3,True,137,3,0.02142857142857143,137,2837644.6121484227,2015-04-30,2026-08-31,False,False,False,False,PASS
china_csi300_lag_3,china_csi300,equities_indices,monthly,lag,3,True,137,3,0.02142857142857143,137,337944.3392010507,2015-04-30,2026-08-31,False,False,False,False,PASS
germany_dax_lag_3,germany_dax,equities_indices,monthly,lag,3,True,137,3,0.02142857142857143,137,16886058.58544438,2015-04-30,2026-08-31,False,False,False,False,PASS
hong_kong_hang_seng_lag_3,hong_kong_hang_seng,equities_indices,monthly,lag,3,True,137,3,0.02142857142857143,137,15033735.033286445,2015-04-30,2026-08-31,False,False,False,False,PASS
india_nifty50_lag_3,india_nifty50,equities_indices,monthly,lag,3,True,137,3,0.02142857142857143,137,35204009.83884891,2015-04-30,2026-08-31,False,False,False,False,PASS
indonesia_jakarta_composite_lag_3,indonesia_jakarta_composite,equities_indices,monthly,lag,3,True,137,3,0.02142857142857143,137,910275.3852692187,2015-04-30,2026-08-31,False,False,False,False,PASS
japan_nikkei225_lag_3,japan_nikkei225,equities_indices,monthly,lag,3,True,137,3,0.02142857142857143,137,93092199.73350935,2015-04-30,2026-08-31,False,False,False,False,PASS
peru_bvl_general_lag_3,peru_bvl_general,equities_indices,monthly,lag,3,True,137,3,0.02142857142857143,137,78397321.32854547,2015-04-30,2026-08-31,False,False,False,False,PASS
poland_wig20_lag_3,poland_wig20,equities_indices,monthly,lag,3,True,137,3,0.02142857142857143,137,159707.8092090179,2015-04-30,2026-08-31,False,False,False,False,PASS
south_korea_kospi_lag_3,south_korea_kospi,equities_indices,monthly,lag,3,True,137,3,0.02142857142857143,137,647239.0547656157,2015-04-30,2026-08-31,False,False,False,False,PASS
turkey_bist100_lag_3,turkey_bist100,equities_indices,monthly,lag,3,True,137,3,0.02142857142857143,137,15915844.00961302,2015-04-30,2026-08-31,False,False,False,False,PASS
uk_ftse100_lag_3,uk_ftse100,equities_indices,monthly,lag,3,True,137,3,0.02142857142857143,137,943333.4512795343,2015-04-30,2026-08-31,False,False,False,False,PASS
usa_dow_jones_lag_3,usa_dow_jones,equities_indices,monthly,lag,3,True,137,3,0.02142857142857143,137,82915137.8413703,2015-04-30,2026-08-31,False,False,False,False,PASS
usa_nasdaq_composite_lag_3,usa_nasdaq_composite,equities_indices,monthly,lag,3,True,137,3,0.02142857142857143,137,30254116.550117955,2015-04-30,2026-08-31,False,False,False,False,PASS
usa_sp500_lag_3,usa_sp500,equities_indices,monthly,lag,3,True,137,3,0.02142857142857143,137,2104064.306586994,2015-04-30,2026-08-31,False,False,False,False,PASS
australia_asx200_bhp_lag_3,australia_asx200_bhp,equities_companies,monthly,lag,3,True,137,3,0.02142857142857143,137,99.52961979773988,2015-04-30,2026-08-31,False,False,False,False,PASS
australia_asx200_rio_tinto_lag_3,australia_asx200_rio_tinto,equities_companies,monthly,lag,3,True,137,3,0.02142857142857143,137,878.6561598717141,2015-04-30,2026-08-31,False,False,False,False,PASS
canada_tsx_composite_capstone_copper_lag_3,canada_tsx_composite_capstone_copper,equities_companies,monthly,lag,3,True,137,3,0.02142857142857143,136,13.95741476701245,2015-04-30,2026-08-31,False,False,False,False,PASS
canada_tsx_composite_first_quantum_minerals_lag_3,canada_tsx_composite_first_quantum_minerals,equities_companies,monthly,lag,3,True,137,3,0.02142857142857143,137,79.53985134554989,2015-04-30,2026-08-31,False,False,False,False,PASS
canada_tsx_composite_hudbay_minerals_lag_3,canada_tsx_composite_hudbay_minerals,equities_companies,monthly,lag,3,True,137,3,0.02142857142857143,137,33.5246101904855,2015-04-30,2026-08-31,False,False,False,False,PASS
canada_tsx_composite_lundin_mining_lag_3,canada_tsx_composite_lundin_mining,equities_companies,monthly,lag,3,True,137,3,0.02142857142857143,137,41.37900858956194,2015-04-30,2026-08-31,False,False,False,False,PASS
canada_tsx_composite_teck_resources_lag_3,canada_tsx_composite_teck_resources,equities_companies,monthly,lag,3,True,137,3,0.02142857142857143,137,353.001685170817,2015-04-30,2026-08-31,False,False,False,False,PASS
china_csi300_jiangxi_copper_lag_3,china_csi300_jiangxi_copper,equities_companies,monthly,lag,3,True,137,3,0.02142857142857143,137,63.14828647592046,2015-04-30,2026-08-31,False,False,False,False,PASS
germany_dax_aurubis_lag_3,germany_dax_aurubis,equities_companies,monthly,lag,3,True,137,3,0.02142857142857143,137,681.143966836376,2015-04-30,2026-08-31,False,False,False,False,PASS
hong_kong_hang_seng_zijin_mining_lag_3,hong_kong_hang_seng_zijin_mining,equities_companies,monthly,lag,3,True,137,3,0.02142857142857143,137,77.82955873176509,2015-04-30,2026-08-31,False,False,False,False,PASS
poland_wig20_kghm_lag_3,poland_wig20_kghm,equities_companies,monthly,lag,3,True,137,3,0.02142857142857143,137,2553.788699285807,2015-04-30,2026-08-31,False,False,False,False,PASS
uk_ftse100_antofagasta_lag_3,uk_ftse100_antofagasta,equities_companies,monthly,lag,3,True,137,3,0.02142857142857143,137,497143.52037890477,2015-04-30,2026-08-31,False,False,False,False,PASS
uk_ftse100_glencore_lag_3,uk_ftse100_glencore,equities_companies,monthly,lag,3,True,137,3,0.02142857142857143,137,13250.964286675773,2015-04-30,2026-08-31,False,False,False,False,PASS
usa_nyse_hecla_mining_lag_3,usa_nyse_hecla_mining,equities_companies,monthly,lag,3,True,137,3,0.02142857142857143,137,14.77539498706848,2015-04-30,2026-08-31,False,False,False,False,PASS
usa_sp500_freeport_mcmoran_lag_3,usa_sp500_freeport_mcmoran,equities_companies,monthly,lag,3,True,137,3,0.02142857142857143,137,232.6705576105244,2015-04-30,2026-08-31,False,False,False,False,PASS
usa_sp500_southern_copper_lag_3,usa_sp500_southern_copper,equities_companies,monthly,lag,3,True,137,3,0.02142857142857143,137,1277.0423594128424,2015-04-30,2026-08-31,False,False,False,False,PASS
peru_diesel_price_index_lag_3,peru_diesel_price_index,peru_cost_drivers,monthly,lag,3,True,137,3,0.02142857142857143,45,186.56676685272646,2015-04-30,2026-08-31,False,False,False,False,PASS
peru_formal_private_income_pen_lag_3,peru_formal_private_income_pen,peru_cost_drivers,monthly,lag,3,True,137,3,0.02142857142857143,137,547163.6902168312,2015-04-30,2026-08-31,False,False,False,False,PASS
peru_formal_private_income_pen_change_1m,peru_formal_private_income_pen,peru_cost_drivers,monthly,absolute_change,1,True,137,3,0.02142857142857143,137,1187383.6245491628,2015-03-31,2026-07-31,False,False,False,False,PASS
peru_formal_private_income_pen_pct_change_1m,peru_formal_private_income_pen,peru_cost_drivers,monthly,pct_change,1,True,137,3,0.02142857142857143,137,0.1250590889802512,2015-03-31,2026-07-31,False,False,False,False,PASS
peru_industrial_electricity_tariff_index_lag_3,peru_industrial_electricity_tariff_index,peru_cost_drivers,monthly,lag,3,True,137,3,0.02142857142857143,43,148.5372477458137,2015-04-30,2026-08-31,False,False,False,False,PASS
peru_usd_pen_lag_3,peru_usd_pen,peru_cost_drivers,monthly,lag,3,True,137,3,0.02142857142857143,130,0.06312660100901674,2015-04-30,2026-08-31,False,False,False,False,PASS
target_lag_2,cash_settlement_usd_per_ton,target_history,monthly,lag,2,True,138,2,0.014285714285714285,138,4521622.805122677,2015-03-31,2026-08-31,False,False,False,False,PASS
target_return_1m,cash_settlement_usd_per_ton,target_history,monthly,pct_change,2,True,138,2,0.014285714285714285,138,0.0021771061056515325,2015-03-31,2026-08-31,False,False,False,False,PASS
copper_stock_ton_change_1m,copper_stock_ton,copper_market,daily,absolute_change,1,True,138,2,0.014285714285714285,137,1942912785.1277373,2015-03-31,2026-08-31,False,False,False,False,PASS
copper_stock_ton_pct_change_1m,copper_stock_ton,copper_market,daily,pct_change,1,True,138,2,0.014285714285714285,138,0.06517181809868255,2015-03-31,2026-08-31,False,False,False,False,PASS
aluminum_cash_usd_per_ton_change_1m,aluminum_cash_usd_per_ton,other_metals,daily,absolute_change,1,True,138,2,0.014285714285714285,138,13632.274419252017,2015-03-31,2026-08-31,False,False,False,False,PASS
aluminum_cash_usd_per_ton_pct_change_1m,aluminum_cash_usd_per_ton,other_metals,daily,pct_change,1,True,138,2,0.014285714285714285,138,0.0020987877074518423,2015-03-31,2026-08-31,False,False,False,False,PASS
aluminum_stock_ton_change_1m,aluminum_stock_ton,other_metals,daily,absolute_change,1,True,138,2,0.014285714285714285,138,15239181413.043478,2015-03-31,2026-08-31,False,False,False,False,PASS
aluminum_stock_ton_pct_change_1m,aluminum_stock_ton,other_metals,daily,pct_change,1,True,138,2,0.014285714285714285,138,0.027652049012939894,2015-03-31,2026-08-31,False,False,False,False,PASS
lead_cash_usd_per_ton_change_1m,lead_cash_usd_per_ton,other_metals,daily,absolute_change,1,True,138,2,0.014285714285714285,138,7852.137248040636,2015-03-31,2026-08-31,False,False,False,False,PASS
lead_cash_usd_per_ton_pct_change_1m,lead_cash_usd_per_ton,other_metals,daily,pct_change,1,True,138,2,0.014285714285714285,138,0.0018758149072484673,2015-03-31,2026-08-31,False,False,False,False,PASS
lead_stock_ton_change_1m,lead_stock_ton,other_metals,daily,absolute_change,1,True,138,2,0.014285714285714285,131,737682278.5425261,2015-03-31,2026-08-31,False,False,False,False,PASS
lead_stock_ton_pct_change_1m,lead_stock_ton,other_metals,daily,pct_change,1,True,138,2,0.014285714285714285,138,0.030894008289415235,2015-03-31,2026-08-31,False,False,False,False,PASS
nickel_cash_usd_per_ton_change_1m,nickel_cash_usd_per_ton,other_metals,daily,absolute_change,1,True,138,2,0.014285714285714285,138,1843736.412302976,2015-03-31,2026-08-31,False,False,False,False,PASS
nickel_cash_usd_per_ton_pct_change_1m,nickel_cash_usd_per_ton,other_metals,daily,pct_change,1,True,138,2,0.014285714285714285,138,0.0051375815101594325,2015-03-31,2026-08-31,False,False,False,False,PASS
nickel_stock_ton_change_1m,nickel_stock_ton,other_metals,daily,absolute_change,1,True,138,2,0.014285714285714285,137,258251829.3646462,2015-03-31,2026-08-31,False,False,False,False,PASS
nickel_stock_ton_pct_change_1m,nickel_stock_ton,other_metals,daily,pct_change,1,True,138,2,0.014285714285714285,138,0.018752492000909744,2015-03-31,2026-08-31,False,False,False,False,PASS
tin_cash_usd_per_ton_change_1m,tin_cash_usd_per_ton,other_metals,daily,absolute_change,1,True,138,2,0.014285714285714285,138,3311366.1402299223,2015-03-31,2026-08-31,False,False,False,False,PASS
tin_cash_usd_per_ton_pct_change_1m,tin_cash_usd_per_ton,other_metals,daily,pct_change,1,True,138,2,0.014285714285714285,138,0.003978803867809688,2015-03-31,2026-08-31,False,False,False,False,PASS
tin_stock_ton_change_1m,tin_stock_ton,other_metals,daily,absolute_change,1,True,138,2,0.014285714285714285,115,843966.6560880144,2015-03-31,2026-08-31,False,False,False,False,PASS
tin_stock_ton_pct_change_1m,tin_stock_ton,other_metals,daily,pct_change,1,True,138,2,0.014285714285714285,138,0.12997998079850218,2015-03-31,2026-08-31,False,False,False,False,PASS
zinc_cash_usd_per_ton_change_1m,zinc_cash_usd_per_ton,other_metals,daily,absolute_change,1,True,138,2,0.014285714285714285,138,28344.88556334458,2015-03-31,2026-08-31,False,False,False,False,PASS
zinc_cash_usd_per_ton_pct_change_1m,zinc_cash_usd_per_ton,other_metals,daily,pct_change,1,True,138,2,0.014285714285714285,138,0.003441205557591467,2015-03-31,2026-08-31,False,False,False,False,PASS
zinc_stock_ton_change_1m,zinc_stock_ton,other_metals,daily,absolute_change,1,True,138,2,0.014285714285714285,137,1042137174.1775098,2015-03-31,2026-08-31,False,False,False,False,PASS
zinc_stock_ton_pct_change_1m,zinc_stock_ton,other_metals,daily,pct_change,1,True,138,2,0.014285714285714285,138,0.07445949222777129,2015-03-31,2026-08-31,False,False,False,False,PASS
palladium_usd_per_troy_ounce_change_1m,palladium_usd_per_troy_ounce,other_metals,daily,absolute_change,1,True,138,2,0.014285714285714285,138,14365.482021080476,2015-03-31,2026-08-31,False,False,False,False,PASS
palladium_usd_per_troy_ounce_pct_change_1m,palladium_usd_per_troy_ounce,other_metals,daily,pct_change,1,True,138,2,0.014285714285714285,138,0.005481496127282335,2015-03-31,2026-08-31,False,False,False,False,PASS
coal_australia_usd_per_ton_change_1m,coal_australia_usd_per_ton,commodities,monthly,absolute_change,1,True,138,2,0.014285714285714285,124,381.8748444938115,2015-03-31,2026-08-31,False,False,False,False,PASS
coal_australia_usd_per_ton_pct_change_1m,coal_australia_usd_per_ton,commodities,monthly,pct_change,1,True,138,2,0.014285714285714285,137,0.010433215726848206,2015-03-31,2026-08-31,False,False,False,False,PASS
gold_usd_per_troy_ounce_change_1m,gold_usd_per_troy_ounce,commodities,monthly,absolute_change,1,True,138,2,0.014285714285714285,105,8428.803977573256,2015-03-31,2026-08-31,False,False,False,False,PASS
gold_usd_per_troy_ounce_pct_change_1m,gold_usd_per_troy_ounce,commodities,monthly,pct_change,1,True,138,2,0.014285714285714285,136,0.001224259092512267,2015-03-31,2026-08-31,False,False,False,False,PASS
iron_ore_usd_per_dmtu_change_1m,iron_ore_usd_per_dmtu,commodities,monthly,absolute_change,1,True,138,2,0.014285714285714285,129,107.07093621072676,2015-03-31,2026-08-31,False,False,False,False,PASS
iron_ore_usd_per_dmtu_pct_change_1m,iron_ore_usd_per_dmtu,commodities,monthly,pct_change,1,True,138,2,0.014285714285714285,138,0.00879413166368704,2015-03-31,2026-08-31,False,False,False,False,PASS
platinum_usd_per_troy_ounce_change_1m,platinum_usd_per_troy_ounce,commodities,monthly,absolute_change,1,True,138,2,0.014285714285714285,92,7475.311118163547,2015-03-31,2026-08-31,False,False,False,False,PASS
platinum_usd_per_troy_ounce_pct_change_1m,platinum_usd_per_troy_ounce,commodities,monthly,pct_change,1,True,138,2,0.014285714285714285,138,0.004344548036215282,2015-03-31,2026-08-31,False,False,False,False,PASS
silver_usd_per_troy_ounce_change_1m,silver_usd_per_troy_ounce,commodities,monthly,absolute_change,1,True,138,2,0.014285714285714285,75,11.759267957262246,2015-03-31,2026-08-31,False,False,False,False,PASS
silver_usd_per_troy_ounce_pct_change_1m,silver_usd_per_troy_ounce,commodities,monthly,pct_change,1,True,138,2,0.014285714285714285,133,0.006018775335556648,2015-03-31,2026-08-31,False,False,False,False,PASS
wti_usd_per_barrel_change_1m,wti_usd_per_barrel,commodities,monthly,absolute_change,1,True,138,2,0.014285714285714285,113,37.70308949539828,2015-03-31,2026-08-31,False,False,False,False,PASS
wti_usd_per_barrel_pct_change_1m,wti_usd_per_barrel,commodities,monthly,pct_change,1,True,138,2,0.014285714285714285,138,0.014685136092638532,2015-03-31,2026-08-31,False,False,False,False,PASS
china_ppi_yoy_pct_lag_1,china_ppi_yoy_pct,china,monthly,lag,1,True,138,2,0.014285714285714285,82,20.698049296519624,2015-02-28,2026-07-31,False,False,False,False,PASS
brent_oil_usd_change_1m,brent_oil_usd,macro_fred,monthly,absolute_change,1,True,138,2,0.014285714285714285,138,37.35272418711019,2015-03-31,2026-08-31,False,False,False,False,PASS
brent_oil_usd_pct_change_1m,brent_oil_usd,macro_fred,monthly,pct_change,1,True,138,2,0.014285714285714285,138,0.009006166142441853,2015-03-31,2026-08-31,False,False,False,False,PASS
dollar_index_change_1m,dollar_index,macro_fred,monthly,absolute_change,1,True,138,2,0.014285714285714285,138,2.033257387718944,2015-03-31,2026-08-31,False,False,False,False,PASS
dollar_index_pct_change_1m,dollar_index,macro_fred,monthly,pct_change,1,True,138,2,0.014285714285714285,138,0.00014882430105721115,2015-03-31,2026-08-31,False,False,False,False,PASS
eur_usd_change_1m,eur_usd,macro_fred,monthly,absolute_change,1,True,138,2,0.014285714285714285,138,0.00033913374174292357,2015-03-31,2026-08-31,False,False,False,False,PASS
eur_usd_pct_change_1m,eur_usd,macro_fred,monthly,pct_change,1,True,138,2,0.014285714285714285,138,0.00027527766537426023,2015-03-31,2026-08-31,False,False,False,False,PASS
euro_area_hicp_change_1m,euro_area_hicp,macro_fred,monthly,absolute_change,1,True,138,2,0.014285714285714285,107,0.2009682005712472,2015-03-31,2026-08-31,False,False,False,False,PASS
euro_area_hicp_pct_change_1m,euro_area_hicp,macro_fred,monthly,pct_change,1,True,138,2,0.014285714285714285,138,2.6976736319055092e-05,2015-03-31,2026-08-31,False,False,False,False,PASS
fed_interest_rate_change_1m,fed_interest_rate,macro_fred,monthly,absolute_change,1,True,138,2,0.014285714285714285,57,0.030511054691632282,2015-03-31,2026-08-31,False,False,False,False,PASS
fed_interest_rate_pct_change_1m,fed_interest_rate,macro_fred,monthly,pct_change,1,True,138,2,0.014285714285714285,86,0.05985603000669023,2015-03-31,2026-08-31,False,False,False,False,PASS
germany_10y_bund_yield_lag_1,germany_10y_bund_yield,macro_fred,monthly,lag,1,True,138,2,0.014285714285714285,137,1.44863652524192,2015-02-28,2026-07-31,False,False,False,False,PASS
germany_manufacturing_order_books_lag_1,germany_manufacturing_order_books,macro_fred,monthly,lag,1,True,138,2,0.014285714285714285,123,482.62137363799854,2015-02-28,2026-07-31,False,False,False,False,PASS
india_10y_yield_lag_1,india_10y_yield,macro_fred,monthly,lag,1,True,138,2,0.014285714285714285,137,0.29658684778556194,2015-02-28,2026-07-31,False,False,False,False,PASS
india_call_money_rate_lag_1,india_call_money_rate,macro_fred,monthly,lag,1,True,138,2,0.014285714285714285,28,1.341239982016291,2015-02-28,2026-07-31,False,False,False,False,PASS
indonesia_call_money_rate_lag_1,indonesia_call_money_rate,macro_fred,monthly,lag,1,True,138,2,0.014285714285714285,96,1.970354793265355,2015-02-28,2026-07-31,False,False,False,False,PASS
indonesia_exports_lag_1,indonesia_exports,macro_fred,monthly,lag,1,True,138,2,0.014285714285714285,138,2.234576468361996e+19,2015-02-28,2026-07-31,False,False,False,False,PASS
indonesia_reer_change_1m,indonesia_reer,macro_fred,monthly,absolute_change,1,True,138,2,0.014285714285714285,138,2.6617066064528956,2015-03-31,2026-08-31,False,False,False,False,PASS
indonesia_reer_pct_change_1m,indonesia_reer,macro_fred,monthly,pct_change,1,True,138,2,0.014285714285714285,138,0.0002544010764574493,2015-03-31,2026-08-31,False,False,False,False,PASS
japan_10y_yield_lag_1,japan_10y_yield,macro_fred,monthly,lag,1,True,138,2,0.014285714285714285,106,0.42240559214006135,2015-02-28,2026-07-31,False,False,False,False,PASS
korea_10y_yield_lag_1,korea_10y_yield,macro_fred,monthly,lag,1,True,138,2,0.014285714285714285,138,0.5901206751824817,2015-02-28,2026-07-31,False,False,False,False,PASS
korea_call_money_rate_lag_1,korea_call_money_rate,macro_fred,monthly,lag,1,True,138,2,0.014285714285714285,86,0.9373903944250502,2015-02-28,2026-07-31,False,False,False,False,PASS
korea_exports_lag_1,korea_exports,macro_fred,monthly,lag,1,True,138,2,0.014285714285714285,138,9.774466366754123e+19,2015-02-28,2026-07-31,False,False,False,False,PASS
m2_money_supply_change_1m,m2_money_supply,macro_fred,monthly,absolute_change,1,True,138,2,0.014285714285714285,137,19462.69544060089,2015-03-31,2026-08-31,False,False,False,False,PASS
m2_money_supply_pct_change_1m,m2_money_supply,macro_fred,monthly,pct_change,1,True,138,2,0.014285714285714285,138,6.601171687183715e-05,2015-03-31,2026-08-31,False,False,False,False,PASS
natural_gas_usd_change_1m,natural_gas_usd,macro_fred,monthly,absolute_change,1,True,138,2,0.014285714285714285,138,0.6108252855156899,2015-03-31,2026-08-31,False,False,False,False,PASS
natural_gas_usd_pct_change_1m,natural_gas_usd,macro_fred,monthly,pct_change,1,True,138,2,0.014285714285714285,138,0.03757846252251883,2015-03-31,2026-08-31,False,False,False,False,PASS
us_10y_2y_spread_change_1m,us_10y_2y_spread,macro_fred,monthly,absolute_change,1,True,138,2,0.014285714285714285,68,0.013611387919179088,2015-03-31,2026-08-31,False,False,False,False,PASS
us_10y_2y_spread_pct_change_1m,us_10y_2y_spread,macro_fred,monthly,pct_change,1,True,138,2,0.014285714285714285,123,0.18374073525792534,2015-03-31,2026-08-31,False,False,False,False,PASS
us_10y_treasury_yield_change_1m,us_10y_treasury_yield,macro_fred,monthly,absolute_change,1,True,138,2,0.014285714285714285,95,0.03737071829048979,2015-03-31,2026-08-31,False,False,False,False,PASS
us_10y_treasury_yield_pct_change_1m,us_10y_treasury_yield,macro_fred,monthly,pct_change,1,True,138,2,0.014285714285714285,131,0.008237078574270074,2015-03-31,2026-08-31,False,False,False,False,PASS
us_2y_yield_change_1m,us_2y_yield,macro_fred,monthly,absolute_change,1,True,138,2,0.014285714285714285,104,0.03954671003914101,2015-03-31,2026-08-31,False,False,False,False,PASS
us_2y_yield_pct_change_1m,us_2y_yield,macro_fred,monthly,pct_change,1,True,138,2,0.014285714285714285,131,0.02191125838710605,2015-03-31,2026-08-31,False,False,False,False,PASS
us_cpi_index_lag_1,us_cpi_index,macro_fred,monthly,lag,1,True,138,2,0.014285714285714285,138,1001.5435902073942,2015-02-28,2026-08-31,False,False,False,False,PASS
us_housing_starts_change_1m,us_housing_starts,macro_fred,monthly,absolute_change,1,True,138,2,0.014285714285714285,122,14039.942663704645,2015-03-31,2026-08-31,False,False,False,False,PASS
us_housing_starts_pct_change_1m,us_housing_starts,macro_fred,monthly,pct_change,1,True,138,2,0.014285714285714285,138,0.008228732341017902,2015-03-31,2026-08-31,False,False,False,False,PASS
us_industrial_production_change_1m,us_industrial_production,macro_fred,monthly,absolute_change,1,True,138,2,0.014285714285714285,138,2.0718988863133383,2015-03-31,2026-08-31,False,False,False,False,PASS
us_industrial_production_pct_change_1m,us_industrial_production,macro_fred,monthly,pct_change,1,True,138,2,0.014285714285714285,138,0.0002243587590849209,2015-03-31,2026-08-31,False,False,False,False,PASS
us_ppi_change_1m,us_ppi,macro_fred,monthly,absolute_change,1,True,138,2,0.014285714285714285,116,7.745306453453919,2015-03-31,2026-08-31,False,False,False,False,PASS
us_ppi_pct_change_1m,us_ppi,macro_fred,monthly,pct_change,1,True,138,2,0.014285714285714285,137,0.00013768875363757272,2015-03-31,2026-08-31,False,False,False,False,PASS
usd_cny_change_1m,usd_cny,macro_fred,monthly,absolute_change,1,True,138,2,0.014285714285714285,138,0.005887093765595857,2015-03-31,2026-08-31,False,False,False,False,PASS
usd_cny_pct_change_1m,usd_cny,macro_fred,monthly,pct_change,1,True,138,2,0.014285714285714285,138,0.00012894472584634768,2015-03-31,2026-08-31,False,False,False,False,PASS
usd_gbp_change_1m,usd_gbp,macro_fred,monthly,absolute_change,1,True,138,2,0.014285714285714285,138,0.0006338489704902668,2015-03-31,2026-08-31,False,False,False,False,PASS
usd_gbp_pct_change_1m,usd_gbp,macro_fred,monthly,pct_change,1,True,138,2,0.014285714285714285,138,0.00036420721536388283,2015-03-31,2026-08-31,False,False,False,False,PASS
usd_idr_change_1m,usd_idr,macro_fred,monthly,absolute_change,1,True,138,2,0.014285714285714285,138,73657.71225408444,2015-03-31,2026-08-31,False,False,False,False,PASS
usd_idr_pct_change_1m,usd_idr,macro_fred,monthly,pct_change,1,True,138,2,0.014285714285714285,138,0.00034517139071705313,2015-03-31,2026-08-31,False,False,False,False,PASS
usd_inr_change_1m,usd_inr,macro_fred,monthly,absolute_change,1,True,138,2,0.014285714285714285,138,0.7152260541915707,2015-03-31,2026-08-31,False,False,False,False,PASS
usd_inr_pct_change_1m,usd_inr,macro_fred,monthly,pct_change,1,True,138,2,0.014285714285714285,138,0.00013333146491920794,2015-03-31,2026-08-31,False,False,False,False,PASS
usd_jpy_change_1m,usd_jpy,macro_fred,monthly,absolute_change,1,True,138,2,0.014285714285714285,138,7.574629159153471,2015-03-31,2026-08-31,False,False,False,False,PASS
usd_jpy_pct_change_1m,usd_jpy,macro_fred,monthly,pct_change,1,True,138,2,0.014285714285714285,138,0.0004448170724191819,2015-03-31,2026-08-31,False,False,False,False,PASS
usd_krw_change_1m,usd_krw,macro_fred,monthly,absolute_change,1,True,138,2,0.014285714285714285,138,553.2334525329507,2015-03-31,2026-08-31,False,False,False,False,PASS
usd_krw_pct_change_1m,usd_krw,macro_fred,monthly,pct_change,1,True,138,2,0.014285714285714285,138,0.0003431763024563358,2015-03-31,2026-08-31,False,False,False,False,PASS
vix_index_change_1m,vix_index,macro_fred,monthly,absolute_change,1,True,138,2,0.014285714285714285,138,24.117603374483988,2015-03-31,2026-08-31,False,False,False,False,PASS
vix_index_pct_change_1m,vix_index,macro_fred,monthly,pct_change,1,True,138,2,0.014285714285714285,138,0.06239074296053052,2015-03-31,2026-08-31,False,False,False,False,PASS
boj_call_rate_change_1m,boj_call_rate,global_macro,monthly,absolute_change,1,True,138,2,0.014285714285714285,138,0.0010919833929011237,2015-03-31,2026-08-31,False,False,False,False,PASS
boj_call_rate_pct_change_1m,boj_call_rate,global_macro,monthly,pct_change,1,True,138,2,0.014285714285714285,138,1.5291520266594518,2015-03-31,2026-08-31,False,False,False,False,PASS
drc_inflation_mom_lag_1,drc_inflation_mom,global_macro,monthly,lag,1,True,138,2,0.014285714285714285,133,1.8321434907965728,2015-02-28,2026-07-31,False,False,False,False,PASS
ecb_policy_rate_change_1m,ecb_policy_rate,global_macro,monthly,absolute_change,1,True,138,2,0.014285714285714285,6,0.021173833703586175,2015-03-31,2026-08-31,False,False,False,False,PASS
euro_area_construction_output_lag_1,euro_area_construction_output,global_macro,monthly,lag,1,True,138,2,0.014285714285714285,75,18.475360203110128,2015-02-28,2026-07-31,False,False,False,False,PASS
euro_area_copper_production_ppi_lag_1,euro_area_copper_production_ppi,global_macro,monthly,lag,1,True,138,2,0.014285714285714285,117,451.56972812863637,2015-02-28,2026-07-31,False,False,False,False,PASS
euro_area_industrial_production_lag_1,euro_area_industrial_production,global_macro,monthly,lag,1,True,138,2,0.014285714285714285,77,13.960226912091397,2015-02-28,2026-07-31,False,False,False,False,PASS
euro_area_ppi_lag_1,euro_area_ppi,global_macro,monthly,lag,1,True,138,2,0.014285714285714285,97,250.2702850946789,2015-02-28,2026-07-31,False,False,False,False,PASS
indonesia_inflation_mom_change_1m,indonesia_inflation_mom,global_macro,monthly,absolute_change,1,True,138,2,0.014285714285714285,103,0.19281552946154656,2015-03-31,2026-08-31,False,False,False,False,PASS
indonesia_inflation_mom_pct_change_1m,indonesia_inflation_mom,global_macro,monthly,pct_change,1,True,138,2,0.014285714285714285,133,15.860266206164917,2015-03-31,2026-08-31,False,False,False,False,PASS
japan_cpi_change_1m,japan_cpi,global_macro,monthly,absolute_change,1,True,138,2,0.014285714285714285,22,0.07062308261927441,2015-03-31,2026-08-31,False,False,False,False,PASS
japan_cpi_pct_change_1m,japan_cpi,global_macro,monthly,pct_change,1,True,138,2,0.014285714285714285,110,8.138285344550084e-06,2015-03-31,2026-08-31,False,False,False,False,PASS
japan_industrial_production_lag_1,japan_industrial_production,global_macro,monthly,lag,1,True,138,2,0.014285714285714285,99,32.78065376071088,2015-02-28,2026-07-31,False,False,False,False,PASS
japan_ppi_change_1m,japan_ppi,global_macro,monthly,absolute_change,1,True,138,2,0.014285714285714285,43,0.36626097535174,2015-03-31,2026-08-31,False,False,False,False,PASS
japan_ppi_pct_change_1m,japan_ppi,global_macro,monthly,pct_change,1,True,138,2,0.014285714285714285,123,2.8985088782533227e-05,2015-03-31,2026-08-31,False,False,False,False,PASS
usd_cdf_change_1m,usd_cdf,global_macro,monthly,absolute_change,1,True,138,2,0.014285714285714285,138,2842.1330165061645,2015-03-31,2026-08-31,False,False,False,False,PASS
usd_cdf_pct_change_1m,usd_cdf,global_macro,monthly,pct_change,1,True,138,2,0.014285714285714285,138,0.0005480987350074619,2015-03-31,2026-08-31,False,False,False,False,PASS
g20_composite_leading_indicator_lag_1,g20_composite_leading_indicator,leading_indicators,monthly,lag,1,True,138,2,0.014285714285714285,138,2.0560456007610544,2015-02-28,2026-07-31,False,False,False,False,PASS
turkey_capacity_basic_metals_percent_change_1m,turkey_capacity_basic_metals_percent,turkey,monthly,absolute_change,1,True,138,2,0.014285714285714285,138,2.693383291072605,2015-03-31,2026-08-31,False,False,False,False,PASS
turkey_capacity_basic_metals_percent_pct_change_1m,turkey_capacity_basic_metals_percent,turkey,monthly,pct_change,1,True,138,2,0.014285714285714285,138,0.00047089344327814434,2015-03-31,2026-08-31,False,False,False,False,PASS
turkey_capacity_electrical_equipment_percent_change_1m,turkey_capacity_electrical_equipment_percent,turkey,monthly,absolute_change,1,True,138,2,0.014285714285714285,138,6.962943106424458,2015-03-31,2026-08-31,False,False,False,False,PASS
turkey_capacity_electrical_equipment_percent_pct_change_1m,turkey_capacity_electrical_equipment_percent,turkey,monthly,pct_change,1,True,138,2,0.014285714285714285,138,0.0014895099678691789,2015-03-31,2026-08-31,False,False,False,False,PASS
turkey_capacity_fabricated_metals_percent_change_1m,turkey_capacity_fabricated_metals_percent,turkey,monthly,absolute_change,1,True,138,2,0.014285714285714285,138,2.531787832663089,2015-03-31,2026-08-31,False,False,False,False,PASS
turkey_capacity_fabricated_metals_percent_pct_change_1m,turkey_capacity_fabricated_metals_percent,turkey,monthly,pct_change,1,True,138,2,0.014285714285714285,138,0.0005067218993378482,2015-03-31,2026-08-31,False,False,False,False,PASS
turkey_capacity_intermediate_goods_percent_change_1m,turkey_capacity_intermediate_goods_percent,turkey,monthly,absolute_change,1,True,138,2,0.014285714285714285,49,1.772063895059769,2015-03-31,2026-08-31,False,False,False,False,PASS
turkey_capacity_intermediate_goods_percent_pct_change_1m,turkey_capacity_intermediate_goods_percent,turkey,monthly,pct_change,1,True,138,2,0.014285714285714285,127,0.00032385347007412375,2015-03-31,2026-08-31,False,False,False,False,PASS
turkey_capacity_investment_goods_percent_change_1m,turkey_capacity_investment_goods_percent,turkey,monthly,absolute_change,1,True,138,2,0.014285714285714285,78,9.447378081032475,2015-03-31,2026-08-31,False,False,False,False,PASS
turkey_capacity_investment_goods_percent_pct_change_1m,turkey_capacity_investment_goods_percent,turkey,monthly,pct_change,1,True,138,2,0.014285714285714285,132,0.00190425804642711,2015-03-31,2026-08-31,False,False,False,False,PASS
turkey_capacity_machinery_percent_change_1m,turkey_capacity_machinery_percent,turkey,monthly,absolute_change,1,True,138,2,0.014285714285714285,138,5.791773251117228,2015-03-31,2026-08-31,False,False,False,False,PASS
turkey_capacity_machinery_percent_pct_change_1m,turkey_capacity_machinery_percent,turkey,monthly,pct_change,1,True,138,2,0.014285714285714285,138,0.0011813226914913087,2015-03-31,2026-08-31,False,False,False,False,PASS
turkey_capacity_motor_vehicles_percent_change_1m,turkey_capacity_motor_vehicles_percent,turkey,monthly,absolute_change,1,True,138,2,0.014285714285714285,138,28.984983467985366,2015-03-31,2026-08-31,False,False,False,False,PASS
turkey_capacity_motor_vehicles_percent_pct_change_1m,turkey_capacity_motor_vehicles_percent,turkey,monthly,pct_change,1,True,138,2,0.014285714285714285,138,0.0064508947528125506,2015-03-31,2026-08-31,False,False,False,False,PASS
turkey_consumer_confidence_index_change_1m,turkey_consumer_confidence_index,turkey,monthly,absolute_change,1,True,138,2,0.014285714285714285,138,8.560064513923676,2015-03-31,2026-08-31,False,False,False,False,PASS
turkey_consumer_confidence_index_pct_change_1m,turkey_consumer_confidence_index,turkey,monthly,pct_change,1,True,138,2,0.014285714285714285,138,0.0013055731681632992,2015-03-31,2026-08-31,False,False,False,False,PASS
turkey_cpi_index_change_1m,turkey_cpi_index,turkey,monthly,absolute_change,1,True,138,2,0.014285714285714285,137,1.3888553422144032,2015-03-31,2026-08-31,False,False,False,False,PASS
turkey_cpi_index_pct_change_1m,turkey_cpi_index,turkey,monthly,pct_change,1,True,138,2,0.014285714285714285,138,0.00047092120643129395,2015-03-31,2026-08-31,False,False,False,False,PASS
turkey_domestic_ppi_index_change_1m,turkey_domestic_ppi_index,turkey,monthly,absolute_change,1,True,138,2,0.014285714285714285,136,2347.496353120703,2015-03-31,2026-08-31,False,False,False,False,PASS
turkey_domestic_ppi_index_pct_change_1m,turkey_domestic_ppi_index,turkey,monthly,pct_change,1,True,138,2,0.014285714285714285,138,0.0007828116746115456,2015-03-31,2026-08-31,False,False,False,False,PASS
turkey_eur_try_monthly_average_change_1m,turkey_eur_try_monthly_average,turkey,monthly,absolute_change,1,True,138,2,0.014285714285714285,138,0.5393348204684809,2015-03-31,2026-08-31,False,False,False,False,PASS
turkey_eur_try_monthly_average_pct_change_1m,turkey_eur_try_monthly_average,turkey,monthly,pct_change,1,True,138,2,0.014285714285714285,138,0.002059020623868495,2015-03-31,2026-08-31,False,False,False,False,PASS
turkey_exports_usd_change_1m,turkey_exports_usd,turkey,monthly,absolute_change,1,True,138,2,0.014285714285714285,138,5.282643787166919e+18,2015-03-31,2026-08-31,False,False,False,False,PASS
turkey_exports_usd_pct_change_1m,turkey_exports_usd,turkey,monthly,pct_change,1,True,138,2,0.014285714285714285,138,0.017766798031597072,2015-03-31,2026-08-31,False,False,False,False,PASS
turkey_foreign_trade_balance_usd_change_1m,turkey_foreign_trade_balance_usd,turkey,monthly,absolute_change,1,True,138,2,0.014285714285714285,138,4.526116787286333e+18,2015-03-31,2026-08-31,False,False,False,False,PASS
turkey_foreign_trade_balance_usd_pct_change_1m,turkey_foreign_trade_balance_usd,turkey,monthly,pct_change,1,True,138,2,0.014285714285714285,138,4.330405691121576,2015-03-31,2026-08-31,False,False,False,False,PASS
turkey_imports_usd_change_1m,turkey_imports_usd,turkey,monthly,absolute_change,1,True,138,2,0.014285714285714285,138,7.267814172067512e+18,2015-03-31,2026-08-31,False,False,False,False,PASS
turkey_imports_usd_pct_change_1m,turkey_imports_usd,turkey,monthly,pct_change,1,True,138,2,0.014285714285714285,138,0.013064608586709825,2015-03-31,2026-08-31,False,False,False,False,PASS
turkey_manufacturing_capacity_utilization_percent_change_1m,turkey_manufacturing_capacity_utilization_percent,turkey,monthly,absolute_change,1,True,138,2,0.014285714285714285,51,2.2131688352903836,2015-03-31,2026-08-31,False,False,False,False,PASS
turkey_manufacturing_capacity_utilization_percent_pct_change_1m,turkey_manufacturing_capacity_utilization_percent,turkey,monthly,pct_change,1,True,138,2,0.014285714285714285,127,0.0003982404733017496,2015-03-31,2026-08-31,False,False,False,False,PASS
turkey_ppi_basic_metals_index_change_1m,turkey_ppi_basic_metals_index,turkey,monthly,absolute_change,1,True,138,2,0.014285714285714285,138,7186.482086110232,2015-03-31,2026-08-31,False,False,False,False,PASS
turkey_ppi_basic_metals_index_pct_change_1m,turkey_ppi_basic_metals_index,turkey,monthly,pct_change,1,True,138,2,0.014285714285714285,138,0.001615480619187668,2015-03-31,2026-08-31,False,False,False,False,PASS
turkey_ppi_electrical_equipment_index_change_1m,turkey_ppi_electrical_equipment_index,turkey,monthly,absolute_change,1,True,138,2,0.014285714285714285,137,2152.8448889664655,2015-03-31,2026-08-31,False,False,False,False,PASS
turkey_ppi_electrical_equipment_index_pct_change_1m,turkey_ppi_electrical_equipment_index,turkey,monthly,pct_change,1,True,138,2,0.014285714285714285,138,0.0006980595247803408,2015-03-31,2026-08-31,False,False,False,False,PASS
turkey_ppi_household_appliances_index_change_1m,turkey_ppi_household_appliances_index,turkey,monthly,absolute_change,1,True,138,2,0.014285714285714285,137,1351.5094785570711,2015-03-31,2026-08-31,False,False,False,False,PASS
turkey_ppi_household_appliances_index_pct_change_1m,turkey_ppi_household_appliances_index,turkey,monthly,pct_change,1,True,138,2,0.014285714285714285,138,0.0006947435355723139,2015-03-31,2026-08-31,False,False,False,False,PASS
turkey_ppi_metal_ores_index_change_1m,turkey_ppi_metal_ores_index,turkey,monthly,absolute_change,1,True,138,2,0.014285714285714285,138,111766.29434560468,2015-03-31,2026-08-31,False,False,False,False,PASS
turkey_ppi_metal_ores_index_pct_change_1m,turkey_ppi_metal_ores_index,turkey,monthly,pct_change,1,True,138,2,0.014285714285714285,138,0.0015853722257999192,2015-03-31,2026-08-31,False,False,False,False,PASS
turkey_ppi_motor_vehicles_index_change_1m,turkey_ppi_motor_vehicles_index,turkey,monthly,absolute_change,1,True,138,2,0.014285714285714285,138,970.6350678779227,2015-03-31,2026-08-31,False,False,False,False,PASS
turkey_ppi_motor_vehicles_index_pct_change_1m,turkey_ppi_motor_vehicles_index,turkey,monthly,pct_change,1,True,138,2,0.014285714285714285,138,0.000583523149582709,2015-03-31,2026-08-31,False,False,False,False,PASS
turkey_ppi_nonferrous_metal_ores_index_change_1m,turkey_ppi_nonferrous_metal_ores_index,turkey,monthly,absolute_change,1,True,138,2,0.014285714285714285,138,289992.8764616153,2015-03-31,2026-08-31,False,False,False,False,PASS
turkey_ppi_nonferrous_metal_ores_index_pct_change_1m,turkey_ppi_nonferrous_metal_ores_index,turkey,monthly,pct_change,1,True,138,2,0.014285714285714285,138,0.0020306422834022544,2015-03-31,2026-08-31,False,False,False,False,PASS
turkey_ppi_nonferrous_metals_index_change_1m,turkey_ppi_nonferrous_metals_index,turkey,monthly,absolute_change,1,True,138,2,0.014285714285714285,138,63854.484517973106,2015-03-31,2026-08-31,False,False,False,False,PASS
turkey_ppi_nonferrous_metals_index_pct_change_1m,turkey_ppi_nonferrous_metals_index,turkey,monthly,pct_change,1,True,138,2,0.014285714285714285,138,0.002154993990206079,2015-03-31,2026-08-31,False,False,False,False,PASS
turkey_ppi_wire_cable_index_change_1m,turkey_ppi_wire_cable_index,turkey,monthly,absolute_change,1,True,138,2,0.014285714285714285,138,16807.130090934083,2015-03-31,2026-08-31,False,False,False,False,PASS
turkey_ppi_wire_cable_index_pct_change_1m,turkey_ppi_wire_cable_index,turkey,monthly,pct_change,1,True,138,2,0.014285714285714285,138,0.0013328012808280785,2015-03-31,2026-08-31,False,False,False,False,PASS
turkey_real_sector_confidence_index_change_1m,turkey_real_sector_confidence_index,turkey,monthly,absolute_change,1,True,138,2,0.014285714285714285,87,19.077889029937587,2015-03-31,2026-08-31,False,False,False,False,PASS
turkey_real_sector_confidence_index_pct_change_1m,turkey_real_sector_confidence_index,turkey,monthly,pct_change,1,True,138,2,0.014285714285714285,137,0.002236007832906513,2015-03-31,2026-08-31,False,False,False,False,PASS
turkey_unemployment_rate_percent_change_1m,turkey_unemployment_rate_percent,turkey,monthly,absolute_change,1,True,138,2,0.014285714285714285,31,0.1677245318946366,2015-03-31,2026-08-31,False,False,False,False,PASS
turkey_unemployment_rate_percent_pct_change_1m,turkey_unemployment_rate_percent,turkey,monthly,pct_change,1,True,138,2,0.014285714285714285,109,0.0013816155219118138,2015-03-31,2026-08-31,False,False,False,False,PASS
turkey_usd_try_monthly_average_change_1m,turkey_usd_try_monthly_average,turkey,monthly,absolute_change,1,True,138,2,0.014285714285714285,138,0.3149150167244629,2015-03-31,2026-08-31,False,False,False,False,PASS
turkey_usd_try_monthly_average_pct_change_1m,turkey_usd_try_monthly_average,turkey,monthly,pct_change,1,True,138,2,0.014285714285714285,138,0.002103631164147366,2015-03-31,2026-08-31,False,False,False,False,PASS
global_economic_policy_uncertainty_index_change_1m,global_economic_policy_uncertainty_index,risk,monthly,absolute_change,1,True,138,2,0.014285714285714285,138,2530.5788177050385,2015-03-31,2026-08-31,False,False,False,False,PASS
global_economic_policy_uncertainty_index_pct_change_1m,global_economic_policy_uncertainty_index,risk,monthly,pct_change,1,True,138,2,0.014285714285714285,138,0.04731268294000819,2015-03-31,2026-08-31,False,False,False,False,PASS
global_economic_policy_uncertainty_ppp_index_change_1m,global_economic_policy_uncertainty_ppp_index,risk,monthly,absolute_change,1,True,138,2,0.014285714285714285,138,2541.6473140136277,2015-03-31,2026-08-31,False,False,False,False,PASS
global_economic_policy_uncertainty_ppp_index_pct_change_1m,global_economic_policy_uncertainty_ppp_index,risk,monthly,pct_change,1,True,138,2,0.014285714285714285,138,0.046728054755309875,2015-03-31,2026-08-31,False,False,False,False,PASS
geopolitical_acts_index_change_1m,geopolitical_acts_index,risk,monthly,absolute_change,1,True,138,2,0.014285714285714285,138,2237.276787398254,2015-03-31,2026-08-31,False,False,False,False,PASS
geopolitical_acts_index_pct_change_1m,geopolitical_acts_index,risk,monthly,pct_change,1,True,138,2,0.014285714285714285,138,0.26875455405527965,2015-03-31,2026-08-31,False,False,False,False,PASS
geopolitical_risk_index_change_1m,geopolitical_risk_index,risk,monthly,absolute_change,1,True,138,2,0.014285714285714285,138,1211.8623730839568,2015-03-31,2026-08-31,False,False,False,False,PASS
geopolitical_risk_index_pct_change_1m,geopolitical_risk_index,risk,monthly,pct_change,1,True,138,2,0.014285714285714285,138,0.07686419356695577,2015-03-31,2026-08-31,False,False,False,False,PASS
geopolitical_threats_index_change_1m,geopolitical_threats_index,risk,monthly,absolute_change,1,True,138,2,0.014285714285714285,138,1623.9681658471457,2015-03-31,2026-08-31,False,False,False,False,PASS
geopolitical_threats_index_pct_change_1m,geopolitical_threats_index,risk,monthly,pct_change,1,True,138,2,0.014285714285714285,138,0.07766449140276975,2015-03-31,2026-08-31,False,False,False,False,PASS
baltic_dry_index_change_1m,baltic_dry_index,shipping,daily,absolute_change,1,True,138,2,0.014285714285714285,138,138012.38005008534,2015-03-31,2026-08-31,False,False,False,False,PASS
baltic_dry_index_pct_change_1m,baltic_dry_index,shipping,daily,pct_change,1,True,138,2,0.014285714285714285,138,0.06907280965934337,2015-03-31,2026-08-31,False,False,False,False,PASS
australia_asx200_change_1m,australia_asx200,equities_indices,monthly,absolute_change,1,True,138,2,0.014285714285714285,138,46471.201650274656,2015-03-31,2026-08-31,False,False,False,False,PASS
australia_asx200_pct_change_1m,australia_asx200,equities_indices,monthly,pct_change,1,True,138,2,0.014285714285714285,138,0.001027514491908865,2015-03-31,2026-08-31,False,False,False,False,PASS
canada_tsx_composite_change_1m,canada_tsx_composite,equities_indices,monthly,absolute_change,1,True,138,2,0.014285714285714285,138,357654.10142499197,2015-03-31,2026-08-31,False,False,False,False,PASS
canada_tsx_composite_pct_change_1m,canada_tsx_composite,equities_indices,monthly,pct_change,1,True,138,2,0.014285714285714285,138,0.00101300566983782,2015-03-31,2026-08-31,False,False,False,False,PASS
chile_ipsa_change_1m,chile_ipsa,equities_indices,monthly,absolute_change,1,True,138,2,0.014285714285714285,138,54870.41465504041,2015-03-31,2026-08-31,False,False,False,False,PASS
chile_ipsa_pct_change_1m,chile_ipsa,equities_indices,monthly,pct_change,1,True,138,2,0.014285714285714285,138,0.0016438186102679094,2015-03-31,2026-08-31,False,False,False,False,PASS
china_csi300_change_1m,china_csi300,equities_indices,monthly,absolute_change,1,True,138,2,0.014285714285714285,138,41729.62752463443,2015-03-31,2026-08-31,False,False,False,False,PASS
china_csi300_pct_change_1m,china_csi300,equities_indices,monthly,pct_change,1,True,138,2,0.014285714285714285,138,0.0025999827514574534,2015-03-31,2026-08-31,False,False,False,False,PASS
germany_dax_change_1m,germany_dax,equities_indices,monthly,absolute_change,1,True,138,2,0.014285714285714285,138,373691.1538587498,2015-03-31,2026-08-31,False,False,False,False,PASS
germany_dax_pct_change_1m,germany_dax,equities_indices,monthly,pct_change,1,True,138,2,0.014285714285714285,138,0.0018068319714290189,2015-03-31,2026-08-31,False,False,False,False,PASS
hong_kong_hang_seng_change_1m,hong_kong_hang_seng,equities_indices,monthly,absolute_change,1,True,138,2,0.014285714285714285,138,1266629.0783805111,2015-03-31,2026-08-31,False,False,False,False,PASS
hong_kong_hang_seng_pct_change_1m,hong_kong_hang_seng,equities_indices,monthly,pct_change,1,True,138,2,0.014285714285714285,138,0.002420472787333723,2015-03-31,2026-08-31,False,False,False,False,PASS
india_nifty50_change_1m,india_nifty50,equities_indices,monthly,absolute_change,1,True,138,2,0.014285714285714285,138,288827.4514161656,2015-03-31,2026-08-31,False,False,False,False,PASS
india_nifty50_pct_change_1m,india_nifty50,equities_indices,monthly,pct_change,1,True,138,2,0.014285714285714285,138,0.0013862607715426482,2015-03-31,2026-08-31,False,False,False,False,PASS
indonesia_jakarta_composite_change_1m,indonesia_jakarta_composite,equities_indices,monthly,absolute_change,1,True,138,2,0.014285714285714285,138,59042.416844278305,2015-03-31,2026-08-31,False,False,False,False,PASS
indonesia_jakarta_composite_pct_change_1m,indonesia_jakarta_composite,equities_indices,monthly,pct_change,1,True,138,2,0.014285714285714285,138,0.0014454913827911693,2015-03-31,2026-08-31,False,False,False,False,PASS
japan_nikkei225_change_1m,japan_nikkei225,equities_indices,monthly,absolute_change,1,True,138,2,0.014285714285714285,138,1969677.8069272507,2015-03-31,2026-08-31,False,False,False,False,PASS
japan_nikkei225_pct_change_1m,japan_nikkei225,equities_indices,monthly,pct_change,1,True,138,2,0.014285714285714285,138,0.0018915399964550856,2015-03-31,2026-08-31,False,False,False,False,PASS
peru_bvl_general_change_1m,peru_bvl_general,equities_indices,monthly,absolute_change,1,True,138,2,0.014285714285714285,138,2333095.7073040097,2015-03-31,2026-08-31,False,False,False,False,PASS
peru_bvl_general_pct_change_1m,peru_bvl_general,equities_indices,monthly,pct_change,1,True,138,2,0.014285714285714285,138,0.0035812222977671324,2015-03-31,2026-08-31,False,False,False,False,PASS
poland_wig20_change_1m,poland_wig20,equities_indices,monthly,absolute_change,1,True,138,2,0.014285714285714285,138,11496.384651750901,2015-03-31,2026-08-31,False,False,False,False,PASS
poland_wig20_pct_change_1m,poland_wig20,equities_indices,monthly,pct_change,1,True,138,2,0.014285714285714285,138,0.0026004520054426538,2015-03-31,2026-08-31,False,False,False,False,PASS
south_korea_kospi_change_1m,south_korea_kospi,equities_indices,monthly,absolute_change,1,True,138,2,0.014285714285714285,138,59407.602665349645,2015-03-31,2026-08-31,False,False,False,False,PASS
south_korea_kospi_pct_change_1m,south_korea_kospi,equities_indices,monthly,pct_change,1,True,138,2,0.014285714285714285,138,0.0028942186662205965,2015-03-31,2026-08-31,False,False,False,False,PASS
turkey_bist100_change_1m,turkey_bist100,equities_indices,monthly,absolute_change,1,True,138,2,0.014285714285714285,138,127744.55852125169,2015-03-31,2026-08-31,False,False,False,False,PASS
turkey_bist100_pct_change_1m,turkey_bist100,equities_indices,monthly,pct_change,1,True,138,2,0.014285714285714285,138,0.004497281469694876,2015-03-31,2026-08-31,False,False,False,False,PASS
uk_ftse100_change_1m,uk_ftse100,equities_indices,monthly,absolute_change,1,True,138,2,0.014285714285714285,138,54039.94189486962,2015-03-31,2026-08-31,False,False,False,False,PASS
uk_ftse100_pct_change_1m,uk_ftse100,equities_indices,monthly,pct_change,1,True,138,2,0.014285714285714285,138,0.00101383701476304,2015-03-31,2026-08-31,False,False,False,False,PASS
usa_dow_jones_change_1m,usa_dow_jones,equities_indices,monthly,absolute_change,1,True,138,2,0.014285714285714285,138,1049183.7428808291,2015-03-31,2026-08-31,False,False,False,False,PASS
usa_dow_jones_pct_change_1m,usa_dow_jones,equities_indices,monthly,pct_change,1,True,138,2,0.014285714285714285,138,0.0011482675521700717,2015-03-31,2026-08-31,False,False,False,False,PASS
usa_nasdaq_composite_change_1m,usa_nasdaq_composite,equities_indices,monthly,absolute_change,1,True,138,2,0.014285714285714285,138,336686.77883194183,2015-03-31,2026-08-31,False,False,False,False,PASS
usa_nasdaq_composite_pct_change_1m,usa_nasdaq_composite,equities_indices,monthly,pct_change,1,True,138,2,0.014285714285714285,138,0.0018994769100279824,2015-03-31,2026-08-31,False,False,False,False,PASS
usa_sp500_change_1m,usa_sp500,equities_indices,monthly,absolute_change,1,True,138,2,0.014285714285714285,138,18818.495838206683,2015-03-31,2026-08-31,False,False,False,False,PASS
usa_sp500_pct_change_1m,usa_sp500,equities_indices,monthly,pct_change,1,True,138,2,0.014285714285714285,138,0.0011808382897455318,2015-03-31,2026-08-31,False,False,False,False,PASS
australia_asx200_bhp_change_1m,australia_asx200_bhp,equities_companies,monthly,absolute_change,1,True,138,2,0.014285714285714285,138,4.337720433012199,2015-03-31,2026-08-31,False,False,False,False,PASS
australia_asx200_bhp_pct_change_1m,australia_asx200_bhp,equities_companies,monthly,pct_change,1,True,138,2,0.014285714285714285,138,0.003656543457636273,2015-03-31,2026-08-31,False,False,False,False,PASS
australia_asx200_rio_tinto_change_1m,australia_asx200_rio_tinto,equities_companies,monthly,absolute_change,1,True,138,2,0.014285714285714285,138,35.48245662391354,2015-03-31,2026-08-31,False,False,False,False,PASS
australia_asx200_rio_tinto_pct_change_1m,australia_asx200_rio_tinto,equities_companies,monthly,pct_change,1,True,138,2,0.014285714285714285,138,0.0035098685784967815,2015-03-31,2026-08-31,False,False,False,False,PASS
canada_tsx_composite_capstone_copper_change_1m,canada_tsx_composite_capstone_copper,equities_companies,monthly,absolute_change,1,True,138,2,0.014285714285714285,138,0.45069290200875556,2015-03-31,2026-08-31,False,False,False,False,PASS
canada_tsx_composite_capstone_copper_pct_change_1m,canada_tsx_composite_capstone_copper,equities_companies,monthly,pct_change,1,True,138,2,0.014285714285714285,138,0.021831434213814182,2015-03-31,2026-08-31,False,False,False,False,PASS
canada_tsx_composite_first_quantum_minerals_change_1m,canada_tsx_composite_first_quantum_minerals,equities_companies,monthly,absolute_change,1,True,138,2,0.014285714285714285,138,7.384002740420222,2015-03-31,2026-08-31,False,False,False,False,PASS
canada_tsx_composite_first_quantum_minerals_pct_change_1m,canada_tsx_composite_first_quantum_minerals,equities_companies,monthly,pct_change,1,True,138,2,0.014285714285714285,138,0.02328303136441703,2015-03-31,2026-08-31,False,False,False,False,PASS
canada_tsx_composite_hudbay_minerals_change_1m,canada_tsx_composite_hudbay_minerals,equities_companies,monthly,absolute_change,1,True,138,2,0.014285714285714285,138,2.333022191231543,2015-03-31,2026-08-31,False,False,False,False,PASS
canada_tsx_composite_hudbay_minerals_pct_change_1m,canada_tsx_composite_hudbay_minerals,equities_companies,monthly,pct_change,1,True,138,2,0.014285714285714285,138,0.02056949287311172,2015-03-31,2026-08-31,False,False,False,False,PASS
canada_tsx_composite_lundin_mining_change_1m,canada_tsx_composite_lundin_mining,equities_companies,monthly,absolute_change,1,True,138,2,0.014285714285714285,138,1.4968121944046726,2015-03-31,2026-08-31,False,False,False,False,PASS
canada_tsx_composite_lundin_mining_pct_change_1m,canada_tsx_composite_lundin_mining,equities_companies,monthly,pct_change,1,True,138,2,0.014285714285714285,138,0.009568096783014218,2015-03-31,2026-08-31,False,False,False,False,PASS
canada_tsx_composite_teck_resources_change_1m,canada_tsx_composite_teck_resources,equities_companies,monthly,absolute_change,1,True,138,2,0.014285714285714285,138,14.05465664573416,2015-03-31,2026-08-31,False,False,False,False,PASS
canada_tsx_composite_teck_resources_pct_change_1m,canada_tsx_composite_teck_resources,equities_companies,monthly,pct_change,1,True,138,2,0.014285714285714285,138,0.013955423970243814,2015-03-31,2026-08-31,False,False,False,False,PASS
china_csi300_jiangxi_copper_change_1m,china_csi300_jiangxi_copper,equities_companies,monthly,absolute_change,1,True,138,2,0.014285714285714285,138,6.259436788598609,2015-03-31,2026-08-31,False,False,False,False,PASS
china_csi300_jiangxi_copper_pct_change_1m,china_csi300_jiangxi_copper,equities_companies,monthly,pct_change,1,True,138,2,0.014285714285714285,138,0.008877089424435252,2015-03-31,2026-08-31,False,False,False,False,PASS
germany_dax_aurubis_change_1m,germany_dax_aurubis,equities_companies,monthly,absolute_change,1,True,138,2,0.014285714285714285,138,50.14345091620555,2015-03-31,2026-08-31,False,False,False,False,PASS
germany_dax_aurubis_pct_change_1m,germany_dax_aurubis,equities_companies,monthly,pct_change,1,True,138,2,0.014285714285714285,138,0.007412871995535292,2015-03-31,2026-08-31,False,False,False,False,PASS
hong_kong_hang_seng_zijin_mining_change_1m,hong_kong_hang_seng_zijin_mining,equities_companies,monthly,absolute_change,1,True,138,2,0.014285714285714285,138,1.6442333097028092,2015-03-31,2026-08-31,False,False,False,False,PASS
hong_kong_hang_seng_zijin_mining_pct_change_1m,hong_kong_hang_seng_zijin_mining,equities_companies,monthly,pct_change,1,True,138,2,0.014285714285714285,138,0.010766451925555337,2015-03-31,2026-08-31,False,False,False,False,PASS
poland_wig20_kghm_change_1m,poland_wig20_kghm,equities_companies,monthly,absolute_change,1,True,138,2,0.014285714285714285,138,228.1412412408832,2015-03-31,2026-08-31,False,False,False,False,PASS
poland_wig20_kghm_pct_change_1m,poland_wig20_kghm,equities_companies,monthly,pct_change,1,True,138,2,0.014285714285714285,138,0.011988514849909076,2015-03-31,2026-08-31,False,False,False,False,PASS
uk_ftse100_antofagasta_change_1m,uk_ftse100_antofagasta,equities_companies,monthly,absolute_change,1,True,138,2,0.014285714285714285,138,16050.222892467864,2015-03-31,2026-08-31,False,False,False,False,PASS
uk_ftse100_antofagasta_pct_change_1m,uk_ftse100_antofagasta,equities_companies,monthly,pct_change,1,True,138,2,0.014285714285714285,138,0.007355185200357127,2015-03-31,2026-08-31,False,False,False,False,PASS
uk_ftse100_glencore_change_1m,uk_ftse100_glencore,equities_companies,monthly,absolute_change,1,True,138,2,0.014285714285714285,138,729.7485546559951,2015-03-31,2026-08-31,False,False,False,False,PASS
uk_ftse100_glencore_pct_change_1m,uk_ftse100_glencore,equities_companies,monthly,pct_change,1,True,138,2,0.014285714285714285,138,0.010384000114591767,2015-03-31,2026-08-31,False,False,False,False,PASS
usa_nyse_hecla_mining_change_1m,usa_nyse_hecla_mining,equities_companies,monthly,absolute_change,1,True,138,2,0.014285714285714285,138,1.076033486338393,2015-03-31,2026-08-31,False,False,False,False,PASS
usa_nyse_hecla_mining_pct_change_1m,usa_nyse_hecla_mining,equities_companies,monthly,pct_change,1,True,138,2,0.014285714285714285,138,0.020337323345699557,2015-03-31,2026-08-31,False,False,False,False,PASS
usa_sp500_freeport_mcmoran_change_1m,usa_sp500_freeport_mcmoran,equities_companies,monthly,absolute_change,1,True,138,2,0.014285714285714285,138,9.057640855489902,2015-03-31,2026-08-31,False,False,False,False,PASS
usa_sp500_freeport_mcmoran_pct_change_1m,usa_sp500_freeport_mcmoran,equities_companies,monthly,pct_change,1,True,138,2,0.014285714285714285,138,0.016700957111542132,2015-03-31,2026-08-31,False,False,False,False,PASS
usa_sp500_southern_copper_change_1m,usa_sp500_southern_copper,equities_companies,monthly,absolute_change,1,True,138,2,0.014285714285714285,138,39.64727221186049,2015-03-31,2026-08-31,False,False,False,False,PASS
usa_sp500_southern_copper_pct_change_1m,usa_sp500_southern_copper,equities_companies,monthly,pct_change,1,True,138,2,0.014285714285714285,138,0.006466253619740717,2015-03-31,2026-08-31,False,False,False,False,PASS
peru_diesel_price_index_change_1m,peru_diesel_price_index,peru_cost_drivers,monthly,absolute_change,1,True,138,2,0.014285714285714285,19,14.744790013752246,2015-03-31,2026-08-31,False,False,False,False,PASS
peru_diesel_price_index_pct_change_1m,peru_diesel_price_index,peru_cost_drivers,monthly,pct_change,1,True,138,2,0.014285714285714285,83,0.0016513147255070844,2015-03-31,2026-08-31,False,False,False,False,PASS
peru_formal_private_income_pen_lag_1,peru_formal_private_income_pen,peru_cost_drivers,monthly,lag,1,True,138,2,0.014285714285714285,137,543189.1568734794,2015-02-28,2026-07-31,False,False,False,False,PASS
peru_industrial_electricity_tariff_index_change_1m,peru_industrial_electricity_tariff_index,peru_cost_drivers,monthly,absolute_change,1,True,138,2,0.014285714285714285,18,8.564741351951763,2015-03-31,2026-08-31,False,False,False,False,PASS
peru_industrial_electricity_tariff_index_pct_change_1m,peru_industrial_electricity_tariff_index,peru_cost_drivers,monthly,pct_change,1,True,138,2,0.014285714285714285,84,0.0004193993614983244,2015-03-31,2026-08-31,False,False,False,False,PASS
peru_usd_pen_change_1m,peru_usd_pen,peru_cost_drivers,monthly,absolute_change,1,True,138,2,0.014285714285714285,110,0.0026734824923304763,2015-03-31,2026-08-31,False,False,False,False,PASS
peru_usd_pen_pct_change_1m,peru_usd_pen,peru_cost_drivers,monthly,pct_change,1,True,138,2,0.014285714285714285,137,0.0002033750394468608,2015-03-31,2026-08-31,False,False,False,False,PASS
target_lag_1,cash_settlement_usd_per_ton,target_history,monthly,lag,1,True,139,1,0.007142857142857143,139,4740933.896963667,2015-02-28,2026-08-31,False,False,False,False,PASS
copper_stock_ton_lag_1,copper_stock_ton,copper_market,daily,lag,1,True,139,1,0.007142857142857143,137,7488502572.5289345,2015-02-28,2026-08-31,False,False,False,False,PASS
aluminum_cash_usd_per_ton_lag_1,aluminum_cash_usd_per_ton,other_metals,daily,lag,1,True,139,1,0.007142857142857143,139,251045.72649360163,2015-02-28,2026-08-31,False,False,False,False,PASS
aluminum_stock_ton_lag_1,aluminum_stock_ton,other_metals,daily,lag,1,True,139,1,0.007142857142857143,139,825111388916.7579,2015-02-28,2026-08-31,False,False,False,False,PASS
lead_cash_usd_per_ton_lag_1,lead_cash_usd_per_ton,other_metals,daily,lag,1,True,139,1,0.007142857142857143,138,45164.1875398481,2015-02-28,2026-08-31,False,False,False,False,PASS
lead_stock_ton_lag_1,lead_stock_ton,other_metals,daily,lag,1,True,139,1,0.007142857142857143,135,6405577590.644875,2015-02-28,2026-08-31,False,False,False,False,PASS
nickel_cash_usd_per_ton_lag_1,nickel_cash_usd_per_ton,other_metals,daily,lag,1,True,139,1,0.007142857142857143,139,24439001.448174305,2015-02-28,2026-08-31,False,False,False,False,PASS
nickel_stock_ton_lag_1,nickel_stock_ton,other_metals,daily,lag,1,True,139,1,0.007142857142857143,139,16618937765.772913,2015-02-28,2026-08-31,False,False,False,False,PASS
tin_cash_usd_per_ton_lag_1,tin_cash_usd_per_ton,other_metals,daily,lag,1,True,139,1,0.007142857142857143,139,89003100.73281847,2015-02-28,2026-08-31,False,False,False,False,PASS
tin_stock_ton_lag_1,tin_stock_ton,other_metals,daily,lag,1,True,139,1,0.007142857142857143,134,5374412.485663642,2015-02-28,2026-08-31,False,False,False,False,PASS
zinc_cash_usd_per_ton_lag_1,zinc_cash_usd_per_ton,other_metals,daily,lag,1,True,139,1,0.007142857142857143,139,278567.3007055208,2015-02-28,2026-08-31,False,False,False,False,PASS
zinc_stock_ton_lag_1,zinc_stock_ton,other_metals,daily,lag,1,True,139,1,0.007142857142857143,138,21698318774.567303,2015-02-28,2026-08-31,False,False,False,False,PASS
palladium_usd_per_troy_ounce_lag_1,palladium_usd_per_troy_ounce,other_metals,daily,lag,1,True,139,1,0.007142857142857143,139,374070.292826848,2015-02-28,2026-08-31,False,False,False,False,PASS
coal_australia_usd_per_ton_lag_1,coal_australia_usd_per_ton,commodities,monthly,lag,1,True,139,1,0.007142857142857143,130,6711.425494734648,2015-02-28,2026-08-31,False,False,False,False,PASS
gold_usd_per_troy_ounce_lag_1,gold_usd_per_troy_ounce,commodities,monthly,lag,1,True,139,1,0.007142857142857143,132,812414.0444166408,2015-02-28,2026-08-31,False,False,False,False,PASS
iron_ore_usd_per_dmtu_lag_1,iron_ore_usd_per_dmtu,commodities,monthly,lag,1,True,139,1,0.007142857142857143,130,1139.0518225419667,2015-02-28,2026-08-31,False,False,False,False,PASS
platinum_usd_per_troy_ounce_lag_1,platinum_usd_per_troy_ounce,commodities,monthly,lag,1,True,139,1,0.007142857142857143,117,76867.31550411844,2015-02-28,2026-08-31,False,False,False,False,PASS
silver_usd_per_troy_ounce_lag_1,silver_usd_per_troy_ounce,commodities,monthly,lag,1,True,139,1,0.007142857142857143,96,202.74269002189553,2015-02-28,2026-08-31,False,False,False,False,PASS
wti_usd_per_barrel_lag_1,wti_usd_per_barrel,commodities,monthly,lag,1,True,139,1,0.007142857142857143,125,313.23966948180583,2015-02-28,2026-08-31,False,False,False,False,PASS
brent_oil_usd_lag_1,brent_oil_usd,macro_fred,monthly,lag,1,True,139,1,0.007142857142857143,139,324.3406943588827,2015-02-28,2026-08-31,False,False,False,False,PASS
dollar_index_lag_1,dollar_index,macro_fred,monthly,lag,1,True,139,1,0.007142857142857143,139,27.931639230927402,2015-02-28,2026-08-31,False,False,False,False,PASS
eur_usd_lag_1,eur_usd,macro_fred,monthly,lag,1,True,139,1,0.007142857142857143,137,0.002606847685590239,2015-02-28,2026-08-31,False,False,False,False,PASS
euro_area_hicp_lag_1,euro_area_hicp,macro_fred,monthly,lag,1,True,139,1,0.007142857142857143,132,75.59520051089562,2015-02-28,2026-08-31,False,False,False,False,PASS
fed_interest_rate_lag_1,fed_interest_rate,macro_fred,monthly,lag,1,True,139,1,0.007142857142857143,76,3.6247015222604526,2015-02-28,2026-08-31,False,False,False,False,PASS
indonesia_reer_lag_1,indonesia_reer,macro_fred,monthly,lag,1,True,139,1,0.007142857142857143,139,14.267435997262996,2015-02-28,2026-08-31,False,False,False,False,PASS
m2_money_supply_lag_1,m2_money_supply,macro_fred,monthly,lag,1,True,139,1,0.007142857142857143,139,15066848.728681056,2015-02-28,2026-08-31,False,False,False,False,PASS
natural_gas_usd_lag_1,natural_gas_usd,macro_fred,monthly,lag,1,True,139,1,0.007142857142857143,139,1.8641009303736507,2015-02-28,2026-08-31,False,False,False,False,PASS
us_10y_2y_spread_lag_1,us_10y_2y_spread,macro_fred,monthly,lag,1,True,139,1,0.007142857142857143,97,0.3807008132624335,2015-02-28,2026-08-31,False,False,False,False,PASS
us_10y_treasury_yield_lag_1,us_10y_treasury_yield,macro_fred,monthly,lag,1,True,139,1,0.007142857142857143,111,1.3565379418204566,2015-02-28,2026-08-31,False,False,False,False,PASS
us_2y_yield_lag_1,us_2y_yield,macro_fred,monthly,lag,1,True,139,1,0.007142857142857143,113,2.5396561880930038,2015-02-28,2026-08-31,False,False,False,False,PASS
us_housing_starts_lag_1,us_housing_starts,macro_fred,monthly,lag,1,True,139,1,0.007142857142857143,121,31674.49629861328,2015-02-28,2026-08-31,False,False,False,False,PASS
us_industrial_production_lag_1,us_industrial_production,macro_fred,monthly,lag,1,True,139,1,0.007142857142857143,138,6.833836704762797,2015-02-28,2026-08-31,False,False,False,False,PASS
us_ppi_lag_1,us_ppi,macro_fred,monthly,lag,1,True,139,1,0.007142857142857143,131,1086.4583269591283,2015-02-28,2026-08-31,False,False,False,False,PASS
usd_cny_lag_1,usd_cny,macro_fred,monthly,lag,1,True,139,1,0.007142857142857143,139,0.10105971547405859,2015-02-28,2026-08-31,False,False,False,False,PASS
usd_gbp_lag_1,usd_gbp,macro_fred,monthly,lag,1,True,139,1,0.007142857142857143,139,0.007666177107338382,2015-02-28,2026-08-31,False,False,False,False,PASS
usd_idr_lag_1,usd_idr,macro_fred,monthly,lag,1,True,139,1,0.007142857142857143,139,1423090.9360712408,2015-02-28,2026-08-31,False,False,False,False,PASS
usd_inr_lag_1,usd_inr,macro_fred,monthly,lag,1,True,139,1,0.007142857142857143,139,75.32238345250691,2015-02-28,2026-08-31,False,False,False,False,PASS
usd_jpy_lag_1,usd_jpy,macro_fred,monthly,lag,1,True,139,1,0.007142857142857143,139,345.38263225372583,2015-02-28,2026-08-31,False,False,False,False,PASS
usd_krw_lag_1,usd_krw,macro_fred,monthly,lag,1,True,139,1,0.007142857142857143,139,15022.609562644671,2015-02-28,2026-08-31,False,False,False,False,PASS
vix_index_lag_1,vix_index,macro_fred,monthly,lag,1,True,139,1,0.007142857142857143,138,40.55497731733796,2015-02-28,2026-08-31,False,False,False,False,PASS
boj_call_rate_lag_1,boj_call_rate,global_macro,monthly,lag,1,True,139,1,0.007142857142857143,139,0.04962761664386619,2015-02-28,2026-08-31,False,False,False,False,PASS
ecb_policy_rate_lag_1,ecb_policy_rate,global_macro,monthly,lag,1,True,139,1,0.007142857142857143,12,2.0374244082994473,2015-02-28,2026-08-31,False,False,False,False,PASS
indonesia_inflation_mom_lag_1,indonesia_inflation_mom,global_macro,monthly,lag,1,True,139,1,0.007142857142857143,83,0.1158173078928162,2015-02-28,2026-08-31,False,False,False,False,PASS
japan_cpi_lag_1,japan_cpi,global_macro,monthly,lag,1,True,139,1,0.007142857142857143,74,19.997495568762382,2015-02-28,2026-08-31,False,False,False,False,PASS
japan_ppi_lag_1,japan_ppi,global_macro,monthly,lag,1,True,139,1,0.007142857142857143,93,138.55586904389534,2015-02-28,2026-08-31,False,False,False,False,PASS
usd_cdf_lag_1,usd_cdf,global_macro,monthly,lag,1,True,139,1,0.007142857142857143,139,342929.71172343736,2015-02-28,2026-08-31,False,False,False,False,PASS
turkey_capacity_basic_metals_percent_lag_1,turkey_capacity_basic_metals_percent,turkey,monthly,lag,1,True,139,1,0.007142857142857143,139,7.759461603496057,2015-02-28,2026-08-31,False,False,False,False,PASS
turkey_capacity_electrical_equipment_percent_lag_1,turkey_capacity_electrical_equipment_percent,turkey,monthly,lag,1,True,139,1,0.007142857142857143,139,15.113819021029581,2015-02-28,2026-08-31,False,False,False,False,PASS
turkey_capacity_fabricated_metals_percent_lag_1,turkey_capacity_fabricated_metals_percent,turkey,monthly,lag,1,True,139,1,0.007142857142857143,139,5.866957817685279,2015-02-28,2026-08-31,False,False,False,False,PASS
turkey_capacity_intermediate_goods_percent_lag_1,turkey_capacity_intermediate_goods_percent,turkey,monthly,lag,1,True,139,1,0.007142857142857143,64,6.378202481493065,2015-02-28,2026-08-31,False,False,False,False,PASS
turkey_capacity_investment_goods_percent_lag_1,turkey_capacity_investment_goods_percent,turkey,monthly,lag,1,True,139,1,0.007142857142857143,89,21.013676363257225,2015-02-28,2026-08-31,False,False,False,False,PASS
turkey_capacity_machinery_percent_lag_1,turkey_capacity_machinery_percent,turkey,monthly,lag,1,True,139,1,0.007142857142857143,139,28.35178074447928,2015-02-28,2026-08-31,False,False,False,False,PASS
turkey_capacity_motor_vehicles_percent_lag_1,turkey_capacity_motor_vehicles_percent,turkey,monthly,lag,1,True,139,1,0.007142857142857143,139,41.45305828366749,2015-02-28,2026-08-31,False,False,False,False,PASS
turkey_consumer_confidence_index_lag_1,turkey_consumer_confidence_index,turkey,monthly,lag,1,True,139,1,0.007142857142857143,139,45.9265685395698,2015-02-28,2026-08-31,False,False,False,False,PASS
turkey_cpi_index_lag_1,turkey_cpi_index,turkey,monthly,lag,1,True,139,1,0.007142857142857143,139,1269.3660547684337,2015-02-28,2026-08-31,False,False,False,False,PASS
turkey_domestic_ppi_index_lag_1,turkey_domestic_ppi_index,turkey,monthly,lag,1,True,139,1,0.007142857142857143,139,2637036.2687681257,2015-02-28,2026-08-31,False,False,False,False,PASS
turkey_eur_try_monthly_average_lag_1,turkey_eur_try_monthly_average,turkey,monthly,lag,1,True,139,1,0.007142857142857143,139,248.8785944191265,2015-02-28,2026-08-31,False,False,False,False,PASS
turkey_exports_usd_lag_1,turkey_exports_usd,turkey,monthly,lag,1,True,139,1,0.007142857142857143,139,1.8788690847695843e+19,2015-02-28,2026-08-31,False,False,False,False,PASS
turkey_foreign_trade_balance_usd_lag_1,turkey_foreign_trade_balance_usd,turkey,monthly,lag,1,True,139,1,0.007142857142857143,139,7.651800940230058e+18,2015-02-28,2026-08-31,False,False,False,False,PASS
turkey_imports_usd_lag_1,turkey_imports_usd,turkey,monthly,lag,1,True,139,1,0.007142857142857143,139,3.7479370847978406e+19,2015-02-28,2026-08-31,False,False,False,False,PASS
turkey_manufacturing_capacity_utilization_percent_lag_1,turkey_manufacturing_capacity_utilization_percent,turkey,monthly,lag,1,True,139,1,0.007142857142857143,59,6.02684912939214,2015-02-28,2026-08-31,False,False,False,False,PASS
turkey_ppi_basic_metals_index_lag_1,turkey_ppi_basic_metals_index,turkey,monthly,lag,1,True,139,1,0.007142857142857143,139,5153799.615457939,2015-02-28,2026-08-31,False,False,False,False,PASS
turkey_ppi_electrical_equipment_index_lag_1,turkey_ppi_electrical_equipment_index,turkey,monthly,lag,1,True,139,1,0.007142857142857143,139,2268975.646232145,2015-02-28,2026-08-31,False,False,False,False,PASS
turkey_ppi_household_appliances_index_lag_1,turkey_ppi_household_appliances_index,turkey,monthly,lag,1,True,139,1,0.007142857142857143,139,1266392.2243990197,2015-02-28,2026-08-31,False,False,False,False,PASS
turkey_ppi_metal_ores_index_lag_1,turkey_ppi_metal_ores_index,turkey,monthly,lag,1,True,139,1,0.007142857142857143,139,35738999.58462575,2015-02-28,2026-08-31,False,False,False,False,PASS
turkey_ppi_motor_vehicles_index_lag_1,turkey_ppi_motor_vehicles_index,turkey,monthly,lag,1,True,139,1,0.007142857142857143,139,1137323.1503570955,2015-02-28,2026-08-31,False,False,False,False,PASS
turkey_ppi_nonferrous_metal_ores_index_lag_1,turkey_ppi_nonferrous_metal_ores_index,turkey,monthly,lag,1,True,139,1,0.007142857142857143,139,76606050.55342345,2015-02-28,2026-08-31,False,False,False,False,PASS
turkey_ppi_nonferrous_metals_index_lag_1,turkey_ppi_nonferrous_metals_index,turkey,monthly,lag,1,True,139,1,0.007142857142857143,139,23337487.566100378,2015-02-28,2026-08-31,False,False,False,False,PASS
turkey_ppi_wire_cable_index_lag_1,turkey_ppi_wire_cable_index,turkey,monthly,lag,1,True,139,1,0.007142857142857143,138,8610344.257585883,2015-02-28,2026-08-31,False,False,False,False,PASS
turkey_real_sector_confidence_index_lag_1,turkey_real_sector_confidence_index,turkey,monthly,lag,1,True,139,1,0.007142857142857143,97,39.23341465957669,2015-02-28,2026-08-31,False,False,False,False,PASS
turkey_unemployment_rate_percent_lag_1,turkey_unemployment_rate_percent,turkey,monthly,lag,1,True,139,1,0.007142857142857143,54,3.12051819414034,2015-02-28,2026-08-31,False,False,False,False,PASS
turkey_usd_try_monthly_average_lag_1,turkey_usd_try_monthly_average,turkey,monthly,lag,1,True,139,1,0.007142857142857143,139,196.41145783026508,2015-02-28,2026-08-31,False,False,False,False,PASS
global_economic_policy_uncertainty_index_lag_1,global_economic_policy_uncertainty_index,risk,monthly,lag,1,True,139,1,0.007142857142857143,139,7697.527850822865,2015-02-28,2026-08-31,False,False,False,False,PASS
global_economic_policy_uncertainty_ppp_index_lag_1,global_economic_policy_uncertainty_ppp_index,risk,monthly,lag,1,True,139,1,0.007142857142857143,139,7400.467071703131,2015-02-28,2026-08-31,False,False,False,False,PASS
geopolitical_acts_index_lag_1,geopolitical_acts_index,risk,monthly,lag,1,True,139,1,0.007142857142857143,139,3242.361124753559,2015-02-28,2026-08-31,False,False,False,False,PASS
geopolitical_risk_index_lag_1,geopolitical_risk_index,risk,monthly,lag,1,True,139,1,0.007142857142857143,139,1819.3984462257683,2015-02-28,2026-08-31,False,False,False,False,PASS
geopolitical_threats_index_lag_1,geopolitical_threats_index,risk,monthly,lag,1,True,139,1,0.007142857142857143,139,2619.4922340172398,2015-02-28,2026-08-31,False,False,False,False,PASS
baltic_dry_index_lag_1,baltic_dry_index,shipping,daily,lag,1,True,139,1,0.007142857142857143,139,600222.180136857,2015-02-28,2026-08-31,False,False,False,False,PASS
australia_asx200_lag_1,australia_asx200,equities_indices,monthly,lag,1,True,139,1,0.007142857142857143,139,1209714.29210109,2015-02-28,2026-08-31,False,False,False,False,PASS
canada_tsx_composite_lag_1,canada_tsx_composite,equities_indices,monthly,lag,1,True,139,1,0.007142857142857143,139,27321813.738438506,2015-02-28,2026-08-31,False,False,False,False,PASS
chile_ipsa_lag_1,chile_ipsa,equities_indices,monthly,lag,1,True,139,1,0.007142857142857143,139,3211223.009232548,2015-02-28,2026-08-31,False,False,False,False,PASS
china_csi300_lag_1,china_csi300,equities_indices,monthly,lag,1,True,139,1,0.007142857142857143,139,343062.5980357879,2015-02-28,2026-08-31,False,False,False,False,PASS
germany_dax_lag_1,germany_dax,equities_indices,monthly,lag,1,True,139,1,0.007142857142857143,139,18185785.02979719,2015-02-28,2026-08-31,False,False,False,False,PASS
hong_kong_hang_seng_lag_1,hong_kong_hang_seng,equities_indices,monthly,lag,1,True,139,1,0.007142857142857143,139,14820185.615085924,2015-02-28,2026-08-31,False,False,False,False,PASS
india_nifty50_lag_1,india_nifty50,equities_indices,monthly,lag,1,True,139,1,0.007142857142857143,139,35864007.66729518,2015-02-28,2026-08-31,False,False,False,False,PASS
indonesia_jakarta_composite_lag_1,indonesia_jakarta_composite,equities_indices,monthly,lag,1,True,139,1,0.007142857142857143,139,897947.4663134518,2015-02-28,2026-08-31,False,False,False,False,PASS
japan_nikkei225_lag_1,japan_nikkei225,equities_indices,monthly,lag,1,True,139,1,0.007142857142857143,139,114567558.0037738,2015-02-28,2026-08-31,False,False,False,False,PASS
peru_bvl_general_lag_1,peru_bvl_general,equities_indices,monthly,lag,1,True,139,1,0.007142857142857143,139,94280314.08481482,2015-02-28,2026-08-31,False,False,False,False,PASS
poland_wig20_lag_1,poland_wig20,equities_indices,monthly,lag,1,True,139,1,0.007142857142857143,139,189414.27290360996,2015-02-28,2026-08-31,False,False,False,False,PASS
south_korea_kospi_lag_1,south_korea_kospi,equities_indices,monthly,lag,1,True,139,1,0.007142857142857143,139,1027089.3496882312,2015-02-28,2026-08-31,False,False,False,False,PASS
turkey_bist100_lag_1,turkey_bist100,equities_indices,monthly,lag,1,True,139,1,0.007142857142857143,139,17238110.181772765,2015-02-28,2026-08-31,False,False,False,False,PASS
uk_ftse100_lag_1,uk_ftse100,equities_indices,monthly,lag,1,True,139,1,0.007142857142857143,139,1067631.3453896225,2015-02-28,2026-08-31,False,False,False,False,PASS
usa_dow_jones_lag_1,usa_dow_jones,equities_indices,monthly,lag,1,True,139,1,0.007142857142857143,139,88611373.96668522,2015-02-28,2026-08-31,False,False,False,False,PASS
usa_nasdaq_composite_lag_1,usa_nasdaq_composite,equities_indices,monthly,lag,1,True,139,1,0.007142857142857143,139,32845647.252581038,2015-02-28,2026-08-31,False,False,False,False,PASS
usa_sp500_lag_1,usa_sp500,equities_indices,monthly,lag,1,True,139,1,0.007142857142857143,139,2272106.613951252,2015-02-28,2026-08-31,False,False,False,False,PASS
australia_asx200_bhp_lag_1,australia_asx200_bhp,equities_companies,monthly,lag,1,True,139,1,0.007142857142857143,139,107.95288172551875,2015-02-28,2026-08-31,False,False,False,False,PASS
australia_asx200_rio_tinto_lag_1,australia_asx200_rio_tinto,equities_companies,monthly,lag,1,True,139,1,0.007142857142857143,139,954.2541601469093,2015-02-28,2026-08-31,False,False,False,False,PASS
canada_tsx_composite_capstone_copper_lag_1,canada_tsx_composite_capstone_copper,equities_companies,monthly,lag,1,True,139,1,0.007142857142857143,138,15.080067386277097,2015-02-28,2026-08-31,False,False,False,False,PASS
canada_tsx_composite_first_quantum_minerals_lag_1,canada_tsx_composite_first_quantum_minerals,equities_companies,monthly,lag,1,True,139,1,0.007142857142857143,139,84.67999214656814,2015-02-28,2026-08-31,False,False,False,False,PASS
canada_tsx_composite_hudbay_minerals_lag_1,canada_tsx_composite_hudbay_minerals,equities_companies,monthly,lag,1,True,139,1,0.007142857142857143,139,42.21780897254253,2015-02-28,2026-08-31,False,False,False,False,PASS
canada_tsx_composite_lundin_mining_lag_1,canada_tsx_composite_lundin_mining,equities_companies,monthly,lag,1,True,139,1,0.007142857142857143,139,50.56306902630131,2015-02-28,2026-08-31,False,False,False,False,PASS
canada_tsx_composite_teck_resources_lag_1,canada_tsx_composite_teck_resources,equities_companies,monthly,lag,1,True,139,1,0.007142857142857143,139,383.0614899762526,2015-02-28,2026-08-31,False,False,False,False,PASS
china_csi300_jiangxi_copper_lag_1,china_csi300_jiangxi_copper,equities_companies,monthly,lag,1,True,139,1,0.007142857142857143,139,70.3114069172461,2015-02-28,2026-08-31,False,False,False,False,PASS
germany_dax_aurubis_lag_1,germany_dax_aurubis,equities_companies,monthly,lag,1,True,139,1,0.007142857142857143,139,867.4791546815276,2015-02-28,2026-08-31,False,False,False,False,PASS
hong_kong_hang_seng_zijin_mining_lag_1,hong_kong_hang_seng_zijin_mining,equities_companies,monthly,lag,1,True,139,1,0.007142857142857143,139,83.51621077283318,2015-02-28,2026-08-31,False,False,False,False,PASS
poland_wig20_kghm_lag_1,poland_wig20_kghm,equities_companies,monthly,lag,1,True,139,1,0.007142857142857143,139,3127.0277179531986,2015-02-28,2026-08-31,False,False,False,False,PASS
uk_ftse100_antofagasta_lag_1,uk_ftse100_antofagasta,equities_companies,monthly,lag,1,True,139,1,0.007142857142857143,139,583346.5100513733,2015-02-28,2026-08-31,False,False,False,False,PASS
uk_ftse100_glencore_lag_1,uk_ftse100_glencore,equities_companies,monthly,lag,1,True,139,1,0.007142857142857143,139,13731.579408993373,2015-02-28,2026-08-31,False,False,False,False,PASS
usa_nyse_hecla_mining_lag_1,usa_nyse_hecla_mining,equities_companies,monthly,lag,1,True,139,1,0.007142857142857143,139,16.020947769178335,2015-02-28,2026-08-31,False,False,False,False,PASS
usa_sp500_freeport_mcmoran_lag_1,usa_sp500_freeport_mcmoran,equities_companies,monthly,lag,1,True,139,1,0.007142857142857143,139,248.92594304954235,2015-02-28,2026-08-31,False,False,False,False,PASS
usa_sp500_southern_copper_lag_1,usa_sp500_southern_copper,equities_companies,monthly,lag,1,True,139,1,0.007142857142857143,139,1469.2464080404793,2015-02-28,2026-08-31,False,False,False,False,PASS
peru_diesel_price_index_lag_1,peru_diesel_price_index,peru_cost_drivers,monthly,lag,1,True,139,1,0.007142857142857143,46,195.76978417266184,2015-02-28,2026-08-31,False,False,False,False,PASS
peru_industrial_electricity_tariff_index_lag_1,peru_industrial_electricity_tariff_index,peru_cost_drivers,monthly,lag,1,True,139,1,0.007142857142857143,43,148.8695652173913,2015-02-28,2026-08-31,False,False,False,False,PASS
peru_usd_pen_lag_1,peru_usd_pen,peru_cost_drivers,monthly,lag,1,True,139,1,0.007142857142857143,132,0.06239568428735273,2015-02-28,2026-08-31,False,False,False,False,PASS
ecb_policy_rate_pct_change_12m,ecb_policy_rate,global_macro,monthly,pct_change,12,True,35,105,0.75,20,1.2842825055363019,2023-10-31,2026-08-31,False,False,True,True,WARNING
ecb_policy_rate_pct_change_3m,ecb_policy_rate,global_macro,monthly,pct_change,3,True,44,96,0.6857142857142857,19,0.15309984745192884,2023-01-31,2026-08-31,False,False,False,True,WARNING
ecb_policy_rate_pct_change_1m,ecb_policy_rate,global_macro,monthly,pct_change,1,True,46,94,0.6714285714285714,16,0.0284255862542017,2022-11-30,2026-08-31,False,False,False,True,WARNING
shfe_turnover_pct_change_12m,shfe_turnover,copper_market,daily,pct_change,12,True,49,91,0.65,49,2.125944169572778,2022-08-31,2026-08-31,False,False,False,True,WARNING
shfe_turnover_lag_12,shfe_turnover,copper_market,daily,lag,12,True,50,90,0.6428571428571429,50,584084297491705.0,2022-07-31,2026-08-31,False,False,False,True,WARNING
shfe_turnover_lag_6,shfe_turnover,copper_market,daily,lag,6,True,56,84,0.6,56,2133327887351860.2,2022-01-31,2026-08-31,False,False,False,True,WARNING
shfe_turnover_pct_change_3m,shfe_turnover,copper_market,daily,pct_change,3,True,58,82,0.5857142857142857,58,1.3155393849761903,2021-11-30,2026-08-31,False,False,False,True,WARNING
shfe_turnover_lag_3,shfe_turnover,copper_market,daily,lag,3,True,59,81,0.5785714285714286,59,2136173839866086.5,2021-10-31,2026-08-31,False,False,False,True,WARNING
shfe_turnover_change_1m,shfe_turnover,copper_market,daily,absolute_change,1,True,60,80,0.5714285714285714,60,1546777666796782.8,2021-09-30,2026-08-31,False,False,False,True,WARNING
shfe_turnover_pct_change_1m,shfe_turnover,copper_market,daily,pct_change,1,True,60,80,0.5714285714285714,60,0.7175578761686721,2021-09-30,2026-08-31,False,False,False,True,WARNING
shfe_turnover_lag_1,shfe_turnover,copper_market,daily,lag,1,True,61,79,0.5642857142857143,61,2081939065647768.0,2021-08-31,2026-08-31,False,False,False,True,WARNING
usa_nyse_mp_materials_pct_change_12m,usa_nyse_mp_materials,equities_companies,monthly,pct_change,12,True,62,78,0.5571428571428572,62,1.382247821779438,2021-07-31,2026-08-31,False,False,False,True,WARNING
usa_nyse_mp_materials_lag_12,usa_nyse_mp_materials,equities_companies,monthly,lag,12,True,63,77,0.55,63,138.29699713715064,2021-06-30,2026-08-31,False,False,False,True,WARNING
usa_nyse_mp_materials_lag_6,usa_nyse_mp_materials,equities_companies,monthly,lag,6,True,69,71,0.5071428571428571,69,235.12668247296884,2020-12-31,2026-08-31,False,False,False,True,WARNING
