model,training_window_years,horizon,origin_date,feature,coefficient,abs_coefficient,source,expert,timing,timing_months,family,horizon_group
elasticnet,8,2,2025-01-31,origin_copper_price_usd_per_ton,88.50147898359313,88.50147898359313,linear,elasticnet_8y,current_origin,0,copper_market,short_h1_h3
elasticnet,8,2,2025-01-31,origin_south_korea_kospi,95.78537795140488,95.78537795140488,linear,elasticnet_8y,current_origin,0,equities_indices,short_h1_h3
elasticnet,8,2,2025-01-31,south_korea_kospi_lag_1,82.82353976137482,82.82353976137482,linear,elasticnet_8y,lag_1m,1,equities_indices,short_h1_h3
elasticnet,8,2,2025-01-31,origin_uk_ftse100_antofagasta,77.39568239791404,77.39568239791404,linear,elasticnet_8y,current_origin,0,equities_companies,short_h1_h3
elasticnet,8,2,2025-01-31,origin_usa_sp500_freeport_mcmoran,81.63347466230694,81.63347466230694,linear,elasticnet_8y,current_origin,0,equities_companies,short_h1_h3
elasticnet,8,2,2025-01-31,shfe_close_cny_per_ton_lag_1,61.56425468250434,61.56425468250434,linear,elasticnet_8y,lag_1m,1,copper_market,short_h1_h3
elasticnet,8,2,2025-01-31,origin_tin_cash_usd_per_ton,66.68356396886166,66.68356396886166,linear,elasticnet_8y,current_origin,0,other_metals,short_h1_h3
elasticnet,8,2,2025-01-31,uk_ftse100_antofagasta_lag_1,54.85627101976471,54.85627101976471,linear,elasticnet_8y,lag_1m,1,equities_companies,short_h1_h3
elasticnet,8,2,2025-01-31,origin_usa_sp500_southern_copper,50.78670278356363,50.78670278356363,linear,elasticnet_8y,current_origin,0,equities_companies,short_h1_h3
elasticnet,8,2,2025-01-31,origin_canada_tsx_composite_lundin_mining,55.2988441315874,55.2988441315874,linear,elasticnet_8y,current_origin,0,equities_companies,short_h1_h3
elasticnet,8,2,2025-01-31,japan_industrial_production_lag_12,-79.41992923513143,79.41992923513143,linear,elasticnet_8y,lag_12m,12,global_macro,short_h1_h3
elasticnet,8,2,2025-01-31,usa_nasdaq_composite_lag_1,82.78720451035497,82.78720451035497,linear,elasticnet_8y,lag_1m,1,equities_indices,short_h1_h3
elasticnet,8,2,2025-01-31,target_lag_2,59.53067762260144,59.53067762260144,linear,elasticnet_8y,lag_2m,2,unmapped,short_h1_h3
elasticnet,8,2,2025-01-31,gold_usd_per_troy_ounce_lag_12,90.69048355501585,90.69048355501585,linear,elasticnet_8y,lag_12m,12,commodities,short_h1_h3
elasticnet,8,2,2025-01-31,origin_japan_nikkei225,60.04649536465865,60.04649536465865,linear,elasticnet_8y,current_origin,0,equities_indices,short_h1_h3
elasticnet,8,2,2025-01-31,origin_germany_dax,48.75253387131207,48.75253387131207,linear,elasticnet_8y,current_origin,0,equities_indices,short_h1_h3
elasticnet,8,2,2025-01-31,south_korea_kospi_lag_3,68.85628744229423,68.85628744229423,linear,elasticnet_8y,lag_3m,3,equities_indices,short_h1_h3
elasticnet,8,2,2025-01-31,origin_aluminum_cash_usd_per_ton,63.01584422677072,63.01584422677072,linear,elasticnet_8y,current_origin,0,other_metals,short_h1_h3
elasticnet,8,2,2025-01-31,origin_china_csi300_jiangxi_copper,68.3821847153546,68.3821847153546,linear,elasticnet_8y,current_origin,0,equities_companies,short_h1_h3
elasticnet,8,2,2025-02-28,origin_copper_price_usd_per_ton,74.90682215653368,74.90682215653368,linear,elasticnet_8y,current_origin,0,copper_market,short_h1_h3
elasticnet,8,2,2025-02-28,origin_south_korea_kospi,75.30300284007538,75.30300284007538,linear,elasticnet_8y,current_origin,0,equities_indices,short_h1_h3
elasticnet,8,2,2025-02-28,south_korea_kospi_lag_1,69.57161196445689,69.57161196445689,linear,elasticnet_8y,lag_1m,1,equities_indices,short_h1_h3
elasticnet,8,2,2025-02-28,origin_uk_ftse100_antofagasta,64.69061841210375,64.69061841210375,linear,elasticnet_8y,current_origin,0,equities_companies,short_h1_h3
elasticnet,8,2,2025-02-28,origin_usa_sp500_freeport_mcmoran,69.35560064264493,69.35560064264493,linear,elasticnet_8y,current_origin,0,equities_companies,short_h1_h3
elasticnet,8,2,2025-02-28,shfe_close_cny_per_ton_lag_1,58.93145516780629,58.93145516780629,linear,elasticnet_8y,lag_1m,1,copper_market,short_h1_h3
elasticnet,8,2,2025-02-28,origin_tin_cash_usd_per_ton,62.4299774532453,62.4299774532453,linear,elasticnet_8y,current_origin,0,other_metals,short_h1_h3
elasticnet,8,2,2025-02-28,uk_ftse100_antofagasta_lag_1,53.21306976839217,53.21306976839217,linear,elasticnet_8y,lag_1m,1,equities_companies,short_h1_h3
elasticnet,8,2,2025-02-28,origin_canada_tsx_composite_lundin_mining,53.113088035500255,53.113088035500255,linear,elasticnet_8y,current_origin,0,equities_companies,short_h1_h3
elasticnet,8,2,2025-02-28,origin_usa_sp500_southern_copper,48.84889625969165,48.84889625969165,linear,elasticnet_8y,current_origin,0,equities_companies,short_h1_h3
elasticnet,8,2,2025-02-28,japan_industrial_production_lag_12,-65.12962040343197,65.12962040343197,linear,elasticnet_8y,lag_12m,12,global_macro,short_h1_h3
elasticnet,8,2,2025-02-28,canada_tsx_composite_capstone_copper_lag_1,47.49114875568403,47.49114875568403,linear,elasticnet_8y,lag_1m,1,equities_companies,short_h1_h3
elasticnet,8,2,2025-02-28,origin_china_csi300_jiangxi_copper,61.60297178389872,61.60297178389872,linear,elasticnet_8y,current_origin,0,equities_companies,short_h1_h3
elasticnet,8,2,2025-02-28,usa_nasdaq_composite_lag_1,66.72058843172937,66.72058843172937,linear,elasticnet_8y,lag_1m,1,equities_indices,short_h1_h3
elasticnet,8,2,2025-02-28,target_lag_2,58.4222456897644,58.4222456897644,linear,elasticnet_8y,lag_2m,2,unmapped,short_h1_h3
elasticnet,8,2,2025-02-28,gold_usd_per_troy_ounce_lag_12,71.7445206245278,71.7445206245278,linear,elasticnet_8y,lag_12m,12,commodities,short_h1_h3
elasticnet,8,2,2025-02-28,origin_japan_nikkei225,52.31202033000725,52.31202033000725,linear,elasticnet_8y,current_origin,0,equities_indices,short_h1_h3
elasticnet,8,2,2025-02-28,origin_germany_dax,47.7809175411349,47.7809175411349,linear,elasticnet_8y,current_origin,0,equities_indices,short_h1_h3
elasticnet,8,2,2025-02-28,south_korea_kospi_lag_3,62.41773845325682,62.41773845325682,linear,elasticnet_8y,lag_3m,3,equities_indices,short_h1_h3
elasticnet,8,2,2025-03-31,origin_copper_price_usd_per_ton,74.87172974275163,74.87172974275163,linear,elasticnet_8y,current_origin,0,copper_market,short_h1_h3
elasticnet,8,2,2025-03-31,origin_south_korea_kospi,75.27412864491679,75.27412864491679,linear,elasticnet_8y,current_origin,0,equities_indices,short_h1_h3
elasticnet,8,2,2025-03-31,origin_uk_ftse100_antofagasta,65.35308261945895,65.35308261945895,linear,elasticnet_8y,current_origin,0,equities_companies,short_h1_h3
elasticnet,8,2,2025-03-31,origin_canada_tsx_composite_capstone_copper,55.43481238828875,55.43481238828875,linear,elasticnet_8y,current_origin,0,equities_companies,short_h1_h3
elasticnet,8,2,2025-03-31,south_korea_kospi_lag_1,68.97055319383274,68.97055319383274,linear,elasticnet_8y,lag_1m,1,equities_indices,short_h1_h3
elasticnet,8,2,2025-03-31,origin_tin_cash_usd_per_ton,61.77785848162085,61.77785848162085,linear,elasticnet_8y,current_origin,0,other_metals,short_h1_h3
elasticnet,8,2,2025-03-31,shfe_close_cny_per_ton_lag_1,59.18898055269906,59.18898055269906,linear,elasticnet_8y,lag_1m,1,copper_market,short_h1_h3
elasticnet,8,2,2025-03-31,origin_china_csi300_jiangxi_copper,64.07177573643392,64.07177573643392,linear,elasticnet_8y,current_origin,0,equities_companies,short_h1_h3
elasticnet,8,2,2025-03-31,origin_canada_tsx_composite_lundin_mining,54.24049311872455,54.24049311872455,linear,elasticnet_8y,current_origin,0,equities_companies,short_h1_h3
elasticnet,8,2,2025-03-31,japan_industrial_production_lag_12,-66.37171862780032,66.37171862780032,linear,elasticnet_8y,lag_12m,12,global_macro,short_h1_h3
elasticnet,8,2,2025-03-31,uk_ftse100_antofagasta_lag_1,54.064629112114,54.064629112114,linear,elasticnet_8y,lag_1m,1,equities_companies,short_h1_h3
elasticnet,8,2,2025-03-31,origin_usa_sp500_southern_copper,49.838748613939245,49.838748613939245,linear,elasticnet_8y,current_origin,0,equities_companies,short_h1_h3
elasticnet,8,2,2025-03-31,usa_nasdaq_composite_lag_1,66.01400150946816,66.01400150946816,linear,elasticnet_8y,lag_1m,1,equities_indices,short_h1_h3
elasticnet,8,2,2025-03-31,silver_usd_per_troy_ounce_lag_6,67.39090493446955,67.39090493446955,linear,elasticnet_8y,lag_6m,6,commodities,short_h1_h3
elasticnet,8,2,2025-03-31,target_lag_2,58.41950206032388,58.41950206032388,linear,elasticnet_8y,lag_2m,2,unmapped,short_h1_h3
elasticnet,8,2,2025-03-31,gold_usd_per_troy_ounce_lag_12,71.16635128890992,71.16635128890992,linear,elasticnet_8y,lag_12m,12,commodities,short_h1_h3
elasticnet,8,2,2025-03-31,origin_germany_dax,48.06569522369296,48.06569522369296,linear,elasticnet_8y,current_origin,0,equities_indices,short_h1_h3
elasticnet,8,2,2025-03-31,origin_japan_nikkei225,52.6420367172175,52.6420367172175,linear,elasticnet_8y,current_origin,0,equities_indices,short_h1_h3
elasticnet,8,2,2025-03-31,origin_aluminum_cash_usd_per_ton,58.44620700179806,58.44620700179806,linear,elasticnet_8y,current_origin,0,other_metals,short_h1_h3
elasticnet,8,2,2025-04-30,origin_copper_price_usd_per_ton,74.11462657674069,74.11462657674069,linear,elasticnet_8y,current_origin,0,copper_market,short_h1_h3
elasticnet,8,2,2025-04-30,origin_south_korea_kospi,71.48362127176289,71.48362127176289,linear,elasticnet_8y,current_origin,0,equities_indices,short_h1_h3
elasticnet,8,2,2025-04-30,origin_china_csi300_jiangxi_copper,63.15877651629876,63.15877651629876,linear,elasticnet_8y,current_origin,0,equities_companies,short_h1_h3
elasticnet,8,2,2025-04-30,origin_canada_tsx_composite_capstone_copper,58.646007017820565,58.646007017820565,linear,elasticnet_8y,current_origin,0,equities_companies,short_h1_h3
elasticnet,8,2,2025-04-30,origin_uk_ftse100_antofagasta,67.43361735747125,67.43361735747125,linear,elasticnet_8y,current_origin,0,equities_companies,short_h1_h3
elasticnet,8,2,2025-04-30,origin_tin_cash_usd_per_ton,59.75764633887747,59.75764633887747,linear,elasticnet_8y,current_origin,0,other_metals,short_h1_h3
elasticnet,8,2,2025-04-30,south_korea_kospi_lag_1,64.39406659781778,64.39406659781778,linear,elasticnet_8y,lag_1m,1,equities_indices,short_h1_h3
elasticnet,8,2,2025-04-30,shfe_close_cny_per_ton_lag_1,60.03490939006811,60.03490939006811,linear,elasticnet_8y,lag_1m,1,copper_market,short_h1_h3
elasticnet,8,2,2025-04-30,origin_canada_tsx_composite_lundin_mining,54.90951400547473,54.90951400547473,linear,elasticnet_8y,current_origin,0,equities_companies,short_h1_h3
elasticnet,8,2,2025-04-30,japan_industrial_production_lag_12,-65.18437466942291,65.18437466942291,linear,elasticnet_8y,lag_12m,12,global_macro,short_h1_h3
elasticnet,8,2,2025-04-30,uk_ftse100_antofagasta_lag_1,55.4470679903027,55.4470679903027,linear,elasticnet_8y,lag_1m,1,equities_companies,short_h1_h3
elasticnet,8,2,2025-04-30,silver_usd_per_troy_ounce_lag_6,68.0198625164293,68.0198625164293,linear,elasticnet_8y,lag_6m,6,commodities,short_h1_h3
elasticnet,8,2,2025-04-30,china_csi300_jiangxi_copper_lag_1,50.92860826058781,50.92860826058781,linear,elasticnet_8y,lag_1m,1,equities_companies,short_h1_h3
elasticnet,8,2,2025-04-30,usa_nasdaq_composite_lag_1,66.6915637951647,66.6915637951647,linear,elasticnet_8y,lag_1m,1,equities_indices,short_h1_h3
elasticnet,8,2,2025-04-30,target_rolling_mean_3,60.00995872610663,60.00995872610663,linear,elasticnet_8y,rolling_mean_3m,3,unmapped,short_h1_h3
elasticnet,8,2,2025-04-30,gold_usd_per_troy_ounce_lag_12,73.06101194936775,73.06101194936775,linear,elasticnet_8y,lag_12m,12,commodities,short_h1_h3
elasticnet,8,2,2025-04-30,origin_aluminum_cash_usd_per_ton,56.329322954729925,56.329322954729925,linear,elasticnet_8y,current_origin,0,other_metals,short_h1_h3
elasticnet,8,2,2025-04-30,canada_tsx_composite_lundin_mining_lag_1,40.96605891726925,40.96605891726925,linear,elasticnet_8y,lag_1m,1,equities_companies,short_h1_h3
elasticnet,8,2,2025-04-30,origin_germany_dax,48.94636252424655,48.94636252424655,linear,elasticnet_8y,current_origin,0,equities_indices,short_h1_h3
elasticnet,8,2,2025-05-31,origin_copper_price_usd_per_ton,87.21105226128918,87.21105226128918,linear,elasticnet_8y,current_origin,0,copper_market,short_h1_h3
elasticnet,8,2,2025-05-31,origin_south_korea_kospi,81.83387632700492,81.83387632700492,linear,elasticnet_8y,current_origin,0,equities_indices,short_h1_h3
elasticnet,8,2,2025-05-31,origin_china_csi300_jiangxi_copper,69.90554157178899,69.90554157178899,linear,elasticnet_8y,current_origin,0,equities_companies,short_h1_h3
elasticnet,8,2,2025-05-31,origin_tin_cash_usd_per_ton,64.976981993785,64.976981993785,linear,elasticnet_8y,current_origin,0,other_metals,short_h1_h3
elasticnet,8,2,2025-05-31,origin_canada_tsx_composite_capstone_copper,70.15969836737409,70.15969836737409,linear,elasticnet_8y,current_origin,0,equities_companies,short_h1_h3
elasticnet,8,2,2025-05-31,origin_uk_ftse100_antofagasta,83.63061390831544,83.63061390831544,linear,elasticnet_8y,current_origin,0,equities_companies,short_h1_h3
elasticnet,8,2,2025-05-31,south_korea_kospi_lag_1,68.78134743963714,68.78134743963714,linear,elasticnet_8y,lag_1m,1,equities_indices,short_h1_h3
elasticnet,8,2,2025-05-31,origin_canada_tsx_composite_lundin_mining,58.29135389945437,58.29135389945437,linear,elasticnet_8y,current_origin,0,equities_companies,short_h1_h3
elasticnet,8,2,2025-05-31,shfe_close_cny_per_ton_lag_1,67.12835362791745,67.12835362791745,linear,elasticnet_8y,lag_1m,1,copper_market,short_h1_h3
elasticnet,8,2,2025-05-31,japan_industrial_production_lag_12,-76.2396377625174,76.2396377625174,linear,elasticnet_8y,lag_12m,12,global_macro,short_h1_h3
elasticnet,8,2,2025-05-31,china_csi300_jiangxi_copper_lag_1,49.75378233754093,49.75378233754093,linear,elasticnet_8y,lag_1m,1,equities_companies,short_h1_h3
elasticnet,8,2,2025-05-31,silver_usd_per_troy_ounce_lag_6,80.91055057067535,80.91055057067535,linear,elasticnet_8y,lag_6m,6,commodities,short_h1_h3
elasticnet,8,2,2025-05-31,usa_nasdaq_composite_lag_1,79.08748431413576,79.08748431413576,linear,elasticnet_8y,lag_1m,1,equities_indices,short_h1_h3
elasticnet,8,2,2025-05-31,canada_tsx_composite_lundin_mining_lag_1,32.11613560919316,32.11613560919316,linear,elasticnet_8y,lag_1m,1,equities_companies,short_h1_h3
elasticnet,8,2,2025-05-31,target_rolling_mean_3,64.10398835267868,64.10398835267868,linear,elasticnet_8y,rolling_mean_3m,3,unmapped,short_h1_h3
elasticnet,8,2,2025-05-31,origin_poland_wig20_kghm,74.52893819333978,74.52893819333978,linear,elasticnet_8y,current_origin,0,equities_companies,short_h1_h3
elasticnet,8,2,2025-05-31,origin_aluminum_cash_usd_per_ton,62.44329528675998,62.44329528675998,linear,elasticnet_8y,current_origin,0,other_metals,short_h1_h3
elasticnet,8,2,2025-05-31,gold_usd_per_troy_ounce_lag_12,92.44515087084858,92.44515087084858,linear,elasticnet_8y,lag_12m,12,commodities,short_h1_h3
elasticnet,8,2,2025-05-31,silver_usd_per_troy_ounce_lag_3,69.46823992622478,69.46823992622478,linear,elasticnet_8y,lag_3m,3,commodities,short_h1_h3
elasticnet,8,2,2025-06-30,origin_copper_price_usd_per_ton,74.46485522745277,74.46485522745277,linear,elasticnet_8y,current_origin,0,copper_market,short_h1_h3
elasticnet,8,2,2025-06-30,origin_china_csi300_jiangxi_copper,63.49672628554435,63.49672628554435,linear,elasticnet_8y,current_origin,0,equities_companies,short_h1_h3
elasticnet,8,2,2025-06-30,origin_tin_cash_usd_per_ton,63.18643115895513,63.18643115895513,linear,elasticnet_8y,current_origin,0,other_metals,short_h1_h3
elasticnet,8,2,2025-06-30,origin_south_korea_kospi,70.50774320057731,70.50774320057731,linear,elasticnet_8y,current_origin,0,equities_indices,short_h1_h3
elasticnet,8,2,2025-06-30,origin_canada_tsx_composite_capstone_copper,58.29164492644411,58.29164492644411,linear,elasticnet_8y,current_origin,0,equities_companies,short_h1_h3
elasticnet,8,2,2025-06-30,origin_uk_ftse100_antofagasta,65.83826644337145,65.83826644337145,linear,elasticnet_8y,current_origin,0,equities_companies,short_h1_h3
elasticnet,8,2,2025-06-30,japan_industrial_production_lag_12,-65.55043629982671,65.55043629982671,linear,elasticnet_8y,lag_12m,12,global_macro,short_h1_h3
elasticnet,8,2,2025-06-30,shfe_close_cny_per_ton_lag_1,60.07844950142333,60.07844950142333,linear,elasticnet_8y,lag_1m,1,copper_market,short_h1_h3
elasticnet,8,2,2025-06-30,origin_canada_tsx_composite_lundin_mining,53.97090306771901,53.97090306771901,linear,elasticnet_8y,current_origin,0,equities_companies,short_h1_h3
elasticnet,8,2,2025-06-30,china_csi300_jiangxi_copper_lag_1,53.58449971006393,53.58449971006393,linear,elasticnet_8y,lag_1m,1,equities_companies,short_h1_h3
elasticnet,8,2,2025-06-30,south_korea_kospi_lag_1,63.91551755127584,63.91551755127584,linear,elasticnet_8y,lag_1m,1,equities_indices,short_h1_h3
elasticnet,8,2,2025-06-30,silver_usd_per_troy_ounce_lag_6,67.10401296740926,67.10401296740926,linear,elasticnet_8y,lag_6m,6,commodities,short_h1_h3
elasticnet,8,2,2025-06-30,uk_ftse100_antofagasta_lag_1,54.12996137817843,54.12996137817843,linear,elasticnet_8y,lag_1m,1,equities_companies,short_h1_h3
elasticnet,8,2,2025-06-30,usa_nasdaq_composite_lag_1,63.19933138029524,63.19933138029524,linear,elasticnet_8y,lag_1m,1,equities_indices,short_h1_h3
elasticnet,8,2,2025-06-30,silver_usd_per_troy_ounce_lag_3,60.89986280042324,60.89986280042324,linear,elasticnet_8y,lag_3m,3,commodities,short_h1_h3
elasticnet,8,2,2025-06-30,gold_usd_per_troy_ounce_lag_12,71.25101319467014,71.25101319467014,linear,elasticnet_8y,lag_12m,12,commodities,short_h1_h3
elasticnet,8,2,2025-06-30,canada_tsx_composite_lundin_mining_lag_1,40.79327299335891,40.79327299335891,linear,elasticnet_8y,lag_1m,1,equities_companies,short_h1_h3
elasticnet,8,2,2025-06-30,origin_germany_dax,46.637267306906026,46.637267306906026,linear,elasticnet_8y,current_origin,0,equities_indices,short_h1_h3
elasticnet,8,2,2025-06-30,target_rolling_mean_3,60.62262352158776,60.62262352158776,linear,elasticnet_8y,rolling_mean_3m,3,unmapped,short_h1_h3
elasticnet,8,2,2025-07-31,origin_copper_price_usd_per_ton,76.86316831765426,76.86316831765426,linear,elasticnet_8y,current_origin,0,copper_market,short_h1_h3
elasticnet,8,2,2025-07-31,origin_china_csi300_jiangxi_copper,64.67643443553203,64.67643443553203,linear,elasticnet_8y,current_origin,0,equities_companies,short_h1_h3
elasticnet,8,2,2025-07-31,origin_south_korea_kospi,71.92747414082591,71.92747414082591,linear,elasticnet_8y,current_origin,0,equities_indices,short_h1_h3
elasticnet,8,2,2025-07-31,origin_canada_tsx_composite_capstone_copper,58.700926392973656,58.700926392973656,linear,elasticnet_8y,current_origin,0,equities_companies,short_h1_h3
elasticnet,8,2,2025-07-31,origin_uk_ftse100_antofagasta,65.628047947461,65.628047947461,linear,elasticnet_8y,current_origin,0,equities_companies,short_h1_h3
elasticnet,8,2,2025-07-31,shfe_close_cny_per_ton_lag_1,61.27910306063022,61.27910306063022,linear,elasticnet_8y,lag_1m,1,copper_market,short_h1_h3
elasticnet,8,2,2025-07-31,japan_industrial_production_lag_12,-65.52612598147206,65.52612598147206,linear,elasticnet_8y,lag_12m,12,global_macro,short_h1_h3
elasticnet,8,2,2025-07-31,china_csi300_jiangxi_copper_lag_1,55.13247131401923,55.13247131401923,linear,elasticnet_8y,lag_1m,1,equities_companies,short_h1_h3
elasticnet,8,2,2025-07-31,origin_canada_tsx_composite_lundin_mining,53.88915323998698,53.88915323998698,linear,elasticnet_8y,current_origin,0,equities_companies,short_h1_h3
elasticnet,8,2,2025-07-31,silver_usd_per_troy_ounce_lag_6,67.55894080449784,67.55894080449784,linear,elasticnet_8y,lag_6m,6,commodities,short_h1_h3
elasticnet,8,2,2025-07-31,south_korea_kospi_lag_1,65.62781665251754,65.62781665251754,linear,elasticnet_8y,lag_1m,1,equities_indices,short_h1_h3
elasticnet,8,2,2025-07-31,uk_ftse100_antofagasta_lag_1,53.57286620364328,53.57286620364328,linear,elasticnet_8y,lag_1m,1,equities_companies,short_h1_h3
elasticnet,8,2,2025-07-31,usa_nasdaq_composite_lag_1,62.8298186624756,62.8298186624756,linear,elasticnet_8y,lag_1m,1,equities_indices,short_h1_h3
elasticnet,8,2,2025-07-31,gold_usd_per_troy_ounce_lag_12,71.03292919962962,71.03292919962962,linear,elasticnet_8y,lag_12m,12,commodities,short_h1_h3
elasticnet,8,2,2025-07-31,silver_usd_per_troy_ounce_lag_3,59.77783250205322,59.77783250205322,linear,elasticnet_8y,lag_3m,3,commodities,short_h1_h3
elasticnet,8,2,2025-07-31,origin_germany_dax,45.291212807385385,45.291212807385385,linear,elasticnet_8y,current_origin,0,equities_indices,short_h1_h3
elasticnet,8,2,2025-07-31,target_rolling_mean_3,63.23357526943964,63.23357526943964,linear,elasticnet_8y,rolling_mean_3m,3,unmapped,short_h1_h3
elasticnet,8,2,2025-07-31,canada_tsx_composite_lundin_mining_lag_1,40.25876694903128,40.25876694903128,linear,elasticnet_8y,lag_1m,1,equities_companies,short_h1_h3
elasticnet,8,2,2025-07-31,silver_usd_per_troy_ounce_lag_1,56.935332816457766,56.935332816457766,linear,elasticnet_8y,lag_1m,1,commodities,short_h1_h3
elasticnet,8,2,2025-08-31,origin_copper_price_usd_per_ton,77.21244435594684,77.21244435594684,linear,elasticnet_8y,current_origin,0,copper_market,short_h1_h3
elasticnet,8,2,2025-08-31,origin_china_csi300_jiangxi_copper,65.32231256388333,65.32231256388333,linear,elasticnet_8y,current_origin,0,equities_companies,short_h1_h3
elasticnet,8,2,2025-08-31,origin_south_korea_kospi,71.91020387092067,71.91020387092067,linear,elasticnet_8y,current_origin,0,equities_indices,short_h1_h3
elasticnet,8,2,2025-08-31,shfe_close_cny_per_ton_lag_1,61.66236305000571,61.66236305000571,linear,elasticnet_8y,lag_1m,1,copper_market,short_h1_h3
elasticnet,8,2,2025-08-31,origin_uk_ftse100_antofagasta,66.07876097557417,66.07876097557417,linear,elasticnet_8y,current_origin,0,equities_companies,short_h1_h3
elasticnet,8,2,2025-08-31,origin_canada_tsx_composite_capstone_copper,59.233501123908,59.233501123908,linear,elasticnet_8y,current_origin,0,equities_companies,short_h1_h3
elasticnet,8,2,2025-08-31,silver_usd_per_troy_ounce_lag_6,67.18539995804294,67.18539995804294,linear,elasticnet_8y,lag_6m,6,commodities,short_h1_h3
elasticnet,8,2,2025-08-31,china_csi300_jiangxi_copper_lag_1,55.647675184282654,55.647675184282654,linear,elasticnet_8y,lag_1m,1,equities_companies,short_h1_h3
elasticnet,8,2,2025-08-31,japan_industrial_production_lag_12,-66.04140745348074,66.04140745348074,linear,elasticnet_8y,lag_12m,12,global_macro,short_h1_h3
elasticnet,8,2,2025-08-31,origin_canada_tsx_composite_lundin_mining,54.01180635266647,54.01180635266647,linear,elasticnet_8y,current_origin,0,equities_companies,short_h1_h3
elasticnet,8,2,2025-08-31,south_korea_kospi_lag_1,66.2136890700159,66.2136890700159,linear,elasticnet_8y,lag_1m,1,equities_indices,short_h1_h3
elasticnet,8,2,2025-08-31,uk_ftse100_antofagasta_lag_1,54.095302754240805,54.095302754240805,linear,elasticnet_8y,lag_1m,1,equities_companies,short_h1_h3
elasticnet,8,2,2025-08-31,usa_nasdaq_composite_lag_1,63.01165938522345,63.01165938522345,linear,elasticnet_8y,lag_1m,1,equities_indices,short_h1_h3
elasticnet,8,2,2025-08-31,gold_usd_per_troy_ounce_lag_12,70.28438857112923,70.28438857112923,linear,elasticnet_8y,lag_12m,12,commodities,short_h1_h3
elasticnet,8,2,2025-08-31,silver_usd_per_troy_ounce_lag_3,59.25318436511567,59.25318436511567,linear,elasticnet_8y,lag_3m,3,commodities,short_h1_h3
elasticnet,8,2,2025-08-31,origin_germany_dax,44.13149873929897,44.13149873929897,linear,elasticnet_8y,current_origin,0,equities_indices,short_h1_h3
elasticnet,8,2,2025-08-31,target_rolling_mean_3,63.771341844029145,63.771341844029145,linear,elasticnet_8y,rolling_mean_3m,3,unmapped,short_h1_h3
elasticnet,8,2,2025-08-31,canada_tsx_composite_lundin_mining_lag_1,40.792897582572685,40.792897582572685,linear,elasticnet_8y,lag_1m,1,equities_companies,short_h1_h3
elasticnet,8,2,2025-08-31,silver_usd_per_troy_ounce_lag_1,56.74240377510003,56.74240377510003,linear,elasticnet_8y,lag_1m,1,commodities,short_h1_h3
elasticnet,8,2,2025-09-30,origin_copper_price_usd_per_ton,449.6320324856597,449.6320324856597,linear,elasticnet_8y,current_origin,0,copper_market,short_h1_h3
elasticnet,8,2,2025-09-30,origin_china_csi300_jiangxi_copper,28.481934395075093,28.481934395075093,linear,elasticnet_8y,current_origin,0,equities_companies,short_h1_h3
elasticnet,8,2,2025-09-30,origin_south_korea_kospi,327.4810862048144,327.4810862048144,linear,elasticnet_8y,current_origin,0,equities_indices,short_h1_h3
elasticnet,8,2,2025-09-30,shfe_close_cny_per_ton_lag_1,106.8015409672172,106.8015409672172,linear,elasticnet_8y,lag_1m,1,copper_market,short_h1_h3
elasticnet,8,2,2025-09-30,origin_uk_ftse100_antofagasta,423.304021389476,423.304021389476,linear,elasticnet_8y,current_origin,0,equities_companies,short_h1_h3
elasticnet,8,2,2025-09-30,silver_usd_per_troy_ounce_lag_6,289.2776884688005,289.2776884688005,linear,elasticnet_8y,lag_6m,6,commodities,short_h1_h3
elasticnet,8,2,2025-09-30,china_csi300_jiangxi_copper_lag_1,59.44721998972136,59.44721998972136,linear,elasticnet_8y,lag_1m,1,equities_companies,short_h1_h3
elasticnet,8,2,2025-09-30,origin_canada_tsx_composite_lundin_mining,6.049201945208288,6.049201945208288,linear,elasticnet_8y,current_origin,0,equities_companies,short_h1_h3
elasticnet,8,2,2025-09-30,origin_canada_tsx_composite_capstone_copper,265.64311528665223,265.64311528665223,linear,elasticnet_8y,current_origin,0,equities_companies,short_h1_h3
elasticnet,8,2,2025-09-30,japan_industrial_production_lag_12,-22.388296534747507,22.388296534747507,linear,elasticnet_8y,lag_12m,12,global_macro,short_h1_h3
elasticnet,8,2,2025-09-30,usa_nasdaq_composite_lag_1,153.8177800738761,153.8177800738761,linear,elasticnet_8y,lag_1m,1,equities_indices,short_h1_h3
elasticnet,8,2,2025-09-30,south_korea_kospi_lag_1,119.26371360709666,119.26371360709666,linear,elasticnet_8y,lag_1m,1,equities_indices,short_h1_h3
elasticnet,8,2,2025-09-30,uk_ftse100_antofagasta_lag_1,-144.83845894308666,144.83845894308666,linear,elasticnet_8y,lag_1m,1,equities_companies,short_h1_h3
elasticnet,8,2,2025-09-30,gold_usd_per_troy_ounce_lag_12,194.53357087927796,194.53357087927796,linear,elasticnet_8y,lag_12m,12,commodities,short_h1_h3
elasticnet,8,2,2025-09-30,origin_germany_dax,-352.2558633907128,352.2558633907128,linear,elasticnet_8y,current_origin,0,equities_indices,short_h1_h3
elasticnet,8,2,2025-09-30,silver_usd_per_troy_ounce_lag_3,110.92963948073168,110.92963948073168,linear,elasticnet_8y,lag_3m,3,commodities,short_h1_h3
elasticnet,8,2,2025-09-30,target_rolling_mean_3,-261.2939644383925,261.2939644383925,linear,elasticnet_8y,rolling_mean_3m,3,unmapped,short_h1_h3
elasticnet,8,2,2025-09-30,silver_usd_per_troy_ounce_lag_1,143.61499922772393,143.61499922772393,linear,elasticnet_8y,lag_1m,1,commodities,short_h1_h3
elasticnet,8,2,2025-09-30,canada_tsx_composite_lundin_mining_lag_1,-403.9040599470107,403.9040599470107,linear,elasticnet_8y,lag_1m,1,equities_companies,short_h1_h3
elasticnet,8,2,2025-10-31,origin_copper_price_usd_per_ton,530.3977550831719,530.3977550831719,linear,elasticnet_8y,current_origin,0,copper_market,short_h1_h3
elasticnet,8,2,2025-10-31,origin_china_csi300_jiangxi_copper,1.7469235940925338,1.7469235940925338,linear,elasticnet_8y,current_origin,0,equities_companies,short_h1_h3
elasticnet,8,2,2025-10-31,origin_south_korea_kospi,361.6085594629654,361.6085594629654,linear,elasticnet_8y,current_origin,0,equities_indices,short_h1_h3
elasticnet,8,2,2025-10-31,shfe_close_cny_per_ton_lag_1,50.70459779111441,50.70459779111441,linear,elasticnet_8y,lag_1m,1,copper_market,short_h1_h3
elasticnet,8,2,2025-10-31,china_csi300_jiangxi_copper_lag_1,34.6841072252004,34.6841072252004,linear,elasticnet_8y,lag_1m,1,equities_companies,short_h1_h3
elasticnet,8,2,2025-10-31,silver_usd_per_troy_ounce_lag_6,337.9809104293377,337.9809104293377,linear,elasticnet_8y,lag_6m,6,commodities,short_h1_h3
elasticnet,8,2,2025-10-31,origin_uk_ftse100_antofagasta,368.3404208042461,368.3404208042461,linear,elasticnet_8y,current_origin,0,equities_companies,short_h1_h3
elasticnet,8,2,2025-10-31,origin_canada_tsx_composite_lundin_mining,23.436635183425874,23.436635183425874,linear,elasticnet_8y,current_origin,0,equities_companies,short_h1_h3
elasticnet,8,2,2025-10-31,usa_nasdaq_composite_lag_1,241.1403263095998,241.1403263095998,linear,elasticnet_8y,lag_1m,1,equities_indices,short_h1_h3
elasticnet,8,2,2025-10-31,origin_canada_tsx_composite_capstone_copper,282.17635845073687,282.17635845073687,linear,elasticnet_8y,current_origin,0,equities_companies,short_h1_h3
elasticnet,8,2,2025-10-31,south_korea_kospi_lag_1,76.54024460260455,76.54024460260455,linear,elasticnet_8y,lag_1m,1,equities_indices,short_h1_h3
elasticnet,8,2,2025-10-31,japan_industrial_production_lag_12,-10.968237346247136,10.968237346247136,linear,elasticnet_8y,lag_12m,12,global_macro,short_h1_h3
elasticnet,8,2,2025-10-31,origin_germany_dax,-215.2922677036334,215.2922677036334,linear,elasticnet_8y,current_origin,0,equities_indices,short_h1_h3
elasticnet,8,2,2025-10-31,gold_usd_per_troy_ounce_lag_12,147.84836296119963,147.84836296119963,linear,elasticnet_8y,lag_12m,12,commodities,short_h1_h3
elasticnet,8,2,2025-10-31,silver_usd_per_troy_ounce_lag_3,99.11655619371946,99.11655619371946,linear,elasticnet_8y,lag_3m,3,commodities,short_h1_h3
elasticnet,8,2,2025-10-31,target_rolling_mean_3,-164.08207204832723,164.08207204832723,linear,elasticnet_8y,rolling_mean_3m,3,unmapped,short_h1_h3
elasticnet,8,2,2025-10-31,origin_canada_tsx_composite,-282.49874772919065,282.49874772919065,linear,elasticnet_8y,current_origin,0,equities_indices,short_h1_h3
elasticnet,8,2,2025-10-31,silver_usd_per_troy_ounce_lag_1,153.70410613093674,153.70410613093674,linear,elasticnet_8y,lag_1m,1,commodities,short_h1_h3
elasticnet,8,2,2025-10-31,canada_tsx_composite_lundin_mining_lag_1,-500.78499913098864,500.78499913098864,linear,elasticnet_8y,lag_1m,1,equities_companies,short_h1_h3
elasticnet,8,2,2025-11-30,origin_copper_price_usd_per_ton,80.46432374660468,80.46432374660468,linear,elasticnet_8y,current_origin,0,copper_market,short_h1_h3
elasticnet,8,2,2025-11-30,origin_china_csi300_jiangxi_copper,68.86391064174772,68.86391064174772,linear,elasticnet_8y,current_origin,0,equities_companies,short_h1_h3
elasticnet,8,2,2025-11-30,origin_south_korea_kospi,74.68377678700271,74.68377678700271,linear,elasticnet_8y,current_origin,0,equities_indices,short_h1_h3
elasticnet,8,2,2025-11-30,china_csi300_jiangxi_copper_lag_1,61.49855049025168,61.49855049025168,linear,elasticnet_8y,lag_1m,1,equities_companies,short_h1_h3
elasticnet,8,2,2025-11-30,silver_usd_per_troy_ounce_lag_6,66.79498088703477,66.79498088703477,linear,elasticnet_8y,lag_6m,6,commodities,short_h1_h3
elasticnet,8,2,2025-11-30,origin_canada_tsx_composite_lundin_mining,58.17474635384316,58.17474635384316,linear,elasticnet_8y,current_origin,0,equities_companies,short_h1_h3
elasticnet,8,2,2025-11-30,shfe_close_cny_per_ton_lag_1,64.28100279127648,64.28100279127648,linear,elasticnet_8y,lag_1m,1,copper_market,short_h1_h3
elasticnet,8,2,2025-11-30,usa_nasdaq_composite_lag_1,63.40220060710219,63.40220060710219,linear,elasticnet_8y,lag_1m,1,equities_indices,short_h1_h3
elasticnet,8,2,2025-11-30,origin_uk_ftse100_antofagasta,68.22011418332102,68.22011418332102,linear,elasticnet_8y,current_origin,0,equities_companies,short_h1_h3
elasticnet,8,2,2025-11-30,origin_canada_tsx_composite_capstone_copper,61.138521740651264,61.138521740651264,linear,elasticnet_8y,current_origin,0,equities_companies,short_h1_h3
elasticnet,8,2,2025-11-30,south_korea_kospi_lag_1,70.46532259477193,70.46532259477193,linear,elasticnet_8y,lag_1m,1,equities_indices,short_h1_h3
elasticnet,8,2,2025-11-30,japan_industrial_production_lag_12,-69.3837888320006,69.3837888320006,linear,elasticnet_8y,lag_12m,12,global_macro,short_h1_h3
elasticnet,8,2,2025-11-30,gold_usd_per_troy_ounce_lag_12,68.21920659271308,68.21920659271308,linear,elasticnet_8y,lag_12m,12,commodities,short_h1_h3
elasticnet,8,2,2025-11-30,origin_germany_dax,43.29167463582256,43.29167463582256,linear,elasticnet_8y,current_origin,0,equities_indices,short_h1_h3
elasticnet,8,2,2025-11-30,silver_usd_per_troy_ounce_lag_3,59.76276898316464,59.76276898316464,linear,elasticnet_8y,lag_3m,3,commodities,short_h1_h3
elasticnet,8,2,2025-11-30,origin_canada_tsx_composite,53.65116502160484,53.65116502160484,linear,elasticnet_8y,current_origin,0,equities_indices,short_h1_h3
elasticnet,8,2,2025-11-30,japan_nikkei225_lag_1,50.21167532817231,50.21167532817231,linear,elasticnet_8y,lag_1m,1,equities_indices,short_h1_h3
elasticnet,8,2,2025-11-30,target_rolling_mean_3,66.86921448767225,66.86921448767225,linear,elasticnet_8y,rolling_mean_3m,3,unmapped,short_h1_h3
elasticnet,8,2,2025-11-30,silver_usd_per_troy_ounce_lag_1,57.148694247986086,57.148694247986086,linear,elasticnet_8y,lag_1m,1,commodities,short_h1_h3
elasticnet,8,2,2025-12-31,origin_copper_price_usd_per_ton,436.8962193222753,436.8962193222753,linear,elasticnet_8y,current_origin,0,copper_market,short_h1_h3
elasticnet,8,2,2025-12-31,origin_china_csi300_jiangxi_copper,53.48841440768281,53.48841440768281,linear,elasticnet_8y,current_origin,0,equities_companies,short_h1_h3
elasticnet,8,2,2025-12-31,origin_south_korea_kospi,269.63123294487235,269.63123294487235,linear,elasticnet_8y,current_origin,0,equities_indices,short_h1_h3
elasticnet,8,2,2025-12-31,china_csi300_jiangxi_copper_lag_1,-16.895361397015023,16.895361397015023,linear,elasticnet_8y,lag_1m,1,equities_companies,short_h1_h3
elasticnet,8,2,2025-12-31,usa_nasdaq_composite_lag_1,263.4598354748174,263.4598354748174,linear,elasticnet_8y,lag_1m,1,equities_indices,short_h1_h3
elasticnet,8,2,2025-12-31,origin_canada_tsx_composite_lundin_mining,27.01002365204781,27.01002365204781,linear,elasticnet_8y,current_origin,0,equities_companies,short_h1_h3
elasticnet,8,2,2025-12-31,silver_usd_per_troy_ounce_lag_6,230.1078351218272,230.1078351218272,linear,elasticnet_8y,lag_6m,6,commodities,short_h1_h3
elasticnet,8,2,2025-12-31,shfe_close_cny_per_ton_lag_1,30.41527427598109,30.41527427598109,linear,elasticnet_8y,lag_1m,1,copper_market,short_h1_h3
elasticnet,8,2,2025-12-31,origin_uk_ftse100_antofagasta,323.5634226889975,323.5634226889975,linear,elasticnet_8y,current_origin,0,equities_companies,short_h1_h3
elasticnet,8,2,2025-12-31,south_korea_kospi_lag_1,127.09420649790523,127.09420649790523,linear,elasticnet_8y,lag_1m,1,equities_indices,short_h1_h3
elasticnet,8,2,2025-12-31,origin_canada_tsx_composite_capstone_copper,148.99086750416456,148.99086750416456,linear,elasticnet_8y,current_origin,0,equities_companies,short_h1_h3
elasticnet,8,2,2025-12-31,gold_usd_per_troy_ounce_lag_12,158.37473355796843,158.37473355796843,linear,elasticnet_8y,lag_12m,12,commodities,short_h1_h3
elasticnet,8,2,2025-12-31,origin_germany_dax,-157.71791700079822,157.71791700079822,linear,elasticnet_8y,current_origin,0,equities_indices,short_h1_h3
elasticnet,8,2,2025-12-31,japan_industrial_production_lag_12,-103.23554000703506,103.23554000703506,linear,elasticnet_8y,lag_12m,12,global_macro,short_h1_h3
elasticnet,8,2,2025-12-31,silver_usd_per_troy_ounce_lag_3,50.17549881728368,50.17549881728368,linear,elasticnet_8y,lag_3m,3,commodities,short_h1_h3
elasticnet,8,2,2025-12-31,origin_canada_tsx_composite,-169.97898623119525,169.97898623119525,linear,elasticnet_8y,current_origin,0,equities_indices,short_h1_h3
elasticnet,8,2,2025-12-31,japan_nikkei225_lag_1,18.31638134608513,18.31638134608513,linear,elasticnet_8y,lag_1m,1,equities_indices,short_h1_h3
elasticnet,8,2,2025-12-31,silver_usd_per_troy_ounce_lag_1,98.04312367305356,98.04312367305356,linear,elasticnet_8y,lag_1m,1,commodities,short_h1_h3
elasticnet,8,2,2025-12-31,canada_tsx_composite_lundin_mining_lag_1,-362.7392221655201,362.7392221655201,linear,elasticnet_8y,lag_1m,1,equities_companies,short_h1_h3
elasticnet,8,2,2026-01-31,origin_copper_price_usd_per_ton,112.4646672180573,112.4646672180573,linear,elasticnet_8y,current_origin,0,copper_market,short_h1_h3
elasticnet,8,2,2026-01-31,origin_china_csi300_jiangxi_copper,84.51133394784858,84.51133394784858,linear,elasticnet_8y,current_origin,0,equities_companies,short_h1_h3
elasticnet,8,2,2026-01-31,origin_south_korea_kospi,103.08925860478016,103.08925860478016,linear,elasticnet_8y,current_origin,0,equities_indices,short_h1_h3
elasticnet,8,2,2026-01-31,usa_nasdaq_composite_lag_1,78.32624916646586,78.32624916646586,linear,elasticnet_8y,lag_1m,1,equities_indices,short_h1_h3
elasticnet,8,2,2026-01-31,china_csi300_jiangxi_copper_lag_1,78.52768536236314,78.52768536236314,linear,elasticnet_8y,lag_1m,1,equities_companies,short_h1_h3
elasticnet,8,2,2026-01-31,silver_usd_per_troy_ounce_lag_6,85.91894534974324,85.91894534974324,linear,elasticnet_8y,lag_6m,6,commodities,short_h1_h3
elasticnet,8,2,2026-01-31,origin_canada_tsx_composite_lundin_mining,68.73982428936436,68.73982428936436,linear,elasticnet_8y,current_origin,0,equities_companies,short_h1_h3
elasticnet,8,2,2026-01-31,south_korea_kospi_lag_1,99.84310592633852,99.84310592633852,linear,elasticnet_8y,lag_1m,1,equities_indices,short_h1_h3
elasticnet,8,2,2026-01-31,origin_uk_ftse100_antofagasta,86.26161815059541,86.26161815059541,linear,elasticnet_8y,current_origin,0,equities_companies,short_h1_h3
elasticnet,8,2,2026-01-31,shfe_close_cny_per_ton_lag_1,80.68748682244035,80.68748682244035,linear,elasticnet_8y,lag_1m,1,copper_market,short_h1_h3
elasticnet,8,2,2026-01-31,gold_usd_per_troy_ounce_lag_12,88.81042298732656,88.81042298732656,linear,elasticnet_8y,lag_12m,12,commodities,short_h1_h3
elasticnet,8,2,2026-01-31,origin_canada_tsx_composite_capstone_copper,74.08507539642964,74.08507539642964,linear,elasticnet_8y,current_origin,0,equities_companies,short_h1_h3
elasticnet,8,2,2026-01-31,origin_canada_tsx_composite,60.97049422357932,60.97049422357932,linear,elasticnet_8y,current_origin,0,equities_indices,short_h1_h3
elasticnet,8,2,2026-01-31,origin_germany_dax,41.73967200135804,41.73967200135804,linear,elasticnet_8y,current_origin,0,equities_indices,short_h1_h3
elasticnet,8,2,2026-01-31,silver_usd_per_troy_ounce_lag_3,71.81142258342159,71.81142258342159,linear,elasticnet_8y,lag_3m,3,commodities,short_h1_h3
elasticnet,8,2,2026-01-31,japan_nikkei225_lag_1,54.57103391410888,54.57103391410888,linear,elasticnet_8y,lag_1m,1,equities_indices,short_h1_h3
elasticnet,8,2,2026-01-31,japan_industrial_production_lag_12,-92.96586761351313,92.96586761351313,linear,elasticnet_8y,lag_12m,12,global_macro,short_h1_h3
elasticnet,8,2,2026-01-31,japan_nikkei225_lag_3,51.37423020525592,51.37423020525592,linear,elasticnet_8y,lag_3m,3,equities_indices,short_h1_h3
elasticnet,8,2,2026-01-31,silver_usd_per_troy_ounce_lag_1,67.15829272976369,67.15829272976369,linear,elasticnet_8y,lag_1m,1,commodities,short_h1_h3
elasticnet,8,2,2026-02-28,origin_copper_price_usd_per_ton,89.92243473514914,89.92243473514914,linear,elasticnet_8y,current_origin,0,copper_market,short_h1_h3
elasticnet,8,2,2026-02-28,origin_china_csi300_jiangxi_copper,81.93598555594794,81.93598555594794,linear,elasticnet_8y,current_origin,0,equities_companies,short_h1_h3
elasticnet,8,2,2026-02-28,origin_south_korea_kospi,92.32458209079934,92.32458209079934,linear,elasticnet_8y,current_origin,0,equities_indices,short_h1_h3
elasticnet,8,2,2026-02-28,usa_nasdaq_composite_lag_1,70.53142620217405,70.53142620217405,linear,elasticnet_8y,lag_1m,1,equities_indices,short_h1_h3
elasticnet,8,2,2026-02-28,silver_usd_per_troy_ounce_lag_6,73.27223693430587,73.27223693430587,linear,elasticnet_8y,lag_6m,6,commodities,short_h1_h3
elasticnet,8,2,2026-02-28,origin_canada_tsx_composite_lundin_mining,71.30222469520602,71.30222469520602,linear,elasticnet_8y,current_origin,0,equities_companies,short_h1_h3
elasticnet,8,2,2026-02-28,origin_uk_ftse100_antofagasta,77.27941085321649,77.27941085321649,linear,elasticnet_8y,current_origin,0,equities_companies,short_h1_h3
elasticnet,8,2,2026-02-28,shfe_close_cny_per_ton_lag_1,70.60156412833364,70.60156412833364,linear,elasticnet_8y,lag_1m,1,copper_market,short_h1_h3
elasticnet,8,2,2026-02-28,gold_usd_per_troy_ounce_lag_12,74.27206292766358,74.27206292766358,linear,elasticnet_8y,lag_12m,12,commodities,short_h1_h3
elasticnet,8,2,2026-02-28,origin_canada_tsx_composite_capstone_copper,67.17267143178354,67.17267143178354,linear,elasticnet_8y,current_origin,0,equities_companies,short_h1_h3
elasticnet,8,2,2026-02-28,origin_canada_tsx_composite,60.77379261015548,60.77379261015548,linear,elasticnet_8y,current_origin,0,equities_indices,short_h1_h3
elasticnet,8,2,2026-02-28,silver_usd_per_troy_ounce_lag_3,68.22622238509054,68.22622238509054,linear,elasticnet_8y,lag_3m,3,commodities,short_h1_h3
elasticnet,8,2,2026-02-28,japan_nikkei225_lag_1,57.93330885938442,57.93330885938442,linear,elasticnet_8y,lag_1m,1,equities_indices,short_h1_h3
elasticnet,8,2,2026-02-28,japan_nikkei225_lag_3,52.54670367771404,52.54670367771404,linear,elasticnet_8y,lag_3m,3,equities_indices,short_h1_h3
elasticnet,8,2,2026-02-28,silver_usd_per_troy_ounce_lag_1,67.85037954769992,67.85037954769992,linear,elasticnet_8y,lag_1m,1,commodities,short_h1_h3
elasticnet,8,2,2026-02-28,japan_industrial_production_lag_12,-75.6940364015839,75.6940364015839,linear,elasticnet_8y,lag_12m,12,global_macro,short_h1_h3
elasticnet,8,2,2026-02-28,usa_nasdaq_composite_lag_6,63.74923587550941,63.74923587550941,linear,elasticnet_8y,lag_6m,6,equities_indices,short_h1_h3
elasticnet,8,2,2026-02-28,usa_sp500_lag_3,59.965271938347165,59.965271938347165,linear,elasticnet_8y,lag_3m,3,equities_indices,short_h1_h3
elasticnet,8,2,2026-02-28,target_rolling_mean_3,73.74065393230684,73.74065393230684,linear,elasticnet_8y,rolling_mean_3m,3,unmapped,short_h1_h3
elasticnet,8,2,2026-03-31,origin_copper_price_usd_per_ton,95.2369025620504,95.2369025620504,linear,elasticnet_8y,current_origin,0,copper_market,short_h1_h3
elasticnet,8,2,2026-03-31,origin_china_csi300_jiangxi_copper,71.38884844553787,71.38884844553787,linear,elasticnet_8y,current_origin,0,equities_companies,short_h1_h3
elasticnet,8,2,2026-03-31,origin_south_korea_kospi,90.29005074165808,90.29005074165808,linear,elasticnet_8y,current_origin,0,equities_indices,short_h1_h3
elasticnet,8,2,2026-03-31,usa_nasdaq_composite_lag_1,76.01084576231848,76.01084576231848,linear,elasticnet_8y,lag_1m,1,equities_indices,short_h1_h3
elasticnet,8,2,2026-03-31,silver_usd_per_troy_ounce_lag_6,78.2044520866674,78.2044520866674,linear,elasticnet_8y,lag_6m,6,commodities,short_h1_h3
elasticnet,8,2,2026-03-31,origin_canada_tsx_composite_lundin_mining,66.60844599464063,66.60844599464063,linear,elasticnet_8y,current_origin,0,equities_companies,short_h1_h3
elasticnet,8,2,2026-03-31,origin_uk_ftse100_antofagasta,77.26900844077265,77.26900844077265,linear,elasticnet_8y,current_origin,0,equities_companies,short_h1_h3
elasticnet,8,2,2026-03-31,gold_usd_per_troy_ounce_lag_12,78.95069809729576,78.95069809729576,linear,elasticnet_8y,lag_12m,12,commodities,short_h1_h3
elasticnet,8,2,2026-03-31,shfe_close_cny_per_ton_lag_1,76.5595178061977,76.5595178061977,linear,elasticnet_8y,lag_1m,1,copper_market,short_h1_h3
elasticnet,8,2,2026-03-31,origin_canada_tsx_composite,63.25863354952441,63.25863354952441,linear,elasticnet_8y,current_origin,0,equities_indices,short_h1_h3
elasticnet,8,2,2026-03-31,origin_canada_tsx_composite_capstone_copper,71.40378227325742,71.40378227325742,linear,elasticnet_8y,current_origin,0,equities_companies,short_h1_h3
elasticnet,8,2,2026-03-31,silver_usd_per_troy_ounce_lag_3,69.43844301199394,69.43844301199394,linear,elasticnet_8y,lag_3m,3,commodities,short_h1_h3
elasticnet,8,2,2026-03-31,japan_nikkei225_lag_3,55.68417165358999,55.68417165358999,linear,elasticnet_8y,lag_3m,3,equities_indices,short_h1_h3
elasticnet,8,2,2026-03-31,origin_japan_nikkei225,62.73854499621812,62.73854499621812,linear,elasticnet_8y,current_origin,0,equities_indices,short_h1_h3
elasticnet,8,2,2026-03-31,usa_nasdaq_composite_lag_6,68.81957189869576,68.81957189869576,linear,elasticnet_8y,lag_6m,6,equities_indices,short_h1_h3
elasticnet,8,2,2026-03-31,silver_usd_per_troy_ounce_lag_1,65.21044007424298,65.21044007424298,linear,elasticnet_8y,lag_1m,1,commodities,short_h1_h3
elasticnet,8,2,2026-03-31,usa_sp500_lag_3,64.26720684251086,64.26720684251086,linear,elasticnet_8y,lag_3m,3,equities_indices,short_h1_h3
elasticnet,8,2,2026-03-31,germany_dax_lag_1,51.27047063852959,51.27047063852959,linear,elasticnet_8y,lag_1m,1,equities_indices,short_h1_h3
elasticnet,8,2,2026-03-31,target_rolling_mean_3,81.22179291427118,81.22179291427118,linear,elasticnet_8y,rolling_mean_3m,3,unmapped,short_h1_h3
elasticnet,8,2,2026-04-30,origin_copper_price_usd_per_ton,98.38954900382222,98.38954900382222,linear,elasticnet_8y,current_origin,0,copper_market,short_h1_h3
elasticnet,8,2,2026-04-30,origin_china_csi300_jiangxi_copper,67.65093638987722,67.65093638987722,linear,elasticnet_8y,current_origin,0,equities_companies,short_h1_h3
elasticnet,8,2,2026-04-30,origin_south_korea_kospi,81.18970158241467,81.18970158241467,linear,elasticnet_8y,current_origin,0,equities_indices,short_h1_h3
elasticnet,8,2,2026-04-30,usa_nasdaq_composite_lag_1,82.8233861932935,82.8233861932935,linear,elasticnet_8y,lag_1m,1,equities_indices,short_h1_h3
elasticnet,8,2,2026-04-30,silver_usd_per_troy_ounce_lag_6,82.88874076158113,82.88874076158113,linear,elasticnet_8y,lag_6m,6,commodities,short_h1_h3
elasticnet,8,2,2026-04-30,origin_canada_tsx_composite_lundin_mining,62.74562969245988,62.74562969245988,linear,elasticnet_8y,current_origin,0,equities_companies,short_h1_h3
elasticnet,8,2,2026-04-30,gold_usd_per_troy_ounce_lag_12,83.46380114604992,83.46380114604992,linear,elasticnet_8y,lag_12m,12,commodities,short_h1_h3
elasticnet,8,2,2026-04-30,origin_uk_ftse100_antofagasta,76.33798692499016,76.33798692499016,linear,elasticnet_8y,current_origin,0,equities_companies,short_h1_h3
elasticnet,8,2,2026-04-30,shfe_close_cny_per_ton_lag_1,80.35025383343047,80.35025383343047,linear,elasticnet_8y,lag_1m,1,copper_market,short_h1_h3
elasticnet,8,2,2026-04-30,origin_canada_tsx_composite,68.25770371300327,68.25770371300327,linear,elasticnet_8y,current_origin,0,equities_indices,short_h1_h3
elasticnet,8,2,2026-04-30,origin_canada_tsx_composite_capstone_copper,76.27877046580909,76.27877046580909,linear,elasticnet_8y,current_origin,0,equities_companies,short_h1_h3
elasticnet,8,2,2026-04-30,silver_usd_per_troy_ounce_lag_3,71.36087587028183,71.36087587028183,linear,elasticnet_8y,lag_3m,3,commodities,short_h1_h3
elasticnet,8,2,2026-04-30,origin_japan_nikkei225,67.21038116690517,67.21038116690517,linear,elasticnet_8y,current_origin,0,equities_indices,short_h1_h3
elasticnet,8,2,2026-04-30,usa_nasdaq_composite_lag_6,74.96223259318921,74.96223259318921,linear,elasticnet_8y,lag_6m,6,equities_indices,short_h1_h3
elasticnet,8,2,2026-04-30,usa_sp500_lag_3,70.90255348594818,70.90255348594818,linear,elasticnet_8y,lag_3m,3,equities_indices,short_h1_h3
elasticnet,8,2,2026-04-30,japan_nikkei225_lag_3,60.85832641829642,60.85832641829642,linear,elasticnet_8y,lag_3m,3,equities_indices,short_h1_h3
elasticnet,8,2,2026-04-30,silver_usd_per_troy_ounce_lag_1,54.05736896971667,54.05736896971667,linear,elasticnet_8y,lag_1m,1,commodities,short_h1_h3
elasticnet,8,2,2026-04-30,target_rolling_mean_3,85.36252400712227,85.36252400712227,linear,elasticnet_8y,rolling_mean_3m,3,unmapped,short_h1_h3
elasticnet,8,2,2026-04-30,origin_usa_nyse_hecla_mining,62.00225784013629,62.00225784013629,linear,elasticnet_8y,current_origin,0,equities_companies,short_h1_h3
elasticnet,8,2,2026-05-31,origin_copper_price_usd_per_ton,84.69021211828384,84.69021211828384,linear,elasticnet_8y,current_origin,0,copper_market,short_h1_h3
elasticnet,8,2,2026-05-31,origin_china_csi300_jiangxi_copper,66.34039132001607,66.34039132001607,linear,elasticnet_8y,current_origin,0,equities_companies,short_h1_h3
elasticnet,8,2,2026-05-31,origin_south_korea_kospi,72.50343735910276,72.50343735910276,linear,elasticnet_8y,current_origin,0,equities_indices,short_h1_h3
elasticnet,8,2,2026-05-31,usa_nasdaq_composite_lag_1,76.2769956458528,76.2769956458528,linear,elasticnet_8y,lag_1m,1,equities_indices,short_h1_h3
elasticnet,8,2,2026-05-31,silver_usd_per_troy_ounce_lag_6,74.98138507845242,74.98138507845242,linear,elasticnet_8y,lag_6m,6,commodities,short_h1_h3
elasticnet,8,2,2026-05-31,origin_canada_tsx_composite_lundin_mining,63.07245785737104,63.07245785737104,linear,elasticnet_8y,current_origin,0,equities_companies,short_h1_h3
elasticnet,8,2,2026-05-31,gold_usd_per_troy_ounce_lag_12,76.56193948504107,76.56193948504107,linear,elasticnet_8y,lag_12m,12,commodities,short_h1_h3
elasticnet,8,2,2026-05-31,origin_uk_ftse100_antofagasta,72.45288723468911,72.45288723468911,linear,elasticnet_8y,current_origin,0,equities_companies,short_h1_h3
elasticnet,8,2,2026-05-31,shfe_close_cny_per_ton_lag_1,73.33517575818188,73.33517575818188,linear,elasticnet_8y,lag_1m,1,copper_market,short_h1_h3
elasticnet,8,2,2026-05-31,origin_canada_tsx_composite,66.8743253859246,66.8743253859246,linear,elasticnet_8y,current_origin,0,equities_indices,short_h1_h3
elasticnet,8,2,2026-05-31,origin_canada_tsx_composite_capstone_copper,71.48543948531452,71.48543948531452,linear,elasticnet_8y,current_origin,0,equities_companies,short_h1_h3
elasticnet,8,2,2026-05-31,usa_nasdaq_composite_lag_6,69.37843053726897,69.37843053726897,linear,elasticnet_8y,lag_6m,6,equities_indices,short_h1_h3
elasticnet,8,2,2026-05-31,silver_usd_per_troy_ounce_lag_3,67.40411764148305,67.40411764148305,linear,elasticnet_8y,lag_3m,3,commodities,short_h1_h3
elasticnet,8,2,2026-05-31,origin_japan_nikkei225,66.78352046625078,66.78352046625078,linear,elasticnet_8y,current_origin,0,equities_indices,short_h1_h3
elasticnet,8,2,2026-05-31,japan_nikkei225_lag_3,61.40984842576066,61.40984842576066,linear,elasticnet_8y,lag_3m,3,equities_indices,short_h1_h3
elasticnet,8,2,2026-05-31,silver_usd_per_troy_ounce_lag_1,57.04213771673068,57.04213771673068,linear,elasticnet_8y,lag_1m,1,commodities,short_h1_h3
elasticnet,8,2,2026-05-31,usa_dow_jones_lag_3,65.9216319428897,65.9216319428897,linear,elasticnet_8y,lag_3m,3,equities_indices,short_h1_h3
elasticnet,8,2,2026-05-31,origin_aluminum_cash_usd_per_ton,70.95696081707744,70.95696081707744,linear,elasticnet_8y,current_origin,0,other_metals,short_h1_h3
elasticnet,8,2,2026-05-31,tin_cash_usd_per_ton_lag_1,64.07982485524713,64.07982485524713,linear,elasticnet_8y,lag_1m,1,other_metals,short_h1_h3
elasticnet,8,2,2026-06-30,origin_china_csi300_jiangxi_copper,66.1870024472097,66.1870024472097,linear,elasticnet_8y,current_origin,0,equities_companies,short_h1_h3
elasticnet,8,2,2026-06-30,origin_copper_price_usd_per_ton,81.71341505315,81.71341505315,linear,elasticnet_8y,current_origin,0,copper_market,short_h1_h3
elasticnet,8,2,2026-06-30,origin_south_korea_kospi,67.74508949214923,67.74508949214923,linear,elasticnet_8y,current_origin,0,equities_indices,short_h1_h3
elasticnet,8,2,2026-06-30,usa_nasdaq_composite_lag_1,74.97920113718759,74.97920113718759,linear,elasticnet_8y,lag_1m,1,equities_indices,short_h1_h3
elasticnet,8,2,2026-06-30,silver_usd_per_troy_ounce_lag_6,71.53842713418322,71.53842713418322,linear,elasticnet_8y,lag_6m,6,commodities,short_h1_h3
elasticnet,8,2,2026-06-30,origin_canada_tsx_composite_lundin_mining,62.06669607754685,62.06669607754685,linear,elasticnet_8y,current_origin,0,equities_companies,short_h1_h3
elasticnet,8,2,2026-06-30,gold_usd_per_troy_ounce_lag_12,74.12012219709354,74.12012219709354,linear,elasticnet_8y,lag_12m,12,commodities,short_h1_h3
elasticnet,8,2,2026-06-30,origin_canada_tsx_composite,67.13295019852667,67.13295019852667,linear,elasticnet_8y,current_origin,0,equities_indices,short_h1_h3
elasticnet,8,2,2026-06-30,shfe_close_cny_per_ton_lag_1,72.2692643155278,72.2692643155278,linear,elasticnet_8y,lag_1m,1,copper_market,short_h1_h3
elasticnet,8,2,2026-06-30,usa_nasdaq_composite_lag_6,68.6951814291263,68.6951814291263,linear,elasticnet_8y,lag_6m,6,equities_indices,short_h1_h3
elasticnet,8,2,2026-06-30,silver_usd_per_troy_ounce_lag_3,58.42871477483621,58.42871477483621,linear,elasticnet_8y,lag_3m,3,commodities,short_h1_h3
elasticnet,8,2,2026-06-30,japan_nikkei225_lag_1,65.7354099432072,65.7354099432072,linear,elasticnet_8y,lag_1m,1,equities_indices,short_h1_h3
elasticnet,8,2,2026-06-30,uk_ftse100_antofagasta_lag_1,67.52754031370465,67.52754031370465,linear,elasticnet_8y,lag_1m,1,equities_companies,short_h1_h3
elasticnet,8,2,2026-06-30,japan_nikkei225_lag_3,61.91552860763288,61.91552860763288,linear,elasticnet_8y,lag_3m,3,equities_indices,short_h1_h3
elasticnet,8,2,2026-06-30,origin_aluminum_cash_usd_per_ton,69.62184772775089,69.62184772775089,linear,elasticnet_8y,current_origin,0,other_metals,short_h1_h3
elasticnet,8,2,2026-06-30,silver_usd_per_troy_ounce_lag_1,57.07502072985456,57.07502072985456,linear,elasticnet_8y,lag_1m,1,commodities,short_h1_h3
elasticnet,8,2,2026-06-30,usa_dow_jones_lag_3,66.05111993492118,66.05111993492118,linear,elasticnet_8y,lag_3m,3,equities_indices,short_h1_h3
elasticnet,8,2,2026-06-30,tin_cash_usd_per_ton_lag_1,63.71210522347639,63.71210522347639,linear,elasticnet_8y,lag_1m,1,other_metals,short_h1_h3
elasticnet,8,2,2026-06-30,origin_usa_sp500_southern_copper,64.09798909215758,64.09798909215758,linear,elasticnet_8y,current_origin,0,equities_companies,short_h1_h3
elasticnet,8,3,2025-01-31,origin_south_korea_kospi,81.61844785870119,81.61844785870119,linear,elasticnet_8y,current_origin,0,equities_indices,short_h1_h3
elasticnet,8,3,2025-01-31,origin_copper_price_usd_per_ton,72.54881301341206,72.54881301341206,linear,elasticnet_8y,current_origin,0,copper_market,short_h1_h3
elasticnet,8,3,2025-01-31,japan_industrial_production_lag_12,-74.36825144390937,74.36825144390937,linear,elasticnet_8y,lag_12m,12,global_macro,short_h1_h3
elasticnet,8,3,2025-01-31,origin_uk_ftse100_antofagasta,60.68116506872107,60.68116506872107,linear,elasticnet_8y,current_origin,0,equities_companies,short_h1_h3
elasticnet,8,3,2025-01-31,south_korea_kospi_lag_1,74.74788425548961,74.74788425548961,linear,elasticnet_8y,lag_1m,1,equities_indices,short_h1_h3
elasticnet,8,3,2025-01-31,origin_canada_tsx_composite_capstone_copper,51.19248442618177,51.19248442618177,linear,elasticnet_8y,current_origin,0,equities_companies,short_h1_h3
elasticnet,8,3,2025-01-31,origin_usa_nasdaq_composite,70.12276860602957,70.12276860602957,linear,elasticnet_8y,current_origin,0,equities_indices,short_h1_h3
elasticnet,8,3,2025-01-31,gold_usd_per_troy_ounce_lag_12,75.8442763183738,75.8442763183738,linear,elasticnet_8y,lag_12m,12,commodities,short_h1_h3
elasticnet,8,3,2025-01-31,shfe_close_cny_per_ton_lag_1,57.95150792049048,57.95150792049048,linear,elasticnet_8y,lag_1m,1,copper_market,short_h1_h3
elasticnet,8,3,2025-01-31,uk_ftse100_antofagasta_lag_1,49.64208589783647,49.64208589783647,linear,elasticnet_8y,lag_1m,1,equities_companies,short_h1_h3
elasticnet,8,3,2025-01-31,silver_usd_per_troy_ounce_lag_6,76.88821817428216,76.88821817428216,linear,elasticnet_8y,lag_6m,6,commodities,short_h1_h3
elasticnet,8,3,2025-01-31,origin_usa_sp500_southern_copper,43.81163124910961,43.81163124910961,linear,elasticnet_8y,current_origin,0,equities_companies,short_h1_h3
elasticnet,8,3,2025-01-31,origin_japan_nikkei225,51.67923900625874,51.67923900625874,linear,elasticnet_8y,current_origin,0,equities_indices,short_h1_h3
elasticnet,8,3,2025-01-31,silver_usd_per_troy_ounce_lag_3,65.6973666118468,65.6973666118468,linear,elasticnet_8y,lag_3m,3,commodities,short_h1_h3
elasticnet,8,3,2025-01-31,origin_canada_tsx_composite_lundin_mining,47.626397757437054,47.626397757437054,linear,elasticnet_8y,current_origin,0,equities_companies,short_h1_h3
elasticnet,8,3,2025-01-31,origin_germany_dax,45.633907522116296,45.633907522116296,linear,elasticnet_8y,current_origin,0,equities_indices,short_h1_h3
elasticnet,8,3,2025-01-31,silver_usd_per_troy_ounce_lag_1,64.51962610560862,64.51962610560862,linear,elasticnet_8y,lag_1m,1,commodities,short_h1_h3
elasticnet,8,3,2025-01-31,japan_nikkei225_lag_3,45.06665976723716,45.06665976723716,linear,elasticnet_8y,lag_3m,3,equities_indices,short_h1_h3
elasticnet,8,3,2025-02-28,origin_south_korea_kospi,78.06584116124392,78.06584116124392,linear,elasticnet_8y,current_origin,0,equities_indices,short_h1_h3
elasticnet,8,3,2025-02-28,japan_industrial_production_lag_12,-73.7372658910843,73.7372658910843,linear,elasticnet_8y,lag_12m,12,global_macro,short_h1_h3
elasticnet,8,3,2025-02-28,origin_copper_price_usd_per_ton,71.5678882154251,71.5678882154251,linear,elasticnet_8y,current_origin,0,copper_market,short_h1_h3
elasticnet,8,3,2025-02-28,origin_uk_ftse100_antofagasta,60.686264817939495,60.686264817939495,linear,elasticnet_8y,current_origin,0,equities_companies,short_h1_h3
elasticnet,8,3,2025-02-28,south_korea_kospi_lag_1,71.47023710754436,71.47023710754436,linear,elasticnet_8y,lag_1m,1,equities_indices,short_h1_h3
elasticnet,8,3,2025-02-28,origin_canada_tsx_composite_capstone_copper,51.7381930672477,51.7381930672477,linear,elasticnet_8y,current_origin,0,equities_companies,short_h1_h3
elasticnet,8,3,2025-02-28,silver_usd_per_troy_ounce_lag_6,75.91681159401342,75.91681159401342,linear,elasticnet_8y,lag_6m,6,commodities,short_h1_h3
elasticnet,8,3,2025-02-28,origin_usa_nasdaq_composite,69.68576630972674,69.68576630972674,linear,elasticnet_8y,current_origin,0,equities_indices,short_h1_h3
elasticnet,8,3,2025-02-28,gold_usd_per_troy_ounce_lag_12,76.19020122674479,76.19020122674479,linear,elasticnet_8y,lag_12m,12,commodities,short_h1_h3
elasticnet,8,3,2025-02-28,shfe_close_cny_per_ton_lag_1,58.18137496726174,58.18137496726174,linear,elasticnet_8y,lag_1m,1,copper_market,short_h1_h3
elasticnet,8,3,2025-02-28,uk_ftse100_antofagasta_lag_1,49.48168170860728,49.48168170860728,linear,elasticnet_8y,lag_1m,1,equities_companies,short_h1_h3
elasticnet,8,3,2025-02-28,silver_usd_per_troy_ounce_lag_3,65.20014396866873,65.20014396866873,linear,elasticnet_8y,lag_3m,3,commodities,short_h1_h3
elasticnet,8,3,2025-02-28,origin_usa_sp500_southern_copper,44.06235039419828,44.06235039419828,linear,elasticnet_8y,current_origin,0,equities_companies,short_h1_h3
elasticnet,8,3,2025-02-28,origin_canada_tsx_composite_lundin_mining,45.83977242525343,45.83977242525343,linear,elasticnet_8y,current_origin,0,equities_companies,short_h1_h3
elasticnet,8,3,2025-02-28,origin_japan_nikkei225,52.532116382170265,52.532116382170265,linear,elasticnet_8y,current_origin,0,equities_indices,short_h1_h3
elasticnet,8,3,2025-02-28,origin_china_csi300_jiangxi_copper,58.98683364358506,58.98683364358506,linear,elasticnet_8y,current_origin,0,equities_companies,short_h1_h3
elasticnet,8,3,2025-02-28,silver_usd_per_troy_ounce_lag_1,62.680260166597336,62.680260166597336,linear,elasticnet_8y,lag_1m,1,commodities,short_h1_h3
elasticnet,8,3,2025-02-28,origin_germany_dax,45.046594022628,45.046594022628,linear,elasticnet_8y,current_origin,0,equities_indices,short_h1_h3
elasticnet,8,3,2025-03-31,japan_industrial_production_lag_12,-74.72564751852282,74.72564751852282,linear,elasticnet_8y,lag_12m,12,global_macro,short_h1_h3
elasticnet,8,3,2025-03-31,origin_copper_price_usd_per_ton,71.27846991567979,71.27846991567979,linear,elasticnet_8y,current_origin,0,copper_market,short_h1_h3
elasticnet,8,3,2025-03-31,origin_south_korea_kospi,76.71152937982617,76.71152937982617,linear,elasticnet_8y,current_origin,0,equities_indices,short_h1_h3
elasticnet,8,3,2025-03-31,silver_usd_per_troy_ounce_lag_6,76.94905700384106,76.94905700384106,linear,elasticnet_8y,lag_6m,6,commodities,short_h1_h3
elasticnet,8,3,2025-03-31,origin_canada_tsx_composite_capstone_copper,52.55615242386342,52.55615242386342,linear,elasticnet_8y,current_origin,0,equities_companies,short_h1_h3
elasticnet,8,3,2025-03-31,origin_uk_ftse100_antofagasta,60.56385194140657,60.56385194140657,linear,elasticnet_8y,current_origin,0,equities_companies,short_h1_h3
elasticnet,8,3,2025-03-31,south_korea_kospi_lag_1,70.21945675237977,70.21945675237977,linear,elasticnet_8y,lag_1m,1,equities_indices,short_h1_h3
elasticnet,8,3,2025-03-31,origin_china_csi300_jiangxi_copper,61.69140436090806,61.69140436090806,linear,elasticnet_8y,current_origin,0,equities_companies,short_h1_h3
elasticnet,8,3,2025-03-31,origin_usa_nasdaq_composite,68.58796575168303,68.58796575168303,linear,elasticnet_8y,current_origin,0,equities_indices,short_h1_h3
elasticnet,8,3,2025-03-31,silver_usd_per_troy_ounce_lag_3,65.46434043174547,65.46434043174547,linear,elasticnet_8y,lag_3m,3,commodities,short_h1_h3
elasticnet,8,3,2025-03-31,gold_usd_per_troy_ounce_lag_12,75.66940490224478,75.66940490224478,linear,elasticnet_8y,lag_12m,12,commodities,short_h1_h3
elasticnet,8,3,2025-03-31,shfe_close_cny_per_ton_lag_1,58.01777289934331,58.01777289934331,linear,elasticnet_8y,lag_1m,1,copper_market,short_h1_h3
elasticnet,8,3,2025-03-31,origin_canada_tsx_composite_lundin_mining,47.00541760060572,47.00541760060572,linear,elasticnet_8y,current_origin,0,equities_companies,short_h1_h3
elasticnet,8,3,2025-03-31,origin_usa_sp500_southern_copper,44.40718127976918,44.40718127976918,linear,elasticnet_8y,current_origin,0,equities_companies,short_h1_h3
elasticnet,8,3,2025-03-31,uk_ftse100_antofagasta_lag_1,49.09788060441623,49.09788060441623,linear,elasticnet_8y,lag_1m,1,equities_companies,short_h1_h3
elasticnet,8,3,2025-03-31,origin_japan_nikkei225,52.11168566746523,52.11168566746523,linear,elasticnet_8y,current_origin,0,equities_indices,short_h1_h3
elasticnet,8,3,2025-03-31,silver_usd_per_troy_ounce_lag_1,62.737907444274,62.737907444274,linear,elasticnet_8y,lag_1m,1,commodities,short_h1_h3
elasticnet,8,3,2025-03-31,origin_germany_dax,44.967849847198245,44.967849847198245,linear,elasticnet_8y,current_origin,0,equities_indices,short_h1_h3
elasticnet,8,3,2025-04-30,japan_industrial_production_lag_12,-73.77982308055255,73.77982308055255,linear,elasticnet_8y,lag_12m,12,global_macro,short_h1_h3
elasticnet,8,3,2025-04-30,origin_copper_price_usd_per_ton,69.4462284541755,69.4462284541755,linear,elasticnet_8y,current_origin,0,copper_market,short_h1_h3
elasticnet,8,3,2025-04-30,origin_south_korea_kospi,75.00695910380746,75.00695910380746,linear,elasticnet_8y,current_origin,0,equities_indices,short_h1_h3
elasticnet,8,3,2025-04-30,silver_usd_per_troy_ounce_lag_6,75.201394628849,75.201394628849,linear,elasticnet_8y,lag_6m,6,commodities,short_h1_h3
elasticnet,8,3,2025-04-30,origin_china_csi300_jiangxi_copper,62.68979996839474,62.68979996839474,linear,elasticnet_8y,current_origin,0,equities_companies,short_h1_h3
elasticnet,8,3,2025-04-30,origin_canada_tsx_composite_capstone_copper,53.204332430704525,53.204332430704525,linear,elasticnet_8y,current_origin,0,equities_companies,short_h1_h3
elasticnet,8,3,2025-04-30,origin_uk_ftse100_antofagasta,61.564094488809054,61.564094488809054,linear,elasticnet_8y,current_origin,0,equities_companies,short_h1_h3
elasticnet,8,3,2025-04-30,south_korea_kospi_lag_1,67.76537968562027,67.76537968562027,linear,elasticnet_8y,lag_1m,1,equities_indices,short_h1_h3
elasticnet,8,3,2025-04-30,origin_canada_tsx_composite_lundin_mining,48.27605968922578,48.27605968922578,linear,elasticnet_8y,current_origin,0,equities_companies,short_h1_h3
elasticnet,8,3,2025-04-30,silver_usd_per_troy_ounce_lag_3,63.442649719705166,63.442649719705166,linear,elasticnet_8y,lag_3m,3,commodities,short_h1_h3
elasticnet,8,3,2025-04-30,origin_usa_nasdaq_composite,67.01523531534048,67.01523531534048,linear,elasticnet_8y,current_origin,0,equities_indices,short_h1_h3
elasticnet,8,3,2025-04-30,shfe_close_cny_per_ton_lag_1,57.24589849886786,57.24589849886786,linear,elasticnet_8y,lag_1m,1,copper_market,short_h1_h3
elasticnet,8,3,2025-04-30,gold_usd_per_troy_ounce_lag_12,74.53273715845049,74.53273715845049,linear,elasticnet_8y,lag_12m,12,commodities,short_h1_h3
elasticnet,8,3,2025-04-30,uk_ftse100_antofagasta_lag_1,50.064647061694906,50.064647061694906,linear,elasticnet_8y,lag_1m,1,equities_companies,short_h1_h3
elasticnet,8,3,2025-04-30,silver_usd_per_troy_ounce_lag_1,62.9125800572014,62.9125800572014,linear,elasticnet_8y,lag_1m,1,commodities,short_h1_h3
elasticnet,8,3,2025-04-30,origin_japan_nikkei225,52.8369178583889,52.8369178583889,linear,elasticnet_8y,current_origin,0,equities_indices,short_h1_h3
elasticnet,8,3,2025-04-30,origin_tin_cash_usd_per_ton,52.58910821931788,52.58910821931788,linear,elasticnet_8y,current_origin,0,other_metals,short_h1_h3
elasticnet,8,3,2025-04-30,origin_germany_dax,44.46854890513983,44.46854890513983,linear,elasticnet_8y,current_origin,0,equities_indices,short_h1_h3
elasticnet,8,3,2025-05-31,japan_industrial_production_lag_12,-73.31708918240878,73.31708918240878,linear,elasticnet_8y,lag_12m,12,global_macro,short_h1_h3
elasticnet,8,3,2025-05-31,silver_usd_per_troy_ounce_lag_6,74.93233914151983,74.93233914151983,linear,elasticnet_8y,lag_6m,6,commodities,short_h1_h3
elasticnet,8,3,2025-05-31,origin_copper_price_usd_per_ton,68.37995615549595,68.37995615549595,linear,elasticnet_8y,current_origin,0,copper_market,short_h1_h3
elasticnet,8,3,2025-05-31,origin_south_korea_kospi,72.29850284683683,72.29850284683683,linear,elasticnet_8y,current_origin,0,equities_indices,short_h1_h3
elasticnet,8,3,2025-05-31,origin_china_csi300_jiangxi_copper,61.20964562846768,61.20964562846768,linear,elasticnet_8y,current_origin,0,equities_companies,short_h1_h3
elasticnet,8,3,2025-05-31,origin_canada_tsx_composite_capstone_copper,54.6251748894618,54.6251748894618,linear,elasticnet_8y,current_origin,0,equities_companies,short_h1_h3
elasticnet,8,3,2025-05-31,origin_uk_ftse100_antofagasta,62.1292323204238,62.1292323204238,linear,elasticnet_8y,current_origin,0,equities_companies,short_h1_h3
elasticnet,8,3,2025-05-31,silver_usd_per_troy_ounce_lag_3,63.47713353370437,63.47713353370437,linear,elasticnet_8y,lag_3m,3,commodities,short_h1_h3
elasticnet,8,3,2025-05-31,south_korea_kospi_lag_1,64.52490074009772,64.52490074009772,linear,elasticnet_8y,lag_1m,1,equities_indices,short_h1_h3
elasticnet,8,3,2025-05-31,origin_usa_nasdaq_composite,67.3545568254968,67.3545568254968,linear,elasticnet_8y,current_origin,0,equities_indices,short_h1_h3
elasticnet,8,3,2025-05-31,origin_canada_tsx_composite_lundin_mining,48.17748200491925,48.17748200491925,linear,elasticnet_8y,current_origin,0,equities_companies,short_h1_h3
elasticnet,8,3,2025-05-31,gold_usd_per_troy_ounce_lag_12,75.16086850762713,75.16086850762713,linear,elasticnet_8y,lag_12m,12,commodities,short_h1_h3
elasticnet,8,3,2025-05-31,shfe_close_cny_per_ton_lag_1,57.246549222016455,57.246549222016455,linear,elasticnet_8y,lag_1m,1,copper_market,short_h1_h3
elasticnet,8,3,2025-05-31,silver_usd_per_troy_ounce_lag_1,63.40510977514172,63.40510977514172,linear,elasticnet_8y,lag_1m,1,commodities,short_h1_h3
elasticnet,8,3,2025-05-31,china_csi300_jiangxi_copper_lag_1,51.42570808246532,51.42570808246532,linear,elasticnet_8y,lag_1m,1,equities_companies,short_h1_h3
elasticnet,8,3,2025-05-31,uk_ftse100_antofagasta_lag_1,50.2585030218169,50.2585030218169,linear,elasticnet_8y,lag_1m,1,equities_companies,short_h1_h3
elasticnet,8,3,2025-05-31,origin_tin_cash_usd_per_ton,51.31385113147472,51.31385113147472,linear,elasticnet_8y,current_origin,0,other_metals,short_h1_h3
elasticnet,8,3,2025-05-31,origin_japan_nikkei225,54.39205169894713,54.39205169894713,linear,elasticnet_8y,current_origin,0,equities_indices,short_h1_h3
elasticnet,8,3,2025-06-30,japan_industrial_production_lag_12,-92.08991195584689,92.08991195584689,linear,elasticnet_8y,lag_12m,12,global_macro,short_h1_h3
elasticnet,8,3,2025-06-30,silver_usd_per_troy_ounce_lag_6,95.6933998335983,95.6933998335983,linear,elasticnet_8y,lag_6m,6,commodities,short_h1_h3
elasticnet,8,3,2025-06-30,origin_copper_price_usd_per_ton,79.16363622108197,79.16363622108197,linear,elasticnet_8y,current_origin,0,copper_market,short_h1_h3
elasticnet,8,3,2025-06-30,origin_china_csi300_jiangxi_copper,65.92882064849556,65.92882064849556,linear,elasticnet_8y,current_origin,0,equities_companies,short_h1_h3
elasticnet,8,3,2025-06-30,origin_south_korea_kospi,86.41614104689,86.41614104689,linear,elasticnet_8y,current_origin,0,equities_indices,short_h1_h3
elasticnet,8,3,2025-06-30,origin_uk_ftse100_antofagasta,72.77638805178321,72.77638805178321,linear,elasticnet_8y,current_origin,0,equities_companies,short_h1_h3
elasticnet,8,3,2025-06-30,origin_canada_tsx_composite_capstone_copper,61.05017933945012,61.05017933945012,linear,elasticnet_8y,current_origin,0,equities_companies,short_h1_h3
elasticnet,8,3,2025-06-30,origin_usa_nasdaq_composite,82.79486330334659,82.79486330334659,linear,elasticnet_8y,current_origin,0,equities_indices,short_h1_h3
elasticnet,8,3,2025-06-30,silver_usd_per_troy_ounce_lag_3,72.19359902661311,72.19359902661311,linear,elasticnet_8y,lag_3m,3,commodities,short_h1_h3
elasticnet,8,3,2025-06-30,gold_usd_per_troy_ounce_lag_12,98.48864208710852,98.48864208710852,linear,elasticnet_8y,lag_12m,12,commodities,short_h1_h3
elasticnet,8,3,2025-06-30,origin_canada_tsx_composite_lundin_mining,44.10536060168832,44.10536060168832,linear,elasticnet_8y,current_origin,0,equities_companies,short_h1_h3
elasticnet,8,3,2025-06-30,south_korea_kospi_lag_1,72.58664089324859,72.58664089324859,linear,elasticnet_8y,lag_1m,1,equities_indices,short_h1_h3
elasticnet,8,3,2025-06-30,shfe_close_cny_per_ton_lag_1,62.70298289481939,62.70298289481939,linear,elasticnet_8y,lag_1m,1,copper_market,short_h1_h3
elasticnet,8,3,2025-06-30,china_csi300_jiangxi_copper_lag_1,48.75601974882289,48.75601974882289,linear,elasticnet_8y,lag_1m,1,equities_companies,short_h1_h3
elasticnet,8,3,2025-06-30,silver_usd_per_troy_ounce_lag_1,72.69438556829098,72.69438556829098,linear,elasticnet_8y,lag_1m,1,commodities,short_h1_h3
elasticnet,8,3,2025-06-30,origin_tin_cash_usd_per_ton,51.29312623116865,51.29312623116865,linear,elasticnet_8y,current_origin,0,other_metals,short_h1_h3
elasticnet,8,3,2025-06-30,origin_japan_nikkei225,64.84949502845592,64.84949502845592,linear,elasticnet_8y,current_origin,0,equities_indices,short_h1_h3
elasticnet,8,3,2025-06-30,origin_poland_wig20_kghm,76.46008377764203,76.46008377764203,linear,elasticnet_8y,current_origin,0,equities_companies,short_h1_h3
elasticnet,8,3,2025-07-31,japan_industrial_production_lag_12,-73.01704610232046,73.01704610232046,linear,elasticnet_8y,lag_12m,12,global_macro,short_h1_h3
elasticnet,8,3,2025-07-31,silver_usd_per_troy_ounce_lag_6,73.0193933247809,73.0193933247809,linear,elasticnet_8y,lag_6m,6,commodities,short_h1_h3
elasticnet,8,3,2025-07-31,origin_copper_price_usd_per_ton,70.58882153247276,70.58882153247276,linear,elasticnet_8y,current_origin,0,copper_market,short_h1_h3
elasticnet,8,3,2025-07-31,origin_china_csi300_jiangxi_copper,63.06148739281174,63.06148739281174,linear,elasticnet_8y,current_origin,0,equities_companies,short_h1_h3
elasticnet,8,3,2025-07-31,origin_south_korea_kospi,73.95819822330827,73.95819822330827,linear,elasticnet_8y,current_origin,0,equities_indices,short_h1_h3
elasticnet,8,3,2025-07-31,origin_uk_ftse100_antofagasta,61.76632273628815,61.76632273628815,linear,elasticnet_8y,current_origin,0,equities_companies,short_h1_h3
elasticnet,8,3,2025-07-31,origin_canada_tsx_composite_capstone_copper,54.53145176812548,54.53145176812548,linear,elasticnet_8y,current_origin,0,equities_companies,short_h1_h3
elasticnet,8,3,2025-07-31,origin_usa_nasdaq_composite,66.1631775174158,66.1631775174158,linear,elasticnet_8y,current_origin,0,equities_indices,short_h1_h3
elasticnet,8,3,2025-07-31,silver_usd_per_troy_ounce_lag_3,62.049245355937074,62.049245355937074,linear,elasticnet_8y,lag_3m,3,commodities,short_h1_h3
elasticnet,8,3,2025-07-31,gold_usd_per_troy_ounce_lag_12,73.67899276764071,73.67899276764071,linear,elasticnet_8y,lag_12m,12,commodities,short_h1_h3
elasticnet,8,3,2025-07-31,shfe_close_cny_per_ton_lag_1,58.0949070363617,58.0949070363617,linear,elasticnet_8y,lag_1m,1,copper_market,short_h1_h3
elasticnet,8,3,2025-07-31,origin_canada_tsx_composite_lundin_mining,48.51562034439706,48.51562034439706,linear,elasticnet_8y,current_origin,0,equities_companies,short_h1_h3
elasticnet,8,3,2025-07-31,south_korea_kospi_lag_1,66.93104806239643,66.93104806239643,linear,elasticnet_8y,lag_1m,1,equities_indices,short_h1_h3
elasticnet,8,3,2025-07-31,silver_usd_per_troy_ounce_lag_1,61.38287269262652,61.38287269262652,linear,elasticnet_8y,lag_1m,1,commodities,short_h1_h3
elasticnet,8,3,2025-07-31,china_csi300_jiangxi_copper_lag_1,53.931108166222245,53.931108166222245,linear,elasticnet_8y,lag_1m,1,equities_companies,short_h1_h3
elasticnet,8,3,2025-07-31,uk_ftse100_antofagasta_lag_1,50.22115221922293,50.22115221922293,linear,elasticnet_8y,lag_1m,1,equities_companies,short_h1_h3
elasticnet,8,3,2025-07-31,origin_japan_nikkei225,52.49167820086212,52.49167820086212,linear,elasticnet_8y,current_origin,0,equities_indices,short_h1_h3
elasticnet,8,3,2025-07-31,gold_usd_per_troy_ounce_lag_6,67.99167326820631,67.99167326820631,linear,elasticnet_8y,lag_6m,6,commodities,short_h1_h3
elasticnet,8,3,2025-08-31,japan_industrial_production_lag_12,-62.72709148219344,62.72709148219344,linear,elasticnet_8y,lag_12m,12,global_macro,short_h1_h3
elasticnet,8,3,2025-08-31,silver_usd_per_troy_ounce_lag_6,62.67950173516181,62.67950173516181,linear,elasticnet_8y,lag_6m,6,commodities,short_h1_h3
elasticnet,8,3,2025-08-31,origin_copper_price_usd_per_ton,62.35399026176795,62.35399026176795,linear,elasticnet_8y,current_origin,0,copper_market,short_h1_h3
elasticnet,8,3,2025-08-31,origin_china_csi300_jiangxi_copper,56.08413199196353,56.08413199196353,linear,elasticnet_8y,current_origin,0,equities_companies,short_h1_h3
elasticnet,8,3,2025-08-31,origin_south_korea_kospi,62.23210300901084,62.23210300901084,linear,elasticnet_8y,current_origin,0,equities_indices,short_h1_h3
elasticnet,8,3,2025-08-31,origin_usa_nasdaq_composite,58.93900498659172,58.93900498659172,linear,elasticnet_8y,current_origin,0,equities_indices,short_h1_h3
elasticnet,8,3,2025-08-31,origin_uk_ftse100_antofagasta,55.79193739533213,55.79193739533213,linear,elasticnet_8y,current_origin,0,equities_companies,short_h1_h3
elasticnet,8,3,2025-08-31,origin_canada_tsx_composite_capstone_copper,50.95411503789406,50.95411503789406,linear,elasticnet_8y,current_origin,0,equities_companies,short_h1_h3
elasticnet,8,3,2025-08-31,silver_usd_per_troy_ounce_lag_3,55.67742970469345,55.67742970469345,linear,elasticnet_8y,lag_3m,3,commodities,short_h1_h3
elasticnet,8,3,2025-08-31,shfe_close_cny_per_ton_lag_1,53.914549081071065,53.914549081071065,linear,elasticnet_8y,lag_1m,1,copper_market,short_h1_h3
elasticnet,8,3,2025-08-31,gold_usd_per_troy_ounce_lag_12,62.91140577921551,62.91140577921551,linear,elasticnet_8y,lag_12m,12,commodities,short_h1_h3
elasticnet,8,3,2025-08-31,origin_canada_tsx_composite_lundin_mining,46.36747134388761,46.36747134388761,linear,elasticnet_8y,current_origin,0,equities_companies,short_h1_h3
elasticnet,8,3,2025-08-31,china_csi300_jiangxi_copper_lag_1,49.92897845430208,49.92897845430208,linear,elasticnet_8y,lag_1m,1,equities_companies,short_h1_h3
elasticnet,8,3,2025-08-31,silver_usd_per_troy_ounce_lag_1,55.24420780130775,55.24420780130775,linear,elasticnet_8y,lag_1m,1,commodities,short_h1_h3
elasticnet,8,3,2025-08-31,origin_japan_nikkei225,48.868558965975296,48.868558965975296,linear,elasticnet_8y,current_origin,0,equities_indices,short_h1_h3
elasticnet,8,3,2025-08-31,gold_usd_per_troy_ounce_lag_6,58.71856648714669,58.71856648714669,linear,elasticnet_8y,lag_6m,6,commodities,short_h1_h3
elasticnet,8,3,2025-08-31,uk_ftse100_antofagasta_lag_1,48.38065552125927,48.38065552125927,linear,elasticnet_8y,lag_1m,1,equities_companies,short_h1_h3
elasticnet,8,3,2025-08-31,south_korea_kospi_lag_1,57.469665596240894,57.469665596240894,linear,elasticnet_8y,lag_1m,1,equities_indices,short_h1_h3
elasticnet,8,3,2025-09-30,silver_usd_per_troy_ounce_lag_6,183.09490763812752,183.09490763812752,linear,elasticnet_8y,lag_6m,6,commodities,short_h1_h3
elasticnet,8,3,2025-09-30,japan_industrial_production_lag_12,-94.3937081237542,94.3937081237542,linear,elasticnet_8y,lag_12m,12,global_macro,short_h1_h3
elasticnet,8,3,2025-09-30,origin_copper_price_usd_per_ton,101.31987493185242,101.31987493185242,linear,elasticnet_8y,current_origin,0,copper_market,short_h1_h3
elasticnet,8,3,2025-09-30,origin_china_csi300_jiangxi_copper,197.5598103814288,197.5598103814288,linear,elasticnet_8y,current_origin,0,equities_companies,short_h1_h3
elasticnet,8,3,2025-09-30,origin_usa_nasdaq_composite,148.41962780711657,148.41962780711657,linear,elasticnet_8y,current_origin,0,equities_indices,short_h1_h3
elasticnet,8,3,2025-09-30,origin_south_korea_kospi,503.3737118710355,503.3737118710355,linear,elasticnet_8y,current_origin,0,equities_indices,short_h1_h3
elasticnet,8,3,2025-09-30,origin_uk_ftse100_antofagasta,387.558409936082,387.558409936082,linear,elasticnet_8y,current_origin,0,equities_companies,short_h1_h3
elasticnet,8,3,2025-09-30,silver_usd_per_troy_ounce_lag_3,-149.68634952246325,149.68634952246325,linear,elasticnet_8y,lag_3m,3,commodities,short_h1_h3
elasticnet,8,3,2025-09-30,shfe_close_cny_per_ton_lag_1,-130.02087053528396,130.02087053528396,linear,elasticnet_8y,lag_1m,1,copper_market,short_h1_h3
elasticnet,8,3,2025-09-30,gold_usd_per_troy_ounce_lag_12,352.74181816815064,352.74181816815064,linear,elasticnet_8y,lag_12m,12,commodities,short_h1_h3
elasticnet,8,3,2025-09-30,origin_canada_tsx_composite_capstone_copper,205.99480792291124,205.99480792291124,linear,elasticnet_8y,current_origin,0,equities_companies,short_h1_h3
elasticnet,8,3,2025-09-30,origin_canada_tsx_composite_lundin_mining,-262.33494594302425,262.33494594302425,linear,elasticnet_8y,current_origin,0,equities_companies,short_h1_h3
elasticnet,8,3,2025-09-30,china_csi300_jiangxi_copper_lag_1,-30.918320988381613,30.918320988381613,linear,elasticnet_8y,lag_1m,1,equities_companies,short_h1_h3
elasticnet,8,3,2025-09-30,gold_usd_per_troy_ounce_lag_6,348.10341274545834,348.10341274545834,linear,elasticnet_8y,lag_6m,6,commodities,short_h1_h3
elasticnet,8,3,2025-09-30,silver_usd_per_troy_ounce_lag_1,214.1856425410701,214.1856425410701,linear,elasticnet_8y,lag_1m,1,commodities,short_h1_h3
elasticnet,8,3,2025-09-30,origin_japan_nikkei225,170.8036089648667,170.8036089648667,linear,elasticnet_8y,current_origin,0,equities_indices,short_h1_h3
elasticnet,8,3,2025-09-30,origin_germany_dax,-414.984532633804,414.984532633804,linear,elasticnet_8y,current_origin,0,equities_indices,short_h1_h3
elasticnet,8,3,2025-09-30,uk_ftse100_antofagasta_lag_1,-337.9061616352941,337.9061616352941,linear,elasticnet_8y,lag_1m,1,equities_companies,short_h1_h3
elasticnet,8,3,2025-10-31,silver_usd_per_troy_ounce_lag_6,72.66656514075797,72.66656514075797,linear,elasticnet_8y,lag_6m,6,commodities,short_h1_h3
elasticnet,8,3,2025-10-31,japan_industrial_production_lag_12,-74.54949831822519,74.54949831822519,linear,elasticnet_8y,lag_12m,12,global_macro,short_h1_h3
elasticnet,8,3,2025-10-31,origin_china_csi300_jiangxi_copper,65.9930457587249,65.9930457587249,linear,elasticnet_8y,current_origin,0,equities_companies,short_h1_h3
elasticnet,8,3,2025-10-31,origin_copper_price_usd_per_ton,72.74458393913358,72.74458393913358,linear,elasticnet_8y,current_origin,0,copper_market,short_h1_h3
elasticnet,8,3,2025-10-31,origin_usa_nasdaq_composite,67.5056750891166,67.5056750891166,linear,elasticnet_8y,current_origin,0,equities_indices,short_h1_h3
elasticnet,8,3,2025-10-31,origin_south_korea_kospi,76.42376715474822,76.42376715474822,linear,elasticnet_8y,current_origin,0,equities_indices,short_h1_h3
elasticnet,8,3,2025-10-31,origin_uk_ftse100_antofagasta,64.4949843279359,64.4949843279359,linear,elasticnet_8y,current_origin,0,equities_companies,short_h1_h3
elasticnet,8,3,2025-10-31,silver_usd_per_troy_ounce_lag_3,62.42777056301514,62.42777056301514,linear,elasticnet_8y,lag_3m,3,commodities,short_h1_h3
elasticnet,8,3,2025-10-31,shfe_close_cny_per_ton_lag_1,60.38644892592949,60.38644892592949,linear,elasticnet_8y,lag_1m,1,copper_market,short_h1_h3
elasticnet,8,3,2025-10-31,gold_usd_per_troy_ounce_lag_12,73.03878715498642,73.03878715498642,linear,elasticnet_8y,lag_12m,12,commodities,short_h1_h3
elasticnet,8,3,2025-10-31,gold_usd_per_troy_ounce_lag_6,67.2733998132026,67.2733998132026,linear,elasticnet_8y,lag_6m,6,commodities,short_h1_h3
elasticnet,8,3,2025-10-31,origin_japan_nikkei225,54.43867856065425,54.43867856065425,linear,elasticnet_8y,current_origin,0,equities_indices,short_h1_h3
elasticnet,8,3,2025-10-31,origin_canada_tsx_composite_capstone_copper,56.54858101099862,56.54858101099862,linear,elasticnet_8y,current_origin,0,equities_companies,short_h1_h3
elasticnet,8,3,2025-10-31,china_csi300_jiangxi_copper_lag_1,56.66494007357947,56.66494007357947,linear,elasticnet_8y,lag_1m,1,equities_companies,short_h1_h3
elasticnet,8,3,2025-10-31,origin_canada_tsx_composite_lundin_mining,51.71526348162208,51.71526348162208,linear,elasticnet_8y,current_origin,0,equities_companies,short_h1_h3
elasticnet,8,3,2025-10-31,silver_usd_per_troy_ounce_lag_1,62.62359214948293,62.62359214948293,linear,elasticnet_8y,lag_1m,1,commodities,short_h1_h3
elasticnet,8,3,2025-10-31,south_korea_kospi_lag_1,69.3826014623385,69.3826014623385,linear,elasticnet_8y,lag_1m,1,equities_indices,short_h1_h3
elasticnet,8,3,2025-10-31,usa_dow_jones_lag_1,56.0110413201741,56.0110413201741,linear,elasticnet_8y,lag_1m,1,equities_indices,short_h1_h3
elasticnet,8,3,2025-11-30,silver_usd_per_troy_ounce_lag_6,241.80620557393803,241.80620557393803,linear,elasticnet_8y,lag_6m,6,commodities,short_h1_h3
elasticnet,8,3,2025-11-30,japan_industrial_production_lag_12,-147.59826705737655,147.59826705737655,linear,elasticnet_8y,lag_12m,12,global_macro,short_h1_h3
elasticnet,8,3,2025-11-30,origin_china_csi300_jiangxi_copper,158.88005204732522,158.88005204732522,linear,elasticnet_8y,current_origin,0,equities_companies,short_h1_h3
elasticnet,8,3,2025-11-30,origin_usa_nasdaq_composite,497.03204301444646,497.03204301444646,linear,elasticnet_8y,current_origin,0,equities_indices,short_h1_h3
elasticnet,8,3,2025-11-30,origin_copper_price_usd_per_ton,341.2349791542129,341.2349791542129,linear,elasticnet_8y,current_origin,0,copper_market,short_h1_h3
elasticnet,8,3,2025-11-30,origin_south_korea_kospi,309.5858110387773,309.5858110387773,linear,elasticnet_8y,current_origin,0,equities_indices,short_h1_h3
elasticnet,8,3,2025-11-30,silver_usd_per_troy_ounce_lag_3,-182.78380140618063,182.78380140618063,linear,elasticnet_8y,lag_3m,3,commodities,short_h1_h3
elasticnet,8,3,2025-11-30,gold_usd_per_troy_ounce_lag_12,113.28826790532013,113.28826790532013,linear,elasticnet_8y,lag_12m,12,commodities,short_h1_h3
elasticnet,8,3,2025-11-30,origin_uk_ftse100_antofagasta,486.5552955167603,486.5552955167603,linear,elasticnet_8y,current_origin,0,equities_companies,short_h1_h3
elasticnet,8,3,2025-11-30,shfe_close_cny_per_ton_lag_1,-270.5613242899328,270.5613242899328,linear,elasticnet_8y,lag_1m,1,copper_market,short_h1_h3
elasticnet,8,3,2025-11-30,gold_usd_per_troy_ounce_lag_6,345.99590717125875,345.99590717125875,linear,elasticnet_8y,lag_6m,6,commodities,short_h1_h3
elasticnet,8,3,2025-11-30,origin_japan_nikkei225,20.68741332436545,20.68741332436545,linear,elasticnet_8y,current_origin,0,equities_indices,short_h1_h3
elasticnet,8,3,2025-11-30,china_csi300_jiangxi_copper_lag_1,-164.465409939836,164.465409939836,linear,elasticnet_8y,lag_1m,1,equities_companies,short_h1_h3
elasticnet,8,3,2025-11-30,origin_canada_tsx_composite_lundin_mining,-583.9519952049575,583.9519952049575,linear,elasticnet_8y,current_origin,0,equities_companies,short_h1_h3
elasticnet,8,3,2025-11-30,silver_usd_per_troy_ounce_lag_1,114.31632959521804,114.31632959521804,linear,elasticnet_8y,lag_1m,1,commodities,short_h1_h3
elasticnet,8,3,2025-11-30,origin_canada_tsx_composite_capstone_copper,273.9527748903522,273.9527748903522,linear,elasticnet_8y,current_origin,0,equities_companies,short_h1_h3
elasticnet,8,3,2025-11-30,usa_dow_jones_lag_1,-467.8517170060528,467.8517170060528,linear,elasticnet_8y,lag_1m,1,equities_indices,short_h1_h3
elasticnet,8,3,2025-11-30,south_korea_kospi_lag_1,250.00883062742065,250.00883062742065,linear,elasticnet_8y,lag_1m,1,equities_indices,short_h1_h3
elasticnet,8,3,2025-12-31,silver_usd_per_troy_ounce_lag_6,91.7664525638357,91.7664525638357,linear,elasticnet_8y,lag_6m,6,commodities,short_h1_h3
elasticnet,8,3,2025-12-31,origin_usa_nasdaq_composite,84.50992516224377,84.50992516224377,linear,elasticnet_8y,current_origin,0,equities_indices,short_h1_h3
elasticnet,8,3,2025-12-31,origin_china_csi300_jiangxi_copper,81.3062322132263,81.3062322132263,linear,elasticnet_8y,current_origin,0,equities_companies,short_h1_h3
elasticnet,8,3,2025-12-31,japan_industrial_production_lag_12,-97.46284873566113,97.46284873566113,linear,elasticnet_8y,lag_12m,12,global_macro,short_h1_h3
elasticnet,8,3,2025-12-31,origin_copper_price_usd_per_ton,92.05714522780217,92.05714522780217,linear,elasticnet_8y,current_origin,0,copper_market,short_h1_h3
elasticnet,8,3,2025-12-31,origin_south_korea_kospi,102.8321353050952,102.8321353050952,linear,elasticnet_8y,current_origin,0,equities_indices,short_h1_h3
elasticnet,8,3,2025-12-31,gold_usd_per_troy_ounce_lag_12,94.72861334029572,94.72861334029572,linear,elasticnet_8y,lag_12m,12,commodities,short_h1_h3
elasticnet,8,3,2025-12-31,silver_usd_per_troy_ounce_lag_3,73.12834201682317,73.12834201682317,linear,elasticnet_8y,lag_3m,3,commodities,short_h1_h3
elasticnet,8,3,2025-12-31,gold_usd_per_troy_ounce_lag_6,84.00401648732233,84.00401648732233,linear,elasticnet_8y,lag_6m,6,commodities,short_h1_h3
elasticnet,8,3,2025-12-31,origin_uk_ftse100_antofagasta,80.82647170459396,80.82647170459396,linear,elasticnet_8y,current_origin,0,equities_companies,short_h1_h3
elasticnet,8,3,2025-12-31,japan_nikkei225_lag_1,56.59344717937695,56.59344717937695,linear,elasticnet_8y,lag_1m,1,equities_indices,short_h1_h3
elasticnet,8,3,2025-12-31,shfe_close_cny_per_ton_lag_1,68.71154760878326,68.71154760878326,linear,elasticnet_8y,lag_1m,1,copper_market,short_h1_h3
elasticnet,8,3,2025-12-31,china_csi300_jiangxi_copper_lag_1,62.53944614937456,62.53944614937456,linear,elasticnet_8y,lag_1m,1,equities_companies,short_h1_h3
elasticnet,8,3,2025-12-31,origin_canada_tsx_composite_lundin_mining,55.952664604643225,55.952664604643225,linear,elasticnet_8y,current_origin,0,equities_companies,short_h1_h3
elasticnet,8,3,2025-12-31,usa_dow_jones_lag_1,63.7557353206609,63.7557353206609,linear,elasticnet_8y,lag_1m,1,equities_indices,short_h1_h3
elasticnet,8,3,2025-12-31,silver_usd_per_troy_ounce_lag_1,73.11270921201348,73.11270921201348,linear,elasticnet_8y,lag_1m,1,commodities,short_h1_h3
elasticnet,8,3,2025-12-31,origin_germany_dax,40.946107609593824,40.946107609593824,linear,elasticnet_8y,current_origin,0,equities_indices,short_h1_h3
elasticnet,8,3,2025-12-31,south_korea_kospi_lag_1,90.0169878725834,90.0169878725834,linear,elasticnet_8y,lag_1m,1,equities_indices,short_h1_h3
elasticnet,8,3,2026-01-31,silver_usd_per_troy_ounce_lag_6,93.95300731502414,93.95300731502414,linear,elasticnet_8y,lag_6m,6,commodities,short_h1_h3
elasticnet,8,3,2026-01-31,origin_usa_nasdaq_composite,87.85102750334973,87.85102750334973,linear,elasticnet_8y,current_origin,0,equities_indices,short_h1_h3
elasticnet,8,3,2026-01-31,origin_china_csi300_jiangxi_copper,88.29214426125353,88.29214426125353,linear,elasticnet_8y,current_origin,0,equities_companies,short_h1_h3
elasticnet,8,3,2026-01-31,origin_south_korea_kospi,108.09586105480469,108.09586105480469,linear,elasticnet_8y,current_origin,0,equities_indices,short_h1_h3
elasticnet,8,3,2026-01-31,origin_copper_price_usd_per_ton,93.757220077661,93.757220077661,linear,elasticnet_8y,current_origin,0,copper_market,short_h1_h3
elasticnet,8,3,2026-01-31,japan_industrial_production_lag_12,-96.18000739610936,96.18000739610936,linear,elasticnet_8y,lag_12m,12,global_macro,short_h1_h3
elasticnet,8,3,2026-01-31,gold_usd_per_troy_ounce_lag_12,98.8303255496546,98.8303255496546,linear,elasticnet_8y,lag_12m,12,commodities,short_h1_h3
elasticnet,8,3,2026-01-31,silver_usd_per_troy_ounce_lag_3,77.36366817082758,77.36366817082758,linear,elasticnet_8y,lag_3m,3,commodities,short_h1_h3
elasticnet,8,3,2026-01-31,gold_usd_per_troy_ounce_lag_6,88.92488189611903,88.92488189611903,linear,elasticnet_8y,lag_6m,6,commodities,short_h1_h3
elasticnet,8,3,2026-01-31,origin_uk_ftse100_antofagasta,85.7494738429692,85.7494738429692,linear,elasticnet_8y,current_origin,0,equities_companies,short_h1_h3
elasticnet,8,3,2026-01-31,japan_nikkei225_lag_1,60.32913710505607,60.32913710505607,linear,elasticnet_8y,lag_1m,1,equities_indices,short_h1_h3
elasticnet,8,3,2026-01-31,china_csi300_jiangxi_copper_lag_1,68.16153823349947,68.16153823349947,linear,elasticnet_8y,lag_1m,1,equities_companies,short_h1_h3
elasticnet,8,3,2026-01-31,usa_dow_jones_lag_1,66.56251938234077,66.56251938234077,linear,elasticnet_8y,lag_1m,1,equities_indices,short_h1_h3
elasticnet,8,3,2026-01-31,shfe_close_cny_per_ton_lag_1,69.54357962837949,69.54357962837949,linear,elasticnet_8y,lag_1m,1,copper_market,short_h1_h3
elasticnet,8,3,2026-01-31,origin_canada_tsx_composite_lundin_mining,63.43857257730225,63.43857257730225,linear,elasticnet_8y,current_origin,0,equities_companies,short_h1_h3
elasticnet,8,3,2026-01-31,south_korea_kospi_lag_1,94.5295369859914,94.5295369859914,linear,elasticnet_8y,lag_1m,1,equities_indices,short_h1_h3
elasticnet,8,3,2026-01-31,silver_usd_per_troy_ounce_lag_1,78.36590271310794,78.36590271310794,linear,elasticnet_8y,lag_1m,1,commodities,short_h1_h3
elasticnet,8,3,2026-01-31,origin_germany_dax,45.8233467447904,45.8233467447904,linear,elasticnet_8y,current_origin,0,equities_indices,short_h1_h3
elasticnet,8,3,2026-02-28,silver_usd_per_troy_ounce_lag_6,97.19407193009908,97.19407193009908,linear,elasticnet_8y,lag_6m,6,commodities,short_h1_h3
elasticnet,8,3,2026-02-28,origin_usa_nasdaq_composite,90.36273625536624,90.36273625536624,linear,elasticnet_8y,current_origin,0,equities_indices,short_h1_h3
elasticnet,8,3,2026-02-28,origin_china_csi300_jiangxi_copper,97.21283886309732,97.21283886309732,linear,elasticnet_8y,current_origin,0,equities_companies,short_h1_h3
elasticnet,8,3,2026-02-28,origin_south_korea_kospi,117.07669591246436,117.07669591246436,linear,elasticnet_8y,current_origin,0,equities_indices,short_h1_h3
elasticnet,8,3,2026-02-28,origin_copper_price_usd_per_ton,100.05809002675868,100.05809002675868,linear,elasticnet_8y,current_origin,0,copper_market,short_h1_h3
elasticnet,8,3,2026-02-28,japan_industrial_production_lag_12,-100.55171852268694,100.55171852268694,linear,elasticnet_8y,lag_12m,12,global_macro,short_h1_h3
elasticnet,8,3,2026-02-28,gold_usd_per_troy_ounce_lag_12,100.76931448051644,100.76931448051644,linear,elasticnet_8y,lag_12m,12,commodities,short_h1_h3
elasticnet,8,3,2026-02-28,gold_usd_per_troy_ounce_lag_6,89.51470010849476,89.51470010849476,linear,elasticnet_8y,lag_6m,6,commodities,short_h1_h3
elasticnet,8,3,2026-02-28,silver_usd_per_troy_ounce_lag_3,80.93386761229152,80.93386761229152,linear,elasticnet_8y,lag_3m,3,commodities,short_h1_h3
elasticnet,8,3,2026-02-28,usa_dow_jones_lag_1,68.1419312535474,68.1419312535474,linear,elasticnet_8y,lag_1m,1,equities_indices,short_h1_h3
elasticnet,8,3,2026-02-28,japan_nikkei225_lag_1,61.86240001577739,61.86240001577739,linear,elasticnet_8y,lag_1m,1,equities_indices,short_h1_h3
elasticnet,8,3,2026-02-28,origin_uk_ftse100_antofagasta,89.48587872673038,89.48587872673038,linear,elasticnet_8y,current_origin,0,equities_companies,short_h1_h3
elasticnet,8,3,2026-02-28,south_korea_kospi_lag_1,105.28109015861403,105.28109015861403,linear,elasticnet_8y,lag_1m,1,equities_indices,short_h1_h3
elasticnet,8,3,2026-02-28,origin_canada_tsx_composite_lundin_mining,70.14402493921888,70.14402493921888,linear,elasticnet_8y,current_origin,0,equities_companies,short_h1_h3
elasticnet,8,3,2026-02-28,shfe_close_cny_per_ton_lag_1,73.3356227490337,73.3356227490337,linear,elasticnet_8y,lag_1m,1,copper_market,short_h1_h3
elasticnet,8,3,2026-02-28,silver_usd_per_troy_ounce_lag_1,81.62494481284745,81.62494481284745,linear,elasticnet_8y,lag_1m,1,commodities,short_h1_h3
elasticnet,8,3,2026-02-28,origin_germany_dax,48.02369896565518,48.02369896565518,linear,elasticnet_8y,current_origin,0,equities_indices,short_h1_h3
elasticnet,8,3,2026-02-28,japan_nikkei225_lag_3,51.3023492251391,51.3023492251391,linear,elasticnet_8y,lag_3m,3,equities_indices,short_h1_h3
elasticnet,8,3,2026-03-31,silver_usd_per_troy_ounce_lag_6,83.98506957644807,83.98506957644807,linear,elasticnet_8y,lag_6m,6,commodities,short_h1_h3
elasticnet,8,3,2026-03-31,origin_usa_nasdaq_composite,80.91990553467699,80.91990553467699,linear,elasticnet_8y,current_origin,0,equities_indices,short_h1_h3
elasticnet,8,3,2026-03-31,origin_china_csi300_jiangxi_copper,84.98393700723746,84.98393700723746,linear,elasticnet_8y,current_origin,0,equities_companies,short_h1_h3
elasticnet,8,3,2026-03-31,origin_south_korea_kospi,97.73803439294034,97.73803439294034,linear,elasticnet_8y,current_origin,0,equities_indices,short_h1_h3
elasticnet,8,3,2026-03-31,origin_copper_price_usd_per_ton,88.59366671538143,88.59366671538143,linear,elasticnet_8y,current_origin,0,copper_market,short_h1_h3
elasticnet,8,3,2026-03-31,gold_usd_per_troy_ounce_lag_12,85.086315414381,85.086315414381,linear,elasticnet_8y,lag_12m,12,commodities,short_h1_h3
elasticnet,8,3,2026-03-31,japan_industrial_production_lag_12,-85.97266510036464,85.97266510036464,linear,elasticnet_8y,lag_12m,12,global_macro,short_h1_h3
elasticnet,8,3,2026-03-31,gold_usd_per_troy_ounce_lag_6,77.1469474487869,77.1469474487869,linear,elasticnet_8y,lag_6m,6,commodities,short_h1_h3
elasticnet,8,3,2026-03-31,silver_usd_per_troy_ounce_lag_3,75.90096368737684,75.90096368737684,linear,elasticnet_8y,lag_3m,3,commodities,short_h1_h3
elasticnet,8,3,2026-03-31,origin_uk_ftse100_antofagasta,80.0390829198144,80.0390829198144,linear,elasticnet_8y,current_origin,0,equities_companies,short_h1_h3
elasticnet,8,3,2026-03-31,japan_nikkei225_lag_1,63.9449328626994,63.9449328626994,linear,elasticnet_8y,lag_1m,1,equities_indices,short_h1_h3
elasticnet,8,3,2026-03-31,origin_canada_tsx_composite_lundin_mining,69.94585665422856,69.94585665422856,linear,elasticnet_8y,current_origin,0,equities_companies,short_h1_h3
elasticnet,8,3,2026-03-31,shfe_close_cny_per_ton_lag_1,73.16406363400732,73.16406363400732,linear,elasticnet_8y,lag_1m,1,copper_market,short_h1_h3
elasticnet,8,3,2026-03-31,silver_usd_per_troy_ounce_lag_1,75.38954508276063,75.38954508276063,linear,elasticnet_8y,lag_1m,1,commodities,short_h1_h3
elasticnet,8,3,2026-03-31,origin_germany_dax,56.37543611485408,56.37543611485408,linear,elasticnet_8y,current_origin,0,equities_indices,short_h1_h3
elasticnet,8,3,2026-03-31,usa_nasdaq_composite_lag_6,70.54208754921116,70.54208754921116,linear,elasticnet_8y,lag_6m,6,equities_indices,short_h1_h3
elasticnet,8,3,2026-03-31,japan_nikkei225_lag_3,56.694274390313325,56.694274390313325,linear,elasticnet_8y,lag_3m,3,equities_indices,short_h1_h3
elasticnet,8,3,2026-03-31,china_refined_copper_production_ton_lag_12,53.20005268810173,53.20005268810173,linear,elasticnet_8y,lag_12m,12,china,short_h1_h3
elasticnet,8,3,2026-04-30,origin_usa_nasdaq_composite,571.9282194623786,571.9282194623786,linear,elasticnet_8y,current_origin,0,equities_indices,short_h1_h3
elasticnet,8,3,2026-04-30,silver_usd_per_troy_ounce_lag_6,208.16663282468036,208.16663282468036,linear,elasticnet_8y,lag_6m,6,commodities,short_h1_h3
elasticnet,8,3,2026-04-30,origin_china_csi300_jiangxi_copper,9.87106027258202,9.87106027258202,linear,elasticnet_8y,current_origin,0,equities_companies,short_h1_h3
elasticnet,8,3,2026-04-30,origin_south_korea_kospi,562.8056953527588,562.8056953527588,linear,elasticnet_8y,current_origin,0,equities_indices,short_h1_h3
elasticnet,8,3,2026-04-30,gold_usd_per_troy_ounce_lag_12,498.0609550971681,498.0609550971681,linear,elasticnet_8y,lag_12m,12,commodities,short_h1_h3
elasticnet,8,3,2026-04-30,origin_copper_price_usd_per_ton,407.1736244686091,407.1736244686091,linear,elasticnet_8y,current_origin,0,copper_market,short_h1_h3
elasticnet,8,3,2026-04-30,gold_usd_per_troy_ounce_lag_6,404.997555838485,404.997555838485,linear,elasticnet_8y,lag_6m,6,commodities,short_h1_h3
elasticnet,8,3,2026-04-30,silver_usd_per_troy_ounce_lag_3,-175.47105506675564,175.47105506675564,linear,elasticnet_8y,lag_3m,3,commodities,short_h1_h3
elasticnet,8,3,2026-04-30,japan_industrial_production_lag_12,-159.9639840040489,159.9639840040489,linear,elasticnet_8y,lag_12m,12,global_macro,short_h1_h3
elasticnet,8,3,2026-04-30,origin_japan_nikkei225,132.46414202953667,132.46414202953667,linear,elasticnet_8y,current_origin,0,equities_indices,short_h1_h3
elasticnet,8,3,2026-04-30,origin_uk_ftse100_antofagasta,401.29858611788126,401.29858611788126,linear,elasticnet_8y,current_origin,0,equities_companies,short_h1_h3
elasticnet,8,3,2026-04-30,origin_canada_tsx_composite_lundin_mining,-397.7440169220444,397.7440169220444,linear,elasticnet_8y,current_origin,0,equities_companies,short_h1_h3
elasticnet,8,3,2026-04-30,shfe_close_cny_per_ton_lag_1,-205.3610804477644,205.3610804477644,linear,elasticnet_8y,lag_1m,1,copper_market,short_h1_h3
elasticnet,8,3,2026-04-30,silver_usd_per_troy_ounce_lag_1,-11.987796569133089,11.987796569133089,linear,elasticnet_8y,lag_1m,1,commodities,short_h1_h3
elasticnet,8,3,2026-04-30,usa_nasdaq_composite_lag_6,-86.36081309105434,86.36081309105434,linear,elasticnet_8y,lag_6m,6,equities_indices,short_h1_h3
elasticnet,8,3,2026-04-30,japan_nikkei225_lag_3,-191.2775746991043,191.2775746991043,linear,elasticnet_8y,lag_3m,3,equities_indices,short_h1_h3
elasticnet,8,3,2026-04-30,origin_canada_tsx_composite,-574.9305880335943,574.9305880335943,linear,elasticnet_8y,current_origin,0,equities_indices,short_h1_h3
elasticnet,8,3,2026-04-30,usa_sp500_lag_3,167.84217743498593,167.84217743498593,linear,elasticnet_8y,lag_3m,3,equities_indices,short_h1_h3
elasticnet,8,3,2026-05-31,origin_usa_nasdaq_composite,79.2683624708798,79.2683624708798,linear,elasticnet_8y,current_origin,0,equities_indices,short_h1_h3
elasticnet,8,3,2026-05-31,silver_usd_per_troy_ounce_lag_6,78.92998214046834,78.92998214046834,linear,elasticnet_8y,lag_6m,6,commodities,short_h1_h3
elasticnet,8,3,2026-05-31,origin_china_csi300_jiangxi_copper,67.77864442212079,67.77864442212079,linear,elasticnet_8y,current_origin,0,equities_companies,short_h1_h3
elasticnet,8,3,2026-05-31,origin_south_korea_kospi,77.24395157283895,77.24395157283895,linear,elasticnet_8y,current_origin,0,equities_indices,short_h1_h3
elasticnet,8,3,2026-05-31,gold_usd_per_troy_ounce_lag_12,80.34432257505473,80.34432257505473,linear,elasticnet_8y,lag_12m,12,commodities,short_h1_h3
elasticnet,8,3,2026-05-31,origin_copper_price_usd_per_ton,81.07738162180888,81.07738162180888,linear,elasticnet_8y,current_origin,0,copper_market,short_h1_h3
elasticnet,8,3,2026-05-31,gold_usd_per_troy_ounce_lag_6,75.28801153539413,75.28801153539413,linear,elasticnet_8y,lag_6m,6,commodities,short_h1_h3
elasticnet,8,3,2026-05-31,silver_usd_per_troy_ounce_lag_3,71.95806249021345,71.95806249021345,linear,elasticnet_8y,lag_3m,3,commodities,short_h1_h3
elasticnet,8,3,2026-05-31,japan_nikkei225_lag_1,66.37644706035161,66.37644706035161,linear,elasticnet_8y,lag_1m,1,equities_indices,short_h1_h3
elasticnet,8,3,2026-05-31,origin_canada_tsx_composite_lundin_mining,62.86968075630002,62.86968075630002,linear,elasticnet_8y,current_origin,0,equities_companies,short_h1_h3
elasticnet,8,3,2026-05-31,origin_uk_ftse100_antofagasta,72.52505373428123,72.52505373428123,linear,elasticnet_8y,current_origin,0,equities_companies,short_h1_h3
elasticnet,8,3,2026-05-31,japan_industrial_production_lag_12,-77.29687452575229,77.29687452575229,linear,elasticnet_8y,lag_12m,12,global_macro,short_h1_h3
elasticnet,8,3,2026-05-31,silver_usd_per_troy_ounce_lag_1,61.71460466422483,61.71460466422483,linear,elasticnet_8y,lag_1m,1,commodities,short_h1_h3
elasticnet,8,3,2026-05-31,usa_nasdaq_composite_lag_6,70.11873316264064,70.11873316264064,linear,elasticnet_8y,lag_6m,6,equities_indices,short_h1_h3
elasticnet,8,3,2026-05-31,shfe_close_cny_per_ton_lag_1,71.60547049162894,71.60547049162894,linear,elasticnet_8y,lag_1m,1,copper_market,short_h1_h3
elasticnet,8,3,2026-05-31,origin_canada_tsx_composite,67.64045328762937,67.64045328762937,linear,elasticnet_8y,current_origin,0,equities_indices,short_h1_h3
elasticnet,8,3,2026-05-31,japan_nikkei225_lag_3,60.96026734900844,60.96026734900844,linear,elasticnet_8y,lag_3m,3,equities_indices,short_h1_h3
elasticnet,8,3,2026-05-31,origin_canada_tsx_composite_capstone_copper,70.05136574079602,70.05136574079602,linear,elasticnet_8y,current_origin,0,equities_companies,short_h1_h3
sarimax,8,4,2025-01-31,japan_industrial_production_lag_12,,,sarimax,sarimax_8y,lag_12m,12,global_macro,medium_h4_h6
sarimax,8,4,2025-01-31,origin_south_korea_kospi,,,sarimax,sarimax_8y,current_origin,0,equities_indices,medium_h4_h6
sarimax,8,4,2025-01-31,silver_usd_per_troy_ounce_lag_6,,,sarimax,sarimax_8y,lag_6m,6,commodities,medium_h4_h6
sarimax,8,4,2025-01-31,origin_usa_nasdaq_composite,,,sarimax,sarimax_8y,current_origin,0,equities_indices,medium_h4_h6
sarimax,8,4,2025-02-28,japan_industrial_production_lag_12,,,sarimax,sarimax_8y,lag_12m,12,global_macro,medium_h4_h6
sarimax,8,4,2025-02-28,origin_south_korea_kospi,,,sarimax,sarimax_8y,current_origin,0,equities_indices,medium_h4_h6
sarimax,8,4,2025-02-28,silver_usd_per_troy_ounce_lag_6,,,sarimax,sarimax_8y,lag_6m,6,commodities,medium_h4_h6
sarimax,8,4,2025-02-28,silver_usd_per_troy_ounce_lag_3,,,sarimax,sarimax_8y,lag_3m,3,commodities,medium_h4_h6
sarimax,8,4,2025-03-31,japan_industrial_production_lag_12,,,sarimax,sarimax_8y,lag_12m,12,global_macro,medium_h4_h6
sarimax,8,4,2025-03-31,silver_usd_per_troy_ounce_lag_6,,,sarimax,sarimax_8y,lag_6m,6,commodities,medium_h4_h6
sarimax,8,4,2025-03-31,silver_usd_per_troy_ounce_lag_3,,,sarimax,sarimax_8y,lag_3m,3,commodities,medium_h4_h6
sarimax,8,4,2025-03-31,origin_south_korea_kospi,,,sarimax,sarimax_8y,current_origin,0,equities_indices,medium_h4_h6
sarimax,8,4,2025-04-30,japan_industrial_production_lag_12,,,sarimax,sarimax_8y,lag_12m,12,global_macro,medium_h4_h6
sarimax,8,4,2025-04-30,silver_usd_per_troy_ounce_lag_6,,,sarimax,sarimax_8y,lag_6m,6,commodities,medium_h4_h6
sarimax,8,4,2025-04-30,silver_usd_per_troy_ounce_lag_3,,,sarimax,sarimax_8y,lag_3m,3,commodities,medium_h4_h6
sarimax,8,4,2025-04-30,origin_south_korea_kospi,,,sarimax,sarimax_8y,current_origin,0,equities_indices,medium_h4_h6
sarimax,8,4,2025-05-31,japan_industrial_production_lag_12,,,sarimax,sarimax_8y,lag_12m,12,global_macro,medium_h4_h6
sarimax,8,4,2025-05-31,silver_usd_per_troy_ounce_lag_6,,,sarimax,sarimax_8y,lag_6m,6,commodities,medium_h4_h6
sarimax,8,4,2025-05-31,silver_usd_per_troy_ounce_lag_3,,,sarimax,sarimax_8y,lag_3m,3,commodities,medium_h4_h6
sarimax,8,4,2025-05-31,origin_usa_nasdaq_composite,,,sarimax,sarimax_8y,current_origin,0,equities_indices,medium_h4_h6
sarimax,8,4,2025-06-30,japan_industrial_production_lag_12,,,sarimax,sarimax_8y,lag_12m,12,global_macro,medium_h4_h6
sarimax,8,4,2025-06-30,silver_usd_per_troy_ounce_lag_6,,,sarimax,sarimax_8y,lag_6m,6,commodities,medium_h4_h6
sarimax,8,4,2025-06-30,silver_usd_per_troy_ounce_lag_3,,,sarimax,sarimax_8y,lag_3m,3,commodities,medium_h4_h6
sarimax,8,4,2025-06-30,origin_usa_nasdaq_composite,,,sarimax,sarimax_8y,current_origin,0,equities_indices,medium_h4_h6
sarimax,8,4,2025-07-31,japan_industrial_production_lag_12,,,sarimax,sarimax_8y,lag_12m,12,global_macro,medium_h4_h6
sarimax,8,4,2025-07-31,silver_usd_per_troy_ounce_lag_6,,,sarimax,sarimax_8y,lag_6m,6,commodities,medium_h4_h6
sarimax,8,4,2025-07-31,origin_usa_nasdaq_composite,,,sarimax,sarimax_8y,current_origin,0,equities_indices,medium_h4_h6
sarimax,8,4,2025-07-31,silver_usd_per_troy_ounce_lag_3,,,sarimax,sarimax_8y,lag_3m,3,commodities,medium_h4_h6
sarimax,8,4,2025-08-31,japan_industrial_production_lag_12,,,sarimax,sarimax_8y,lag_12m,12,global_macro,medium_h4_h6
sarimax,8,4,2025-08-31,silver_usd_per_troy_ounce_lag_6,,,sarimax,sarimax_8y,lag_6m,6,commodities,medium_h4_h6
sarimax,8,4,2025-08-31,origin_usa_nasdaq_composite,,,sarimax,sarimax_8y,current_origin,0,equities_indices,medium_h4_h6
sarimax,8,4,2025-08-31,silver_usd_per_troy_ounce_lag_3,,,sarimax,sarimax_8y,lag_3m,3,commodities,medium_h4_h6
sarimax,8,4,2025-09-30,japan_industrial_production_lag_12,,,sarimax,sarimax_8y,lag_12m,12,global_macro,medium_h4_h6
sarimax,8,4,2025-09-30,silver_usd_per_troy_ounce_lag_6,,,sarimax,sarimax_8y,lag_6m,6,commodities,medium_h4_h6
sarimax,8,4,2025-09-30,origin_usa_nasdaq_composite,,,sarimax,sarimax_8y,current_origin,0,equities_indices,medium_h4_h6
sarimax,8,4,2025-09-30,silver_usd_per_troy_ounce_lag_3,,,sarimax,sarimax_8y,lag_3m,3,commodities,medium_h4_h6
sarimax,8,4,2025-10-31,japan_industrial_production_lag_12,,,sarimax,sarimax_8y,lag_12m,12,global_macro,medium_h4_h6
sarimax,8,4,2025-10-31,silver_usd_per_troy_ounce_lag_6,,,sarimax,sarimax_8y,lag_6m,6,commodities,medium_h4_h6
sarimax,8,4,2025-10-31,origin_usa_nasdaq_composite,,,sarimax,sarimax_8y,current_origin,0,equities_indices,medium_h4_h6
sarimax,8,4,2025-10-31,gold_usd_per_troy_ounce_lag_6,,,sarimax,sarimax_8y,lag_6m,6,commodities,medium_h4_h6
sarimax,8,4,2025-11-30,silver_usd_per_troy_ounce_lag_6,,,sarimax,sarimax_8y,lag_6m,6,commodities,medium_h4_h6
sarimax,8,4,2025-11-30,japan_industrial_production_lag_12,,,sarimax,sarimax_8y,lag_12m,12,global_macro,medium_h4_h6
sarimax,8,4,2025-11-30,origin_usa_nasdaq_composite,,,sarimax,sarimax_8y,current_origin,0,equities_indices,medium_h4_h6
sarimax,8,4,2025-11-30,gold_usd_per_troy_ounce_lag_6,,,sarimax,sarimax_8y,lag_6m,6,commodities,medium_h4_h6
sarimax,8,4,2025-12-31,silver_usd_per_troy_ounce_lag_6,,,sarimax,sarimax_8y,lag_6m,6,commodities,medium_h4_h6
sarimax,8,4,2025-12-31,origin_usa_nasdaq_composite,,,sarimax,sarimax_8y,current_origin,0,equities_indices,medium_h4_h6
sarimax,8,4,2025-12-31,japan_industrial_production_lag_12,,,sarimax,sarimax_8y,lag_12m,12,global_macro,medium_h4_h6
sarimax,8,4,2025-12-31,gold_usd_per_troy_ounce_lag_6,,,sarimax,sarimax_8y,lag_6m,6,commodities,medium_h4_h6
sarimax,8,4,2026-01-31,silver_usd_per_troy_ounce_lag_6,,,sarimax,sarimax_8y,lag_6m,6,commodities,medium_h4_h6
sarimax,8,4,2026-01-31,origin_usa_nasdaq_composite,,,sarimax,sarimax_8y,current_origin,0,equities_indices,medium_h4_h6
sarimax,8,4,2026-01-31,japan_industrial_production_lag_12,,,sarimax,sarimax_8y,lag_12m,12,global_macro,medium_h4_h6
sarimax,8,4,2026-01-31,gold_usd_per_troy_ounce_lag_6,,,sarimax,sarimax_8y,lag_6m,6,commodities,medium_h4_h6
sarimax,8,4,2026-02-28,silver_usd_per_troy_ounce_lag_6,,,sarimax,sarimax_8y,lag_6m,6,commodities,medium_h4_h6
sarimax,8,4,2026-02-28,origin_usa_nasdaq_composite,,,sarimax,sarimax_8y,current_origin,0,equities_indices,medium_h4_h6
sarimax,8,4,2026-02-28,japan_industrial_production_lag_12,,,sarimax,sarimax_8y,lag_12m,12,global_macro,medium_h4_h6
sarimax,8,4,2026-02-28,gold_usd_per_troy_ounce_lag_6,,,sarimax,sarimax_8y,lag_6m,6,commodities,medium_h4_h6
sarimax,8,4,2026-03-31,origin_usa_nasdaq_composite,,,sarimax,sarimax_8y,current_origin,0,equities_indices,medium_h4_h6
sarimax,8,4,2026-03-31,silver_usd_per_troy_ounce_lag_6,,,sarimax,sarimax_8y,lag_6m,6,commodities,medium_h4_h6
sarimax,8,4,2026-03-31,gold_usd_per_troy_ounce_lag_6,,,sarimax,sarimax_8y,lag_6m,6,commodities,medium_h4_h6
sarimax,8,4,2026-03-31,japan_industrial_production_lag_12,,,sarimax,sarimax_8y,lag_12m,12,global_macro,medium_h4_h6
sarimax,8,4,2026-04-30,origin_usa_nasdaq_composite,,,sarimax,sarimax_8y,current_origin,0,equities_indices,medium_h4_h6
sarimax,8,4,2026-04-30,silver_usd_per_troy_ounce_lag_6,,,sarimax,sarimax_8y,lag_6m,6,commodities,medium_h4_h6
sarimax,8,4,2026-04-30,gold_usd_per_troy_ounce_lag_6,,,sarimax,sarimax_8y,lag_6m,6,commodities,medium_h4_h6
sarimax,8,4,2026-04-30,japan_industrial_production_lag_12,,,sarimax,sarimax_8y,lag_12m,12,global_macro,medium_h4_h6
ridge,10,5,2025-01-31,origin_usa_nasdaq_composite,139.15165011476952,139.15165011476952,linear,ridge_10y,current_origin,0,equities_indices,medium_h4_h6
ridge,10,5,2025-01-31,origin_uk_ftse100_antofagasta,83.7009829266679,83.7009829266679,linear,ridge_10y,current_origin,0,equities_companies,medium_h4_h6
ridge,10,5,2025-01-31,origin_south_korea_kospi,176.01882812519068,176.01882812519068,linear,ridge_10y,current_origin,0,equities_indices,medium_h4_h6
ridge,10,5,2025-01-31,origin_turkey_bist100,1.2841490663624726,1.2841490663624726,linear,ridge_10y,current_origin,0,equities_indices,medium_h4_h6
ridge,10,5,2025-01-31,gold_usd_per_troy_ounce_lag_6,156.90433491187926,156.90433491187926,linear,ridge_10y,lag_6m,6,commodities,medium_h4_h6
ridge,10,5,2025-01-31,usa_sp500_southern_copper_lag_1,14.516230102045837,14.516230102045837,linear,ridge_10y,lag_1m,1,equities_companies,medium_h4_h6
ridge,10,5,2025-01-31,origin_canada_tsx_composite_lundin_mining,73.41134092626444,73.41134092626444,linear,ridge_10y,current_origin,0,equities_companies,medium_h4_h6
ridge,10,5,2025-01-31,iron_ore_usd_per_dmtu_lag_3,136.94325427884644,136.94325427884644,linear,ridge_10y,lag_3m,3,commodities,medium_h4_h6
ridge,10,5,2025-01-31,origin_japan_nikkei225,59.183080076224,59.183080076224,linear,ridge_10y,current_origin,0,equities_indices,medium_h4_h6
ridge,10,5,2025-01-31,origin_copper_price_usd_per_ton,76.84608649627448,76.84608649627448,linear,ridge_10y,current_origin,0,copper_market,medium_h4_h6
ridge,10,5,2025-01-31,origin_germany_dax,53.32772696186198,53.32772696186198,linear,ridge_10y,current_origin,0,equities_indices,medium_h4_h6
ridge,10,5,2025-01-31,iron_ore_usd_per_dmtu_lag_1,132.80875336366506,132.80875336366506,linear,ridge_10y,lag_1m,1,commodities,medium_h4_h6
ridge,10,5,2025-01-31,turkey_ppi_basic_metals_index_lag_1,17.66592493701863,17.66592493701863,linear,ridge_10y,lag_1m,1,turkey,medium_h4_h6
ridge,10,5,2025-01-31,origin_hong_kong_hang_seng_zijin_mining,63.492208836675886,63.492208836675886,linear,ridge_10y,current_origin,0,equities_companies,medium_h4_h6
ridge,10,5,2025-01-31,gold_usd_per_troy_ounce_lag_12,83.82916992878563,83.82916992878563,linear,ridge_10y,lag_12m,12,commodities,medium_h4_h6
ridge,10,5,2025-01-31,uk_ftse100_antofagasta_lag_3,5.988361365731966,5.988361365731966,linear,ridge_10y,lag_3m,3,equities_companies,medium_h4_h6
ridge,10,5,2025-01-31,hong_kong_hang_seng_zijin_mining_lag_1,44.08547444991234,44.08547444991234,linear,ridge_10y,lag_1m,1,equities_companies,medium_h4_h6
ridge,10,5,2025-01-31,canada_tsx_composite_lundin_mining_lag_3,49.886215443646265,49.886215443646265,linear,ridge_10y,lag_3m,3,equities_companies,medium_h4_h6
ridge,10,5,2025-01-31,gold_usd_per_troy_ounce_lag_3,135.29996086971587,135.29996086971587,linear,ridge_10y,lag_3m,3,commodities,medium_h4_h6
ridge,10,5,2025-01-31,iron_ore_usd_per_dmtu_lag_6,94.78717399983526,94.78717399983526,linear,ridge_10y,lag_6m,6,commodities,medium_h4_h6
ridge,10,5,2025-02-28,origin_usa_nasdaq_composite,128.24345360433816,128.24345360433816,linear,ridge_10y,current_origin,0,equities_indices,medium_h4_h6
ridge,10,5,2025-02-28,origin_uk_ftse100_antofagasta,81.05381162096528,81.05381162096528,linear,ridge_10y,current_origin,0,equities_companies,medium_h4_h6
ridge,10,5,2025-02-28,origin_south_korea_kospi,179.49826930305537,179.49826930305537,linear,ridge_10y,current_origin,0,equities_indices,medium_h4_h6
ridge,10,5,2025-02-28,gold_usd_per_troy_ounce_lag_6,145.49265603648757,145.49265603648757,linear,ridge_10y,lag_6m,6,commodities,medium_h4_h6
ridge,10,5,2025-02-28,origin_turkey_bist100,-1.5749553821574978,1.5749553821574978,linear,ridge_10y,current_origin,0,equities_indices,medium_h4_h6
ridge,10,5,2025-02-28,usa_sp500_southern_copper_lag_1,13.607394502362324,13.607394502362324,linear,ridge_10y,lag_1m,1,equities_companies,medium_h4_h6
ridge,10,5,2025-02-28,origin_canada_tsx_composite_lundin_mining,69.90888643395876,69.90888643395876,linear,ridge_10y,current_origin,0,equities_companies,medium_h4_h6
ridge,10,5,2025-02-28,origin_japan_nikkei225,55.15905052515886,55.15905052515886,linear,ridge_10y,current_origin,0,equities_indices,medium_h4_h6
ridge,10,5,2025-02-28,iron_ore_usd_per_dmtu_lag_3,137.31938915066118,137.31938915066118,linear,ridge_10y,lag_3m,3,commodities,medium_h4_h6
ridge,10,5,2025-02-28,origin_copper_price_usd_per_ton,79.41264406541414,79.41264406541414,linear,ridge_10y,current_origin,0,copper_market,medium_h4_h6
ridge,10,5,2025-02-28,origin_germany_dax,48.26183996071536,48.26183996071536,linear,ridge_10y,current_origin,0,equities_indices,medium_h4_h6
ridge,10,5,2025-02-28,turkey_ppi_basic_metals_index_lag_1,15.52174420337488,15.52174420337488,linear,ridge_10y,lag_1m,1,turkey,medium_h4_h6
ridge,10,5,2025-02-28,iron_ore_usd_per_dmtu_lag_1,131.24252467612075,131.24252467612075,linear,ridge_10y,lag_1m,1,commodities,medium_h4_h6
ridge,10,5,2025-02-28,origin_hong_kong_hang_seng_zijin_mining,60.57052203218397,60.57052203218397,linear,ridge_10y,current_origin,0,equities_companies,medium_h4_h6
ridge,10,5,2025-02-28,uk_ftse100_antofagasta_lag_3,5.746302814509886,5.746302814509886,linear,ridge_10y,lag_3m,3,equities_companies,medium_h4_h6
ridge,10,5,2025-02-28,gold_usd_per_troy_ounce_lag_12,83.22598260442997,83.22598260442997,linear,ridge_10y,lag_12m,12,commodities,medium_h4_h6
ridge,10,5,2025-02-28,canada_tsx_composite_lundin_mining_lag_3,49.05177257700949,49.05177257700949,linear,ridge_10y,lag_3m,3,equities_companies,medium_h4_h6
ridge,10,5,2025-02-28,gold_usd_per_troy_ounce_lag_3,120.53775555798728,120.53775555798728,linear,ridge_10y,lag_3m,3,commodities,medium_h4_h6
ridge,10,5,2025-02-28,gold_usd_per_troy_ounce_lag_1,115.82739348685904,115.82739348685904,linear,ridge_10y,lag_1m,1,commodities,medium_h4_h6
ridge,10,5,2025-02-28,iron_ore_usd_per_dmtu_lag_6,96.63635527348016,96.63635527348016,linear,ridge_10y,lag_6m,6,commodities,medium_h4_h6
ridge,10,5,2025-03-31,origin_usa_nasdaq_composite,131.23231467778425,131.23231467778425,linear,ridge_10y,current_origin,0,equities_indices,medium_h4_h6
ridge,10,5,2025-03-31,origin_uk_ftse100_antofagasta,83.85004093322871,83.85004093322871,linear,ridge_10y,current_origin,0,equities_companies,medium_h4_h6
ridge,10,5,2025-03-31,origin_south_korea_kospi,180.08150114659475,180.08150114659475,linear,ridge_10y,current_origin,0,equities_indices,medium_h4_h6
ridge,10,5,2025-03-31,gold_usd_per_troy_ounce_lag_6,140.994289465036,140.994289465036,linear,ridge_10y,lag_6m,6,commodities,medium_h4_h6
ridge,10,5,2025-03-31,usa_sp500_southern_copper_lag_1,8.445239503824451,8.445239503824451,linear,ridge_10y,lag_1m,1,equities_companies,medium_h4_h6
ridge,10,5,2025-03-31,origin_turkey_bist100,-5.089708104859938,5.089708104859938,linear,ridge_10y,current_origin,0,equities_indices,medium_h4_h6
ridge,10,5,2025-03-31,origin_japan_nikkei225,54.180354262966446,54.180354262966446,linear,ridge_10y,current_origin,0,equities_indices,medium_h4_h6
ridge,10,5,2025-03-31,origin_canada_tsx_composite_lundin_mining,66.12864240400144,66.12864240400144,linear,ridge_10y,current_origin,0,equities_companies,medium_h4_h6
ridge,10,5,2025-03-31,origin_copper_price_usd_per_ton,82.148437485184,82.148437485184,linear,ridge_10y,current_origin,0,copper_market,medium_h4_h6
ridge,10,5,2025-03-31,iron_ore_usd_per_dmtu_lag_3,146.25360697184175,146.25360697184175,linear,ridge_10y,lag_3m,3,commodities,medium_h4_h6
ridge,10,5,2025-03-31,turkey_eur_try_monthly_average_lag_1,27.03264536698536,27.03264536698536,linear,ridge_10y,lag_1m,1,turkey,medium_h4_h6
ridge,10,5,2025-03-31,uk_ftse100_antofagasta_lag_3,10.07834828970742,10.07834828970742,linear,ridge_10y,lag_3m,3,equities_companies,medium_h4_h6
ridge,10,5,2025-03-31,gold_usd_per_troy_ounce_lag_12,84.33032696317123,84.33032696317123,linear,ridge_10y,lag_12m,12,commodities,medium_h4_h6
ridge,10,5,2025-03-31,origin_hong_kong_hang_seng_zijin_mining,56.52529048473552,56.52529048473552,linear,ridge_10y,current_origin,0,equities_companies,medium_h4_h6
ridge,10,5,2025-03-31,canada_tsx_composite_lundin_mining_lag_3,46.67758690777029,46.67758690777029,linear,ridge_10y,lag_3m,3,equities_companies,medium_h4_h6
ridge,10,5,2025-03-31,germany_dax_lag_1,26.81685788165172,26.81685788165172,linear,ridge_10y,lag_1m,1,equities_indices,medium_h4_h6
ridge,10,5,2025-03-31,iron_ore_usd_per_dmtu_lag_1,132.21248654957634,132.21248654957634,linear,ridge_10y,lag_1m,1,commodities,medium_h4_h6
ridge,10,5,2025-03-31,gold_usd_per_troy_ounce_lag_3,123.8292198798971,123.8292198798971,linear,ridge_10y,lag_3m,3,commodities,medium_h4_h6
ridge,10,5,2025-03-31,silver_usd_per_troy_ounce_lag_6,110.5264125087008,110.5264125087008,linear,ridge_10y,lag_6m,6,commodities,medium_h4_h6
ridge,10,5,2025-03-31,gold_usd_per_troy_ounce_lag_1,116.2617510146941,116.2617510146941,linear,ridge_10y,lag_1m,1,commodities,medium_h4_h6
ridge,10,5,2025-04-30,origin_usa_nasdaq_composite,130.6010757306482,130.6010757306482,linear,ridge_10y,current_origin,0,equities_indices,medium_h4_h6
ridge,10,5,2025-04-30,origin_uk_ftse100_antofagasta,92.1767661489354,92.1767661489354,linear,ridge_10y,current_origin,0,equities_companies,medium_h4_h6
ridge,10,5,2025-04-30,origin_south_korea_kospi,171.26056315968344,171.26056315968344,linear,ridge_10y,current_origin,0,equities_indices,medium_h4_h6
ridge,10,5,2025-04-30,gold_usd_per_troy_ounce_lag_6,143.4724879856799,143.4724879856799,linear,ridge_10y,lag_6m,6,commodities,medium_h4_h6
ridge,10,5,2025-04-30,origin_japan_nikkei225,56.36238660970952,56.36238660970952,linear,ridge_10y,current_origin,0,equities_indices,medium_h4_h6
ridge,10,5,2025-04-30,origin_copper_price_usd_per_ton,83.66068660798373,83.66068660798373,linear,ridge_10y,current_origin,0,copper_market,medium_h4_h6
ridge,10,5,2025-04-30,usa_sp500_southern_copper_lag_1,5.835484006959563,5.835484006959563,linear,ridge_10y,lag_1m,1,equities_companies,medium_h4_h6
ridge,10,5,2025-04-30,origin_turkey_bist100,2.9869247506582943,2.9869247506582943,linear,ridge_10y,current_origin,0,equities_indices,medium_h4_h6
ridge,10,5,2025-04-30,origin_canada_tsx_composite_lundin_mining,63.23595718267083,63.23595718267083,linear,ridge_10y,current_origin,0,equities_companies,medium_h4_h6
ridge,10,5,2025-04-30,iron_ore_usd_per_dmtu_lag_3,152.27403403035376,152.27403403035376,linear,ridge_10y,lag_3m,3,commodities,medium_h4_h6
ridge,10,5,2025-04-30,uk_ftse100_antofagasta_lag_3,14.019000423580865,14.019000423580865,linear,ridge_10y,lag_3m,3,equities_companies,medium_h4_h6
ridge,10,5,2025-04-30,gold_usd_per_troy_ounce_lag_12,86.61436839637639,86.61436839637639,linear,ridge_10y,lag_12m,12,commodities,medium_h4_h6
ridge,10,5,2025-04-30,turkey_eur_try_monthly_average_lag_1,32.29607425310311,32.29607425310311,linear,ridge_10y,lag_1m,1,turkey,medium_h4_h6
ridge,10,5,2025-04-30,canada_tsx_composite_lundin_mining_lag_3,43.16460611001349,43.16460611001349,linear,ridge_10y,lag_3m,3,equities_companies,medium_h4_h6
ridge,10,5,2025-04-30,origin_hong_kong_hang_seng_zijin_mining,58.01448875193837,58.01448875193837,linear,ridge_10y,current_origin,0,equities_companies,medium_h4_h6
ridge,10,5,2025-04-30,germany_dax_lag_1,22.85870957259212,22.85870957259212,linear,ridge_10y,lag_1m,1,equities_indices,medium_h4_h6
ridge,10,5,2025-04-30,gold_usd_per_troy_ounce_lag_3,128.7316392370983,128.7316392370983,linear,ridge_10y,lag_3m,3,commodities,medium_h4_h6
ridge,10,5,2025-04-30,iron_ore_usd_per_dmtu_lag_1,134.30763359922486,134.30763359922486,linear,ridge_10y,lag_1m,1,commodities,medium_h4_h6
ridge,10,5,2025-04-30,silver_usd_per_troy_ounce_lag_6,97.26163306459898,97.26163306459898,linear,ridge_10y,lag_6m,6,commodities,medium_h4_h6
ridge,10,5,2025-04-30,silver_usd_per_troy_ounce_lag_3,104.87824678794058,104.87824678794058,linear,ridge_10y,lag_3m,3,commodities,medium_h4_h6
ridge,10,5,2025-05-31,origin_usa_nasdaq_composite,129.58243317607014,129.58243317607014,linear,ridge_10y,current_origin,0,equities_indices,medium_h4_h6
ridge,10,5,2025-05-31,origin_uk_ftse100_antofagasta,96.3488458603058,96.3488458603058,linear,ridge_10y,current_origin,0,equities_companies,medium_h4_h6
ridge,10,5,2025-05-31,origin_south_korea_kospi,192.94767267129575,192.94767267129575,linear,ridge_10y,current_origin,0,equities_indices,medium_h4_h6
ridge,10,5,2025-05-31,gold_usd_per_troy_ounce_lag_6,146.0565550034653,146.0565550034653,linear,ridge_10y,lag_6m,6,commodities,medium_h4_h6
ridge,10,5,2025-05-31,origin_japan_nikkei225,47.12074135822333,47.12074135822333,linear,ridge_10y,current_origin,0,equities_indices,medium_h4_h6
ridge,10,5,2025-05-31,origin_copper_price_usd_per_ton,95.0475128248244,95.0475128248244,linear,ridge_10y,current_origin,0,copper_market,medium_h4_h6
ridge,10,5,2025-05-31,usa_sp500_southern_copper_lag_1,-1.962384101555867,1.962384101555867,linear,ridge_10y,lag_1m,1,equities_companies,medium_h4_h6
ridge,10,5,2025-05-31,origin_turkey_bist100,-19.8942771414888,19.8942771414888,linear,ridge_10y,current_origin,0,equities_indices,medium_h4_h6
ridge,10,5,2025-05-31,origin_canada_tsx_composite_lundin_mining,64.62047053664136,64.62047053664136,linear,ridge_10y,current_origin,0,equities_companies,medium_h4_h6
ridge,10,5,2025-05-31,uk_ftse100_antofagasta_lag_3,17.95710095573977,17.95710095573977,linear,ridge_10y,lag_3m,3,equities_companies,medium_h4_h6
ridge,10,5,2025-05-31,gold_usd_per_troy_ounce_lag_12,86.02153782077887,86.02153782077887,linear,ridge_10y,lag_12m,12,commodities,medium_h4_h6
ridge,10,5,2025-05-31,origin_hong_kong_hang_seng_zijin_mining,59.87270822273033,59.87270822273033,linear,ridge_10y,current_origin,0,equities_companies,medium_h4_h6
ridge,10,5,2025-05-31,iron_ore_usd_per_dmtu_lag_3,182.71419965826772,182.71419965826772,linear,ridge_10y,lag_3m,3,commodities,medium_h4_h6
ridge,10,5,2025-05-31,turkey_eur_try_monthly_average_lag_1,14.55022017894906,14.55022017894906,linear,ridge_10y,lag_1m,1,turkey,medium_h4_h6
ridge,10,5,2025-05-31,canada_tsx_composite_lundin_mining_lag_3,48.75015060154763,48.75015060154763,linear,ridge_10y,lag_3m,3,equities_companies,medium_h4_h6
ridge,10,5,2025-05-31,germany_dax_lag_1,16.607422614496997,16.607422614496997,linear,ridge_10y,lag_1m,1,equities_indices,medium_h4_h6
ridge,10,5,2025-05-31,gold_usd_per_troy_ounce_lag_3,125.1532224850594,125.1532224850594,linear,ridge_10y,lag_3m,3,commodities,medium_h4_h6
ridge,10,5,2025-05-31,silver_usd_per_troy_ounce_lag_3,112.6686720607217,112.6686720607217,linear,ridge_10y,lag_3m,3,commodities,medium_h4_h6
ridge,10,5,2025-05-31,silver_usd_per_troy_ounce_lag_6,98.9729590077678,98.9729590077678,linear,ridge_10y,lag_6m,6,commodities,medium_h4_h6
ridge,10,5,2025-05-31,china_refined_copper_production_ton_lag_6,107.64380131569304,107.64380131569304,linear,ridge_10y,lag_6m,6,china,medium_h4_h6
ridge,10,5,2025-06-30,origin_usa_nasdaq_composite,127.38403232191652,127.38403232191652,linear,ridge_10y,current_origin,0,equities_indices,medium_h4_h6
ridge,10,5,2025-06-30,origin_uk_ftse100_antofagasta,103.22505518666944,103.22505518666944,linear,ridge_10y,current_origin,0,equities_companies,medium_h4_h6
ridge,10,5,2025-06-30,gold_usd_per_troy_ounce_lag_6,152.65150082839796,152.65150082839796,linear,ridge_10y,lag_6m,6,commodities,medium_h4_h6
ridge,10,5,2025-06-30,origin_south_korea_kospi,191.6444074327222,191.6444074327222,linear,ridge_10y,current_origin,0,equities_indices,medium_h4_h6
ridge,10,5,2025-06-30,origin_japan_nikkei225,53.65241434232939,53.65241434232939,linear,ridge_10y,current_origin,0,equities_indices,medium_h4_h6
ridge,10,5,2025-06-30,origin_copper_price_usd_per_ton,96.2828364589283,96.2828364589283,linear,ridge_10y,current_origin,0,copper_market,medium_h4_h6
ridge,10,5,2025-06-30,usa_sp500_southern_copper_lag_1,3.8125325235392222,3.8125325235392222,linear,ridge_10y,lag_1m,1,equities_companies,medium_h4_h6
ridge,10,5,2025-06-30,origin_turkey_bist100,-7.9853173935746895,7.9853173935746895,linear,ridge_10y,current_origin,0,equities_indices,medium_h4_h6
ridge,10,5,2025-06-30,gold_usd_per_troy_ounce_lag_12,81.21801442455417,81.21801442455417,linear,ridge_10y,lag_12m,12,commodities,medium_h4_h6
ridge,10,5,2025-06-30,origin_canada_tsx_composite_lundin_mining,70.23908289064383,70.23908289064383,linear,ridge_10y,current_origin,0,equities_companies,medium_h4_h6
ridge,10,5,2025-06-30,origin_hong_kong_hang_seng_zijin_mining,65.22506367837904,65.22506367837904,linear,ridge_10y,current_origin,0,equities_companies,medium_h4_h6
ridge,10,5,2025-06-30,uk_ftse100_antofagasta_lag_3,18.07364844687669,18.07364844687669,linear,ridge_10y,lag_3m,3,equities_companies,medium_h4_h6
ridge,10,5,2025-06-30,germany_dax_lag_1,21.43282644474667,21.43282644474667,linear,ridge_10y,lag_1m,1,equities_indices,medium_h4_h6
ridge,10,5,2025-06-30,turkey_eur_try_monthly_average_lag_1,22.340531811746875,22.340531811746875,linear,ridge_10y,lag_1m,1,turkey,medium_h4_h6
ridge,10,5,2025-06-30,silver_usd_per_troy_ounce_lag_3,108.79507675650656,108.79507675650656,linear,ridge_10y,lag_3m,3,commodities,medium_h4_h6
ridge,10,5,2025-06-30,canada_tsx_composite_lundin_mining_lag_3,41.6798294768204,41.6798294768204,linear,ridge_10y,lag_3m,3,equities_companies,medium_h4_h6
ridge,10,5,2025-06-30,gold_usd_per_troy_ounce_lag_3,122.32809933262376,122.32809933262376,linear,ridge_10y,lag_3m,3,commodities,medium_h4_h6
ridge,10,5,2025-06-30,silver_usd_per_troy_ounce_lag_6,98.81572223942182,98.81572223942182,linear,ridge_10y,lag_6m,6,commodities,medium_h4_h6
ridge,10,5,2025-06-30,iron_ore_usd_per_dmtu_lag_3,182.6081493702816,182.6081493702816,linear,ridge_10y,lag_3m,3,commodities,medium_h4_h6
ridge,10,5,2025-06-30,usa_nasdaq_composite_lag_6,61.50696818323049,61.50696818323049,linear,ridge_10y,lag_6m,6,equities_indices,medium_h4_h6
ridge,10,5,2025-07-31,origin_usa_nasdaq_composite,136.6289204527676,136.6289204527676,linear,ridge_10y,current_origin,0,equities_indices,medium_h4_h6
ridge,10,5,2025-07-31,origin_uk_ftse100_antofagasta,114.75239726545068,114.75239726545068,linear,ridge_10y,current_origin,0,equities_companies,medium_h4_h6
ridge,10,5,2025-07-31,gold_usd_per_troy_ounce_lag_6,164.3758035547963,164.3758035547963,linear,ridge_10y,lag_6m,6,commodities,medium_h4_h6
ridge,10,5,2025-07-31,origin_south_korea_kospi,220.70262948578795,220.70262948578795,linear,ridge_10y,current_origin,0,equities_indices,medium_h4_h6
ridge,10,5,2025-07-31,origin_copper_price_usd_per_ton,113.99142669723776,113.99142669723776,linear,ridge_10y,current_origin,0,copper_market,medium_h4_h6
ridge,10,5,2025-07-31,origin_germany_dax,39.30385255136302,39.30385255136302,linear,ridge_10y,current_origin,0,equities_indices,medium_h4_h6
ridge,10,5,2025-07-31,gold_usd_per_troy_ounce_lag_12,98.707175788142,98.707175788142,linear,ridge_10y,lag_12m,12,commodities,medium_h4_h6
ridge,10,5,2025-07-31,usa_sp500_southern_copper_lag_1,-2.67368299364132,2.67368299364132,linear,ridge_10y,lag_1m,1,equities_companies,medium_h4_h6
ridge,10,5,2025-07-31,origin_hong_kong_hang_seng_zijin_mining,73.97355016034427,73.97355016034427,linear,ridge_10y,current_origin,0,equities_companies,medium_h4_h6
ridge,10,5,2025-07-31,japan_nikkei225_lag_1,34.94411594292053,34.94411594292053,linear,ridge_10y,lag_1m,1,equities_indices,medium_h4_h6
ridge,10,5,2025-07-31,origin_turkey_bist100,-28.11102107778048,28.11102107778048,linear,ridge_10y,current_origin,0,equities_indices,medium_h4_h6
ridge,10,5,2025-07-31,uk_ftse100_antofagasta_lag_3,35.059036996239264,35.059036996239264,linear,ridge_10y,lag_3m,3,equities_companies,medium_h4_h6
ridge,10,5,2025-07-31,origin_canada_tsx_composite_lundin_mining,73.14493424398937,73.14493424398937,linear,ridge_10y,current_origin,0,equities_companies,medium_h4_h6
ridge,10,5,2025-07-31,silver_usd_per_troy_ounce_lag_3,119.84290245266652,119.84290245266652,linear,ridge_10y,lag_3m,3,commodities,medium_h4_h6
ridge,10,5,2025-07-31,silver_usd_per_troy_ounce_lag_6,113.11324958100148,113.11324958100148,linear,ridge_10y,lag_6m,6,commodities,medium_h4_h6
ridge,10,5,2025-07-31,turkey_eur_try_monthly_average_lag_1,9.837916108205471,9.837916108205471,linear,ridge_10y,lag_1m,1,turkey,medium_h4_h6
ridge,10,5,2025-07-31,canada_tsx_composite_lundin_mining_lag_3,51.77138168950526,51.77138168950526,linear,ridge_10y,lag_3m,3,equities_companies,medium_h4_h6
ridge,10,5,2025-07-31,gold_usd_per_troy_ounce_lag_3,122.7606039821666,122.7606039821666,linear,ridge_10y,lag_3m,3,commodities,medium_h4_h6
ridge,10,5,2025-07-31,usa_nasdaq_composite_lag_6,83.02017643752852,83.02017643752852,linear,ridge_10y,lag_6m,6,equities_indices,medium_h4_h6
ridge,10,5,2025-07-31,origin_canada_tsx_composite_capstone_copper,-4.49624232813258,4.49624232813258,linear,ridge_10y,current_origin,0,equities_companies,medium_h4_h6
ridge,10,5,2025-08-31,origin_usa_nasdaq_composite,137.9722687205267,137.9722687205267,linear,ridge_10y,current_origin,0,equities_indices,medium_h4_h6
ridge,10,5,2025-08-31,origin_uk_ftse100_antofagasta,109.42014730439205,109.42014730439205,linear,ridge_10y,current_origin,0,equities_companies,medium_h4_h6
ridge,10,5,2025-08-31,gold_usd_per_troy_ounce_lag_6,158.48715070754722,158.48715070754722,linear,ridge_10y,lag_6m,6,commodities,medium_h4_h6
ridge,10,5,2025-08-31,origin_south_korea_kospi,218.7760571022203,218.7760571022203,linear,ridge_10y,current_origin,0,equities_indices,medium_h4_h6
ridge,10,5,2025-08-31,origin_germany_dax,25.475210797421838,25.475210797421838,linear,ridge_10y,current_origin,0,equities_indices,medium_h4_h6
ridge,10,5,2025-08-31,origin_copper_price_usd_per_ton,117.48190869676664,117.48190869676664,linear,ridge_10y,current_origin,0,copper_market,medium_h4_h6
ridge,10,5,2025-08-31,gold_usd_per_troy_ounce_lag_12,107.29935970332366,107.29935970332366,linear,ridge_10y,lag_12m,12,commodities,medium_h4_h6
ridge,10,5,2025-08-31,japan_nikkei225_lag_1,37.45473365571668,37.45473365571668,linear,ridge_10y,lag_1m,1,equities_indices,medium_h4_h6
ridge,10,5,2025-08-31,silver_usd_per_troy_ounce_lag_6,115.3684148667137,115.3684148667137,linear,ridge_10y,lag_6m,6,commodities,medium_h4_h6
ridge,10,5,2025-08-31,usa_sp500_southern_copper_lag_1,-10.079047530744145,10.079047530744145,linear,ridge_10y,lag_1m,1,equities_companies,medium_h4_h6
ridge,10,5,2025-08-31,silver_usd_per_troy_ounce_lag_3,120.75161833388012,120.75161833388012,linear,ridge_10y,lag_3m,3,commodities,medium_h4_h6
ridge,10,5,2025-08-31,origin_hong_kong_hang_seng_zijin_mining,69.34686793159042,69.34686793159042,linear,ridge_10y,current_origin,0,equities_companies,medium_h4_h6
ridge,10,5,2025-08-31,origin_turkey_bist100,-36.967161391639074,36.967161391639074,linear,ridge_10y,current_origin,0,equities_indices,medium_h4_h6
ridge,10,5,2025-08-31,uk_ftse100_antofagasta_lag_3,45.88537659617208,45.88537659617208,linear,ridge_10y,lag_3m,3,equities_companies,medium_h4_h6
ridge,10,5,2025-08-31,origin_canada_tsx_composite_lundin_mining,61.201933422999616,61.201933422999616,linear,ridge_10y,current_origin,0,equities_companies,medium_h4_h6
ridge,10,5,2025-08-31,origin_canada_tsx_composite_capstone_copper,-3.993464472509423,3.993464472509423,linear,ridge_10y,current_origin,0,equities_companies,medium_h4_h6
ridge,10,5,2025-08-31,canada_tsx_composite_lundin_mining_lag_3,56.91172665248232,56.91172665248232,linear,ridge_10y,lag_3m,3,equities_companies,medium_h4_h6
ridge,10,5,2025-08-31,silver_usd_per_troy_ounce_lag_1,114.92192110109036,114.92192110109036,linear,ridge_10y,lag_1m,1,commodities,medium_h4_h6
ridge,10,5,2025-08-31,turkey_eur_try_monthly_average_lag_1,5.242301316592091,5.242301316592091,linear,ridge_10y,lag_1m,1,turkey,medium_h4_h6
ridge,10,5,2025-08-31,china_refined_copper_production_ton_lag_6,132.36380796286707,132.36380796286707,linear,ridge_10y,lag_6m,6,china,medium_h4_h6
ridge,10,5,2025-09-30,origin_usa_nasdaq_composite,134.29779386419204,134.29779386419204,linear,ridge_10y,current_origin,0,equities_indices,medium_h4_h6
ridge,10,5,2025-09-30,gold_usd_per_troy_ounce_lag_6,150.18386524404468,150.18386524404468,linear,ridge_10y,lag_6m,6,commodities,medium_h4_h6
ridge,10,5,2025-09-30,origin_uk_ftse100_antofagasta,113.54636616943856,113.54636616943856,linear,ridge_10y,current_origin,0,equities_companies,medium_h4_h6
ridge,10,5,2025-09-30,origin_germany_dax,24.840044353433967,24.840044353433967,linear,ridge_10y,current_origin,0,equities_indices,medium_h4_h6
ridge,10,5,2025-09-30,gold_usd_per_troy_ounce_lag_12,107.10247356010994,107.10247356010994,linear,ridge_10y,lag_12m,12,commodities,medium_h4_h6
ridge,10,5,2025-09-30,silver_usd_per_troy_ounce_lag_6,112.6649080853594,112.6649080853594,linear,ridge_10y,lag_6m,6,commodities,medium_h4_h6
ridge,10,5,2025-09-30,origin_copper_price_usd_per_ton,115.15034465233444,115.15034465233444,linear,ridge_10y,current_origin,0,copper_market,medium_h4_h6
ridge,10,5,2025-09-30,japan_nikkei225_lag_1,41.97244397648689,41.97244397648689,linear,ridge_10y,lag_1m,1,equities_indices,medium_h4_h6
ridge,10,5,2025-09-30,silver_usd_per_troy_ounce_lag_3,110.35023511075764,110.35023511075764,linear,ridge_10y,lag_3m,3,commodities,medium_h4_h6
ridge,10,5,2025-09-30,origin_south_korea_kospi,215.5246788524239,215.5246788524239,linear,ridge_10y,current_origin,0,equities_indices,medium_h4_h6
ridge,10,5,2025-09-30,usa_sp500_southern_copper_lag_1,-7.505386055448325,7.505386055448325,linear,ridge_10y,lag_1m,1,equities_companies,medium_h4_h6
ridge,10,5,2025-09-30,uk_ftse100_antofagasta_lag_3,45.1529979446567,45.1529979446567,linear,ridge_10y,lag_3m,3,equities_companies,medium_h4_h6
ridge,10,5,2025-09-30,origin_hong_kong_hang_seng_zijin_mining,69.09120725793233,69.09120725793233,linear,ridge_10y,current_origin,0,equities_companies,medium_h4_h6
ridge,10,5,2025-09-30,origin_turkey_bist100,-29.302722027892678,29.302722027892678,linear,ridge_10y,current_origin,0,equities_indices,medium_h4_h6
ridge,10,5,2025-09-30,origin_canada_tsx_composite_capstone_copper,0.2414238476316389,0.2414238476316389,linear,ridge_10y,current_origin,0,equities_companies,medium_h4_h6
ridge,10,5,2025-09-30,canada_tsx_composite_lundin_mining_lag_3,52.46853095155692,52.46853095155692,linear,ridge_10y,lag_3m,3,equities_companies,medium_h4_h6
ridge,10,5,2025-09-30,silver_usd_per_troy_ounce_lag_1,101.39208735262034,101.39208735262034,linear,ridge_10y,lag_1m,1,commodities,medium_h4_h6
ridge,10,5,2025-09-30,hong_kong_hang_seng_zijin_mining_lag_3,41.49192343412651,41.49192343412651,linear,ridge_10y,lag_3m,3,equities_companies,medium_h4_h6
ridge,10,5,2025-09-30,origin_canada_tsx_composite_lundin_mining,61.5605754805726,61.5605754805726,linear,ridge_10y,current_origin,0,equities_companies,medium_h4_h6
ridge,10,5,2025-09-30,gold_usd_per_troy_ounce_lag_3,108.22521646637183,108.22521646637183,linear,ridge_10y,lag_3m,3,commodities,medium_h4_h6
ridge,10,5,2025-10-31,origin_usa_nasdaq_composite,137.39543273711982,137.39543273711982,linear,ridge_10y,current_origin,0,equities_indices,medium_h4_h6
ridge,10,5,2025-10-31,gold_usd_per_troy_ounce_lag_6,149.8357880738577,149.8357880738577,linear,ridge_10y,lag_6m,6,commodities,medium_h4_h6
ridge,10,5,2025-10-31,origin_uk_ftse100_antofagasta,125.28317224812278,125.28317224812278,linear,ridge_10y,current_origin,0,equities_companies,medium_h4_h6
ridge,10,5,2025-10-31,gold_usd_per_troy_ounce_lag_12,114.90817995863078,114.90817995863078,linear,ridge_10y,lag_12m,12,commodities,medium_h4_h6
ridge,10,5,2025-10-31,silver_usd_per_troy_ounce_lag_6,118.56657907952676,118.56657907952676,linear,ridge_10y,lag_6m,6,commodities,medium_h4_h6
ridge,10,5,2025-10-31,origin_germany_dax,26.987931529492474,26.987931529492474,linear,ridge_10y,current_origin,0,equities_indices,medium_h4_h6
ridge,10,5,2025-10-31,silver_usd_per_troy_ounce_lag_3,116.66776482515016,116.66776482515016,linear,ridge_10y,lag_3m,3,commodities,medium_h4_h6
ridge,10,5,2025-10-31,origin_shfe_close_cny_per_ton,77.43764499130468,77.43764499130468,linear,ridge_10y,current_origin,0,copper_market,medium_h4_h6
ridge,10,5,2025-10-31,japan_nikkei225_lag_1,46.1582260529613,46.1582260529613,linear,ridge_10y,lag_1m,1,equities_indices,medium_h4_h6
ridge,10,5,2025-10-31,origin_south_korea_kospi,232.4849013451233,232.4849013451233,linear,ridge_10y,current_origin,0,equities_indices,medium_h4_h6
ridge,10,5,2025-10-31,uk_ftse100_antofagasta_lag_3,52.17094324704372,52.17094324704372,linear,ridge_10y,lag_3m,3,equities_companies,medium_h4_h6
ridge,10,5,2025-10-31,usa_sp500_southern_copper_lag_1,-2.229647837341387,2.229647837341387,linear,ridge_10y,lag_1m,1,equities_companies,medium_h4_h6
ridge,10,5,2025-10-31,origin_hong_kong_hang_seng_zijin_mining,75.24167826803904,75.24167826803904,linear,ridge_10y,current_origin,0,equities_companies,medium_h4_h6
ridge,10,5,2025-10-31,hong_kong_hang_seng_zijin_mining_lag_3,44.59960554075775,44.59960554075775,linear,ridge_10y,lag_3m,3,equities_companies,medium_h4_h6
ridge,10,5,2025-10-31,origin_turkey_bist100,-33.711632463945655,33.711632463945655,linear,ridge_10y,current_origin,0,equities_indices,medium_h4_h6
ridge,10,5,2025-10-31,origin_canada_tsx_composite_capstone_copper,7.58128481661583,7.58128481661583,linear,ridge_10y,current_origin,0,equities_companies,medium_h4_h6
ridge,10,5,2025-10-31,silver_usd_per_troy_ounce_lag_1,107.35371238734228,107.35371238734228,linear,ridge_10y,lag_1m,1,commodities,medium_h4_h6
ridge,10,5,2025-10-31,canada_tsx_composite_lundin_mining_lag_3,60.09711490530603,60.09711490530603,linear,ridge_10y,lag_3m,3,equities_companies,medium_h4_h6
ridge,10,5,2025-10-31,gold_usd_per_troy_ounce_lag_3,108.08483163525446,108.08483163525446,linear,ridge_10y,lag_3m,3,commodities,medium_h4_h6
ridge,10,5,2025-10-31,turkey_eur_try_monthly_average_lag_1,5.049261142003689,5.049261142003689,linear,ridge_10y,lag_1m,1,turkey,medium_h4_h6
ridge,10,5,2025-11-30,origin_usa_nasdaq_composite,132.50857222998837,132.50857222998837,linear,ridge_10y,current_origin,0,equities_indices,medium_h4_h6
ridge,10,5,2025-11-30,gold_usd_per_troy_ounce_lag_6,143.3954967488126,143.3954967488126,linear,ridge_10y,lag_6m,6,commodities,medium_h4_h6
ridge,10,5,2025-11-30,origin_uk_ftse100_antofagasta,123.2655230997,123.2655230997,linear,ridge_10y,current_origin,0,equities_companies,medium_h4_h6
ridge,10,5,2025-11-30,silver_usd_per_troy_ounce_lag_6,117.4752391251064,117.4752391251064,linear,ridge_10y,lag_6m,6,commodities,medium_h4_h6
ridge,10,5,2025-11-30,gold_usd_per_troy_ounce_lag_12,112.69750959681798,112.69750959681798,linear,ridge_10y,lag_12m,12,commodities,medium_h4_h6
ridge,10,5,2025-11-30,origin_germany_dax,25.407789607623744,25.407789607623744,linear,ridge_10y,current_origin,0,equities_indices,medium_h4_h6
ridge,10,5,2025-11-30,origin_shfe_close_cny_per_ton,82.67175870269934,82.67175870269934,linear,ridge_10y,current_origin,0,copper_market,medium_h4_h6
ridge,10,5,2025-11-30,silver_usd_per_troy_ounce_lag_3,118.47373177756424,118.47373177756424,linear,ridge_10y,lag_3m,3,commodities,medium_h4_h6
ridge,10,5,2025-11-30,japan_nikkei225_lag_1,46.307039543314936,46.307039543314936,linear,ridge_10y,lag_1m,1,equities_indices,medium_h4_h6
ridge,10,5,2025-11-30,origin_south_korea_kospi,236.2489056825953,236.2489056825953,linear,ridge_10y,current_origin,0,equities_indices,medium_h4_h6
ridge,10,5,2025-11-30,uk_ftse100_antofagasta_lag_3,57.71772299210439,57.71772299210439,linear,ridge_10y,lag_3m,3,equities_companies,medium_h4_h6
ridge,10,5,2025-11-30,origin_hong_kong_hang_seng_zijin_mining,72.07137537305297,72.07137537305297,linear,ridge_10y,current_origin,0,equities_companies,medium_h4_h6
ridge,10,5,2025-11-30,usa_sp500_southern_copper_lag_1,1.4934715140843535,1.4934715140843535,linear,ridge_10y,lag_1m,1,equities_companies,medium_h4_h6
ridge,10,5,2025-11-30,hong_kong_hang_seng_zijin_mining_lag_3,44.98029435284291,44.98029435284291,linear,ridge_10y,lag_3m,3,equities_companies,medium_h4_h6
ridge,10,5,2025-11-30,origin_turkey_bist100,-32.2077553385609,32.2077553385609,linear,ridge_10y,current_origin,0,equities_indices,medium_h4_h6
ridge,10,5,2025-11-30,origin_canada_tsx_composite_capstone_copper,9.040961038432345,9.040961038432345,linear,ridge_10y,current_origin,0,equities_companies,medium_h4_h6
ridge,10,5,2025-11-30,silver_usd_per_troy_ounce_lag_1,107.21898590815798,107.21898590815798,linear,ridge_10y,lag_1m,1,commodities,medium_h4_h6
ridge,10,5,2025-11-30,gold_usd_per_troy_ounce_lag_3,100.67401086478846,100.67401086478846,linear,ridge_10y,lag_3m,3,commodities,medium_h4_h6
ridge,10,5,2025-11-30,turkey_eur_try_monthly_average_lag_1,2.1363377467514204,2.1363377467514204,linear,ridge_10y,lag_1m,1,turkey,medium_h4_h6
ridge,10,5,2025-11-30,usa_nasdaq_composite_lag_6,76.70314340144236,76.70314340144236,linear,ridge_10y,lag_6m,6,equities_indices,medium_h4_h6
ridge,10,5,2025-12-31,origin_usa_nasdaq_composite,131.39931853523913,131.39931853523913,linear,ridge_10y,current_origin,0,equities_indices,medium_h4_h6
ridge,10,5,2025-12-31,gold_usd_per_troy_ounce_lag_6,144.23457657723168,144.23457657723168,linear,ridge_10y,lag_6m,6,commodities,medium_h4_h6
ridge,10,5,2025-12-31,silver_usd_per_troy_ounce_lag_6,120.80960361076136,120.80960361076136,linear,ridge_10y,lag_6m,6,commodities,medium_h4_h6
ridge,10,5,2025-12-31,gold_usd_per_troy_ounce_lag_12,121.73862487032297,121.73862487032297,linear,ridge_10y,lag_12m,12,commodities,medium_h4_h6
ridge,10,5,2025-12-31,origin_uk_ftse100_antofagasta,118.44659986677868,118.44659986677868,linear,ridge_10y,current_origin,0,equities_companies,medium_h4_h6
ridge,10,5,2025-12-31,origin_shfe_close_cny_per_ton,89.06839829787626,89.06839829787626,linear,ridge_10y,current_origin,0,copper_market,medium_h4_h6
ridge,10,5,2025-12-31,origin_germany_dax,31.433897663002806,31.433897663002806,linear,ridge_10y,current_origin,0,equities_indices,medium_h4_h6
ridge,10,5,2025-12-31,silver_usd_per_troy_ounce_lag_3,119.1475162274416,119.1475162274416,linear,ridge_10y,lag_3m,3,commodities,medium_h4_h6
ridge,10,5,2025-12-31,japan_nikkei225_lag_1,45.53568068981493,45.53568068981493,linear,ridge_10y,lag_1m,1,equities_indices,medium_h4_h6
ridge,10,5,2025-12-31,origin_south_korea_kospi,236.67726940161967,236.67726940161967,linear,ridge_10y,current_origin,0,equities_indices,medium_h4_h6
ridge,10,5,2025-12-31,origin_hong_kong_hang_seng_zijin_mining,74.0997694548887,74.0997694548887,linear,ridge_10y,current_origin,0,equities_companies,medium_h4_h6
ridge,10,5,2025-12-31,usa_sp500_southern_copper_lag_1,0.7446228660028025,0.7446228660028025,linear,ridge_10y,lag_1m,1,equities_companies,medium_h4_h6
ridge,10,5,2025-12-31,silver_usd_per_troy_ounce_lag_1,110.83613187439909,110.83613187439909,linear,ridge_10y,lag_1m,1,commodities,medium_h4_h6
ridge,10,5,2025-12-31,uk_ftse100_antofagasta_lag_3,52.21203721887063,52.21203721887063,linear,ridge_10y,lag_3m,3,equities_companies,medium_h4_h6
ridge,10,5,2025-12-31,hong_kong_hang_seng_zijin_mining_lag_3,45.27895674298776,45.27895674298776,linear,ridge_10y,lag_3m,3,equities_companies,medium_h4_h6
ridge,10,5,2025-12-31,origin_turkey_bist100,-28.848797341416606,28.848797341416606,linear,ridge_10y,current_origin,0,equities_indices,medium_h4_h6
ridge,10,5,2025-12-31,origin_canada_tsx_composite_capstone_copper,8.137283743664243,8.137283743664243,linear,ridge_10y,current_origin,0,equities_companies,medium_h4_h6
ridge,10,5,2025-12-31,gold_usd_per_troy_ounce_lag_3,102.749839000153,102.749839000153,linear,ridge_10y,lag_3m,3,commodities,medium_h4_h6
ridge,10,5,2025-12-31,usa_nasdaq_composite_lag_6,76.55748793277637,76.55748793277637,linear,ridge_10y,lag_6m,6,equities_indices,medium_h4_h6
ridge,10,5,2025-12-31,turkey_eur_try_monthly_average_lag_1,5.7889359444643,5.7889359444643,linear,ridge_10y,lag_1m,1,turkey,medium_h4_h6
ridge,10,5,2026-01-31,origin_usa_nasdaq_composite,125.6547550427514,125.6547550427514,linear,ridge_10y,current_origin,0,equities_indices,medium_h4_h6
ridge,10,5,2026-01-31,gold_usd_per_troy_ounce_lag_6,146.30623165353413,146.30623165353413,linear,ridge_10y,lag_6m,6,commodities,medium_h4_h6
ridge,10,5,2026-01-31,silver_usd_per_troy_ounce_lag_6,123.34443006646538,123.34443006646538,linear,ridge_10y,lag_6m,6,commodities,medium_h4_h6
ridge,10,5,2026-01-31,gold_usd_per_troy_ounce_lag_12,132.76943223428546,132.76943223428546,linear,ridge_10y,lag_12m,12,commodities,medium_h4_h6
ridge,10,5,2026-01-31,origin_shfe_close_cny_per_ton,88.32810784115134,88.32810784115134,linear,ridge_10y,current_origin,0,copper_market,medium_h4_h6
ridge,10,5,2026-01-31,origin_uk_ftse100_antofagasta,107.19513004202685,107.19513004202685,linear,ridge_10y,current_origin,0,equities_companies,medium_h4_h6
ridge,10,5,2026-01-31,origin_germany_dax,38.1295191580365,38.1295191580365,linear,ridge_10y,current_origin,0,equities_indices,medium_h4_h6
ridge,10,5,2026-01-31,silver_usd_per_troy_ounce_lag_3,117.00761530574678,117.00761530574678,linear,ridge_10y,lag_3m,3,commodities,medium_h4_h6
ridge,10,5,2026-01-31,japan_nikkei225_lag_1,41.27633147058185,41.27633147058185,linear,ridge_10y,lag_1m,1,equities_indices,medium_h4_h6
ridge,10,5,2026-01-31,origin_south_korea_kospi,241.59771959652343,241.59771959652343,linear,ridge_10y,current_origin,0,equities_indices,medium_h4_h6
ridge,10,5,2026-01-31,origin_hong_kong_hang_seng_zijin_mining,78.3705726613002,78.3705726613002,linear,ridge_10y,current_origin,0,equities_companies,medium_h4_h6
ridge,10,5,2026-01-31,silver_usd_per_troy_ounce_lag_1,114.95521487897122,114.95521487897122,linear,ridge_10y,lag_1m,1,commodities,medium_h4_h6
ridge,10,5,2026-01-31,usa_sp500_southern_copper_lag_1,-6.379493671778359,6.379493671778359,linear,ridge_10y,lag_1m,1,equities_companies,medium_h4_h6
ridge,10,5,2026-01-31,hong_kong_hang_seng_zijin_mining_lag_3,40.21492631322096,40.21492631322096,linear,ridge_10y,lag_3m,3,equities_companies,medium_h4_h6
ridge,10,5,2026-01-31,uk_ftse100_antofagasta_lag_3,38.51960449658516,38.51960449658516,linear,ridge_10y,lag_3m,3,equities_companies,medium_h4_h6
ridge,10,5,2026-01-31,origin_turkey_bist100,-29.156778794689565,29.156778794689565,linear,ridge_10y,current_origin,0,equities_indices,medium_h4_h6
ridge,10,5,2026-01-31,origin_canada_tsx_composite_capstone_copper,2.7521066096410007,2.7521066096410007,linear,ridge_10y,current_origin,0,equities_companies,medium_h4_h6
ridge,10,5,2026-01-31,usd_inr_lag_12,77.50914928106718,77.50914928106718,linear,ridge_10y,lag_12m,12,macro_fred,medium_h4_h6
ridge,10,5,2026-01-31,usa_nasdaq_composite_lag_6,73.01337121336121,73.01337121336121,linear,ridge_10y,lag_6m,6,equities_indices,medium_h4_h6
ridge,10,5,2026-01-31,gold_usd_per_troy_ounce_lag_3,109.88352561166504,109.88352561166504,linear,ridge_10y,lag_3m,3,commodities,medium_h4_h6
ridge,10,5,2026-02-28,origin_usa_nasdaq_composite,126.32907749369171,126.32907749369171,linear,ridge_10y,current_origin,0,equities_indices,medium_h4_h6
ridge,10,5,2026-02-28,gold_usd_per_troy_ounce_lag_12,138.45909881216545,138.45909881216545,linear,ridge_10y,lag_12m,12,commodities,medium_h4_h6
ridge,10,5,2026-02-28,silver_usd_per_troy_ounce_lag_6,126.99948352454726,126.99948352454726,linear,ridge_10y,lag_6m,6,commodities,medium_h4_h6
ridge,10,5,2026-02-28,gold_usd_per_troy_ounce_lag_6,149.8915247118119,149.8915247118119,linear,ridge_10y,lag_6m,6,commodities,medium_h4_h6
ridge,10,5,2026-02-28,origin_shfe_close_cny_per_ton,83.19601527953104,83.19601527953104,linear,ridge_10y,current_origin,0,copper_market,medium_h4_h6
ridge,10,5,2026-02-28,origin_uk_ftse100_antofagasta,106.16886084412592,106.16886084412592,linear,ridge_10y,current_origin,0,equities_companies,medium_h4_h6
ridge,10,5,2026-02-28,silver_usd_per_troy_ounce_lag_3,122.66892633372306,122.66892633372306,linear,ridge_10y,lag_3m,3,commodities,medium_h4_h6
ridge,10,5,2026-02-28,origin_germany_dax,41.93306408685744,41.93306408685744,linear,ridge_10y,current_origin,0,equities_indices,medium_h4_h6
ridge,10,5,2026-02-28,japan_nikkei225_lag_1,45.37089388981095,45.37089388981095,linear,ridge_10y,lag_1m,1,equities_indices,medium_h4_h6
ridge,10,5,2026-02-28,origin_south_korea_kospi,243.5461163858827,243.5461163858827,linear,ridge_10y,current_origin,0,equities_indices,medium_h4_h6
ridge,10,5,2026-02-28,origin_hong_kong_hang_seng_zijin_mining,88.52274202677253,88.52274202677253,linear,ridge_10y,current_origin,0,equities_companies,medium_h4_h6
ridge,10,5,2026-02-28,silver_usd_per_troy_ounce_lag_1,118.7029755121333,118.7029755121333,linear,ridge_10y,lag_1m,1,commodities,medium_h4_h6
ridge,10,5,2026-02-28,hong_kong_hang_seng_zijin_mining_lag_3,43.62886597822123,43.62886597822123,linear,ridge_10y,lag_3m,3,equities_companies,medium_h4_h6
ridge,10,5,2026-02-28,origin_turkey_bist100,-24.509835169261088,24.509835169261088,linear,ridge_10y,current_origin,0,equities_indices,medium_h4_h6
ridge,10,5,2026-02-28,usa_sp500_southern_copper_lag_1,-8.611664639548417,8.611664639548417,linear,ridge_10y,lag_1m,1,equities_companies,medium_h4_h6
ridge,10,5,2026-02-28,uk_ftse100_antofagasta_lag_3,34.86841238266117,34.86841238266117,linear,ridge_10y,lag_3m,3,equities_companies,medium_h4_h6
ridge,10,5,2026-02-28,origin_canada_tsx_composite_capstone_copper,6.197303961880171,6.197303961880171,linear,ridge_10y,current_origin,0,equities_companies,medium_h4_h6
ridge,10,5,2026-02-28,usa_nasdaq_composite_lag_6,71.87662245241023,71.87662245241023,linear,ridge_10y,lag_6m,6,equities_indices,medium_h4_h6
ridge,10,5,2026-02-28,usd_inr_lag_12,72.66555281265686,72.66555281265686,linear,ridge_10y,lag_12m,12,macro_fred,medium_h4_h6
ridge,10,5,2026-02-28,gold_usd_per_troy_ounce_lag_3,116.1913008355378,116.1913008355378,linear,ridge_10y,lag_3m,3,commodities,medium_h4_h6
ridge,10,5,2026-03-31,origin_usa_nasdaq_composite,135.55458154250434,135.55458154250434,linear,ridge_10y,current_origin,0,equities_indices,medium_h4_h6
ridge,10,5,2026-03-31,gold_usd_per_troy_ounce_lag_12,139.59710256759897,139.59710256759897,linear,ridge_10y,lag_12m,12,commodities,medium_h4_h6
ridge,10,5,2026-03-31,silver_usd_per_troy_ounce_lag_6,121.25509019669852,121.25509019669852,linear,ridge_10y,lag_6m,6,commodities,medium_h4_h6
ridge,10,5,2026-03-31,gold_usd_per_troy_ounce_lag_6,155.39307958005654,155.39307958005654,linear,ridge_10y,lag_6m,6,commodities,medium_h4_h6
ridge,10,5,2026-03-31,origin_shfe_close_cny_per_ton,77.60071812739767,77.60071812739767,linear,ridge_10y,current_origin,0,copper_market,medium_h4_h6
ridge,10,5,2026-03-31,origin_uk_ftse100_antofagasta,104.34136958254938,104.34136958254938,linear,ridge_10y,current_origin,0,equities_companies,medium_h4_h6
ridge,10,5,2026-03-31,silver_usd_per_troy_ounce_lag_3,122.5641443378679,122.5641443378679,linear,ridge_10y,lag_3m,3,commodities,medium_h4_h6
ridge,10,5,2026-03-31,origin_germany_dax,56.01557974842801,56.01557974842801,linear,ridge_10y,current_origin,0,equities_indices,medium_h4_h6
ridge,10,5,2026-03-31,japan_nikkei225_lag_1,53.55875413262916,53.55875413262916,linear,ridge_10y,lag_1m,1,equities_indices,medium_h4_h6
ridge,10,5,2026-03-31,origin_south_korea_kospi,220.2107588924941,220.2107588924941,linear,ridge_10y,current_origin,0,equities_indices,medium_h4_h6
ridge,10,5,2026-03-31,origin_hong_kong_hang_seng_zijin_mining,90.50497266657904,90.50497266657904,linear,ridge_10y,current_origin,0,equities_companies,medium_h4_h6
ridge,10,5,2026-03-31,silver_usd_per_troy_ounce_lag_1,120.77106260040006,120.77106260040006,linear,ridge_10y,lag_1m,1,commodities,medium_h4_h6
ridge,10,5,2026-03-31,hong_kong_hang_seng_zijin_mining_lag_3,41.44754075894259,41.44754075894259,linear,ridge_10y,lag_3m,3,equities_companies,medium_h4_h6
ridge,10,5,2026-03-31,origin_turkey_bist100,-8.685580997632435,8.685580997632435,linear,ridge_10y,current_origin,0,equities_indices,medium_h4_h6
ridge,10,5,2026-03-31,usa_sp500_southern_copper_lag_1,-2.6373519910537206,2.6373519910537206,linear,ridge_10y,lag_1m,1,equities_companies,medium_h4_h6
ridge,10,5,2026-03-31,uk_ftse100_antofagasta_lag_3,31.184106558234607,31.184106558234607,linear,ridge_10y,lag_3m,3,equities_companies,medium_h4_h6
ridge,10,5,2026-03-31,origin_canada_tsx_composite_capstone_copper,2.9435645270812776,2.9435645270812776,linear,ridge_10y,current_origin,0,equities_companies,medium_h4_h6
ridge,10,5,2026-03-31,japan_industrial_production_lag_12,-139.9372806607551,139.9372806607551,linear,ridge_10y,lag_12m,12,global_macro,medium_h4_h6
ridge,10,5,2026-03-31,usa_nasdaq_composite_lag_6,82.36239793761004,82.36239793761004,linear,ridge_10y,lag_6m,6,equities_indices,medium_h4_h6
ridge,10,5,2026-03-31,usd_inr_lag_12,73.69687664024711,73.69687664024711,linear,ridge_10y,lag_12m,12,macro_fred,medium_h4_h6
ridge,10,6,2025-01-31,origin_usa_nasdaq_composite,131.02647398903483,131.02647398903483,linear,ridge_10y,current_origin,0,equities_indices,medium_h4_h6
ridge,10,6,2025-01-31,origin_uk_ftse100_antofagasta,57.28622602058644,57.28622602058644,linear,ridge_10y,current_origin,0,equities_companies,medium_h4_h6
ridge,10,6,2025-01-31,gold_usd_per_troy_ounce_lag_6,146.39330262718985,146.39330262718985,linear,ridge_10y,lag_6m,6,commodities,medium_h4_h6
ridge,10,6,2025-01-31,iron_ore_usd_per_dmtu_lag_3,143.11301054037628,143.11301054037628,linear,ridge_10y,lag_3m,3,commodities,medium_h4_h6
ridge,10,6,2025-01-31,origin_turkey_bist100,-20.99546699913422,20.99546699913422,linear,ridge_10y,current_origin,0,equities_indices,medium_h4_h6
ridge,10,6,2025-01-31,iron_ore_usd_per_dmtu_lag_1,137.03920869040914,137.03920869040914,linear,ridge_10y,lag_1m,1,commodities,medium_h4_h6
ridge,10,6,2025-01-31,origin_south_korea_kospi,163.76769939725577,163.76769939725577,linear,ridge_10y,current_origin,0,equities_indices,medium_h4_h6
ridge,10,6,2025-01-31,origin_canada_tsx_composite_lundin_mining,64.52503316024469,64.52503316024469,linear,ridge_10y,current_origin,0,equities_companies,medium_h4_h6
ridge,10,6,2025-01-31,gold_usd_per_troy_ounce_lag_3,139.35264070725657,139.35264070725657,linear,ridge_10y,lag_3m,3,commodities,medium_h4_h6
ridge,10,6,2025-01-31,usa_sp500_southern_copper_lag_1,4.890320090288434,4.890320090288434,linear,ridge_10y,lag_1m,1,equities_companies,medium_h4_h6
ridge,10,6,2025-01-31,china_refined_copper_production_ton_lag_6,98.21416270131456,98.21416270131456,linear,ridge_10y,lag_6m,6,china,medium_h4_h6
ridge,10,6,2025-01-31,turkey_eur_try_monthly_average_lag_1,18.70022158363387,18.70022158363387,linear,ridge_10y,lag_1m,1,turkey,medium_h4_h6
ridge,10,6,2025-01-31,origin_japan_nikkei225,44.0814772312192,44.0814772312192,linear,ridge_10y,current_origin,0,equities_indices,medium_h4_h6
ridge,10,6,2025-01-31,origin_germany_dax,40.63361812212195,40.63361812212195,linear,ridge_10y,current_origin,0,equities_indices,medium_h4_h6
ridge,10,6,2025-01-31,origin_hong_kong_hang_seng_zijin_mining,43.36395875441588,43.36395875441588,linear,ridge_10y,current_origin,0,equities_companies,medium_h4_h6
ridge,10,6,2025-01-31,silver_usd_per_troy_ounce_lag_3,138.59192871460186,138.59192871460186,linear,ridge_10y,lag_3m,3,commodities,medium_h4_h6
ridge,10,6,2025-01-31,uk_ftse100_antofagasta_lag_3,16.141314563075465,16.141314563075465,linear,ridge_10y,lag_3m,3,equities_companies,medium_h4_h6
ridge,10,6,2025-01-31,gold_usd_per_troy_ounce_lag_12,69.10897596423685,69.10897596423685,linear,ridge_10y,lag_12m,12,commodities,medium_h4_h6
ridge,10,6,2025-01-31,hong_kong_hang_seng_zijin_mining_lag_1,27.54144173752507,27.54144173752507,linear,ridge_10y,lag_1m,1,equities_companies,medium_h4_h6
ridge,10,6,2025-01-31,gold_usd_per_troy_ounce_lag_1,127.07667954408264,127.07667954408264,linear,ridge_10y,lag_1m,1,commodities,medium_h4_h6
ridge,10,6,2025-02-28,origin_usa_nasdaq_composite,127.29012766619492,127.29012766619492,linear,ridge_10y,current_origin,0,equities_indices,medium_h4_h6
ridge,10,6,2025-02-28,origin_uk_ftse100_antofagasta,57.6592333767648,57.6592333767648,linear,ridge_10y,current_origin,0,equities_companies,medium_h4_h6
ridge,10,6,2025-02-28,gold_usd_per_troy_ounce_lag_6,144.65326745893393,144.65326745893393,linear,ridge_10y,lag_6m,6,commodities,medium_h4_h6
ridge,10,6,2025-02-28,iron_ore_usd_per_dmtu_lag_3,148.03328056487575,148.03328056487575,linear,ridge_10y,lag_3m,3,commodities,medium_h4_h6
ridge,10,6,2025-02-28,origin_south_korea_kospi,163.4326608364115,163.4326608364115,linear,ridge_10y,current_origin,0,equities_indices,medium_h4_h6
ridge,10,6,2025-02-28,iron_ore_usd_per_dmtu_lag_1,144.22169426878986,144.22169426878986,linear,ridge_10y,lag_1m,1,commodities,medium_h4_h6
ridge,10,6,2025-02-28,gold_usd_per_troy_ounce_lag_3,139.41349153902675,139.41349153902675,linear,ridge_10y,lag_3m,3,commodities,medium_h4_h6
ridge,10,6,2025-02-28,origin_turkey_bist100,-21.628059922587305,21.628059922587305,linear,ridge_10y,current_origin,0,equities_indices,medium_h4_h6
ridge,10,6,2025-02-28,usa_sp500_southern_copper_lag_1,6.991835023293699,6.991835023293699,linear,ridge_10y,lag_1m,1,equities_companies,medium_h4_h6
ridge,10,6,2025-02-28,origin_canada_tsx_composite_lundin_mining,62.426074793024,62.426074793024,linear,ridge_10y,current_origin,0,equities_companies,medium_h4_h6
ridge,10,6,2025-02-28,china_refined_copper_production_ton_lag_6,106.02075276382902,106.02075276382902,linear,ridge_10y,lag_6m,6,china,medium_h4_h6
ridge,10,6,2025-02-28,turkey_eur_try_monthly_average_lag_1,19.19754970055032,19.19754970055032,linear,ridge_10y,lag_1m,1,turkey,medium_h4_h6
ridge,10,6,2025-02-28,origin_japan_nikkei225,41.302583605696,41.302583605696,linear,ridge_10y,current_origin,0,equities_indices,medium_h4_h6
ridge,10,6,2025-02-28,silver_usd_per_troy_ounce_lag_3,136.241619355531,136.241619355531,linear,ridge_10y,lag_3m,3,commodities,medium_h4_h6
ridge,10,6,2025-02-28,origin_germany_dax,35.93117857743337,35.93117857743337,linear,ridge_10y,current_origin,0,equities_indices,medium_h4_h6
ridge,10,6,2025-02-28,origin_hong_kong_hang_seng_zijin_mining,43.27929657447634,43.27929657447634,linear,ridge_10y,current_origin,0,equities_companies,medium_h4_h6
ridge,10,6,2025-02-28,uk_ftse100_antofagasta_lag_3,16.3756361832593,16.3756361832593,linear,ridge_10y,lag_3m,3,equities_companies,medium_h4_h6
ridge,10,6,2025-02-28,gold_usd_per_troy_ounce_lag_12,71.42571414915372,71.42571414915372,linear,ridge_10y,lag_12m,12,commodities,medium_h4_h6
ridge,10,6,2025-02-28,hong_kong_hang_seng_zijin_mining_lag_1,27.943705750194333,27.943705750194333,linear,ridge_10y,lag_1m,1,equities_companies,medium_h4_h6
ridge,10,6,2025-02-28,gold_usd_per_troy_ounce_lag_1,127.80485341557365,127.80485341557365,linear,ridge_10y,lag_1m,1,commodities,medium_h4_h6
ridge,10,6,2025-03-31,origin_usa_nasdaq_composite,122.89361941438932,122.89361941438932,linear,ridge_10y,current_origin,0,equities_indices,medium_h4_h6
ridge,10,6,2025-03-31,origin_uk_ftse100_antofagasta,62.8966470616348,62.8966470616348,linear,ridge_10y,current_origin,0,equities_companies,medium_h4_h6
ridge,10,6,2025-03-31,gold_usd_per_troy_ounce_lag_6,144.73445328174986,144.73445328174986,linear,ridge_10y,lag_6m,6,commodities,medium_h4_h6
ridge,10,6,2025-03-31,iron_ore_usd_per_dmtu_lag_3,149.81797891017737,149.81797891017737,linear,ridge_10y,lag_3m,3,commodities,medium_h4_h6
ridge,10,6,2025-03-31,gold_usd_per_troy_ounce_lag_3,143.11044113831392,143.11044113831392,linear,ridge_10y,lag_3m,3,commodities,medium_h4_h6
ridge,10,6,2025-03-31,china_refined_copper_production_ton_lag_6,110.93945030407173,110.93945030407173,linear,ridge_10y,lag_6m,6,china,medium_h4_h6
ridge,10,6,2025-03-31,usa_sp500_southern_copper_lag_1,3.204407595617537,3.204407595617537,linear,ridge_10y,lag_1m,1,equities_companies,medium_h4_h6
ridge,10,6,2025-03-31,origin_south_korea_kospi,158.54608944292468,158.54608944292468,linear,ridge_10y,current_origin,0,equities_indices,medium_h4_h6
ridge,10,6,2025-03-31,origin_turkey_bist100,-16.74132534865349,16.74132534865349,linear,ridge_10y,current_origin,0,equities_indices,medium_h4_h6
ridge,10,6,2025-03-31,canada_tsx_composite_lundin_mining_lag_1,41.72228282290833,41.72228282290833,linear,ridge_10y,lag_1m,1,equities_companies,medium_h4_h6
ridge,10,6,2025-03-31,iron_ore_usd_per_dmtu_lag_1,143.8080556584342,143.8080556584342,linear,ridge_10y,lag_1m,1,commodities,medium_h4_h6
ridge,10,6,2025-03-31,turkey_eur_try_monthly_average_lag_1,19.26923784567884,19.26923784567884,linear,ridge_10y,lag_1m,1,turkey,medium_h4_h6
ridge,10,6,2025-03-31,silver_usd_per_troy_ounce_lag_3,131.4558238792214,131.4558238792214,linear,ridge_10y,lag_3m,3,commodities,medium_h4_h6
ridge,10,6,2025-03-31,origin_japan_nikkei225,39.46478372911594,39.46478372911594,linear,ridge_10y,current_origin,0,equities_indices,medium_h4_h6
ridge,10,6,2025-03-31,origin_germany_dax,32.98821140202035,32.98821140202035,linear,ridge_10y,current_origin,0,equities_indices,medium_h4_h6
ridge,10,6,2025-03-31,uk_ftse100_antofagasta_lag_3,9.519014396929244,9.519014396929244,linear,ridge_10y,lag_3m,3,equities_companies,medium_h4_h6
ridge,10,6,2025-03-31,origin_hong_kong_hang_seng_zijin_mining,47.62558613598426,47.62558613598426,linear,ridge_10y,current_origin,0,equities_companies,medium_h4_h6
ridge,10,6,2025-03-31,gold_usd_per_troy_ounce_lag_12,75.28244596000073,75.28244596000073,linear,ridge_10y,lag_12m,12,commodities,medium_h4_h6
ridge,10,6,2025-03-31,canada_tsx_composite_lundin_mining_lag_3,66.17462079182678,66.17462079182678,linear,ridge_10y,lag_3m,3,equities_companies,medium_h4_h6
ridge,10,6,2025-03-31,gold_usd_per_troy_ounce_lag_1,126.37636373954616,126.37636373954616,linear,ridge_10y,lag_1m,1,commodities,medium_h4_h6
ridge,10,6,2025-04-30,origin_usa_nasdaq_composite,113.68155020997392,113.68155020997392,linear,ridge_10y,current_origin,0,equities_indices,medium_h4_h6
ridge,10,6,2025-04-30,gold_usd_per_troy_ounce_lag_6,136.98505889595435,136.98505889595435,linear,ridge_10y,lag_6m,6,commodities,medium_h4_h6
ridge,10,6,2025-04-30,origin_uk_ftse100_antofagasta,63.37512554420292,63.37512554420292,linear,ridge_10y,current_origin,0,equities_companies,medium_h4_h6
ridge,10,6,2025-04-30,iron_ore_usd_per_dmtu_lag_3,159.58894032011665,159.58894032011665,linear,ridge_10y,lag_3m,3,commodities,medium_h4_h6
ridge,10,6,2025-04-30,gold_usd_per_troy_ounce_lag_3,136.67451807700868,136.67451807700868,linear,ridge_10y,lag_3m,3,commodities,medium_h4_h6
ridge,10,6,2025-04-30,china_refined_copper_production_ton_lag_6,112.4838067351267,112.4838067351267,linear,ridge_10y,lag_6m,6,china,medium_h4_h6
ridge,10,6,2025-04-30,origin_south_korea_kospi,154.0351340589144,154.0351340589144,linear,ridge_10y,current_origin,0,equities_indices,medium_h4_h6
ridge,10,6,2025-04-30,silver_usd_per_troy_ounce_lag_3,116.09449647381356,116.09449647381356,linear,ridge_10y,lag_3m,3,commodities,medium_h4_h6
ridge,10,6,2025-04-30,usa_sp500_southern_copper_lag_1,-2.9328380408764385,2.9328380408764385,linear,ridge_10y,lag_1m,1,equities_companies,medium_h4_h6
ridge,10,6,2025-04-30,origin_turkey_bist100,-13.38100811329498,13.38100811329498,linear,ridge_10y,current_origin,0,equities_indices,medium_h4_h6
ridge,10,6,2025-04-30,origin_japan_nikkei225,39.23547869711128,39.23547869711128,linear,ridge_10y,current_origin,0,equities_indices,medium_h4_h6
ridge,10,6,2025-04-30,canada_tsx_composite_lundin_mining_lag_1,34.56315488019492,34.56315488019492,linear,ridge_10y,lag_1m,1,equities_companies,medium_h4_h6
ridge,10,6,2025-04-30,turkey_eur_try_monthly_average_lag_1,16.792543211471568,16.792543211471568,linear,ridge_10y,lag_1m,1,turkey,medium_h4_h6
ridge,10,6,2025-04-30,uk_ftse100_antofagasta_lag_3,12.789880819118284,12.789880819118284,linear,ridge_10y,lag_3m,3,equities_companies,medium_h4_h6
ridge,10,6,2025-04-30,iron_ore_usd_per_dmtu_lag_1,143.60004615413692,143.60004615413692,linear,ridge_10y,lag_1m,1,commodities,medium_h4_h6
ridge,10,6,2025-04-30,canada_tsx_composite_lundin_mining_lag_3,63.91106071865179,63.91106071865179,linear,ridge_10y,lag_3m,3,equities_companies,medium_h4_h6
ridge,10,6,2025-04-30,gold_usd_per_troy_ounce_lag_12,76.74882559519985,76.74882559519985,linear,ridge_10y,lag_12m,12,commodities,medium_h4_h6
ridge,10,6,2025-04-30,origin_hong_kong_hang_seng_zijin_mining,39.81893440612837,39.81893440612837,linear,ridge_10y,current_origin,0,equities_companies,medium_h4_h6
ridge,10,6,2025-04-30,silver_usd_per_troy_ounce_lag_1,108.21667218466204,108.21667218466204,linear,ridge_10y,lag_1m,1,commodities,medium_h4_h6
ridge,10,6,2025-04-30,gold_usd_per_troy_ounce_lag_1,106.86464719522864,106.86464719522864,linear,ridge_10y,lag_1m,1,commodities,medium_h4_h6
ridge,10,6,2025-05-31,origin_usa_nasdaq_composite,118.26441188644571,118.26441188644571,linear,ridge_10y,current_origin,0,equities_indices,medium_h4_h6
ridge,10,6,2025-05-31,gold_usd_per_troy_ounce_lag_6,145.87911053249329,145.87911053249329,linear,ridge_10y,lag_6m,6,commodities,medium_h4_h6
ridge,10,6,2025-05-31,origin_uk_ftse100_antofagasta,71.03717783657433,71.03717783657433,linear,ridge_10y,current_origin,0,equities_companies,medium_h4_h6
ridge,10,6,2025-05-31,gold_usd_per_troy_ounce_lag_3,146.14289210515776,146.14289210515776,linear,ridge_10y,lag_3m,3,commodities,medium_h4_h6
ridge,10,6,2025-05-31,silver_usd_per_troy_ounce_lag_3,121.4962039338494,121.4962039338494,linear,ridge_10y,lag_3m,3,commodities,medium_h4_h6
ridge,10,6,2025-05-31,china_refined_copper_production_ton_lag_6,120.72198396846017,120.72198396846017,linear,ridge_10y,lag_6m,6,china,medium_h4_h6
ridge,10,6,2025-05-31,iron_ore_usd_per_dmtu_lag_3,166.53717200366452,166.53717200366452,linear,ridge_10y,lag_3m,3,commodities,medium_h4_h6
ridge,10,6,2025-05-31,origin_japan_nikkei225,43.15887340837234,43.15887340837234,linear,ridge_10y,current_origin,0,equities_indices,medium_h4_h6
ridge,10,6,2025-05-31,origin_south_korea_kospi,154.3748726855664,154.3748726855664,linear,ridge_10y,current_origin,0,equities_indices,medium_h4_h6
ridge,10,6,2025-05-31,usa_sp500_southern_copper_lag_1,-1.299566763271172,1.299566763271172,linear,ridge_10y,lag_1m,1,equities_companies,medium_h4_h6
ridge,10,6,2025-05-31,origin_turkey_bist100,-6.886436239087574,6.886436239087574,linear,ridge_10y,current_origin,0,equities_indices,medium_h4_h6
ridge,10,6,2025-05-31,canada_tsx_composite_lundin_mining_lag_1,34.17346746659496,34.17346746659496,linear,ridge_10y,lag_1m,1,equities_companies,medium_h4_h6
ridge,10,6,2025-05-31,uk_ftse100_antofagasta_lag_3,16.971137087611485,16.971137087611485,linear,ridge_10y,lag_3m,3,equities_companies,medium_h4_h6
ridge,10,6,2025-05-31,turkey_eur_try_monthly_average_lag_1,22.74521756331184,22.74521756331184,linear,ridge_10y,lag_1m,1,turkey,medium_h4_h6
ridge,10,6,2025-05-31,origin_hong_kong_hang_seng_zijin_mining,47.74594222310856,47.74594222310856,linear,ridge_10y,current_origin,0,equities_companies,medium_h4_h6
ridge,10,6,2025-05-31,gold_usd_per_troy_ounce_lag_12,81.31696871486314,81.31696871486314,linear,ridge_10y,lag_12m,12,commodities,medium_h4_h6
ridge,10,6,2025-05-31,canada_tsx_composite_lundin_mining_lag_3,61.82376109260804,61.82376109260804,linear,ridge_10y,lag_3m,3,equities_companies,medium_h4_h6
ridge,10,6,2025-05-31,iron_ore_usd_per_dmtu_lag_1,149.77084640694588,149.77084640694588,linear,ridge_10y,lag_1m,1,commodities,medium_h4_h6
ridge,10,6,2025-05-31,silver_usd_per_troy_ounce_lag_1,114.77244462506596,114.77244462506596,linear,ridge_10y,lag_1m,1,commodities,medium_h4_h6
ridge,10,6,2025-05-31,germany_dax_lag_1,13.781722830354836,13.781722830354836,linear,ridge_10y,lag_1m,1,equities_indices,medium_h4_h6
ridge,10,6,2025-06-30,origin_usa_nasdaq_composite,118.91213638783066,118.91213638783066,linear,ridge_10y,current_origin,0,equities_indices,medium_h4_h6
ridge,10,6,2025-06-30,gold_usd_per_troy_ounce_lag_6,158.57632236104936,158.57632236104936,linear,ridge_10y,lag_6m,6,commodities,medium_h4_h6
ridge,10,6,2025-06-30,origin_uk_ftse100_antofagasta,73.82624821276693,73.82624821276693,linear,ridge_10y,current_origin,0,equities_companies,medium_h4_h6
ridge,10,6,2025-06-30,silver_usd_per_troy_ounce_lag_3,126.98296457727972,126.98296457727972,linear,ridge_10y,lag_3m,3,commodities,medium_h4_h6
ridge,10,6,2025-06-30,gold_usd_per_troy_ounce_lag_3,146.03491553490198,146.03491553490198,linear,ridge_10y,lag_3m,3,commodities,medium_h4_h6
ridge,10,6,2025-06-30,china_refined_copper_production_ton_lag_6,126.5662280950292,126.5662280950292,linear,ridge_10y,lag_6m,6,china,medium_h4_h6
ridge,10,6,2025-06-30,origin_japan_nikkei225,39.476893394134336,39.476893394134336,linear,ridge_10y,current_origin,0,equities_indices,medium_h4_h6
ridge,10,6,2025-06-30,usa_sp500_southern_copper_lag_1,-7.169269330166262,7.169269330166262,linear,ridge_10y,lag_1m,1,equities_companies,medium_h4_h6
ridge,10,6,2025-06-30,origin_turkey_bist100,-19.60077893297772,19.60077893297772,linear,ridge_10y,current_origin,0,equities_indices,medium_h4_h6
ridge,10,6,2025-06-30,uk_ftse100_antofagasta_lag_3,20.06633368966324,20.06633368966324,linear,ridge_10y,lag_3m,3,equities_companies,medium_h4_h6
ridge,10,6,2025-06-30,origin_hong_kong_hang_seng_zijin_mining,49.759620793845954,49.759620793845954,linear,ridge_10y,current_origin,0,equities_companies,medium_h4_h6
ridge,10,6,2025-06-30,origin_canada_tsx_composite_lundin_mining,51.36713591438432,51.36713591438432,linear,ridge_10y,current_origin,0,equities_companies,medium_h4_h6
ridge,10,6,2025-06-30,gold_usd_per_troy_ounce_lag_12,81.69161771439686,81.69161771439686,linear,ridge_10y,lag_12m,12,commodities,medium_h4_h6
ridge,10,6,2025-06-30,origin_south_korea_kospi,164.0523862170349,164.0523862170349,linear,ridge_10y,current_origin,0,equities_indices,medium_h4_h6
ridge,10,6,2025-06-30,turkey_eur_try_monthly_average_lag_1,13.708508838446257,13.708508838446257,linear,ridge_10y,lag_1m,1,turkey,medium_h4_h6
ridge,10,6,2025-06-30,iron_ore_usd_per_dmtu_lag_3,195.48251357000808,195.48251357000808,linear,ridge_10y,lag_3m,3,commodities,medium_h4_h6
ridge,10,6,2025-06-30,silver_usd_per_troy_ounce_lag_1,121.95802933312405,121.95802933312405,linear,ridge_10y,lag_1m,1,commodities,medium_h4_h6
ridge,10,6,2025-06-30,canada_tsx_composite_lundin_mining_lag_3,62.96213620937407,62.96213620937407,linear,ridge_10y,lag_3m,3,equities_companies,medium_h4_h6
ridge,10,6,2025-06-30,germany_dax_lag_1,11.059197262048327,11.059197262048327,linear,ridge_10y,lag_1m,1,equities_indices,medium_h4_h6
ridge,10,6,2025-06-30,origin_copper_price_usd_per_ton,65.93147907837314,65.93147907837314,linear,ridge_10y,current_origin,0,copper_market,medium_h4_h6
ridge,10,6,2025-07-31,origin_usa_nasdaq_composite,113.86518072458092,113.86518072458092,linear,ridge_10y,current_origin,0,equities_indices,medium_h4_h6
ridge,10,6,2025-07-31,gold_usd_per_troy_ounce_lag_6,164.51853502968353,164.51853502968353,linear,ridge_10y,lag_6m,6,commodities,medium_h4_h6
ridge,10,6,2025-07-31,silver_usd_per_troy_ounce_lag_3,123.70527060586036,123.70527060586036,linear,ridge_10y,lag_3m,3,commodities,medium_h4_h6
ridge,10,6,2025-07-31,origin_uk_ftse100_antofagasta,78.55892985119424,78.55892985119424,linear,ridge_10y,current_origin,0,equities_companies,medium_h4_h6
ridge,10,6,2025-07-31,china_refined_copper_production_ton_lag_6,133.76994502655958,133.76994502655958,linear,ridge_10y,lag_6m,6,china,medium_h4_h6
ridge,10,6,2025-07-31,gold_usd_per_troy_ounce_lag_3,137.64463662522022,137.64463662522022,linear,ridge_10y,lag_3m,3,commodities,medium_h4_h6
ridge,10,6,2025-07-31,origin_japan_nikkei225,41.89936329365617,41.89936329365617,linear,ridge_10y,current_origin,0,equities_indices,medium_h4_h6
ridge,10,6,2025-07-31,origin_hong_kong_hang_seng_zijin_mining,53.65299765311025,53.65299765311025,linear,ridge_10y,current_origin,0,equities_companies,medium_h4_h6
ridge,10,6,2025-07-31,usa_sp500_southern_copper_lag_1,-5.582531879797285,5.582531879797285,linear,ridge_10y,lag_1m,1,equities_companies,medium_h4_h6
ridge,10,6,2025-07-31,silver_usd_per_troy_ounce_lag_1,123.55953668793198,123.55953668793198,linear,ridge_10y,lag_1m,1,commodities,medium_h4_h6
ridge,10,6,2025-07-31,gold_usd_per_troy_ounce_lag_12,81.76411582744389,81.76411582744389,linear,ridge_10y,lag_12m,12,commodities,medium_h4_h6
ridge,10,6,2025-07-31,uk_ftse100_antofagasta_lag_3,21.205542812721,21.205542812721,linear,ridge_10y,lag_3m,3,equities_companies,medium_h4_h6
ridge,10,6,2025-07-31,origin_turkey_bist100,-19.25577316749005,19.25577316749005,linear,ridge_10y,current_origin,0,equities_indices,medium_h4_h6
ridge,10,6,2025-07-31,canada_tsx_composite_lundin_mining_lag_1,37.52229229838141,37.52229229838141,linear,ridge_10y,lag_1m,1,equities_companies,medium_h4_h6
ridge,10,6,2025-07-31,turkey_eur_try_monthly_average_lag_1,11.954747707002884,11.954747707002884,linear,ridge_10y,lag_1m,1,turkey,medium_h4_h6
ridge,10,6,2025-07-31,germany_dax_lag_1,10.956475285255536,10.956475285255536,linear,ridge_10y,lag_1m,1,equities_indices,medium_h4_h6
ridge,10,6,2025-07-31,canada_tsx_composite_lundin_mining_lag_3,57.72465267035969,57.72465267035969,linear,ridge_10y,lag_3m,3,equities_companies,medium_h4_h6
ridge,10,6,2025-07-31,origin_south_korea_kospi,167.72661127634592,167.72661127634592,linear,ridge_10y,current_origin,0,equities_indices,medium_h4_h6
ridge,10,6,2025-07-31,iron_ore_usd_per_dmtu_lag_3,196.0817097425309,196.0817097425309,linear,ridge_10y,lag_3m,3,commodities,medium_h4_h6
ridge,10,6,2025-07-31,origin_copper_price_usd_per_ton,71.03270565446672,71.03270565446672,linear,ridge_10y,current_origin,0,copper_market,medium_h4_h6
ridge,10,6,2025-08-31,origin_usa_nasdaq_composite,155.73429898794615,155.73429898794615,linear,ridge_10y,current_origin,0,equities_indices,medium_h4_h6
ridge,10,6,2025-08-31,gold_usd_per_troy_ounce_lag_6,390.3591751617596,390.3591751617596,linear,ridge_10y,lag_6m,6,commodities,medium_h4_h6
ridge,10,6,2025-08-31,silver_usd_per_troy_ounce_lag_3,197.3986732367725,197.3986732367725,linear,ridge_10y,lag_3m,3,commodities,medium_h4_h6
ridge,10,6,2025-08-31,origin_uk_ftse100_antofagasta,202.30528633070807,202.30528633070807,linear,ridge_10y,current_origin,0,equities_companies,medium_h4_h6
ridge,10,6,2025-08-31,china_refined_copper_production_ton_lag_6,392.0913258549077,392.0913258549077,linear,ridge_10y,lag_6m,6,china,medium_h4_h6
ridge,10,6,2025-08-31,gold_usd_per_troy_ounce_lag_3,258.15096450238,258.15096450238,linear,ridge_10y,lag_3m,3,commodities,medium_h4_h6
ridge,10,6,2025-08-31,origin_germany_dax,-172.52628580314183,172.52628580314183,linear,ridge_10y,current_origin,0,equities_indices,medium_h4_h6
ridge,10,6,2025-08-31,silver_usd_per_troy_ounce_lag_1,244.78925827794316,244.78925827794316,linear,ridge_10y,lag_1m,1,commodities,medium_h4_h6
ridge,10,6,2025-08-31,gold_usd_per_troy_ounce_lag_12,236.454232968854,236.454232968854,linear,ridge_10y,lag_12m,12,commodities,medium_h4_h6
ridge,10,6,2025-08-31,usa_sp500_southern_copper_lag_1,-246.8741410033054,246.8741410033054,linear,ridge_10y,lag_1m,1,equities_companies,medium_h4_h6
ridge,10,6,2025-08-31,uk_ftse100_antofagasta_lag_3,-18.76154608672553,18.76154608672553,linear,ridge_10y,lag_3m,3,equities_companies,medium_h4_h6
ridge,10,6,2025-08-31,hong_kong_hang_seng_zijin_mining_lag_1,-18.497312863048403,18.497312863048403,linear,ridge_10y,lag_1m,1,equities_companies,medium_h4_h6
ridge,10,6,2025-08-31,japan_nikkei225_lag_1,-60.41415734172909,60.41415734172909,linear,ridge_10y,lag_1m,1,equities_indices,medium_h4_h6
ridge,10,6,2025-08-31,origin_turkey_bist100,4.908952866786689,4.908952866786689,linear,ridge_10y,current_origin,0,equities_indices,medium_h4_h6
ridge,10,6,2025-08-31,canada_tsx_composite_lundin_mining_lag_1,-53.97136123367141,53.97136123367141,linear,ridge_10y,lag_1m,1,equities_companies,medium_h4_h6
ridge,10,6,2025-08-31,canada_tsx_composite_lundin_mining_lag_3,108.32965256173826,108.32965256173826,linear,ridge_10y,lag_3m,3,equities_companies,medium_h4_h6
ridge,10,6,2025-08-31,hong_kong_hang_seng_zijin_mining_lag_3,-82.05472035619727,82.05472035619727,linear,ridge_10y,lag_3m,3,equities_companies,medium_h4_h6
ridge,10,6,2025-08-31,turkey_eur_try_monthly_average_lag_1,15.796409262137184,15.796409262137184,linear,ridge_10y,lag_1m,1,turkey,medium_h4_h6
ridge,10,6,2025-08-31,origin_south_korea_kospi,475.3545068548798,475.3545068548798,linear,ridge_10y,current_origin,0,equities_indices,medium_h4_h6
ridge,10,6,2025-08-31,origin_canada_tsx_composite_capstone_copper,-306.53163158194087,306.53163158194087,linear,ridge_10y,current_origin,0,equities_companies,medium_h4_h6
ridge,10,6,2025-09-30,origin_usa_nasdaq_composite,139.9246116634434,139.9246116634434,linear,ridge_10y,current_origin,0,equities_indices,medium_h4_h6
ridge,10,6,2025-09-30,gold_usd_per_troy_ounce_lag_6,159.40829782178596,159.40829782178596,linear,ridge_10y,lag_6m,6,commodities,medium_h4_h6
ridge,10,6,2025-09-30,silver_usd_per_troy_ounce_lag_3,148.52902114771916,148.52902114771916,linear,ridge_10y,lag_3m,3,commodities,medium_h4_h6
ridge,10,6,2025-09-30,origin_uk_ftse100_antofagasta,128.85080905429533,128.85080905429533,linear,ridge_10y,current_origin,0,equities_companies,medium_h4_h6
ridge,10,6,2025-09-30,china_refined_copper_production_ton_lag_6,131.27006120875657,131.27006120875657,linear,ridge_10y,lag_6m,6,china,medium_h4_h6
ridge,10,6,2025-09-30,gold_usd_per_troy_ounce_lag_3,126.22566576171992,126.22566576171992,linear,ridge_10y,lag_3m,3,commodities,medium_h4_h6
ridge,10,6,2025-09-30,gold_usd_per_troy_ounce_lag_12,121.50769090043148,121.50769090043148,linear,ridge_10y,lag_12m,12,commodities,medium_h4_h6
ridge,10,6,2025-09-30,origin_germany_dax,18.68167046127206,18.68167046127206,linear,ridge_10y,current_origin,0,equities_indices,medium_h4_h6
ridge,10,6,2025-09-30,silver_usd_per_troy_ounce_lag_1,140.4664921757415,140.4664921757415,linear,ridge_10y,lag_1m,1,commodities,medium_h4_h6
ridge,10,6,2025-09-30,japan_nikkei225_lag_1,36.24500522048064,36.24500522048064,linear,ridge_10y,lag_1m,1,equities_indices,medium_h4_h6
ridge,10,6,2025-09-30,uk_ftse100_antofagasta_lag_3,63.88179764501406,63.88179764501406,linear,ridge_10y,lag_3m,3,equities_companies,medium_h4_h6
ridge,10,6,2025-09-30,usa_sp500_southern_copper_lag_1,-1.6046619843115513,1.6046619843115513,linear,ridge_10y,lag_1m,1,equities_companies,medium_h4_h6
ridge,10,6,2025-09-30,hong_kong_hang_seng_zijin_mining_lag_3,39.72498992947039,39.72498992947039,linear,ridge_10y,lag_3m,3,equities_companies,medium_h4_h6
ridge,10,6,2025-09-30,hong_kong_hang_seng_zijin_mining_lag_1,59.39066000883162,59.39066000883162,linear,ridge_10y,lag_1m,1,equities_companies,medium_h4_h6
ridge,10,6,2025-09-30,silver_usd_per_troy_ounce_lag_6,119.45389295674794,119.45389295674794,linear,ridge_10y,lag_6m,6,commodities,medium_h4_h6
ridge,10,6,2025-09-30,origin_turkey_bist100,-70.18247832925404,70.18247832925404,linear,ridge_10y,current_origin,0,equities_indices,medium_h4_h6
ridge,10,6,2025-09-30,canada_tsx_composite_lundin_mining_lag_1,78.34646411202117,78.34646411202117,linear,ridge_10y,lag_1m,1,equities_companies,medium_h4_h6
ridge,10,6,2025-09-30,canada_tsx_composite_lundin_mining_lag_3,88.73345747409991,88.73345747409991,linear,ridge_10y,lag_3m,3,equities_companies,medium_h4_h6
ridge,10,6,2025-09-30,origin_canada_tsx_composite_capstone_copper,-13.913034798149296,13.913034798149296,linear,ridge_10y,current_origin,0,equities_companies,medium_h4_h6
ridge,10,6,2025-09-30,turkey_eur_try_monthly_average_lag_1,-27.45259759418807,27.45259759418807,linear,ridge_10y,lag_1m,1,turkey,medium_h4_h6
ridge,10,6,2025-10-31,origin_usa_nasdaq_composite,139.3896790195814,139.3896790195814,linear,ridge_10y,current_origin,0,equities_indices,medium_h4_h6
ridge,10,6,2025-10-31,gold_usd_per_troy_ounce_lag_6,157.65934313848473,157.65934313848473,linear,ridge_10y,lag_6m,6,commodities,medium_h4_h6
ridge,10,6,2025-10-31,silver_usd_per_troy_ounce_lag_3,150.5804881193996,150.5804881193996,linear,ridge_10y,lag_3m,3,commodities,medium_h4_h6
ridge,10,6,2025-10-31,origin_uk_ftse100_antofagasta,127.75255566436552,127.75255566436552,linear,ridge_10y,current_origin,0,equities_companies,medium_h4_h6
ridge,10,6,2025-10-31,gold_usd_per_troy_ounce_lag_3,125.9749865716791,125.9749865716791,linear,ridge_10y,lag_3m,3,commodities,medium_h4_h6
ridge,10,6,2025-10-31,gold_usd_per_troy_ounce_lag_12,127.21533084304616,127.21533084304616,linear,ridge_10y,lag_12m,12,commodities,medium_h4_h6
ridge,10,6,2025-10-31,china_refined_copper_production_ton_lag_6,127.27465071026836,127.27465071026836,linear,ridge_10y,lag_6m,6,china,medium_h4_h6
ridge,10,6,2025-10-31,silver_usd_per_troy_ounce_lag_1,139.83320978161603,139.83320978161603,linear,ridge_10y,lag_1m,1,commodities,medium_h4_h6
ridge,10,6,2025-10-31,origin_germany_dax,17.93354421625628,17.93354421625628,linear,ridge_10y,current_origin,0,equities_indices,medium_h4_h6
ridge,10,6,2025-10-31,japan_nikkei225_lag_1,39.20159964213655,39.20159964213655,linear,ridge_10y,lag_1m,1,equities_indices,medium_h4_h6
ridge,10,6,2025-10-31,hong_kong_hang_seng_zijin_mining_lag_3,42.59725593041136,42.59725593041136,linear,ridge_10y,lag_3m,3,equities_companies,medium_h4_h6
ridge,10,6,2025-10-31,uk_ftse100_antofagasta_lag_3,65.56707006640586,65.56707006640586,linear,ridge_10y,lag_3m,3,equities_companies,medium_h4_h6
ridge,10,6,2025-10-31,silver_usd_per_troy_ounce_lag_6,121.0394474352347,121.0394474352347,linear,ridge_10y,lag_6m,6,commodities,medium_h4_h6
ridge,10,6,2025-10-31,usa_sp500_southern_copper_lag_1,-1.3252976215770529,1.3252976215770529,linear,ridge_10y,lag_1m,1,equities_companies,medium_h4_h6
ridge,10,6,2025-10-31,hong_kong_hang_seng_zijin_mining_lag_1,60.66386285196889,60.66386285196889,linear,ridge_10y,lag_1m,1,equities_companies,medium_h4_h6
ridge,10,6,2025-10-31,origin_turkey_bist100,-66.52149975892696,66.52149975892696,linear,ridge_10y,current_origin,0,equities_indices,medium_h4_h6
ridge,10,6,2025-10-31,canada_tsx_composite_lundin_mining_lag_3,89.2827992478544,89.2827992478544,linear,ridge_10y,lag_3m,3,equities_companies,medium_h4_h6
ridge,10,6,2025-10-31,canada_tsx_composite_lundin_mining_lag_1,75.92755095949332,75.92755095949332,linear,ridge_10y,lag_1m,1,equities_companies,medium_h4_h6
ridge,10,6,2025-10-31,turkey_usd_try_monthly_average_lag_1,-28.727131818963844,28.727131818963844,linear,ridge_10y,lag_1m,1,turkey,medium_h4_h6
ridge,10,6,2025-10-31,origin_canada_tsx_composite_capstone_copper,-12.23080086471094,12.23080086471094,linear,ridge_10y,current_origin,0,equities_companies,medium_h4_h6
ridge,10,6,2025-11-30,gold_usd_per_troy_ounce_lag_6,150.27489274572108,150.27489274572108,linear,ridge_10y,lag_6m,6,commodities,medium_h4_h6
ridge,10,6,2025-11-30,origin_usa_nasdaq_composite,133.3908982378819,133.3908982378819,linear,ridge_10y,current_origin,0,equities_indices,medium_h4_h6
ridge,10,6,2025-11-30,silver_usd_per_troy_ounce_lag_3,149.1202388199047,149.1202388199047,linear,ridge_10y,lag_3m,3,commodities,medium_h4_h6
ridge,10,6,2025-11-30,gold_usd_per_troy_ounce_lag_12,119.76653280189532,119.76653280189532,linear,ridge_10y,lag_12m,12,commodities,medium_h4_h6
ridge,10,6,2025-11-30,origin_uk_ftse100_antofagasta,120.76938037422576,120.76938037422576,linear,ridge_10y,current_origin,0,equities_companies,medium_h4_h6
ridge,10,6,2025-11-30,gold_usd_per_troy_ounce_lag_3,119.20597567711935,119.20597567711935,linear,ridge_10y,lag_3m,3,commodities,medium_h4_h6
ridge,10,6,2025-11-30,china_refined_copper_production_ton_lag_6,116.42493656738615,116.42493656738615,linear,ridge_10y,lag_6m,6,china,medium_h4_h6
ridge,10,6,2025-11-30,silver_usd_per_troy_ounce_lag_1,140.5417290034133,140.5417290034133,linear,ridge_10y,lag_1m,1,commodities,medium_h4_h6
ridge,10,6,2025-11-30,origin_germany_dax,13.17074852703714,13.17074852703714,linear,ridge_10y,current_origin,0,equities_indices,medium_h4_h6
ridge,10,6,2025-11-30,silver_usd_per_troy_ounce_lag_6,119.30836856938352,119.30836856938352,linear,ridge_10y,lag_6m,6,commodities,medium_h4_h6
ridge,10,6,2025-11-30,japan_nikkei225_lag_1,33.80478192902199,33.80478192902199,linear,ridge_10y,lag_1m,1,equities_indices,medium_h4_h6
ridge,10,6,2025-11-30,hong_kong_hang_seng_zijin_mining_lag_3,36.586917370269774,36.586917370269774,linear,ridge_10y,lag_3m,3,equities_companies,medium_h4_h6
ridge,10,6,2025-11-30,uk_ftse100_antofagasta_lag_3,63.27406458558095,63.27406458558095,linear,ridge_10y,lag_3m,3,equities_companies,medium_h4_h6
ridge,10,6,2025-11-30,origin_hong_kong_hang_seng_zijin_mining,72.04651851659341,72.04651851659341,linear,ridge_10y,current_origin,0,equities_companies,medium_h4_h6
ridge,10,6,2025-11-30,usa_sp500_southern_copper_lag_1,-0.2770467003248414,0.2770467003248414,linear,ridge_10y,lag_1m,1,equities_companies,medium_h4_h6
ridge,10,6,2025-11-30,origin_shfe_close_cny_per_ton,74.85005542393993,74.85005542393993,linear,ridge_10y,current_origin,0,copper_market,medium_h4_h6
ridge,10,6,2025-11-30,origin_turkey_bist100,-72.55151765049477,72.55151765049477,linear,ridge_10y,current_origin,0,equities_indices,medium_h4_h6
ridge,10,6,2025-11-30,usd_inr_lag_12,61.44580516333852,61.44580516333852,linear,ridge_10y,lag_12m,12,macro_fred,medium_h4_h6
ridge,10,6,2025-11-30,turkey_usd_try_monthly_average_lag_1,-36.771334821055824,36.771334821055824,linear,ridge_10y,lag_1m,1,turkey,medium_h4_h6
ridge,10,6,2025-11-30,canada_tsx_composite_lundin_mining_lag_3,94.06249082467762,94.06249082467762,linear,ridge_10y,lag_3m,3,equities_companies,medium_h4_h6
ridge,10,6,2025-12-31,gold_usd_per_troy_ounce_lag_6,153.84106388151343,153.84106388151343,linear,ridge_10y,lag_6m,6,commodities,medium_h4_h6
ridge,10,6,2025-12-31,origin_usa_nasdaq_composite,136.3977918404387,136.3977918404387,linear,ridge_10y,current_origin,0,equities_indices,medium_h4_h6
ridge,10,6,2025-12-31,silver_usd_per_troy_ounce_lag_3,160.1455253572741,160.1455253572741,linear,ridge_10y,lag_3m,3,commodities,medium_h4_h6
ridge,10,6,2025-12-31,gold_usd_per_troy_ounce_lag_12,131.32773338455016,131.32773338455016,linear,ridge_10y,lag_12m,12,commodities,medium_h4_h6
ridge,10,6,2025-12-31,silver_usd_per_troy_ounce_lag_6,130.92885879382214,130.92885879382214,linear,ridge_10y,lag_6m,6,commodities,medium_h4_h6
ridge,10,6,2025-12-31,gold_usd_per_troy_ounce_lag_3,123.35309834961252,123.35309834961252,linear,ridge_10y,lag_3m,3,commodities,medium_h4_h6
ridge,10,6,2025-12-31,silver_usd_per_troy_ounce_lag_1,146.99779719468663,146.99779719468663,linear,ridge_10y,lag_1m,1,commodities,medium_h4_h6
ridge,10,6,2025-12-31,origin_uk_ftse100_antofagasta,118.33147069764354,118.33147069764354,linear,ridge_10y,current_origin,0,equities_companies,medium_h4_h6
ridge,10,6,2025-12-31,china_refined_copper_production_ton_lag_6,114.0716399249522,114.0716399249522,linear,ridge_10y,lag_6m,6,china,medium_h4_h6
ridge,10,6,2025-12-31,origin_germany_dax,26.79277994320415,26.79277994320415,linear,ridge_10y,current_origin,0,equities_indices,medium_h4_h6
ridge,10,6,2025-12-31,japan_nikkei225_lag_1,38.051184401443535,38.051184401443535,linear,ridge_10y,lag_1m,1,equities_indices,medium_h4_h6
ridge,10,6,2025-12-31,hong_kong_hang_seng_zijin_mining_lag_3,44.630074015455065,44.630074015455065,linear,ridge_10y,lag_3m,3,equities_companies,medium_h4_h6
ridge,10,6,2025-12-31,uk_ftse100_antofagasta_lag_3,75.03739446698954,75.03739446698954,linear,ridge_10y,lag_3m,3,equities_companies,medium_h4_h6
ridge,10,6,2025-12-31,usd_inr_lag_12,71.85207082746678,71.85207082746678,linear,ridge_10y,lag_12m,12,macro_fred,medium_h4_h6
ridge,10,6,2025-12-31,origin_shfe_close_cny_per_ton,89.40782397571193,89.40782397571193,linear,ridge_10y,current_origin,0,copper_market,medium_h4_h6
ridge,10,6,2025-12-31,origin_hong_kong_hang_seng_zijin_mining,75.11435962476858,75.11435962476858,linear,ridge_10y,current_origin,0,equities_companies,medium_h4_h6
ridge,10,6,2025-12-31,usa_sp500_southern_copper_lag_1,5.604828920775881,5.604828920775881,linear,ridge_10y,lag_1m,1,equities_companies,medium_h4_h6
ridge,10,6,2025-12-31,origin_turkey_bist100,-71.11782318206173,71.11782318206173,linear,ridge_10y,current_origin,0,equities_indices,medium_h4_h6
ridge,10,6,2025-12-31,turkey_usd_try_monthly_average_lag_1,-33.57996350004386,33.57996350004386,linear,ridge_10y,lag_1m,1,turkey,medium_h4_h6
ridge,10,6,2025-12-31,origin_canada_tsx_composite_capstone_copper,-15.068488904169572,15.068488904169572,linear,ridge_10y,current_origin,0,equities_companies,medium_h4_h6
ridge,10,6,2026-01-31,gold_usd_per_troy_ounce_lag_6,161.7019736743211,161.7019736743211,linear,ridge_10y,lag_6m,6,commodities,medium_h4_h6
ridge,10,6,2026-01-31,origin_usa_nasdaq_composite,137.52967663489383,137.52967663489383,linear,ridge_10y,current_origin,0,equities_indices,medium_h4_h6
ridge,10,6,2026-01-31,silver_usd_per_troy_ounce_lag_3,161.37900929081317,161.37900929081317,linear,ridge_10y,lag_3m,3,commodities,medium_h4_h6
ridge,10,6,2026-01-31,gold_usd_per_troy_ounce_lag_12,149.87184507556287,149.87184507556287,linear,ridge_10y,lag_12m,12,commodities,medium_h4_h6
ridge,10,6,2026-01-31,silver_usd_per_troy_ounce_lag_6,134.9539305426094,134.9539305426094,linear,ridge_10y,lag_6m,6,commodities,medium_h4_h6
ridge,10,6,2026-01-31,silver_usd_per_troy_ounce_lag_1,155.49160084402624,155.49160084402624,linear,ridge_10y,lag_1m,1,commodities,medium_h4_h6
ridge,10,6,2026-01-31,gold_usd_per_troy_ounce_lag_3,141.5166323317911,141.5166323317911,linear,ridge_10y,lag_3m,3,commodities,medium_h4_h6
ridge,10,6,2026-01-31,origin_germany_dax,46.30568664471719,46.30568664471719,linear,ridge_10y,current_origin,0,equities_indices,medium_h4_h6
ridge,10,6,2026-01-31,origin_uk_ftse100_antofagasta,108.24324056454697,108.24324056454697,linear,ridge_10y,current_origin,0,equities_companies,medium_h4_h6
ridge,10,6,2026-01-31,japan_nikkei225_lag_1,38.72024838693133,38.72024838693133,linear,ridge_10y,lag_1m,1,equities_indices,medium_h4_h6
ridge,10,6,2026-01-31,china_refined_copper_production_ton_lag_6,80.1605489604321,80.1605489604321,linear,ridge_10y,lag_6m,6,china,medium_h4_h6
ridge,10,6,2026-01-31,usd_inr_lag_12,80.30813022482877,80.30813022482877,linear,ridge_10y,lag_12m,12,macro_fred,medium_h4_h6
ridge,10,6,2026-01-31,origin_shfe_close_cny_per_ton,95.11709225093256,95.11709225093256,linear,ridge_10y,current_origin,0,copper_market,medium_h4_h6
ridge,10,6,2026-01-31,hong_kong_hang_seng_zijin_mining_lag_3,43.27850987644152,43.27850987644152,linear,ridge_10y,lag_3m,3,equities_companies,medium_h4_h6
ridge,10,6,2026-01-31,origin_hong_kong_hang_seng_zijin_mining,84.76852487169727,84.76852487169727,linear,ridge_10y,current_origin,0,equities_companies,medium_h4_h6
ridge,10,6,2026-01-31,uk_ftse100_antofagasta_lag_3,55.98264161881967,55.98264161881967,linear,ridge_10y,lag_3m,3,equities_companies,medium_h4_h6
ridge,10,6,2026-01-31,usa_sp500_southern_copper_lag_1,1.9217121686650125,1.9217121686650125,linear,ridge_10y,lag_1m,1,equities_companies,medium_h4_h6
ridge,10,6,2026-01-31,origin_turkey_bist100,-61.45736534870129,61.45736534870129,linear,ridge_10y,current_origin,0,equities_indices,medium_h4_h6
ridge,10,6,2026-01-31,turkey_usd_try_monthly_average_lag_1,-24.054244779173136,24.054244779173136,linear,ridge_10y,lag_1m,1,turkey,medium_h4_h6
ridge,10,6,2026-01-31,origin_canada_tsx_composite_capstone_copper,-21.19197863139509,21.19197863139509,linear,ridge_10y,current_origin,0,equities_companies,medium_h4_h6
ridge,10,6,2026-02-28,silver_usd_per_troy_ounce_lag_3,145.94307199147016,145.94307199147016,linear,ridge_10y,lag_3m,3,commodities,medium_h4_h6
ridge,10,6,2026-02-28,gold_usd_per_troy_ounce_lag_6,162.58577410841502,162.58577410841502,linear,ridge_10y,lag_6m,6,commodities,medium_h4_h6
ridge,10,6,2026-02-28,origin_usa_nasdaq_composite,135.13657993463286,135.13657993463286,linear,ridge_10y,current_origin,0,equities_indices,medium_h4_h6
ridge,10,6,2026-02-28,gold_usd_per_troy_ounce_lag_12,144.47605322699914,144.47605322699914,linear,ridge_10y,lag_12m,12,commodities,medium_h4_h6
ridge,10,6,2026-02-28,silver_usd_per_troy_ounce_lag_6,119.01778686058154,119.01778686058154,linear,ridge_10y,lag_6m,6,commodities,medium_h4_h6
ridge,10,6,2026-02-28,silver_usd_per_troy_ounce_lag_1,147.9198177259144,147.9198177259144,linear,ridge_10y,lag_1m,1,commodities,medium_h4_h6
ridge,10,6,2026-02-28,gold_usd_per_troy_ounce_lag_3,155.33440184087428,155.33440184087428,linear,ridge_10y,lag_3m,3,commodities,medium_h4_h6
ridge,10,6,2026-02-28,origin_germany_dax,56.0257429569176,56.0257429569176,linear,ridge_10y,current_origin,0,equities_indices,medium_h4_h6
ridge,10,6,2026-02-28,origin_uk_ftse100_antofagasta,98.0568463071137,98.0568463071137,linear,ridge_10y,current_origin,0,equities_companies,medium_h4_h6
ridge,10,6,2026-02-28,japan_nikkei225_lag_1,41.004548837963576,41.004548837963576,linear,ridge_10y,lag_1m,1,equities_indices,medium_h4_h6
ridge,10,6,2026-02-28,usd_inr_lag_12,69.14658533984044,69.14658533984044,linear,ridge_10y,lag_12m,12,macro_fred,medium_h4_h6
ridge,10,6,2026-02-28,origin_shfe_close_cny_per_ton,75.94073969526845,75.94073969526845,linear,ridge_10y,current_origin,0,copper_market,medium_h4_h6
ridge,10,6,2026-02-28,hong_kong_hang_seng_zijin_mining_lag_3,30.370998425533216,30.370998425533216,linear,ridge_10y,lag_3m,3,equities_companies,medium_h4_h6
ridge,10,6,2026-02-28,china_refined_copper_production_ton_lag_6,53.98693945129517,53.98693945129517,linear,ridge_10y,lag_6m,6,china,medium_h4_h6
ridge,10,6,2026-02-28,origin_hong_kong_hang_seng_zijin_mining,83.57862149259817,83.57862149259817,linear,ridge_10y,current_origin,0,equities_companies,medium_h4_h6
ridge,10,6,2026-02-28,uk_ftse100_antofagasta_lag_3,40.146174618168935,40.146174618168935,linear,ridge_10y,lag_3m,3,equities_companies,medium_h4_h6
ridge,10,6,2026-02-28,usa_sp500_southern_copper_lag_1,-1.6240547149026756,1.6240547149026756,linear,ridge_10y,lag_1m,1,equities_companies,medium_h4_h6
ridge,10,6,2026-02-28,origin_turkey_bist100,-46.43595432026517,46.43595432026517,linear,ridge_10y,current_origin,0,equities_indices,medium_h4_h6
ridge,10,6,2026-02-28,turkey_usd_try_monthly_average_lag_1,-11.00967451630328,11.00967451630328,linear,ridge_10y,lag_1m,1,turkey,medium_h4_h6
ridge,10,6,2026-02-28,japan_industrial_production_lag_12,-156.29543475272249,156.29543475272249,linear,ridge_10y,lag_12m,12,global_macro,medium_h4_h6
ridge,10,7,2025-01-31,origin_usa_nasdaq_composite,120.66049448907192,120.66049448907192,linear,ridge_10y,current_origin,0,equities_indices,long_h7_h12
ridge,10,7,2025-01-31,gold_usd_per_troy_ounce_lag_6,140.60034197920297,140.60034197920297,linear,ridge_10y,lag_6m,6,commodities,long_h7_h12
ridge,10,7,2025-01-31,gold_usd_per_troy_ounce_lag_3,157.47416503626874,157.47416503626874,linear,ridge_10y,lag_3m,3,commodities,long_h7_h12
ridge,10,7,2025-01-31,iron_ore_usd_per_dmtu_lag_1,139.69837866706712,139.69837866706712,linear,ridge_10y,lag_1m,1,commodities,long_h7_h12
ridge,10,7,2025-01-31,origin_uk_ftse100_antofagasta,41.45490313333472,41.45490313333472,linear,ridge_10y,current_origin,0,equities_companies,long_h7_h12
ridge,10,7,2025-01-31,china_refined_copper_production_ton_lag_6,77.81461783506815,77.81461783506815,linear,ridge_10y,lag_6m,6,china,long_h7_h12
ridge,10,7,2025-01-31,iron_ore_usd_per_dmtu_lag_3,124.65224745550634,124.65224745550634,linear,ridge_10y,lag_3m,3,commodities,long_h7_h12
ridge,10,7,2025-01-31,origin_canada_tsx_composite_lundin_mining,62.33791609069824,62.33791609069824,linear,ridge_10y,current_origin,0,equities_companies,long_h7_h12
ridge,10,7,2025-01-31,silver_usd_per_troy_ounce_lag_3,126.91670478299092,126.91670478299092,linear,ridge_10y,lag_3m,3,commodities,long_h7_h12
ridge,10,7,2025-01-31,origin_turkey_bist100,-1.6339893857455947,1.6339893857455947,linear,ridge_10y,current_origin,0,equities_indices,long_h7_h12
ridge,10,7,2025-01-31,usa_sp500_southern_copper_lag_1,3.2073852365027675,3.2073852365027675,linear,ridge_10y,lag_1m,1,equities_companies,long_h7_h12
ridge,10,7,2025-01-31,turkey_ppi_electrical_equipment_index_lag_1,6.073082776075688,6.073082776075688,linear,ridge_10y,lag_1m,1,turkey,long_h7_h12
ridge,10,7,2025-01-31,gold_usd_per_troy_ounce_lag_1,136.56717422951544,136.56717422951544,linear,ridge_10y,lag_1m,1,commodities,long_h7_h12
ridge,10,7,2025-01-31,origin_hong_kong_hang_seng_zijin_mining,34.086603762974505,34.086603762974505,linear,ridge_10y,current_origin,0,equities_companies,long_h7_h12
ridge,10,7,2025-01-31,origin_germany_dax,29.814248966658408,29.814248966658408,linear,ridge_10y,current_origin,0,equities_indices,long_h7_h12
ridge,10,7,2025-01-31,origin_japan_nikkei225,40.00912035315174,40.00912035315174,linear,ridge_10y,current_origin,0,equities_indices,long_h7_h12
ridge,10,7,2025-01-31,hong_kong_hang_seng_zijin_mining_lag_1,20.72612405614223,20.72612405614223,linear,ridge_10y,lag_1m,1,equities_companies,long_h7_h12
ridge,10,7,2025-01-31,silver_usd_per_troy_ounce_lag_1,123.51543732454536,123.51543732454536,linear,ridge_10y,lag_1m,1,commodities,long_h7_h12
ridge,10,7,2025-01-31,origin_south_korea_kospi,127.95239450228937,127.95239450228937,linear,ridge_10y,current_origin,0,equities_indices,long_h7_h12
ridge,10,7,2025-01-31,australia_asx200_rio_tinto_lag_1,66.74195947612921,66.74195947612921,linear,ridge_10y,lag_1m,1,equities_companies,long_h7_h12
ridge,10,7,2025-02-28,origin_usa_nasdaq_composite,112.35103534352008,112.35103534352008,linear,ridge_10y,current_origin,0,equities_indices,long_h7_h12
ridge,10,7,2025-02-28,gold_usd_per_troy_ounce_lag_6,139.23696906851862,139.23696906851862,linear,ridge_10y,lag_6m,6,commodities,long_h7_h12
ridge,10,7,2025-02-28,gold_usd_per_troy_ounce_lag_3,156.99237436784776,156.99237436784776,linear,ridge_10y,lag_3m,3,commodities,long_h7_h12
ridge,10,7,2025-02-28,iron_ore_usd_per_dmtu_lag_1,149.45193073608937,149.45193073608937,linear,ridge_10y,lag_1m,1,commodities,long_h7_h12
ridge,10,7,2025-02-28,china_refined_copper_production_ton_lag_6,91.98213428424404,91.98213428424404,linear,ridge_10y,lag_6m,6,china,long_h7_h12
ridge,10,7,2025-02-28,origin_uk_ftse100_antofagasta,39.7194272962516,39.7194272962516,linear,ridge_10y,current_origin,0,equities_companies,long_h7_h12
ridge,10,7,2025-02-28,iron_ore_usd_per_dmtu_lag_3,132.3244298241166,132.3244298241166,linear,ridge_10y,lag_3m,3,commodities,long_h7_h12
ridge,10,7,2025-02-28,origin_canada_tsx_composite_lundin_mining,55.61237975053306,55.61237975053306,linear,ridge_10y,current_origin,0,equities_companies,long_h7_h12
ridge,10,7,2025-02-28,silver_usd_per_troy_ounce_lag_3,127.33506843532024,127.33506843532024,linear,ridge_10y,lag_3m,3,commodities,long_h7_h12
ridge,10,7,2025-02-28,usa_sp500_southern_copper_lag_1,6.102566559987204,6.102566559987204,linear,ridge_10y,lag_1m,1,equities_companies,long_h7_h12
ridge,10,7,2025-02-28,turkey_ppi_electrical_equipment_index_lag_1,5.081892937360082,5.081892937360082,linear,ridge_10y,lag_1m,1,turkey,long_h7_h12
ridge,10,7,2025-02-28,origin_turkey_bist100,-6.015352516642835,6.015352516642835,linear,ridge_10y,current_origin,0,equities_indices,long_h7_h12
ridge,10,7,2025-02-28,gold_usd_per_troy_ounce_lag_1,138.58041477332011,138.58041477332011,linear,ridge_10y,lag_1m,1,commodities,long_h7_h12
ridge,10,7,2025-02-28,origin_hong_kong_hang_seng_zijin_mining,32.82866269190398,32.82866269190398,linear,ridge_10y,current_origin,0,equities_companies,long_h7_h12
ridge,10,7,2025-02-28,origin_japan_nikkei225,31.802719369141,31.802719369141,linear,ridge_10y,current_origin,0,equities_indices,long_h7_h12
ridge,10,7,2025-02-28,origin_germany_dax,22.16490007131256,22.16490007131256,linear,ridge_10y,current_origin,0,equities_indices,long_h7_h12
ridge,10,7,2025-02-28,silver_usd_per_troy_ounce_lag_1,122.65193573713393,122.65193573713393,linear,ridge_10y,lag_1m,1,commodities,long_h7_h12
ridge,10,7,2025-02-28,hong_kong_hang_seng_zijin_mining_lag_1,21.336481085508385,21.336481085508385,linear,ridge_10y,lag_1m,1,equities_companies,long_h7_h12
ridge,10,7,2025-02-28,australia_asx200_rio_tinto_lag_1,77.95296381762935,77.95296381762935,linear,ridge_10y,lag_1m,1,equities_companies,long_h7_h12
ridge,10,7,2025-02-28,origin_south_korea_kospi,124.84954961391148,124.84954961391148,linear,ridge_10y,current_origin,0,equities_indices,long_h7_h12
ridge,10,7,2025-03-31,origin_usa_nasdaq_composite,109.69744239868989,109.69744239868989,linear,ridge_10y,current_origin,0,equities_indices,long_h7_h12
ridge,10,7,2025-03-31,gold_usd_per_troy_ounce_lag_6,139.12684169443074,139.12684169443074,linear,ridge_10y,lag_6m,6,commodities,long_h7_h12
ridge,10,7,2025-03-31,gold_usd_per_troy_ounce_lag_3,160.37414978604838,160.37414978604838,linear,ridge_10y,lag_3m,3,commodities,long_h7_h12
ridge,10,7,2025-03-31,china_refined_copper_production_ton_lag_6,96.91298396092014,96.91298396092014,linear,ridge_10y,lag_6m,6,china,long_h7_h12
ridge,10,7,2025-03-31,origin_uk_ftse100_antofagasta,41.200646953345824,41.200646953345824,linear,ridge_10y,current_origin,0,equities_companies,long_h7_h12
ridge,10,7,2025-03-31,iron_ore_usd_per_dmtu_lag_1,151.04736591969498,151.04736591969498,linear,ridge_10y,lag_1m,1,commodities,long_h7_h12
ridge,10,7,2025-03-31,iron_ore_usd_per_dmtu_lag_3,137.85885721438015,137.85885721438015,linear,ridge_10y,lag_3m,3,commodities,long_h7_h12
ridge,10,7,2025-03-31,silver_usd_per_troy_ounce_lag_3,128.58363744225264,128.58363744225264,linear,ridge_10y,lag_3m,3,commodities,long_h7_h12
ridge,10,7,2025-03-31,origin_canada_tsx_composite_lundin_mining,54.75893961559163,54.75893961559163,linear,ridge_10y,current_origin,0,equities_companies,long_h7_h12
ridge,10,7,2025-03-31,usa_sp500_southern_copper_lag_1,5.102069900598816,5.102069900598816,linear,ridge_10y,lag_1m,1,equities_companies,long_h7_h12
ridge,10,7,2025-03-31,turkey_ppi_electrical_equipment_index_lag_1,5.2369848097872325,5.2369848097872325,linear,ridge_10y,lag_1m,1,turkey,long_h7_h12
ridge,10,7,2025-03-31,gold_usd_per_troy_ounce_lag_1,136.6770652189218,136.6770652189218,linear,ridge_10y,lag_1m,1,commodities,long_h7_h12
ridge,10,7,2025-03-31,origin_turkey_bist100,-4.425466445434718,4.425466445434718,linear,ridge_10y,current_origin,0,equities_indices,long_h7_h12
ridge,10,7,2025-03-31,silver_usd_per_troy_ounce_lag_1,124.11866582231043,124.11866582231043,linear,ridge_10y,lag_1m,1,commodities,long_h7_h12
ridge,10,7,2025-03-31,origin_japan_nikkei225,30.44704416296074,30.44704416296074,linear,ridge_10y,current_origin,0,equities_indices,long_h7_h12
ridge,10,7,2025-03-31,origin_germany_dax,21.62438664310776,21.62438664310776,linear,ridge_10y,current_origin,0,equities_indices,long_h7_h12
ridge,10,7,2025-03-31,origin_hong_kong_hang_seng_zijin_mining,33.50148466173264,33.50148466173264,linear,ridge_10y,current_origin,0,equities_companies,long_h7_h12
ridge,10,7,2025-03-31,hong_kong_hang_seng_zijin_mining_lag_1,22.119148036596176,22.119148036596176,linear,ridge_10y,lag_1m,1,equities_companies,long_h7_h12
ridge,10,7,2025-03-31,australia_asx200_rio_tinto_lag_1,75.97103676094544,75.97103676094544,linear,ridge_10y,lag_1m,1,equities_companies,long_h7_h12
ridge,10,7,2025-03-31,origin_south_korea_kospi,123.28470800350924,123.28470800350924,linear,ridge_10y,current_origin,0,equities_indices,long_h7_h12
ridge,10,7,2025-04-30,origin_usa_nasdaq_composite,104.87908156010964,104.87908156010964,linear,ridge_10y,current_origin,0,equities_indices,long_h7_h12
ridge,10,7,2025-04-30,gold_usd_per_troy_ounce_lag_6,137.17235490806195,137.17235490806195,linear,ridge_10y,lag_6m,6,commodities,long_h7_h12
ridge,10,7,2025-04-30,gold_usd_per_troy_ounce_lag_3,161.14673997898657,161.14673997898657,linear,ridge_10y,lag_3m,3,commodities,long_h7_h12
ridge,10,7,2025-04-30,china_refined_copper_production_ton_lag_6,94.86115955487504,94.86115955487504,linear,ridge_10y,lag_6m,6,china,long_h7_h12
ridge,10,7,2025-04-30,origin_uk_ftse100_antofagasta,45.06335701483515,45.06335701483515,linear,ridge_10y,current_origin,0,equities_companies,long_h7_h12
ridge,10,7,2025-04-30,iron_ore_usd_per_dmtu_lag_1,155.19282769192318,155.19282769192318,linear,ridge_10y,lag_1m,1,commodities,long_h7_h12
ridge,10,7,2025-04-30,silver_usd_per_troy_ounce_lag_3,122.49572941249508,122.49572941249508,linear,ridge_10y,lag_3m,3,commodities,long_h7_h12
ridge,10,7,2025-04-30,iron_ore_usd_per_dmtu_lag_3,147.34054754820426,147.34054754820426,linear,ridge_10y,lag_3m,3,commodities,long_h7_h12
ridge,10,7,2025-04-30,origin_canada_tsx_composite_lundin_mining,55.46440131395867,55.46440131395867,linear,ridge_10y,current_origin,0,equities_companies,long_h7_h12
ridge,10,7,2025-04-30,usa_sp500_southern_copper_lag_1,3.005515665542976,3.005515665542976,linear,ridge_10y,lag_1m,1,equities_companies,long_h7_h12
ridge,10,7,2025-04-30,silver_usd_per_troy_ounce_lag_1,123.10935119470804,123.10935119470804,linear,ridge_10y,lag_1m,1,commodities,long_h7_h12
ridge,10,7,2025-04-30,gold_usd_per_troy_ounce_lag_1,129.35971338970847,129.35971338970847,linear,ridge_10y,lag_1m,1,commodities,long_h7_h12
ridge,10,7,2025-04-30,turkey_ppi_electrical_equipment_index_lag_1,1.54065248769996,1.54065248769996,linear,ridge_10y,lag_1m,1,turkey,long_h7_h12
ridge,10,7,2025-04-30,origin_turkey_bist100,-5.09821316751166,5.09821316751166,linear,ridge_10y,current_origin,0,equities_indices,long_h7_h12
ridge,10,7,2025-04-30,origin_japan_nikkei225,30.638385133646075,30.638385133646075,linear,ridge_10y,current_origin,0,equities_indices,long_h7_h12
ridge,10,7,2025-04-30,origin_hong_kong_hang_seng_zijin_mining,33.50864547140945,33.50864547140945,linear,ridge_10y,current_origin,0,equities_companies,long_h7_h12
ridge,10,7,2025-04-30,hong_kong_hang_seng_zijin_mining_lag_1,21.046162996555232,21.046162996555232,linear,ridge_10y,lag_1m,1,equities_companies,long_h7_h12
ridge,10,7,2025-04-30,australia_asx200_rio_tinto_lag_1,79.77609810652544,79.77609810652544,linear,ridge_10y,lag_1m,1,equities_companies,long_h7_h12
ridge,10,7,2025-04-30,hong_kong_hang_seng_zijin_mining_lag_3,26.62686888803537,26.62686888803537,linear,ridge_10y,lag_3m,3,equities_companies,long_h7_h12
ridge,10,7,2025-04-30,origin_south_korea_kospi,125.14798982587077,125.14798982587077,linear,ridge_10y,current_origin,0,equities_indices,long_h7_h12
ridge,10,7,2025-05-31,origin_usa_nasdaq_composite,100.35709828794398,100.35709828794398,linear,ridge_10y,current_origin,0,equities_indices,long_h7_h12
ridge,10,7,2025-05-31,gold_usd_per_troy_ounce_lag_6,140.49806396485843,140.49806396485843,linear,ridge_10y,lag_6m,6,commodities,long_h7_h12
ridge,10,7,2025-05-31,gold_usd_per_troy_ounce_lag_3,158.05355467785526,158.05355467785526,linear,ridge_10y,lag_3m,3,commodities,long_h7_h12
ridge,10,7,2025-05-31,silver_usd_per_troy_ounce_lag_3,121.5857094872765,121.5857094872765,linear,ridge_10y,lag_3m,3,commodities,long_h7_h12
ridge,10,7,2025-05-31,china_refined_copper_production_ton_lag_6,97.3226682458217,97.3226682458217,linear,ridge_10y,lag_6m,6,china,long_h7_h12
ridge,10,7,2025-05-31,origin_uk_ftse100_antofagasta,48.66365701974767,48.66365701974767,linear,ridge_10y,current_origin,0,equities_companies,long_h7_h12
ridge,10,7,2025-05-31,iron_ore_usd_per_dmtu_lag_3,152.00340909577267,152.00340909577267,linear,ridge_10y,lag_3m,3,commodities,long_h7_h12
ridge,10,7,2025-05-31,iron_ore_usd_per_dmtu_lag_1,159.0258941323627,159.0258941323627,linear,ridge_10y,lag_1m,1,commodities,long_h7_h12
ridge,10,7,2025-05-31,silver_usd_per_troy_ounce_lag_1,122.36438444274008,122.36438444274008,linear,ridge_10y,lag_1m,1,commodities,long_h7_h12
ridge,10,7,2025-05-31,origin_canada_tsx_composite_lundin_mining,51.58008523538247,51.58008523538247,linear,ridge_10y,current_origin,0,equities_companies,long_h7_h12
ridge,10,7,2025-05-31,usa_sp500_southern_copper_lag_1,1.7483173154377227,1.7483173154377227,linear,ridge_10y,lag_1m,1,equities_companies,long_h7_h12
ridge,10,7,2025-05-31,gold_usd_per_troy_ounce_lag_1,122.7289679564752,122.7289679564752,linear,ridge_10y,lag_1m,1,commodities,long_h7_h12
ridge,10,7,2025-05-31,turkey_ppi_electrical_equipment_index_lag_1,1.0931657968557742,1.0931657968557742,linear,ridge_10y,lag_1m,1,turkey,long_h7_h12
ridge,10,7,2025-05-31,origin_turkey_bist100,-2.034791439452949,2.034791439452949,linear,ridge_10y,current_origin,0,equities_indices,long_h7_h12
ridge,10,7,2025-05-31,origin_japan_nikkei225,30.537762936106315,30.537762936106315,linear,ridge_10y,current_origin,0,equities_indices,long_h7_h12
ridge,10,7,2025-05-31,origin_hong_kong_hang_seng_zijin_mining,36.23396521010741,36.23396521010741,linear,ridge_10y,current_origin,0,equities_companies,long_h7_h12
ridge,10,7,2025-05-31,origin_south_korea_kospi,128.1295749029413,128.1295749029413,linear,ridge_10y,current_origin,0,equities_indices,long_h7_h12
ridge,10,7,2025-05-31,uk_ftse100_antofagasta_lag_3,17.912104898335997,17.912104898335997,linear,ridge_10y,lag_3m,3,equities_companies,long_h7_h12
ridge,10,7,2025-05-31,hong_kong_hang_seng_zijin_mining_lag_3,26.35047988124205,26.35047988124205,linear,ridge_10y,lag_3m,3,equities_companies,long_h7_h12
ridge,10,7,2025-05-31,australia_asx200_rio_tinto_lag_1,80.71818946862551,80.71818946862551,linear,ridge_10y,lag_1m,1,equities_companies,long_h7_h12
ridge,10,7,2025-06-30,gold_usd_per_troy_ounce_lag_6,146.39691405013735,146.39691405013735,linear,ridge_10y,lag_6m,6,commodities,long_h7_h12
ridge,10,7,2025-06-30,origin_usa_nasdaq_composite,95.81777240686854,95.81777240686854,linear,ridge_10y,current_origin,0,equities_indices,long_h7_h12
ridge,10,7,2025-06-30,gold_usd_per_troy_ounce_lag_3,154.5048338342971,154.5048338342971,linear,ridge_10y,lag_3m,3,commodities,long_h7_h12
ridge,10,7,2025-06-30,silver_usd_per_troy_ounce_lag_3,123.3606713236806,123.3606713236806,linear,ridge_10y,lag_3m,3,commodities,long_h7_h12
ridge,10,7,2025-06-30,china_refined_copper_production_ton_lag_6,102.93246937860629,102.93246937860629,linear,ridge_10y,lag_6m,6,china,long_h7_h12
ridge,10,7,2025-06-30,origin_uk_ftse100_antofagasta,52.425632745431045,52.425632745431045,linear,ridge_10y,current_origin,0,equities_companies,long_h7_h12
ridge,10,7,2025-06-30,silver_usd_per_troy_ounce_lag_1,120.3806717388047,120.3806717388047,linear,ridge_10y,lag_1m,1,commodities,long_h7_h12
ridge,10,7,2025-06-30,origin_canada_tsx_composite_lundin_mining,51.79145763799823,51.79145763799823,linear,ridge_10y,current_origin,0,equities_companies,long_h7_h12
ridge,10,7,2025-06-30,iron_ore_usd_per_dmtu_lag_3,153.7675320274866,153.7675320274866,linear,ridge_10y,lag_3m,3,commodities,long_h7_h12
ridge,10,7,2025-06-30,usa_sp500_southern_copper_lag_1,-0.3055573182830587,0.3055573182830587,linear,ridge_10y,lag_1m,1,equities_companies,long_h7_h12
ridge,10,7,2025-06-30,origin_hong_kong_hang_seng_zijin_mining,39.06155370583678,39.06155370583678,linear,ridge_10y,current_origin,0,equities_companies,long_h7_h12
ridge,10,7,2025-06-30,origin_japan_nikkei225,31.458699188038697,31.458699188038697,linear,ridge_10y,current_origin,0,equities_indices,long_h7_h12
ridge,10,7,2025-06-30,gold_usd_per_troy_ounce_lag_1,117.24348056106447,117.24348056106447,linear,ridge_10y,lag_1m,1,commodities,long_h7_h12
ridge,10,7,2025-06-30,origin_turkey_bist100,-0.8866584269682156,0.8866584269682156,linear,ridge_10y,current_origin,0,equities_indices,long_h7_h12
ridge,10,7,2025-06-30,iron_ore_usd_per_dmtu_lag_1,157.18599852651786,157.18599852651786,linear,ridge_10y,lag_1m,1,commodities,long_h7_h12
ridge,10,7,2025-06-30,turkey_ppi_electrical_equipment_index_lag_1,0.6365466998685119,0.6365466998685119,linear,ridge_10y,lag_1m,1,turkey,long_h7_h12
ridge,10,7,2025-06-30,uk_ftse100_antofagasta_lag_3,19.49067985023049,19.49067985023049,linear,ridge_10y,lag_3m,3,equities_companies,long_h7_h12
ridge,10,7,2025-06-30,origin_south_korea_kospi,130.2200774822323,130.2200774822323,linear,ridge_10y,current_origin,0,equities_indices,long_h7_h12
ridge,10,7,2025-06-30,hong_kong_hang_seng_zijin_mining_lag_3,26.615384503339573,26.615384503339573,linear,ridge_10y,lag_3m,3,equities_companies,long_h7_h12
ridge,10,7,2025-06-30,australia_asx200_rio_tinto_lag_1,77.85975518927486,77.85975518927486,linear,ridge_10y,lag_1m,1,equities_companies,long_h7_h12
ridge,10,7,2025-07-31,gold_usd_per_troy_ounce_lag_6,381.34770042133766,381.34770042133766,linear,ridge_10y,lag_6m,6,commodities,long_h7_h12
ridge,10,7,2025-07-31,origin_usa_nasdaq_composite,50.42915661298258,50.42915661298258,linear,ridge_10y,current_origin,0,equities_indices,long_h7_h12
ridge,10,7,2025-07-31,silver_usd_per_troy_ounce_lag_3,180.91754850855955,180.91754850855955,linear,ridge_10y,lag_3m,3,commodities,long_h7_h12
ridge,10,7,2025-07-31,gold_usd_per_troy_ounce_lag_3,358.6447542990751,358.6447542990751,linear,ridge_10y,lag_3m,3,commodities,long_h7_h12
ridge,10,7,2025-07-31,china_refined_copper_production_ton_lag_6,237.48760125289687,237.48760125289687,linear,ridge_10y,lag_6m,6,china,long_h7_h12
ridge,10,7,2025-07-31,silver_usd_per_troy_ounce_lag_1,223.14365095212665,223.14365095212665,linear,ridge_10y,lag_1m,1,commodities,long_h7_h12
ridge,10,7,2025-07-31,origin_uk_ftse100_antofagasta,98.54302623200071,98.54302623200071,linear,ridge_10y,current_origin,0,equities_companies,long_h7_h12
ridge,10,7,2025-07-31,origin_hong_kong_hang_seng_zijin_mining,-140.61030721735003,140.61030721735003,linear,ridge_10y,current_origin,0,equities_companies,long_h7_h12
ridge,10,7,2025-07-31,origin_japan_nikkei225,17.328260656197074,17.328260656197074,linear,ridge_10y,current_origin,0,equities_indices,long_h7_h12
ridge,10,7,2025-07-31,usa_sp500_southern_copper_lag_1,-151.03586990248962,151.03586990248962,linear,ridge_10y,lag_1m,1,equities_companies,long_h7_h12
ridge,10,7,2025-07-31,origin_canada_tsx_composite_lundin_mining,94.96684969129616,94.96684969129616,linear,ridge_10y,current_origin,0,equities_companies,long_h7_h12
ridge,10,7,2025-07-31,gold_usd_per_troy_ounce_lag_1,103.18383560289811,103.18383560289811,linear,ridge_10y,lag_1m,1,commodities,long_h7_h12
ridge,10,7,2025-07-31,origin_turkey_bist100,114.4372785330912,114.4372785330912,linear,ridge_10y,current_origin,0,equities_indices,long_h7_h12
ridge,10,7,2025-07-31,turkey_ppi_electrical_equipment_index_lag_1,-101.40233797236486,101.40233797236486,linear,ridge_10y,lag_1m,1,turkey,long_h7_h12
ridge,10,7,2025-07-31,iron_ore_usd_per_dmtu_lag_3,270.0895325770079,270.0895325770079,linear,ridge_10y,lag_3m,3,commodities,long_h7_h12
ridge,10,7,2025-07-31,iron_ore_usd_per_dmtu_lag_1,251.14650230066516,251.14650230066516,linear,ridge_10y,lag_1m,1,commodities,long_h7_h12
ridge,10,7,2025-07-31,uk_ftse100_antofagasta_lag_3,-77.90862449442321,77.90862449442321,linear,ridge_10y,lag_3m,3,equities_companies,long_h7_h12
ridge,10,7,2025-07-31,usd_inr_lag_12,-173.83170247387835,173.83170247387835,linear,ridge_10y,lag_12m,12,macro_fred,long_h7_h12
ridge,10,7,2025-07-31,germany_dax_lag_1,-89.35538488423133,89.35538488423133,linear,ridge_10y,lag_1m,1,equities_indices,long_h7_h12
ridge,10,7,2025-07-31,gold_usd_per_troy_ounce_lag_12,64.42567821983128,64.42567821983128,linear,ridge_10y,lag_12m,12,commodities,long_h7_h12
ridge,10,7,2025-08-31,gold_usd_per_troy_ounce_lag_6,179.46058479235637,179.46058479235637,linear,ridge_10y,lag_6m,6,commodities,long_h7_h12
ridge,10,7,2025-08-31,silver_usd_per_troy_ounce_lag_3,160.65642582927995,160.65642582927995,linear,ridge_10y,lag_3m,3,commodities,long_h7_h12
ridge,10,7,2025-08-31,origin_usa_nasdaq_composite,133.0056882681528,133.0056882681528,linear,ridge_10y,current_origin,0,equities_indices,long_h7_h12
ridge,10,7,2025-08-31,gold_usd_per_troy_ounce_lag_3,152.19971679895644,152.19971679895644,linear,ridge_10y,lag_3m,3,commodities,long_h7_h12
ridge,10,7,2025-08-31,china_refined_copper_production_ton_lag_6,128.8401061509337,128.8401061509337,linear,ridge_10y,lag_6m,6,china,long_h7_h12
ridge,10,7,2025-08-31,silver_usd_per_troy_ounce_lag_1,155.9726640442843,155.9726640442843,linear,ridge_10y,lag_1m,1,commodities,long_h7_h12
ridge,10,7,2025-08-31,origin_uk_ftse100_antofagasta,113.56405401889408,113.56405401889408,linear,ridge_10y,current_origin,0,equities_companies,long_h7_h12
ridge,10,7,2025-08-31,origin_japan_nikkei225,48.60559270688383,48.60559270688383,linear,ridge_10y,current_origin,0,equities_indices,long_h7_h12
ridge,10,7,2025-08-31,hong_kong_hang_seng_zijin_mining_lag_1,55.5058489772774,55.5058489772774,linear,ridge_10y,lag_1m,1,equities_companies,long_h7_h12
ridge,10,7,2025-08-31,usa_sp500_southern_copper_lag_1,2.9027065371015937,2.9027065371015937,linear,ridge_10y,lag_1m,1,equities_companies,long_h7_h12
ridge,10,7,2025-08-31,canada_tsx_composite_lundin_mining_lag_1,99.3336779814106,99.3336779814106,linear,ridge_10y,lag_1m,1,equities_companies,long_h7_h12
ridge,10,7,2025-08-31,gold_usd_per_troy_ounce_lag_1,112.6210690048239,112.6210690048239,linear,ridge_10y,lag_1m,1,commodities,long_h7_h12
ridge,10,7,2025-08-31,origin_turkey_bist100,-69.84225213474858,69.84225213474858,linear,ridge_10y,current_origin,0,equities_indices,long_h7_h12
ridge,10,7,2025-08-31,turkey_ppi_nonferrous_metal_ores_index_lag_1,-64.53381819656278,64.53381819656278,linear,ridge_10y,lag_1m,1,turkey,long_h7_h12
ridge,10,7,2025-08-31,uk_ftse100_antofagasta_lag_3,62.599134526758114,62.599134526758114,linear,ridge_10y,lag_3m,3,equities_companies,long_h7_h12
ridge,10,7,2025-08-31,hong_kong_hang_seng_zijin_mining_lag_3,39.812633897431205,39.812633897431205,linear,ridge_10y,lag_3m,3,equities_companies,long_h7_h12
ridge,10,7,2025-08-31,usd_inr_lag_12,47.15247757629675,47.15247757629675,linear,ridge_10y,lag_12m,12,macro_fred,long_h7_h12
ridge,10,7,2025-08-31,gold_usd_per_troy_ounce_lag_12,108.68244904017745,108.68244904017745,linear,ridge_10y,lag_12m,12,commodities,long_h7_h12
ridge,10,7,2025-08-31,origin_canada_tsx_composite_capstone_copper,-25.875829050930104,25.875829050930104,linear,ridge_10y,current_origin,0,equities_companies,long_h7_h12
ridge,10,7,2025-08-31,germany_dax_lag_1,9.684556457848725,9.684556457848725,linear,ridge_10y,lag_1m,1,equities_indices,long_h7_h12
ridge,10,7,2025-09-30,gold_usd_per_troy_ounce_lag_6,175.05863437249505,175.05863437249505,linear,ridge_10y,lag_6m,6,commodities,long_h7_h12
ridge,10,7,2025-09-30,silver_usd_per_troy_ounce_lag_3,158.90476505880068,158.90476505880068,linear,ridge_10y,lag_3m,3,commodities,long_h7_h12
ridge,10,7,2025-09-30,origin_usa_nasdaq_composite,130.40523068440456,130.40523068440456,linear,ridge_10y,current_origin,0,equities_indices,long_h7_h12
ridge,10,7,2025-09-30,gold_usd_per_troy_ounce_lag_3,146.369118751359,146.369118751359,linear,ridge_10y,lag_3m,3,commodities,long_h7_h12
ridge,10,7,2025-09-30,china_refined_copper_production_ton_lag_6,123.58200753360568,123.58200753360568,linear,ridge_10y,lag_6m,6,china,long_h7_h12
ridge,10,7,2025-09-30,silver_usd_per_troy_ounce_lag_1,153.6773586962046,153.6773586962046,linear,ridge_10y,lag_1m,1,commodities,long_h7_h12
ridge,10,7,2025-09-30,origin_uk_ftse100_antofagasta,115.56902893644968,115.56902893644968,linear,ridge_10y,current_origin,0,equities_companies,long_h7_h12
ridge,10,7,2025-09-30,hong_kong_hang_seng_zijin_mining_lag_1,59.10335525946859,59.10335525946859,linear,ridge_10y,lag_1m,1,equities_companies,long_h7_h12
ridge,10,7,2025-09-30,usa_sp500_southern_copper_lag_1,3.768201023407924,3.768201023407924,linear,ridge_10y,lag_1m,1,equities_companies,long_h7_h12
ridge,10,7,2025-09-30,origin_germany_dax,22.077144960343,22.077144960343,linear,ridge_10y,current_origin,0,equities_indices,long_h7_h12
ridge,10,7,2025-09-30,canada_tsx_composite_lundin_mining_lag_1,99.50850352068562,99.50850352068562,linear,ridge_10y,lag_1m,1,equities_companies,long_h7_h12
ridge,10,7,2025-09-30,gold_usd_per_troy_ounce_lag_1,106.17222779761724,106.17222779761724,linear,ridge_10y,lag_1m,1,commodities,long_h7_h12
ridge,10,7,2025-09-30,hong_kong_hang_seng_zijin_mining_lag_3,42.9056435238427,42.9056435238427,linear,ridge_10y,lag_3m,3,equities_companies,long_h7_h12
ridge,10,7,2025-09-30,japan_nikkei225_lag_1,27.98857270684961,27.98857270684961,linear,ridge_10y,lag_1m,1,equities_indices,long_h7_h12
ridge,10,7,2025-09-30,origin_turkey_bist100,-69.53212873388922,69.53212873388922,linear,ridge_10y,current_origin,0,equities_indices,long_h7_h12
ridge,10,7,2025-09-30,usd_inr_lag_12,56.37168628115298,56.37168628115298,linear,ridge_10y,lag_12m,12,macro_fred,long_h7_h12
ridge,10,7,2025-09-30,gold_usd_per_troy_ounce_lag_12,111.56615725273775,111.56615725273775,linear,ridge_10y,lag_12m,12,commodities,long_h7_h12
ridge,10,7,2025-09-30,uk_ftse100_antofagasta_lag_3,68.28499294254831,68.28499294254831,linear,ridge_10y,lag_3m,3,equities_companies,long_h7_h12
ridge,10,7,2025-09-30,turkey_ppi_electrical_equipment_index_lag_1,-59.88590728858989,59.88590728858989,linear,ridge_10y,lag_1m,1,turkey,long_h7_h12
ridge,10,7,2025-09-30,origin_canada_tsx_composite_capstone_copper,-23.15370808439467,23.15370808439467,linear,ridge_10y,current_origin,0,equities_companies,long_h7_h12
ridge,10,7,2025-10-31,gold_usd_per_troy_ounce_lag_6,172.67415104888,172.67415104888,linear,ridge_10y,lag_6m,6,commodities,long_h7_h12
ridge,10,7,2025-10-31,silver_usd_per_troy_ounce_lag_3,160.72876965150363,160.72876965150363,linear,ridge_10y,lag_3m,3,commodities,long_h7_h12
ridge,10,7,2025-10-31,origin_usa_nasdaq_composite,129.63913406431047,129.63913406431047,linear,ridge_10y,current_origin,0,equities_indices,long_h7_h12
ridge,10,7,2025-10-31,gold_usd_per_troy_ounce_lag_3,145.42679729716116,145.42679729716116,linear,ridge_10y,lag_3m,3,commodities,long_h7_h12
ridge,10,7,2025-10-31,silver_usd_per_troy_ounce_lag_1,153.1633686963031,153.1633686963031,linear,ridge_10y,lag_1m,1,commodities,long_h7_h12
ridge,10,7,2025-10-31,china_refined_copper_production_ton_lag_6,118.15047688807311,118.15047688807311,linear,ridge_10y,lag_6m,6,china,long_h7_h12
ridge,10,7,2025-10-31,origin_uk_ftse100_antofagasta,114.17053875885922,114.17053875885922,linear,ridge_10y,current_origin,0,equities_companies,long_h7_h12
ridge,10,7,2025-10-31,hong_kong_hang_seng_zijin_mining_lag_1,60.01498807752808,60.01498807752808,linear,ridge_10y,lag_1m,1,equities_companies,long_h7_h12
ridge,10,7,2025-10-31,usa_sp500_southern_copper_lag_1,3.85323840355058,3.85323840355058,linear,ridge_10y,lag_1m,1,equities_companies,long_h7_h12
ridge,10,7,2025-10-31,origin_germany_dax,19.780836341368456,19.780836341368456,linear,ridge_10y,current_origin,0,equities_indices,long_h7_h12
ridge,10,7,2025-10-31,hong_kong_hang_seng_zijin_mining_lag_3,45.349593134583465,45.349593134583465,linear,ridge_10y,lag_3m,3,equities_companies,long_h7_h12
ridge,10,7,2025-10-31,canada_tsx_composite_lundin_mining_lag_1,97.56101343278915,97.56101343278915,linear,ridge_10y,lag_1m,1,equities_companies,long_h7_h12
ridge,10,7,2025-10-31,gold_usd_per_troy_ounce_lag_12,114.86704794616462,114.86704794616462,linear,ridge_10y,lag_12m,12,commodities,long_h7_h12
ridge,10,7,2025-10-31,usd_inr_lag_12,64.77978432993727,64.77978432993727,linear,ridge_10y,lag_12m,12,macro_fred,long_h7_h12
ridge,10,7,2025-10-31,japan_nikkei225_lag_1,30.65443378937147,30.65443378937147,linear,ridge_10y,lag_1m,1,equities_indices,long_h7_h12
ridge,10,7,2025-10-31,gold_usd_per_troy_ounce_lag_1,103.72122276850943,103.72122276850943,linear,ridge_10y,lag_1m,1,commodities,long_h7_h12
ridge,10,7,2025-10-31,origin_turkey_bist100,-67.09987793816259,67.09987793816259,linear,ridge_10y,current_origin,0,equities_indices,long_h7_h12
ridge,10,7,2025-10-31,uk_ftse100_antofagasta_lag_3,70.33249001638083,70.33249001638083,linear,ridge_10y,lag_3m,3,equities_companies,long_h7_h12
ridge,10,7,2025-10-31,turkey_ppi_electrical_equipment_index_lag_1,-57.18123235013127,57.18123235013127,linear,ridge_10y,lag_1m,1,turkey,long_h7_h12
ridge,10,7,2025-10-31,origin_canada_tsx_composite_capstone_copper,-21.173851870819934,21.173851870819934,linear,ridge_10y,current_origin,0,equities_companies,long_h7_h12
ridge,10,7,2025-11-30,gold_usd_per_troy_ounce_lag_6,158.92422043267533,158.92422043267533,linear,ridge_10y,lag_6m,6,commodities,long_h7_h12
ridge,10,7,2025-11-30,silver_usd_per_troy_ounce_lag_3,150.97800238733083,150.97800238733083,linear,ridge_10y,lag_3m,3,commodities,long_h7_h12
ridge,10,7,2025-11-30,origin_usa_nasdaq_composite,125.8693360833643,125.8693360833643,linear,ridge_10y,current_origin,0,equities_indices,long_h7_h12
ridge,10,7,2025-11-30,gold_usd_per_troy_ounce_lag_3,139.95808003342583,139.95808003342583,linear,ridge_10y,lag_3m,3,commodities,long_h7_h12
ridge,10,7,2025-11-30,silver_usd_per_troy_ounce_lag_1,147.75743867348712,147.75743867348712,linear,ridge_10y,lag_1m,1,commodities,long_h7_h12
ridge,10,7,2025-11-30,china_refined_copper_production_ton_lag_6,110.71266240077436,110.71266240077436,linear,ridge_10y,lag_6m,6,china,long_h7_h12
ridge,10,7,2025-11-30,uk_ftse100_antofagasta_lag_1,89.75377748924241,89.75377748924241,linear,ridge_10y,lag_1m,1,equities_companies,long_h7_h12
ridge,10,7,2025-11-30,hong_kong_hang_seng_zijin_mining_lag_1,55.86836319232116,55.86836319232116,linear,ridge_10y,lag_1m,1,equities_companies,long_h7_h12
ridge,10,7,2025-11-30,origin_germany_dax,15.7087899224661,15.7087899224661,linear,ridge_10y,current_origin,0,equities_indices,long_h7_h12
ridge,10,7,2025-11-30,gold_usd_per_troy_ounce_lag_12,113.16017694948572,113.16017694948572,linear,ridge_10y,lag_12m,12,commodities,long_h7_h12
ridge,10,7,2025-11-30,usd_inr_lag_12,73.20873272582804,73.20873272582804,linear,ridge_10y,lag_12m,12,macro_fred,long_h7_h12
ridge,10,7,2025-11-30,hong_kong_hang_seng_zijin_mining_lag_3,37.69387515633989,37.69387515633989,linear,ridge_10y,lag_3m,3,equities_companies,long_h7_h12
ridge,10,7,2025-11-30,gold_usd_per_troy_ounce_lag_1,99.9967271672656,99.9967271672656,linear,ridge_10y,lag_1m,1,commodities,long_h7_h12
ridge,10,7,2025-11-30,japan_nikkei225_lag_1,28.822482242514603,28.822482242514603,linear,ridge_10y,lag_1m,1,equities_indices,long_h7_h12
ridge,10,7,2025-11-30,canada_tsx_composite_lundin_mining_lag_1,89.72952084762844,89.72952084762844,linear,ridge_10y,lag_1m,1,equities_companies,long_h7_h12
ridge,10,7,2025-11-30,origin_turkey_bist100,-59.56766348596732,59.56766348596732,linear,ridge_10y,current_origin,0,equities_indices,long_h7_h12
ridge,10,7,2025-11-30,turkey_ppi_electrical_equipment_index_lag_1,-52.92057222300189,52.92057222300189,linear,ridge_10y,lag_1m,1,turkey,long_h7_h12
ridge,10,7,2025-11-30,uk_ftse100_antofagasta_lag_3,66.51818534595986,66.51818534595986,linear,ridge_10y,lag_3m,3,equities_companies,long_h7_h12
ridge,10,7,2025-11-30,silver_usd_per_troy_ounce_lag_6,107.2977865530908,107.2977865530908,linear,ridge_10y,lag_6m,6,commodities,long_h7_h12
ridge,10,7,2025-11-30,origin_canada_tsx_composite_capstone_copper,-20.64320526600506,20.64320526600506,linear,ridge_10y,current_origin,0,equities_companies,long_h7_h12
ridge,10,7,2025-12-31,gold_usd_per_troy_ounce_lag_6,159.66983649544164,159.66983649544164,linear,ridge_10y,lag_6m,6,commodities,long_h7_h12
ridge,10,7,2025-12-31,silver_usd_per_troy_ounce_lag_3,151.3465399552224,151.3465399552224,linear,ridge_10y,lag_3m,3,commodities,long_h7_h12
ridge,10,7,2025-12-31,origin_usa_nasdaq_composite,119.11237331656284,119.11237331656284,linear,ridge_10y,current_origin,0,equities_indices,long_h7_h12
ridge,10,7,2025-12-31,gold_usd_per_troy_ounce_lag_3,140.04749856080176,140.04749856080176,linear,ridge_10y,lag_3m,3,commodities,long_h7_h12
ridge,10,7,2025-12-31,silver_usd_per_troy_ounce_lag_1,148.9509008224513,148.9509008224513,linear,ridge_10y,lag_1m,1,commodities,long_h7_h12
ridge,10,7,2025-12-31,china_refined_copper_production_ton_lag_6,102.39325665404616,102.39325665404616,linear,ridge_10y,lag_6m,6,china,long_h7_h12
ridge,10,7,2025-12-31,gold_usd_per_troy_ounce_lag_12,123.10842826927748,123.10842826927748,linear,ridge_10y,lag_12m,12,commodities,long_h7_h12
ridge,10,7,2025-12-31,usd_inr_lag_12,80.5392035460728,80.5392035460728,linear,ridge_10y,lag_12m,12,macro_fred,long_h7_h12
ridge,10,7,2025-12-31,origin_uk_ftse100_antofagasta,102.92867551129608,102.92867551129608,linear,ridge_10y,current_origin,0,equities_companies,long_h7_h12
ridge,10,7,2025-12-31,origin_germany_dax,23.525611801647,23.525611801647,linear,ridge_10y,current_origin,0,equities_indices,long_h7_h12
ridge,10,7,2025-12-31,hong_kong_hang_seng_zijin_mining_lag_1,53.26288116264044,53.26288116264044,linear,ridge_10y,lag_1m,1,equities_companies,long_h7_h12
ridge,10,7,2025-12-31,usa_sp500_southern_copper_lag_1,-1.2317224588797333,1.2317224588797333,linear,ridge_10y,lag_1m,1,equities_companies,long_h7_h12
ridge,10,7,2025-12-31,hong_kong_hang_seng_zijin_mining_lag_3,35.37219011450572,35.37219011450572,linear,ridge_10y,lag_3m,3,equities_companies,long_h7_h12
ridge,10,7,2025-12-31,silver_usd_per_troy_ounce_lag_6,112.89294474030466,112.89294474030466,linear,ridge_10y,lag_6m,6,commodities,long_h7_h12
ridge,10,7,2025-12-31,gold_usd_per_troy_ounce_lag_1,104.83628760707316,104.83628760707316,linear,ridge_10y,lag_1m,1,commodities,long_h7_h12
ridge,10,7,2025-12-31,japan_nikkei225_lag_1,20.786011832136992,20.786011832136992,linear,ridge_10y,lag_1m,1,equities_indices,long_h7_h12
ridge,10,7,2025-12-31,origin_turkey_bist100,-59.585596297661695,59.585596297661695,linear,ridge_10y,current_origin,0,equities_indices,long_h7_h12
ridge,10,7,2025-12-31,canada_tsx_composite_lundin_mining_lag_1,77.95967535864231,77.95967535864231,linear,ridge_10y,lag_1m,1,equities_companies,long_h7_h12
ridge,10,7,2025-12-31,uk_ftse100_antofagasta_lag_3,61.63818435916254,61.63818435916254,linear,ridge_10y,lag_3m,3,equities_companies,long_h7_h12
ridge,10,7,2025-12-31,turkey_ppi_electrical_equipment_index_lag_1,-48.37817689604154,48.37817689604154,linear,ridge_10y,lag_1m,1,turkey,long_h7_h12
ridge,10,7,2026-01-31,gold_usd_per_troy_ounce_lag_6,145.8672291735626,145.8672291735626,linear,ridge_10y,lag_6m,6,commodities,long_h7_h12
ridge,10,7,2026-01-31,silver_usd_per_troy_ounce_lag_3,132.71682600514822,132.71682600514822,linear,ridge_10y,lag_3m,3,commodities,long_h7_h12
ridge,10,7,2026-01-31,origin_usa_nasdaq_composite,106.1477012720096,106.1477012720096,linear,ridge_10y,current_origin,0,equities_indices,long_h7_h12
ridge,10,7,2026-01-31,gold_usd_per_troy_ounce_lag_3,126.72083960651204,126.72083960651204,linear,ridge_10y,lag_3m,3,commodities,long_h7_h12
ridge,10,7,2026-01-31,silver_usd_per_troy_ounce_lag_1,128.84498454058786,128.84498454058786,linear,ridge_10y,lag_1m,1,commodities,long_h7_h12
ridge,10,7,2026-01-31,china_refined_copper_production_ton_lag_6,110.43467572552645,110.43467572552645,linear,ridge_10y,lag_6m,6,china,long_h7_h12
ridge,10,7,2026-01-31,gold_usd_per_troy_ounce_lag_12,128.9756446325122,128.9756446325122,linear,ridge_10y,lag_12m,12,commodities,long_h7_h12
ridge,10,7,2026-01-31,usd_inr_lag_12,77.66948517048884,77.66948517048884,linear,ridge_10y,lag_12m,12,macro_fred,long_h7_h12
ridge,10,7,2026-01-31,origin_germany_dax,57.18585990376352,57.18585990376352,linear,ridge_10y,current_origin,0,equities_indices,long_h7_h12
ridge,10,7,2026-01-31,origin_uk_ftse100_antofagasta,88.28846787882911,88.28846787882911,linear,ridge_10y,current_origin,0,equities_companies,long_h7_h12
ridge,10,7,2026-01-31,hong_kong_hang_seng_zijin_mining_lag_1,48.567907263643214,48.567907263643214,linear,ridge_10y,lag_1m,1,equities_companies,long_h7_h12
ridge,10,7,2026-01-31,silver_usd_per_troy_ounce_lag_6,122.40636589611796,122.40636589611796,linear,ridge_10y,lag_6m,6,commodities,long_h7_h12
ridge,10,7,2026-01-31,hong_kong_hang_seng_zijin_mining_lag_3,31.231082112974107,31.231082112974107,linear,ridge_10y,lag_3m,3,equities_companies,long_h7_h12
ridge,10,7,2026-01-31,usa_sp500_southern_copper_lag_1,0.5984269629998541,0.5984269629998541,linear,ridge_10y,lag_1m,1,equities_companies,long_h7_h12
ridge,10,7,2026-01-31,gold_usd_per_troy_ounce_lag_1,103.82702387031114,103.82702387031114,linear,ridge_10y,lag_1m,1,commodities,long_h7_h12
ridge,10,7,2026-01-31,japan_nikkei225_lag_1,24.62537869121718,24.62537869121718,linear,ridge_10y,lag_1m,1,equities_indices,long_h7_h12
ridge,10,7,2026-01-31,turkey_ppi_electrical_equipment_index_lag_1,-38.74727908330506,38.74727908330506,linear,ridge_10y,lag_1m,1,turkey,long_h7_h12
ridge,10,7,2026-01-31,uk_ftse100_antofagasta_lag_3,65.85965782665843,65.85965782665843,linear,ridge_10y,lag_3m,3,equities_companies,long_h7_h12
ridge,10,7,2026-01-31,japan_industrial_production_lag_6,-209.23418017536648,209.23418017536648,linear,ridge_10y,lag_6m,6,global_macro,long_h7_h12
ridge,10,7,2026-01-31,origin_turkey_bist100,-57.26118344598938,57.26118344598938,linear,ridge_10y,current_origin,0,equities_indices,long_h7_h12
ridge,10,8,2025-01-31,origin_usa_nasdaq_composite,101.71408077515213,101.71408077515213,linear,ridge_10y,current_origin,0,equities_indices,long_h7_h12
ridge,10,8,2025-01-31,gold_usd_per_troy_ounce_lag_6,124.89347596934304,124.89347596934304,linear,ridge_10y,lag_6m,6,commodities,long_h7_h12
ridge,10,8,2025-01-31,gold_usd_per_troy_ounce_lag_3,150.728181327989,150.728181327989,linear,ridge_10y,lag_3m,3,commodities,long_h7_h12
ridge,10,8,2025-01-31,iron_ore_usd_per_dmtu_lag_1,151.72742268684885,151.72742268684885,linear,ridge_10y,lag_1m,1,commodities,long_h7_h12
ridge,10,8,2025-01-31,gold_usd_per_troy_ounce_lag_1,149.5845281898573,149.5845281898573,linear,ridge_10y,lag_1m,1,commodities,long_h7_h12
ridge,10,8,2025-01-31,origin_uk_ftse100_antofagasta,36.318847236916845,36.318847236916845,linear,ridge_10y,current_origin,0,equities_companies,long_h7_h12
ridge,10,8,2025-01-31,origin_canada_tsx_composite_lundin_mining,90.55174002079906,90.55174002079906,linear,ridge_10y,current_origin,0,equities_companies,long_h7_h12
ridge,10,8,2025-01-31,silver_usd_per_troy_ounce_lag_1,157.77767144808905,157.77767144808905,linear,ridge_10y,lag_1m,1,commodities,long_h7_h12
ridge,10,8,2025-01-31,china_refined_copper_production_ton_lag_6,41.74710282349884,41.74710282349884,linear,ridge_10y,lag_6m,6,china,long_h7_h12
ridge,10,8,2025-01-31,usd_cdf_lag_1,121.01330010177496,121.01330010177496,linear,ridge_10y,lag_1m,1,global_macro,long_h7_h12
ridge,10,8,2025-01-31,iron_ore_usd_per_dmtu_lag_3,90.64595142861069,90.64595142861069,linear,ridge_10y,lag_3m,3,commodities,long_h7_h12
ridge,10,8,2025-01-31,origin_turkey_bist100,-26.833706059336237,26.833706059336237,linear,ridge_10y,current_origin,0,equities_indices,long_h7_h12
ridge,10,8,2025-01-31,china_refined_copper_production_ton_lag_3,112.51237387712632,112.51237387712632,linear,ridge_10y,lag_3m,3,china,long_h7_h12
ridge,10,8,2025-01-31,silver_usd_per_troy_ounce_lag_3,115.44623397355954,115.44623397355954,linear,ridge_10y,lag_3m,3,commodities,long_h7_h12
ridge,10,8,2025-01-31,hong_kong_hang_seng_zijin_mining_lag_1,20.46262904073805,20.46262904073805,linear,ridge_10y,lag_1m,1,equities_companies,long_h7_h12
ridge,10,8,2025-01-31,origin_hong_kong_hang_seng_zijin_mining,27.2555862232661,27.2555862232661,linear,ridge_10y,current_origin,0,equities_companies,long_h7_h12
ridge,10,8,2025-01-31,usa_sp500_southern_copper_lag_1,12.671608760254465,12.671608760254465,linear,ridge_10y,lag_1m,1,equities_companies,long_h7_h12
ridge,10,8,2025-01-31,origin_australia_asx200_rio_tinto,73.91982513009177,73.91982513009177,linear,ridge_10y,current_origin,0,equities_companies,long_h7_h12
ridge,10,8,2025-01-31,origin_germany_dax,5.299604956541502,5.299604956541502,linear,ridge_10y,current_origin,0,equities_indices,long_h7_h12
ridge,10,8,2025-01-31,origin_japan_nikkei225,10.759190935978973,10.759190935978973,linear,ridge_10y,current_origin,0,equities_indices,long_h7_h12
ridge,10,8,2025-02-28,gold_usd_per_troy_ounce_lag_6,126.0717320174513,126.0717320174513,linear,ridge_10y,lag_6m,6,commodities,long_h7_h12
ridge,10,8,2025-02-28,gold_usd_per_troy_ounce_lag_3,153.7982261703531,153.7982261703531,linear,ridge_10y,lag_3m,3,commodities,long_h7_h12
ridge,10,8,2025-02-28,origin_usa_nasdaq_composite,96.16864324670614,96.16864324670614,linear,ridge_10y,current_origin,0,equities_indices,long_h7_h12
ridge,10,8,2025-02-28,iron_ore_usd_per_dmtu_lag_1,164.07908445942888,164.07908445942888,linear,ridge_10y,lag_1m,1,commodities,long_h7_h12
ridge,10,8,2025-02-28,gold_usd_per_troy_ounce_lag_1,151.769512277211,151.769512277211,linear,ridge_10y,lag_1m,1,commodities,long_h7_h12
ridge,10,8,2025-02-28,origin_uk_ftse100_antofagasta,36.79503172158401,36.79503172158401,linear,ridge_10y,current_origin,0,equities_companies,long_h7_h12
ridge,10,8,2025-02-28,silver_usd_per_troy_ounce_lag_1,153.48867342989445,153.48867342989445,linear,ridge_10y,lag_1m,1,commodities,long_h7_h12
ridge,10,8,2025-02-28,china_refined_copper_production_ton_lag_6,41.70401644890936,41.70401644890936,linear,ridge_10y,lag_6m,6,china,long_h7_h12
ridge,10,8,2025-02-28,origin_canada_tsx_composite_lundin_mining,83.67617608925855,83.67617608925855,linear,ridge_10y,current_origin,0,equities_companies,long_h7_h12
ridge,10,8,2025-02-28,usd_cdf_lag_1,131.3867420346813,131.3867420346813,linear,ridge_10y,lag_1m,1,global_macro,long_h7_h12
ridge,10,8,2025-02-28,iron_ore_usd_per_dmtu_lag_3,101.17893810514384,101.17893810514384,linear,ridge_10y,lag_3m,3,commodities,long_h7_h12
ridge,10,8,2025-02-28,silver_usd_per_troy_ounce_lag_3,120.8890426465195,120.8890426465195,linear,ridge_10y,lag_3m,3,commodities,long_h7_h12
ridge,10,8,2025-02-28,china_refined_copper_production_ton_lag_3,110.98032310611404,110.98032310611404,linear,ridge_10y,lag_3m,3,china,long_h7_h12
ridge,10,8,2025-02-28,origin_turkey_bist100,-30.28639042142073,30.28639042142073,linear,ridge_10y,current_origin,0,equities_indices,long_h7_h12
ridge,10,8,2025-02-28,hong_kong_hang_seng_zijin_mining_lag_1,18.019702075137445,18.019702075137445,linear,ridge_10y,lag_1m,1,equities_companies,long_h7_h12
ridge,10,8,2025-02-28,usa_sp500_southern_copper_lag_1,9.009452263290472,9.009452263290472,linear,ridge_10y,lag_1m,1,equities_companies,long_h7_h12
ridge,10,8,2025-02-28,origin_hong_kong_hang_seng_zijin_mining,27.64462879204063,27.64462879204063,linear,ridge_10y,current_origin,0,equities_companies,long_h7_h12
ridge,10,8,2025-02-28,australia_asx200_rio_tinto_lag_1,62.651233182611314,62.651233182611314,linear,ridge_10y,lag_1m,1,equities_companies,long_h7_h12
ridge,10,8,2025-02-28,origin_germany_dax,-0.6124612472032547,0.6124612472032547,linear,ridge_10y,current_origin,0,equities_indices,long_h7_h12
ridge,10,8,2025-02-28,origin_japan_nikkei225,5.24705867186047,5.24705867186047,linear,ridge_10y,current_origin,0,equities_indices,long_h7_h12
ridge,10,8,2025-03-31,gold_usd_per_troy_ounce_lag_6,131.63192002155895,131.63192002155895,linear,ridge_10y,lag_6m,6,commodities,long_h7_h12
ridge,10,8,2025-03-31,gold_usd_per_troy_ounce_lag_3,163.82258423075402,163.82258423075402,linear,ridge_10y,lag_3m,3,commodities,long_h7_h12
ridge,10,8,2025-03-31,origin_usa_nasdaq_composite,103.76686683141092,103.76686683141092,linear,ridge_10y,current_origin,0,equities_indices,long_h7_h12
ridge,10,8,2025-03-31,iron_ore_usd_per_dmtu_lag_1,170.58148772791904,170.58148772791904,linear,ridge_10y,lag_1m,1,commodities,long_h7_h12
ridge,10,8,2025-03-31,gold_usd_per_troy_ounce_lag_1,159.72006364450948,159.72006364450948,linear,ridge_10y,lag_1m,1,commodities,long_h7_h12
ridge,10,8,2025-03-31,silver_usd_per_troy_ounce_lag_1,150.46629562857228,150.46629562857228,linear,ridge_10y,lag_1m,1,commodities,long_h7_h12
ridge,10,8,2025-03-31,origin_uk_ftse100_antofagasta,46.32859489050023,46.32859489050023,linear,ridge_10y,current_origin,0,equities_companies,long_h7_h12
ridge,10,8,2025-03-31,china_refined_copper_production_ton_lag_6,63.07110849887033,63.07110849887033,linear,ridge_10y,lag_6m,6,china,long_h7_h12
ridge,10,8,2025-03-31,origin_canada_tsx_composite_lundin_mining,86.94628252781342,86.94628252781342,linear,ridge_10y,current_origin,0,equities_companies,long_h7_h12
ridge,10,8,2025-03-31,turkey_ppi_household_appliances_index_lag_1,-15.141050660216258,15.141050660216258,linear,ridge_10y,lag_1m,1,turkey,long_h7_h12
ridge,10,8,2025-03-31,silver_usd_per_troy_ounce_lag_3,118.837106942283,118.837106942283,linear,ridge_10y,lag_3m,3,commodities,long_h7_h12
ridge,10,8,2025-03-31,china_refined_copper_production_ton_lag_3,126.03168411928829,126.03168411928829,linear,ridge_10y,lag_3m,3,china,long_h7_h12
ridge,10,8,2025-03-31,iron_ore_usd_per_dmtu_lag_3,110.86373326548588,110.86373326548588,linear,ridge_10y,lag_3m,3,commodities,long_h7_h12
ridge,10,8,2025-03-31,origin_turkey_bist100,-18.38594846876674,18.38594846876674,linear,ridge_10y,current_origin,0,equities_indices,long_h7_h12
ridge,10,8,2025-03-31,hong_kong_hang_seng_zijin_mining_lag_1,21.4782178349499,21.4782178349499,linear,ridge_10y,lag_1m,1,equities_companies,long_h7_h12
ridge,10,8,2025-03-31,usa_sp500_southern_copper_lag_1,13.903608823300432,13.903608823300432,linear,ridge_10y,lag_1m,1,equities_companies,long_h7_h12
ridge,10,8,2025-03-31,origin_hong_kong_hang_seng_zijin_mining,31.4555866866582,31.4555866866582,linear,ridge_10y,current_origin,0,equities_companies,long_h7_h12
ridge,10,8,2025-03-31,australia_asx200_rio_tinto_lag_1,77.25975421214783,77.25975421214783,linear,ridge_10y,lag_1m,1,equities_companies,long_h7_h12
ridge,10,8,2025-03-31,origin_germany_dax,7.822985284205568,7.822985284205568,linear,ridge_10y,current_origin,0,equities_indices,long_h7_h12
ridge,10,8,2025-03-31,origin_japan_nikkei225,14.726737179215217,14.726737179215217,linear,ridge_10y,current_origin,0,equities_indices,long_h7_h12
ridge,10,8,2025-04-30,gold_usd_per_troy_ounce_lag_6,130.27551590229174,130.27551590229174,linear,ridge_10y,lag_6m,6,commodities,long_h7_h12
ridge,10,8,2025-04-30,gold_usd_per_troy_ounce_lag_3,158.8977921234659,158.8977921234659,linear,ridge_10y,lag_3m,3,commodities,long_h7_h12
ridge,10,8,2025-04-30,origin_usa_nasdaq_composite,88.81957524586103,88.81957524586103,linear,ridge_10y,current_origin,0,equities_indices,long_h7_h12
ridge,10,8,2025-04-30,silver_usd_per_troy_ounce_lag_1,149.13173136157744,149.13173136157744,linear,ridge_10y,lag_1m,1,commodities,long_h7_h12
ridge,10,8,2025-04-30,iron_ore_usd_per_dmtu_lag_1,173.7571268821888,173.7571268821888,linear,ridge_10y,lag_1m,1,commodities,long_h7_h12
ridge,10,8,2025-04-30,gold_usd_per_troy_ounce_lag_1,143.7306863512419,143.7306863512419,linear,ridge_10y,lag_1m,1,commodities,long_h7_h12
ridge,10,8,2025-04-30,origin_uk_ftse100_antofagasta,40.67005902869936,40.67005902869936,linear,ridge_10y,current_origin,0,equities_companies,long_h7_h12
ridge,10,8,2025-04-30,china_refined_copper_production_ton_lag_6,71.38935776925439,71.38935776925439,linear,ridge_10y,lag_6m,6,china,long_h7_h12
ridge,10,8,2025-04-30,origin_canada_tsx_composite_lundin_mining,79.65702442284703,79.65702442284703,linear,ridge_10y,current_origin,0,equities_companies,long_h7_h12
ridge,10,8,2025-04-30,silver_usd_per_troy_ounce_lag_3,118.07062442039285,118.07062442039285,linear,ridge_10y,lag_3m,3,commodities,long_h7_h12
ridge,10,8,2025-04-30,china_refined_copper_production_ton_lag_3,120.40475090600772,120.40475090600772,linear,ridge_10y,lag_3m,3,china,long_h7_h12
ridge,10,8,2025-04-30,usd_cdf_lag_3,92.63296196755778,92.63296196755778,linear,ridge_10y,lag_3m,3,global_macro,long_h7_h12
ridge,10,8,2025-04-30,iron_ore_usd_per_dmtu_lag_3,119.73262132345924,119.73262132345924,linear,ridge_10y,lag_3m,3,commodities,long_h7_h12
ridge,10,8,2025-04-30,usa_sp500_southern_copper_lag_1,-0.0758379735773461,0.0758379735773461,linear,ridge_10y,lag_1m,1,equities_companies,long_h7_h12
ridge,10,8,2025-04-30,origin_turkey_bist100,-32.89082825173063,32.89082825173063,linear,ridge_10y,current_origin,0,equities_indices,long_h7_h12
ridge,10,8,2025-04-30,hong_kong_hang_seng_zijin_mining_lag_1,15.441112475536512,15.441112475536512,linear,ridge_10y,lag_1m,1,equities_companies,long_h7_h12
ridge,10,8,2025-04-30,australia_asx200_rio_tinto_lag_1,65.9239602060753,65.9239602060753,linear,ridge_10y,lag_1m,1,equities_companies,long_h7_h12
ridge,10,8,2025-04-30,origin_hong_kong_hang_seng_zijin_mining,27.363887224151973,27.363887224151973,linear,ridge_10y,current_origin,0,equities_companies,long_h7_h12
ridge,10,8,2025-04-30,origin_germany_dax,1.7825304165931528,1.7825304165931528,linear,ridge_10y,current_origin,0,equities_indices,long_h7_h12
ridge,10,8,2025-04-30,origin_japan_nikkei225,3.301483353818908,3.301483353818908,linear,ridge_10y,current_origin,0,equities_indices,long_h7_h12
ridge,10,8,2025-05-31,gold_usd_per_troy_ounce_lag_3,152.65359155996043,152.65359155996043,linear,ridge_10y,lag_3m,3,commodities,long_h7_h12
ridge,10,8,2025-05-31,gold_usd_per_troy_ounce_lag_6,132.06891715802325,132.06891715802325,linear,ridge_10y,lag_6m,6,commodities,long_h7_h12
ridge,10,8,2025-05-31,origin_usa_nasdaq_composite,83.5753592920964,83.5753592920964,linear,ridge_10y,current_origin,0,equities_indices,long_h7_h12
ridge,10,8,2025-05-31,silver_usd_per_troy_ounce_lag_1,147.06730730971964,147.06730730971964,linear,ridge_10y,lag_1m,1,commodities,long_h7_h12
ridge,10,8,2025-05-31,gold_usd_per_troy_ounce_lag_1,132.11336514386568,132.11336514386568,linear,ridge_10y,lag_1m,1,commodities,long_h7_h12
ridge,10,8,2025-05-31,iron_ore_usd_per_dmtu_lag_1,176.51717432335073,176.51717432335073,linear,ridge_10y,lag_1m,1,commodities,long_h7_h12
ridge,10,8,2025-05-31,origin_uk_ftse100_antofagasta,43.57842940034542,43.57842940034542,linear,ridge_10y,current_origin,0,equities_companies,long_h7_h12
ridge,10,8,2025-05-31,silver_usd_per_troy_ounce_lag_3,116.7754769167293,116.7754769167293,linear,ridge_10y,lag_3m,3,commodities,long_h7_h12
ridge,10,8,2025-05-31,china_refined_copper_production_ton_lag_6,68.43325541742776,68.43325541742776,linear,ridge_10y,lag_6m,6,china,long_h7_h12
ridge,10,8,2025-05-31,origin_canada_tsx_composite_lundin_mining,80.19365496137921,80.19365496137921,linear,ridge_10y,current_origin,0,equities_companies,long_h7_h12
ridge,10,8,2025-05-31,china_refined_copper_production_ton_lag_3,121.46346296885667,121.46346296885667,linear,ridge_10y,lag_3m,3,china,long_h7_h12
ridge,10,8,2025-05-31,usd_cdf_lag_3,79.93617573196643,79.93617573196643,linear,ridge_10y,lag_3m,3,global_macro,long_h7_h12
ridge,10,8,2025-05-31,origin_hong_kong_hang_seng_zijin_mining,27.73939040088599,27.73939040088599,linear,ridge_10y,current_origin,0,equities_companies,long_h7_h12
ridge,10,8,2025-05-31,iron_ore_usd_per_dmtu_lag_3,125.91794690736172,125.91794690736172,linear,ridge_10y,lag_3m,3,commodities,long_h7_h12
ridge,10,8,2025-05-31,usa_sp500_southern_copper_lag_1,-1.3086936037691357,1.3086936037691357,linear,ridge_10y,lag_1m,1,equities_companies,long_h7_h12
ridge,10,8,2025-05-31,origin_turkey_bist100,-37.59130115065529,37.59130115065529,linear,ridge_10y,current_origin,0,equities_indices,long_h7_h12
ridge,10,8,2025-05-31,australia_asx200_rio_tinto_lag_1,64.05987865460644,64.05987865460644,linear,ridge_10y,lag_1m,1,equities_companies,long_h7_h12
ridge,10,8,2025-05-31,origin_germany_dax,4.148401913337427,4.148401913337427,linear,ridge_10y,current_origin,0,equities_indices,long_h7_h12
ridge,10,8,2025-05-31,usd_inr_lag_12,-10.804229040678315,10.804229040678315,linear,ridge_10y,lag_12m,12,macro_fred,long_h7_h12
ridge,10,8,2025-05-31,usd_inr_lag_6,61.89580880585987,61.89580880585987,linear,ridge_10y,lag_6m,6,macro_fred,long_h7_h12
ridge,10,8,2025-06-30,gold_usd_per_troy_ounce_lag_6,137.28858732933747,137.28858732933747,linear,ridge_10y,lag_6m,6,commodities,long_h7_h12
ridge,10,8,2025-06-30,gold_usd_per_troy_ounce_lag_3,149.10635976056471,149.10635976056471,linear,ridge_10y,lag_3m,3,commodities,long_h7_h12
ridge,10,8,2025-06-30,silver_usd_per_troy_ounce_lag_1,145.45262090331482,145.45262090331482,linear,ridge_10y,lag_1m,1,commodities,long_h7_h12
ridge,10,8,2025-06-30,origin_usa_nasdaq_composite,80.05236757470968,80.05236757470968,linear,ridge_10y,current_origin,0,equities_indices,long_h7_h12
ridge,10,8,2025-06-30,silver_usd_per_troy_ounce_lag_3,116.36791840052832,116.36791840052832,linear,ridge_10y,lag_3m,3,commodities,long_h7_h12
ridge,10,8,2025-06-30,gold_usd_per_troy_ounce_lag_1,125.35829078658765,125.35829078658765,linear,ridge_10y,lag_1m,1,commodities,long_h7_h12
ridge,10,8,2025-06-30,origin_uk_ftse100_antofagasta,47.03543567040595,47.03543567040595,linear,ridge_10y,current_origin,0,equities_companies,long_h7_h12
ridge,10,8,2025-06-30,china_refined_copper_production_ton_lag_6,71.75342664429093,71.75342664429093,linear,ridge_10y,lag_6m,6,china,long_h7_h12
ridge,10,8,2025-06-30,origin_canada_tsx_composite_lundin_mining,79.67259445268562,79.67259445268562,linear,ridge_10y,current_origin,0,equities_companies,long_h7_h12
ridge,10,8,2025-06-30,origin_hong_kong_hang_seng_zijin_mining,28.48119779019112,28.48119779019112,linear,ridge_10y,current_origin,0,equities_companies,long_h7_h12
ridge,10,8,2025-06-30,iron_ore_usd_per_dmtu_lag_1,177.3764536594082,177.3764536594082,linear,ridge_10y,lag_1m,1,commodities,long_h7_h12
ridge,10,8,2025-06-30,china_refined_copper_production_ton_lag_3,110.05735216502208,110.05735216502208,linear,ridge_10y,lag_3m,3,china,long_h7_h12
ridge,10,8,2025-06-30,usd_cdf_lag_3,71.24640238363857,71.24640238363857,linear,ridge_10y,lag_3m,3,global_macro,long_h7_h12
ridge,10,8,2025-06-30,usa_sp500_southern_copper_lag_1,-2.520066139525975,2.520066139525975,linear,ridge_10y,lag_1m,1,equities_companies,long_h7_h12
ridge,10,8,2025-06-30,origin_turkey_bist100,-36.59854579315985,36.59854579315985,linear,ridge_10y,current_origin,0,equities_indices,long_h7_h12
ridge,10,8,2025-06-30,iron_ore_usd_per_dmtu_lag_3,128.5641503375981,128.5641503375981,linear,ridge_10y,lag_3m,3,commodities,long_h7_h12
ridge,10,8,2025-06-30,origin_germany_dax,4.611791150948472,4.611791150948472,linear,ridge_10y,current_origin,0,equities_indices,long_h7_h12
ridge,10,8,2025-06-30,usd_inr_lag_12,-1.204158234878474,1.204158234878474,linear,ridge_10y,lag_12m,12,macro_fred,long_h7_h12
ridge,10,8,2025-06-30,australia_asx200_rio_tinto_lag_1,63.66234110904386,63.66234110904386,linear,ridge_10y,lag_1m,1,equities_companies,long_h7_h12
ridge,10,8,2025-06-30,usd_inr_lag_6,71.90234515339881,71.90234515339881,linear,ridge_10y,lag_6m,6,macro_fred,long_h7_h12
ridge,10,8,2025-07-31,gold_usd_per_troy_ounce_lag_6,146.37013641946325,146.37013641946325,linear,ridge_10y,lag_6m,6,commodities,long_h7_h12
ridge,10,8,2025-07-31,gold_usd_per_troy_ounce_lag_3,148.16827076181974,148.16827076181974,linear,ridge_10y,lag_3m,3,commodities,long_h7_h12
ridge,10,8,2025-07-31,silver_usd_per_troy_ounce_lag_1,142.614471300348,142.614471300348,linear,ridge_10y,lag_1m,1,commodities,long_h7_h12
ridge,10,8,2025-07-31,origin_usa_nasdaq_composite,81.70505743498306,81.70505743498306,linear,ridge_10y,current_origin,0,equities_indices,long_h7_h12
ridge,10,8,2025-07-31,silver_usd_per_troy_ounce_lag_3,116.70265598717177,116.70265598717177,linear,ridge_10y,lag_3m,3,commodities,long_h7_h12
ridge,10,8,2025-07-31,gold_usd_per_troy_ounce_lag_1,123.59497485227794,123.59497485227794,linear,ridge_10y,lag_1m,1,commodities,long_h7_h12
ridge,10,8,2025-07-31,china_refined_copper_production_ton_lag_6,84.00224759163216,84.00224759163216,linear,ridge_10y,lag_6m,6,china,long_h7_h12
ridge,10,8,2025-07-31,origin_uk_ftse100_antofagasta,56.663906318327726,56.663906318327726,linear,ridge_10y,current_origin,0,equities_companies,long_h7_h12
ridge,10,8,2025-07-31,origin_hong_kong_hang_seng_zijin_mining,34.44155350957976,34.44155350957976,linear,ridge_10y,current_origin,0,equities_companies,long_h7_h12
ridge,10,8,2025-07-31,origin_canada_tsx_composite_lundin_mining,81.96190752314479,81.96190752314479,linear,ridge_10y,current_origin,0,equities_companies,long_h7_h12
ridge,10,8,2025-07-31,china_refined_copper_production_ton_lag_3,107.50740869281567,107.50740869281567,linear,ridge_10y,lag_3m,3,china,long_h7_h12
ridge,10,8,2025-07-31,usa_sp500_southern_copper_lag_1,2.644720681350025,2.644720681350025,linear,ridge_10y,lag_1m,1,equities_companies,long_h7_h12
ridge,10,8,2025-07-31,turkey_cpi_index_lag_6,-33.607480301987195,33.607480301987195,linear,ridge_10y,lag_6m,6,turkey,long_h7_h12
ridge,10,8,2025-07-31,iron_ore_usd_per_dmtu_lag_1,177.32915826370188,177.32915826370188,linear,ridge_10y,lag_1m,1,commodities,long_h7_h12
ridge,10,8,2025-07-31,origin_turkey_bist100,-26.354382617272435,26.354382617272435,linear,ridge_10y,current_origin,0,equities_indices,long_h7_h12
ridge,10,8,2025-07-31,origin_japan_nikkei225,15.965194220055707,15.965194220055707,linear,ridge_10y,current_origin,0,equities_indices,long_h7_h12
ridge,10,8,2025-07-31,usd_inr_lag_12,13.040469151873165,13.040469151873165,linear,ridge_10y,lag_12m,12,macro_fred,long_h7_h12
ridge,10,8,2025-07-31,australia_asx200_rio_tinto_lag_1,69.10555283337946,69.10555283337946,linear,ridge_10y,lag_1m,1,equities_companies,long_h7_h12
ridge,10,8,2025-07-31,iron_ore_usd_per_dmtu_lag_3,130.20228258271416,130.20228258271416,linear,ridge_10y,lag_3m,3,commodities,long_h7_h12
ridge,10,8,2025-07-31,usd_inr_lag_6,88.87541490793592,88.87541490793592,linear,ridge_10y,lag_6m,6,macro_fred,long_h7_h12
ridge,10,8,2025-08-31,gold_usd_per_troy_ounce_lag_6,154.1098562745802,154.1098562745802,linear,ridge_10y,lag_6m,6,commodities,long_h7_h12
ridge,10,8,2025-08-31,silver_usd_per_troy_ounce_lag_1,148.01930224553882,148.01930224553882,linear,ridge_10y,lag_1m,1,commodities,long_h7_h12
ridge,10,8,2025-08-31,gold_usd_per_troy_ounce_lag_3,150.46364028384184,150.46364028384184,linear,ridge_10y,lag_3m,3,commodities,long_h7_h12
ridge,10,8,2025-08-31,silver_usd_per_troy_ounce_lag_3,132.85580076253024,132.85580076253024,linear,ridge_10y,lag_3m,3,commodities,long_h7_h12
ridge,10,8,2025-08-31,origin_usa_nasdaq_composite,92.33507216292836,92.33507216292836,linear,ridge_10y,current_origin,0,equities_indices,long_h7_h12
ridge,10,8,2025-08-31,china_refined_copper_production_ton_lag_6,90.69632059992053,90.69632059992053,linear,ridge_10y,lag_6m,6,china,long_h7_h12
ridge,10,8,2025-08-31,gold_usd_per_troy_ounce_lag_1,122.41530469172746,122.41530469172746,linear,ridge_10y,lag_1m,1,commodities,long_h7_h12
ridge,10,8,2025-08-31,origin_uk_ftse100_antofagasta,70.2077097269768,70.2077097269768,linear,ridge_10y,current_origin,0,equities_companies,long_h7_h12
ridge,10,8,2025-08-31,hong_kong_hang_seng_zijin_mining_lag_1,36.12651390003983,36.12651390003983,linear,ridge_10y,lag_1m,1,equities_companies,long_h7_h12
ridge,10,8,2025-08-31,origin_canada_tsx_composite_lundin_mining,87.55936588724087,87.55936588724087,linear,ridge_10y,current_origin,0,equities_companies,long_h7_h12
ridge,10,8,2025-08-31,usa_sp500_southern_copper_lag_1,3.789035151576258,3.789035151576258,linear,ridge_10y,lag_1m,1,equities_companies,long_h7_h12
ridge,10,8,2025-08-31,origin_japan_nikkei225,25.105773373202425,25.105773373202425,linear,ridge_10y,current_origin,0,equities_indices,long_h7_h12
ridge,10,8,2025-08-31,china_refined_copper_production_ton_lag_3,98.22063755665098,98.22063755665098,linear,ridge_10y,lag_3m,3,china,long_h7_h12
ridge,10,8,2025-08-31,usd_inr_lag_12,30.003497414509365,30.003497414509365,linear,ridge_10y,lag_12m,12,macro_fred,long_h7_h12
ridge,10,8,2025-08-31,turkey_cpi_index_lag_6,-43.27414553224225,43.27414553224225,linear,ridge_10y,lag_6m,6,turkey,long_h7_h12
ridge,10,8,2025-08-31,turkey_bist100_lag_1,-42.78477978493067,42.78477978493067,linear,ridge_10y,lag_1m,1,equities_indices,long_h7_h12
ridge,10,8,2025-08-31,iron_ore_usd_per_dmtu_lag_1,211.1718072755473,211.1718072755473,linear,ridge_10y,lag_1m,1,commodities,long_h7_h12
ridge,10,8,2025-08-31,australia_asx200_rio_tinto_lag_1,85.36142765807513,85.36142765807513,linear,ridge_10y,lag_1m,1,equities_companies,long_h7_h12
ridge,10,8,2025-08-31,origin_canada_tsx_composite_capstone_copper,-18.67195688209354,18.67195688209354,linear,ridge_10y,current_origin,0,equities_companies,long_h7_h12
ridge,10,8,2025-08-31,usd_inr_lag_6,92.25884130092729,92.25884130092729,linear,ridge_10y,lag_6m,6,macro_fred,long_h7_h12
ridge,10,8,2025-09-30,gold_usd_per_troy_ounce_lag_6,168.05910812756883,168.05910812756883,linear,ridge_10y,lag_6m,6,commodities,long_h7_h12
ridge,10,8,2025-09-30,silver_usd_per_troy_ounce_lag_1,166.6416040092652,166.6416040092652,linear,ridge_10y,lag_1m,1,commodities,long_h7_h12
ridge,10,8,2025-09-30,gold_usd_per_troy_ounce_lag_3,148.57372096633182,148.57372096633182,linear,ridge_10y,lag_3m,3,commodities,long_h7_h12
ridge,10,8,2025-09-30,silver_usd_per_troy_ounce_lag_3,151.70220703306077,151.70220703306077,linear,ridge_10y,lag_3m,3,commodities,long_h7_h12
ridge,10,8,2025-09-30,origin_usa_nasdaq_composite,108.56297426433888,108.56297426433888,linear,ridge_10y,current_origin,0,equities_indices,long_h7_h12
ridge,10,8,2025-09-30,china_refined_copper_production_ton_lag_6,86.17909499415028,86.17909499415028,linear,ridge_10y,lag_6m,6,china,long_h7_h12
ridge,10,8,2025-09-30,gold_usd_per_troy_ounce_lag_1,119.80419559860825,119.80419559860825,linear,ridge_10y,lag_1m,1,commodities,long_h7_h12
ridge,10,8,2025-09-30,origin_uk_ftse100_antofagasta,88.93671935064319,88.93671935064319,linear,ridge_10y,current_origin,0,equities_companies,long_h7_h12
ridge,10,8,2025-09-30,hong_kong_hang_seng_zijin_mining_lag_1,46.061918978790985,46.061918978790985,linear,ridge_10y,lag_1m,1,equities_companies,long_h7_h12
ridge,10,8,2025-09-30,origin_canada_tsx_composite_lundin_mining,106.15605457556345,106.15605457556345,linear,ridge_10y,current_origin,0,equities_companies,long_h7_h12
ridge,10,8,2025-09-30,usd_inr_lag_12,38.598208733822354,38.598208733822354,linear,ridge_10y,lag_12m,12,macro_fred,long_h7_h12
ridge,10,8,2025-09-30,usa_sp500_southern_copper_lag_1,-3.6596882953492194,3.6596882953492194,linear,ridge_10y,lag_1m,1,equities_companies,long_h7_h12
ridge,10,8,2025-09-30,china_refined_copper_production_ton_lag_3,87.32786975204033,87.32786975204033,linear,ridge_10y,lag_3m,3,china,long_h7_h12
ridge,10,8,2025-09-30,origin_germany_dax,6.477648046042905,6.477648046042905,linear,ridge_10y,current_origin,0,equities_indices,long_h7_h12
ridge,10,8,2025-09-30,turkey_cpi_index_lag_6,-90.12569589676905,90.12569589676905,linear,ridge_10y,lag_6m,6,turkey,long_h7_h12
ridge,10,8,2025-09-30,origin_canada_tsx_composite_capstone_copper,-25.05726390098,25.05726390098,linear,ridge_10y,current_origin,0,equities_companies,long_h7_h12
ridge,10,8,2025-09-30,hong_kong_hang_seng_zijin_mining_lag_3,30.5425252188286,30.5425252188286,linear,ridge_10y,lag_3m,3,equities_companies,long_h7_h12
ridge,10,8,2025-09-30,australia_asx200_rio_tinto_lag_1,136.96883836392274,136.96883836392274,linear,ridge_10y,lag_1m,1,equities_companies,long_h7_h12
ridge,10,8,2025-09-30,japan_nikkei225_lag_1,0.1790104087606652,0.1790104087606652,linear,ridge_10y,lag_1m,1,equities_indices,long_h7_h12
ridge,10,8,2025-09-30,usd_inr_lag_6,91.91740737555006,91.91740737555006,linear,ridge_10y,lag_6m,6,macro_fred,long_h7_h12
ridge,10,8,2025-10-31,gold_usd_per_troy_ounce_lag_6,161.33045777637,161.33045777637,linear,ridge_10y,lag_6m,6,commodities,long_h7_h12
ridge,10,8,2025-10-31,silver_usd_per_troy_ounce_lag_1,144.5791780401389,144.5791780401389,linear,ridge_10y,lag_1m,1,commodities,long_h7_h12
ridge,10,8,2025-10-31,gold_usd_per_troy_ounce_lag_3,139.74416174920486,139.74416174920486,linear,ridge_10y,lag_3m,3,commodities,long_h7_h12
ridge,10,8,2025-10-31,silver_usd_per_troy_ounce_lag_3,126.5321418157384,126.5321418157384,linear,ridge_10y,lag_3m,3,commodities,long_h7_h12
ridge,10,8,2025-10-31,origin_usa_nasdaq_composite,115.40636535931463,115.40636535931463,linear,ridge_10y,current_origin,0,equities_indices,long_h7_h12
ridge,10,8,2025-10-31,china_refined_copper_production_ton_lag_6,105.03174462655048,105.03174462655048,linear,ridge_10y,lag_6m,6,china,long_h7_h12
ridge,10,8,2025-10-31,gold_usd_per_troy_ounce_lag_1,117.57054985822386,117.57054985822386,linear,ridge_10y,lag_1m,1,commodities,long_h7_h12
ridge,10,8,2025-10-31,origin_uk_ftse100_antofagasta,104.36255482333264,104.36255482333264,linear,ridge_10y,current_origin,0,equities_companies,long_h7_h12
ridge,10,8,2025-10-31,hong_kong_hang_seng_zijin_mining_lag_1,56.81483460162619,56.81483460162619,linear,ridge_10y,lag_1m,1,equities_companies,long_h7_h12
ridge,10,8,2025-10-31,usd_inr_lag_12,62.82840288228219,62.82840288228219,linear,ridge_10y,lag_12m,12,macro_fred,long_h7_h12
ridge,10,8,2025-10-31,origin_canada_tsx_composite_lundin_mining,102.0785714541575,102.0785714541575,linear,ridge_10y,current_origin,0,equities_companies,long_h7_h12
ridge,10,8,2025-10-31,usa_sp500_southern_copper_lag_1,10.945077971351926,10.945077971351926,linear,ridge_10y,lag_1m,1,equities_companies,long_h7_h12
ridge,10,8,2025-10-31,origin_germany_dax,28.091034894304496,28.091034894304496,linear,ridge_10y,current_origin,0,equities_indices,long_h7_h12
ridge,10,8,2025-10-31,turkey_cpi_index_lag_6,-66.90547534570825,66.90547534570825,linear,ridge_10y,lag_6m,6,turkey,long_h7_h12
ridge,10,8,2025-10-31,china_refined_copper_production_ton_lag_3,101.12242620923664,101.12242620923664,linear,ridge_10y,lag_3m,3,china,long_h7_h12
ridge,10,8,2025-10-31,hong_kong_hang_seng_zijin_mining_lag_3,43.278546769446464,43.278546769446464,linear,ridge_10y,lag_3m,3,equities_companies,long_h7_h12
ridge,10,8,2025-10-31,origin_turkey_bist100,-59.96159284264663,59.96159284264663,linear,ridge_10y,current_origin,0,equities_indices,long_h7_h12
ridge,10,8,2025-10-31,origin_canada_tsx_composite_capstone_copper,-17.372804556993955,17.372804556993955,linear,ridge_10y,current_origin,0,equities_companies,long_h7_h12
ridge,10,8,2025-10-31,japan_nikkei225_lag_1,24.971787775065625,24.971787775065625,linear,ridge_10y,lag_1m,1,equities_indices,long_h7_h12
ridge,10,8,2025-10-31,japan_industrial_production_lag_6,-192.78187223325835,192.78187223325835,linear,ridge_10y,lag_6m,6,global_macro,long_h7_h12
ridge,10,8,2025-11-30,gold_usd_per_troy_ounce_lag_6,152.8974591712635,152.8974591712635,linear,ridge_10y,lag_6m,6,commodities,long_h7_h12
ridge,10,8,2025-11-30,silver_usd_per_troy_ounce_lag_1,140.9652700163597,140.9652700163597,linear,ridge_10y,lag_1m,1,commodities,long_h7_h12
ridge,10,8,2025-11-30,silver_usd_per_troy_ounce_lag_3,124.14879967630614,124.14879967630614,linear,ridge_10y,lag_3m,3,commodities,long_h7_h12
ridge,10,8,2025-11-30,gold_usd_per_troy_ounce_lag_3,131.78200870698578,131.78200870698578,linear,ridge_10y,lag_3m,3,commodities,long_h7_h12
ridge,10,8,2025-11-30,origin_usa_nasdaq_composite,108.19921569578544,108.19921569578544,linear,ridge_10y,current_origin,0,equities_indices,long_h7_h12
ridge,10,8,2025-11-30,gold_usd_per_troy_ounce_lag_1,108.68526683368124,108.68526683368124,linear,ridge_10y,lag_1m,1,commodities,long_h7_h12
ridge,10,8,2025-11-30,china_refined_copper_production_ton_lag_6,89.40292075554727,89.40292075554727,linear,ridge_10y,lag_6m,6,china,long_h7_h12
ridge,10,8,2025-11-30,origin_uk_ftse100_antofagasta,94.71025204976192,94.71025204976192,linear,ridge_10y,current_origin,0,equities_companies,long_h7_h12
ridge,10,8,2025-11-30,usd_inr_lag_12,63.30513799357154,63.30513799357154,linear,ridge_10y,lag_12m,12,macro_fred,long_h7_h12
ridge,10,8,2025-11-30,hong_kong_hang_seng_zijin_mining_lag_1,45.70631381451738,45.70631381451738,linear,ridge_10y,lag_1m,1,equities_companies,long_h7_h12
ridge,10,8,2025-11-30,origin_canada_tsx_composite_lundin_mining,100.6983025461672,100.6983025461672,linear,ridge_10y,current_origin,0,equities_companies,long_h7_h12
ridge,10,8,2025-11-30,usa_sp500_southern_copper_lag_1,4.607504789623161,4.607504789623161,linear,ridge_10y,lag_1m,1,equities_companies,long_h7_h12
ridge,10,8,2025-11-30,origin_germany_dax,19.645384240636005,19.645384240636005,linear,ridge_10y,current_origin,0,equities_indices,long_h7_h12
ridge,10,8,2025-11-30,turkey_cpi_index_lag_6,-72.20796840362911,72.20796840362911,linear,ridge_10y,lag_6m,6,turkey,long_h7_h12
ridge,10,8,2025-11-30,china_refined_copper_production_ton_lag_3,88.71716977730235,88.71716977730235,linear,ridge_10y,lag_3m,3,china,long_h7_h12
ridge,10,8,2025-11-30,hong_kong_hang_seng_zijin_mining_lag_3,32.27345015019177,32.27345015019177,linear,ridge_10y,lag_3m,3,equities_companies,long_h7_h12
ridge,10,8,2025-11-30,japan_industrial_production_lag_6,-196.52886167696755,196.52886167696755,linear,ridge_10y,lag_6m,6,global_macro,long_h7_h12
ridge,10,8,2025-11-30,origin_canada_tsx_composite_capstone_copper,-27.16941489206853,27.16941489206853,linear,ridge_10y,current_origin,0,equities_companies,long_h7_h12
ridge,10,8,2025-11-30,japan_nikkei225_lag_1,15.590039981730694,15.590039981730694,linear,ridge_10y,lag_1m,1,equities_indices,long_h7_h12
ridge,10,8,2025-11-30,gold_usd_per_troy_ounce_lag_12,96.0892173393682,96.0892173393682,linear,ridge_10y,lag_12m,12,commodities,long_h7_h12
ridge,10,8,2025-12-31,gold_usd_per_troy_ounce_lag_6,148.50158491203285,148.50158491203285,linear,ridge_10y,lag_6m,6,commodities,long_h7_h12
ridge,10,8,2025-12-31,silver_usd_per_troy_ounce_lag_1,139.70097743253154,139.70097743253154,linear,ridge_10y,lag_1m,1,commodities,long_h7_h12
ridge,10,8,2025-12-31,silver_usd_per_troy_ounce_lag_3,112.47439170474932,112.47439170474932,linear,ridge_10y,lag_3m,3,commodities,long_h7_h12
ridge,10,8,2025-12-31,gold_usd_per_troy_ounce_lag_3,130.4251133127309,130.4251133127309,linear,ridge_10y,lag_3m,3,commodities,long_h7_h12
ridge,10,8,2025-12-31,origin_usa_nasdaq_composite,96.36649418042713,96.36649418042713,linear,ridge_10y,current_origin,0,equities_indices,long_h7_h12
ridge,10,8,2025-12-31,gold_usd_per_troy_ounce_lag_1,113.90702646902967,113.90702646902967,linear,ridge_10y,lag_1m,1,commodities,long_h7_h12
ridge,10,8,2025-12-31,china_refined_copper_production_ton_lag_6,86.94053678025205,86.94053678025205,linear,ridge_10y,lag_6m,6,china,long_h7_h12
ridge,10,8,2025-12-31,usd_inr_lag_12,71.12876794120046,71.12876794120046,linear,ridge_10y,lag_12m,12,macro_fred,long_h7_h12
ridge,10,8,2025-12-31,uk_ftse100_antofagasta_lag_1,80.40374236783495,80.40374236783495,linear,ridge_10y,lag_1m,1,equities_companies,long_h7_h12
ridge,10,8,2025-12-31,hong_kong_hang_seng_zijin_mining_lag_1,40.109865024921454,40.109865024921454,linear,ridge_10y,lag_1m,1,equities_companies,long_h7_h12
ridge,10,8,2025-12-31,origin_germany_dax,24.786683268838036,24.786683268838036,linear,ridge_10y,current_origin,0,equities_indices,long_h7_h12
ridge,10,8,2025-12-31,japan_industrial_production_lag_6,-204.94793733381516,204.94793733381516,linear,ridge_10y,lag_6m,6,global_macro,long_h7_h12
ridge,10,8,2025-12-31,canada_tsx_composite_lundin_mining_lag_1,92.97385450341382,92.97385450341382,linear,ridge_10y,lag_1m,1,equities_companies,long_h7_h12
ridge,10,8,2025-12-31,turkey_ppi_metal_ores_index_lag_6,-49.19963211687117,49.19963211687117,linear,ridge_10y,lag_6m,6,turkey,long_h7_h12
ridge,10,8,2025-12-31,gold_usd_per_troy_ounce_lag_12,101.83018393775244,101.83018393775244,linear,ridge_10y,lag_12m,12,commodities,long_h7_h12
ridge,10,8,2025-12-31,hong_kong_hang_seng_zijin_mining_lag_3,17.980001449011805,17.980001449011805,linear,ridge_10y,lag_3m,3,equities_companies,long_h7_h12
ridge,10,8,2025-12-31,silver_usd_per_troy_ounce_lag_6,103.813079225665,103.813079225665,linear,ridge_10y,lag_6m,6,commodities,long_h7_h12
ridge,10,8,2025-12-31,japan_nikkei225_lag_1,11.034238608023072,11.034238608023072,linear,ridge_10y,lag_1m,1,equities_indices,long_h7_h12
ridge,10,8,2025-12-31,china_refined_copper_production_ton_lag_3,65.6554981783271,65.6554981783271,linear,ridge_10y,lag_3m,3,china,long_h7_h12
ridge,10,8,2025-12-31,origin_canada_tsx_composite_capstone_copper,-37.11457213322189,37.11457213322189,linear,ridge_10y,current_origin,0,equities_companies,long_h7_h12
sarimax,10,9,2025-01-31,gold_usd_per_troy_ounce_lag_3,,,sarimax,sarimax_10y,lag_3m,3,commodities,long_h7_h12
sarimax,10,9,2025-01-31,gold_usd_per_troy_ounce_lag_6,,,sarimax,sarimax_10y,lag_6m,6,commodities,long_h7_h12
sarimax,10,9,2025-01-31,gold_usd_per_troy_ounce_lag_1,,,sarimax,sarimax_10y,lag_1m,1,commodities,long_h7_h12
sarimax,10,9,2025-01-31,origin_usa_nasdaq_composite,,,sarimax,sarimax_10y,current_origin,0,equities_indices,long_h7_h12
sarimax,10,9,2025-01-31,iron_ore_usd_per_dmtu_lag_1,,,sarimax,sarimax_10y,lag_1m,1,commodities,long_h7_h12
sarimax,10,9,2025-02-28,gold_usd_per_troy_ounce_lag_3,,,sarimax,sarimax_10y,lag_3m,3,commodities,long_h7_h12
sarimax,10,9,2025-02-28,gold_usd_per_troy_ounce_lag_6,,,sarimax,sarimax_10y,lag_6m,6,commodities,long_h7_h12
sarimax,10,9,2025-02-28,gold_usd_per_troy_ounce_lag_1,,,sarimax,sarimax_10y,lag_1m,1,commodities,long_h7_h12
sarimax,10,9,2025-02-28,origin_usa_nasdaq_composite,,,sarimax,sarimax_10y,current_origin,0,equities_indices,long_h7_h12
sarimax,10,9,2025-02-28,iron_ore_usd_per_dmtu_lag_1,,,sarimax,sarimax_10y,lag_1m,1,commodities,long_h7_h12
sarimax,10,9,2025-03-31,gold_usd_per_troy_ounce_lag_3,,,sarimax,sarimax_10y,lag_3m,3,commodities,long_h7_h12
sarimax,10,9,2025-03-31,gold_usd_per_troy_ounce_lag_6,,,sarimax,sarimax_10y,lag_6m,6,commodities,long_h7_h12
sarimax,10,9,2025-03-31,gold_usd_per_troy_ounce_lag_1,,,sarimax,sarimax_10y,lag_1m,1,commodities,long_h7_h12
sarimax,10,9,2025-03-31,silver_usd_per_troy_ounce_lag_1,,,sarimax,sarimax_10y,lag_1m,1,commodities,long_h7_h12
sarimax,10,9,2025-03-31,origin_usa_nasdaq_composite,,,sarimax,sarimax_10y,current_origin,0,equities_indices,long_h7_h12
sarimax,10,9,2025-04-30,gold_usd_per_troy_ounce_lag_3,,,sarimax,sarimax_10y,lag_3m,3,commodities,long_h7_h12
sarimax,10,9,2025-04-30,gold_usd_per_troy_ounce_lag_6,,,sarimax,sarimax_10y,lag_6m,6,commodities,long_h7_h12
sarimax,10,9,2025-04-30,gold_usd_per_troy_ounce_lag_1,,,sarimax,sarimax_10y,lag_1m,1,commodities,long_h7_h12
sarimax,10,9,2025-04-30,silver_usd_per_troy_ounce_lag_1,,,sarimax,sarimax_10y,lag_1m,1,commodities,long_h7_h12
sarimax,10,9,2025-04-30,china_refined_copper_production_ton_lag_3,,,sarimax,sarimax_10y,lag_3m,3,china,long_h7_h12
sarimax,10,9,2025-05-31,gold_usd_per_troy_ounce_lag_3,,,sarimax,sarimax_10y,lag_3m,3,commodities,long_h7_h12
sarimax,10,9,2025-05-31,gold_usd_per_troy_ounce_lag_6,,,sarimax,sarimax_10y,lag_6m,6,commodities,long_h7_h12
sarimax,10,9,2025-05-31,silver_usd_per_troy_ounce_lag_1,,,sarimax,sarimax_10y,lag_1m,1,commodities,long_h7_h12
sarimax,10,9,2025-05-31,gold_usd_per_troy_ounce_lag_1,,,sarimax,sarimax_10y,lag_1m,1,commodities,long_h7_h12
sarimax,10,9,2025-05-31,china_refined_copper_production_ton_lag_3,,,sarimax,sarimax_10y,lag_3m,3,china,long_h7_h12
sarimax,10,9,2025-06-30,gold_usd_per_troy_ounce_lag_3,,,sarimax,sarimax_10y,lag_3m,3,commodities,long_h7_h12
sarimax,10,9,2025-06-30,gold_usd_per_troy_ounce_lag_6,,,sarimax,sarimax_10y,lag_6m,6,commodities,long_h7_h12
sarimax,10,9,2025-06-30,silver_usd_per_troy_ounce_lag_1,,,sarimax,sarimax_10y,lag_1m,1,commodities,long_h7_h12
sarimax,10,9,2025-06-30,gold_usd_per_troy_ounce_lag_1,,,sarimax,sarimax_10y,lag_1m,1,commodities,long_h7_h12
sarimax,10,9,2025-06-30,china_refined_copper_production_ton_lag_3,,,sarimax,sarimax_10y,lag_3m,3,china,long_h7_h12
sarimax,10,9,2025-07-31,gold_usd_per_troy_ounce_lag_6,,,sarimax,sarimax_10y,lag_6m,6,commodities,long_h7_h12
sarimax,10,9,2025-07-31,gold_usd_per_troy_ounce_lag_3,,,sarimax,sarimax_10y,lag_3m,3,commodities,long_h7_h12
sarimax,10,9,2025-07-31,silver_usd_per_troy_ounce_lag_1,,,sarimax,sarimax_10y,lag_1m,1,commodities,long_h7_h12
sarimax,10,9,2025-07-31,gold_usd_per_troy_ounce_lag_1,,,sarimax,sarimax_10y,lag_1m,1,commodities,long_h7_h12
sarimax,10,9,2025-07-31,origin_usa_nasdaq_composite,,,sarimax,sarimax_10y,current_origin,0,equities_indices,long_h7_h12
sarimax,10,9,2025-08-31,gold_usd_per_troy_ounce_lag_6,,,sarimax,sarimax_10y,lag_6m,6,commodities,long_h7_h12
sarimax,10,9,2025-08-31,silver_usd_per_troy_ounce_lag_1,,,sarimax,sarimax_10y,lag_1m,1,commodities,long_h7_h12
sarimax,10,9,2025-08-31,gold_usd_per_troy_ounce_lag_3,,,sarimax,sarimax_10y,lag_3m,3,commodities,long_h7_h12
sarimax,10,9,2025-08-31,gold_usd_per_troy_ounce_lag_1,,,sarimax,sarimax_10y,lag_1m,1,commodities,long_h7_h12
sarimax,10,9,2025-08-31,origin_usa_nasdaq_composite,,,sarimax,sarimax_10y,current_origin,0,equities_indices,long_h7_h12
sarimax,10,9,2025-09-30,gold_usd_per_troy_ounce_lag_6,,,sarimax,sarimax_10y,lag_6m,6,commodities,long_h7_h12
sarimax,10,9,2025-09-30,silver_usd_per_troy_ounce_lag_1,,,sarimax,sarimax_10y,lag_1m,1,commodities,long_h7_h12
sarimax,10,9,2025-09-30,gold_usd_per_troy_ounce_lag_3,,,sarimax,sarimax_10y,lag_3m,3,commodities,long_h7_h12
sarimax,10,9,2025-09-30,gold_usd_per_troy_ounce_lag_1,,,sarimax,sarimax_10y,lag_1m,1,commodities,long_h7_h12
sarimax,10,9,2025-09-30,origin_usa_nasdaq_composite,,,sarimax,sarimax_10y,current_origin,0,equities_indices,long_h7_h12
sarimax,10,9,2025-10-31,gold_usd_per_troy_ounce_lag_6,,,sarimax,sarimax_10y,lag_6m,6,commodities,long_h7_h12
sarimax,10,9,2025-10-31,silver_usd_per_troy_ounce_lag_1,,,sarimax,sarimax_10y,lag_1m,1,commodities,long_h7_h12
sarimax,10,9,2025-10-31,gold_usd_per_troy_ounce_lag_3,,,sarimax,sarimax_10y,lag_3m,3,commodities,long_h7_h12
sarimax,10,9,2025-10-31,gold_usd_per_troy_ounce_lag_1,,,sarimax,sarimax_10y,lag_1m,1,commodities,long_h7_h12
sarimax,10,9,2025-10-31,silver_usd_per_troy_ounce_lag_3,,,sarimax,sarimax_10y,lag_3m,3,commodities,long_h7_h12
sarimax,10,9,2025-11-30,gold_usd_per_troy_ounce_lag_6,,,sarimax,sarimax_10y,lag_6m,6,commodities,long_h7_h12
sarimax,10,9,2025-11-30,silver_usd_per_troy_ounce_lag_1,,,sarimax,sarimax_10y,lag_1m,1,commodities,long_h7_h12
sarimax,10,9,2025-11-30,gold_usd_per_troy_ounce_lag_3,,,sarimax,sarimax_10y,lag_3m,3,commodities,long_h7_h12
sarimax,10,9,2025-11-30,gold_usd_per_troy_ounce_lag_1,,,sarimax,sarimax_10y,lag_1m,1,commodities,long_h7_h12
sarimax,10,9,2025-11-30,silver_usd_per_troy_ounce_lag_3,,,sarimax,sarimax_10y,lag_3m,3,commodities,long_h7_h12
sarimax,10,10,2025-01-31,gold_usd_per_troy_ounce_lag_3,,,sarimax,sarimax_10y,lag_3m,3,commodities,long_h7_h12
sarimax,10,10,2025-01-31,gold_usd_per_troy_ounce_lag_1,,,sarimax,sarimax_10y,lag_1m,1,commodities,long_h7_h12
sarimax,10,10,2025-01-31,china_refined_copper_production_ton_lag_3,,,sarimax,sarimax_10y,lag_3m,3,china,long_h7_h12
sarimax,10,10,2025-01-31,gold_usd_per_troy_ounce_lag_6,,,sarimax,sarimax_10y,lag_6m,6,commodities,long_h7_h12
sarimax,10,10,2025-01-31,origin_usa_nasdaq_composite,,,sarimax,sarimax_10y,current_origin,0,equities_indices,long_h7_h12
sarimax,10,10,2025-02-28,gold_usd_per_troy_ounce_lag_3,,,sarimax,sarimax_10y,lag_3m,3,commodities,long_h7_h12
sarimax,10,10,2025-02-28,gold_usd_per_troy_ounce_lag_1,,,sarimax,sarimax_10y,lag_1m,1,commodities,long_h7_h12
sarimax,10,10,2025-02-28,china_refined_copper_production_ton_lag_3,,,sarimax,sarimax_10y,lag_3m,3,china,long_h7_h12
sarimax,10,10,2025-02-28,gold_usd_per_troy_ounce_lag_6,,,sarimax,sarimax_10y,lag_6m,6,commodities,long_h7_h12
sarimax,10,10,2025-02-28,origin_usa_nasdaq_composite,,,sarimax,sarimax_10y,current_origin,0,equities_indices,long_h7_h12
sarimax,10,10,2025-03-31,gold_usd_per_troy_ounce_lag_3,,,sarimax,sarimax_10y,lag_3m,3,commodities,long_h7_h12
sarimax,10,10,2025-03-31,gold_usd_per_troy_ounce_lag_1,,,sarimax,sarimax_10y,lag_1m,1,commodities,long_h7_h12
sarimax,10,10,2025-03-31,gold_usd_per_troy_ounce_lag_6,,,sarimax,sarimax_10y,lag_6m,6,commodities,long_h7_h12
sarimax,10,10,2025-03-31,china_refined_copper_production_ton_lag_3,,,sarimax,sarimax_10y,lag_3m,3,china,long_h7_h12
sarimax,10,10,2025-03-31,silver_usd_per_troy_ounce_lag_1,,,sarimax,sarimax_10y,lag_1m,1,commodities,long_h7_h12
sarimax,10,10,2025-04-30,gold_usd_per_troy_ounce_lag_3,,,sarimax,sarimax_10y,lag_3m,3,commodities,long_h7_h12
sarimax,10,10,2025-04-30,gold_usd_per_troy_ounce_lag_1,,,sarimax,sarimax_10y,lag_1m,1,commodities,long_h7_h12
sarimax,10,10,2025-04-30,gold_usd_per_troy_ounce_lag_6,,,sarimax,sarimax_10y,lag_6m,6,commodities,long_h7_h12
sarimax,10,10,2025-04-30,china_refined_copper_production_ton_lag_3,,,sarimax,sarimax_10y,lag_3m,3,china,long_h7_h12
sarimax,10,10,2025-04-30,silver_usd_per_troy_ounce_lag_1,,,sarimax,sarimax_10y,lag_1m,1,commodities,long_h7_h12
sarimax,10,10,2025-05-31,gold_usd_per_troy_ounce_lag_3,,,sarimax,sarimax_10y,lag_3m,3,commodities,long_h7_h12
sarimax,10,10,2025-05-31,gold_usd_per_troy_ounce_lag_1,,,sarimax,sarimax_10y,lag_1m,1,commodities,long_h7_h12
sarimax,10,10,2025-05-31,gold_usd_per_troy_ounce_lag_6,,,sarimax,sarimax_10y,lag_6m,6,commodities,long_h7_h12
sarimax,10,10,2025-05-31,china_refined_copper_production_ton_lag_3,,,sarimax,sarimax_10y,lag_3m,3,china,long_h7_h12
sarimax,10,10,2025-05-31,silver_usd_per_troy_ounce_lag_1,,,sarimax,sarimax_10y,lag_1m,1,commodities,long_h7_h12
sarimax,10,10,2025-06-30,gold_usd_per_troy_ounce_lag_3,,,sarimax,sarimax_10y,lag_3m,3,commodities,long_h7_h12
sarimax,10,10,2025-06-30,gold_usd_per_troy_ounce_lag_1,,,sarimax,sarimax_10y,lag_1m,1,commodities,long_h7_h12
sarimax,10,10,2025-06-30,gold_usd_per_troy_ounce_lag_6,,,sarimax,sarimax_10y,lag_6m,6,commodities,long_h7_h12
sarimax,10,10,2025-06-30,china_refined_copper_production_ton_lag_3,,,sarimax,sarimax_10y,lag_3m,3,china,long_h7_h12
sarimax,10,10,2025-06-30,silver_usd_per_troy_ounce_lag_1,,,sarimax,sarimax_10y,lag_1m,1,commodities,long_h7_h12
sarimax,10,10,2025-07-31,gold_usd_per_troy_ounce_lag_3,,,sarimax,sarimax_10y,lag_3m,3,commodities,long_h7_h12
sarimax,10,10,2025-07-31,gold_usd_per_troy_ounce_lag_6,,,sarimax,sarimax_10y,lag_6m,6,commodities,long_h7_h12
sarimax,10,10,2025-07-31,gold_usd_per_troy_ounce_lag_1,,,sarimax,sarimax_10y,lag_1m,1,commodities,long_h7_h12
sarimax,10,10,2025-07-31,silver_usd_per_troy_ounce_lag_1,,,sarimax,sarimax_10y,lag_1m,1,commodities,long_h7_h12
sarimax,10,10,2025-07-31,china_refined_copper_production_ton_lag_3,,,sarimax,sarimax_10y,lag_3m,3,china,long_h7_h12
sarimax,10,10,2025-08-31,gold_usd_per_troy_ounce_lag_3,,,sarimax,sarimax_10y,lag_3m,3,commodities,long_h7_h12
sarimax,10,10,2025-08-31,gold_usd_per_troy_ounce_lag_6,,,sarimax,sarimax_10y,lag_6m,6,commodities,long_h7_h12
sarimax,10,10,2025-08-31,gold_usd_per_troy_ounce_lag_1,,,sarimax,sarimax_10y,lag_1m,1,commodities,long_h7_h12
sarimax,10,10,2025-08-31,silver_usd_per_troy_ounce_lag_1,,,sarimax,sarimax_10y,lag_1m,1,commodities,long_h7_h12
sarimax,10,10,2025-08-31,china_refined_copper_production_ton_lag_3,,,sarimax,sarimax_10y,lag_3m,3,china,long_h7_h12
sarimax,10,10,2025-09-30,gold_usd_per_troy_ounce_lag_3,,,sarimax,sarimax_10y,lag_3m,3,commodities,long_h7_h12
sarimax,10,10,2025-09-30,gold_usd_per_troy_ounce_lag_6,,,sarimax,sarimax_10y,lag_6m,6,commodities,long_h7_h12
sarimax,10,10,2025-09-30,silver_usd_per_troy_ounce_lag_1,,,sarimax,sarimax_10y,lag_1m,1,commodities,long_h7_h12
sarimax,10,10,2025-09-30,gold_usd_per_troy_ounce_lag_1,,,sarimax,sarimax_10y,lag_1m,1,commodities,long_h7_h12
sarimax,10,10,2025-09-30,china_refined_copper_production_ton_lag_3,,,sarimax,sarimax_10y,lag_3m,3,china,long_h7_h12
sarimax,10,10,2025-10-31,gold_usd_per_troy_ounce_lag_3,,,sarimax,sarimax_10y,lag_3m,3,commodities,long_h7_h12
sarimax,10,10,2025-10-31,gold_usd_per_troy_ounce_lag_6,,,sarimax,sarimax_10y,lag_6m,6,commodities,long_h7_h12
sarimax,10,10,2025-10-31,silver_usd_per_troy_ounce_lag_1,,,sarimax,sarimax_10y,lag_1m,1,commodities,long_h7_h12
sarimax,10,10,2025-10-31,gold_usd_per_troy_ounce_lag_1,,,sarimax,sarimax_10y,lag_1m,1,commodities,long_h7_h12
sarimax,10,10,2025-10-31,china_refined_copper_production_ton_lag_3,,,sarimax,sarimax_10y,lag_3m,3,china,long_h7_h12
ridge,10,11,2025-01-31,gold_usd_per_troy_ounce_lag_1,182.0285387772701,182.0285387772701,linear,ridge_10y,lag_1m,1,commodities,long_h7_h12
ridge,10,11,2025-01-31,gold_usd_per_troy_ounce_lag_3,144.41508608537669,144.41508608537669,linear,ridge_10y,lag_3m,3,commodities,long_h7_h12
ridge,10,11,2025-01-31,china_refined_copper_production_ton_lag_1,126.29500845163072,126.29500845163072,linear,ridge_10y,lag_1m,1,china,long_h7_h12
ridge,10,11,2025-01-31,gold_usd_per_troy_ounce_lag_6,102.50334857583113,102.50334857583113,linear,ridge_10y,lag_6m,6,commodities,long_h7_h12
ridge,10,11,2025-01-31,china_refined_copper_production_ton_lag_3,61.81309787235985,61.81309787235985,linear,ridge_10y,lag_3m,3,china,long_h7_h12
ridge,10,11,2025-01-31,origin_usa_nasdaq_composite,99.32051881144758,99.32051881144758,linear,ridge_10y,current_origin,0,equities_indices,long_h7_h12
ridge,10,11,2025-01-31,usd_cdf_lag_1,105.82343239556184,105.82343239556184,linear,ridge_10y,lag_1m,1,global_macro,long_h7_h12
ridge,10,11,2025-01-31,iron_ore_usd_per_dmtu_lag_1,86.27625120247492,86.27625120247492,linear,ridge_10y,lag_1m,1,commodities,long_h7_h12
ridge,10,11,2025-01-31,silver_usd_per_troy_ounce_lag_1,126.94209023219356,126.94209023219356,linear,ridge_10y,lag_1m,1,commodities,long_h7_h12
ridge,10,11,2025-01-31,usd_inr_lag_12,-24.39979311307838,24.39979311307838,linear,ridge_10y,lag_12m,12,macro_fred,long_h7_h12
ridge,10,11,2025-01-31,usd_inr_lag_6,14.412056358292732,14.412056358292732,linear,ridge_10y,lag_6m,6,macro_fred,long_h7_h12
ridge,10,11,2025-01-31,origin_hong_kong_hang_seng_zijin_mining,22.37523983975625,22.37523983975625,linear,ridge_10y,current_origin,0,equities_companies,long_h7_h12
ridge,10,11,2025-01-31,usd_inr_lag_3,60.09932524722312,60.09932524722312,linear,ridge_10y,lag_3m,3,macro_fred,long_h7_h12
ridge,10,11,2025-01-31,iron_ore_usd_per_dmtu_lag_3,12.59716249064459,12.59716249064459,linear,ridge_10y,lag_3m,3,commodities,long_h7_h12
ridge,10,11,2025-01-31,japan_industrial_production_lag_6,-178.2430800155079,178.2430800155079,linear,ridge_10y,lag_6m,6,global_macro,long_h7_h12
ridge,10,11,2025-01-31,china_refined_copper_production_ton_lag_6,60.47631397736168,60.47631397736168,linear,ridge_10y,lag_6m,6,china,long_h7_h12
ridge,10,11,2025-01-31,lead_stock_ton_lag_12,-59.20631163889337,59.20631163889337,linear,ridge_10y,lag_12m,12,other_metals,long_h7_h12
ridge,10,11,2025-01-31,origin_turkey_bist100,-53.968719597542425,53.968719597542425,linear,ridge_10y,current_origin,0,equities_indices,long_h7_h12
ridge,10,11,2025-01-31,origin_australia_asx200_rio_tinto,85.42035337559393,85.42035337559393,linear,ridge_10y,current_origin,0,equities_companies,long_h7_h12
ridge,10,11,2025-01-31,peru_industrial_electricity_tariff_index_lag_3,85.44514876426342,85.44514876426342,linear,ridge_10y,lag_3m,3,peru_cost_drivers,long_h7_h12
ridge,10,11,2025-02-28,gold_usd_per_troy_ounce_lag_1,183.1221374113151,183.1221374113151,linear,ridge_10y,lag_1m,1,commodities,long_h7_h12
ridge,10,11,2025-02-28,gold_usd_per_troy_ounce_lag_3,139.7074852202557,139.7074852202557,linear,ridge_10y,lag_3m,3,commodities,long_h7_h12
ridge,10,11,2025-02-28,china_refined_copper_production_ton_lag_1,130.4494602320888,130.4494602320888,linear,ridge_10y,lag_1m,1,china,long_h7_h12
ridge,10,11,2025-02-28,gold_usd_per_troy_ounce_lag_6,101.34375057510286,101.34375057510286,linear,ridge_10y,lag_6m,6,commodities,long_h7_h12
ridge,10,11,2025-02-28,china_refined_copper_production_ton_lag_3,63.47990286535726,63.47990286535726,linear,ridge_10y,lag_3m,3,china,long_h7_h12
ridge,10,11,2025-02-28,origin_usa_nasdaq_composite,84.37096872142011,84.37096872142011,linear,ridge_10y,current_origin,0,equities_indices,long_h7_h12
ridge,10,11,2025-02-28,usd_cdf_lag_1,113.36155689894916,113.36155689894916,linear,ridge_10y,lag_1m,1,global_macro,long_h7_h12
ridge,10,11,2025-02-28,iron_ore_usd_per_dmtu_lag_1,92.75221196253835,92.75221196253835,linear,ridge_10y,lag_1m,1,commodities,long_h7_h12
ridge,10,11,2025-02-28,silver_usd_per_troy_ounce_lag_1,128.44360656787552,128.44360656787552,linear,ridge_10y,lag_1m,1,commodities,long_h7_h12
ridge,10,11,2025-02-28,usd_inr_lag_12,-25.742351450236512,25.742351450236512,linear,ridge_10y,lag_12m,12,macro_fred,long_h7_h12
ridge,10,11,2025-02-28,usd_inr_lag_6,20.32963686876573,20.32963686876573,linear,ridge_10y,lag_6m,6,macro_fred,long_h7_h12
ridge,10,11,2025-02-28,usd_inr_lag_3,65.07865665374786,65.07865665374786,linear,ridge_10y,lag_3m,3,macro_fred,long_h7_h12
ridge,10,11,2025-02-28,japan_industrial_production_lag_6,-179.7101135875251,179.7101135875251,linear,ridge_10y,lag_6m,6,global_macro,long_h7_h12
ridge,10,11,2025-02-28,china_refined_copper_production_ton_lag_6,62.38436383628562,62.38436383628562,linear,ridge_10y,lag_6m,6,china,long_h7_h12
ridge,10,11,2025-02-28,iron_ore_usd_per_dmtu_lag_3,17.73113623363689,17.73113623363689,linear,ridge_10y,lag_3m,3,commodities,long_h7_h12
ridge,10,11,2025-02-28,origin_hong_kong_hang_seng_zijin_mining,15.017838694488756,15.017838694488756,linear,ridge_10y,current_origin,0,equities_companies,long_h7_h12
ridge,10,11,2025-02-28,lead_stock_ton_lag_12,-62.590811097326565,62.590811097326565,linear,ridge_10y,lag_12m,12,other_metals,long_h7_h12
ridge,10,11,2025-02-28,origin_turkey_bist100,-56.5760957245449,56.5760957245449,linear,ridge_10y,current_origin,0,equities_indices,long_h7_h12
ridge,10,11,2025-02-28,peru_industrial_electricity_tariff_index_lag_3,91.52985728805986,91.52985728805986,linear,ridge_10y,lag_3m,3,peru_cost_drivers,long_h7_h12
ridge,10,11,2025-02-28,origin_australia_asx200_rio_tinto,72.62088258700948,72.62088258700948,linear,ridge_10y,current_origin,0,equities_companies,long_h7_h12
ridge,10,11,2025-03-31,gold_usd_per_troy_ounce_lag_1,175.88660413712796,175.88660413712796,linear,ridge_10y,lag_1m,1,commodities,long_h7_h12
ridge,10,11,2025-03-31,gold_usd_per_troy_ounce_lag_3,140.53084385914292,140.53084385914292,linear,ridge_10y,lag_3m,3,commodities,long_h7_h12
ridge,10,11,2025-03-31,china_refined_copper_production_ton_lag_1,135.69364244554654,135.69364244554654,linear,ridge_10y,lag_1m,1,china,long_h7_h12
ridge,10,11,2025-03-31,gold_usd_per_troy_ounce_lag_6,100.03792803122556,100.03792803122556,linear,ridge_10y,lag_6m,6,commodities,long_h7_h12
ridge,10,11,2025-03-31,china_refined_copper_production_ton_lag_3,67.20542113133527,67.20542113133527,linear,ridge_10y,lag_3m,3,china,long_h7_h12
ridge,10,11,2025-03-31,origin_usa_nasdaq_composite,74.50578654112435,74.50578654112435,linear,ridge_10y,current_origin,0,equities_indices,long_h7_h12
ridge,10,11,2025-03-31,usd_cdf_lag_1,96.45573017432132,96.45573017432132,linear,ridge_10y,lag_1m,1,global_macro,long_h7_h12
ridge,10,11,2025-03-31,silver_usd_per_troy_ounce_lag_1,128.9976814160506,128.9976814160506,linear,ridge_10y,lag_1m,1,commodities,long_h7_h12
ridge,10,11,2025-03-31,iron_ore_usd_per_dmtu_lag_1,90.66881938156511,90.66881938156511,linear,ridge_10y,lag_1m,1,commodities,long_h7_h12
ridge,10,11,2025-03-31,usd_inr_lag_6,27.62535235033377,27.62535235033377,linear,ridge_10y,lag_6m,6,macro_fred,long_h7_h12
ridge,10,11,2025-03-31,usd_inr_lag_12,-18.193871155829868,18.193871155829868,linear,ridge_10y,lag_12m,12,macro_fred,long_h7_h12
ridge,10,11,2025-03-31,usd_inr_lag_3,71.48973819247549,71.48973819247549,linear,ridge_10y,lag_3m,3,macro_fred,long_h7_h12
ridge,10,11,2025-03-31,china_refined_copper_production_ton_lag_6,67.2537547943151,67.2537547943151,linear,ridge_10y,lag_6m,6,china,long_h7_h12
ridge,10,11,2025-03-31,japan_industrial_production_lag_6,-182.050937353102,182.050937353102,linear,ridge_10y,lag_6m,6,global_macro,long_h7_h12
ridge,10,11,2025-03-31,iron_ore_usd_per_dmtu_lag_3,25.380625252382597,25.380625252382597,linear,ridge_10y,lag_3m,3,commodities,long_h7_h12
ridge,10,11,2025-03-31,lead_stock_ton_lag_12,-66.1552310305437,66.1552310305437,linear,ridge_10y,lag_12m,12,other_metals,long_h7_h12
ridge,10,11,2025-03-31,origin_hong_kong_hang_seng_zijin_mining,9.296980854262216,9.296980854262216,linear,ridge_10y,current_origin,0,equities_companies,long_h7_h12
ridge,10,11,2025-03-31,origin_turkey_bist100,-57.1006263372617,57.1006263372617,linear,ridge_10y,current_origin,0,equities_indices,long_h7_h12
ridge,10,11,2025-03-31,origin_australia_asx200_rio_tinto,67.44378100725501,67.44378100725501,linear,ridge_10y,current_origin,0,equities_companies,long_h7_h12
ridge,10,11,2025-03-31,peru_industrial_electricity_tariff_index_lag_3,98.95834290418732,98.95834290418732,linear,ridge_10y,lag_3m,3,peru_cost_drivers,long_h7_h12
ridge,10,11,2025-04-30,gold_usd_per_troy_ounce_lag_1,177.66709473391077,177.66709473391077,linear,ridge_10y,lag_1m,1,commodities,long_h7_h12
ridge,10,11,2025-04-30,gold_usd_per_troy_ounce_lag_3,158.57376092662432,158.57376092662432,linear,ridge_10y,lag_3m,3,commodities,long_h7_h12
ridge,10,11,2025-04-30,gold_usd_per_troy_ounce_lag_6,111.9863221131519,111.9863221131519,linear,ridge_10y,lag_6m,6,commodities,long_h7_h12
ridge,10,11,2025-04-30,china_refined_copper_production_ton_lag_1,128.5963875438105,128.5963875438105,linear,ridge_10y,lag_1m,1,china,long_h7_h12
ridge,10,11,2025-04-30,china_refined_copper_production_ton_lag_3,94.377122079305,94.377122079305,linear,ridge_10y,lag_3m,3,china,long_h7_h12
ridge,10,11,2025-04-30,silver_usd_per_troy_ounce_lag_1,128.54809116216975,128.54809116216975,linear,ridge_10y,lag_1m,1,commodities,long_h7_h12
ridge,10,11,2025-04-30,origin_usa_nasdaq_composite,81.40707759998084,81.40707759998084,linear,ridge_10y,current_origin,0,equities_indices,long_h7_h12
ridge,10,11,2025-04-30,turkey_cpi_index_lag_3,-32.2931378112038,32.2931378112038,linear,ridge_10y,lag_3m,3,turkey,long_h7_h12
ridge,10,11,2025-04-30,usd_inr_lag_6,44.371061312256096,44.371061312256096,linear,ridge_10y,lag_6m,6,macro_fred,long_h7_h12
ridge,10,11,2025-04-30,iron_ore_usd_per_dmtu_lag_1,99.67456460408845,99.67456460408845,linear,ridge_10y,lag_1m,1,commodities,long_h7_h12
ridge,10,11,2025-04-30,usd_inr_lag_12,-15.593555155893634,15.593555155893634,linear,ridge_10y,lag_12m,12,macro_fred,long_h7_h12
ridge,10,11,2025-04-30,japan_industrial_production_lag_6,-180.37372603744356,180.37372603744356,linear,ridge_10y,lag_6m,6,global_macro,long_h7_h12
ridge,10,11,2025-04-30,usd_inr_lag_3,100.19177848627643,100.19177848627643,linear,ridge_10y,lag_3m,3,macro_fred,long_h7_h12
ridge,10,11,2025-04-30,china_refined_copper_production_ton_lag_6,76.87586764291582,76.87586764291582,linear,ridge_10y,lag_6m,6,china,long_h7_h12
ridge,10,11,2025-04-30,lead_stock_ton_lag_12,-72.95322395285537,72.95322395285537,linear,ridge_10y,lag_12m,12,other_metals,long_h7_h12
ridge,10,11,2025-04-30,iron_ore_usd_per_dmtu_lag_3,44.35279719708972,44.35279719708972,linear,ridge_10y,lag_3m,3,commodities,long_h7_h12
ridge,10,11,2025-04-30,origin_hong_kong_hang_seng_zijin_mining,16.16394498648283,16.16394498648283,linear,ridge_10y,current_origin,0,equities_companies,long_h7_h12
ridge,10,11,2025-04-30,origin_turkey_bist100,-54.81712997480103,54.81712997480103,linear,ridge_10y,current_origin,0,equities_indices,long_h7_h12
ridge,10,11,2025-04-30,origin_australia_asx200_rio_tinto,82.35665715855983,82.35665715855983,linear,ridge_10y,current_origin,0,equities_companies,long_h7_h12
ridge,10,11,2025-04-30,nickel_stock_ton_lag_12,-29.130455131689487,29.130455131689487,linear,ridge_10y,lag_12m,12,other_metals,long_h7_h12
ridge,10,11,2025-05-31,gold_usd_per_troy_ounce_lag_3,156.4530354599255,156.4530354599255,linear,ridge_10y,lag_3m,3,commodities,long_h7_h12
ridge,10,11,2025-05-31,gold_usd_per_troy_ounce_lag_1,169.6374584942596,169.6374584942596,linear,ridge_10y,lag_1m,1,commodities,long_h7_h12
ridge,10,11,2025-05-31,gold_usd_per_troy_ounce_lag_6,113.5768921868682,113.5768921868682,linear,ridge_10y,lag_6m,6,commodities,long_h7_h12
ridge,10,11,2025-05-31,china_refined_copper_production_ton_lag_3,96.9128329637399,96.9128329637399,linear,ridge_10y,lag_3m,3,china,long_h7_h12
ridge,10,11,2025-05-31,china_refined_copper_production_ton_lag_1,122.65014445078342,122.65014445078342,linear,ridge_10y,lag_1m,1,china,long_h7_h12
ridge,10,11,2025-05-31,silver_usd_per_troy_ounce_lag_1,123.9124846046604,123.9124846046604,linear,ridge_10y,lag_1m,1,commodities,long_h7_h12
ridge,10,11,2025-05-31,origin_usa_nasdaq_composite,76.28598774483278,76.28598774483278,linear,ridge_10y,current_origin,0,equities_indices,long_h7_h12
ridge,10,11,2025-05-31,turkey_cpi_index_lag_3,-37.32924734235351,37.32924734235351,linear,ridge_10y,lag_3m,3,turkey,long_h7_h12
ridge,10,11,2025-05-31,usd_inr_lag_6,52.43669658221494,52.43669658221494,linear,ridge_10y,lag_6m,6,macro_fred,long_h7_h12
ridge,10,11,2025-05-31,usd_inr_lag_12,-10.456738660490055,10.456738660490055,linear,ridge_10y,lag_12m,12,macro_fred,long_h7_h12
ridge,10,11,2025-05-31,japan_industrial_production_lag_6,-185.7206120926768,185.7206120926768,linear,ridge_10y,lag_6m,6,global_macro,long_h7_h12
ridge,10,11,2025-05-31,china_refined_copper_production_ton_lag_6,76.24334105682698,76.24334105682698,linear,ridge_10y,lag_6m,6,china,long_h7_h12
ridge,10,11,2025-05-31,iron_ore_usd_per_dmtu_lag_1,100.42655211259996,100.42655211259996,linear,ridge_10y,lag_1m,1,commodities,long_h7_h12
ridge,10,11,2025-05-31,lead_stock_ton_lag_12,-77.65805535333806,77.65805535333806,linear,ridge_10y,lag_12m,12,other_metals,long_h7_h12
ridge,10,11,2025-05-31,usd_inr_lag_3,92.94061764578738,92.94061764578738,linear,ridge_10y,lag_3m,3,macro_fred,long_h7_h12
ridge,10,11,2025-05-31,iron_ore_usd_per_dmtu_lag_3,49.53160059401995,49.53160059401995,linear,ridge_10y,lag_3m,3,commodities,long_h7_h12
ridge,10,11,2025-05-31,origin_hong_kong_hang_seng_zijin_mining,16.211107258235973,16.211107258235973,linear,ridge_10y,current_origin,0,equities_companies,long_h7_h12
ridge,10,11,2025-05-31,origin_turkey_bist100,-57.479066678494846,57.479066678494846,linear,ridge_10y,current_origin,0,equities_indices,long_h7_h12
ridge,10,11,2025-05-31,nickel_stock_ton_lag_12,-35.82268705510357,35.82268705510357,linear,ridge_10y,lag_12m,12,other_metals,long_h7_h12
ridge,10,11,2025-05-31,origin_australia_asx200_rio_tinto,80.81682625313046,80.81682625313046,linear,ridge_10y,current_origin,0,equities_companies,long_h7_h12
ridge,10,11,2025-06-30,gold_usd_per_troy_ounce_lag_3,142.21326093102297,142.21326093102297,linear,ridge_10y,lag_3m,3,commodities,long_h7_h12
ridge,10,11,2025-06-30,gold_usd_per_troy_ounce_lag_1,149.5305330219562,149.5305330219562,linear,ridge_10y,lag_1m,1,commodities,long_h7_h12
ridge,10,11,2025-06-30,gold_usd_per_troy_ounce_lag_6,112.54606567686407,112.54606567686407,linear,ridge_10y,lag_6m,6,commodities,long_h7_h12
ridge,10,11,2025-06-30,china_refined_copper_production_ton_lag_3,97.03032740573434,97.03032740573434,linear,ridge_10y,lag_3m,3,china,long_h7_h12
ridge,10,11,2025-06-30,china_refined_copper_production_ton_lag_1,116.36195907180654,116.36195907180654,linear,ridge_10y,lag_1m,1,china,long_h7_h12
ridge,10,11,2025-06-30,silver_usd_per_troy_ounce_lag_1,107.35610234592588,107.35610234592588,linear,ridge_10y,lag_1m,1,commodities,long_h7_h12
ridge,10,11,2025-06-30,origin_usa_nasdaq_composite,73.1925593303404,73.1925593303404,linear,ridge_10y,current_origin,0,equities_indices,long_h7_h12
ridge,10,11,2025-06-30,usd_inr_lag_6,59.34460047622744,59.34460047622744,linear,ridge_10y,lag_6m,6,macro_fred,long_h7_h12
ridge,10,11,2025-06-30,usd_inr_lag_12,-5.777372900383681,5.777372900383681,linear,ridge_10y,lag_12m,12,macro_fred,long_h7_h12
ridge,10,11,2025-06-30,turkey_cpi_index_lag_3,-36.55733149721011,36.55733149721011,linear,ridge_10y,lag_3m,3,turkey,long_h7_h12
ridge,10,11,2025-06-30,japan_industrial_production_lag_6,-159.23345444798292,159.23345444798292,linear,ridge_10y,lag_6m,6,global_macro,long_h7_h12
ridge,10,11,2025-06-30,china_refined_copper_production_ton_lag_6,91.73557703444187,91.73557703444187,linear,ridge_10y,lag_6m,6,china,long_h7_h12
ridge,10,11,2025-06-30,origin_hong_kong_hang_seng_zijin_mining,19.79895189404466,19.79895189404466,linear,ridge_10y,current_origin,0,equities_companies,long_h7_h12
ridge,10,11,2025-06-30,lead_stock_ton_lag_12,-74.92599588608167,74.92599588608167,linear,ridge_10y,lag_12m,12,other_metals,long_h7_h12
ridge,10,11,2025-06-30,usd_inr_lag_3,79.28418313397259,79.28418313397259,linear,ridge_10y,lag_3m,3,macro_fred,long_h7_h12
ridge,10,11,2025-06-30,iron_ore_usd_per_dmtu_lag_1,112.60134118967972,112.60134118967972,linear,ridge_10y,lag_1m,1,commodities,long_h7_h12
ridge,10,11,2025-06-30,japan_industrial_production_lag_3,-165.5147164048709,165.5147164048709,linear,ridge_10y,lag_3m,3,global_macro,long_h7_h12
ridge,10,11,2025-06-30,nickel_stock_ton_lag_12,-33.01886711105586,33.01886711105586,linear,ridge_10y,lag_12m,12,other_metals,long_h7_h12
ridge,10,11,2025-06-30,iron_ore_usd_per_dmtu_lag_3,60.35922665385378,60.35922665385378,linear,ridge_10y,lag_3m,3,commodities,long_h7_h12
ridge,10,11,2025-06-30,origin_turkey_bist100,-53.59477917136507,53.59477917136507,linear,ridge_10y,current_origin,0,equities_indices,long_h7_h12
ridge,10,11,2025-07-31,gold_usd_per_troy_ounce_lag_3,139.3226452339605,139.3226452339605,linear,ridge_10y,lag_3m,3,commodities,long_h7_h12
ridge,10,11,2025-07-31,gold_usd_per_troy_ounce_lag_1,151.35846686125834,151.35846686125834,linear,ridge_10y,lag_1m,1,commodities,long_h7_h12
ridge,10,11,2025-07-31,gold_usd_per_troy_ounce_lag_6,130.0551457469814,130.0551457469814,linear,ridge_10y,lag_6m,6,commodities,long_h7_h12
ridge,10,11,2025-07-31,china_refined_copper_production_ton_lag_3,89.48607286817726,89.48607286817726,linear,ridge_10y,lag_3m,3,china,long_h7_h12
ridge,10,11,2025-07-31,silver_usd_per_troy_ounce_lag_1,117.50229958931102,117.50229958931102,linear,ridge_10y,lag_1m,1,commodities,long_h7_h12
ridge,10,11,2025-07-31,china_refined_copper_production_ton_lag_1,103.64158323172482,103.64158323172482,linear,ridge_10y,lag_1m,1,china,long_h7_h12
ridge,10,11,2025-07-31,usd_inr_lag_6,75.4028029778215,75.4028029778215,linear,ridge_10y,lag_6m,6,macro_fred,long_h7_h12
ridge,10,11,2025-07-31,origin_usa_nasdaq_composite,84.69383731257186,84.69383731257186,linear,ridge_10y,current_origin,0,equities_indices,long_h7_h12
ridge,10,11,2025-07-31,usd_inr_lag_12,10.319546636644146,10.319546636644146,linear,ridge_10y,lag_12m,12,macro_fred,long_h7_h12
ridge,10,11,2025-07-31,japan_industrial_production_lag_6,-159.42808547343947,159.42808547343947,linear,ridge_10y,lag_6m,6,global_macro,long_h7_h12
ridge,10,11,2025-07-31,turkey_cpi_index_lag_3,-46.921212819887785,46.921212819887785,linear,ridge_10y,lag_3m,3,turkey,long_h7_h12
ridge,10,11,2025-07-31,origin_hong_kong_hang_seng_zijin_mining,26.16246676076074,26.16246676076074,linear,ridge_10y,current_origin,0,equities_companies,long_h7_h12
ridge,10,11,2025-07-31,china_refined_copper_production_ton_lag_6,108.75907075941568,108.75907075941568,linear,ridge_10y,lag_6m,6,china,long_h7_h12
ridge,10,11,2025-07-31,japan_industrial_production_lag_3,-168.2058406703723,168.2058406703723,linear,ridge_10y,lag_3m,3,global_macro,long_h7_h12
ridge,10,11,2025-07-31,lead_stock_ton_lag_12,-91.51531603269588,91.51531603269588,linear,ridge_10y,lag_12m,12,other_metals,long_h7_h12
ridge,10,11,2025-07-31,nickel_stock_ton_lag_12,-48.99577580481705,48.99577580481705,linear,ridge_10y,lag_12m,12,other_metals,long_h7_h12
ridge,10,11,2025-07-31,usd_inr_lag_3,73.61208167115863,73.61208167115863,linear,ridge_10y,lag_3m,3,macro_fred,long_h7_h12
ridge,10,11,2025-07-31,japan_cpi_lag_12,-37.62765064351243,37.62765064351243,linear,ridge_10y,lag_12m,12,global_macro,long_h7_h12
ridge,10,11,2025-07-31,origin_turkey_bist100,-67.31009076790684,67.31009076790684,linear,ridge_10y,current_origin,0,equities_indices,long_h7_h12
ridge,10,11,2025-07-31,silver_usd_per_troy_ounce_lag_3,91.40581335321356,91.40581335321356,linear,ridge_10y,lag_3m,3,commodities,long_h7_h12
ridge,10,11,2025-08-31,gold_usd_per_troy_ounce_lag_3,121.44839697528208,121.44839697528208,linear,ridge_10y,lag_3m,3,commodities,long_h7_h12
ridge,10,11,2025-08-31,gold_usd_per_troy_ounce_lag_1,125.21004956792196,125.21004956792196,linear,ridge_10y,lag_1m,1,commodities,long_h7_h12
ridge,10,11,2025-08-31,gold_usd_per_troy_ounce_lag_6,125.19666442978374,125.19666442978374,linear,ridge_10y,lag_6m,6,commodities,long_h7_h12
ridge,10,11,2025-08-31,silver_usd_per_troy_ounce_lag_1,117.81888684685435,117.81888684685435,linear,ridge_10y,lag_1m,1,commodities,long_h7_h12
ridge,10,11,2025-08-31,china_refined_copper_production_ton_lag_3,71.99566750568769,71.99566750568769,linear,ridge_10y,lag_3m,3,china,long_h7_h12
ridge,10,11,2025-08-31,china_refined_copper_production_ton_lag_1,95.57669913206608,95.57669913206608,linear,ridge_10y,lag_1m,1,china,long_h7_h12
ridge,10,11,2025-08-31,usd_inr_lag_12,11.54832297416311,11.54832297416311,linear,ridge_10y,lag_12m,12,macro_fred,long_h7_h12
ridge,10,11,2025-08-31,japan_industrial_production_lag_6,-146.95821874944664,146.95821874944664,linear,ridge_10y,lag_6m,6,global_macro,long_h7_h12
ridge,10,11,2025-08-31,origin_usa_nasdaq_composite,74.70689407310466,74.70689407310466,linear,ridge_10y,current_origin,0,equities_indices,long_h7_h12
ridge,10,11,2025-08-31,usd_inr_lag_6,60.10301396884277,60.10301396884277,linear,ridge_10y,lag_6m,6,macro_fred,long_h7_h12
ridge,10,11,2025-08-31,japan_industrial_production_lag_3,-135.6054106897215,135.6054106897215,linear,ridge_10y,lag_3m,3,global_macro,long_h7_h12
ridge,10,11,2025-08-31,china_refined_copper_production_ton_lag_6,97.256776844724,97.256776844724,linear,ridge_10y,lag_6m,6,china,long_h7_h12
ridge,10,11,2025-08-31,turkey_cpi_index_lag_3,-61.84678542500352,61.84678542500352,linear,ridge_10y,lag_3m,3,turkey,long_h7_h12
ridge,10,11,2025-08-31,origin_hong_kong_hang_seng_zijin_mining,24.775337696502397,24.775337696502397,linear,ridge_10y,current_origin,0,equities_companies,long_h7_h12
ridge,10,11,2025-08-31,nickel_stock_ton_lag_12,-40.72826842089401,40.72826842089401,linear,ridge_10y,lag_12m,12,other_metals,long_h7_h12
ridge,10,11,2025-08-31,lead_stock_ton_lag_12,-91.1728247141025,91.1728247141025,linear,ridge_10y,lag_12m,12,other_metals,long_h7_h12
ridge,10,11,2025-08-31,japan_cpi_lag_12,-48.31062714644786,48.31062714644786,linear,ridge_10y,lag_12m,12,global_macro,long_h7_h12
ridge,10,11,2025-08-31,silver_usd_per_troy_ounce_lag_3,95.00088071376771,95.00088071376771,linear,ridge_10y,lag_3m,3,commodities,long_h7_h12
ridge,10,11,2025-08-31,usd_inr_lag_3,49.619345826020485,49.619345826020485,linear,ridge_10y,lag_3m,3,macro_fred,long_h7_h12
ridge,10,11,2025-08-31,japan_industrial_production_lag_1,-177.54610691975284,177.54610691975284,linear,ridge_10y,lag_1m,1,global_macro,long_h7_h12
ridge,10,11,2025-09-30,gold_usd_per_troy_ounce_lag_3,118.29934659799883,118.29934659799883,linear,ridge_10y,lag_3m,3,commodities,long_h7_h12
ridge,10,11,2025-09-30,gold_usd_per_troy_ounce_lag_1,118.42456114954167,118.42456114954167,linear,ridge_10y,lag_1m,1,commodities,long_h7_h12
ridge,10,11,2025-09-30,gold_usd_per_troy_ounce_lag_6,122.78618517258523,122.78618517258523,linear,ridge_10y,lag_6m,6,commodities,long_h7_h12
ridge,10,11,2025-09-30,silver_usd_per_troy_ounce_lag_1,106.43236177782036,106.43236177782036,linear,ridge_10y,lag_1m,1,commodities,long_h7_h12
ridge,10,11,2025-09-30,china_refined_copper_production_ton_lag_3,63.61248362928277,63.61248362928277,linear,ridge_10y,lag_3m,3,china,long_h7_h12
ridge,10,11,2025-09-30,china_refined_copper_production_ton_lag_1,82.02296861568662,82.02296861568662,linear,ridge_10y,lag_1m,1,china,long_h7_h12
ridge,10,11,2025-09-30,japan_industrial_production_lag_6,-156.35073184372342,156.35073184372342,linear,ridge_10y,lag_6m,6,global_macro,long_h7_h12
ridge,10,11,2025-09-30,usd_inr_lag_12,9.5086381747906,9.5086381747906,linear,ridge_10y,lag_12m,12,macro_fred,long_h7_h12
ridge,10,11,2025-09-30,japan_industrial_production_lag_3,-146.77833801822769,146.77833801822769,linear,ridge_10y,lag_3m,3,global_macro,long_h7_h12
ridge,10,11,2025-09-30,origin_usa_nasdaq_composite,71.2374844463039,71.2374844463039,linear,ridge_10y,current_origin,0,equities_indices,long_h7_h12
ridge,10,11,2025-09-30,usd_inr_lag_6,62.7438952943213,62.7438952943213,linear,ridge_10y,lag_6m,6,macro_fred,long_h7_h12
ridge,10,11,2025-09-30,china_refined_copper_production_ton_lag_6,79.70024011551273,79.70024011551273,linear,ridge_10y,lag_6m,6,china,long_h7_h12
ridge,10,11,2025-09-30,turkey_ppi_metal_ores_index_lag_3,-61.75143036738546,61.75143036738546,linear,ridge_10y,lag_3m,3,turkey,long_h7_h12
ridge,10,11,2025-09-30,origin_hong_kong_hang_seng_zijin_mining,27.258604543556316,27.258604543556316,linear,ridge_10y,current_origin,0,equities_companies,long_h7_h12
ridge,10,11,2025-09-30,nickel_stock_ton_lag_12,-51.91538703847644,51.91538703847644,linear,ridge_10y,lag_12m,12,other_metals,long_h7_h12
ridge,10,11,2025-09-30,japan_cpi_lag_12,-50.73559161646974,50.73559161646974,linear,ridge_10y,lag_12m,12,global_macro,long_h7_h12
ridge,10,11,2025-09-30,silver_usd_per_troy_ounce_lag_3,87.93882159211769,87.93882159211769,linear,ridge_10y,lag_3m,3,commodities,long_h7_h12
ridge,10,11,2025-09-30,japan_industrial_production_lag_1,-186.60138987438268,186.60138987438268,linear,ridge_10y,lag_1m,1,global_macro,long_h7_h12
ridge,10,11,2025-09-30,dollar_index_lag_12,125.926144136159,125.926144136159,linear,ridge_10y,lag_12m,12,macro_fred,long_h7_h12
ridge,10,11,2025-09-30,usd_inr_lag_3,60.33217325604766,60.33217325604766,linear,ridge_10y,lag_3m,3,macro_fred,long_h7_h12
sarimax,10,12,2025-01-31,gold_usd_per_troy_ounce_lag_1,,,sarimax,sarimax_10y,lag_1m,1,commodities,long_h7_h12
sarimax,10,12,2025-01-31,gold_usd_per_troy_ounce_lag_3,,,sarimax,sarimax_10y,lag_3m,3,commodities,long_h7_h12
sarimax,10,12,2025-01-31,china_refined_copper_production_ton_lag_1,,,sarimax,sarimax_10y,lag_1m,1,china,long_h7_h12
sarimax,10,12,2025-01-31,gold_usd_per_troy_ounce_lag_6,,,sarimax,sarimax_10y,lag_6m,6,commodities,long_h7_h12
sarimax,10,12,2025-01-31,china_refined_copper_production_ton_lag_3,,,sarimax,sarimax_10y,lag_3m,3,china,long_h7_h12
sarimax,10,12,2025-02-28,gold_usd_per_troy_ounce_lag_1,,,sarimax,sarimax_10y,lag_1m,1,commodities,long_h7_h12
sarimax,10,12,2025-02-28,gold_usd_per_troy_ounce_lag_3,,,sarimax,sarimax_10y,lag_3m,3,commodities,long_h7_h12
sarimax,10,12,2025-02-28,china_refined_copper_production_ton_lag_1,,,sarimax,sarimax_10y,lag_1m,1,china,long_h7_h12
sarimax,10,12,2025-02-28,gold_usd_per_troy_ounce_lag_6,,,sarimax,sarimax_10y,lag_6m,6,commodities,long_h7_h12
sarimax,10,12,2025-02-28,china_refined_copper_production_ton_lag_3,,,sarimax,sarimax_10y,lag_3m,3,china,long_h7_h12
sarimax,10,12,2025-03-31,gold_usd_per_troy_ounce_lag_1,,,sarimax,sarimax_10y,lag_1m,1,commodities,long_h7_h12
sarimax,10,12,2025-03-31,gold_usd_per_troy_ounce_lag_3,,,sarimax,sarimax_10y,lag_3m,3,commodities,long_h7_h12
sarimax,10,12,2025-03-31,china_refined_copper_production_ton_lag_1,,,sarimax,sarimax_10y,lag_1m,1,china,long_h7_h12
sarimax,10,12,2025-03-31,gold_usd_per_troy_ounce_lag_6,,,sarimax,sarimax_10y,lag_6m,6,commodities,long_h7_h12
sarimax,10,12,2025-03-31,china_refined_copper_production_ton_lag_3,,,sarimax,sarimax_10y,lag_3m,3,china,long_h7_h12
sarimax,10,12,2025-04-30,gold_usd_per_troy_ounce_lag_1,,,sarimax,sarimax_10y,lag_1m,1,commodities,long_h7_h12
sarimax,10,12,2025-04-30,gold_usd_per_troy_ounce_lag_3,,,sarimax,sarimax_10y,lag_3m,3,commodities,long_h7_h12
sarimax,10,12,2025-04-30,china_refined_copper_production_ton_lag_1,,,sarimax,sarimax_10y,lag_1m,1,china,long_h7_h12
sarimax,10,12,2025-04-30,gold_usd_per_troy_ounce_lag_6,,,sarimax,sarimax_10y,lag_6m,6,commodities,long_h7_h12
sarimax,10,12,2025-04-30,china_refined_copper_production_ton_lag_3,,,sarimax,sarimax_10y,lag_3m,3,china,long_h7_h12
sarimax,10,12,2025-05-31,gold_usd_per_troy_ounce_lag_3,,,sarimax,sarimax_10y,lag_3m,3,commodities,long_h7_h12
sarimax,10,12,2025-05-31,gold_usd_per_troy_ounce_lag_1,,,sarimax,sarimax_10y,lag_1m,1,commodities,long_h7_h12
sarimax,10,12,2025-05-31,china_refined_copper_production_ton_lag_1,,,sarimax,sarimax_10y,lag_1m,1,china,long_h7_h12
sarimax,10,12,2025-05-31,gold_usd_per_troy_ounce_lag_6,,,sarimax,sarimax_10y,lag_6m,6,commodities,long_h7_h12
sarimax,10,12,2025-05-31,china_refined_copper_production_ton_lag_3,,,sarimax,sarimax_10y,lag_3m,3,china,long_h7_h12
sarimax,10,12,2025-06-30,gold_usd_per_troy_ounce_lag_3,,,sarimax,sarimax_10y,lag_3m,3,commodities,long_h7_h12
sarimax,10,12,2025-06-30,gold_usd_per_troy_ounce_lag_1,,,sarimax,sarimax_10y,lag_1m,1,commodities,long_h7_h12
sarimax,10,12,2025-06-30,china_refined_copper_production_ton_lag_1,,,sarimax,sarimax_10y,lag_1m,1,china,long_h7_h12
sarimax,10,12,2025-06-30,gold_usd_per_troy_ounce_lag_6,,,sarimax,sarimax_10y,lag_6m,6,commodities,long_h7_h12
sarimax,10,12,2025-06-30,china_refined_copper_production_ton_lag_3,,,sarimax,sarimax_10y,lag_3m,3,china,long_h7_h12
sarimax,10,12,2025-07-31,gold_usd_per_troy_ounce_lag_3,,,sarimax,sarimax_10y,lag_3m,3,commodities,long_h7_h12
sarimax,10,12,2025-07-31,gold_usd_per_troy_ounce_lag_1,,,sarimax,sarimax_10y,lag_1m,1,commodities,long_h7_h12
sarimax,10,12,2025-07-31,gold_usd_per_troy_ounce_lag_6,,,sarimax,sarimax_10y,lag_6m,6,commodities,long_h7_h12
sarimax,10,12,2025-07-31,china_refined_copper_production_ton_lag_1,,,sarimax,sarimax_10y,lag_1m,1,china,long_h7_h12
sarimax,10,12,2025-07-31,china_refined_copper_production_ton_lag_3,,,sarimax,sarimax_10y,lag_3m,3,china,long_h7_h12
sarimax,10,12,2025-08-31,gold_usd_per_troy_ounce_lag_3,,,sarimax,sarimax_10y,lag_3m,3,commodities,long_h7_h12
sarimax,10,12,2025-08-31,gold_usd_per_troy_ounce_lag_1,,,sarimax,sarimax_10y,lag_1m,1,commodities,long_h7_h12
sarimax,10,12,2025-08-31,gold_usd_per_troy_ounce_lag_6,,,sarimax,sarimax_10y,lag_6m,6,commodities,long_h7_h12
sarimax,10,12,2025-08-31,china_refined_copper_production_ton_lag_1,,,sarimax,sarimax_10y,lag_1m,1,china,long_h7_h12
sarimax,10,12,2025-08-31,japan_industrial_production_lag_3,,,sarimax,sarimax_10y,lag_3m,3,global_macro,long_h7_h12
