model,training_window_years,horizon,origin_date,feature,importance
xgboost_return,5,1,2025-01-31,us_industrial_production_lag_1,0.02735237218439579
xgboost_return,5,1,2025-01-31,uk_ftse100_pct_change_12m,0.12215331941843033
xgboost_return,5,1,2025-01-31,china_fixed_asset_investment_yoy_pct_lag_3,0.11976601928472519
xgboost_return,5,1,2025-01-31,australia_asx200_pct_change_12m,0.07207561284303665
xgboost_return,5,1,2025-01-31,uk_ftse100_lag_1,0.09637369960546494
xgboost_return,5,1,2025-01-31,shfe_open_interest_lots_lag_3,0.09859908372163773
xgboost_return,5,1,2025-01-31,china_fixed_asset_investment_yoy_pct_change_1m,0.0
xgboost_return,5,1,2025-01-31,shfe_open_interest_lots_lag_1,0.15233992040157318
xgboost_return,5,1,2025-01-31,target_rolling_mean_3,0.031156009063124657
xgboost_return,5,1,2025-01-31,euro_area_construction_output_pct_change_12m,0.02881617099046707
xgboost_return,5,1,2025-01-31,aluminum_stock_ton_pct_change_1m,0.07658253610134125
xgboost_return,5,1,2025-01-31,aluminum_cash_usd_per_ton_lag_1,0.1747852861881256
xgboost_return,5,1,2025-02-28,uk_ftse100_pct_change_12m,0.19087345898151398
xgboost_return,5,1,2025-02-28,china_fixed_asset_investment_yoy_pct_lag_3,0.07555747032165527
xgboost_return,5,1,2025-02-28,china_fixed_asset_investment_yoy_pct_change_1m,0.0361093170940876
xgboost_return,5,1,2025-02-28,us_industrial_production_lag_1,0.1046268567442894
xgboost_return,5,1,2025-02-28,target_rolling_mean_3,0.09550531953573227
xgboost_return,5,1,2025-02-28,peru_industrial_electricity_tariff_index_lag_6,0.08118090033531189
xgboost_return,5,1,2025-02-28,target_lag_1,0.09122294187545776
xgboost_return,5,1,2025-02-28,usa_sp500_freeport_mcmoran_lag_1,0.07980126887559891
xgboost_return,5,1,2025-02-28,aluminum_stock_ton_pct_change_1m,0.07162216305732727
xgboost_return,5,1,2025-02-28,euro_area_construction_output_pct_change_12m,0.08136343955993652
xgboost_return,5,1,2025-02-28,germany_dax_aurubis_lag_1,0.051452070474624634
xgboost_return,5,1,2025-02-28,aluminum_cash_usd_per_ton_lag_1,0.04068470746278763
xgboost_return,5,1,2025-03-31,peru_industrial_electricity_tariff_index_lag_6,0.0944104790687561
xgboost_return,5,1,2025-03-31,target_lag_1,0.08402897417545319
xgboost_return,5,1,2025-03-31,usa_sp500_freeport_mcmoran_lag_1,0.06781722605228424
xgboost_return,5,1,2025-03-31,target_rolling_mean_3,0.1163427010178566
xgboost_return,5,1,2025-03-31,turkey_capacity_machinery_percent_lag_1,0.09997773170471191
xgboost_return,5,1,2025-03-31,germany_dax_aurubis_lag_1,0.06480398029088974
xgboost_return,5,1,2025-03-31,china_fixed_asset_investment_yoy_pct_lag_3,0.05719835311174393
xgboost_return,5,1,2025-03-31,canada_tsx_composite_first_quantum_minerals_lag_3,0.06947816908359528
xgboost_return,5,1,2025-03-31,lead_cash_usd_per_ton_lag_1,0.07459264248609543
xgboost_return,5,1,2025-03-31,origin_germany_dax_aurubis,0.09779299795627594
xgboost_return,5,1,2025-03-31,china_fixed_asset_investment_yoy_pct_change_1m,0.027540840208530426
xgboost_return,5,1,2025-03-31,tin_cash_usd_per_ton_lag_3,0.1460159569978714
xgboost_return,5,1,2025-04-30,peru_industrial_electricity_tariff_index_lag_6,0.08833111822605133
xgboost_return,5,1,2025-04-30,target_lag_1,0.07030302286148071
xgboost_return,5,1,2025-04-30,germany_dax_aurubis_lag_1,0.10311877727508545
xgboost_return,5,1,2025-04-30,target_rolling_mean_3,0.03207026794552803
xgboost_return,5,1,2025-04-30,origin_germany_dax_aurubis,0.08280636370182037
xgboost_return,5,1,2025-04-30,usa_sp500_freeport_mcmoran_lag_1,0.09173287451267242
xgboost_return,5,1,2025-04-30,origin_shfe_pre_settlement_cny_per_ton,0.07885036617517471
xgboost_return,5,1,2025-04-30,aluminum_cash_usd_per_ton_lag_1,0.10025820136070251
xgboost_return,5,1,2025-04-30,shfe_settlement_cny_per_ton_lag_1,0.05672891438007355
xgboost_return,5,1,2025-04-30,origin_copper_price_usd_per_ton,0.049049608409404755
xgboost_return,5,1,2025-04-30,origin_usa_sp500_freeport_mcmoran,0.05752880871295929
xgboost_return,5,1,2025-04-30,target_rolling_mean_6,0.18922165036201477
xgboost_return,5,1,2025-05-31,peru_industrial_electricity_tariff_index_lag_6,0.08511148393154144
xgboost_return,5,1,2025-05-31,target_lag_1,0.047076109796762466
xgboost_return,5,1,2025-05-31,origin_germany_dax_aurubis,0.10542157292366028
xgboost_return,5,1,2025-05-31,usa_sp500_freeport_mcmoran_lag_1,0.08291100710630417
xgboost_return,5,1,2025-05-31,germany_dax_aurubis_lag_1,0.05387135222554207
xgboost_return,5,1,2025-05-31,target_rolling_mean_3,0.09163589030504227
xgboost_return,5,1,2025-05-31,origin_usa_sp500_freeport_mcmoran,0.0569562166929245
xgboost_return,5,1,2025-05-31,origin_copper_price_usd_per_ton,0.10133067518472672
xgboost_return,5,1,2025-05-31,turkey_capacity_machinery_percent_lag_1,0.07353626936674118
xgboost_return,5,1,2025-05-31,origin_shfe_pre_settlement_cny_per_ton,0.14521141350269318
xgboost_return,5,1,2025-05-31,aluminum_cash_usd_per_ton_lag_1,0.05126117542386055
xgboost_return,5,1,2025-05-31,canada_tsx_composite_first_quantum_minerals_lag_3,0.10567683726549149
xgboost_return,5,1,2025-06-30,peru_industrial_electricity_tariff_index_lag_6,0.10664810240268707
xgboost_return,5,1,2025-06-30,usa_sp500_freeport_mcmoran_lag_1,0.07773501425981522
xgboost_return,5,1,2025-06-30,target_lag_1,0.1388910412788391
xgboost_return,5,1,2025-06-30,origin_germany_dax_aurubis,0.0690964013338089
xgboost_return,5,1,2025-06-30,germany_dax_aurubis_lag_1,0.039876408874988556
xgboost_return,5,1,2025-06-30,origin_usa_sp500_freeport_mcmoran,0.10007540136575699
xgboost_return,5,1,2025-06-30,target_rolling_mean_3,0.11576060205698013
xgboost_return,5,1,2025-06-30,turkey_capacity_machinery_percent_lag_1,0.04496711865067482
xgboost_return,5,1,2025-06-30,canada_tsx_composite_first_quantum_minerals_lag_3,0.10706979781389236
xgboost_return,5,1,2025-06-30,aluminum_cash_usd_per_ton_lag_1,0.08347006887197495
xgboost_return,5,1,2025-06-30,origin_copper_price_usd_per_ton,0.05889052525162697
xgboost_return,5,1,2025-06-30,origin_lead_cash_usd_per_ton,0.057519569993019104
xgboost_return,5,1,2025-07-31,peru_industrial_electricity_tariff_index_lag_6,0.10851790755987167
xgboost_return,5,1,2025-07-31,target_lag_1,0.08172663301229477
xgboost_return,5,1,2025-07-31,origin_germany_dax_aurubis,0.06843145936727524
xgboost_return,5,1,2025-07-31,usa_sp500_freeport_mcmoran_lag_1,0.054635100066661835
xgboost_return,5,1,2025-07-31,germany_dax_aurubis_lag_1,0.08217120915651321
xgboost_return,5,1,2025-07-31,origin_usa_sp500_freeport_mcmoran,0.09209761768579483
xgboost_return,5,1,2025-07-31,target_rolling_mean_3,0.11303430795669556
xgboost_return,5,1,2025-07-31,aluminum_cash_usd_per_ton_lag_1,0.058240219950675964
xgboost_return,5,1,2025-07-31,origin_copper_price_usd_per_ton,0.08321264386177063
xgboost_return,5,1,2025-07-31,canada_tsx_composite_first_quantum_minerals_lag_3,0.08425464481115341
xgboost_return,5,1,2025-07-31,turkey_capacity_machinery_percent_lag_1,0.05326077714562416
xgboost_return,5,1,2025-07-31,tin_cash_usd_per_ton_lag_3,0.1204175129532814
xgboost_return,5,1,2025-08-31,peru_industrial_electricity_tariff_index_lag_6,0.10722049325704575
xgboost_return,5,1,2025-08-31,target_lag_1,0.14110566675662994
xgboost_return,5,1,2025-08-31,usa_sp500_freeport_mcmoran_lag_1,0.06003836914896965
xgboost_return,5,1,2025-08-31,origin_germany_dax_aurubis,0.07317785173654556
xgboost_return,5,1,2025-08-31,origin_usa_sp500_freeport_mcmoran,0.053306348621845245
xgboost_return,5,1,2025-08-31,target_rolling_mean_3,0.08910607546567917
xgboost_return,5,1,2025-08-31,germany_dax_aurubis_lag_1,0.07684849202632904
xgboost_return,5,1,2025-08-31,origin_copper_price_usd_per_ton,0.07291290909051895
xgboost_return,5,1,2025-08-31,aluminum_cash_usd_per_ton_lag_1,0.04147493466734886
xgboost_return,5,1,2025-08-31,origin_shfe_pre_settlement_cny_per_ton,0.08020283281803131
xgboost_return,5,1,2025-08-31,tin_cash_usd_per_ton_lag_3,0.11040535569190979
xgboost_return,5,1,2025-08-31,germany_exports_lag_3,0.09420064836740494
xgboost_return,5,1,2025-09-30,peru_industrial_electricity_tariff_index_lag_6,0.10643189400434494
xgboost_return,5,1,2025-09-30,target_lag_1,0.08010654896497726
xgboost_return,5,1,2025-09-30,usa_sp500_freeport_mcmoran_lag_1,0.044239532202482224
xgboost_return,5,1,2025-09-30,origin_germany_dax_aurubis,0.07277009636163712
xgboost_return,5,1,2025-09-30,origin_usa_sp500_freeport_mcmoran,0.055968571454286575
xgboost_return,5,1,2025-09-30,target_rolling_mean_3,0.12273067235946655
xgboost_return,5,1,2025-09-30,germany_dax_aurubis_lag_1,0.06030040979385376
xgboost_return,5,1,2025-09-30,origin_copper_price_usd_per_ton,0.06656640022993088
xgboost_return,5,1,2025-09-30,aluminum_cash_usd_per_ton_lag_1,0.07731015235185623
xgboost_return,5,1,2025-09-30,tin_cash_usd_per_ton_lag_3,0.12846609950065613
xgboost_return,5,1,2025-09-30,canada_tsx_composite_first_quantum_minerals_lag_3,0.07733628153800964
xgboost_return,5,1,2025-09-30,origin_shfe_pre_settlement_cny_per_ton,0.10777337104082108
xgboost_return,5,1,2025-10-31,peru_industrial_electricity_tariff_index_lag_6,0.11049368977546692
xgboost_return,5,1,2025-10-31,target_lag_1,0.09196218103170395
xgboost_return,5,1,2025-10-31,usa_sp500_freeport_mcmoran_lag_1,0.07046385109424591
xgboost_return,5,1,2025-10-31,turkey_capacity_machinery_percent_lag_1,0.13807298243045807
xgboost_return,5,1,2025-10-31,china_fixed_asset_investment_yoy_pct_lag_3,0.058883149176836014
xgboost_return,5,1,2025-10-31,turkey_capacity_machinery_percent_lag_3,0.08201750367879868
xgboost_return,5,1,2025-10-31,origin_lead_cash_usd_per_ton,0.06714462488889694
xgboost_return,5,1,2025-10-31,origin_usa_sp500_freeport_mcmoran,0.06366918236017227
xgboost_return,5,1,2025-10-31,canada_tsx_composite_first_quantum_minerals_lag_3,0.07746057957410812
xgboost_return,5,1,2025-10-31,lead_cash_usd_per_ton_lag_1,0.08207240700721741
xgboost_return,5,1,2025-10-31,origin_germany_dax_aurubis,0.08931190520524979
xgboost_return,5,1,2025-10-31,turkey_ppi_metal_ores_index_pct_change_3m,0.06844792515039444
xgboost_return,5,1,2025-11-30,peru_industrial_electricity_tariff_index_lag_6,0.12607689201831818
xgboost_return,5,1,2025-11-30,turkey_ppi_metal_ores_index_pct_change_3m,0.057569120079278946
xgboost_return,5,1,2025-11-30,target_lag_1,0.1277054250240326
xgboost_return,5,1,2025-11-30,usa_sp500_freeport_mcmoran_lag_1,0.05350683256983757
xgboost_return,5,1,2025-11-30,turkey_capacity_machinery_percent_lag_1,0.16010743379592896
xgboost_return,5,1,2025-11-30,origin_lead_cash_usd_per_ton,0.07790303230285645
xgboost_return,5,1,2025-11-30,china_fixed_asset_investment_yoy_pct_lag_3,0.06174805760383606
xgboost_return,5,1,2025-11-30,canada_tsx_composite_first_quantum_minerals_lag_3,0.09133642166852951
xgboost_return,5,1,2025-11-30,turkey_capacity_machinery_percent_lag_3,0.03538918495178223
xgboost_return,5,1,2025-11-30,origin_usa_sp500_freeport_mcmoran,0.06402268260717392
xgboost_return,5,1,2025-11-30,lead_cash_usd_per_ton_lag_1,0.07248617708683014
xgboost_return,5,1,2025-11-30,origin_uk_ftse100_glencore,0.07214882224798203
xgboost_return,5,1,2025-12-31,peru_industrial_electricity_tariff_index_lag_6,0.12900330126285553
xgboost_return,5,1,2025-12-31,turkey_ppi_metal_ores_index_pct_change_3m,0.12281032651662827
xgboost_return,5,1,2025-12-31,turkey_capacity_machinery_percent_lag_1,0.0622219555079937
xgboost_return,5,1,2025-12-31,china_fixed_asset_investment_yoy_pct_lag_3,0.06941372156143188
xgboost_return,5,1,2025-12-31,turkey_capacity_machinery_percent_lag_3,0.0637577697634697
xgboost_return,5,1,2025-12-31,origin_lead_cash_usd_per_ton,0.06888516992330551
xgboost_return,5,1,2025-12-31,lead_cash_usd_per_ton_lag_1,0.06769261509180069
xgboost_return,5,1,2025-12-31,lead_cash_usd_per_ton_lag_3,0.06285887956619263
xgboost_return,5,1,2025-12-31,canada_tsx_composite_first_quantum_minerals_lag_3,0.07158880680799484
xgboost_return,5,1,2025-12-31,aluminum_stock_ton_pct_change_1m,0.10086628049612045
xgboost_return,5,1,2025-12-31,turkey_ppi_nonferrous_metal_ores_index_pct_change_3m,0.08599617332220078
xgboost_return,5,1,2025-12-31,india_industrial_production_lag_6,0.09490504115819931
xgboost_return,5,1,2026-01-31,peru_industrial_electricity_tariff_index_lag_6,0.11142139881849289
xgboost_return,5,1,2026-01-31,turkey_capacity_machinery_percent_lag_1,0.07273032516241074
xgboost_return,5,1,2026-01-31,china_fixed_asset_investment_yoy_pct_lag_3,0.08182143419981003
xgboost_return,5,1,2026-01-31,turkey_capacity_machinery_percent_lag_3,0.09367803484201431
xgboost_return,5,1,2026-01-31,origin_lead_cash_usd_per_ton,0.0776689201593399
xgboost_return,5,1,2026-01-31,lead_cash_usd_per_ton_lag_3,0.08882365375757217
xgboost_return,5,1,2026-01-31,lead_cash_usd_per_ton_lag_1,0.06980074197053909
xgboost_return,5,1,2026-01-31,japan_nikkei225_pct_change_3m,0.13611215353012085
xgboost_return,5,1,2026-01-31,aluminum_stock_ton_change_1m,0.08663570880889893
xgboost_return,5,1,2026-01-31,nickel_cash_usd_per_ton_lag_3,0.05978940799832344
xgboost_return,5,1,2026-01-31,aluminum_stock_ton_pct_change_1m,0.09131751209497452
xgboost_return,5,1,2026-01-31,turkey_capacity_fabricated_metals_percent_lag_6,0.030200699344277382
xgboost_return,5,1,2026-02-28,peru_industrial_electricity_tariff_index_lag_6,0.11922145634889603
xgboost_return,5,1,2026-02-28,india_industrial_production_lag_6,0.07707042992115021
xgboost_return,5,1,2026-02-28,turkey_capacity_machinery_percent_lag_1,0.0840977281332016
xgboost_return,5,1,2026-02-28,origin_lead_cash_usd_per_ton,0.07507465034723282
xgboost_return,5,1,2026-02-28,turkey_capacity_machinery_percent_lag_3,0.0528545007109642
xgboost_return,5,1,2026-02-28,china_fixed_asset_investment_yoy_pct_lag_3,0.0735117718577385
xgboost_return,5,1,2026-02-28,aluminum_stock_ton_change_1m,0.06264808773994446
xgboost_return,5,1,2026-02-28,aluminum_stock_ton_pct_change_1m,0.08364278823137283
xgboost_return,5,1,2026-02-28,lead_cash_usd_per_ton_lag_3,0.086090587079525
xgboost_return,5,1,2026-02-28,lead_cash_usd_per_ton_lag_1,0.0873124822974205
xgboost_return,5,1,2026-02-28,turkey_ppi_metal_ores_index_pct_change_3m,0.0793270394206047
xgboost_return,5,1,2026-02-28,japan_nikkei225_pct_change_3m,0.11914841085672379
xgboost_return,5,1,2026-03-31,india_industrial_production_lag_6,0.12439168989658356
xgboost_return,5,1,2026-03-31,peru_industrial_electricity_tariff_index_lag_6,0.12374809384346008
xgboost_return,5,1,2026-03-31,origin_lead_cash_usd_per_ton,0.06014609709382057
xgboost_return,5,1,2026-03-31,turkey_ppi_wire_cable_index_pct_change_3m,0.07895465940237045
xgboost_return,5,1,2026-03-31,turkey_ppi_metal_ores_index_pct_change_3m,0.06698055565357208
xgboost_return,5,1,2026-03-31,turkey_capacity_machinery_percent_lag_1,0.0720142126083374
xgboost_return,5,1,2026-03-31,origin_uk_ftse100_glencore,0.0698232427239418
xgboost_return,5,1,2026-03-31,aluminum_stock_ton_change_1m,0.0671079084277153
xgboost_return,5,1,2026-03-31,origin_nickel_cash_usd_per_ton,0.059421345591545105
xgboost_return,5,1,2026-03-31,aluminum_stock_ton_pct_change_1m,0.11824642866849899
xgboost_return,5,1,2026-03-31,lead_cash_usd_per_ton_lag_1,0.06368321180343628
xgboost_return,5,1,2026-03-31,usa_sp500_freeport_mcmoran_lag_1,0.09548251330852509
xgboost_return,5,1,2026-04-30,india_industrial_production_lag_6,0.11781417578458786
xgboost_return,5,1,2026-04-30,peru_industrial_electricity_tariff_index_lag_6,0.14242775738239288
xgboost_return,5,1,2026-04-30,natural_gas_usd_change_1m,0.10170558094978333
xgboost_return,5,1,2026-04-30,aluminum_stock_ton_change_1m,0.0993828997015953
xgboost_return,5,1,2026-04-30,origin_lead_cash_usd_per_ton,0.0766550675034523
xgboost_return,5,1,2026-04-30,turkey_capacity_machinery_percent_lag_1,0.07988178730010986
xgboost_return,5,1,2026-04-30,aluminum_stock_ton_pct_change_1m,0.07330198585987091
xgboost_return,5,1,2026-04-30,turkey_capacity_machinery_percent_pct_change_12m,0.04233400896191597
xgboost_return,5,1,2026-04-30,lead_cash_usd_per_ton_lag_1,0.04936958849430084
xgboost_return,5,1,2026-04-30,origin_nickel_cash_usd_per_ton,0.07467490434646606
xgboost_return,5,1,2026-04-30,nickel_cash_usd_per_ton_lag_1,0.08135418593883514
xgboost_return,5,1,2026-04-30,us_cpi_index_pct_change_3m,0.06109797582030296
xgboost_return,5,1,2026-05-31,peru_industrial_electricity_tariff_index_lag_6,0.11711648106575012
xgboost_return,5,1,2026-05-31,india_industrial_production_lag_6,0.08965320885181427
xgboost_return,5,1,2026-05-31,turkey_capacity_machinery_percent_pct_change_12m,0.1525837481021881
xgboost_return,5,1,2026-05-31,usd_krw_lag_1,0.08339177817106247
xgboost_return,5,1,2026-05-31,china_real_estate_investment_yoy_pct_lag_1,0.045785680413246155
xgboost_return,5,1,2026-05-31,natural_gas_usd_change_1m,0.0864686593413353
xgboost_return,5,1,2026-05-31,turkey_capacity_machinery_percent_lag_1,0.05278211086988449
xgboost_return,5,1,2026-05-31,origin_lead_cash_usd_per_ton,0.06371410936117172
xgboost_return,5,1,2026-05-31,iron_ore_usd_per_dmtu_lag_1,0.15933014452457428
xgboost_return,5,1,2026-05-31,indonesia_exports_lag_3,0.05583028867840767
xgboost_return,5,1,2026-05-31,china_refined_copper_production_ton_lag_1,0.055516183376312256
xgboost_return,5,1,2026-05-31,lead_cash_usd_per_ton_lag_1,0.037827588617801666
xgboost_return,5,1,2026-06-30,peru_industrial_electricity_tariff_index_lag_6,0.10715261101722717
xgboost_return,5,1,2026-06-30,india_industrial_production_lag_6,0.10143929719924927
xgboost_return,5,1,2026-06-30,natural_gas_usd_change_1m,0.08058501034975052
xgboost_return,5,1,2026-06-30,turkey_capacity_machinery_percent_lag_1,0.10165310651063919
xgboost_return,5,1,2026-06-30,turkey_capacity_machinery_percent_pct_change_12m,0.14955991506576538
xgboost_return,5,1,2026-06-30,lead_cash_usd_per_ton_lag_1,0.05109980329871178
xgboost_return,5,1,2026-06-30,usd_krw_lag_1,0.08000879734754562
xgboost_return,5,1,2026-06-30,origin_lead_cash_usd_per_ton,0.05856833979487419
xgboost_return,5,1,2026-06-30,drc_inflation_mom_pct_change_3m,0.07407433539628983
xgboost_return,5,1,2026-06-30,nickel_cash_usd_per_ton_lag_1,0.08877626061439514
xgboost_return,5,1,2026-06-30,turkey_capacity_machinery_percent_lag_3,0.06641107052564621
xgboost_return,5,1,2026-06-30,china_real_estate_investment_yoy_pct_lag_1,0.04067147895693779
xgboost_return,5,1,2026-07-31,peru_industrial_electricity_tariff_index_lag_6,0.12706874310970306
xgboost_return,5,1,2026-07-31,india_industrial_production_lag_6,0.07958760112524033
xgboost_return,5,1,2026-07-31,natural_gas_usd_change_1m,0.07253845781087875
xgboost_return,5,1,2026-07-31,turkey_capacity_machinery_percent_lag_1,0.07336345314979553
xgboost_return,5,1,2026-07-31,lead_cash_usd_per_ton_lag_1,0.0932059958577156
xgboost_return,5,1,2026-07-31,turkey_capacity_machinery_percent_pct_change_12m,0.11811400949954987
xgboost_return,5,1,2026-07-31,drc_inflation_mom_pct_change_3m,0.0640491470694542
xgboost_return,5,1,2026-07-31,turkey_capacity_basic_metals_percent_lag_12,0.04268193617463112
xgboost_return,5,1,2026-07-31,nickel_cash_usd_per_ton_lag_1,0.04066969081759453
xgboost_return,5,1,2026-07-31,turkey_capacity_machinery_percent_lag_3,0.05303974077105522
xgboost_return,5,1,2026-07-31,origin_nickel_cash_usd_per_ton,0.08111316710710526
xgboost_return,5,1,2026-07-31,peru_diesel_price_index_lag_6,0.15456797182559967
xgboost_return,5,3,2025-01-31,uk_ftse100_pct_change_12m,0.2696901857852936
xgboost_return,5,3,2025-01-31,china_fixed_asset_investment_yoy_pct_change_1m,0.0628376454114914
xgboost_return,5,3,2025-01-31,usa_sp500_freeport_mcmoran_lag_1,0.07781658321619034
xgboost_return,5,3,2025-01-31,target_rolling_mean_3,0.12038574367761612
xgboost_return,5,3,2025-01-31,euro_area_copper_production_ppi_lag_1,0.08462350815534592
xgboost_return,5,3,2025-01-31,germany_dax_aurubis_lag_1,0.0912984162569046
xgboost_return,5,3,2025-01-31,target_lag_1,0.04122374206781387
xgboost_return,5,3,2025-01-31,turkey_capacity_machinery_percent_lag_1,0.08140840381383896
xgboost_return,5,3,2025-01-31,origin_shfe_pre_settlement_cny_per_ton,0.03692186251282692
xgboost_return,5,3,2025-01-31,origin_germany_dax_aurubis,0.08031337708234787
xgboost_return,5,3,2025-01-31,origin_usa_sp500_freeport_mcmoran,0.053480517119169235
xgboost_return,5,3,2025-02-28,china_fixed_asset_investment_yoy_pct_change_1m,0.05324716120958328
xgboost_return,5,3,2025-02-28,germany_dax_aurubis_lag_1,0.0502161867916584
xgboost_return,5,3,2025-02-28,target_rolling_mean_3,0.15362998843193054
xgboost_return,5,3,2025-02-28,turkey_capacity_machinery_percent_lag_1,0.04775036498904228
xgboost_return,5,3,2025-02-28,usa_sp500_freeport_mcmoran_lag_1,0.05837125703692436
xgboost_return,5,3,2025-02-28,origin_germany_dax_aurubis,0.05162663385272026
xgboost_return,5,3,2025-02-28,euro_area_copper_production_ppi_lag_1,0.10038477182388306
xgboost_return,5,3,2025-02-28,target_lag_1,0.12038902193307877
xgboost_return,5,3,2025-02-28,origin_shfe_pre_settlement_cny_per_ton,0.07049232721328735
xgboost_return,5,3,2025-02-28,uk_ftse100_pct_change_12m,0.23765182495117188
xgboost_return,5,3,2025-02-28,origin_usa_sp500_freeport_mcmoran,0.056240513920784
xgboost_return,5,3,2025-03-31,turkey_capacity_machinery_percent_lag_1,0.10184122622013092
xgboost_return,5,3,2025-03-31,germany_dax_aurubis_lag_1,0.0713314488530159
xgboost_return,5,3,2025-03-31,target_rolling_mean_3,0.20449969172477722
xgboost_return,5,3,2025-03-31,target_lag_1,0.10992559045553207
xgboost_return,5,3,2025-03-31,origin_copper_price_usd_per_ton,0.05083391070365906
xgboost_return,5,3,2025-03-31,origin_germany_dax_aurubis,0.11887738853693008
xgboost_return,5,3,2025-03-31,peru_usd_pen_lag_6,0.028394626453518867
xgboost_return,5,3,2025-03-31,origin_usa_sp500_freeport_mcmoran,0.06272048503160477
xgboost_return,5,3,2025-03-31,usa_sp500_freeport_mcmoran_lag_1,0.1244172602891922
xgboost_return,5,3,2025-03-31,china_fixed_asset_investment_yoy_pct_change_1m,0.055023711174726486
xgboost_return,5,3,2025-03-31,euro_area_copper_production_ppi_lag_1,0.07213456183671951
xgboost_return,5,3,2025-04-30,turkey_capacity_machinery_percent_lag_1,0.05759154260158539
xgboost_return,5,3,2025-04-30,germany_dax_aurubis_lag_1,0.06838858872652054
xgboost_return,5,3,2025-04-30,target_rolling_mean_3,0.18407325446605682
xgboost_return,5,3,2025-04-30,target_lag_1,0.24263937771320343
xgboost_return,5,3,2025-04-30,origin_germany_dax_aurubis,0.06942526251077652
xgboost_return,5,3,2025-04-30,origin_copper_price_usd_per_ton,0.07376980036497116
xgboost_return,5,3,2025-04-30,peru_usd_pen_lag_6,0.07135771960020065
xgboost_return,5,3,2025-04-30,china_fixed_asset_investment_yoy_pct_change_1m,0.04726354777812958
xgboost_return,5,3,2025-04-30,origin_usa_sp500_freeport_mcmoran,0.04038289189338684
xgboost_return,5,3,2025-04-30,usa_sp500_freeport_mcmoran_lag_1,0.055784955620765686
xgboost_return,5,3,2025-04-30,euro_area_copper_production_ppi_lag_1,0.08932307362556458
xgboost_return,5,3,2025-05-31,turkey_capacity_machinery_percent_lag_1,0.1548328548669815
xgboost_return,5,3,2025-05-31,germany_dax_aurubis_lag_1,0.11888609081506729
xgboost_return,5,3,2025-05-31,target_rolling_mean_3,0.19553159177303314
xgboost_return,5,3,2025-05-31,peru_usd_pen_lag_6,0.042356450110673904
xgboost_return,5,3,2025-05-31,china_fixed_asset_investment_yoy_pct_pct_change_1m,0.036969978362321854
xgboost_return,5,3,2025-05-31,target_lag_1,0.14897973835468292
xgboost_return,5,3,2025-05-31,origin_copper_price_usd_per_ton,0.06992384791374207
xgboost_return,5,3,2025-05-31,origin_usa_sp500_freeport_mcmoran,0.05278584361076355
xgboost_return,5,3,2025-05-31,origin_germany_dax_aurubis,0.0601985827088356
xgboost_return,5,3,2025-05-31,usa_sp500_freeport_mcmoran_lag_1,0.06985607743263245
xgboost_return,5,3,2025-05-31,peru_industrial_electricity_tariff_index_lag_6,0.049678925424814224
xgboost_return,5,3,2025-06-30,turkey_capacity_machinery_percent_lag_1,0.1392412930727005
xgboost_return,5,3,2025-06-30,germany_dax_aurubis_lag_1,0.08820399641990662
xgboost_return,5,3,2025-06-30,china_fixed_asset_investment_yoy_pct_pct_change_1m,0.042547471821308136
xgboost_return,5,3,2025-06-30,peru_usd_pen_lag_6,0.10499048233032227
xgboost_return,5,3,2025-06-30,target_rolling_mean_3,0.14426864683628082
xgboost_return,5,3,2025-06-30,origin_copper_price_usd_per_ton,0.08190564811229706
xgboost_return,5,3,2025-06-30,target_lag_1,0.195242777466774
xgboost_return,5,3,2025-06-30,origin_usa_sp500_freeport_mcmoran,0.04391524940729141
xgboost_return,5,3,2025-06-30,origin_germany_dax_aurubis,0.08261474221944809
xgboost_return,5,3,2025-06-30,usa_sp500_freeport_mcmoran_lag_1,0.03430279344320297
xgboost_return,5,3,2025-06-30,peru_industrial_electricity_tariff_index_lag_6,0.04276701435446739
xgboost_return,5,3,2025-07-31,turkey_capacity_machinery_percent_lag_1,0.14411897957324982
xgboost_return,5,3,2025-07-31,china_fixed_asset_investment_yoy_pct_pct_change_1m,0.05586667358875275
xgboost_return,5,3,2025-07-31,origin_usa_sp500_freeport_mcmoran,0.04357169196009636
xgboost_return,5,3,2025-07-31,peru_usd_pen_lag_6,0.04383659362792969
xgboost_return,5,3,2025-07-31,origin_copper_price_usd_per_ton,0.08606960624456406
xgboost_return,5,3,2025-07-31,germany_dax_aurubis_lag_1,0.1346767693758011
xgboost_return,5,3,2025-07-31,origin_germany_dax_aurubis,0.08991865813732147
xgboost_return,5,3,2025-07-31,usa_sp500_freeport_mcmoran_lag_1,0.055905137211084366
xgboost_return,5,3,2025-07-31,target_rolling_mean_3,0.1885133683681488
xgboost_return,5,3,2025-07-31,peru_industrial_electricity_tariff_index_lag_6,0.06752218306064606
xgboost_return,5,3,2025-07-31,target_lag_1,0.09000036865472794
xgboost_return,5,3,2025-08-31,turkey_capacity_machinery_percent_lag_1,0.16436885297298431
xgboost_return,5,3,2025-08-31,china_fixed_asset_investment_yoy_pct_pct_change_1m,0.06768973916769028
xgboost_return,5,3,2025-08-31,peru_usd_pen_lag_6,0.08118336647748947
xgboost_return,5,3,2025-08-31,origin_usa_sp500_freeport_mcmoran,0.05634663999080658
xgboost_return,5,3,2025-08-31,origin_copper_price_usd_per_ton,0.07048549503087997
xgboost_return,5,3,2025-08-31,germany_dax_aurubis_lag_1,0.13734658062458038
xgboost_return,5,3,2025-08-31,origin_germany_dax_aurubis,0.07033412158489227
xgboost_return,5,3,2025-08-31,peru_industrial_electricity_tariff_index_lag_6,0.04946494102478027
xgboost_return,5,3,2025-08-31,usa_sp500_freeport_mcmoran_lag_1,0.044984396547079086
xgboost_return,5,3,2025-08-31,target_rolling_mean_3,0.19804143905639648
xgboost_return,5,3,2025-08-31,target_lag_1,0.05975443869829178
xgboost_return,5,3,2025-09-30,turkey_capacity_machinery_percent_lag_1,0.16619493067264557
xgboost_return,5,3,2025-09-30,origin_usa_sp500_freeport_mcmoran,0.03813636675477028
xgboost_return,5,3,2025-09-30,peru_usd_pen_lag_6,0.0683283880352974
xgboost_return,5,3,2025-09-30,china_fixed_asset_investment_yoy_pct_change_1m,0.04865375906229019
xgboost_return,5,3,2025-09-30,origin_copper_price_usd_per_ton,0.09005644917488098
xgboost_return,5,3,2025-09-30,origin_germany_dax_aurubis,0.11461232602596283
xgboost_return,5,3,2025-09-30,germany_dax_aurubis_lag_1,0.12959766387939453
xgboost_return,5,3,2025-09-30,peru_industrial_electricity_tariff_index_lag_6,0.0477733388543129
xgboost_return,5,3,2025-09-30,usa_sp500_freeport_mcmoran_lag_1,0.03259154409170151
xgboost_return,5,3,2025-09-30,target_rolling_mean_3,0.19741760194301605
xgboost_return,5,3,2025-09-30,target_lag_1,0.06663774698972702
xgboost_return,5,3,2025-10-31,turkey_capacity_machinery_percent_lag_1,0.2519594430923462
xgboost_return,5,3,2025-10-31,peru_usd_pen_lag_6,0.0573200024664402
xgboost_return,5,3,2025-10-31,peru_industrial_electricity_tariff_index_lag_6,0.06450480967760086
xgboost_return,5,3,2025-10-31,origin_usa_sp500_freeport_mcmoran,0.06737841665744781
xgboost_return,5,3,2025-10-31,origin_copper_price_usd_per_ton,0.061684586107730865
xgboost_return,5,3,2025-10-31,germany_dax_aurubis_lag_1,0.0823332890868187
xgboost_return,5,3,2025-10-31,china_fixed_asset_investment_yoy_pct_change_1m,0.034129008650779724
xgboost_return,5,3,2025-10-31,usa_sp500_freeport_mcmoran_lag_1,0.042286064475774765
xgboost_return,5,3,2025-10-31,origin_germany_dax_aurubis,0.0959625244140625
xgboost_return,5,3,2025-10-31,target_rolling_mean_3,0.1760420948266983
xgboost_return,5,3,2025-10-31,platinum_usd_per_troy_ounce_lag_3,0.06639974564313889
xgboost_return,5,3,2025-11-30,turkey_capacity_machinery_percent_lag_1,0.22105777263641357
xgboost_return,5,3,2025-11-30,peru_usd_pen_lag_6,0.0826689824461937
xgboost_return,5,3,2025-11-30,peru_industrial_electricity_tariff_index_lag_6,0.07109423726797104
xgboost_return,5,3,2025-11-30,us_cpi_index_pct_change_3m,0.08124742656946182
xgboost_return,5,3,2025-11-30,origin_usa_sp500_freeport_mcmoran,0.05433068424463272
xgboost_return,5,3,2025-11-30,peru_diesel_price_index_lag_6,0.06534193456172943
xgboost_return,5,3,2025-11-30,lead_cash_usd_per_ton_lag_3,0.0403125137090683
xgboost_return,5,3,2025-11-30,origin_copper_price_usd_per_ton,0.08932029455900192
xgboost_return,5,3,2025-11-30,platinum_usd_per_troy_ounce_lag_3,0.06678176671266556
xgboost_return,5,3,2025-11-30,germany_dax_aurubis_lag_1,0.12491404265165329
xgboost_return,5,3,2025-11-30,india_nifty50_pct_change_3m,0.10293034464120865
xgboost_return,5,3,2025-12-31,turkey_capacity_machinery_percent_lag_1,0.24408267438411713
xgboost_return,5,3,2025-12-31,peru_usd_pen_lag_6,0.07655143737792969
xgboost_return,5,3,2025-12-31,peru_industrial_electricity_tariff_index_lag_6,0.03445352241396904
xgboost_return,5,3,2025-12-31,us_cpi_index_pct_change_3m,0.12246641516685486
xgboost_return,5,3,2025-12-31,lead_cash_usd_per_ton_lag_3,0.06752710044384003
xgboost_return,5,3,2025-12-31,peru_diesel_price_index_lag_6,0.11655272543430328
xgboost_return,5,3,2025-12-31,ecb_policy_rate_pct_change_3m,0.056525763124227524
xgboost_return,5,3,2025-12-31,china_fixed_asset_investment_yoy_pct_lag_3,0.10832065343856812
xgboost_return,5,3,2025-12-31,nickel_cash_usd_per_ton_lag_1,0.09188340604305267
xgboost_return,5,3,2025-12-31,nickel_cash_usd_per_ton_lag_3,0.021831419318914413
xgboost_return,5,3,2025-12-31,china_refined_copper_production_ton_change_1m,0.059804800897836685
xgboost_return,5,3,2026-01-31,turkey_capacity_machinery_percent_lag_1,0.2957882285118103
xgboost_return,5,3,2026-01-31,peru_industrial_electricity_tariff_index_lag_6,0.0925401896238327
xgboost_return,5,3,2026-01-31,peru_usd_pen_lag_6,0.09432940930128098
xgboost_return,5,3,2026-01-31,us_cpi_index_pct_change_3m,0.1171584352850914
xgboost_return,5,3,2026-01-31,peru_diesel_price_index_lag_6,0.11057202517986298
xgboost_return,5,3,2026-01-31,nickel_cash_usd_per_ton_lag_1,0.007410555146634579
xgboost_return,5,3,2026-01-31,lead_cash_usd_per_ton_lag_3,0.09417271614074707
xgboost_return,5,3,2026-01-31,china_fixed_asset_investment_yoy_pct_lag_3,0.08479714393615723
xgboost_return,5,3,2026-01-31,nickel_cash_usd_per_ton_lag_3,0.0
xgboost_return,5,3,2026-01-31,ecb_policy_rate_pct_change_3m,0.08187266439199448
xgboost_return,5,3,2026-01-31,gold_usd_per_troy_ounce_lag_6,0.02135857753455639
xgboost_return,5,3,2026-02-28,turkey_capacity_machinery_percent_lag_1,0.21947401762008667
xgboost_return,5,3,2026-02-28,peru_industrial_electricity_tariff_index_lag_6,0.03907805308699608
xgboost_return,5,3,2026-02-28,peru_usd_pen_lag_6,0.06477203965187073
xgboost_return,5,3,2026-02-28,origin_nickel_cash_usd_per_ton,0.05504605174064636
xgboost_return,5,3,2026-02-28,gold_usd_per_troy_ounce_lag_6,0.03823322802782059
xgboost_return,5,3,2026-02-28,silver_usd_per_troy_ounce_lag_6,0.09931680560112
xgboost_return,5,3,2026-02-28,peru_diesel_price_index_lag_6,0.12000765651464462
xgboost_return,5,3,2026-02-28,china_fixed_asset_investment_yoy_pct_lag_3,0.11347045004367828
xgboost_return,5,3,2026-02-28,lead_cash_usd_per_ton_lag_3,0.11324197798967361
xgboost_return,5,3,2026-02-28,nickel_cash_usd_per_ton_lag_3,0.0439106747508049
xgboost_return,5,3,2026-02-28,us_cpi_index_pct_change_3m,0.09344902634620667
xgboost_return,5,3,2026-03-31,turkey_capacity_machinery_percent_lag_1,0.27465710043907166
xgboost_return,5,3,2026-03-31,peru_industrial_electricity_tariff_index_lag_6,0.04717203974723816
xgboost_return,5,3,2026-03-31,origin_nickel_cash_usd_per_ton,0.06657059490680695
xgboost_return,5,3,2026-03-31,peru_usd_pen_lag_6,0.06144849583506584
xgboost_return,5,3,2026-03-31,gold_usd_per_troy_ounce_lag_6,0.0335221029818058
xgboost_return,5,3,2026-03-31,turkey_capacity_machinery_percent_pct_change_12m,0.1751301884651184
xgboost_return,5,3,2026-03-31,silver_usd_per_troy_ounce_lag_6,0.08069059997797012
xgboost_return,5,3,2026-03-31,turkey_capacity_machinery_percent_pct_change_3m,0.02911096252501011
xgboost_return,5,3,2026-03-31,global_container_export_lag_3,0.06279958039522171
xgboost_return,5,3,2026-03-31,lead_cash_usd_per_ton_lag_3,0.08041657507419586
xgboost_return,5,3,2026-03-31,us_cpi_index_pct_change_3m,0.0884818285703659
xgboost_return,5,3,2026-04-30,turkey_capacity_machinery_percent_lag_1,0.20073002576828003
xgboost_return,5,3,2026-04-30,turkey_capacity_machinery_percent_pct_change_3m,0.0813569724559784
xgboost_return,5,3,2026-04-30,peru_industrial_electricity_tariff_index_lag_6,0.05392976850271225
xgboost_return,5,3,2026-04-30,origin_nickel_cash_usd_per_ton,0.0850018784403801
xgboost_return,5,3,2026-04-30,nickel_cash_usd_per_ton_lag_1,0.051715295761823654
xgboost_return,5,3,2026-04-30,turkey_capacity_machinery_percent_pct_change_12m,0.23322297632694244
xgboost_return,5,3,2026-04-30,global_container_export_lag_3,0.07112852483987808
xgboost_return,5,3,2026-04-30,gold_usd_per_troy_ounce_lag_6,0.03922554850578308
xgboost_return,5,3,2026-04-30,peru_usd_pen_lag_6,0.07063431292772293
xgboost_return,5,3,2026-04-30,hong_kong_hang_seng_zijin_mining_lag_6,0.05789637938141823
xgboost_return,5,3,2026-04-30,silver_usd_per_troy_ounce_lag_6,0.055158331990242004
xgboost_return,5,3,2026-05-31,turkey_capacity_machinery_percent_lag_1,0.26950618624687195
xgboost_return,5,3,2026-05-31,peru_industrial_electricity_tariff_index_lag_6,0.07056855410337448
xgboost_return,5,3,2026-05-31,turkey_capacity_machinery_percent_pct_change_3m,0.0718056708574295
xgboost_return,5,3,2026-05-31,origin_nickel_cash_usd_per_ton,0.05415826663374901
xgboost_return,5,3,2026-05-31,turkey_capacity_machinery_percent_pct_change_12m,0.2205386906862259
xgboost_return,5,3,2026-05-31,nickel_cash_usd_per_ton_lag_1,0.06772103160619736
xgboost_return,5,3,2026-05-31,peru_usd_pen_lag_6,0.05074556916952133
xgboost_return,5,3,2026-05-31,global_container_export_lag_3,0.07910846918821335
xgboost_return,5,3,2026-05-31,gold_usd_per_troy_ounce_lag_6,0.035040233284235
xgboost_return,5,3,2026-05-31,hong_kong_hang_seng_zijin_mining_lag_6,0.03771797567605972
xgboost_return,5,3,2026-05-31,silver_usd_per_troy_ounce_lag_6,0.04308929294347763
xgboost_return,5,6,2025-01-31,origin_germany_dax_aurubis,0.06388642638921738
xgboost_return,5,6,2025-01-31,origin_copper_price_usd_per_ton,0.2542535960674286
xgboost_return,5,6,2025-01-31,target_lag_1,0.05376695096492767
xgboost_return,5,6,2025-01-31,origin_usa_sp500_freeport_mcmoran,0.25787243247032166
xgboost_return,5,6,2025-01-31,usa_sp500_freeport_mcmoran_lag_1,0.09281846880912781
xgboost_return,5,6,2025-01-31,origin_shfe_pre_settlement_cny_per_ton,0.021991267800331116
xgboost_return,5,6,2025-01-31,peru_usd_pen_lag_6,0.043253615498542786
xgboost_return,5,6,2025-01-31,aluminum_cash_usd_per_ton_lag_1,0.08791284263134003
xgboost_return,5,6,2025-01-31,euro_area_copper_production_ppi_lag_1,0.08630912005901337
xgboost_return,5,6,2025-01-31,germany_dax_aurubis_lag_1,0.03132995590567589
xgboost_return,5,6,2025-01-31,target_rolling_mean_3,0.006605403032153845
xgboost_return,5,6,2025-02-28,origin_germany_dax_aurubis,0.039587415754795074
xgboost_return,5,6,2025-02-28,origin_copper_price_usd_per_ton,0.1898488700389862
xgboost_return,5,6,2025-02-28,target_lag_1,0.03974291682243347
xgboost_return,5,6,2025-02-28,origin_usa_sp500_freeport_mcmoran,0.34200865030288696
xgboost_return,5,6,2025-02-28,usa_sp500_freeport_mcmoran_lag_1,0.04057715833187103
xgboost_return,5,6,2025-02-28,peru_usd_pen_lag_6,0.061345357447862625
xgboost_return,5,6,2025-02-28,origin_shfe_pre_settlement_cny_per_ton,0.10340521484613419
xgboost_return,5,6,2025-02-28,aluminum_cash_usd_per_ton_lag_1,0.06769848614931107
xgboost_return,5,6,2025-02-28,origin_aluminum_cash_usd_per_ton,0.05148397758603096
xgboost_return,5,6,2025-02-28,germany_dax_aurubis_lag_1,0.04273836687207222
xgboost_return,5,6,2025-02-28,euro_area_copper_production_ppi_lag_1,0.02156364917755127
xgboost_return,5,6,2025-03-31,origin_germany_dax_aurubis,0.06161986663937569
xgboost_return,5,6,2025-03-31,origin_copper_price_usd_per_ton,0.23350469768047333
xgboost_return,5,6,2025-03-31,target_lag_1,0.06145045906305313
xgboost_return,5,6,2025-03-31,origin_usa_sp500_freeport_mcmoran,0.23518006503582
xgboost_return,5,6,2025-03-31,peru_usd_pen_lag_6,0.06391481310129166
xgboost_return,5,6,2025-03-31,usa_sp500_freeport_mcmoran_lag_1,0.11922318488359451
xgboost_return,5,6,2025-03-31,germany_dax_aurubis_lag_1,0.04487233608961105
xgboost_return,5,6,2025-03-31,aluminum_cash_usd_per_ton_lag_1,0.05798345431685448
xgboost_return,5,6,2025-03-31,origin_shfe_pre_settlement_cny_per_ton,0.02167387306690216
xgboost_return,5,6,2025-03-31,origin_aluminum_cash_usd_per_ton,0.08143909275531769
xgboost_return,5,6,2025-03-31,euro_area_copper_production_ppi_lag_1,0.019138025119900703
xgboost_return,5,6,2025-04-30,origin_germany_dax_aurubis,0.03819523751735687
xgboost_return,5,6,2025-04-30,origin_copper_price_usd_per_ton,0.15829387307167053
xgboost_return,5,6,2025-04-30,target_lag_1,0.045581817626953125
xgboost_return,5,6,2025-04-30,origin_usa_sp500_freeport_mcmoran,0.32575976848602295
xgboost_return,5,6,2025-04-30,peru_usd_pen_lag_6,0.03853321447968483
xgboost_return,5,6,2025-04-30,origin_tin_cash_usd_per_ton,0.13112330436706543
xgboost_return,5,6,2025-04-30,usa_sp500_freeport_mcmoran_lag_1,0.05398256704211235
xgboost_return,5,6,2025-04-30,aluminum_cash_usd_per_ton_lag_1,0.0715729147195816
xgboost_return,5,6,2025-04-30,origin_shfe_pre_settlement_cny_per_ton,0.07156126946210861
xgboost_return,5,6,2025-04-30,origin_aluminum_cash_usd_per_ton,0.04442349076271057
xgboost_return,5,6,2025-04-30,germany_dax_aurubis_lag_1,0.020972514525055885
xgboost_return,5,6,2025-05-31,origin_germany_dax_aurubis,0.0311674103140831
xgboost_return,5,6,2025-05-31,origin_copper_price_usd_per_ton,0.17439158260822296
xgboost_return,5,6,2025-05-31,target_lag_1,0.05103183165192604
xgboost_return,5,6,2025-05-31,peru_usd_pen_lag_6,0.057824037969112396
xgboost_return,5,6,2025-05-31,origin_usa_sp500_freeport_mcmoran,0.2522984743118286
xgboost_return,5,6,2025-05-31,origin_tin_cash_usd_per_ton,0.13116087019443512
xgboost_return,5,6,2025-05-31,germany_dax_aurubis_lag_1,0.026573961600661278
xgboost_return,5,6,2025-05-31,usa_sp500_freeport_mcmoran_lag_1,0.01938323676586151
xgboost_return,5,6,2025-05-31,aluminum_cash_usd_per_ton_lag_1,0.04155891761183739
xgboost_return,5,6,2025-05-31,origin_aluminum_cash_usd_per_ton,0.03491722047328949
xgboost_return,5,6,2025-05-31,origin_shfe_pre_settlement_cny_per_ton,0.17969244718551636
xgboost_return,5,6,2025-06-30,origin_germany_dax_aurubis,0.058365847915410995
xgboost_return,5,6,2025-06-30,origin_copper_price_usd_per_ton,0.1559399515390396
xgboost_return,5,6,2025-06-30,target_lag_1,0.11287666857242584
xgboost_return,5,6,2025-06-30,peru_usd_pen_lag_6,0.09183085709810257
xgboost_return,5,6,2025-06-30,origin_tin_cash_usd_per_ton,0.09376421570777893
xgboost_return,5,6,2025-06-30,origin_usa_sp500_freeport_mcmoran,0.30237826704978943
xgboost_return,5,6,2025-06-30,germany_dax_aurubis_lag_1,0.020584365352988243
xgboost_return,5,6,2025-06-30,aluminum_cash_usd_per_ton_lag_1,0.0706743374466896
xgboost_return,5,6,2025-06-30,tin_cash_usd_per_ton_lag_1,0.0540822334587574
xgboost_return,5,6,2025-06-30,usa_sp500_freeport_mcmoran_lag_1,0.013205482624471188
xgboost_return,5,6,2025-06-30,origin_aluminum_cash_usd_per_ton,0.026297789067029953
xgboost_return,5,6,2025-07-31,origin_germany_dax_aurubis,0.061338696628808975
xgboost_return,5,6,2025-07-31,origin_copper_price_usd_per_ton,0.09744008630514145
xgboost_return,5,6,2025-07-31,target_lag_1,0.1820870190858841
xgboost_return,5,6,2025-07-31,origin_usa_sp500_freeport_mcmoran,0.1983616203069687
xgboost_return,5,6,2025-07-31,origin_tin_cash_usd_per_ton,0.07944802194833755
xgboost_return,5,6,2025-07-31,peru_usd_pen_lag_6,0.07706566900014877
xgboost_return,5,6,2025-07-31,turkey_capacity_machinery_percent_lag_1,0.1931876242160797
xgboost_return,5,6,2025-07-31,germany_dax_aurubis_lag_1,0.041225023567676544
xgboost_return,5,6,2025-07-31,tin_cash_usd_per_ton_lag_1,0.005898783449083567
xgboost_return,5,6,2025-07-31,usa_sp500_freeport_mcmoran_lag_1,0.023729564622044563
xgboost_return,5,6,2025-07-31,aluminum_cash_usd_per_ton_lag_1,0.04021793231368065
xgboost_return,5,6,2025-08-31,origin_germany_dax_aurubis,0.08008795976638794
xgboost_return,5,6,2025-08-31,origin_copper_price_usd_per_ton,0.21976016461849213
xgboost_return,5,6,2025-08-31,target_lag_1,0.06536390632390976
xgboost_return,5,6,2025-08-31,origin_usa_sp500_freeport_mcmoran,0.15384110808372498
xgboost_return,5,6,2025-08-31,peru_usd_pen_lag_6,0.06492643803358078
xgboost_return,5,6,2025-08-31,origin_tin_cash_usd_per_ton,0.09851443022489548
xgboost_return,5,6,2025-08-31,peru_usd_pen_pct_change_3m,0.06817945837974548
xgboost_return,5,6,2025-08-31,turkey_capacity_machinery_percent_lag_1,0.13323073089122772
xgboost_return,5,6,2025-08-31,germany_dax_aurubis_lag_1,0.04868311807513237
xgboost_return,5,6,2025-08-31,usa_sp500_freeport_mcmoran_lag_1,0.009612715803086758
xgboost_return,5,6,2025-08-31,tin_cash_usd_per_ton_lag_1,0.0578000582754612
xgboost_return,5,6,2025-09-30,origin_germany_dax_aurubis,0.03821902349591255
xgboost_return,5,6,2025-09-30,origin_copper_price_usd_per_ton,0.16275253891944885
xgboost_return,5,6,2025-09-30,target_lag_1,0.07916682213544846
xgboost_return,5,6,2025-09-30,origin_usa_sp500_freeport_mcmoran,0.2287311553955078
xgboost_return,5,6,2025-09-30,peru_usd_pen_lag_6,0.061486564576625824
xgboost_return,5,6,2025-09-30,origin_tin_cash_usd_per_ton,0.09114659577608109
xgboost_return,5,6,2025-09-30,peru_usd_pen_pct_change_3m,0.07013807445764542
xgboost_return,5,6,2025-09-30,germany_dax_aurubis_lag_1,0.047420307993888855
xgboost_return,5,6,2025-09-30,usa_sp500_freeport_mcmoran_lag_1,0.008734744042158127
xgboost_return,5,6,2025-09-30,turkey_capacity_machinery_percent_lag_1,0.18103143572807312
xgboost_return,5,6,2025-09-30,tin_cash_usd_per_ton_lag_1,0.031172826886177063
xgboost_return,5,6,2025-10-31,origin_germany_dax_aurubis,0.0329451709985733
xgboost_return,5,6,2025-10-31,origin_copper_price_usd_per_ton,0.24457032978534698
xgboost_return,5,6,2025-10-31,origin_usa_sp500_freeport_mcmoran,0.2801201641559601
xgboost_return,5,6,2025-10-31,peru_usd_pen_lag_6,0.16279783844947815
xgboost_return,5,6,2025-10-31,target_lag_1,0.037766363471746445
xgboost_return,5,6,2025-10-31,origin_tin_cash_usd_per_ton,0.04302239790558815
xgboost_return,5,6,2025-10-31,turkey_capacity_machinery_percent_lag_1,0.0972825363278389
xgboost_return,5,6,2025-10-31,peru_usd_pen_pct_change_3m,0.020672360435128212
xgboost_return,5,6,2025-10-31,usa_sp500_freeport_mcmoran_lag_1,0.004021925386041403
xgboost_return,5,6,2025-10-31,origin_canada_tsx_composite_first_quantum_minerals,0.06123614311218262
xgboost_return,5,6,2025-10-31,origin_lead_cash_usd_per_ton,0.015564771369099617
xgboost_return,5,6,2025-11-30,origin_germany_dax_aurubis,0.14412182569503784
xgboost_return,5,6,2025-11-30,origin_usa_sp500_freeport_mcmoran,0.11644920706748962
xgboost_return,5,6,2025-11-30,origin_copper_price_usd_per_ton,0.06067477539181709
xgboost_return,5,6,2025-11-30,peru_usd_pen_lag_6,0.05426330491900444
xgboost_return,5,6,2025-11-30,target_lag_1,0.03664398565888405
xgboost_return,5,6,2025-11-30,turkey_capacity_machinery_percent_lag_1,0.15049366652965546
xgboost_return,5,6,2025-11-30,usa_sp500_freeport_mcmoran_lag_1,0.05068806931376457
xgboost_return,5,6,2025-11-30,origin_lead_cash_usd_per_ton,0.12745246291160583
xgboost_return,5,6,2025-11-30,origin_tin_cash_usd_per_ton,0.10247106105089188
xgboost_return,5,6,2025-11-30,peru_usd_pen_pct_change_3m,0.04798833653330803
xgboost_return,5,6,2025-11-30,origin_canada_tsx_composite_first_quantum_minerals,0.10875334590673447
xgboost_return,5,6,2025-12-31,origin_germany_dax_aurubis,0.11666938662528992
xgboost_return,5,6,2025-12-31,turkey_capacity_machinery_percent_lag_1,0.10186312347650528
xgboost_return,5,6,2025-12-31,origin_usa_sp500_freeport_mcmoran,0.08876480162143707
xgboost_return,5,6,2025-12-31,peru_usd_pen_lag_6,0.3568646311759949
xgboost_return,5,6,2025-12-31,origin_lead_cash_usd_per_ton,0.034630391746759415
xgboost_return,5,6,2025-12-31,origin_copper_price_usd_per_ton,0.055081792175769806
xgboost_return,5,6,2025-12-31,usa_sp500_freeport_mcmoran_lag_1,0.05616088584065437
xgboost_return,5,6,2025-12-31,origin_nickel_cash_usd_per_ton,0.056776102632284164
xgboost_return,5,6,2025-12-31,peru_industrial_electricity_tariff_index_lag_3,0.034851882606744766
xgboost_return,5,6,2025-12-31,canada_tsx_composite_teck_resources_pct_change_3m,0.04954783245921135
xgboost_return,5,6,2025-12-31,origin_canada_tsx_composite_first_quantum_minerals,0.0487891361117363
xgboost_return,5,6,2026-01-31,canada_tsx_composite_teck_resources_pct_change_3m,0.11913681030273438
xgboost_return,5,6,2026-01-31,turkey_capacity_machinery_percent_lag_1,0.2890509068965912
xgboost_return,5,6,2026-01-31,origin_lead_cash_usd_per_ton,0.0934678316116333
xgboost_return,5,6,2026-01-31,origin_nickel_cash_usd_per_ton,0.07608542591333389
xgboost_return,5,6,2026-01-31,peru_industrial_electricity_tariff_index_lag_3,0.06364429742097855
xgboost_return,5,6,2026-01-31,ecb_policy_rate_pct_change_3m,0.04255804046988487
xgboost_return,5,6,2026-01-31,origin_canada_tsx_composite_first_quantum_minerals,0.07012657821178436
xgboost_return,5,6,2026-01-31,peru_usd_pen_lag_6,0.1227557361125946
xgboost_return,5,6,2026-01-31,origin_germany_dax_aurubis,0.044237229973077774
xgboost_return,5,6,2026-01-31,lead_cash_usd_per_ton_lag_1,0.049696389585733414
xgboost_return,5,6,2026-01-31,gold_usd_per_troy_ounce_lag_6,0.029240677133202553
xgboost_return,5,6,2026-02-28,canada_tsx_composite_teck_resources_pct_change_3m,0.12272331118583679
xgboost_return,5,6,2026-02-28,turkey_capacity_machinery_percent_lag_1,0.16914241015911102
xgboost_return,5,6,2026-02-28,origin_nickel_cash_usd_per_ton,0.09183547645807266
xgboost_return,5,6,2026-02-28,origin_lead_cash_usd_per_ton,0.050593141466379166
xgboost_return,5,6,2026-02-28,peru_industrial_electricity_tariff_index_lag_3,0.12096267193555832
xgboost_return,5,6,2026-02-28,gold_usd_per_troy_ounce_lag_6,0.05228036642074585
xgboost_return,5,6,2026-02-28,ecb_policy_rate_pct_change_3m,0.03646901249885559
xgboost_return,5,6,2026-02-28,euro_area_copper_production_ppi_pct_change_3m,0.12260979413986206
xgboost_return,5,6,2026-02-28,origin_canada_tsx_composite_first_quantum_minerals,0.11867916584014893
xgboost_return,5,6,2026-02-28,peru_bvl_general_lag_6,0.023281032219529152
xgboost_return,5,6,2026-02-28,lead_cash_usd_per_ton_lag_1,0.09142351150512695
xgboost_return,5,12,2025-01-31,origin_aluminum_cash_usd_per_ton,0.6521406173706055
xgboost_return,5,12,2025-01-31,origin_shfe_close_cny_per_ton,0.0989793911576271
xgboost_return,5,12,2025-01-31,us_industrial_production_pct_change_12m,0.014868142083287239
xgboost_return,5,12,2025-01-31,uk_ftse100_glencore_pct_change_12m,0.10461840033531189
xgboost_return,5,12,2025-01-31,south_korea_kospi_lag_6,0.005158936604857445
xgboost_return,5,12,2025-01-31,germany_manufacturing_order_books_lag_1,0.05807003006339073
xgboost_return,5,12,2025-01-31,origin_lead_cash_usd_per_ton,0.04515747353434563
xgboost_return,5,12,2025-01-31,target_lag_1,0.007270377594977617
xgboost_return,5,12,2025-01-31,peru_usd_pen_lag_1,0.013736646622419357
xgboost_return,5,12,2025-02-28,origin_aluminum_cash_usd_per_ton,0.6696717143058777
xgboost_return,5,12,2025-02-28,us_industrial_production_pct_change_12m,0.014904748648405075
xgboost_return,5,12,2025-02-28,origin_shfe_close_cny_per_ton,0.18787415325641632
xgboost_return,5,12,2025-02-28,uk_ftse100_glencore_pct_change_12m,0.014945522882044315
xgboost_return,5,12,2025-02-28,south_korea_kospi_lag_6,0.04571232572197914
xgboost_return,5,12,2025-02-28,germany_manufacturing_order_books_lag_1,0.01249714009463787
xgboost_return,5,12,2025-02-28,peru_usd_pen_lag_1,0.018913010135293007
xgboost_return,5,12,2025-02-28,origin_lead_cash_usd_per_ton,0.0189298577606678
xgboost_return,5,12,2025-02-28,origin_zinc_cash_usd_per_ton,0.01655150018632412
xgboost_return,5,12,2025-03-31,origin_aluminum_cash_usd_per_ton,0.5247406959533691
xgboost_return,5,12,2025-03-31,us_industrial_production_pct_change_12m,0.014566201716661453
xgboost_return,5,12,2025-03-31,uk_ftse100_glencore_pct_change_12m,0.10521119832992554
xgboost_return,5,12,2025-03-31,origin_copper_price_usd_per_ton,0.07701154798269272
xgboost_return,5,12,2025-03-31,origin_shfe_settlement_cny_per_ton,0.10405021905899048
xgboost_return,5,12,2025-03-31,germany_manufacturing_order_books_lag_1,0.08444392681121826
xgboost_return,5,12,2025-03-31,south_korea_kospi_lag_6,0.0630713552236557
xgboost_return,5,12,2025-03-31,origin_zinc_cash_usd_per_ton,0.019246958196163177
xgboost_return,5,12,2025-03-31,origin_lead_cash_usd_per_ton,0.007657984737306833
xgboost_return,5,12,2025-04-30,origin_aluminum_cash_usd_per_ton,0.33152657747268677
xgboost_return,5,12,2025-04-30,aluminum_cash_usd_per_ton_lag_1,0.25957971811294556
xgboost_return,5,12,2025-04-30,us_industrial_production_pct_change_12m,0.025559479370713234
xgboost_return,5,12,2025-04-30,china_fixed_asset_investment_yoy_pct_lag_3,0.007693673949688673
xgboost_return,5,12,2025-04-30,uk_ftse100_glencore_pct_change_12m,0.0498170405626297
xgboost_return,5,12,2025-04-30,origin_copper_price_usd_per_ton,0.20198510587215424
xgboost_return,5,12,2025-04-30,origin_shfe_settlement_cny_per_ton,0.0741221010684967
xgboost_return,5,12,2025-04-30,brent_oil_usd_pct_change_12m,0.032650236040353775
xgboost_return,5,12,2025-04-30,uk_ftse100_pct_change_12m,0.017066065222024918
xgboost_return,5,12,2025-05-31,origin_aluminum_cash_usd_per_ton,0.5109803080558777
xgboost_return,5,12,2025-05-31,aluminum_cash_usd_per_ton_lag_1,0.17498385906219482
xgboost_return,5,12,2025-05-31,us_industrial_production_pct_change_12m,0.0261115450412035
xgboost_return,5,12,2025-05-31,china_fixed_asset_investment_yoy_pct_lag_3,0.010470978915691376
xgboost_return,5,12,2025-05-31,uk_ftse100_glencore_pct_change_12m,0.03614988923072815
xgboost_return,5,12,2025-05-31,origin_copper_price_usd_per_ton,0.11230649054050446
xgboost_return,5,12,2025-05-31,brent_oil_usd_pct_change_12m,0.021079350262880325
xgboost_return,5,12,2025-05-31,origin_shfe_settlement_cny_per_ton,0.06783477216959
xgboost_return,5,12,2025-05-31,origin_lead_cash_usd_per_ton,0.04008281230926514
xgboost_return,5,12,2025-06-30,origin_aluminum_cash_usd_per_ton,0.48922857642173767
xgboost_return,5,12,2025-06-30,aluminum_cash_usd_per_ton_lag_1,0.19778645038604736
xgboost_return,5,12,2025-06-30,us_industrial_production_pct_change_12m,0.04099580645561218
xgboost_return,5,12,2025-06-30,china_fixed_asset_investment_yoy_pct_lag_3,0.0405748076736927
xgboost_return,5,12,2025-06-30,uk_ftse100_glencore_pct_change_12m,0.012269534170627594
xgboost_return,5,12,2025-06-30,origin_copper_price_usd_per_ton,0.08466258645057678
xgboost_return,5,12,2025-06-30,brent_oil_usd_pct_change_12m,0.04575670510530472
xgboost_return,5,12,2025-06-30,origin_lead_cash_usd_per_ton,0.03777965530753136
xgboost_return,5,12,2025-06-30,origin_zinc_cash_usd_per_ton,0.050945945084095
xgboost_return,5,12,2025-07-31,origin_aluminum_cash_usd_per_ton,0.5069271922111511
xgboost_return,5,12,2025-07-31,aluminum_cash_usd_per_ton_lag_1,0.05646971985697746
xgboost_return,5,12,2025-07-31,us_industrial_production_pct_change_12m,0.033848609775304794
xgboost_return,5,12,2025-07-31,china_fixed_asset_investment_yoy_pct_lag_3,0.00845407322049141
xgboost_return,5,12,2025-07-31,uk_ftse100_glencore_pct_change_12m,0.015179239213466644
xgboost_return,5,12,2025-07-31,origin_copper_price_usd_per_ton,0.13730517029762268
xgboost_return,5,12,2025-07-31,g20_composite_leading_indicator_lag_6,0.12191740423440933
xgboost_return,5,12,2025-07-31,origin_zinc_cash_usd_per_ton,0.10293068736791611
xgboost_return,5,12,2025-07-31,peru_diesel_price_index_pct_change_12m,0.01696784235537052
xgboost_return,5,12,2025-08-31,origin_aluminum_cash_usd_per_ton,0.2679276466369629
xgboost_return,5,12,2025-08-31,aluminum_cash_usd_per_ton_lag_1,0.05221130698919296
xgboost_return,5,12,2025-08-31,us_industrial_production_pct_change_12m,0.04884364828467369
xgboost_return,5,12,2025-08-31,china_fixed_asset_investment_yoy_pct_lag_3,0.05182264372706413
xgboost_return,5,12,2025-08-31,uk_ftse100_glencore_pct_change_12m,0.03741955757141113
xgboost_return,5,12,2025-08-31,peru_diesel_price_index_pct_change_12m,0.05609114468097687
xgboost_return,5,12,2025-08-31,origin_copper_price_usd_per_ton,0.08071518689393997
xgboost_return,5,12,2025-08-31,origin_zinc_cash_usd_per_ton,0.15685713291168213
xgboost_return,5,12,2025-08-31,brent_oil_usd_pct_change_12m,0.24811172485351562
xgboost_return,8,1,2025-01-31,uk_ftse100_lag_1,0.07024530321359634
xgboost_return,8,1,2025-01-31,peru_bvl_general_lag_3,0.05709894746541977
xgboost_return,8,1,2025-01-31,us_industrial_production_lag_1,0.05366174876689911
xgboost_return,8,1,2025-01-31,aluminum_stock_ton_pct_change_1m,0.08069257438182831
xgboost_return,8,1,2025-01-31,shfe_open_interest_lots_lag_3,0.04799121990799904
xgboost_return,8,1,2025-01-31,japan_ppi_pct_change_12m,0.04542035982012749
xgboost_return,8,1,2025-01-31,brent_oil_usd_lag_1,0.05424889922142029
xgboost_return,8,1,2025-01-31,origin_uk_ftse100,0.05450378730893135
xgboost_return,8,1,2025-01-31,us_cpi_index_pct_change_12m,0.06474246084690094
xgboost_return,8,1,2025-01-31,canada_tsx_composite_hudbay_minerals_lag_3,0.033442772924900055
xgboost_return,8,1,2025-01-31,euro_area_industrial_production_lag_6,0.04859994351863861
xgboost_return,8,1,2025-01-31,peru_usd_pen_pct_change_3m,0.050650469958782196
xgboost_return,8,1,2025-01-31,uk_ftse100_pct_change_12m,0.04498507082462311
xgboost_return,8,1,2025-01-31,tin_stock_ton_change_1m,0.08232089132070541
xgboost_return,8,1,2025-01-31,turkey_capacity_electrical_equipment_percent_change_1m,0.049158725887537
xgboost_return,8,1,2025-01-31,india_10y_yield_lag_1,0.03530922904610634
xgboost_return,8,1,2025-01-31,aluminum_stock_ton_change_1m,0.05060136690735817
xgboost_return,8,1,2025-01-31,australia_asx200_pct_change_12m,0.03491506725549698
xgboost_return,8,1,2025-01-31,india_10y_yield_pct_change_3m,0.04141122102737427
xgboost_return,8,1,2025-02-28,us_industrial_production_lag_1,0.04262223467230797
xgboost_return,8,1,2025-02-28,uk_ftse100_lag_1,0.09546350687742233
xgboost_return,8,1,2025-02-28,shfe_open_interest_lots_lag_3,0.037917234003543854
xgboost_return,8,1,2025-02-28,aluminum_stock_ton_pct_change_1m,0.05533164367079735
xgboost_return,8,1,2025-02-28,tin_stock_ton_change_1m,0.1099877804517746
xgboost_return,8,1,2025-02-28,uk_ftse100_pct_change_12m,0.050205063074827194
xgboost_return,8,1,2025-02-28,euro_area_industrial_production_lag_6,0.04498289152979851
xgboost_return,8,1,2025-02-28,peru_bvl_general_lag_3,0.04187238961458206
xgboost_return,8,1,2025-02-28,shfe_open_interest_lots_lag_1,0.031520579010248184
xgboost_return,8,1,2025-02-28,us_cpi_index_pct_change_12m,0.035769712179899216
xgboost_return,8,1,2025-02-28,brent_oil_usd_lag_1,0.08977700024843216
xgboost_return,8,1,2025-02-28,peru_usd_pen_pct_change_3m,0.04869033396244049
xgboost_return,8,1,2025-02-28,turkey_capacity_electrical_equipment_percent_pct_change_1m,0.0557779036462307
xgboost_return,8,1,2025-02-28,india_10y_yield_lag_1,0.04384054243564606
xgboost_return,8,1,2025-02-28,japan_ppi_pct_change_12m,0.03821182996034622
xgboost_return,8,1,2025-02-28,australia_asx200_pct_change_12m,0.031797558069229126
xgboost_return,8,1,2025-02-28,brent_oil_usd_pct_change_12m,0.04161713272333145
xgboost_return,8,1,2025-02-28,india_10y_yield_pct_change_3m,0.03948795050382614
xgboost_return,8,1,2025-02-28,aluminum_stock_ton_change_1m,0.06512674689292908
xgboost_return,8,1,2025-03-31,us_industrial_production_lag_1,0.06546112149953842
xgboost_return,8,1,2025-03-31,euro_area_industrial_production_lag_6,0.06753101199865341
xgboost_return,8,1,2025-03-31,tin_stock_ton_change_1m,0.10372532159090042
xgboost_return,8,1,2025-03-31,turkey_capacity_electrical_equipment_percent_pct_change_1m,0.06715948134660721
xgboost_return,8,1,2025-03-31,aluminum_stock_ton_pct_change_1m,0.05372340604662895
xgboost_return,8,1,2025-03-31,shfe_open_interest_lots_lag_3,0.04391968995332718
xgboost_return,8,1,2025-03-31,uk_ftse100_lag_1,0.052034445106983185
xgboost_return,8,1,2025-03-31,shfe_open_interest_lots_lag_1,0.03606204688549042
xgboost_return,8,1,2025-03-31,india_10y_yield_lag_1,0.06630624830722809
xgboost_return,8,1,2025-03-31,peru_bvl_general_lag_3,0.06594885140657425
xgboost_return,8,1,2025-03-31,brent_oil_usd_lag_1,0.05929869785904884
xgboost_return,8,1,2025-03-31,us_cpi_index_pct_change_12m,0.05191083624958992
xgboost_return,8,1,2025-03-31,aluminum_stock_ton_change_1m,0.059449996799230576
xgboost_return,8,1,2025-03-31,korea_call_money_rate_pct_change_12m,0.035494014620780945
xgboost_return,8,1,2025-03-31,us_10y_2y_spread_pct_change_12m,0.024913569912314415
xgboost_return,8,1,2025-03-31,japan_ppi_pct_change_12m,0.03641229495406151
xgboost_return,8,1,2025-03-31,lead_cash_usd_per_ton_lag_3,0.029863832518458366
xgboost_return,8,1,2025-03-31,origin_global_portcalls,0.03455343097448349
xgboost_return,8,1,2025-03-31,india_10y_yield_pct_change_3m,0.0462317056953907
xgboost_return,8,1,2025-04-30,us_industrial_production_lag_1,0.06372550874948502
xgboost_return,8,1,2025-04-30,uk_ftse100_lag_1,0.08756779879331589
xgboost_return,8,1,2025-04-30,peru_bvl_general_lag_3,0.08409973978996277
xgboost_return,8,1,2025-04-30,aluminum_stock_ton_pct_change_1m,0.05481283739209175
xgboost_return,8,1,2025-04-30,euro_area_industrial_production_lag_6,0.0767880380153656
xgboost_return,8,1,2025-04-30,turkey_capacity_electrical_equipment_percent_pct_change_1m,0.058251749724149704
xgboost_return,8,1,2025-04-30,tin_stock_ton_change_1m,0.08705160021781921
xgboost_return,8,1,2025-04-30,brent_oil_usd_lag_1,0.07088080793619156
xgboost_return,8,1,2025-04-30,shfe_open_interest_lots_lag_1,0.03760877996683121
xgboost_return,8,1,2025-04-30,japan_ppi_pct_change_12m,0.03895481675863266
xgboost_return,8,1,2025-04-30,shfe_open_interest_lots_lag_3,0.019370559602975845
xgboost_return,8,1,2025-04-30,india_10y_yield_lag_1,0.060012947767972946
xgboost_return,8,1,2025-04-30,aluminum_stock_ton_change_1m,0.05303160101175308
xgboost_return,8,1,2025-04-30,us_cpi_index_pct_change_12m,0.05058015137910843
xgboost_return,8,1,2025-04-30,origin_global_portcalls,0.028043437749147415
xgboost_return,8,1,2025-04-30,peru_usd_pen_pct_change_3m,0.05330473929643631
xgboost_return,8,1,2025-04-30,us_cpi_index_pct_change_3m,0.03057677671313286
xgboost_return,8,1,2025-04-30,zinc_cash_usd_per_ton_lag_6,0.022579146549105644
xgboost_return,8,1,2025-04-30,origin_uk_ftse100,0.02275901660323143
xgboost_return,8,1,2025-05-31,us_industrial_production_lag_1,0.06728848069906235
xgboost_return,8,1,2025-05-31,euro_area_industrial_production_lag_6,0.06446472555398941
xgboost_return,8,1,2025-05-31,tin_stock_ton_change_1m,0.11984856426715851
xgboost_return,8,1,2025-05-31,peru_bvl_general_lag_3,0.07189086079597473
xgboost_return,8,1,2025-05-31,brent_oil_usd_lag_1,0.07150314003229141
xgboost_return,8,1,2025-05-31,uk_ftse100_lag_1,0.05707390978932381
xgboost_return,8,1,2025-05-31,aluminum_stock_ton_pct_change_1m,0.061307575553655624
xgboost_return,8,1,2025-05-31,korea_call_money_rate_pct_change_12m,0.03629841282963753
xgboost_return,8,1,2025-05-31,shfe_open_interest_lots_lag_3,0.039051711559295654
xgboost_return,8,1,2025-05-31,india_10y_yield_lag_1,0.05363990366458893
xgboost_return,8,1,2025-05-31,us_cpi_index_pct_change_12m,0.05581853538751602
xgboost_return,8,1,2025-05-31,japan_ppi_pct_change_12m,0.052777525037527084
xgboost_return,8,1,2025-05-31,euro_area_industrial_production_lag_3,0.02117125317454338
xgboost_return,8,1,2025-05-31,china_fixed_asset_investment_yoy_pct_pct_change_1m,0.056299757212400436
xgboost_return,8,1,2025-05-31,zinc_cash_usd_per_ton_lag_6,0.042924825102090836
xgboost_return,8,1,2025-05-31,origin_global_portcalls,0.025658663362264633
xgboost_return,8,1,2025-05-31,india_10y_yield_pct_change_12m,0.019549759104847908
xgboost_return,8,1,2025-05-31,turkey_capacity_electrical_equipment_percent_pct_change_1m,0.05628387629985809
xgboost_return,8,1,2025-05-31,m2_money_supply_pct_change_1m,0.027148496359586716
xgboost_return,8,1,2025-06-30,us_industrial_production_lag_1,0.05378885567188263
xgboost_return,8,1,2025-06-30,euro_area_industrial_production_lag_6,0.06420610845088959
xgboost_return,8,1,2025-06-30,tin_stock_ton_change_1m,0.10614082962274551
xgboost_return,8,1,2025-06-30,brent_oil_usd_lag_1,0.13777831196784973
xgboost_return,8,1,2025-06-30,peru_bvl_general_lag_3,0.06423307210206985
xgboost_return,8,1,2025-06-30,korea_call_money_rate_pct_change_12m,0.04350093752145767
xgboost_return,8,1,2025-06-30,india_10y_yield_lag_1,0.04846617951989174
xgboost_return,8,1,2025-06-30,shfe_open_interest_lots_lag_3,0.03961528092622757
xgboost_return,8,1,2025-06-30,aluminum_stock_ton_pct_change_1m,0.04874637350440025
xgboost_return,8,1,2025-06-30,turkey_capacity_electrical_equipment_percent_change_1m,0.0584411695599556
xgboost_return,8,1,2025-06-30,uk_ftse100_lag_1,0.05261451005935669
xgboost_return,8,1,2025-06-30,us_cpi_index_pct_change_12m,0.048081591725349426
xgboost_return,8,1,2025-06-30,india_10y_yield_pct_change_12m,0.0352776013314724
xgboost_return,8,1,2025-06-30,us_10y_2y_spread_pct_change_12m,0.0
xgboost_return,8,1,2025-06-30,euro_area_industrial_production_lag_3,0.05482824146747589
xgboost_return,8,1,2025-06-30,shfe_open_interest_lots_pct_change_12m,0.02716509997844696
xgboost_return,8,1,2025-06-30,lead_cash_usd_per_ton_lag_3,0.027631117030978203
xgboost_return,8,1,2025-06-30,china_fixed_asset_investment_yoy_pct_pct_change_1m,0.051597483456134796
xgboost_return,8,1,2025-06-30,uk_ftse100_glencore_lag_1,0.03788715973496437
xgboost_return,8,1,2025-07-31,us_industrial_production_lag_1,0.06078188493847847
xgboost_return,8,1,2025-07-31,euro_area_industrial_production_lag_6,0.06958359479904175
xgboost_return,8,1,2025-07-31,tin_stock_ton_change_1m,0.08203007280826569
xgboost_return,8,1,2025-07-31,shfe_open_interest_lots_lag_3,0.027447760105133057
xgboost_return,8,1,2025-07-31,aluminum_stock_ton_pct_change_1m,0.059848371893167496
xgboost_return,8,1,2025-07-31,turkey_capacity_electrical_equipment_percent_change_1m,0.053348418325185776
xgboost_return,8,1,2025-07-31,aluminum_stock_ton_change_1m,0.05334784835577011
xgboost_return,8,1,2025-07-31,india_10y_yield_lag_1,0.060805220156908035
xgboost_return,8,1,2025-07-31,uk_ftse100_lag_1,0.0730246976017952
xgboost_return,8,1,2025-07-31,lead_cash_usd_per_ton_lag_3,0.04073542356491089
xgboost_return,8,1,2025-07-31,peru_bvl_general_lag_3,0.08084657788276672
xgboost_return,8,1,2025-07-31,brent_oil_usd_lag_1,0.036088135093450546
xgboost_return,8,1,2025-07-31,shfe_open_interest_lots_lag_1,0.040097255259752274
xgboost_return,8,1,2025-07-31,m2_money_supply_change_1m,0.059727851301431656
xgboost_return,8,1,2025-07-31,uk_ftse100_pct_change_12m,0.04447207972407341
xgboost_return,8,1,2025-07-31,china_fixed_asset_investment_yoy_pct_pct_change_1m,0.06357492506504059
xgboost_return,8,1,2025-07-31,australia_asx200_pct_change_12m,0.04014710709452629
xgboost_return,8,1,2025-07-31,korea_call_money_rate_pct_change_12m,0.02230045571923256
xgboost_return,8,1,2025-07-31,china_fixed_asset_investment_yoy_pct_lag_3,0.031792353838682175
xgboost_return,8,1,2025-08-31,us_industrial_production_lag_1,0.05657176300883293
xgboost_return,8,1,2025-08-31,shfe_open_interest_lots_lag_3,0.03447095304727554
xgboost_return,8,1,2025-08-31,aluminum_stock_ton_pct_change_1m,0.056025296449661255
xgboost_return,8,1,2025-08-31,uk_ftse100_pct_change_12m,0.05482622981071472
xgboost_return,8,1,2025-08-31,uk_ftse100_lag_1,0.12118449807167053
xgboost_return,8,1,2025-08-31,aluminum_stock_ton_change_1m,0.05942683294415474
xgboost_return,8,1,2025-08-31,australia_asx200_pct_change_12m,0.06313260644674301
xgboost_return,8,1,2025-08-31,tin_stock_ton_change_1m,0.11397260427474976
xgboost_return,8,1,2025-08-31,china_fixed_asset_investment_yoy_pct_lag_3,0.039110418409109116
xgboost_return,8,1,2025-08-31,euro_area_industrial_production_lag_6,0.04385263845324516
xgboost_return,8,1,2025-08-31,shfe_open_interest_lots_lag_1,0.04366333410143852
xgboost_return,8,1,2025-08-31,m2_money_supply_change_1m,0.0416242778301239
xgboost_return,8,1,2025-08-31,turkey_capacity_electrical_equipment_percent_change_1m,0.052041370421648026
xgboost_return,8,1,2025-08-31,lead_cash_usd_per_ton_lag_3,0.03126227855682373
xgboost_return,8,1,2025-08-31,euro_area_construction_output_pct_change_12m,0.023311754688620567
xgboost_return,8,1,2025-08-31,china_fixed_asset_investment_yoy_pct_pct_change_1m,0.02764415182173252
xgboost_return,8,1,2025-08-31,vix_index_lag_1,0.04751105606555939
xgboost_return,8,1,2025-08-31,peru_bvl_general_lag_3,0.035485584288835526
xgboost_return,8,1,2025-08-31,india_10y_yield_lag_1,0.05488238111138344
xgboost_return,8,1,2025-09-30,us_industrial_production_lag_1,0.09623105078935623
xgboost_return,8,1,2025-09-30,shfe_open_interest_lots_lag_3,0.03989764675498009
xgboost_return,8,1,2025-09-30,aluminum_stock_ton_pct_change_1m,0.04448908194899559
xgboost_return,8,1,2025-09-30,china_fixed_asset_investment_yoy_pct_lag_3,0.0507979579269886
xgboost_return,8,1,2025-09-30,aluminum_stock_ton_change_1m,0.12076938897371292
xgboost_return,8,1,2025-09-30,tin_stock_ton_change_1m,0.14619110524654388
xgboost_return,8,1,2025-09-30,uk_ftse100_pct_change_12m,0.057412635535001755
xgboost_return,8,1,2025-09-30,lead_cash_usd_per_ton_lag_3,0.026685554534196854
xgboost_return,8,1,2025-09-30,euro_area_industrial_production_lag_6,0.03732786700129509
xgboost_return,8,1,2025-09-30,m2_money_supply_change_1m,0.04306286200881004
xgboost_return,8,1,2025-09-30,turkey_capacity_electrical_equipment_percent_change_1m,0.07530999183654785
xgboost_return,8,1,2025-09-30,shfe_open_interest_lots_lag_1,0.03033415600657463
xgboost_return,8,1,2025-09-30,australia_asx200_pct_change_12m,0.033254485577344894
xgboost_return,8,1,2025-09-30,uk_ftse100_lag_1,0.07367849349975586
xgboost_return,8,1,2025-09-30,fed_interest_rate_pct_change_12m,0.0076195839792490005
xgboost_return,8,1,2025-09-30,euro_area_construction_output_pct_change_12m,0.027212388813495636
xgboost_return,8,1,2025-09-30,vix_index_lag_1,0.027253171429038048
xgboost_return,8,1,2025-09-30,india_10y_yield_lag_1,0.04744220897555351
xgboost_return,8,1,2025-09-30,us_10y_2y_spread_pct_change_12m,0.015030421316623688
xgboost_return,8,1,2025-10-31,china_fixed_asset_investment_yoy_pct_lag_3,0.07207558304071426
xgboost_return,8,1,2025-10-31,aluminum_stock_ton_pct_change_1m,0.06331267952919006
xgboost_return,8,1,2025-10-31,aluminum_stock_ton_change_1m,0.10552380979061127
xgboost_return,8,1,2025-10-31,lead_cash_usd_per_ton_lag_3,0.06057046726346016
xgboost_return,8,1,2025-10-31,shfe_open_interest_lots_lag_3,0.041829679161310196
xgboost_return,8,1,2025-10-31,fed_interest_rate_pct_change_12m,0.033956777304410934
xgboost_return,8,1,2025-10-31,us_industrial_production_lag_1,0.05528766289353371
xgboost_return,8,1,2025-10-31,m2_money_supply_change_1m,0.06184528023004532
xgboost_return,8,1,2025-10-31,tin_stock_ton_change_1m,0.09738228470087051
xgboost_return,8,1,2025-10-31,uk_ftse100_pct_change_12m,0.03785407170653343
xgboost_return,8,1,2025-10-31,us_10y_2y_spread_pct_change_12m,0.06199854984879494
xgboost_return,8,1,2025-10-31,shfe_open_interest_lots_lag_1,0.045749764889478683
xgboost_return,8,1,2025-10-31,vix_index_lag_1,0.046371232718229294
xgboost_return,8,1,2025-10-31,india_10y_yield_lag_1,0.031341515481472015
xgboost_return,8,1,2025-10-31,korea_call_money_rate_pct_change_12m,0.037823595106601715
xgboost_return,8,1,2025-10-31,euro_area_construction_output_pct_change_12m,0.026732536032795906
xgboost_return,8,1,2025-10-31,turkey_capacity_electrical_equipment_percent_change_1m,0.07019930332899094
xgboost_return,8,1,2025-10-31,global_economic_policy_uncertainty_index_lag_3,0.028780125081539154
xgboost_return,8,1,2025-10-31,euro_area_industrial_production_lag_6,0.021365264430642128
xgboost_return,8,1,2025-11-30,china_fixed_asset_investment_yoy_pct_lag_3,0.0678931325674057
xgboost_return,8,1,2025-11-30,aluminum_stock_ton_pct_change_1m,0.05413186177611351
xgboost_return,8,1,2025-11-30,lead_cash_usd_per_ton_lag_3,0.04018799588084221
xgboost_return,8,1,2025-11-30,aluminum_stock_ton_change_1m,0.06583293527364731
xgboost_return,8,1,2025-11-30,fed_interest_rate_pct_change_12m,0.08184929937124252
xgboost_return,8,1,2025-11-30,shfe_open_interest_lots_lag_3,0.028115971013903618
xgboost_return,8,1,2025-11-30,m2_money_supply_change_1m,0.04224749654531479
xgboost_return,8,1,2025-11-30,us_industrial_production_lag_1,0.05191471055150032
xgboost_return,8,1,2025-11-30,tin_stock_ton_change_1m,0.09767071157693863
xgboost_return,8,1,2025-11-30,us_10y_2y_spread_pct_change_12m,0.05392005294561386
xgboost_return,8,1,2025-11-30,uk_ftse100_pct_change_12m,0.03195493668317795
xgboost_return,8,1,2025-11-30,vix_index_lag_1,0.07849438488483429
xgboost_return,8,1,2025-11-30,shfe_open_interest_lots_lag_1,0.04148660600185394
xgboost_return,8,1,2025-11-30,korea_call_money_rate_pct_change_12m,0.060504745692014694
xgboost_return,8,1,2025-11-30,india_10y_yield_lag_1,0.0795794352889061
xgboost_return,8,1,2025-11-30,euro_area_construction_output_pct_change_12m,0.026144709438085556
xgboost_return,8,1,2025-11-30,turkey_capacity_electrical_equipment_percent_change_1m,0.04903756454586983
xgboost_return,8,1,2025-11-30,global_economic_policy_uncertainty_index_lag_3,0.026932373642921448
xgboost_return,8,1,2025-11-30,global_economic_policy_uncertainty_index_lag_1,0.02210114523768425
xgboost_return,8,1,2025-12-31,china_fixed_asset_investment_yoy_pct_lag_3,0.08340896666049957
xgboost_return,8,1,2025-12-31,aluminum_stock_ton_pct_change_1m,0.06315268576145172
xgboost_return,8,1,2025-12-31,lead_cash_usd_per_ton_lag_3,0.05607837811112404
xgboost_return,8,1,2025-12-31,aluminum_stock_ton_change_1m,0.06217615306377411
xgboost_return,8,1,2025-12-31,fed_interest_rate_pct_change_12m,0.042213696986436844
xgboost_return,8,1,2025-12-31,us_10y_2y_spread_pct_change_12m,0.06936530023813248
xgboost_return,8,1,2025-12-31,m2_money_supply_change_1m,0.055359192192554474
xgboost_return,8,1,2025-12-31,shfe_open_interest_lots_lag_3,0.0358259417116642
xgboost_return,8,1,2025-12-31,us_industrial_production_lag_1,0.04080905765295029
xgboost_return,8,1,2025-12-31,korea_call_money_rate_pct_change_12m,0.05062927305698395
xgboost_return,8,1,2025-12-31,india_10y_yield_lag_1,0.05333817005157471
xgboost_return,8,1,2025-12-31,global_economic_policy_uncertainty_index_lag_3,0.024413060396909714
xgboost_return,8,1,2025-12-31,tin_stock_ton_change_1m,0.08240766078233719
xgboost_return,8,1,2025-12-31,global_economic_policy_uncertainty_index_lag_1,0.01635187864303589
xgboost_return,8,1,2025-12-31,china_fixed_asset_investment_yoy_pct_lag_1,0.02061598375439644
xgboost_return,8,1,2025-12-31,vix_index_lag_1,0.0444832369685173
xgboost_return,8,1,2025-12-31,germany_manufacturing_order_books_lag_6,0.11668974161148071
xgboost_return,8,1,2025-12-31,euro_area_industrial_production_lag_6,0.039926085621118546
xgboost_return,8,1,2025-12-31,usa_nyse_mp_materials_pct_change_3m,0.04275554046034813
xgboost_return,8,1,2026-01-31,china_fixed_asset_investment_yoy_pct_lag_3,0.1008014976978302
xgboost_return,8,1,2026-01-31,lead_cash_usd_per_ton_lag_3,0.09045000374317169
xgboost_return,8,1,2026-01-31,fed_interest_rate_pct_change_12m,0.023227468132972717
xgboost_return,8,1,2026-01-31,aluminum_stock_ton_pct_change_1m,0.06332599371671677
xgboost_return,8,1,2026-01-31,aluminum_stock_ton_change_1m,0.06659884750843048
xgboost_return,8,1,2026-01-31,us_10y_2y_spread_pct_change_12m,0.05541834607720375
xgboost_return,8,1,2026-01-31,global_economic_policy_uncertainty_index_lag_1,0.05356559157371521
xgboost_return,8,1,2026-01-31,china_fixed_asset_investment_yoy_pct_lag_1,0.02872570976614952
xgboost_return,8,1,2026-01-31,global_economic_policy_uncertainty_index_lag_3,0.04076617211103439
xgboost_return,8,1,2026-01-31,turkey_capacity_machinery_percent_lag_1,0.03525605797767639
xgboost_return,8,1,2026-01-31,india_10y_yield_lag_1,0.044938746839761734
xgboost_return,8,1,2026-01-31,germany_manufacturing_order_books_lag_6,0.07511185109615326
xgboost_return,8,1,2026-01-31,korea_call_money_rate_pct_change_12m,0.03573981672525406
xgboost_return,8,1,2026-01-31,vix_index_lag_1,0.04744671285152435
xgboost_return,8,1,2026-01-31,fed_interest_rate_pct_change_1m,0.053259074687957764
xgboost_return,8,1,2026-01-31,m2_money_supply_change_1m,0.05252229794859886
xgboost_return,8,1,2026-01-31,brent_oil_usd_pct_change_12m,0.028909511864185333
xgboost_return,8,1,2026-01-31,lead_cash_usd_per_ton_lag_1,0.03799119219183922
xgboost_return,8,1,2026-01-31,turkey_manufacturing_capacity_utilization_percent_lag_1,0.06594504415988922
xgboost_return,8,1,2026-02-28,china_fixed_asset_investment_yoy_pct_lag_3,0.07526955753564835
xgboost_return,8,1,2026-02-28,lead_cash_usd_per_ton_lag_3,0.07383549213409424
xgboost_return,8,1,2026-02-28,aluminum_stock_ton_pct_change_1m,0.06107281520962715
xgboost_return,8,1,2026-02-28,aluminum_stock_ton_change_1m,0.08467185497283936
xgboost_return,8,1,2026-02-28,fed_interest_rate_pct_change_12m,0.06125963479280472
xgboost_return,8,1,2026-02-28,us_10y_2y_spread_pct_change_12m,0.0597272552549839
xgboost_return,8,1,2026-02-28,global_economic_policy_uncertainty_index_lag_1,0.040462229400873184
xgboost_return,8,1,2026-02-28,china_fixed_asset_investment_yoy_pct_lag_1,0.01229369267821312
xgboost_return,8,1,2026-02-28,global_economic_policy_uncertainty_index_lag_3,0.028433380648493767
xgboost_return,8,1,2026-02-28,india_10y_yield_lag_1,0.058516714721918106
xgboost_return,8,1,2026-02-28,vix_index_lag_1,0.040431492030620575
xgboost_return,8,1,2026-02-28,korea_call_money_rate_pct_change_12m,0.035920001566410065
xgboost_return,8,1,2026-02-28,turkey_capacity_machinery_percent_lag_1,0.04658426716923714
xgboost_return,8,1,2026-02-28,m2_money_supply_change_1m,0.06896908581256866
xgboost_return,8,1,2026-02-28,germany_manufacturing_order_books_lag_6,0.09187489002943039
xgboost_return,8,1,2026-02-28,us_industrial_production_lag_1,0.04566380754113197
xgboost_return,8,1,2026-02-28,tin_stock_ton_change_1m,0.06606268882751465
xgboost_return,8,1,2026-02-28,fed_interest_rate_pct_change_1m,0.033177658915519714
xgboost_return,8,1,2026-02-28,brent_oil_usd_pct_change_12m,0.015773596242070198
xgboost_return,8,1,2026-03-31,china_fixed_asset_investment_yoy_pct_lag_3,0.09004595130681992
xgboost_return,8,1,2026-03-31,aluminum_stock_ton_pct_change_1m,0.0744534432888031
xgboost_return,8,1,2026-03-31,lead_cash_usd_per_ton_lag_3,0.07976523786783218
xgboost_return,8,1,2026-03-31,aluminum_stock_ton_change_1m,0.07744291424751282
xgboost_return,8,1,2026-03-31,fed_interest_rate_pct_change_12m,0.041092850267887115
xgboost_return,8,1,2026-03-31,us_10y_2y_spread_pct_change_12m,0.05658829212188721
xgboost_return,8,1,2026-03-31,china_fixed_asset_investment_yoy_pct_lag_1,0.03928641602396965
xgboost_return,8,1,2026-03-31,tin_stock_ton_change_1m,0.08567053079605103
xgboost_return,8,1,2026-03-31,india_10y_yield_lag_1,0.03729943558573723
xgboost_return,8,1,2026-03-31,vix_index_lag_1,0.05160866305232048
xgboost_return,8,1,2026-03-31,us_industrial_production_lag_1,0.0694330483675003
xgboost_return,8,1,2026-03-31,m2_money_supply_change_1m,0.04642762243747711
xgboost_return,8,1,2026-03-31,shfe_open_interest_lots_lag_3,0.04175711050629616
xgboost_return,8,1,2026-03-31,korea_call_money_rate_pct_change_12m,0.035597167909145355
xgboost_return,8,1,2026-03-31,global_economic_policy_uncertainty_index_lag_1,0.02602885477244854
xgboost_return,8,1,2026-03-31,tin_stock_ton_lag_12,0.05653304606676102
xgboost_return,8,1,2026-03-31,germany_manufacturing_order_books_lag_6,0.03693031147122383
xgboost_return,8,1,2026-03-31,brent_oil_usd_lag_1,0.024356462061405182
xgboost_return,8,1,2026-03-31,global_economic_policy_uncertainty_index_lag_3,0.029682567343115807
xgboost_return,8,1,2026-04-30,china_fixed_asset_investment_yoy_pct_lag_3,0.046399954706430435
xgboost_return,8,1,2026-04-30,lead_cash_usd_per_ton_lag_3,0.07734468579292297
xgboost_return,8,1,2026-04-30,aluminum_stock_ton_pct_change_1m,0.05498495697975159
xgboost_return,8,1,2026-04-30,aluminum_stock_ton_change_1m,0.1042441800236702
xgboost_return,8,1,2026-04-30,fed_interest_rate_pct_change_12m,0.040787793695926666
xgboost_return,8,1,2026-04-30,us_10y_2y_spread_pct_change_12m,0.06091316416859627
xgboost_return,8,1,2026-04-30,china_fixed_asset_investment_yoy_pct_lag_1,0.029584454372525215
xgboost_return,8,1,2026-04-30,tin_stock_ton_change_1m,0.07614434510469437
xgboost_return,8,1,2026-04-30,india_10y_yield_lag_1,0.0477549210190773
xgboost_return,8,1,2026-04-30,m2_money_supply_change_1m,0.04564676061272621
xgboost_return,8,1,2026-04-30,vix_index_lag_1,0.05530251935124397
xgboost_return,8,1,2026-04-30,global_economic_policy_uncertainty_index_lag_1,0.03861182928085327
xgboost_return,8,1,2026-04-30,korea_call_money_rate_pct_change_12m,0.03659963235259056
xgboost_return,8,1,2026-04-30,us_industrial_production_lag_1,0.05170923098921776
xgboost_return,8,1,2026-04-30,germany_manufacturing_order_books_lag_6,0.09077563881874084
xgboost_return,8,1,2026-04-30,global_economic_policy_uncertainty_index_lag_3,0.0307930838316679
xgboost_return,8,1,2026-04-30,shfe_open_interest_lots_lag_3,0.029295429587364197
xgboost_return,8,1,2026-04-30,turkey_capacity_machinery_percent_lag_1,0.03493290767073631
xgboost_return,8,1,2026-04-30,tin_stock_ton_lag_12,0.048174526542425156
xgboost_return,8,1,2026-05-31,china_fixed_asset_investment_yoy_pct_lag_3,0.07564975321292877
xgboost_return,8,1,2026-05-31,lead_cash_usd_per_ton_lag_3,0.07158244401216507
xgboost_return,8,1,2026-05-31,aluminum_stock_ton_change_1m,0.08125097304582596
xgboost_return,8,1,2026-05-31,aluminum_stock_ton_pct_change_1m,0.047490645200014114
xgboost_return,8,1,2026-05-31,fed_interest_rate_pct_change_12m,0.07163766026496887
xgboost_return,8,1,2026-05-31,china_fixed_asset_investment_yoy_pct_lag_1,0.028194833546876907
xgboost_return,8,1,2026-05-31,us_10y_2y_spread_pct_change_12m,0.03833489120006561
xgboost_return,8,1,2026-05-31,vix_index_lag_1,0.05168290436267853
xgboost_return,8,1,2026-05-31,global_economic_policy_uncertainty_index_lag_1,0.029456142336130142
xgboost_return,8,1,2026-05-31,india_10y_yield_lag_1,0.06481143087148666
xgboost_return,8,1,2026-05-31,korea_call_money_rate_pct_change_12m,0.02727356180548668
xgboost_return,8,1,2026-05-31,germany_manufacturing_order_books_lag_6,0.08112119138240814
xgboost_return,8,1,2026-05-31,global_economic_policy_uncertainty_index_lag_3,0.037662994116544724
xgboost_return,8,1,2026-05-31,tin_stock_ton_change_1m,0.07941676676273346
xgboost_return,8,1,2026-05-31,turkey_capacity_machinery_percent_lag_1,0.03100650943815708
xgboost_return,8,1,2026-05-31,m2_money_supply_change_1m,0.051875438541173935
xgboost_return,8,1,2026-05-31,lead_cash_usd_per_ton_lag_1,0.03071977198123932
xgboost_return,8,1,2026-05-31,euro_area_industrial_production_lag_6,0.04190921410918236
xgboost_return,8,1,2026-05-31,turkey_manufacturing_capacity_utilization_percent_lag_1,0.05892282724380493
xgboost_return,8,1,2026-06-30,china_fixed_asset_investment_yoy_pct_lag_3,0.07052881270647049
xgboost_return,8,1,2026-06-30,lead_cash_usd_per_ton_lag_3,0.06906090676784515
xgboost_return,8,1,2026-06-30,aluminum_stock_ton_change_1m,0.06084643304347992
xgboost_return,8,1,2026-06-30,china_fixed_asset_investment_yoy_pct_lag_1,0.04859897494316101
xgboost_return,8,1,2026-06-30,fed_interest_rate_pct_change_12m,0.03658951818943024
xgboost_return,8,1,2026-06-30,aluminum_stock_ton_pct_change_1m,0.05896482989192009
xgboost_return,8,1,2026-06-30,us_10y_2y_spread_pct_change_12m,0.07721402496099472
xgboost_return,8,1,2026-06-30,global_economic_policy_uncertainty_index_lag_1,0.027798805385828018
xgboost_return,8,1,2026-06-30,vix_index_lag_1,0.056662630289793015
xgboost_return,8,1,2026-06-30,india_10y_yield_lag_1,0.04770135134458542
xgboost_return,8,1,2026-06-30,global_economic_policy_uncertainty_index_lag_3,0.044247888028621674
xgboost_return,8,1,2026-06-30,korea_call_money_rate_pct_change_12m,0.030762262642383575
xgboost_return,8,1,2026-06-30,germany_manufacturing_order_books_lag_6,0.04080783575773239
xgboost_return,8,1,2026-06-30,turkey_capacity_machinery_percent_lag_1,0.04840491712093353
xgboost_return,8,1,2026-06-30,tin_stock_ton_change_1m,0.07846308499574661
xgboost_return,8,1,2026-06-30,lead_cash_usd_per_ton_lag_1,0.025964191183447838
xgboost_return,8,1,2026-06-30,m2_money_supply_change_1m,0.04475077614188194
xgboost_return,8,1,2026-06-30,euro_area_industrial_production_lag_6,0.03929316624999046
xgboost_return,8,1,2026-06-30,turkey_manufacturing_capacity_utilization_percent_lag_1,0.09333958476781845
xgboost_return,8,1,2026-07-31,china_fixed_asset_investment_yoy_pct_lag_3,0.0898500382900238
xgboost_return,8,1,2026-07-31,lead_cash_usd_per_ton_lag_3,0.057404376566410065
xgboost_return,8,1,2026-07-31,fed_interest_rate_pct_change_12m,0.03791702538728714
xgboost_return,8,1,2026-07-31,aluminum_stock_ton_change_1m,0.031752824783325195
xgboost_return,8,1,2026-07-31,aluminum_stock_ton_pct_change_1m,0.05083340406417847
xgboost_return,8,1,2026-07-31,us_10y_2y_spread_pct_change_12m,0.06868663430213928
xgboost_return,8,1,2026-07-31,china_fixed_asset_investment_yoy_pct_lag_1,0.0807764083147049
xgboost_return,8,1,2026-07-31,vix_index_lag_1,0.04713943600654602
xgboost_return,8,1,2026-07-31,global_economic_policy_uncertainty_index_lag_1,0.03758307173848152
xgboost_return,8,1,2026-07-31,korea_call_money_rate_pct_change_12m,0.04146624729037285
xgboost_return,8,1,2026-07-31,tin_stock_ton_change_1m,0.06949951499700546
xgboost_return,8,1,2026-07-31,m2_money_supply_change_1m,0.05702961981296539
xgboost_return,8,1,2026-07-31,india_10y_yield_lag_1,0.060790907591581345
xgboost_return,8,1,2026-07-31,germany_manufacturing_order_books_lag_6,0.05279301851987839
xgboost_return,8,1,2026-07-31,global_economic_policy_uncertainty_index_lag_3,0.035162657499313354
xgboost_return,8,1,2026-07-31,japan_ppi_pct_change_12m,0.07875639200210571
xgboost_return,8,1,2026-07-31,euro_area_construction_output_pct_change_12m,0.016284584999084473
xgboost_return,8,1,2026-07-31,vix_index_pct_change_12m,0.046762097626924515
xgboost_return,8,1,2026-07-31,indonesia_call_money_rate_pct_change_3m,0.039511773735284805
xgboost_return,8,3,2025-01-31,china_fixed_asset_investment_yoy_pct_pct_change_1m,0.03531511873006821
xgboost_return,8,3,2025-01-31,peru_usd_pen_pct_change_3m,0.058684106916189194
xgboost_return,8,3,2025-01-31,origin_uk_ftse100,0.1889740526676178
xgboost_return,8,3,2025-01-31,peru_bvl_general_lag_3,0.03158581256866455
xgboost_return,8,3,2025-01-31,usa_nyse_mp_materials_lag_3,0.05850747972726822
xgboost_return,8,3,2025-01-31,shfe_open_interest_lots_lag_1,0.0437806062400341
xgboost_return,8,3,2025-01-31,uk_ftse100_lag_1,0.012620334513485432
xgboost_return,8,3,2025-01-31,global_container_import_lag_12,0.04110857471823692
xgboost_return,8,3,2025-01-31,us_industrial_production_lag_1,0.045388802886009216
xgboost_return,8,3,2025-01-31,peru_bvl_general_lag_1,0.05426257103681564
xgboost_return,8,3,2025-01-31,canada_tsx_composite_teck_resources_lag_1,0.02900698408484459
xgboost_return,8,3,2025-01-31,brent_oil_usd_lag_1,0.16226297616958618
xgboost_return,8,3,2025-01-31,lead_cash_usd_per_ton_lag_3,0.025892216712236404
xgboost_return,8,3,2025-01-31,canada_tsx_composite_hudbay_minerals_lag_3,0.03920721262693405
xgboost_return,8,3,2025-01-31,canada_tsx_composite_hudbay_minerals_lag_1,0.0568251758813858
xgboost_return,8,3,2025-01-31,indonesia_jakarta_composite_lag_3,0.030114101245999336
xgboost_return,8,3,2025-01-31,nickel_stock_ton_pct_change_12m,0.059562716633081436
xgboost_return,8,3,2025-01-31,china_copper_related_dry_bulk_export_lag_12,0.026901258155703545
xgboost_return,8,3,2025-02-28,china_fixed_asset_investment_yoy_pct_pct_change_1m,0.03284674882888794
xgboost_return,8,3,2025-02-28,peru_usd_pen_pct_change_3m,0.05605646222829819
xgboost_return,8,3,2025-02-28,peru_bvl_general_lag_3,0.026332393288612366
xgboost_return,8,3,2025-02-28,origin_uk_ftse100,0.16544245183467865
xgboost_return,8,3,2025-02-28,shfe_open_interest_lots_lag_1,0.017947740852832794
xgboost_return,8,3,2025-02-28,usa_nyse_mp_materials_lag_3,0.049956753849983215
xgboost_return,8,3,2025-02-28,us_industrial_production_lag_1,0.0577097125351429
xgboost_return,8,3,2025-02-28,global_container_import_lag_12,0.07205025106668472
xgboost_return,8,3,2025-02-28,uk_ftse100_lag_1,0.016839558258652687
xgboost_return,8,3,2025-02-28,lead_cash_usd_per_ton_lag_3,0.0211469829082489
xgboost_return,8,3,2025-02-28,peru_bvl_general_lag_1,0.04240820184350014
xgboost_return,8,3,2025-02-28,brent_oil_usd_lag_1,0.22236961126327515
xgboost_return,8,3,2025-02-28,canada_tsx_composite_hudbay_minerals_lag_3,0.03393806517124176
xgboost_return,8,3,2025-02-28,canada_tsx_composite_teck_resources_lag_1,0.017499949783086777
xgboost_return,8,3,2025-02-28,canada_tsx_composite_hudbay_minerals_lag_1,0.08036088198423386
xgboost_return,8,3,2025-02-28,us_10y_2y_spread_pct_change_12m,0.008458073250949383
xgboost_return,8,3,2025-02-28,euro_area_industrial_production_lag_6,0.03266328573226929
xgboost_return,8,3,2025-02-28,nickel_stock_ton_pct_change_12m,0.04597295820713043
xgboost_return,8,3,2025-03-31,china_fixed_asset_investment_yoy_pct_pct_change_1m,0.035984691232442856
xgboost_return,8,3,2025-03-31,peru_bvl_general_lag_3,0.06126835197210312
xgboost_return,8,3,2025-03-31,peru_usd_pen_pct_change_3m,0.07316355407238007
xgboost_return,8,3,2025-03-31,us_industrial_production_lag_1,0.053509920835494995
xgboost_return,8,3,2025-03-31,usa_nyse_mp_materials_lag_3,0.04650159552693367
xgboost_return,8,3,2025-03-31,origin_uk_ftse100,0.19756290316581726
xgboost_return,8,3,2025-03-31,shfe_open_interest_lots_lag_1,0.033163055777549744
xgboost_return,8,3,2025-03-31,lead_cash_usd_per_ton_lag_3,0.03891466557979584
xgboost_return,8,3,2025-03-31,global_container_import_lag_12,0.04677474498748779
xgboost_return,8,3,2025-03-31,brent_oil_usd_lag_1,0.1725282073020935
xgboost_return,8,3,2025-03-31,uk_ftse100_lag_1,0.01584307849407196
xgboost_return,8,3,2025-03-31,peru_bvl_general_lag_1,0.04259461164474487
xgboost_return,8,3,2025-03-31,euro_area_industrial_production_lag_6,0.038386270403862
xgboost_return,8,3,2025-03-31,euro_area_industrial_production_lag_3,0.016804398968815804
xgboost_return,8,3,2025-03-31,us_10y_2y_spread_pct_change_12m,0.01709968037903309
xgboost_return,8,3,2025-03-31,korea_call_money_rate_pct_change_12m,0.014179063960909843
xgboost_return,8,3,2025-03-31,nickel_stock_ton_pct_change_12m,0.07372119277715683
xgboost_return,8,3,2025-03-31,china_copper_related_dry_bulk_export_lag_12,0.021999968215823174
xgboost_return,8,3,2025-04-30,china_fixed_asset_investment_yoy_pct_pct_change_1m,0.034930188208818436
xgboost_return,8,3,2025-04-30,peru_bvl_general_lag_3,0.06004045158624649
xgboost_return,8,3,2025-04-30,us_industrial_production_lag_1,0.0495406910777092
xgboost_return,8,3,2025-04-30,peru_usd_pen_pct_change_3m,0.04566018655896187
xgboost_return,8,3,2025-04-30,usa_nyse_mp_materials_lag_3,0.04977516457438469
xgboost_return,8,3,2025-04-30,shfe_open_interest_lots_lag_1,0.041316572576761246
xgboost_return,8,3,2025-04-30,origin_uk_ftse100,0.13677863776683807
xgboost_return,8,3,2025-04-30,lead_cash_usd_per_ton_lag_3,0.0640404000878334
xgboost_return,8,3,2025-04-30,euro_area_industrial_production_lag_6,0.025143349543213844
xgboost_return,8,3,2025-04-30,brent_oil_usd_lag_1,0.23230789601802826
xgboost_return,8,3,2025-04-30,peru_bvl_general_lag_1,0.05400848016142845
xgboost_return,8,3,2025-04-30,euro_area_industrial_production_lag_3,0.05184698477387428
xgboost_return,8,3,2025-04-30,global_container_import_lag_12,0.045831549912691116
xgboost_return,8,3,2025-04-30,uk_ftse100_lag_1,0.014484195038676262
xgboost_return,8,3,2025-04-30,korea_call_money_rate_pct_change_12m,0.014544838108122349
xgboost_return,8,3,2025-04-30,us_10y_2y_spread_pct_change_12m,0.017819372937083244
xgboost_return,8,3,2025-04-30,nickel_stock_ton_pct_change_12m,0.040606748312711716
xgboost_return,8,3,2025-04-30,us_industrial_production_lag_3,0.02132422849535942
xgboost_return,8,3,2025-05-31,china_fixed_asset_investment_yoy_pct_pct_change_1m,0.04271864891052246
xgboost_return,8,3,2025-05-31,peru_usd_pen_pct_change_3m,0.06297481060028076
xgboost_return,8,3,2025-05-31,us_industrial_production_lag_1,0.058433789759874344
xgboost_return,8,3,2025-05-31,peru_bvl_general_lag_3,0.04620666429400444
xgboost_return,8,3,2025-05-31,usa_nyse_mp_materials_lag_3,0.05252835527062416
xgboost_return,8,3,2025-05-31,shfe_open_interest_lots_lag_1,0.03395701199769974
xgboost_return,8,3,2025-05-31,lead_cash_usd_per_ton_lag_3,0.03462713584303856
xgboost_return,8,3,2025-05-31,origin_uk_ftse100,0.11639703065156937
xgboost_return,8,3,2025-05-31,euro_area_industrial_production_lag_6,0.03371569514274597
xgboost_return,8,3,2025-05-31,brent_oil_usd_lag_1,0.2702171802520752
xgboost_return,8,3,2025-05-31,euro_area_industrial_production_lag_3,0.03429364785552025
xgboost_return,8,3,2025-05-31,global_container_import_lag_12,0.0473192073404789
xgboost_return,8,3,2025-05-31,peru_bvl_general_lag_1,0.04745053872466087
xgboost_return,8,3,2025-05-31,uk_ftse100_lag_1,0.01897762529551983
xgboost_return,8,3,2025-05-31,korea_call_money_rate_pct_change_12m,0.01245489064604044
xgboost_return,8,3,2025-05-31,us_10y_2y_spread_pct_change_12m,0.04164712503552437
xgboost_return,8,3,2025-05-31,nickel_stock_ton_pct_change_12m,0.028653474524617195
xgboost_return,8,3,2025-05-31,india_10y_yield_lag_1,0.01742713525891304
xgboost_return,8,3,2025-06-30,peru_usd_pen_pct_change_3m,0.07330877333879471
xgboost_return,8,3,2025-06-30,china_fixed_asset_investment_yoy_pct_pct_change_1m,0.04677727445960045
xgboost_return,8,3,2025-06-30,shfe_open_interest_lots_lag_1,0.043482303619384766
xgboost_return,8,3,2025-06-30,us_industrial_production_lag_1,0.07225623726844788
xgboost_return,8,3,2025-06-30,lead_cash_usd_per_ton_lag_3,0.021373549476265907
xgboost_return,8,3,2025-06-30,usa_nyse_mp_materials_lag_3,0.05177849903702736
xgboost_return,8,3,2025-06-30,peru_bvl_general_lag_3,0.03922342509031296
xgboost_return,8,3,2025-06-30,origin_uk_ftse100,0.12651780247688293
xgboost_return,8,3,2025-06-30,global_container_import_lag_12,0.05229319632053375
xgboost_return,8,3,2025-06-30,euro_area_industrial_production_lag_6,0.025238489732146263
xgboost_return,8,3,2025-06-30,euro_area_industrial_production_lag_3,0.02254977822303772
xgboost_return,8,3,2025-06-30,us_10y_2y_spread_pct_change_12m,0.031558793038129807
xgboost_return,8,3,2025-06-30,uk_ftse100_lag_1,0.016555260866880417
xgboost_return,8,3,2025-06-30,brent_oil_usd_lag_1,0.21043097972869873
xgboost_return,8,3,2025-06-30,origin_shfe_open_interest_lots,0.012816747650504112
xgboost_return,8,3,2025-06-30,india_10y_yield_lag_1,0.03033832646906376
xgboost_return,8,3,2025-06-30,canada_tsx_composite_hudbay_minerals_lag_3,0.02216271124780178
xgboost_return,8,3,2025-06-30,shfe_open_interest_lots_pct_change_12m,0.10133791714906693
xgboost_return,8,3,2025-07-31,china_fixed_asset_investment_yoy_pct_pct_change_1m,0.053045470267534256
xgboost_return,8,3,2025-07-31,lead_cash_usd_per_ton_lag_3,0.08611172437667847
xgboost_return,8,3,2025-07-31,peru_usd_pen_pct_change_3m,0.07995441555976868
xgboost_return,8,3,2025-07-31,shfe_open_interest_lots_lag_1,0.037193842232227325
xgboost_return,8,3,2025-07-31,usa_nyse_mp_materials_lag_3,0.045389462262392044
xgboost_return,8,3,2025-07-31,us_industrial_production_lag_1,0.07471567392349243
xgboost_return,8,3,2025-07-31,origin_uk_ftse100,0.2417747527360916
xgboost_return,8,3,2025-07-31,india_10y_yield_lag_1,0.02564721368253231
xgboost_return,8,3,2025-07-31,peru_bvl_general_lag_3,0.052784670144319534
xgboost_return,8,3,2025-07-31,us_10y_2y_spread_pct_change_12m,0.025937573984265327
xgboost_return,8,3,2025-07-31,origin_shfe_open_interest_lots,0.016203543171286583
xgboost_return,8,3,2025-07-31,euro_area_industrial_production_lag_6,0.04209630936384201
xgboost_return,8,3,2025-07-31,china_fixed_asset_investment_yoy_pct_lag_1,0.0601685494184494
xgboost_return,8,3,2025-07-31,euro_area_industrial_production_lag_3,0.020522382110357285
xgboost_return,8,3,2025-07-31,canada_tsx_composite_hudbay_minerals_lag_3,0.03091259114444256
xgboost_return,8,3,2025-07-31,korea_call_money_rate_pct_change_12m,0.013919557444751263
xgboost_return,8,3,2025-07-31,global_container_import_lag_12,0.042499423027038574
xgboost_return,8,3,2025-07-31,nickel_stock_ton_pct_change_12m,0.05112290754914284
xgboost_return,8,3,2025-08-31,lead_cash_usd_per_ton_lag_3,0.09918495267629623
xgboost_return,8,3,2025-08-31,peru_usd_pen_pct_change_3m,0.06687501072883606
xgboost_return,8,3,2025-08-31,china_fixed_asset_investment_yoy_pct_pct_change_1m,0.02207978442311287
xgboost_return,8,3,2025-08-31,shfe_open_interest_lots_lag_1,0.036193639039993286
xgboost_return,8,3,2025-08-31,usa_nyse_mp_materials_lag_3,0.04239244386553764
xgboost_return,8,3,2025-08-31,us_industrial_production_lag_1,0.0477333664894104
xgboost_return,8,3,2025-08-31,china_fixed_asset_investment_yoy_pct_lag_1,0.04481499269604683
xgboost_return,8,3,2025-08-31,origin_shfe_open_interest_lots,0.01761217974126339
xgboost_return,8,3,2025-08-31,origin_uk_ftse100,0.21157671511173248
xgboost_return,8,3,2025-08-31,china_fixed_asset_investment_yoy_pct_lag_3,0.09703033417463303
xgboost_return,8,3,2025-08-31,uk_ftse100_pct_change_12m,0.051187749952077866
xgboost_return,8,3,2025-08-31,us_10y_2y_spread_pct_change_12m,0.03690246492624283
xgboost_return,8,3,2025-08-31,india_10y_yield_lag_1,0.023159626871347427
xgboost_return,8,3,2025-08-31,australia_asx200_pct_change_12m,0.05513413995504379
xgboost_return,8,3,2025-08-31,canada_tsx_composite_hudbay_minerals_lag_3,0.019461527466773987
xgboost_return,8,3,2025-08-31,peru_bvl_general_lag_3,0.0678374245762825
xgboost_return,8,3,2025-08-31,global_container_import_lag_12,0.03838963061571121
xgboost_return,8,3,2025-08-31,euro_area_construction_output_pct_change_12m,0.022433992475271225
xgboost_return,8,3,2025-09-30,lead_cash_usd_per_ton_lag_3,0.04966132342815399
xgboost_return,8,3,2025-09-30,peru_usd_pen_pct_change_3m,0.058988917618989944
xgboost_return,8,3,2025-09-30,shfe_open_interest_lots_lag_1,0.04897122457623482
xgboost_return,8,3,2025-09-30,china_fixed_asset_investment_yoy_pct_pct_change_1m,0.02602868154644966
xgboost_return,8,3,2025-09-30,china_fixed_asset_investment_yoy_pct_lag_1,0.04205278679728508
xgboost_return,8,3,2025-09-30,usa_nyse_mp_materials_lag_3,0.05749605596065521
xgboost_return,8,3,2025-09-30,us_industrial_production_lag_1,0.04271936044096947
xgboost_return,8,3,2025-09-30,origin_shfe_open_interest_lots,0.02947533130645752
xgboost_return,8,3,2025-09-30,china_fixed_asset_investment_yoy_pct_lag_3,0.09318826347589493
xgboost_return,8,3,2025-09-30,uk_ftse100_pct_change_12m,0.056968096643686295
xgboost_return,8,3,2025-09-30,origin_uk_ftse100,0.21959896385669708
xgboost_return,8,3,2025-09-30,euro_area_construction_output_pct_change_12m,0.026182305067777634
xgboost_return,8,3,2025-09-30,australia_asx200_pct_change_12m,0.08824407309293747
xgboost_return,8,3,2025-09-30,us_10y_2y_spread_pct_change_12m,0.022780321538448334
xgboost_return,8,3,2025-09-30,canada_tsx_composite_hudbay_minerals_lag_3,0.018709905445575714
xgboost_return,8,3,2025-09-30,india_10y_yield_lag_1,0.02707528881728649
xgboost_return,8,3,2025-09-30,china_fixed_asset_investment_yoy_pct_lag_12,0.05952940508723259
xgboost_return,8,3,2025-09-30,zinc_stock_ton_pct_change_12m,0.03232952579855919
xgboost_return,8,3,2025-10-31,lead_cash_usd_per_ton_lag_3,0.1400817334651947
xgboost_return,8,3,2025-10-31,peru_usd_pen_pct_change_3m,0.08673212677240372
xgboost_return,8,3,2025-10-31,china_fixed_asset_investment_yoy_pct_lag_1,0.05651089921593666
xgboost_return,8,3,2025-10-31,shfe_open_interest_lots_lag_1,0.07134821265935898
xgboost_return,8,3,2025-10-31,china_fixed_asset_investment_yoy_pct_change_1m,0.029715653508901596
xgboost_return,8,3,2025-10-31,china_fixed_asset_investment_yoy_pct_lag_3,0.08089596033096313
xgboost_return,8,3,2025-10-31,usa_nyse_mp_materials_lag_3,0.07017754018306732
xgboost_return,8,3,2025-10-31,us_industrial_production_lag_1,0.05680515617132187
xgboost_return,8,3,2025-10-31,uk_ftse100_pct_change_12m,0.09315764158964157
xgboost_return,8,3,2025-10-31,origin_shfe_open_interest_lots,0.030928095802664757
xgboost_return,8,3,2025-10-31,us_10y_2y_spread_pct_change_12m,0.038498006761074066
xgboost_return,8,3,2025-10-31,euro_area_construction_output_pct_change_12m,0.034249551594257355
xgboost_return,8,3,2025-10-31,china_fixed_asset_investment_yoy_pct_lag_12,0.07851186394691467
xgboost_return,8,3,2025-10-31,india_10y_yield_lag_1,0.025274716317653656
xgboost_return,8,3,2025-10-31,lead_cash_usd_per_ton_lag_1,0.03622530773282051
xgboost_return,8,3,2025-10-31,fed_interest_rate_pct_change_12m,0.014600122347474098
xgboost_return,8,3,2025-10-31,euro_area_industrial_production_lag_3,0.018006520345807076
xgboost_return,8,3,2025-10-31,korea_call_money_rate_pct_change_12m,0.0382809117436409
xgboost_return,8,3,2025-11-30,lead_cash_usd_per_ton_lag_3,0.17866939306259155
xgboost_return,8,3,2025-11-30,china_fixed_asset_investment_yoy_pct_lag_1,0.08414892852306366
xgboost_return,8,3,2025-11-30,china_fixed_asset_investment_yoy_pct_lag_3,0.08892131596803665
xgboost_return,8,3,2025-11-30,peru_usd_pen_pct_change_3m,0.0810478925704956
xgboost_return,8,3,2025-11-30,shfe_open_interest_lots_lag_1,0.049857694655656815
xgboost_return,8,3,2025-11-30,usa_nyse_mp_materials_lag_3,0.06754215061664581
xgboost_return,8,3,2025-11-30,china_fixed_asset_investment_yoy_pct_change_1m,0.026047253981232643
xgboost_return,8,3,2025-11-30,us_10y_2y_spread_pct_change_12m,0.03464119881391525
xgboost_return,8,3,2025-11-30,china_fixed_asset_investment_yoy_pct_lag_12,0.05842854455113411
xgboost_return,8,3,2025-11-30,global_economic_policy_uncertainty_index_lag_1,0.03684578463435173
xgboost_return,8,3,2025-11-30,fed_interest_rate_pct_change_12m,0.02005847357213497
xgboost_return,8,3,2025-11-30,lead_cash_usd_per_ton_lag_1,0.03322022780776024
xgboost_return,8,3,2025-11-30,india_10y_yield_lag_1,0.022968027740716934
xgboost_return,8,3,2025-11-30,uk_ftse100_pct_change_12m,0.07582840323448181
xgboost_return,8,3,2025-11-30,origin_shfe_open_interest_lots,0.04652690142393112
xgboost_return,8,3,2025-11-30,germany_manufacturing_order_books_lag_6,0.02333191968500614
xgboost_return,8,3,2025-11-30,turkey_capacity_machinery_percent_lag_1,0.031840261071920395
xgboost_return,8,3,2025-11-30,korea_call_money_rate_pct_change_12m,0.04007551446557045
xgboost_return,8,3,2025-12-31,lead_cash_usd_per_ton_lag_3,0.1515435129404068
xgboost_return,8,3,2025-12-31,china_fixed_asset_investment_yoy_pct_lag_1,0.10465434193611145
xgboost_return,8,3,2025-12-31,china_fixed_asset_investment_yoy_pct_lag_3,0.10123171657323837
xgboost_return,8,3,2025-12-31,us_10y_2y_spread_pct_change_12m,0.027454040944576263
xgboost_return,8,3,2025-12-31,global_economic_policy_uncertainty_index_lag_1,0.03558271378278732
xgboost_return,8,3,2025-12-31,shfe_open_interest_lots_lag_1,0.04559378698468208
xgboost_return,8,3,2025-12-31,lead_cash_usd_per_ton_lag_1,0.028105542063713074
xgboost_return,8,3,2025-12-31,china_fixed_asset_investment_yoy_pct_lag_12,0.053426343947649
xgboost_return,8,3,2025-12-31,fed_interest_rate_pct_change_12m,0.040109314024448395
xgboost_return,8,3,2025-12-31,turkey_capacity_machinery_percent_lag_1,0.06173884496092796
xgboost_return,8,3,2025-12-31,peru_usd_pen_pct_change_3m,0.07436374574899673
xgboost_return,8,3,2025-12-31,usa_nyse_mp_materials_lag_3,0.055868543684482574
xgboost_return,8,3,2025-12-31,germany_manufacturing_order_books_lag_6,0.07245208323001862
xgboost_return,8,3,2025-12-31,india_10y_yield_lag_1,0.024128708988428116
xgboost_return,8,3,2025-12-31,korea_call_money_rate_pct_change_12m,0.049570437520742416
xgboost_return,8,3,2025-12-31,china_fixed_asset_investment_yoy_pct_change_1m,0.024915482848882675
xgboost_return,8,3,2025-12-31,us_2y_yield_pct_change_12m,0.019003789871931076
xgboost_return,8,3,2025-12-31,brent_oil_usd_pct_change_12m,0.0302570890635252
xgboost_return,8,3,2026-01-31,lead_cash_usd_per_ton_lag_3,0.1026044636964798
xgboost_return,8,3,2026-01-31,china_fixed_asset_investment_yoy_pct_lag_1,0.09880562871694565
xgboost_return,8,3,2026-01-31,china_fixed_asset_investment_yoy_pct_lag_3,0.12243415415287018
xgboost_return,8,3,2026-01-31,us_10y_2y_spread_pct_change_12m,0.04903635382652283
xgboost_return,8,3,2026-01-31,global_economic_policy_uncertainty_index_lag_1,0.035596054047346115
xgboost_return,8,3,2026-01-31,turkey_capacity_machinery_percent_lag_1,0.06466522067785263
xgboost_return,8,3,2026-01-31,lead_cash_usd_per_ton_lag_1,0.08135972917079926
xgboost_return,8,3,2026-01-31,fed_interest_rate_pct_change_12m,0.03406855836510658
xgboost_return,8,3,2026-01-31,germany_manufacturing_order_books_lag_6,0.028673287481069565
xgboost_return,8,3,2026-01-31,china_fixed_asset_investment_yoy_pct_lag_12,0.038558632135391235
xgboost_return,8,3,2026-01-31,korea_call_money_rate_pct_change_12m,0.1342296302318573
xgboost_return,8,3,2026-01-31,india_10y_yield_lag_1,0.03410869464278221
xgboost_return,8,3,2026-01-31,brent_oil_usd_pct_change_12m,0.028178289532661438
xgboost_return,8,3,2026-01-31,euro_area_industrial_production_lag_3,0.022195594385266304
xgboost_return,8,3,2026-01-31,shfe_open_interest_lots_lag_1,0.03953655809164047
xgboost_return,8,3,2026-01-31,us_2y_yield_pct_change_12m,0.015958372503519058
xgboost_return,8,3,2026-01-31,turkey_manufacturing_capacity_utilization_percent_lag_1,0.0
xgboost_return,8,3,2026-01-31,nickel_stock_ton_pct_change_12m,0.06999079883098602
xgboost_return,8,3,2026-02-28,china_fixed_asset_investment_yoy_pct_lag_1,0.09806936979293823
xgboost_return,8,3,2026-02-28,lead_cash_usd_per_ton_lag_3,0.05486332252621651
xgboost_return,8,3,2026-02-28,china_fixed_asset_investment_yoy_pct_lag_3,0.12738709151744843
xgboost_return,8,3,2026-02-28,us_10y_2y_spread_pct_change_12m,0.03553353250026703
xgboost_return,8,3,2026-02-28,global_economic_policy_uncertainty_index_lag_1,0.047279711812734604
xgboost_return,8,3,2026-02-28,turkey_capacity_machinery_percent_lag_1,0.07073596864938736
xgboost_return,8,3,2026-02-28,lead_cash_usd_per_ton_lag_1,0.05637095123529434
xgboost_return,8,3,2026-02-28,germany_manufacturing_order_books_lag_6,0.03365270420908928
xgboost_return,8,3,2026-02-28,fed_interest_rate_pct_change_12m,0.02864033915102482
xgboost_return,8,3,2026-02-28,korea_call_money_rate_pct_change_12m,0.06474398076534271
xgboost_return,8,3,2026-02-28,china_fixed_asset_investment_yoy_pct_lag_12,0.07336312532424927
xgboost_return,8,3,2026-02-28,india_10y_yield_lag_1,0.027734847739338875
xgboost_return,8,3,2026-02-28,usa_nyse_mp_materials_pct_change_3m,0.039674047380685806
xgboost_return,8,3,2026-02-28,euro_area_industrial_production_lag_3,0.018613301217556
xgboost_return,8,3,2026-02-28,brent_oil_usd_pct_change_12m,0.040632884949445724
xgboost_return,8,3,2026-02-28,turkey_manufacturing_capacity_utilization_percent_lag_1,0.035613156855106354
xgboost_return,8,3,2026-02-28,nickel_stock_ton_pct_change_12m,0.11461007595062256
xgboost_return,8,3,2026-02-28,us_2y_yield_pct_change_12m,0.03248148784041405
xgboost_return,8,3,2026-03-31,china_fixed_asset_investment_yoy_pct_lag_1,0.11958237737417221
xgboost_return,8,3,2026-03-31,lead_cash_usd_per_ton_lag_3,0.05621989443898201
xgboost_return,8,3,2026-03-31,china_fixed_asset_investment_yoy_pct_lag_3,0.13587194681167603
xgboost_return,8,3,2026-03-31,us_10y_2y_spread_pct_change_12m,0.04486682638525963
xgboost_return,8,3,2026-03-31,global_economic_policy_uncertainty_index_lag_1,0.03721565380692482
xgboost_return,8,3,2026-03-31,turkey_capacity_machinery_percent_lag_1,0.06527727842330933
xgboost_return,8,3,2026-03-31,germany_manufacturing_order_books_lag_6,0.04606155306100845
xgboost_return,8,3,2026-03-31,korea_call_money_rate_pct_change_12m,0.05822274833917618
xgboost_return,8,3,2026-03-31,lead_cash_usd_per_ton_lag_1,0.04919612035155296
xgboost_return,8,3,2026-03-31,fed_interest_rate_pct_change_12m,0.0328671857714653
xgboost_return,8,3,2026-03-31,india_10y_yield_lag_1,0.03227381780743599
xgboost_return,8,3,2026-03-31,china_fixed_asset_investment_yoy_pct_lag_12,0.08270735293626785
xgboost_return,8,3,2026-03-31,turkey_manufacturing_capacity_utilization_percent_lag_1,0.027337148785591125
xgboost_return,8,3,2026-03-31,brent_oil_usd_pct_change_12m,0.02616795524954796
xgboost_return,8,3,2026-03-31,euro_area_industrial_production_lag_3,0.02211589552462101
xgboost_return,8,3,2026-03-31,germany_manufacturing_order_books_lag_3,0.04333633556962013
xgboost_return,8,3,2026-03-31,nickel_stock_ton_pct_change_12m,0.08443649113178253
xgboost_return,8,3,2026-03-31,us_2y_yield_pct_change_12m,0.03624333441257477
xgboost_return,8,3,2026-04-30,lead_cash_usd_per_ton_lag_3,0.13110455870628357
xgboost_return,8,3,2026-04-30,china_fixed_asset_investment_yoy_pct_lag_1,0.10698669403791428
xgboost_return,8,3,2026-04-30,china_fixed_asset_investment_yoy_pct_lag_3,0.15946024656295776
xgboost_return,8,3,2026-04-30,us_10y_2y_spread_pct_change_12m,0.04178997501730919
xgboost_return,8,3,2026-04-30,global_economic_policy_uncertainty_index_lag_1,0.03305162116885185
xgboost_return,8,3,2026-04-30,turkey_capacity_machinery_percent_lag_1,0.058608729392290115
xgboost_return,8,3,2026-04-30,lead_cash_usd_per_ton_lag_1,0.029689878225326538
xgboost_return,8,3,2026-04-30,korea_call_money_rate_pct_change_12m,0.06293705850839615
xgboost_return,8,3,2026-04-30,fed_interest_rate_pct_change_12m,0.03221017122268677
xgboost_return,8,3,2026-04-30,germany_manufacturing_order_books_lag_6,0.0382087267935276
xgboost_return,8,3,2026-04-30,china_fixed_asset_investment_yoy_pct_lag_12,0.07055745273828506
xgboost_return,8,3,2026-04-30,india_10y_yield_lag_1,0.02635319158434868
xgboost_return,8,3,2026-04-30,euro_area_industrial_production_lag_3,0.023883605375885963
xgboost_return,8,3,2026-04-30,turkey_manufacturing_capacity_utilization_percent_lag_1,0.02409994602203369
xgboost_return,8,3,2026-04-30,usa_nyse_mp_materials_pct_change_3m,0.03888998180627823
xgboost_return,8,3,2026-04-30,brent_oil_usd_pct_change_12m,0.02710956521332264
xgboost_return,8,3,2026-04-30,germany_manufacturing_order_books_lag_3,0.032111432403326035
xgboost_return,8,3,2026-04-30,nickel_stock_ton_pct_change_12m,0.06294716894626617
xgboost_return,8,3,2026-05-31,lead_cash_usd_per_ton_lag_3,0.08599331974983215
xgboost_return,8,3,2026-05-31,china_fixed_asset_investment_yoy_pct_lag_1,0.08969166874885559
xgboost_return,8,3,2026-05-31,china_fixed_asset_investment_yoy_pct_lag_3,0.1404905468225479
xgboost_return,8,3,2026-05-31,us_10y_2y_spread_pct_change_12m,0.025362664833664894
xgboost_return,8,3,2026-05-31,global_economic_policy_uncertainty_index_lag_1,0.034647516906261444
xgboost_return,8,3,2026-05-31,korea_call_money_rate_pct_change_12m,0.04789160564541817
xgboost_return,8,3,2026-05-31,turkey_capacity_machinery_percent_lag_1,0.07224676758050919
xgboost_return,8,3,2026-05-31,fed_interest_rate_pct_change_12m,0.031541988253593445
xgboost_return,8,3,2026-05-31,germany_manufacturing_order_books_lag_6,0.21525658667087555
xgboost_return,8,3,2026-05-31,lead_cash_usd_per_ton_lag_1,0.029498709365725517
xgboost_return,8,3,2026-05-31,india_10y_yield_lag_1,0.021040312945842743
xgboost_return,8,3,2026-05-31,china_fixed_asset_investment_yoy_pct_lag_12,0.04253857955336571
xgboost_return,8,3,2026-05-31,euro_area_industrial_production_lag_3,0.0
xgboost_return,8,3,2026-05-31,usa_nyse_mp_materials_pct_change_3m,0.03423649072647095
xgboost_return,8,3,2026-05-31,nickel_stock_ton_pct_change_12m,0.11231140047311783
xgboost_return,8,3,2026-05-31,brent_oil_usd_pct_change_12m,0.0
xgboost_return,8,3,2026-05-31,turkey_manufacturing_capacity_utilization_percent_lag_1,0.0
xgboost_return,8,3,2026-05-31,germany_manufacturing_order_books_lag_3,0.01725180819630623
xgboost_return,8,6,2025-01-31,us_industrial_production_lag_1,0.03213584050536156
xgboost_return,8,6,2025-01-31,g20_composite_leading_indicator_lag_12,0.20716282725334167
xgboost_return,8,6,2025-01-31,peru_bvl_general_lag_1,0.09064194560050964
xgboost_return,8,6,2025-01-31,germany_manufacturing_order_books_lag_6,0.00924437865614891
xgboost_return,8,6,2025-01-31,euro_area_industrial_production_lag_3,0.006500104442238808
xgboost_return,8,6,2025-01-31,euro_area_industrial_production_lag_1,0.07175382226705551
xgboost_return,8,6,2025-01-31,lead_stock_ton_pct_change_12m,0.014045280404388905
xgboost_return,8,6,2025-01-31,zinc_cash_usd_per_ton_lag_6,0.04475726559758186
xgboost_return,8,6,2025-01-31,usa_nyse_mp_materials_lag_1,0.07759838551282883
xgboost_return,8,6,2025-01-31,zinc_cash_usd_per_ton_lag_1,0.02340405248105526
xgboost_return,8,6,2025-01-31,japan_10y_yield_lag_12,0.16640447080135345
xgboost_return,8,6,2025-01-31,natural_gas_usd_lag_6,0.08685170114040375
xgboost_return,8,6,2025-01-31,poland_wig20_lag_3,0.02978459931910038
xgboost_return,8,6,2025-01-31,origin_usa_nyse_mp_materials,0.013027013279497623
xgboost_return,8,6,2025-01-31,korea_call_money_rate_pct_change_12m,0.010851230472326279
xgboost_return,8,6,2025-01-31,china_fixed_asset_investment_yoy_pct_pct_change_1m,0.04415591061115265
xgboost_return,8,6,2025-01-31,origin_zinc_cash_usd_per_ton,0.03900011256337166
xgboost_return,8,6,2025-01-31,origin_peru_bvl_general,0.032681215554475784
xgboost_return,8,6,2025-02-28,us_industrial_production_lag_1,0.05107877030968666
xgboost_return,8,6,2025-02-28,g20_composite_leading_indicator_lag_12,0.1706128716468811
xgboost_return,8,6,2025-02-28,germany_manufacturing_order_books_lag_6,0.004811051767319441
xgboost_return,8,6,2025-02-28,euro_area_industrial_production_lag_3,0.03292195871472359
xgboost_return,8,6,2025-02-28,peru_bvl_general_lag_1,0.09142345935106277
xgboost_return,8,6,2025-02-28,euro_area_industrial_production_lag_1,0.03456496074795723
xgboost_return,8,6,2025-02-28,zinc_cash_usd_per_ton_lag_6,0.06156689301133156
xgboost_return,8,6,2025-02-28,lead_stock_ton_pct_change_12m,0.029698314145207405
xgboost_return,8,6,2025-02-28,zinc_cash_usd_per_ton_lag_1,0.024152178317308426
xgboost_return,8,6,2025-02-28,usa_nyse_mp_materials_lag_1,0.06243481487035751
xgboost_return,8,6,2025-02-28,japan_10y_yield_lag_12,0.17255879938602448
xgboost_return,8,6,2025-02-28,natural_gas_usd_lag_6,0.05391410365700722
xgboost_return,8,6,2025-02-28,origin_usa_nyse_mp_materials,0.012878496199846268
xgboost_return,8,6,2025-02-28,korea_call_money_rate_pct_change_12m,0.036814168095588684
xgboost_return,8,6,2025-02-28,poland_wig20_lag_3,0.02727932296693325
xgboost_return,8,6,2025-02-28,origin_zinc_cash_usd_per_ton,0.039340000599622726
xgboost_return,8,6,2025-02-28,china_fixed_asset_investment_yoy_pct_pct_change_1m,0.029345838353037834
xgboost_return,8,6,2025-02-28,lead_cash_usd_per_ton_lag_1,0.0646040141582489
xgboost_return,8,6,2025-03-31,us_industrial_production_lag_1,0.02155112288892269
xgboost_return,8,6,2025-03-31,g20_composite_leading_indicator_lag_12,0.18203137814998627
xgboost_return,8,6,2025-03-31,germany_manufacturing_order_books_lag_6,0.0034457778092473745
xgboost_return,8,6,2025-03-31,euro_area_industrial_production_lag_3,0.1106073185801506
xgboost_return,8,6,2025-03-31,zinc_cash_usd_per_ton_lag_6,0.09026436507701874
xgboost_return,8,6,2025-03-31,euro_area_industrial_production_lag_1,0.024814315140247345
xgboost_return,8,6,2025-03-31,zinc_cash_usd_per_ton_lag_1,0.01349354162812233
xgboost_return,8,6,2025-03-31,lead_stock_ton_pct_change_12m,0.033785220235586166
xgboost_return,8,6,2025-03-31,natural_gas_usd_lag_6,0.05709318444132805
xgboost_return,8,6,2025-03-31,usa_nyse_mp_materials_lag_1,0.05394471064209938
xgboost_return,8,6,2025-03-31,peru_bvl_general_lag_1,0.09368966519832611
xgboost_return,8,6,2025-03-31,lead_cash_usd_per_ton_lag_1,0.0628432035446167
xgboost_return,8,6,2025-03-31,origin_usa_nyse_mp_materials,0.011839781887829304
xgboost_return,8,6,2025-03-31,origin_zinc_cash_usd_per_ton,0.03463169187307358
xgboost_return,8,6,2025-03-31,korea_call_money_rate_pct_change_12m,0.08457589894533157
xgboost_return,8,6,2025-03-31,origin_lead_cash_usd_per_ton,0.04686747491359711
xgboost_return,8,6,2025-03-31,china_fixed_asset_investment_yoy_pct_pct_change_1m,0.05390101671218872
xgboost_return,8,6,2025-03-31,nickel_stock_ton_pct_change_3m,0.020620372146368027
xgboost_return,8,6,2025-04-30,g20_composite_leading_indicator_lag_12,0.1400771290063858
xgboost_return,8,6,2025-04-30,zinc_cash_usd_per_ton_lag_1,0.013806845992803574
xgboost_return,8,6,2025-04-30,us_industrial_production_lag_1,0.02491914853453636
xgboost_return,8,6,2025-04-30,zinc_cash_usd_per_ton_lag_6,0.07150600105524063
xgboost_return,8,6,2025-04-30,germany_manufacturing_order_books_lag_6,0.012395269237458706
xgboost_return,8,6,2025-04-30,lead_cash_usd_per_ton_lag_1,0.08372404426336288
xgboost_return,8,6,2025-04-30,origin_zinc_cash_usd_per_ton,0.042458269745111465
xgboost_return,8,6,2025-04-30,natural_gas_usd_lag_6,0.02754453383386135
xgboost_return,8,6,2025-04-30,lead_stock_ton_pct_change_12m,0.017901992425322533
xgboost_return,8,6,2025-04-30,euro_area_industrial_production_lag_1,0.028905360028147697
xgboost_return,8,6,2025-04-30,euro_area_industrial_production_lag_3,0.04107138141989708
xgboost_return,8,6,2025-04-30,origin_lead_cash_usd_per_ton,0.04418947920203209
xgboost_return,8,6,2025-04-30,canada_tsx_composite_hudbay_minerals_lag_1,0.02621055394411087
xgboost_return,8,6,2025-04-30,peru_bvl_general_lag_1,0.1674237698316574
xgboost_return,8,6,2025-04-30,usa_nyse_mp_materials_lag_1,0.044140953570604324
xgboost_return,8,6,2025-04-30,origin_usa_nyse_mp_materials,0.013921001926064491
xgboost_return,8,6,2025-04-30,korea_call_money_rate_pct_change_12m,0.1503266543149948
xgboost_return,8,6,2025-04-30,peru_usd_pen_pct_change_3m,0.04947759956121445
xgboost_return,8,6,2025-05-31,g20_composite_leading_indicator_lag_12,0.14214938879013062
xgboost_return,8,6,2025-05-31,lead_cash_usd_per_ton_lag_1,0.031122315675020218
xgboost_return,8,6,2025-05-31,zinc_cash_usd_per_ton_lag_1,0.011803737841546535
xgboost_return,8,6,2025-05-31,us_industrial_production_lag_1,0.051415376365184784
xgboost_return,8,6,2025-05-31,origin_lead_cash_usd_per_ton,0.02699897810816765
xgboost_return,8,6,2025-05-31,natural_gas_usd_lag_6,0.007267093285918236
xgboost_return,8,6,2025-05-31,germany_manufacturing_order_books_lag_6,0.007736033760011196
xgboost_return,8,6,2025-05-31,peru_usd_pen_pct_change_3m,0.054454121738672256
xgboost_return,8,6,2025-05-31,lead_stock_ton_pct_change_12m,0.03848688676953316
xgboost_return,8,6,2025-05-31,canada_tsx_composite_hudbay_minerals_lag_1,0.02246769890189171
xgboost_return,8,6,2025-05-31,origin_zinc_cash_usd_per_ton,0.05924157425761223
xgboost_return,8,6,2025-05-31,zinc_cash_usd_per_ton_lag_6,0.14045998454093933
xgboost_return,8,6,2025-05-31,euro_area_industrial_production_lag_1,0.016117163002490997
xgboost_return,8,6,2025-05-31,euro_area_industrial_production_lag_3,0.047071970999240875
xgboost_return,8,6,2025-05-31,usa_nyse_mp_materials_lag_1,0.04322225600481033
xgboost_return,8,6,2025-05-31,origin_usa_nyse_mp_materials,0.03133052587509155
xgboost_return,8,6,2025-05-31,zinc_cash_usd_per_ton_lag_3,0.016813505440950394
xgboost_return,8,6,2025-05-31,korea_call_money_rate_pct_change_12m,0.25184133648872375
xgboost_return,8,6,2025-06-30,lead_cash_usd_per_ton_lag_1,0.20693711936473846
xgboost_return,8,6,2025-06-30,peru_usd_pen_pct_change_3m,0.056325819343328476
xgboost_return,8,6,2025-06-30,origin_lead_cash_usd_per_ton,0.04159883037209511
xgboost_return,8,6,2025-06-30,g20_composite_leading_indicator_lag_12,0.11987302452325821
xgboost_return,8,6,2025-06-30,us_industrial_production_lag_1,0.12182632088661194
xgboost_return,8,6,2025-06-30,germany_manufacturing_order_books_lag_6,0.006290789693593979
xgboost_return,8,6,2025-06-30,zinc_cash_usd_per_ton_lag_1,0.010156435891985893
xgboost_return,8,6,2025-06-30,natural_gas_usd_lag_6,0.009194736368954182
xgboost_return,8,6,2025-06-30,lead_stock_ton_pct_change_12m,0.017412027344107628
xgboost_return,8,6,2025-06-30,euro_area_industrial_production_lag_1,0.012812620960175991
xgboost_return,8,6,2025-06-30,usa_nyse_mp_materials_lag_1,0.034508515149354935
xgboost_return,8,6,2025-06-30,euro_area_industrial_production_lag_3,0.03194959834218025
xgboost_return,8,6,2025-06-30,origin_usa_nyse_mp_materials,0.03314436972141266
xgboost_return,8,6,2025-06-30,zinc_cash_usd_per_ton_lag_6,0.10790803283452988
xgboost_return,8,6,2025-06-30,canada_tsx_composite_hudbay_minerals_lag_1,0.029267147183418274
xgboost_return,8,6,2025-06-30,origin_zinc_cash_usd_per_ton,0.04531589895486832
xgboost_return,8,6,2025-06-30,shfe_open_interest_lots_lag_1,0.06913566589355469
xgboost_return,8,6,2025-06-30,zinc_cash_usd_per_ton_lag_3,0.04634310305118561
xgboost_return,8,6,2025-07-31,lead_cash_usd_per_ton_lag_1,0.15931610763072968
xgboost_return,8,6,2025-07-31,origin_lead_cash_usd_per_ton,0.032475464046001434
xgboost_return,8,6,2025-07-31,natural_gas_usd_lag_6,0.010601651854813099
xgboost_return,8,6,2025-07-31,peru_usd_pen_pct_change_3m,0.0651487410068512
xgboost_return,8,6,2025-07-31,germany_manufacturing_order_books_lag_6,0.014707555994391441
xgboost_return,8,6,2025-07-31,us_industrial_production_lag_1,0.05964634194970131
xgboost_return,8,6,2025-07-31,g20_composite_leading_indicator_lag_12,0.03746059164404869
xgboost_return,8,6,2025-07-31,lead_stock_ton_pct_change_12m,0.04336482286453247
xgboost_return,8,6,2025-07-31,zinc_cash_usd_per_ton_lag_1,0.03259110078215599
xgboost_return,8,6,2025-07-31,shfe_open_interest_lots_lag_1,0.029316075146198273
xgboost_return,8,6,2025-07-31,euro_area_industrial_production_lag_1,0.011791407130658627
xgboost_return,8,6,2025-07-31,usa_nyse_mp_materials_lag_1,0.027954548597335815
xgboost_return,8,6,2025-07-31,euro_area_industrial_production_lag_3,0.009213474579155445
xgboost_return,8,6,2025-07-31,origin_usa_nyse_mp_materials,0.021816857159137726
xgboost_return,8,6,2025-07-31,china_fixed_asset_investment_yoy_pct_lag_1,0.3242305517196655
xgboost_return,8,6,2025-07-31,china_fixed_asset_investment_yoy_pct_change_1m,0.05880294740200043
xgboost_return,8,6,2025-07-31,zinc_cash_usd_per_ton_lag_6,0.039427198469638824
xgboost_return,8,6,2025-07-31,origin_shfe_open_interest_lots,0.022134514525532722
xgboost_return,8,6,2025-08-31,lead_cash_usd_per_ton_lag_1,0.07306580245494843
xgboost_return,8,6,2025-08-31,origin_lead_cash_usd_per_ton,0.051185306161642075
xgboost_return,8,6,2025-08-31,natural_gas_usd_lag_6,0.009379040449857712
xgboost_return,8,6,2025-08-31,peru_usd_pen_pct_change_3m,0.03601871430873871
xgboost_return,8,6,2025-08-31,germany_manufacturing_order_books_lag_6,0.03333602845668793
xgboost_return,8,6,2025-08-31,us_industrial_production_lag_1,0.036846574395895004
xgboost_return,8,6,2025-08-31,china_fixed_asset_investment_yoy_pct_lag_1,0.34322983026504517
xgboost_return,8,6,2025-08-31,g20_composite_leading_indicator_lag_12,0.03616834431886673
xgboost_return,8,6,2025-08-31,shfe_open_interest_lots_lag_1,0.04390028864145279
xgboost_return,8,6,2025-08-31,zinc_stock_ton_lag_12,0.01941681280732155
xgboost_return,8,6,2025-08-31,lead_stock_ton_pct_change_12m,0.03504661098122597
xgboost_return,8,6,2025-08-31,peru_diesel_price_index_pct_change_12m,0.009230137802660465
xgboost_return,8,6,2025-08-31,origin_shfe_open_interest_lots,0.03416256234049797
xgboost_return,8,6,2025-08-31,china_fixed_asset_investment_yoy_pct_lag_3,0.059351470321416855
xgboost_return,8,6,2025-08-31,zinc_cash_usd_per_ton_lag_1,0.046516548842191696
xgboost_return,8,6,2025-08-31,euro_area_industrial_production_lag_1,0.007927845232188702
xgboost_return,8,6,2025-08-31,usa_nyse_mp_materials_lag_1,0.09329068660736084
xgboost_return,8,6,2025-08-31,origin_usa_nyse_mp_materials,0.03192741051316261
xgboost_return,8,6,2025-09-30,lead_cash_usd_per_ton_lag_1,0.07144048064947128
xgboost_return,8,6,2025-09-30,origin_lead_cash_usd_per_ton,0.07626207172870636
xgboost_return,8,6,2025-09-30,natural_gas_usd_lag_6,0.0360938161611557
xgboost_return,8,6,2025-09-30,peru_usd_pen_pct_change_3m,0.06042635068297386
xgboost_return,8,6,2025-09-30,china_fixed_asset_investment_yoy_pct_lag_1,0.31248149275779724
xgboost_return,8,6,2025-09-30,zinc_stock_ton_lag_12,0.009986378252506256
xgboost_return,8,6,2025-09-30,china_fixed_asset_investment_yoy_pct_lag_3,0.019869014620780945
xgboost_return,8,6,2025-09-30,shfe_open_interest_lots_lag_1,0.04866524785757065
xgboost_return,8,6,2025-09-30,germany_manufacturing_order_books_lag_6,0.006429318338632584
xgboost_return,8,6,2025-09-30,us_industrial_production_lag_1,0.03221716731786728
xgboost_return,8,6,2025-09-30,origin_shfe_open_interest_lots,0.009530680254101753
xgboost_return,8,6,2025-09-30,g20_composite_leading_indicator_lag_12,0.07191013544797897
xgboost_return,8,6,2025-09-30,lead_stock_ton_pct_change_12m,0.02977118268609047
xgboost_return,8,6,2025-09-30,peru_diesel_price_index_pct_change_12m,0.009207315742969513
xgboost_return,8,6,2025-09-30,zinc_cash_usd_per_ton_lag_1,0.036841634660959244
xgboost_return,8,6,2025-09-30,china_ppi_yoy_pct_lag_6,0.0303227286785841
xgboost_return,8,6,2025-09-30,euro_area_industrial_production_lag_1,0.011238222941756248
xgboost_return,8,6,2025-09-30,zinc_cash_usd_per_ton_lag_6,0.12730689346790314
xgboost_return,8,6,2025-10-31,origin_lead_cash_usd_per_ton,0.055170949548482895
xgboost_return,8,6,2025-10-31,lead_cash_usd_per_ton_lag_1,0.04080165550112724
xgboost_return,8,6,2025-10-31,natural_gas_usd_lag_6,0.022248512133955956
xgboost_return,8,6,2025-10-31,china_fixed_asset_investment_yoy_pct_lag_1,0.47721078991889954
xgboost_return,8,6,2025-10-31,china_fixed_asset_investment_yoy_pct_lag_3,0.021577419713139534
xgboost_return,8,6,2025-10-31,germany_manufacturing_order_books_lag_6,0.014949792064726353
xgboost_return,8,6,2025-10-31,zinc_stock_ton_lag_12,0.01679437793791294
xgboost_return,8,6,2025-10-31,peru_usd_pen_pct_change_3m,0.03963654488325119
xgboost_return,8,6,2025-10-31,china_ppi_yoy_pct_lag_6,0.016452239826321602
xgboost_return,8,6,2025-10-31,peru_diesel_price_index_pct_change_12m,0.01550411619246006
xgboost_return,8,6,2025-10-31,china_fixed_asset_investment_yoy_pct_change_1m,0.01571841351687908
xgboost_return,8,6,2025-10-31,us_industrial_production_lag_1,0.03262310102581978
xgboost_return,8,6,2025-10-31,lead_stock_ton_pct_change_12m,0.02162153273820877
xgboost_return,8,6,2025-10-31,g20_composite_leading_indicator_lag_12,0.05751919001340866
xgboost_return,8,6,2025-10-31,origin_shfe_open_interest_lots,0.02957094833254814
xgboost_return,8,6,2025-10-31,shfe_open_interest_lots_lag_1,0.03366011753678322
xgboost_return,8,6,2025-10-31,zinc_cash_usd_per_ton_lag_1,0.016175244003534317
xgboost_return,8,6,2025-10-31,origin_zinc_cash_usd_per_ton,0.07276515662670135
xgboost_return,8,6,2025-11-30,origin_lead_cash_usd_per_ton,0.0471147820353508
xgboost_return,8,6,2025-11-30,lead_cash_usd_per_ton_lag_1,0.06836045533418655
xgboost_return,8,6,2025-11-30,natural_gas_usd_lag_6,0.07898035645484924
xgboost_return,8,6,2025-11-30,china_fixed_asset_investment_yoy_pct_lag_1,0.33174827694892883
xgboost_return,8,6,2025-11-30,china_fixed_asset_investment_yoy_pct_lag_3,0.02213054895401001
xgboost_return,8,6,2025-11-30,germany_manufacturing_order_books_lag_6,0.015916116535663605
xgboost_return,8,6,2025-11-30,china_ppi_yoy_pct_lag_6,0.011436745524406433
xgboost_return,8,6,2025-11-30,peru_diesel_price_index_pct_change_12m,0.0672006756067276
xgboost_return,8,6,2025-11-30,zinc_stock_ton_lag_12,0.03455616906285286
xgboost_return,8,6,2025-11-30,china_fixed_asset_investment_yoy_pct_change_1m,0.059478096663951874
xgboost_return,8,6,2025-11-30,germany_manufacturing_order_books_lag_3,0.01314727496355772
xgboost_return,8,6,2025-11-30,peru_usd_pen_pct_change_3m,0.0427127406001091
xgboost_return,8,6,2025-11-30,zinc_cash_usd_per_ton_lag_1,0.03334904834628105
xgboost_return,8,6,2025-11-30,origin_zinc_cash_usd_per_ton,0.040940117090940475
xgboost_return,8,6,2025-11-30,lead_stock_ton_pct_change_12m,0.049484092742204666
xgboost_return,8,6,2025-11-30,g20_composite_leading_indicator_lag_12,0.024384845048189163
xgboost_return,8,6,2025-11-30,us_industrial_production_lag_1,0.031188981607556343
xgboost_return,8,6,2025-11-30,shfe_open_interest_lots_lag_1,0.02787068486213684
xgboost_return,8,6,2025-12-31,origin_lead_cash_usd_per_ton,0.09852518886327744
xgboost_return,8,6,2025-12-31,lead_cash_usd_per_ton_lag_1,0.055349286645650864
xgboost_return,8,6,2025-12-31,china_fixed_asset_investment_yoy_pct_lag_1,0.2708723843097687
xgboost_return,8,6,2025-12-31,natural_gas_usd_lag_6,0.043194305151700974
xgboost_return,8,6,2025-12-31,china_fixed_asset_investment_yoy_pct_lag_3,0.02913670614361763
xgboost_return,8,6,2025-12-31,germany_manufacturing_order_books_lag_6,0.01850738376379013
xgboost_return,8,6,2025-12-31,peru_diesel_price_index_pct_change_12m,0.12036779522895813
xgboost_return,8,6,2025-12-31,china_ppi_yoy_pct_lag_6,0.015958236530423164
xgboost_return,8,6,2025-12-31,germany_manufacturing_order_books_lag_3,0.029061393812298775
xgboost_return,8,6,2025-12-31,zinc_cash_usd_per_ton_lag_1,0.022838709875941277
xgboost_return,8,6,2025-12-31,lead_stock_ton_pct_change_12m,0.07485543936491013
xgboost_return,8,6,2025-12-31,us_2y_yield_pct_change_12m,0.013682639226317406
xgboost_return,8,6,2025-12-31,origin_zinc_cash_usd_per_ton,0.016899289563298225
xgboost_return,8,6,2025-12-31,zinc_stock_ton_lag_12,0.03923290967941284
xgboost_return,8,6,2025-12-31,g20_composite_leading_indicator_lag_12,0.03957115486264229
xgboost_return,8,6,2025-12-31,korea_call_money_rate_pct_change_12m,0.08173488825559616
xgboost_return,8,6,2025-12-31,germany_manufacturing_order_books_lag_1,0.016162650659680367
xgboost_return,8,6,2025-12-31,china_fixed_asset_investment_yoy_pct_change_1m,0.014049709774553776
xgboost_return,8,6,2026-01-31,lead_cash_usd_per_ton_lag_1,0.0867956206202507
xgboost_return,8,6,2026-01-31,origin_lead_cash_usd_per_ton,0.06988731771707535
xgboost_return,8,6,2026-01-31,china_fixed_asset_investment_yoy_pct_lag_1,0.34359320998191833
xgboost_return,8,6,2026-01-31,china_fixed_asset_investment_yoy_pct_lag_3,0.010016956366598606
xgboost_return,8,6,2026-01-31,germany_manufacturing_order_books_lag_6,0.008909340016543865
xgboost_return,8,6,2026-01-31,peru_diesel_price_index_pct_change_12m,0.07452085614204407
xgboost_return,8,6,2026-01-31,china_ppi_yoy_pct_lag_6,0.013624927029013634
xgboost_return,8,6,2026-01-31,germany_manufacturing_order_books_lag_3,0.024786794558167458
xgboost_return,8,6,2026-01-31,natural_gas_usd_lag_6,0.02791559509932995
xgboost_return,8,6,2026-01-31,germany_manufacturing_order_books_lag_1,0.01896008290350437
xgboost_return,8,6,2026-01-31,korea_call_money_rate_pct_change_12m,0.112469881772995
xgboost_return,8,6,2026-01-31,us_2y_yield_pct_change_12m,0.01024194061756134
xgboost_return,8,6,2026-01-31,zinc_cash_usd_per_ton_lag_1,0.022356636822223663
xgboost_return,8,6,2026-01-31,turkey_capacity_intermediate_goods_percent_lag_6,0.01037991140037775
xgboost_return,8,6,2026-01-31,us_10y_2y_spread_pct_change_12m,0.06664735823869705
xgboost_return,8,6,2026-01-31,euro_area_industrial_production_lag_1,0.008486459963023663
xgboost_return,8,6,2026-01-31,lead_stock_ton_pct_change_12m,0.05459479242563248
xgboost_return,8,6,2026-01-31,origin_zinc_cash_usd_per_ton,0.03581232950091362
xgboost_return,8,6,2026-02-28,origin_lead_cash_usd_per_ton,0.06924130022525787
xgboost_return,8,6,2026-02-28,lead_cash_usd_per_ton_lag_1,0.040864016860723495
xgboost_return,8,6,2026-02-28,china_fixed_asset_investment_yoy_pct_lag_1,0.42132285237312317
xgboost_return,8,6,2026-02-28,china_fixed_asset_investment_yoy_pct_lag_3,0.024588506668806076
xgboost_return,8,6,2026-02-28,germany_manufacturing_order_books_lag_6,0.020026540383696556
xgboost_return,8,6,2026-02-28,peru_diesel_price_index_pct_change_12m,0.042945798486471176
xgboost_return,8,6,2026-02-28,germany_manufacturing_order_books_lag_3,0.03890320658683777
xgboost_return,8,6,2026-02-28,china_ppi_yoy_pct_lag_6,0.03212720528244972
xgboost_return,8,6,2026-02-28,korea_call_money_rate_pct_change_12m,0.12872730195522308
xgboost_return,8,6,2026-02-28,us_10y_2y_spread_pct_change_12m,0.0464114174246788
xgboost_return,8,6,2026-02-28,germany_manufacturing_order_books_lag_1,0.02323494292795658
xgboost_return,8,6,2026-02-28,turkey_capacity_basic_metals_percent_lag_12,0.01297291461378336
xgboost_return,8,6,2026-02-28,us_2y_yield_pct_change_12m,0.00575751718133688
xgboost_return,8,6,2026-02-28,nickel_stock_ton_pct_change_12m,0.009033257141709328
xgboost_return,8,6,2026-02-28,turkey_capacity_intermediate_goods_percent_lag_6,0.018196502700448036
xgboost_return,8,6,2026-02-28,natural_gas_usd_lag_6,0.00489915581420064
xgboost_return,8,6,2026-02-28,lead_stock_ton_pct_change_12m,0.040648359805345535
xgboost_return,8,6,2026-02-28,euro_area_industrial_production_lag_1,0.020099131390452385
xgboost_return,8,12,2025-01-31,germany_manufacturing_order_books_lag_1,0.020597998052835464
xgboost_return,8,12,2025-01-31,us_industrial_production_pct_change_12m,0.191791832447052
xgboost_return,8,12,2025-01-31,germany_manufacturing_order_books_lag_3,0.1333666443824768
xgboost_return,8,12,2025-01-31,g20_composite_leading_indicator_lag_6,0.016685105860233307
xgboost_return,8,12,2025-01-31,origin_zinc_cash_usd_per_ton,0.058617472648620605
xgboost_return,8,12,2025-01-31,origin_usa_nyse_mp_materials,0.022648341953754425
xgboost_return,8,12,2025-01-31,zinc_cash_usd_per_ton_lag_1,0.04231918603181839
xgboost_return,8,12,2025-01-31,usa_nyse_mp_materials_lag_1,0.0
xgboost_return,8,12,2025-01-31,tin_stock_ton_lag_3,0.028627019375562668
xgboost_return,8,12,2025-01-31,turkey_capacity_basic_metals_percent_lag_6,0.02514345943927765
xgboost_return,8,12,2025-01-31,korea_call_money_rate_lag_12,0.004455740097910166
xgboost_return,8,12,2025-01-31,usa_nyse_hecla_mining_lag_12,0.18791519105434418
xgboost_return,8,12,2025-01-31,china_ppi_yoy_pct_lag_6,0.037701211869716644
xgboost_return,8,12,2025-01-31,g20_composite_leading_indicator_lag_3,0.03668637573719025
xgboost_return,8,12,2025-01-31,aluminum_cash_usd_per_ton_lag_1,0.08149375021457672
xgboost_return,8,12,2025-01-31,usd_cny_lag_1,0.0667763352394104
xgboost_return,8,12,2025-01-31,peru_diesel_price_index_pct_change_12m,0.04517434164881706
xgboost_return,8,12,2025-02-28,germany_manufacturing_order_books_lag_1,0.008547653444111347
xgboost_return,8,12,2025-02-28,us_industrial_production_pct_change_12m,0.1779383271932602
xgboost_return,8,12,2025-02-28,germany_manufacturing_order_books_lag_3,0.14251068234443665
xgboost_return,8,12,2025-02-28,g20_composite_leading_indicator_lag_6,0.016645677387714386
xgboost_return,8,12,2025-02-28,origin_zinc_cash_usd_per_ton,0.060280464589595795
xgboost_return,8,12,2025-02-28,origin_usa_nyse_mp_materials,0.016775963827967644
xgboost_return,8,12,2025-02-28,usa_nyse_mp_materials_lag_1,0.005204540211707354
xgboost_return,8,12,2025-02-28,zinc_cash_usd_per_ton_lag_1,0.07708384841680527
xgboost_return,8,12,2025-02-28,tin_stock_ton_lag_3,0.025948751717805862
xgboost_return,8,12,2025-02-28,turkey_capacity_basic_metals_percent_lag_6,0.02034735679626465
xgboost_return,8,12,2025-02-28,korea_call_money_rate_lag_12,0.026187095791101456
xgboost_return,8,12,2025-02-28,china_fixed_asset_investment_yoy_pct_lag_3,0.010524909012019634
xgboost_return,8,12,2025-02-28,g20_composite_leading_indicator_lag_3,0.008414831012487411
xgboost_return,8,12,2025-02-28,china_ppi_yoy_pct_lag_6,0.016451837494969368
xgboost_return,8,12,2025-02-28,gold_usd_per_troy_ounce_pct_change_12m,0.24312886595726013
xgboost_return,8,12,2025-02-28,canada_tsx_composite_hudbay_minerals_lag_1,0.021142788231372833
xgboost_return,8,12,2025-02-28,usa_nyse_hecla_mining_lag_12,0.12286645174026489
xgboost_return,8,12,2025-03-31,germany_manufacturing_order_books_lag_1,0.0069253770634531975
xgboost_return,8,12,2025-03-31,us_industrial_production_pct_change_12m,0.3245987892150879
xgboost_return,8,12,2025-03-31,origin_zinc_cash_usd_per_ton,0.0949997752904892
xgboost_return,8,12,2025-03-31,g20_composite_leading_indicator_lag_6,0.04694060608744621
xgboost_return,8,12,2025-03-31,germany_manufacturing_order_books_lag_3,0.13778835535049438
xgboost_return,8,12,2025-03-31,origin_usa_nyse_mp_materials,0.016328975558280945
xgboost_return,8,12,2025-03-31,usa_nyse_mp_materials_lag_1,0.01405967865139246
xgboost_return,8,12,2025-03-31,zinc_cash_usd_per_ton_lag_1,0.077287457883358
xgboost_return,8,12,2025-03-31,tin_stock_ton_lag_3,0.03485345095396042
xgboost_return,8,12,2025-03-31,turkey_capacity_basic_metals_percent_lag_6,0.015863487496972084
xgboost_return,8,12,2025-03-31,usa_nyse_mp_materials_lag_3,0.008781003765761852
xgboost_return,8,12,2025-03-31,china_fixed_asset_investment_yoy_pct_lag_3,0.02210484817624092
xgboost_return,8,12,2025-03-31,brent_oil_usd_pct_change_12m,0.05578501895070076
xgboost_return,8,12,2025-03-31,korea_call_money_rate_lag_12,0.028529804199934006
xgboost_return,8,12,2025-03-31,canada_tsx_composite_hudbay_minerals_lag_1,0.08222804963588715
xgboost_return,8,12,2025-03-31,china_ppi_yoy_pct_lag_1,0.008983664214611053
xgboost_return,8,12,2025-03-31,peru_diesel_price_index_pct_change_12m,0.02394159324467182
xgboost_return,8,12,2025-04-30,us_industrial_production_pct_change_12m,0.32516977190971375
xgboost_return,8,12,2025-04-30,germany_manufacturing_order_books_lag_1,0.07363396137952805
xgboost_return,8,12,2025-04-30,origin_zinc_cash_usd_per_ton,0.058853715658187866
xgboost_return,8,12,2025-04-30,g20_composite_leading_indicator_lag_6,0.019829116761684418
xgboost_return,8,12,2025-04-30,germany_manufacturing_order_books_lag_3,0.09915051609277725
xgboost_return,8,12,2025-04-30,zinc_cash_usd_per_ton_lag_1,0.09888811409473419
xgboost_return,8,12,2025-04-30,origin_usa_nyse_mp_materials,0.009937144815921783
xgboost_return,8,12,2025-04-30,usa_nyse_mp_materials_lag_1,0.0069978670217096806
xgboost_return,8,12,2025-04-30,china_fixed_asset_investment_yoy_pct_lag_3,0.013136486522853374
xgboost_return,8,12,2025-04-30,tin_stock_ton_lag_3,0.038583904504776
xgboost_return,8,12,2025-04-30,brent_oil_usd_pct_change_12m,0.03205139935016632
xgboost_return,8,12,2025-04-30,turkey_capacity_basic_metals_percent_lag_6,0.02059682458639145
xgboost_return,8,12,2025-04-30,canada_tsx_composite_hudbay_minerals_lag_1,0.04926105588674545
xgboost_return,8,12,2025-04-30,china_ppi_yoy_pct_lag_1,0.005935781169682741
xgboost_return,8,12,2025-04-30,peru_diesel_price_index_pct_change_12m,0.05712736025452614
xgboost_return,8,12,2025-04-30,usa_nyse_mp_materials_lag_3,0.05284877493977547
xgboost_return,8,12,2025-04-30,origin_canada_tsx_composite_hudbay_minerals,0.03799816593527794
xgboost_return,8,12,2025-05-31,us_industrial_production_pct_change_12m,0.32127851247787476
xgboost_return,8,12,2025-05-31,origin_zinc_cash_usd_per_ton,0.08822770416736603
xgboost_return,8,12,2025-05-31,g20_composite_leading_indicator_lag_6,0.024265969172120094
xgboost_return,8,12,2025-05-31,germany_manufacturing_order_books_lag_1,0.023049701005220413
xgboost_return,8,12,2025-05-31,germany_manufacturing_order_books_lag_3,0.14619538187980652
xgboost_return,8,12,2025-05-31,zinc_cash_usd_per_ton_lag_1,0.12921485304832458
xgboost_return,8,12,2025-05-31,canada_tsx_composite_hudbay_minerals_lag_1,0.06298042833805084
xgboost_return,8,12,2025-05-31,origin_usa_nyse_mp_materials,0.012704571709036827
xgboost_return,8,12,2025-05-31,brent_oil_usd_pct_change_12m,0.03782786801457405
xgboost_return,8,12,2025-05-31,china_fixed_asset_investment_yoy_pct_lag_3,0.00986714567989111
xgboost_return,8,12,2025-05-31,turkey_capacity_basic_metals_percent_lag_6,0.033922843635082245
xgboost_return,8,12,2025-05-31,peru_diesel_price_index_pct_change_12m,0.004279622808098793
xgboost_return,8,12,2025-05-31,tin_stock_ton_lag_3,0.022449133917689323
xgboost_return,8,12,2025-05-31,china_ppi_yoy_pct_lag_1,0.005554396193474531
xgboost_return,8,12,2025-05-31,usa_nyse_mp_materials_lag_1,0.006429200991988182
xgboost_return,8,12,2025-05-31,origin_canada_tsx_composite_hudbay_minerals,0.06784216314554214
xgboost_return,8,12,2025-05-31,us_ppi_pct_change_12m,0.003910433035343885
xgboost_return,8,12,2025-06-30,us_industrial_production_pct_change_12m,0.45960938930511475
xgboost_return,8,12,2025-06-30,origin_zinc_cash_usd_per_ton,0.09965458512306213
xgboost_return,8,12,2025-06-30,g20_composite_leading_indicator_lag_6,0.01569109596312046
xgboost_return,8,12,2025-06-30,germany_manufacturing_order_books_lag_1,0.0028913039714097977
xgboost_return,8,12,2025-06-30,zinc_cash_usd_per_ton_lag_1,0.026281123980879784
xgboost_return,8,12,2025-06-30,germany_manufacturing_order_books_lag_3,0.05091258883476257
xgboost_return,8,12,2025-06-30,china_fixed_asset_investment_yoy_pct_lag_3,0.007774190977215767
xgboost_return,8,12,2025-06-30,peru_diesel_price_index_pct_change_12m,0.025431059300899506
xgboost_return,8,12,2025-06-30,brent_oil_usd_pct_change_12m,0.00548601895570755
xgboost_return,8,12,2025-06-30,canada_tsx_composite_hudbay_minerals_lag_1,0.07583282142877579
xgboost_return,8,12,2025-06-30,china_ppi_yoy_pct_lag_1,0.0052095078863203526
xgboost_return,8,12,2025-06-30,china_fixed_asset_investment_yoy_pct_lag_1,0.15145736932754517
xgboost_return,8,12,2025-06-30,origin_usa_nyse_mp_materials,0.01573772169649601
xgboost_return,8,12,2025-06-30,us_ppi_pct_change_12m,0.022046023979783058
xgboost_return,8,12,2025-06-30,turkey_capacity_basic_metals_percent_lag_6,0.019599614664912224
xgboost_return,8,12,2025-06-30,tin_stock_ton_lag_3,0.012740482576191425
xgboost_return,8,12,2025-06-30,china_ppi_yoy_pct_lag_3,0.003645165590569377
xgboost_return,8,12,2025-07-31,us_industrial_production_pct_change_12m,0.5197475552558899
xgboost_return,8,12,2025-07-31,g20_composite_leading_indicator_lag_6,0.022282859310507774
xgboost_return,8,12,2025-07-31,origin_zinc_cash_usd_per_ton,0.07268203794956207
xgboost_return,8,12,2025-07-31,germany_manufacturing_order_books_lag_1,0.008676564320921898
xgboost_return,8,12,2025-07-31,china_fixed_asset_investment_yoy_pct_lag_3,0.005001628305763006
xgboost_return,8,12,2025-07-31,peru_diesel_price_index_pct_change_12m,0.06794612109661102
xgboost_return,8,12,2025-07-31,zinc_cash_usd_per_ton_lag_1,0.007955968379974365
xgboost_return,8,12,2025-07-31,china_ppi_yoy_pct_lag_1,0.002863096073269844
xgboost_return,8,12,2025-07-31,china_fixed_asset_investment_yoy_pct_lag_1,0.12558990716934204
xgboost_return,8,12,2025-07-31,brent_oil_usd_pct_change_12m,0.004645354580134153
xgboost_return,8,12,2025-07-31,germany_manufacturing_order_books_lag_3,0.03589106723666191
xgboost_return,8,12,2025-07-31,canada_tsx_composite_hudbay_minerals_lag_1,0.03817000612616539
xgboost_return,8,12,2025-07-31,us_ppi_pct_change_12m,0.03503100201487541
xgboost_return,8,12,2025-07-31,china_ppi_yoy_pct_lag_3,0.0050545004196465015
xgboost_return,8,12,2025-07-31,zinc_stock_ton_lag_12,0.021901993080973625
xgboost_return,8,12,2025-07-31,turkey_capacity_basic_metals_percent_lag_6,0.013748968951404095
xgboost_return,8,12,2025-07-31,zinc_stock_ton_lag_6,0.012811366468667984
xgboost_return,8,12,2025-08-31,us_industrial_production_pct_change_12m,0.2556207776069641
xgboost_return,8,12,2025-08-31,g20_composite_leading_indicator_lag_6,0.05373399704694748
xgboost_return,8,12,2025-08-31,origin_zinc_cash_usd_per_ton,0.033683814108371735
xgboost_return,8,12,2025-08-31,china_fixed_asset_investment_yoy_pct_lag_3,0.02376275695860386
xgboost_return,8,12,2025-08-31,germany_manufacturing_order_books_lag_1,0.015002177096903324
xgboost_return,8,12,2025-08-31,peru_diesel_price_index_pct_change_12m,0.03675062954425812
xgboost_return,8,12,2025-08-31,china_fixed_asset_investment_yoy_pct_lag_1,0.04492690786719322
xgboost_return,8,12,2025-08-31,china_ppi_yoy_pct_lag_1,0.0024618443567305803
xgboost_return,8,12,2025-08-31,zinc_cash_usd_per_ton_lag_1,0.004532656632363796
xgboost_return,8,12,2025-08-31,brent_oil_usd_pct_change_12m,0.009501123800873756
xgboost_return,8,12,2025-08-31,germany_manufacturing_order_books_lag_3,0.02401573210954666
xgboost_return,8,12,2025-08-31,china_ppi_yoy_pct_lag_3,0.004184461198747158
xgboost_return,8,12,2025-08-31,zinc_stock_ton_lag_12,0.026370791718363762
xgboost_return,8,12,2025-08-31,us_ppi_pct_change_12m,0.030997484922409058
xgboost_return,8,12,2025-08-31,gold_usd_per_troy_ounce_pct_change_12m,0.40465205907821655
xgboost_return,8,12,2025-08-31,turkey_capacity_basic_metals_percent_lag_6,0.008058116771280766
xgboost_return,8,12,2025-08-31,zinc_stock_ton_lag_6,0.021744675934314728
xgboost_return,10,1,2025-01-31,india_10y_yield_lag_1,0.041257210075855255
xgboost_return,10,1,2025-01-31,aluminum_stock_ton_change_1m,0.060625556856393814
xgboost_return,10,1,2025-01-31,aluminum_stock_ton_pct_change_1m,0.03791721537709236
xgboost_return,10,1,2025-01-31,shfe_open_interest_lots_lag_3,0.053544171154499054
xgboost_return,10,1,2025-01-31,india_10y_yield_pct_change_12m,0.017557039856910706
xgboost_return,10,1,2025-01-31,shfe_open_interest_lots_lag_1,0.0499313659965992
xgboost_return,10,1,2025-01-31,us_cpi_index_pct_change_12m,0.10368029028177261
xgboost_return,10,1,2025-01-31,china_fixed_asset_investment_yoy_pct_lag_3,0.04413710907101631
xgboost_return,10,1,2025-01-31,canada_tsx_composite_hudbay_minerals_lag_3,0.04132162407040596
xgboost_return,10,1,2025-01-31,us_industrial_production_lag_1,0.07126744836568832
xgboost_return,10,1,2025-01-31,japan_ppi_pct_change_12m,0.06913809478282928
xgboost_return,10,1,2025-01-31,poland_wig20_lag_6,0.054587095975875854
xgboost_return,10,1,2025-01-31,g20_composite_leading_indicator_pct_change_1m,0.05863039195537567
xgboost_return,10,1,2025-01-31,global_container_import_lag_12,0.029478533193469048
xgboost_return,10,1,2025-01-31,origin_global_portcalls,0.019551176577806473
xgboost_return,10,1,2025-01-31,india_10y_yield_pct_change_3m,0.06438957154750824
xgboost_return,10,1,2025-01-31,china_real_estate_investment_yoy_pct_pct_change_1m,0.03423425182700157
xgboost_return,10,1,2025-01-31,china_real_estate_investment_yoy_pct_pct_change_3m,0.03260732814669609
xgboost_return,10,1,2025-01-31,china_fixed_asset_investment_yoy_pct_pct_change_3m,0.04551735520362854
xgboost_return,10,1,2025-01-31,m2_money_supply_change_1m,0.07062723487615585
xgboost_return,10,1,2025-02-28,india_10y_yield_lag_1,0.05069861188530922
xgboost_return,10,1,2025-02-28,aluminum_stock_ton_change_1m,0.06608381122350693
xgboost_return,10,1,2025-02-28,china_fixed_asset_investment_yoy_pct_lag_3,0.04813383147120476
xgboost_return,10,1,2025-02-28,shfe_open_interest_lots_lag_3,0.042528051882982254
xgboost_return,10,1,2025-02-28,shfe_open_interest_lots_lag_1,0.061591729521751404
xgboost_return,10,1,2025-02-28,india_10y_yield_pct_change_12m,0.06719186902046204
xgboost_return,10,1,2025-02-28,aluminum_stock_ton_pct_change_1m,0.04020783305168152
xgboost_return,10,1,2025-02-28,us_industrial_production_lag_1,0.06636838614940643
xgboost_return,10,1,2025-02-28,origin_global_portcalls,0.028478356078267097
xgboost_return,10,1,2025-02-28,us_cpi_index_pct_change_12m,0.0902780070900917
xgboost_return,10,1,2025-02-28,g20_composite_leading_indicator_pct_change_1m,0.04201989993453026
xgboost_return,10,1,2025-02-28,india_10y_yield_pct_change_3m,0.0568368099629879
xgboost_return,10,1,2025-02-28,china_fixed_asset_investment_yoy_pct_pct_change_3m,0.03479868546128273
xgboost_return,10,1,2025-02-28,china_real_estate_investment_yoy_pct_pct_change_1m,0.04546564072370529
xgboost_return,10,1,2025-02-28,china_real_estate_investment_yoy_pct_pct_change_3m,0.03497787192463875
xgboost_return,10,1,2025-02-28,us_industrial_production_lag_3,0.05234815925359726
xgboost_return,10,1,2025-02-28,global_portcalls_pct_change_12m,0.022692689672112465
xgboost_return,10,1,2025-02-28,japan_ppi_pct_change_12m,0.052913278341293335
xgboost_return,10,1,2025-02-28,canada_tsx_composite_hudbay_minerals_lag_3,0.04467111453413963
xgboost_return,10,1,2025-02-28,korea_call_money_rate_pct_change_12m,0.05171528086066246
xgboost_return,10,1,2025-03-31,india_10y_yield_lag_1,0.040773168206214905
xgboost_return,10,1,2025-03-31,aluminum_stock_ton_change_1m,0.055710047483444214
xgboost_return,10,1,2025-03-31,china_fixed_asset_investment_yoy_pct_lag_3,0.03359677642583847
xgboost_return,10,1,2025-03-31,us_industrial_production_lag_1,0.05229292809963226
xgboost_return,10,1,2025-03-31,shfe_open_interest_lots_lag_1,0.05646859109401703
xgboost_return,10,1,2025-03-31,origin_global_portcalls,0.043081071227788925
xgboost_return,10,1,2025-03-31,india_10y_yield_pct_change_12m,0.063713438808918
xgboost_return,10,1,2025-03-31,shfe_open_interest_lots_lag_3,0.02887188270688057
xgboost_return,10,1,2025-03-31,global_portcalls_pct_change_12m,0.16178502142429352
xgboost_return,10,1,2025-03-31,us_industrial_production_lag_3,0.045376744121313095
xgboost_return,10,1,2025-03-31,aluminum_stock_ton_pct_change_1m,0.0586373433470726
xgboost_return,10,1,2025-03-31,g20_composite_leading_indicator_pct_change_1m,0.05818118527531624
xgboost_return,10,1,2025-03-31,us_10y_2y_spread_pct_change_12m,0.028185492381453514
xgboost_return,10,1,2025-03-31,india_10y_yield_pct_change_3m,0.0409916415810585
xgboost_return,10,1,2025-03-31,china_fixed_asset_investment_yoy_pct_pct_change_3m,0.05392234027385712
xgboost_return,10,1,2025-03-31,china_real_estate_investment_yoy_pct_pct_change_1m,0.035784706473350525
xgboost_return,10,1,2025-03-31,china_real_estate_investment_yoy_pct_pct_change_3m,0.03935705125331879
xgboost_return,10,1,2025-03-31,us_cpi_index_pct_change_12m,0.02614005096256733
xgboost_return,10,1,2025-03-31,korea_call_money_rate_pct_change_12m,0.0416342131793499
xgboost_return,10,1,2025-03-31,global_container_import_lag_12,0.03549623489379883
xgboost_return,10,1,2025-04-30,india_10y_yield_lag_1,0.04860484600067139
xgboost_return,10,1,2025-04-30,aluminum_stock_ton_change_1m,0.06335750967264175
xgboost_return,10,1,2025-04-30,us_industrial_production_lag_1,0.080069400370121
xgboost_return,10,1,2025-04-30,origin_global_portcalls,0.03255965933203697
xgboost_return,10,1,2025-04-30,shfe_open_interest_lots_lag_1,0.07319307327270508
xgboost_return,10,1,2025-04-30,china_fixed_asset_investment_yoy_pct_lag_3,0.06045737490057945
xgboost_return,10,1,2025-04-30,global_container_import_lag_12,0.04601646214723587
xgboost_return,10,1,2025-04-30,aluminum_stock_ton_pct_change_1m,0.048448801040649414
xgboost_return,10,1,2025-04-30,india_10y_yield_pct_change_12m,0.05793803930282593
xgboost_return,10,1,2025-04-30,shfe_open_interest_lots_lag_3,0.0469430536031723
xgboost_return,10,1,2025-04-30,g20_composite_leading_indicator_pct_change_1m,0.022316018119454384
xgboost_return,10,1,2025-04-30,china_copper_related_dry_bulk_portcalls_pct_change_3m,0.03519032895565033
xgboost_return,10,1,2025-04-30,us_industrial_production_lag_3,0.04735409840941429
xgboost_return,10,1,2025-04-30,china_real_estate_investment_yoy_pct_pct_change_1m,0.039344124495983124
xgboost_return,10,1,2025-04-30,us_cpi_index_pct_change_12m,0.060089822858572006
xgboost_return,10,1,2025-04-30,us_cpi_index_pct_change_3m,0.05307668447494507
xgboost_return,10,1,2025-04-30,india_10y_yield_pct_change_3m,0.05391577258706093
xgboost_return,10,1,2025-04-30,china_copper_related_dry_bulk_export_pct_change_3m,0.03033989481627941
xgboost_return,10,1,2025-04-30,japan_ppi_pct_change_12m,0.07527557015419006
xgboost_return,10,1,2025-04-30,origin_global_export,0.02550947293639183
xgboost_return,10,1,2025-05-31,india_10y_yield_lag_1,0.039016708731651306
xgboost_return,10,1,2025-05-31,us_industrial_production_lag_1,0.09605289250612259
xgboost_return,10,1,2025-05-31,aluminum_stock_ton_change_1m,0.08596769720315933
xgboost_return,10,1,2025-05-31,origin_global_portcalls,0.027567660436034203
xgboost_return,10,1,2025-05-31,us_industrial_production_lag_3,0.048159632831811905
xgboost_return,10,1,2025-05-31,china_real_estate_investment_yoy_pct_pct_change_1m,0.03788352385163307
xgboost_return,10,1,2025-05-31,china_fixed_asset_investment_yoy_pct_lag_3,0.03153868764638901
xgboost_return,10,1,2025-05-31,india_10y_yield_pct_change_12m,0.04772668331861496
xgboost_return,10,1,2025-05-31,shfe_open_interest_lots_lag_3,0.03917503356933594
xgboost_return,10,1,2025-05-31,shfe_open_interest_lots_lag_1,0.06718864291906357
xgboost_return,10,1,2025-05-31,g20_composite_leading_indicator_pct_change_1m,0.016441334038972855
xgboost_return,10,1,2025-05-31,india_10y_yield_pct_change_3m,0.0581124871969223
xgboost_return,10,1,2025-05-31,aluminum_stock_ton_pct_change_1m,0.032238319516181946
xgboost_return,10,1,2025-05-31,us_cpi_index_pct_change_12m,0.08351998776197433
xgboost_return,10,1,2025-05-31,china_fixed_asset_investment_yoy_pct_change_1m,0.06267936527729034
xgboost_return,10,1,2025-05-31,turkey_capacity_electrical_equipment_percent_change_1m,0.05291592702269554
xgboost_return,10,1,2025-05-31,m2_money_supply_change_1m,0.0594913549721241
xgboost_return,10,1,2025-05-31,china_fixed_asset_investment_yoy_pct_pct_change_3m,0.032022882252931595
xgboost_return,10,1,2025-05-31,china_copper_related_dry_bulk_portcalls_pct_change_3m,0.05276447534561157
xgboost_return,10,1,2025-05-31,global_container_import_lag_12,0.029536746442317963
xgboost_return,10,1,2025-06-30,india_10y_yield_lag_1,0.08822400867938995
xgboost_return,10,1,2025-06-30,us_industrial_production_lag_1,0.0830836147069931
xgboost_return,10,1,2025-06-30,aluminum_stock_ton_change_1m,0.05925806984305382
xgboost_return,10,1,2025-06-30,india_10y_yield_pct_change_12m,0.043008070439100266
xgboost_return,10,1,2025-06-30,origin_global_portcalls,0.03265537694096565
xgboost_return,10,1,2025-06-30,shfe_open_interest_lots_lag_3,0.0491655170917511
xgboost_return,10,1,2025-06-30,shfe_open_interest_lots_lag_1,0.04739246517419815
xgboost_return,10,1,2025-06-30,us_industrial_production_lag_3,0.04342138394713402
xgboost_return,10,1,2025-06-30,china_fixed_asset_investment_yoy_pct_lag_3,0.04726538434624672
xgboost_return,10,1,2025-06-30,india_10y_yield_pct_change_3m,0.0554303415119648
xgboost_return,10,1,2025-06-30,us_cpi_index_pct_change_12m,0.06792466342449188
xgboost_return,10,1,2025-06-30,us_10y_2y_spread_pct_change_12m,0.026175735518336296
xgboost_return,10,1,2025-06-30,china_real_estate_investment_yoy_pct_pct_change_1m,0.03391919657588005
xgboost_return,10,1,2025-06-30,aluminum_stock_ton_pct_change_1m,0.04395004361867905
xgboost_return,10,1,2025-06-30,korea_call_money_rate_pct_change_12m,0.06772636622190475
xgboost_return,10,1,2025-06-30,china_copper_related_dry_bulk_portcalls_pct_change_3m,0.0396086610853672
xgboost_return,10,1,2025-06-30,china_fixed_asset_investment_yoy_pct_pct_change_3m,0.038279976695775986
xgboost_return,10,1,2025-06-30,g20_composite_leading_indicator_pct_change_1m,0.04317280650138855
xgboost_return,10,1,2025-06-30,m2_money_supply_change_1m,0.05032293498516083
xgboost_return,10,1,2025-06-30,china_real_estate_investment_yoy_pct_pct_change_3m,0.040015414357185364
xgboost_return,10,1,2025-07-31,india_10y_yield_lag_1,0.05717604234814644
xgboost_return,10,1,2025-07-31,us_industrial_production_lag_1,0.07529982179403305
xgboost_return,10,1,2025-07-31,origin_global_portcalls,0.029613900929689407
xgboost_return,10,1,2025-07-31,aluminum_stock_ton_change_1m,0.057149048894643784
xgboost_return,10,1,2025-07-31,shfe_open_interest_lots_lag_3,0.038654036819934845
xgboost_return,10,1,2025-07-31,india_10y_yield_pct_change_12m,0.04178810492157936
xgboost_return,10,1,2025-07-31,shfe_open_interest_lots_lag_1,0.06275874376296997
xgboost_return,10,1,2025-07-31,aluminum_stock_ton_pct_change_1m,0.04810183867812157
xgboost_return,10,1,2025-07-31,tin_stock_ton_change_1m,0.08631336688995361
xgboost_return,10,1,2025-07-31,us_cpi_index_pct_change_12m,0.061691075563430786
xgboost_return,10,1,2025-07-31,us_industrial_production_lag_3,0.06336620450019836
xgboost_return,10,1,2025-07-31,india_10y_yield_pct_change_3m,0.05627809092402458
xgboost_return,10,1,2025-07-31,us_10y_2y_spread_pct_change_12m,0.017780227586627007
xgboost_return,10,1,2025-07-31,korea_call_money_rate_pct_change_12m,0.03870575129985809
xgboost_return,10,1,2025-07-31,china_real_estate_investment_yoy_pct_pct_change_1m,0.04330436512827873
xgboost_return,10,1,2025-07-31,g20_composite_leading_indicator_pct_change_1m,0.03431524336338043
xgboost_return,10,1,2025-07-31,turkey_capacity_electrical_equipment_percent_change_1m,0.06633211672306061
xgboost_return,10,1,2025-07-31,m2_money_supply_change_1m,0.039017174392938614
xgboost_return,10,1,2025-07-31,china_fixed_asset_investment_yoy_pct_pct_change_3m,0.036858029663562775
xgboost_return,10,1,2025-07-31,china_fixed_asset_investment_yoy_pct_lag_3,0.045496806502342224
xgboost_return,10,1,2025-08-31,us_industrial_production_lag_1,0.06842370331287384
xgboost_return,10,1,2025-08-31,india_10y_yield_lag_1,0.05404914915561676
xgboost_return,10,1,2025-08-31,origin_global_portcalls,0.03838455677032471
xgboost_return,10,1,2025-08-31,shfe_open_interest_lots_lag_3,0.059937503188848495
xgboost_return,10,1,2025-08-31,shfe_open_interest_lots_lag_1,0.05876098573207855
xgboost_return,10,1,2025-08-31,aluminum_stock_ton_pct_change_1m,0.046713121235370636
xgboost_return,10,1,2025-08-31,india_10y_yield_pct_change_12m,0.06625067442655563
xgboost_return,10,1,2025-08-31,aluminum_stock_ton_change_1m,0.06171340495347977
xgboost_return,10,1,2025-08-31,us_cpi_index_pct_change_12m,0.06626798212528229
xgboost_return,10,1,2025-08-31,tin_stock_ton_change_1m,0.0795358195900917
xgboost_return,10,1,2025-08-31,us_industrial_production_lag_3,0.051858093589544296
xgboost_return,10,1,2025-08-31,origin_global_export,0.027232486754655838
xgboost_return,10,1,2025-08-31,india_10y_yield_pct_change_3m,0.052963003516197205
xgboost_return,10,1,2025-08-31,china_fixed_asset_investment_yoy_pct_pct_change_1m,0.039097875356674194
xgboost_return,10,1,2025-08-31,global_container_import_lag_12,0.0
xgboost_return,10,1,2025-08-31,peru_usd_pen_pct_change_3m,0.05345432460308075
xgboost_return,10,1,2025-08-31,australia_asx200_pct_change_12m,0.051159441471099854
xgboost_return,10,1,2025-08-31,us_10y_2y_spread_pct_change_12m,0.026790274307131767
xgboost_return,10,1,2025-08-31,turkey_ppi_metal_ores_index_pct_change_3m,0.05594493821263313
xgboost_return,10,1,2025-08-31,china_fixed_asset_investment_yoy_pct_pct_change_3m,0.04146256297826767
xgboost_return,10,1,2025-09-30,india_10y_yield_lag_1,0.050098665058612823
xgboost_return,10,1,2025-09-30,us_industrial_production_lag_1,0.06188163161277771
xgboost_return,10,1,2025-09-30,aluminum_stock_ton_pct_change_1m,0.04683174937963486
xgboost_return,10,1,2025-09-30,aluminum_stock_ton_change_1m,0.06036456301808357
xgboost_return,10,1,2025-09-30,shfe_open_interest_lots_lag_3,0.04262632504105568
xgboost_return,10,1,2025-09-30,india_10y_yield_pct_change_12m,0.03421100229024887
xgboost_return,10,1,2025-09-30,origin_global_portcalls,0.03217996284365654
xgboost_return,10,1,2025-09-30,shfe_open_interest_lots_lag_1,0.06897369772195816
xgboost_return,10,1,2025-09-30,tin_stock_ton_change_1m,0.0821995884180069
xgboost_return,10,1,2025-09-30,us_cpi_index_pct_change_12m,0.06863655894994736
xgboost_return,10,1,2025-09-30,india_10y_yield_pct_change_3m,0.06910859793424606
xgboost_return,10,1,2025-09-30,us_industrial_production_lag_3,0.05169516056776047
xgboost_return,10,1,2025-09-30,us_10y_2y_spread_pct_change_12m,0.046812281012535095
xgboost_return,10,1,2025-09-30,korea_call_money_rate_pct_change_12m,0.02853062003850937
xgboost_return,10,1,2025-09-30,g20_composite_leading_indicator_pct_change_1m,0.03975071758031845
xgboost_return,10,1,2025-09-30,shfe_open_interest_lots_pct_change_12m,0.03393996134400368
xgboost_return,10,1,2025-09-30,m2_money_supply_change_1m,0.05795621871948242
xgboost_return,10,1,2025-09-30,usa_nyse_mp_materials_lag_3,0.03414057940244675
xgboost_return,10,1,2025-09-30,china_fixed_asset_investment_yoy_pct_lag_3,0.05107993260025978
xgboost_return,10,1,2025-09-30,australia_asx200_pct_change_12m,0.03898216038942337
xgboost_return,10,1,2025-10-31,india_10y_yield_lag_1,0.05446474626660347
xgboost_return,10,1,2025-10-31,aluminum_stock_ton_pct_change_1m,0.04453921690583229
xgboost_return,10,1,2025-10-31,aluminum_stock_ton_change_1m,0.0677819475531578
xgboost_return,10,1,2025-10-31,us_industrial_production_lag_1,0.0493607223033905
xgboost_return,10,1,2025-10-31,origin_global_portcalls,0.022264985367655754
xgboost_return,10,1,2025-10-31,india_10y_yield_pct_change_12m,0.049848657101392746
xgboost_return,10,1,2025-10-31,us_10y_2y_spread_pct_change_12m,0.040723662823438644
xgboost_return,10,1,2025-10-31,shfe_open_interest_lots_lag_1,0.04822224751114845
xgboost_return,10,1,2025-10-31,korea_call_money_rate_pct_change_12m,0.024279221892356873
xgboost_return,10,1,2025-10-31,usa_nyse_mp_materials_pct_change_3m,0.044454071670770645
xgboost_return,10,1,2025-10-31,china_fixed_asset_investment_yoy_pct_lag_3,0.05448217689990997
xgboost_return,10,1,2025-10-31,shfe_open_interest_lots_lag_3,0.052442800253629684
xgboost_return,10,1,2025-10-31,tin_stock_ton_change_1m,0.08416999876499176
xgboost_return,10,1,2025-10-31,g20_composite_leading_indicator_pct_change_1m,0.037724025547504425
xgboost_return,10,1,2025-10-31,us_cpi_index_pct_change_12m,0.06287306547164917
xgboost_return,10,1,2025-10-31,m2_money_supply_change_1m,0.045308832079172134
xgboost_return,10,1,2025-10-31,copper_supply_dry_bulk_export_lag_12,0.05577588081359863
xgboost_return,10,1,2025-10-31,shfe_open_interest_lots_pct_change_12m,0.032897137105464935
xgboost_return,10,1,2025-10-31,indonesia_call_money_rate_pct_change_12m,0.08498343080282211
xgboost_return,10,1,2025-10-31,india_10y_yield_pct_change_3m,0.043403260409832
xgboost_return,10,1,2025-11-30,india_10y_yield_lag_1,0.050077684223651886
xgboost_return,10,1,2025-11-30,aluminum_stock_ton_pct_change_1m,0.043815046548843384
xgboost_return,10,1,2025-11-30,tin_stock_ton_change_1m,0.0831151008605957
xgboost_return,10,1,2025-11-30,aluminum_stock_ton_change_1m,0.0693851113319397
xgboost_return,10,1,2025-11-30,us_industrial_production_lag_1,0.054325658828020096
xgboost_return,10,1,2025-11-30,origin_global_portcalls,0.02799154818058014
xgboost_return,10,1,2025-11-30,india_10y_yield_pct_change_12m,0.06311801075935364
xgboost_return,10,1,2025-11-30,us_10y_2y_spread_pct_change_12m,0.030985383316874504
xgboost_return,10,1,2025-11-30,korea_call_money_rate_pct_change_12m,0.043834272772073746
xgboost_return,10,1,2025-11-30,usa_nyse_mp_materials_pct_change_3m,0.04389908164739609
xgboost_return,10,1,2025-11-30,shfe_open_interest_lots_lag_1,0.046112529933452606
xgboost_return,10,1,2025-11-30,shfe_open_interest_lots_lag_3,0.04413355141878128
xgboost_return,10,1,2025-11-30,m2_money_supply_change_1m,0.04706427827477455
xgboost_return,10,1,2025-11-30,us_cpi_index_pct_change_12m,0.07167154550552368
xgboost_return,10,1,2025-11-30,indonesia_call_money_rate_pct_change_12m,0.07369875907897949
xgboost_return,10,1,2025-11-30,brent_oil_usd_lag_1,0.05450602248311043
xgboost_return,10,1,2025-11-30,china_fixed_asset_investment_yoy_pct_lag_3,0.034980207681655884
xgboost_return,10,1,2025-11-30,copper_supply_dry_bulk_export_lag_12,0.05099991708993912
xgboost_return,10,1,2025-11-30,us_cpi_index_pct_change_3m,0.04283164069056511
xgboost_return,10,1,2025-11-30,shfe_open_interest_lots_pct_change_12m,0.023454532027244568
xgboost_return,10,1,2025-12-31,aluminum_stock_ton_pct_change_1m,0.06450774520635605
xgboost_return,10,1,2025-12-31,india_10y_yield_lag_1,0.052330728620290756
xgboost_return,10,1,2025-12-31,usa_nyse_mp_materials_pct_change_3m,0.05053822696208954
xgboost_return,10,1,2025-12-31,origin_global_portcalls,0.04368429630994797
xgboost_return,10,1,2025-12-31,us_10y_2y_spread_pct_change_12m,0.02874607965350151
xgboost_return,10,1,2025-12-31,aluminum_stock_ton_change_1m,0.05379622429609299
xgboost_return,10,1,2025-12-31,india_10y_yield_pct_change_12m,0.03278547525405884
xgboost_return,10,1,2025-12-31,korea_call_money_rate_pct_change_12m,0.02328440174460411
xgboost_return,10,1,2025-12-31,us_industrial_production_lag_1,0.05991405248641968
xgboost_return,10,1,2025-12-31,tin_stock_ton_change_1m,0.07774466276168823
xgboost_return,10,1,2025-12-31,us_cpi_index_pct_change_3m,0.0480167381465435
xgboost_return,10,1,2025-12-31,brent_oil_usd_lag_1,0.07216647267341614
xgboost_return,10,1,2025-12-31,indonesia_call_money_rate_pct_change_12m,0.09585750102996826
xgboost_return,10,1,2025-12-31,euro_area_industrial_production_lag_6,0.032041218131780624
xgboost_return,10,1,2025-12-31,lead_cash_usd_per_ton_lag_3,0.06410325318574905
xgboost_return,10,1,2025-12-31,m2_money_supply_change_1m,0.031616270542144775
xgboost_return,10,1,2025-12-31,us_cpi_index_pct_change_12m,0.04112325236201286
xgboost_return,10,1,2025-12-31,china_fixed_asset_investment_yoy_pct_lag_3,0.049611542373895645
xgboost_return,10,1,2025-12-31,shfe_open_interest_lots_lag_3,0.0378381572663784
xgboost_return,10,1,2025-12-31,germany_manufacturing_order_books_lag_6,0.04029366746544838
xgboost_return,10,1,2026-01-31,aluminum_stock_ton_pct_change_1m,0.05543611943721771
xgboost_return,10,1,2026-01-31,india_10y_yield_lag_1,0.04294075816869736
xgboost_return,10,1,2026-01-31,origin_global_portcalls,0.03618243709206581
xgboost_return,10,1,2026-01-31,us_10y_2y_spread_pct_change_12m,0.06413153558969498
xgboost_return,10,1,2026-01-31,us_cpi_index_pct_change_3m,0.05272642895579338
xgboost_return,10,1,2026-01-31,lead_cash_usd_per_ton_lag_3,0.05788522958755493
xgboost_return,10,1,2026-01-31,korea_call_money_rate_pct_change_12m,0.023008009418845177
xgboost_return,10,1,2026-01-31,brent_oil_usd_lag_1,0.04778659716248512
xgboost_return,10,1,2026-01-31,india_10y_yield_pct_change_12m,0.03374679386615753
xgboost_return,10,1,2026-01-31,euro_area_industrial_production_lag_6,0.0400286428630352
xgboost_return,10,1,2026-01-31,us_industrial_production_lag_1,0.0574219785630703
xgboost_return,10,1,2026-01-31,germany_manufacturing_order_books_lag_6,0.04625273495912552
xgboost_return,10,1,2026-01-31,indonesia_call_money_rate_pct_change_12m,0.08132313936948776
xgboost_return,10,1,2026-01-31,aluminum_stock_ton_change_1m,0.043329741805791855
xgboost_return,10,1,2026-01-31,germany_manufacturing_order_books_lag_12,0.04791056364774704
xgboost_return,10,1,2026-01-31,euro_area_industrial_production_lag_3,0.03571750968694687
xgboost_return,10,1,2026-01-31,tin_stock_ton_change_1m,0.07473895698785782
xgboost_return,10,1,2026-01-31,china_fixed_asset_investment_yoy_pct_lag_3,0.06668966263532639
xgboost_return,10,1,2026-01-31,copper_supply_dry_bulk_export_lag_12,0.05879930034279823
xgboost_return,10,1,2026-01-31,global_portcalls_pct_change_12m,0.03394394367933273
xgboost_return,10,1,2026-02-28,india_10y_yield_lag_1,0.04200044646859169
xgboost_return,10,1,2026-02-28,aluminum_stock_ton_pct_change_1m,0.07138419151306152
xgboost_return,10,1,2026-02-28,us_10y_2y_spread_pct_change_12m,0.06186699867248535
xgboost_return,10,1,2026-02-28,origin_global_portcalls,0.036446698009967804
xgboost_return,10,1,2026-02-28,us_cpi_index_pct_change_3m,0.0527305044233799
xgboost_return,10,1,2026-02-28,korea_call_money_rate_pct_change_12m,0.033362239599227905
xgboost_return,10,1,2026-02-28,lead_cash_usd_per_ton_lag_3,0.07284348458051682
xgboost_return,10,1,2026-02-28,india_10y_yield_pct_change_12m,0.02586021088063717
xgboost_return,10,1,2026-02-28,brent_oil_usd_lag_1,0.031446535140275955
xgboost_return,10,1,2026-02-28,us_industrial_production_lag_1,0.06302496790885925
xgboost_return,10,1,2026-02-28,euro_area_industrial_production_lag_6,0.028056034818291664
xgboost_return,10,1,2026-02-28,tin_stock_ton_change_1m,0.060161739587783813
xgboost_return,10,1,2026-02-28,aluminum_stock_ton_change_1m,0.05488825589418411
xgboost_return,10,1,2026-02-28,indonesia_call_money_rate_pct_change_12m,0.07566924393177032
xgboost_return,10,1,2026-02-28,germany_manufacturing_order_books_lag_6,0.03891205042600632
xgboost_return,10,1,2026-02-28,china_fixed_asset_investment_yoy_pct_lag_3,0.081603042781353
xgboost_return,10,1,2026-02-28,usa_nyse_mp_materials_pct_change_3m,0.04371428117156029
xgboost_return,10,1,2026-02-28,germany_manufacturing_order_books_lag_12,0.054802004247903824
xgboost_return,10,1,2026-02-28,euro_area_industrial_production_lag_3,0.03366723284125328
xgboost_return,10,1,2026-02-28,m2_money_supply_change_1m,0.03755972906947136
xgboost_return,10,1,2026-03-31,india_10y_yield_lag_1,0.05740931257605553
xgboost_return,10,1,2026-03-31,aluminum_stock_ton_pct_change_1m,0.056836262345314026
xgboost_return,10,1,2026-03-31,india_10y_yield_pct_change_12m,0.03190382570028305
xgboost_return,10,1,2026-03-31,us_10y_2y_spread_pct_change_12m,0.06429896503686905
xgboost_return,10,1,2026-03-31,aluminum_stock_ton_change_1m,0.04876463860273361
xgboost_return,10,1,2026-03-31,us_industrial_production_lag_1,0.050745151937007904
xgboost_return,10,1,2026-03-31,tin_stock_ton_change_1m,0.07714410871267319
xgboost_return,10,1,2026-03-31,us_cpi_index_pct_change_3m,0.058033980429172516
xgboost_return,10,1,2026-03-31,korea_call_money_rate_pct_change_12m,0.024627910926938057
xgboost_return,10,1,2026-03-31,india_10y_yield_pct_change_3m,0.0461578331887722
xgboost_return,10,1,2026-03-31,usa_nyse_mp_materials_pct_change_3m,0.04811886325478554
xgboost_return,10,1,2026-03-31,origin_global_portcalls,0.04105456545948982
xgboost_return,10,1,2026-03-31,lead_cash_usd_per_ton_lag_3,0.04486582800745964
xgboost_return,10,1,2026-03-31,brent_oil_usd_lag_1,0.04995820298790932
xgboost_return,10,1,2026-03-31,china_fixed_asset_investment_yoy_pct_lag_3,0.05957949534058571
xgboost_return,10,1,2026-03-31,indonesia_call_money_rate_pct_change_12m,0.06337011605501175
xgboost_return,10,1,2026-03-31,euro_area_industrial_production_lag_6,0.03110613487660885
xgboost_return,10,1,2026-03-31,shfe_open_interest_lots_lag_1,0.0509287565946579
xgboost_return,10,1,2026-03-31,germany_manufacturing_order_books_lag_6,0.04999169707298279
xgboost_return,10,1,2026-03-31,shfe_open_interest_lots_lag_3,0.045104365795850754
xgboost_return,10,1,2026-04-30,india_10y_yield_lag_1,0.06169021502137184
xgboost_return,10,1,2026-04-30,aluminum_stock_ton_pct_change_1m,0.048346128314733505
xgboost_return,10,1,2026-04-30,us_10y_2y_spread_pct_change_12m,0.0548788383603096
xgboost_return,10,1,2026-04-30,tin_stock_ton_change_1m,0.0814022570848465
xgboost_return,10,1,2026-04-30,india_10y_yield_pct_change_12m,0.051135968416929245
xgboost_return,10,1,2026-04-30,us_cpi_index_pct_change_3m,0.04539567604660988
xgboost_return,10,1,2026-04-30,lead_cash_usd_per_ton_lag_3,0.0560280904173851
xgboost_return,10,1,2026-04-30,aluminum_stock_ton_change_1m,0.053115539252758026
xgboost_return,10,1,2026-04-30,korea_call_money_rate_pct_change_12m,0.029314450919628143
xgboost_return,10,1,2026-04-30,us_industrial_production_lag_1,0.04983401298522949
xgboost_return,10,1,2026-04-30,brent_oil_usd_lag_1,0.05021064355969429
xgboost_return,10,1,2026-04-30,euro_area_industrial_production_lag_6,0.03547875955700874
xgboost_return,10,1,2026-04-30,origin_global_portcalls,0.041992317885160446
xgboost_return,10,1,2026-04-30,usa_nyse_mp_materials_pct_change_3m,0.04282597079873085
xgboost_return,10,1,2026-04-30,indonesia_call_money_rate_pct_change_12m,0.1024874895811081
xgboost_return,10,1,2026-04-30,germany_manufacturing_order_books_lag_6,0.028727836906909943
xgboost_return,10,1,2026-04-30,india_10y_yield_pct_change_3m,0.04873364046216011
xgboost_return,10,1,2026-04-30,china_fixed_asset_investment_yoy_pct_lag_3,0.05237743258476257
xgboost_return,10,1,2026-04-30,euro_area_industrial_production_lag_3,0.038217660039663315
xgboost_return,10,1,2026-04-30,m2_money_supply_change_1m,0.027807097882032394
xgboost_return,10,1,2026-05-31,india_10y_yield_lag_1,0.04413482919335365
xgboost_return,10,1,2026-05-31,aluminum_stock_ton_pct_change_1m,0.053653016686439514
xgboost_return,10,1,2026-05-31,lead_cash_usd_per_ton_lag_3,0.0561349056661129
xgboost_return,10,1,2026-05-31,us_10y_2y_spread_pct_change_12m,0.058501116931438446
xgboost_return,10,1,2026-05-31,korea_call_money_rate_pct_change_12m,0.024647805839776993
xgboost_return,10,1,2026-05-31,euro_area_industrial_production_lag_6,0.053766071796417236
xgboost_return,10,1,2026-05-31,aluminum_stock_ton_change_1m,0.05039544403553009
xgboost_return,10,1,2026-05-31,us_industrial_production_lag_1,0.0472160205245018
xgboost_return,10,1,2026-05-31,origin_global_portcalls,0.04538349062204361
xgboost_return,10,1,2026-05-31,india_10y_yield_pct_change_12m,0.02583361230790615
xgboost_return,10,1,2026-05-31,brent_oil_usd_lag_1,0.047512318938970566
xgboost_return,10,1,2026-05-31,germany_manufacturing_order_books_lag_6,0.03873901441693306
xgboost_return,10,1,2026-05-31,euro_area_industrial_production_lag_3,0.05241553112864494
xgboost_return,10,1,2026-05-31,indonesia_call_money_rate_pct_change_12m,0.11775335669517517
xgboost_return,10,1,2026-05-31,us_cpi_index_pct_change_3m,0.04182520508766174
xgboost_return,10,1,2026-05-31,usa_nyse_mp_materials_pct_change_3m,0.04042445868253708
xgboost_return,10,1,2026-05-31,tin_stock_ton_change_1m,0.06230245530605316
xgboost_return,10,1,2026-05-31,india_10y_yield_pct_change_3m,0.04210665076971054
xgboost_return,10,1,2026-05-31,us_cpi_index_pct_change_12m,0.03597171977162361
xgboost_return,10,1,2026-05-31,tin_stock_ton_lag_12,0.0612829327583313
xgboost_return,10,1,2026-06-30,lead_cash_usd_per_ton_lag_3,0.06803514808416367
xgboost_return,10,1,2026-06-30,india_10y_yield_lag_1,0.044412508606910706
xgboost_return,10,1,2026-06-30,aluminum_stock_ton_pct_change_1m,0.05845751613378525
xgboost_return,10,1,2026-06-30,euro_area_industrial_production_lag_6,0.06312918663024902
xgboost_return,10,1,2026-06-30,us_10y_2y_spread_pct_change_12m,0.03626800328493118
xgboost_return,10,1,2026-06-30,korea_call_money_rate_pct_change_12m,0.04808950796723366
xgboost_return,10,1,2026-06-30,us_industrial_production_lag_1,0.048066072165966034
xgboost_return,10,1,2026-06-30,brent_oil_usd_lag_1,0.03761657327413559
xgboost_return,10,1,2026-06-30,euro_area_industrial_production_lag_3,0.05710584670305252
xgboost_return,10,1,2026-06-30,aluminum_stock_ton_change_1m,0.05125705897808075
xgboost_return,10,1,2026-06-30,india_10y_yield_pct_change_12m,0.0437476709485054
xgboost_return,10,1,2026-06-30,origin_global_portcalls,0.04648823291063309
xgboost_return,10,1,2026-06-30,germany_manufacturing_order_books_lag_6,0.04229125753045082
xgboost_return,10,1,2026-06-30,indonesia_call_money_rate_pct_change_12m,0.06799571216106415
xgboost_return,10,1,2026-06-30,tin_stock_ton_lag_12,0.05214640870690346
xgboost_return,10,1,2026-06-30,us_cpi_index_pct_change_12m,0.052174489945173264
xgboost_return,10,1,2026-06-30,india_10y_yield_pct_change_3m,0.05592833086848259
xgboost_return,10,1,2026-06-30,japan_ppi_pct_change_12m,0.032381679862737656
xgboost_return,10,1,2026-06-30,us_cpi_index_pct_change_3m,0.04216154292225838
xgboost_return,10,1,2026-06-30,uk_ftse100_glencore_lag_1,0.052247241139411926
xgboost_return,10,1,2026-07-31,india_10y_yield_lag_1,0.03905593976378441
xgboost_return,10,1,2026-07-31,aluminum_stock_ton_pct_change_1m,0.04911321401596069
xgboost_return,10,1,2026-07-31,lead_cash_usd_per_ton_lag_3,0.06851130723953247
xgboost_return,10,1,2026-07-31,us_10y_2y_spread_pct_change_12m,0.06479290127754211
xgboost_return,10,1,2026-07-31,korea_call_money_rate_pct_change_12m,0.038035083562135696
xgboost_return,10,1,2026-07-31,aluminum_stock_ton_change_1m,0.05772620067000389
xgboost_return,10,1,2026-07-31,euro_area_industrial_production_lag_6,0.040408696979284286
xgboost_return,10,1,2026-07-31,brent_oil_usd_lag_1,0.05625830590724945
xgboost_return,10,1,2026-07-31,us_cpi_index_pct_change_3m,0.0521356426179409
xgboost_return,10,1,2026-07-31,us_industrial_production_lag_1,0.04286909103393555
xgboost_return,10,1,2026-07-31,india_10y_yield_pct_change_12m,0.04410696402192116
xgboost_return,10,1,2026-07-31,origin_global_portcalls,0.01696120761334896
xgboost_return,10,1,2026-07-31,indonesia_call_money_rate_pct_change_12m,0.08056052029132843
xgboost_return,10,1,2026-07-31,germany_manufacturing_order_books_lag_6,0.025575779378414154
xgboost_return,10,1,2026-07-31,tin_stock_ton_change_1m,0.06723085045814514
xgboost_return,10,1,2026-07-31,euro_area_industrial_production_lag_3,0.03317388892173767
xgboost_return,10,1,2026-07-31,usa_nyse_mp_materials_pct_change_3m,0.04458635300397873
xgboost_return,10,1,2026-07-31,tin_stock_ton_lag_12,0.046690959483385086
xgboost_return,10,1,2026-07-31,india_10y_yield_pct_change_3m,0.05599311366677284
xgboost_return,10,1,2026-07-31,us_cpi_index_pct_change_12m,0.07621391862630844
xgboost_return,10,3,2025-01-31,china_fixed_asset_investment_yoy_pct_change_1m,0.028497984632849693
xgboost_return,10,3,2025-01-31,canada_tsx_composite_hudbay_minerals_lag_3,0.08837052434682846
xgboost_return,10,3,2025-01-31,us_industrial_production_lag_1,0.04330834746360779
xgboost_return,10,3,2025-01-31,shfe_open_interest_lots_lag_1,0.046178922057151794
xgboost_return,10,3,2025-01-31,us_industrial_production_lag_3,0.026303114369511604
xgboost_return,10,3,2025-01-31,canada_tsx_composite_hudbay_minerals_lag_1,0.05192438140511513
xgboost_return,10,3,2025-01-31,poland_wig20_lag_6,0.1177346333861351
xgboost_return,10,3,2025-01-31,poland_wig20_lag_3,0.022061681374907494
xgboost_return,10,3,2025-01-31,china_real_estate_investment_yoy_pct_pct_change_1m,0.034835509955883026
xgboost_return,10,3,2025-01-31,india_10y_yield_lag_1,0.016864994540810585
xgboost_return,10,3,2025-01-31,korea_call_money_rate_pct_change_12m,0.05626047030091286
xgboost_return,10,3,2025-01-31,usd_cdf_pct_change_3m,0.0216167364269495
xgboost_return,10,3,2025-01-31,zinc_stock_ton_pct_change_12m,0.029339388012886047
xgboost_return,10,3,2025-01-31,shfe_open_interest_lots_pct_change_12m,0.028159968554973602
xgboost_return,10,3,2025-01-31,india_industrial_production_pct_change_3m,0.05088699981570244
xgboost_return,10,3,2025-01-31,indonesia_call_money_rate_pct_change_12m,0.0839385986328125
xgboost_return,10,3,2025-01-31,brent_oil_usd_lag_1,0.09466321766376495
xgboost_return,10,3,2025-01-31,us_10y_2y_spread_pct_change_12m,0.046264275908470154
xgboost_return,10,3,2025-01-31,g20_composite_leading_indicator_lag_12,0.057185929268598557
xgboost_return,10,3,2025-01-31,nickel_stock_ton_pct_change_12m,0.05560438707470894
xgboost_return,10,3,2025-02-28,china_fixed_asset_investment_yoy_pct_change_1m,0.08027436584234238
xgboost_return,10,3,2025-02-28,canada_tsx_composite_hudbay_minerals_lag_3,0.029072094708681107
xgboost_return,10,3,2025-02-28,us_industrial_production_lag_1,0.047273147851228714
xgboost_return,10,3,2025-02-28,global_container_import_lag_12,0.026562966406345367
xgboost_return,10,3,2025-02-28,shfe_open_interest_lots_lag_1,0.04223548248410225
xgboost_return,10,3,2025-02-28,us_industrial_production_lag_3,0.017582353204488754
xgboost_return,10,3,2025-02-28,canada_tsx_composite_hudbay_minerals_lag_1,0.04417860507965088
xgboost_return,10,3,2025-02-28,china_real_estate_investment_yoy_pct_pct_change_1m,0.06542223691940308
xgboost_return,10,3,2025-02-28,poland_wig20_lag_3,0.037236373871564865
xgboost_return,10,3,2025-02-28,poland_wig20_lag_6,0.13321737945079803
xgboost_return,10,3,2025-02-28,china_copper_related_dry_bulk_export_lag_12,0.03733470290899277
xgboost_return,10,3,2025-02-28,india_10y_yield_lag_1,0.009178261272609234
xgboost_return,10,3,2025-02-28,korea_call_money_rate_pct_change_12m,0.08368434011936188
xgboost_return,10,3,2025-02-28,zinc_stock_ton_pct_change_12m,0.0350077748298645
xgboost_return,10,3,2025-02-28,global_container_export_lag_12,0.0324857197701931
xgboost_return,10,3,2025-02-28,shfe_open_interest_lots_pct_change_12m,0.04540247842669487
xgboost_return,10,3,2025-02-28,us_10y_2y_spread_pct_change_12m,0.03100254014134407
xgboost_return,10,3,2025-02-28,usd_cdf_pct_change_3m,0.04127873480319977
xgboost_return,10,3,2025-02-28,india_industrial_production_pct_change_3m,0.09468798339366913
xgboost_return,10,3,2025-02-28,g20_composite_leading_indicator_lag_12,0.06688246876001358
xgboost_return,10,3,2025-03-31,china_fixed_asset_investment_yoy_pct_change_1m,0.055232372134923935
xgboost_return,10,3,2025-03-31,us_industrial_production_lag_1,0.07195048779249191
xgboost_return,10,3,2025-03-31,global_container_import_lag_12,0.0271587036550045
xgboost_return,10,3,2025-03-31,canada_tsx_composite_hudbay_minerals_lag_3,0.03751792013645172
xgboost_return,10,3,2025-03-31,shfe_open_interest_lots_lag_1,0.03066793642938137
xgboost_return,10,3,2025-03-31,us_industrial_production_lag_3,0.020063748583197594
xgboost_return,10,3,2025-03-31,india_10y_yield_lag_1,0.03655299171805382
xgboost_return,10,3,2025-03-31,china_real_estate_investment_yoy_pct_pct_change_1m,0.07687413692474365
xgboost_return,10,3,2025-03-31,china_copper_related_dry_bulk_export_lag_12,0.034776631742715836
xgboost_return,10,3,2025-03-31,korea_call_money_rate_pct_change_12m,0.07525815814733505
xgboost_return,10,3,2025-03-31,canada_tsx_composite_hudbay_minerals_lag_1,0.03765476867556572
xgboost_return,10,3,2025-03-31,poland_wig20_lag_3,0.015523509122431278
xgboost_return,10,3,2025-03-31,us_10y_2y_spread_pct_change_12m,0.05064484477043152
xgboost_return,10,3,2025-03-31,nickel_stock_ton_pct_change_12m,0.03741089627146721
xgboost_return,10,3,2025-03-31,zinc_stock_ton_pct_change_12m,0.04633466154336929
xgboost_return,10,3,2025-03-31,shfe_open_interest_lots_pct_change_12m,0.006482653319835663
xgboost_return,10,3,2025-03-31,poland_wig20_lag_6,0.2019832581281662
xgboost_return,10,3,2025-03-31,g20_composite_leading_indicator_lag_12,0.06302433460950851
xgboost_return,10,3,2025-03-31,usd_cdf_pct_change_3m,0.02281947247684002
xgboost_return,10,3,2025-03-31,global_portcalls_pct_change_12m,0.0520685575902462
xgboost_return,10,3,2025-04-30,china_fixed_asset_investment_yoy_pct_change_1m,0.04236433655023575
xgboost_return,10,3,2025-04-30,us_industrial_production_lag_1,0.11775632947683334
xgboost_return,10,3,2025-04-30,global_container_import_lag_12,0.02560480125248432
xgboost_return,10,3,2025-04-30,canada_tsx_composite_hudbay_minerals_lag_3,0.06315094232559204
xgboost_return,10,3,2025-04-30,shfe_open_interest_lots_lag_1,0.033225491642951965
xgboost_return,10,3,2025-04-30,us_industrial_production_lag_3,0.018697384744882584
xgboost_return,10,3,2025-04-30,india_10y_yield_lag_1,0.03685103729367256
xgboost_return,10,3,2025-04-30,china_real_estate_investment_yoy_pct_pct_change_1m,0.0750642791390419
xgboost_return,10,3,2025-04-30,china_copper_related_dry_bulk_export_lag_12,0.012160304002463818
xgboost_return,10,3,2025-04-30,korea_call_money_rate_pct_change_12m,0.0746566578745842
xgboost_return,10,3,2025-04-30,us_10y_2y_spread_pct_change_12m,0.03452520817518234
xgboost_return,10,3,2025-04-30,poland_wig20_lag_3,0.023519154638051987
xgboost_return,10,3,2025-04-30,zinc_stock_ton_pct_change_12m,0.04617402330040932
xgboost_return,10,3,2025-04-30,nickel_stock_ton_pct_change_12m,0.06565741449594498
xgboost_return,10,3,2025-04-30,canada_tsx_composite_hudbay_minerals_lag_1,0.06695974618196487
xgboost_return,10,3,2025-04-30,shfe_open_interest_lots_pct_change_12m,0.01342826895415783
xgboost_return,10,3,2025-04-30,g20_composite_leading_indicator_lag_12,0.029034236446022987
xgboost_return,10,3,2025-04-30,poland_wig20_lag_6,0.15935660898685455
xgboost_return,10,3,2025-04-30,origin_shfe_open_interest_lots,0.041917745023965836
xgboost_return,10,3,2025-04-30,global_portcalls_pct_change_12m,0.01989605464041233
xgboost_return,10,3,2025-05-31,china_fixed_asset_investment_yoy_pct_change_1m,0.056074101477861404
xgboost_return,10,3,2025-05-31,us_industrial_production_lag_1,0.11413328349590302
xgboost_return,10,3,2025-05-31,global_container_import_lag_12,0.02514222264289856
xgboost_return,10,3,2025-05-31,shfe_open_interest_lots_lag_1,0.05241988226771355
xgboost_return,10,3,2025-05-31,canada_tsx_composite_hudbay_minerals_lag_3,0.036088306456804276
xgboost_return,10,3,2025-05-31,us_industrial_production_lag_3,0.019652731716632843
xgboost_return,10,3,2025-05-31,india_10y_yield_lag_1,0.03529190644621849
xgboost_return,10,3,2025-05-31,china_real_estate_investment_yoy_pct_pct_change_1m,0.038582492619752884
xgboost_return,10,3,2025-05-31,china_copper_related_dry_bulk_export_lag_12,0.016182275488972664
xgboost_return,10,3,2025-05-31,korea_call_money_rate_pct_change_12m,0.07011633366346359
xgboost_return,10,3,2025-05-31,us_10y_2y_spread_pct_change_12m,0.025588998571038246
xgboost_return,10,3,2025-05-31,zinc_stock_ton_pct_change_12m,0.05477665737271309
xgboost_return,10,3,2025-05-31,poland_wig20_lag_3,0.02339148335158825
xgboost_return,10,3,2025-05-31,nickel_stock_ton_pct_change_12m,0.061219193041324615
xgboost_return,10,3,2025-05-31,shfe_open_interest_lots_pct_change_12m,0.03984341770410538
xgboost_return,10,3,2025-05-31,g20_composite_leading_indicator_lag_12,0.06465909630060196
xgboost_return,10,3,2025-05-31,poland_wig20_lag_6,0.13657033443450928
xgboost_return,10,3,2025-05-31,origin_shfe_open_interest_lots,0.025903914123773575
xgboost_return,10,3,2025-05-31,canada_tsx_composite_hudbay_minerals_lag_1,0.05644543468952179
xgboost_return,10,3,2025-05-31,india_industrial_production_pct_change_3m,0.04791795834898949
xgboost_return,10,3,2025-06-30,china_fixed_asset_investment_yoy_pct_change_1m,0.04169813543558121
xgboost_return,10,3,2025-06-30,us_industrial_production_lag_1,0.09721691161394119
xgboost_return,10,3,2025-06-30,global_container_import_lag_12,0.021678458899259567
xgboost_return,10,3,2025-06-30,shfe_open_interest_lots_lag_1,0.031130628660321236
xgboost_return,10,3,2025-06-30,us_industrial_production_lag_3,0.04231424257159233
xgboost_return,10,3,2025-06-30,canada_tsx_composite_hudbay_minerals_lag_3,0.028867317363619804
xgboost_return,10,3,2025-06-30,china_copper_related_dry_bulk_export_lag_12,0.010769984684884548
xgboost_return,10,3,2025-06-30,india_10y_yield_lag_1,0.01870809681713581
xgboost_return,10,3,2025-06-30,korea_call_money_rate_pct_change_12m,0.012006305158138275
xgboost_return,10,3,2025-06-30,zinc_stock_ton_pct_change_12m,0.04541207104921341
xgboost_return,10,3,2025-06-30,us_10y_2y_spread_pct_change_12m,0.01390338595956564
xgboost_return,10,3,2025-06-30,india_industrial_production_pct_change_3m,0.057694900780916214
xgboost_return,10,3,2025-06-30,china_real_estate_investment_yoy_pct_pct_change_1m,0.17491477727890015
xgboost_return,10,3,2025-06-30,shfe_open_interest_lots_pct_change_12m,0.017737261950969696
xgboost_return,10,3,2025-06-30,g20_composite_leading_indicator_lag_12,0.0680617168545723
xgboost_return,10,3,2025-06-30,nickel_stock_ton_pct_change_12m,0.06696558743715286
xgboost_return,10,3,2025-06-30,poland_wig20_lag_3,0.0139599135145545
xgboost_return,10,3,2025-06-30,origin_shfe_open_interest_lots,0.021257417276501656
xgboost_return,10,3,2025-06-30,poland_wig20_lag_6,0.07857439666986465
xgboost_return,10,3,2025-06-30,brent_oil_usd_lag_1,0.13712847232818604
xgboost_return,10,3,2025-07-31,china_fixed_asset_investment_yoy_pct_change_1m,0.043508704751729965
xgboost_return,10,3,2025-07-31,us_industrial_production_lag_1,0.07765369862318039
xgboost_return,10,3,2025-07-31,shfe_open_interest_lots_lag_1,0.06598062068223953
xgboost_return,10,3,2025-07-31,global_container_import_lag_12,0.013219828717410564
xgboost_return,10,3,2025-07-31,us_industrial_production_lag_3,0.0252541471272707
xgboost_return,10,3,2025-07-31,korea_call_money_rate_pct_change_12m,0.062419477850198746
xgboost_return,10,3,2025-07-31,us_10y_2y_spread_pct_change_12m,0.029517462477087975
xgboost_return,10,3,2025-07-31,india_industrial_production_pct_change_3m,0.05776846408843994
xgboost_return,10,3,2025-07-31,india_10y_yield_lag_1,0.01675465516746044
xgboost_return,10,3,2025-07-31,nickel_stock_ton_pct_change_12m,0.05393190681934357
xgboost_return,10,3,2025-07-31,zinc_stock_ton_pct_change_12m,0.0556458905339241
xgboost_return,10,3,2025-07-31,canada_tsx_composite_hudbay_minerals_lag_3,0.09512829035520554
xgboost_return,10,3,2025-07-31,g20_composite_leading_indicator_lag_12,0.05026157200336456
xgboost_return,10,3,2025-07-31,china_copper_related_dry_bulk_export_lag_12,0.015748821198940277
xgboost_return,10,3,2025-07-31,china_real_estate_investment_yoy_pct_pct_change_1m,0.0321611687541008
xgboost_return,10,3,2025-07-31,shfe_open_interest_lots_pct_change_12m,0.010235044173896313
xgboost_return,10,3,2025-07-31,peru_usd_pen_pct_change_3m,0.06646265834569931
xgboost_return,10,3,2025-07-31,brent_oil_usd_lag_1,0.16851167380809784
xgboost_return,10,3,2025-07-31,lead_cash_usd_per_ton_lag_3,0.028437722474336624
xgboost_return,10,3,2025-07-31,origin_shfe_open_interest_lots,0.0313982255756855
xgboost_return,10,3,2025-08-31,china_fixed_asset_investment_yoy_pct_change_1m,0.04487236589193344
xgboost_return,10,3,2025-08-31,us_industrial_production_lag_1,0.07939320057630539
xgboost_return,10,3,2025-08-31,shfe_open_interest_lots_lag_1,0.05202547833323479
xgboost_return,10,3,2025-08-31,global_container_import_lag_12,0.047703780233860016
xgboost_return,10,3,2025-08-31,india_industrial_production_pct_change_3m,0.06874309480190277
xgboost_return,10,3,2025-08-31,us_industrial_production_lag_3,0.027273451909422874
xgboost_return,10,3,2025-08-31,korea_call_money_rate_pct_change_12m,0.021883275359869003
xgboost_return,10,3,2025-08-31,us_10y_2y_spread_pct_change_12m,0.014354350976645947
xgboost_return,10,3,2025-08-31,peru_usd_pen_pct_change_3m,0.06372883170843124
xgboost_return,10,3,2025-08-31,zinc_stock_ton_pct_change_12m,0.03133118525147438
xgboost_return,10,3,2025-08-31,g20_composite_leading_indicator_lag_12,0.06244198605418205
xgboost_return,10,3,2025-08-31,china_copper_related_dry_bulk_export_lag_12,0.02320391684770584
xgboost_return,10,3,2025-08-31,india_10y_yield_lag_1,0.028833065181970596
xgboost_return,10,3,2025-08-31,nickel_stock_ton_pct_change_12m,0.05646594613790512
xgboost_return,10,3,2025-08-31,lead_cash_usd_per_ton_lag_3,0.019413579255342484
xgboost_return,10,3,2025-08-31,brent_oil_usd_lag_1,0.18930839002132416
xgboost_return,10,3,2025-08-31,china_real_estate_investment_yoy_pct_pct_change_1m,0.05658639222383499
xgboost_return,10,3,2025-08-31,canada_tsx_composite_hudbay_minerals_lag_3,0.06453148275613785
xgboost_return,10,3,2025-08-31,shfe_open_interest_lots_pct_change_12m,0.015097121708095074
xgboost_return,10,3,2025-08-31,origin_shfe_open_interest_lots,0.03280910104513168
xgboost_return,10,3,2025-09-30,china_fixed_asset_investment_yoy_pct_change_1m,0.06200632452964783
xgboost_return,10,3,2025-09-30,us_industrial_production_lag_1,0.12463143467903137
xgboost_return,10,3,2025-09-30,shfe_open_interest_lots_lag_1,0.05315526947379112
xgboost_return,10,3,2025-09-30,global_container_import_lag_12,0.01588907279074192
xgboost_return,10,3,2025-09-30,us_industrial_production_lag_3,0.04354739189147949
xgboost_return,10,3,2025-09-30,peru_usd_pen_pct_change_3m,0.05898623168468475
xgboost_return,10,3,2025-09-30,india_industrial_production_pct_change_3m,0.05961984768509865
xgboost_return,10,3,2025-09-30,korea_call_money_rate_pct_change_12m,0.04816322401165962
xgboost_return,10,3,2025-09-30,zinc_stock_ton_pct_change_12m,0.06717880070209503
xgboost_return,10,3,2025-09-30,us_10y_2y_spread_pct_change_12m,0.020566541701555252
xgboost_return,10,3,2025-09-30,china_copper_related_dry_bulk_export_lag_12,0.025557557120919228
xgboost_return,10,3,2025-09-30,lead_cash_usd_per_ton_lag_3,0.03098788671195507
xgboost_return,10,3,2025-09-30,brent_oil_usd_lag_1,0.13266697525978088
xgboost_return,10,3,2025-09-30,g20_composite_leading_indicator_lag_12,0.07226914912462234
xgboost_return,10,3,2025-09-30,china_real_estate_investment_yoy_pct_change_1m,0.0273716002702713
xgboost_return,10,3,2025-09-30,euro_area_industrial_production_lag_3,0.012391353026032448
xgboost_return,10,3,2025-09-30,nickel_stock_ton_pct_change_12m,0.031244171783328056
xgboost_return,10,3,2025-09-30,origin_shfe_open_interest_lots,0.05399080365896225
xgboost_return,10,3,2025-09-30,shfe_open_interest_lots_pct_change_12m,0.03238128870725632
xgboost_return,10,3,2025-09-30,india_10y_yield_lag_1,0.027395157143473625
xgboost_return,10,3,2025-10-31,usa_nyse_mp_materials_lag_3,0.03493507206439972
xgboost_return,10,3,2025-10-31,china_fixed_asset_investment_yoy_pct_pct_change_1m,0.054853424429893494
xgboost_return,10,3,2025-10-31,us_industrial_production_lag_1,0.14161618053913116
xgboost_return,10,3,2025-10-31,lead_cash_usd_per_ton_lag_3,0.023145269602537155
xgboost_return,10,3,2025-10-31,peru_usd_pen_pct_change_3m,0.05107562988996506
xgboost_return,10,3,2025-10-31,korea_call_money_rate_pct_change_12m,0.0149321174249053
xgboost_return,10,3,2025-10-31,shfe_open_interest_lots_lag_1,0.05344829335808754
xgboost_return,10,3,2025-10-31,india_industrial_production_pct_change_3m,0.05152712017297745
xgboost_return,10,3,2025-10-31,euro_area_industrial_production_lag_3,0.03324044868350029
xgboost_return,10,3,2025-10-31,brent_oil_usd_lag_1,0.16070334613323212
xgboost_return,10,3,2025-10-31,us_industrial_production_lag_3,0.02471873164176941
xgboost_return,10,3,2025-10-31,us_10y_2y_spread_pct_change_12m,0.051975034177303314
xgboost_return,10,3,2025-10-31,euro_area_industrial_production_lag_6,0.023616600781679153
xgboost_return,10,3,2025-10-31,g20_composite_leading_indicator_lag_12,0.04243987798690796
xgboost_return,10,3,2025-10-31,nickel_stock_ton_pct_change_12m,0.02001616172492504
xgboost_return,10,3,2025-10-31,global_container_import_lag_12,0.025845196098089218
xgboost_return,10,3,2025-10-31,zinc_stock_ton_pct_change_12m,0.04734663665294647
xgboost_return,10,3,2025-10-31,germany_manufacturing_order_books_lag_6,0.01760326884686947
xgboost_return,10,3,2025-10-31,origin_uk_ftse100,0.07045969367027283
xgboost_return,10,3,2025-10-31,origin_shfe_open_interest_lots,0.05650198832154274
xgboost_return,10,3,2025-11-30,usa_nyse_mp_materials_lag_3,0.04363750293850899
xgboost_return,10,3,2025-11-30,lead_cash_usd_per_ton_lag_3,0.06143489480018616
xgboost_return,10,3,2025-11-30,us_industrial_production_lag_1,0.02783897891640663
xgboost_return,10,3,2025-11-30,china_fixed_asset_investment_yoy_pct_pct_change_1m,0.04119756817817688
xgboost_return,10,3,2025-11-30,euro_area_industrial_production_lag_3,0.03802327811717987
xgboost_return,10,3,2025-11-30,korea_call_money_rate_pct_change_12m,0.0523800291121006
xgboost_return,10,3,2025-11-30,euro_area_industrial_production_lag_6,0.04039301350712776
xgboost_return,10,3,2025-11-30,brent_oil_usd_lag_1,0.21855732798576355
xgboost_return,10,3,2025-11-30,us_10y_2y_spread_pct_change_12m,0.03226885944604874
xgboost_return,10,3,2025-11-30,peru_usd_pen_pct_change_3m,0.051797911524772644
xgboost_return,10,3,2025-11-30,shfe_open_interest_lots_lag_1,0.05782505124807358
xgboost_return,10,3,2025-11-30,nickel_stock_ton_pct_change_12m,0.026558011770248413
xgboost_return,10,3,2025-11-30,india_industrial_production_pct_change_3m,0.04350585862994194
xgboost_return,10,3,2025-11-30,germany_manufacturing_order_books_lag_6,0.024389218538999557
xgboost_return,10,3,2025-11-30,us_industrial_production_lag_3,0.01692572794854641
xgboost_return,10,3,2025-11-30,g20_composite_leading_indicator_lag_12,0.048223014920949936
xgboost_return,10,3,2025-11-30,tin_stock_ton_lag_3,0.0780678391456604
xgboost_return,10,3,2025-11-30,us_cpi_index_pct_change_1m,0.04042420536279678
xgboost_return,10,3,2025-11-30,origin_uk_ftse100_glencore,0.024731529876589775
xgboost_return,10,3,2025-11-30,copper_supply_portcalls_lag_12,0.031820256263017654
xgboost_return,10,3,2025-12-31,lead_cash_usd_per_ton_lag_3,0.08647938072681427
xgboost_return,10,3,2025-12-31,usa_nyse_mp_materials_lag_3,0.060022711753845215
xgboost_return,10,3,2025-12-31,euro_area_industrial_production_lag_3,0.03011213429272175
xgboost_return,10,3,2025-12-31,korea_call_money_rate_pct_change_12m,0.12925276160240173
xgboost_return,10,3,2025-12-31,us_10y_2y_spread_pct_change_12m,0.04921448975801468
xgboost_return,10,3,2025-12-31,brent_oil_usd_lag_1,0.10238280892372131
xgboost_return,10,3,2025-12-31,us_industrial_production_lag_1,0.03302678465843201
xgboost_return,10,3,2025-12-31,euro_area_industrial_production_lag_6,0.07421065121889114
xgboost_return,10,3,2025-12-31,germany_manufacturing_order_books_lag_6,0.07313607633113861
xgboost_return,10,3,2025-12-31,china_fixed_asset_investment_yoy_pct_pct_change_1m,0.030897900462150574
xgboost_return,10,3,2025-12-31,origin_uk_ftse100_glencore,0.04061136022210121
xgboost_return,10,3,2025-12-31,nickel_stock_ton_pct_change_12m,0.03707196190953255
xgboost_return,10,3,2025-12-31,usa_nyse_mp_materials_pct_change_1m,0.01816062070429325
xgboost_return,10,3,2025-12-31,peru_usd_pen_pct_change_3m,0.05125963315367699
xgboost_return,10,3,2025-12-31,usa_nyse_mp_materials_pct_change_3m,0.014388224110007286
xgboost_return,10,3,2025-12-31,shfe_open_interest_lots_lag_1,0.030538231134414673
xgboost_return,10,3,2025-12-31,tin_stock_ton_lag_3,0.031033815816044807
xgboost_return,10,3,2025-12-31,indonesia_call_money_rate_pct_change_12m,0.07762733846902847
xgboost_return,10,3,2025-12-31,us_cpi_index_pct_change_1m,0.028469718992710114
xgboost_return,10,3,2025-12-31,euro_area_industrial_production_lag_1,0.002103461418300867
xgboost_return,10,3,2026-01-31,lead_cash_usd_per_ton_lag_3,0.07966195791959763
xgboost_return,10,3,2026-01-31,korea_call_money_rate_pct_change_12m,0.10202355682849884
xgboost_return,10,3,2026-01-31,us_10y_2y_spread_pct_change_12m,0.07993942499160767
xgboost_return,10,3,2026-01-31,euro_area_industrial_production_lag_3,0.057899750769138336
xgboost_return,10,3,2026-01-31,germany_manufacturing_order_books_lag_6,0.01530189998447895
xgboost_return,10,3,2026-01-31,usa_nyse_mp_materials_pct_change_3m,0.021475397050380707
xgboost_return,10,3,2026-01-31,brent_oil_usd_lag_1,0.08941947668790817
xgboost_return,10,3,2026-01-31,nickel_stock_ton_pct_change_12m,0.03962435573339462
xgboost_return,10,3,2026-01-31,euro_area_industrial_production_lag_6,0.06569419056177139
xgboost_return,10,3,2026-01-31,us_industrial_production_lag_1,0.026179751381278038
xgboost_return,10,3,2026-01-31,germany_manufacturing_order_books_lag_12,0.029517032206058502
xgboost_return,10,3,2026-01-31,indonesia_call_money_rate_pct_change_12m,0.09347529709339142
xgboost_return,10,3,2026-01-31,india_10y_yield_lag_1,0.027442486956715584
xgboost_return,10,3,2026-01-31,copper_supply_portcalls_lag_12,0.03821055218577385
xgboost_return,10,3,2026-01-31,origin_uk_ftse100_glencore,0.054368000477552414
xgboost_return,10,3,2026-01-31,usa_nyse_mp_materials_lag_3,0.05213604122400284
xgboost_return,10,3,2026-01-31,germany_manufacturing_order_books_lag_3,0.008953530341386795
xgboost_return,10,3,2026-01-31,lead_stock_ton_pct_change_12m,0.04643629491329193
xgboost_return,10,3,2026-01-31,lead_cash_usd_per_ton_lag_1,0.05072631314396858
xgboost_return,10,3,2026-01-31,euro_area_industrial_production_lag_1,0.021514641121029854
xgboost_return,10,3,2026-02-28,lead_cash_usd_per_ton_lag_3,0.06546877324581146
xgboost_return,10,3,2026-02-28,korea_call_money_rate_pct_change_12m,0.058011021465063095
xgboost_return,10,3,2026-02-28,us_10y_2y_spread_pct_change_12m,0.04713304340839386
xgboost_return,10,3,2026-02-28,usa_nyse_mp_materials_pct_change_3m,0.026217687875032425
xgboost_return,10,3,2026-02-28,germany_manufacturing_order_books_lag_6,0.024066444486379623
xgboost_return,10,3,2026-02-28,euro_area_industrial_production_lag_3,0.06548015028238297
xgboost_return,10,3,2026-02-28,india_10y_yield_lag_1,0.032096538692712784
xgboost_return,10,3,2026-02-28,nickel_stock_ton_pct_change_12m,0.06521019339561462
xgboost_return,10,3,2026-02-28,brent_oil_usd_lag_1,0.0750337466597557
xgboost_return,10,3,2026-02-28,germany_manufacturing_order_books_lag_12,0.04406754672527313
xgboost_return,10,3,2026-02-28,indonesia_call_money_rate_pct_change_12m,0.09937015175819397
xgboost_return,10,3,2026-02-28,euro_area_industrial_production_lag_6,0.02311871387064457
xgboost_return,10,3,2026-02-28,germany_manufacturing_order_books_lag_3,0.08001361787319183
xgboost_return,10,3,2026-02-28,lead_stock_ton_pct_change_12m,0.04423241317272186
xgboost_return,10,3,2026-02-28,us_industrial_production_lag_1,0.0403892956674099
xgboost_return,10,3,2026-02-28,india_10y_yield_pct_change_12m,0.037299320101737976
xgboost_return,10,3,2026-02-28,lead_cash_usd_per_ton_lag_1,0.04669857397675514
xgboost_return,10,3,2026-02-28,copper_supply_portcalls_lag_12,0.04514184221625328
xgboost_return,10,3,2026-02-28,usa_nyse_mp_materials_pct_change_1m,0.039985738694667816
xgboost_return,10,3,2026-02-28,euro_area_industrial_production_lag_1,0.04096516594290733
xgboost_return,10,3,2026-03-31,lead_cash_usd_per_ton_lag_3,0.051628388464450836
xgboost_return,10,3,2026-03-31,us_10y_2y_spread_pct_change_12m,0.01842523366212845
xgboost_return,10,3,2026-03-31,korea_call_money_rate_pct_change_12m,0.10110944509506226
xgboost_return,10,3,2026-03-31,germany_manufacturing_order_books_lag_6,0.08759483695030212
xgboost_return,10,3,2026-03-31,usa_nyse_mp_materials_pct_change_3m,0.03145482391119003
xgboost_return,10,3,2026-03-31,india_10y_yield_lag_1,0.031694699078798294
xgboost_return,10,3,2026-03-31,euro_area_industrial_production_lag_3,0.04359302669763565
xgboost_return,10,3,2026-03-31,nickel_stock_ton_pct_change_12m,0.06471599638462067
xgboost_return,10,3,2026-03-31,indonesia_call_money_rate_pct_change_12m,0.10746610909700394
xgboost_return,10,3,2026-03-31,brent_oil_usd_lag_1,0.06615476310253143
xgboost_return,10,3,2026-03-31,germany_manufacturing_order_books_lag_12,0.025133781135082245
xgboost_return,10,3,2026-03-31,euro_area_industrial_production_lag_6,0.03125030919909477
xgboost_return,10,3,2026-03-31,germany_manufacturing_order_books_lag_3,0.03856809437274933
xgboost_return,10,3,2026-03-31,lead_stock_ton_pct_change_12m,0.048445094376802444
xgboost_return,10,3,2026-03-31,lead_cash_usd_per_ton_lag_1,0.04358256608247757
xgboost_return,10,3,2026-03-31,china_fixed_asset_investment_yoy_pct_lag_1,0.0571061335504055
xgboost_return,10,3,2026-03-31,india_10y_yield_pct_change_12m,0.031105073168873787
xgboost_return,10,3,2026-03-31,euro_area_industrial_production_lag_1,0.041064392775297165
xgboost_return,10,3,2026-03-31,us_industrial_production_lag_1,0.048818189650774
xgboost_return,10,3,2026-03-31,turkey_capacity_intermediate_goods_percent_lag_6,0.03108903206884861
xgboost_return,10,3,2026-04-30,lead_cash_usd_per_ton_lag_3,0.06652636080980301
xgboost_return,10,3,2026-04-30,korea_call_money_rate_pct_change_12m,0.04977361857891083
xgboost_return,10,3,2026-04-30,us_10y_2y_spread_pct_change_12m,0.044456738978624344
xgboost_return,10,3,2026-04-30,euro_area_industrial_production_lag_3,0.09849349409341812
xgboost_return,10,3,2026-04-30,usa_nyse_mp_materials_pct_change_3m,0.04129895940423012
xgboost_return,10,3,2026-04-30,germany_manufacturing_order_books_lag_6,0.0207948237657547
xgboost_return,10,3,2026-04-30,brent_oil_usd_lag_1,0.0963478833436966
xgboost_return,10,3,2026-04-30,euro_area_industrial_production_lag_6,0.04097461327910423
xgboost_return,10,3,2026-04-30,nickel_stock_ton_pct_change_12m,0.054428473114967346
xgboost_return,10,3,2026-04-30,india_10y_yield_lag_1,0.022949717938899994
xgboost_return,10,3,2026-04-30,indonesia_call_money_rate_pct_change_12m,0.11012048274278641
xgboost_return,10,3,2026-04-30,lead_cash_usd_per_ton_lag_1,0.0502457320690155
xgboost_return,10,3,2026-04-30,germany_manufacturing_order_books_lag_12,0.030179092660546303
xgboost_return,10,3,2026-04-30,origin_uk_ftse100_glencore,0.04034693166613579
xgboost_return,10,3,2026-04-30,euro_area_industrial_production_lag_1,0.04925445839762688
xgboost_return,10,3,2026-04-30,us_industrial_production_lag_1,0.034118566662073135
xgboost_return,10,3,2026-04-30,germany_manufacturing_order_books_lag_3,0.050352033227682114
xgboost_return,10,3,2026-04-30,lead_stock_ton_pct_change_12m,0.041377078741788864
xgboost_return,10,3,2026-04-30,tin_stock_ton_lag_12,0.03898165002465248
xgboost_return,10,3,2026-04-30,indonesia_call_money_rate_lag_12,0.01897929236292839
xgboost_return,10,3,2026-05-31,lead_cash_usd_per_ton_lag_3,0.06544549763202667
xgboost_return,10,3,2026-05-31,korea_call_money_rate_pct_change_12m,0.05268387869000435
xgboost_return,10,3,2026-05-31,euro_area_industrial_production_lag_3,0.0786103829741478
xgboost_return,10,3,2026-05-31,us_10y_2y_spread_pct_change_12m,0.040082093328237534
xgboost_return,10,3,2026-05-31,brent_oil_usd_lag_1,0.11665349453687668
xgboost_return,10,3,2026-05-31,germany_manufacturing_order_books_lag_6,0.03361091390252113
xgboost_return,10,3,2026-05-31,usa_nyse_mp_materials_pct_change_3m,0.037343185395002365
xgboost_return,10,3,2026-05-31,euro_area_industrial_production_lag_6,0.02708209678530693
xgboost_return,10,3,2026-05-31,nickel_stock_ton_pct_change_12m,0.051952946931123734
xgboost_return,10,3,2026-05-31,india_10y_yield_lag_1,0.024452736601233482
xgboost_return,10,3,2026-05-31,indonesia_call_money_rate_pct_change_12m,0.08770915865898132
xgboost_return,10,3,2026-05-31,lead_cash_usd_per_ton_lag_1,0.04706338047981262
xgboost_return,10,3,2026-05-31,euro_area_industrial_production_lag_1,0.040101680904626846
xgboost_return,10,3,2026-05-31,origin_uk_ftse100_glencore,0.033933576196432114
xgboost_return,10,3,2026-05-31,germany_manufacturing_order_books_lag_12,0.06426107883453369
xgboost_return,10,3,2026-05-31,us_industrial_production_lag_1,0.043453238904476166
xgboost_return,10,3,2026-05-31,tin_stock_ton_lag_12,0.04019448906183243
xgboost_return,10,3,2026-05-31,indonesia_call_money_rate_lag_12,0.04214368015527725
xgboost_return,10,3,2026-05-31,germany_manufacturing_order_books_lag_3,0.024023886770009995
xgboost_return,10,3,2026-05-31,brent_oil_usd_pct_change_12m,0.04919862374663353
xgboost_return,10,6,2025-01-31,us_industrial_production_lag_1,0.04291848465800285
xgboost_return,10,6,2025-01-31,poland_wig20_lag_3,0.0629613846540451
xgboost_return,10,6,2025-01-31,natural_gas_usd_lag_6,0.2203027755022049
xgboost_return,10,6,2025-01-31,canada_tsx_composite_hudbay_minerals_lag_1,0.037210237234830856
xgboost_return,10,6,2025-01-31,korea_call_money_rate_pct_change_12m,0.03016236051917076
xgboost_return,10,6,2025-01-31,g20_composite_leading_indicator_lag_12,0.0753762274980545
xgboost_return,10,6,2025-01-31,lead_stock_ton_pct_change_12m,0.06414005160331726
xgboost_return,10,6,2025-01-31,poland_wig20_lag_6,0.09029223769903183
xgboost_return,10,6,2025-01-31,canada_tsx_composite_hudbay_minerals_lag_3,0.015098891220986843
xgboost_return,10,6,2025-01-31,germany_manufacturing_order_books_lag_6,0.011999907903373241
xgboost_return,10,6,2025-01-31,poland_wig20_lag_1,0.03716631978750229
xgboost_return,10,6,2025-01-31,us_industrial_production_lag_3,0.005811426788568497
xgboost_return,10,6,2025-01-31,zinc_stock_ton_pct_change_12m,0.0334782712161541
xgboost_return,10,6,2025-01-31,usd_cdf_pct_change_3m,0.02152138762176037
xgboost_return,10,6,2025-01-31,germany_dax_aurubis_lag_12,0.04607769101858139
xgboost_return,10,6,2025-01-31,origin_canada_tsx_composite_hudbay_minerals,0.020793654024600983
xgboost_return,10,6,2025-01-31,canada_tsx_composite_hudbay_minerals_lag_6,0.12471991032361984
xgboost_return,10,6,2025-01-31,us_industrial_production_pct_change_12m,0.006419477052986622
xgboost_return,10,6,2025-01-31,turkey_capacity_basic_metals_percent_lag_12,0.037893712520599365
xgboost_return,10,6,2025-01-31,korea_exports_lag_6,0.01565556228160858
xgboost_return,10,6,2025-02-28,us_industrial_production_lag_1,0.03194529190659523
xgboost_return,10,6,2025-02-28,natural_gas_usd_lag_6,0.09222770482301712
xgboost_return,10,6,2025-02-28,poland_wig20_lag_3,0.02388342097401619
xgboost_return,10,6,2025-02-28,g20_composite_leading_indicator_lag_12,0.0831831842660904
xgboost_return,10,6,2025-02-28,korea_call_money_rate_pct_change_12m,0.02554197795689106
xgboost_return,10,6,2025-02-28,lead_stock_ton_pct_change_12m,0.14807379245758057
xgboost_return,10,6,2025-02-28,canada_tsx_composite_hudbay_minerals_lag_1,0.03210099786520004
xgboost_return,10,6,2025-02-28,poland_wig20_lag_6,0.13022620975971222
xgboost_return,10,6,2025-02-28,canada_tsx_composite_hudbay_minerals_lag_3,0.021974384784698486
xgboost_return,10,6,2025-02-28,germany_manufacturing_order_books_lag_6,0.01910136453807354
xgboost_return,10,6,2025-02-28,us_industrial_production_lag_3,0.006440591998398304
xgboost_return,10,6,2025-02-28,poland_wig20_lag_1,0.027778293937444687
xgboost_return,10,6,2025-02-28,usd_cdf_pct_change_3m,0.01690312661230564
xgboost_return,10,6,2025-02-28,zinc_stock_ton_pct_change_12m,0.033923398703336716
xgboost_return,10,6,2025-02-28,canada_tsx_composite_hudbay_minerals_lag_6,0.15752214193344116
xgboost_return,10,6,2025-02-28,germany_dax_aurubis_lag_12,0.05365225300192833
xgboost_return,10,6,2025-02-28,turkey_capacity_basic_metals_percent_lag_12,0.035585980862379074
xgboost_return,10,6,2025-02-28,us_industrial_production_pct_change_12m,0.016957750543951988
xgboost_return,10,6,2025-02-28,origin_canada_tsx_composite_hudbay_minerals,0.022567998617887497
xgboost_return,10,6,2025-02-28,us_10y_2y_spread_pct_change_12m,0.020410124212503433
xgboost_return,10,6,2025-03-31,us_industrial_production_lag_1,0.03404111787676811
xgboost_return,10,6,2025-03-31,natural_gas_usd_lag_6,0.054252512753009796
xgboost_return,10,6,2025-03-31,korea_call_money_rate_pct_change_12m,0.0481775626540184
xgboost_return,10,6,2025-03-31,poland_wig20_lag_3,0.03534145653247833
xgboost_return,10,6,2025-03-31,g20_composite_leading_indicator_lag_12,0.12992647290229797
xgboost_return,10,6,2025-03-31,lead_stock_ton_pct_change_12m,0.16205298900604248
xgboost_return,10,6,2025-03-31,canada_tsx_composite_hudbay_minerals_lag_1,0.033085573464632034
xgboost_return,10,6,2025-03-31,poland_wig20_lag_6,0.12293627858161926
xgboost_return,10,6,2025-03-31,germany_manufacturing_order_books_lag_6,0.016208354383707047
xgboost_return,10,6,2025-03-31,canada_tsx_composite_hudbay_minerals_lag_3,0.018735891208052635
xgboost_return,10,6,2025-03-31,us_industrial_production_lag_3,0.009955751709640026
xgboost_return,10,6,2025-03-31,usd_cdf_pct_change_3m,0.013869941234588623
xgboost_return,10,6,2025-03-31,zinc_stock_ton_pct_change_12m,0.02473292499780655
xgboost_return,10,6,2025-03-31,poland_wig20_lag_1,0.02493542619049549
xgboost_return,10,6,2025-03-31,turkey_capacity_basic_metals_percent_lag_12,0.07391884177923203
xgboost_return,10,6,2025-03-31,us_industrial_production_pct_change_12m,0.020106101408600807
xgboost_return,10,6,2025-03-31,canada_tsx_composite_hudbay_minerals_lag_6,0.10308289527893066
xgboost_return,10,6,2025-03-31,germany_dax_aurubis_lag_12,0.03146723285317421
xgboost_return,10,6,2025-03-31,us_10y_2y_spread_pct_change_12m,0.023685522377490997
xgboost_return,10,6,2025-03-31,usa_nyse_hecla_mining_pct_change_12m,0.01948719099164009
xgboost_return,10,6,2025-04-30,us_industrial_production_lag_1,0.010764685459434986
xgboost_return,10,6,2025-04-30,g20_composite_leading_indicator_lag_12,0.051503296941518784
xgboost_return,10,6,2025-04-30,poland_wig20_lag_3,0.04616154730319977
xgboost_return,10,6,2025-04-30,korea_call_money_rate_pct_change_12m,0.03480086103081703
xgboost_return,10,6,2025-04-30,natural_gas_usd_lag_6,0.07350419461727142
xgboost_return,10,6,2025-04-30,poland_wig20_lag_6,0.13465172052383423
xgboost_return,10,6,2025-04-30,lead_stock_ton_pct_change_12m,0.15645642578601837
xgboost_return,10,6,2025-04-30,canada_tsx_composite_hudbay_minerals_lag_1,0.034291379153728485
xgboost_return,10,6,2025-04-30,canada_tsx_composite_hudbay_minerals_lag_3,0.013543915934860706
xgboost_return,10,6,2025-04-30,germany_manufacturing_order_books_lag_6,0.008625677786767483
xgboost_return,10,6,2025-04-30,usd_cdf_pct_change_3m,0.03623858094215393
xgboost_return,10,6,2025-04-30,us_industrial_production_lag_3,0.010206104256212711
xgboost_return,10,6,2025-04-30,zinc_stock_ton_pct_change_12m,0.020008012652397156
xgboost_return,10,6,2025-04-30,canada_tsx_composite_hudbay_minerals_lag_6,0.14167098701000214
xgboost_return,10,6,2025-04-30,poland_wig20_lag_1,0.026708008721470833
xgboost_return,10,6,2025-04-30,germany_dax_aurubis_lag_12,0.05776965618133545
xgboost_return,10,6,2025-04-30,us_industrial_production_pct_change_12m,0.018783047795295715
xgboost_return,10,6,2025-04-30,turkey_capacity_basic_metals_percent_lag_12,0.06872054934501648
xgboost_return,10,6,2025-04-30,usa_nyse_hecla_mining_pct_change_12m,0.02362186461687088
xgboost_return,10,6,2025-04-30,us_10y_2y_spread_pct_change_12m,0.03196951001882553
xgboost_return,10,6,2025-05-31,us_industrial_production_lag_1,0.01353856734931469
xgboost_return,10,6,2025-05-31,g20_composite_leading_indicator_lag_12,0.24464763700962067
xgboost_return,10,6,2025-05-31,korea_call_money_rate_pct_change_12m,0.013833201490342617
xgboost_return,10,6,2025-05-31,natural_gas_usd_lag_6,0.03304347023367882
xgboost_return,10,6,2025-05-31,poland_wig20_lag_3,0.040589168667793274
xgboost_return,10,6,2025-05-31,lead_stock_ton_pct_change_12m,0.14146484434604645
xgboost_return,10,6,2025-05-31,poland_wig20_lag_6,0.16089637577533722
xgboost_return,10,6,2025-05-31,germany_manufacturing_order_books_lag_6,0.013871016912162304
xgboost_return,10,6,2025-05-31,usd_cdf_pct_change_3m,0.023071549832820892
xgboost_return,10,6,2025-05-31,us_industrial_production_lag_3,0.008622972294688225
xgboost_return,10,6,2025-05-31,canada_tsx_composite_hudbay_minerals_lag_1,0.022099927067756653
xgboost_return,10,6,2025-05-31,canada_tsx_composite_hudbay_minerals_lag_3,0.0048596542328596115
xgboost_return,10,6,2025-05-31,zinc_stock_ton_pct_change_12m,0.027392324060201645
xgboost_return,10,6,2025-05-31,us_industrial_production_pct_change_12m,0.027309976518154144
xgboost_return,10,6,2025-05-31,turkey_capacity_basic_metals_percent_lag_12,0.028805172070860863
xgboost_return,10,6,2025-05-31,germany_dax_aurubis_lag_12,0.028581872582435608
xgboost_return,10,6,2025-05-31,usa_nyse_hecla_mining_pct_change_12m,0.00960321631282568
xgboost_return,10,6,2025-05-31,canada_tsx_composite_hudbay_minerals_lag_6,0.11217648535966873
xgboost_return,10,6,2025-05-31,us_10y_2y_spread_pct_change_12m,0.022712966427206993
xgboost_return,10,6,2025-05-31,poland_wig20_lag_1,0.022879688069224358
xgboost_return,10,6,2025-06-30,us_industrial_production_lag_1,0.07077501714229584
xgboost_return,10,6,2025-06-30,korea_call_money_rate_pct_change_12m,0.04215095937252045
xgboost_return,10,6,2025-06-30,natural_gas_usd_lag_6,0.12449915707111359
xgboost_return,10,6,2025-06-30,g20_composite_leading_indicator_lag_12,0.12545570731163025
xgboost_return,10,6,2025-06-30,poland_wig20_lag_3,0.03081393428146839
xgboost_return,10,6,2025-06-30,lead_stock_ton_pct_change_12m,0.15446585416793823
xgboost_return,10,6,2025-06-30,germany_manufacturing_order_books_lag_6,0.0
xgboost_return,10,6,2025-06-30,poland_wig20_lag_6,0.05970233306288719
xgboost_return,10,6,2025-06-30,us_industrial_production_lag_3,0.01526253204792738
xgboost_return,10,6,2025-06-30,zinc_stock_ton_pct_change_12m,0.02578800357878208
xgboost_return,10,6,2025-06-30,us_industrial_production_pct_change_12m,0.03994522616267204
xgboost_return,10,6,2025-06-30,usa_nyse_hecla_mining_pct_change_12m,0.019447987899184227
xgboost_return,10,6,2025-06-30,turkey_capacity_basic_metals_percent_lag_12,0.029336556792259216
xgboost_return,10,6,2025-06-30,us_10y_2y_spread_pct_change_12m,0.02382062003016472
xgboost_return,10,6,2025-06-30,usd_cdf_pct_change_3m,0.05301633104681969
xgboost_return,10,6,2025-06-30,global_portcalls_pct_change_12m,0.0
xgboost_return,10,6,2025-06-30,indonesia_call_money_rate_lag_12,0.04035559669137001
xgboost_return,10,6,2025-06-30,germany_manufacturing_order_books_lag_3,0.030319733545184135
xgboost_return,10,6,2025-06-30,canada_tsx_composite_hudbay_minerals_lag_3,0.03405347838997841
xgboost_return,10,6,2025-06-30,nickel_stock_ton_pct_change_12m,0.08079104870557785
xgboost_return,10,6,2025-07-31,us_industrial_production_lag_1,0.07571502774953842
xgboost_return,10,6,2025-07-31,korea_call_money_rate_pct_change_12m,0.06922753900289536
xgboost_return,10,6,2025-07-31,natural_gas_usd_lag_6,0.11924143880605698
xgboost_return,10,6,2025-07-31,g20_composite_leading_indicator_lag_12,0.09237447381019592
xgboost_return,10,6,2025-07-31,lead_stock_ton_pct_change_12m,0.16624802350997925
xgboost_return,10,6,2025-07-31,poland_wig20_lag_3,0.0400383323431015
xgboost_return,10,6,2025-07-31,germany_manufacturing_order_books_lag_6,0.0016587440622970462
xgboost_return,10,6,2025-07-31,zinc_stock_ton_pct_change_12m,0.03712654858827591
xgboost_return,10,6,2025-07-31,us_industrial_production_lag_3,0.01208297349512577
xgboost_return,10,6,2025-07-31,us_industrial_production_pct_change_12m,0.038686081767082214
xgboost_return,10,6,2025-07-31,usa_nyse_hecla_mining_pct_change_12m,0.0285380519926548
xgboost_return,10,6,2025-07-31,poland_wig20_lag_6,0.07171131670475006
xgboost_return,10,6,2025-07-31,euro_area_industrial_production_lag_3,0.04615103453397751
xgboost_return,10,6,2025-07-31,turkey_capacity_basic_metals_percent_lag_12,0.01932697929441929
xgboost_return,10,6,2025-07-31,us_10y_2y_spread_pct_change_12m,0.0223254282027483
xgboost_return,10,6,2025-07-31,germany_manufacturing_order_books_lag_3,0.02554209902882576
xgboost_return,10,6,2025-07-31,indonesia_call_money_rate_lag_12,0.057253822684288025
xgboost_return,10,6,2025-07-31,global_portcalls_pct_change_12m,0.022639866918325424
xgboost_return,10,6,2025-07-31,euro_area_industrial_production_lag_1,0.03835955634713173
xgboost_return,10,6,2025-07-31,nickel_stock_ton_pct_change_12m,0.015752706676721573
xgboost_return,10,6,2025-08-31,us_industrial_production_lag_1,0.06877390295267105
xgboost_return,10,6,2025-08-31,korea_call_money_rate_pct_change_12m,0.07309593260288239
xgboost_return,10,6,2025-08-31,natural_gas_usd_lag_6,0.13964174687862396
xgboost_return,10,6,2025-08-31,g20_composite_leading_indicator_lag_12,0.08765299618244171
xgboost_return,10,6,2025-08-31,germany_manufacturing_order_books_lag_6,0.0
xgboost_return,10,6,2025-08-31,lead_stock_ton_pct_change_12m,0.1847890317440033
xgboost_return,10,6,2025-08-31,euro_area_industrial_production_lag_3,0.06600067764520645
xgboost_return,10,6,2025-08-31,poland_wig20_lag_3,0.03212657943367958
xgboost_return,10,6,2025-08-31,euro_area_industrial_production_lag_1,0.023051518946886063
xgboost_return,10,6,2025-08-31,zinc_stock_ton_pct_change_12m,0.03940538689494133
xgboost_return,10,6,2025-08-31,us_industrial_production_lag_3,0.009134253486990929
xgboost_return,10,6,2025-08-31,usa_nyse_hecla_mining_pct_change_12m,0.01571890339255333
xgboost_return,10,6,2025-08-31,us_industrial_production_pct_change_12m,0.04715485870838165
xgboost_return,10,6,2025-08-31,turkey_capacity_basic_metals_percent_lag_12,0.019602734595537186
xgboost_return,10,6,2025-08-31,zinc_cash_usd_per_ton_lag_6,0.03474167361855507
xgboost_return,10,6,2025-08-31,germany_manufacturing_order_books_lag_3,0.035407695919275284
xgboost_return,10,6,2025-08-31,us_10y_2y_spread_pct_change_12m,0.020288096740841866
xgboost_return,10,6,2025-08-31,indonesia_call_money_rate_lag_12,0.04209786280989647
xgboost_return,10,6,2025-08-31,poland_wig20_lag_6,0.04539315402507782
xgboost_return,10,6,2025-08-31,nickel_stock_ton_pct_change_12m,0.015923021361231804
xgboost_return,10,6,2025-09-30,us_industrial_production_lag_1,0.07970750331878662
xgboost_return,10,6,2025-09-30,korea_call_money_rate_pct_change_12m,0.08141577988862991
xgboost_return,10,6,2025-09-30,natural_gas_usd_lag_6,0.08797365427017212
xgboost_return,10,6,2025-09-30,g20_composite_leading_indicator_lag_12,0.08693256974220276
xgboost_return,10,6,2025-09-30,euro_area_industrial_production_lag_3,0.0530584491789341
xgboost_return,10,6,2025-09-30,germany_manufacturing_order_books_lag_6,0.014276971109211445
xgboost_return,10,6,2025-09-30,lead_stock_ton_pct_change_12m,0.14418645203113556
xgboost_return,10,6,2025-09-30,euro_area_industrial_production_lag_1,0.03148113191127777
xgboost_return,10,6,2025-09-30,zinc_cash_usd_per_ton_lag_6,0.05689482018351555
xgboost_return,10,6,2025-09-30,origin_usa_nyse_mp_materials,0.027698487043380737
xgboost_return,10,6,2025-09-30,poland_wig20_lag_3,0.032161977142095566
xgboost_return,10,6,2025-09-30,zinc_stock_ton_pct_change_12m,0.02077733911573887
xgboost_return,10,6,2025-09-30,us_industrial_production_lag_3,0.01189026702195406
xgboost_return,10,6,2025-09-30,usa_nyse_hecla_mining_pct_change_12m,0.018023377284407616
xgboost_return,10,6,2025-09-30,us_industrial_production_pct_change_12m,0.052402205765247345
xgboost_return,10,6,2025-09-30,turkey_capacity_basic_metals_percent_lag_12,0.03949462249875069
xgboost_return,10,6,2025-09-30,germany_manufacturing_order_books_lag_3,0.03505665808916092
xgboost_return,10,6,2025-09-30,us_10y_2y_spread_pct_change_12m,0.01738819107413292
xgboost_return,10,6,2025-09-30,indonesia_call_money_rate_lag_12,0.05290624871850014
xgboost_return,10,6,2025-09-30,germany_dax_aurubis_lag_12,0.05627327784895897
xgboost_return,10,6,2025-10-31,us_industrial_production_lag_1,0.0414423793554306
xgboost_return,10,6,2025-10-31,korea_call_money_rate_pct_change_12m,0.11699461191892624
xgboost_return,10,6,2025-10-31,natural_gas_usd_lag_6,0.11118268221616745
xgboost_return,10,6,2025-10-31,g20_composite_leading_indicator_lag_12,0.08549767732620239
xgboost_return,10,6,2025-10-31,euro_area_industrial_production_lag_3,0.02221987582743168
xgboost_return,10,6,2025-10-31,germany_manufacturing_order_books_lag_6,0.0
xgboost_return,10,6,2025-10-31,lead_stock_ton_pct_change_12m,0.1449458748102188
xgboost_return,10,6,2025-10-31,euro_area_industrial_production_lag_1,0.028418878093361855
xgboost_return,10,6,2025-10-31,zinc_cash_usd_per_ton_lag_6,0.027701595798134804
xgboost_return,10,6,2025-10-31,usa_nyse_mp_materials_lag_1,0.0435660183429718
xgboost_return,10,6,2025-10-31,origin_usa_nyse_mp_materials,0.0333113819360733
xgboost_return,10,6,2025-10-31,us_industrial_production_lag_3,0.018971016630530357
xgboost_return,10,6,2025-10-31,usa_nyse_hecla_mining_pct_change_12m,0.022076627239584923
xgboost_return,10,6,2025-10-31,germany_manufacturing_order_books_lag_3,0.03929750248789787
xgboost_return,10,6,2025-10-31,turkey_capacity_basic_metals_percent_lag_12,0.04246615618467331
xgboost_return,10,6,2025-10-31,zinc_stock_ton_pct_change_12m,0.04007016867399216
xgboost_return,10,6,2025-10-31,lead_cash_usd_per_ton_lag_1,0.04895647615194321
xgboost_return,10,6,2025-10-31,us_10y_2y_spread_pct_change_12m,0.030391952022910118
xgboost_return,10,6,2025-10-31,indonesia_call_money_rate_lag_12,0.05290282145142555
xgboost_return,10,6,2025-10-31,us_industrial_production_pct_change_12m,0.04958632215857506
xgboost_return,10,6,2025-11-30,natural_gas_usd_lag_6,0.13003699481487274
xgboost_return,10,6,2025-11-30,us_industrial_production_lag_1,0.04569484665989876
xgboost_return,10,6,2025-11-30,korea_call_money_rate_pct_change_12m,0.08087463676929474
xgboost_return,10,6,2025-11-30,euro_area_industrial_production_lag_3,0.04859354346990585
xgboost_return,10,6,2025-11-30,g20_composite_leading_indicator_lag_12,0.09001898020505905
xgboost_return,10,6,2025-11-30,germany_manufacturing_order_books_lag_6,0.0
xgboost_return,10,6,2025-11-30,euro_area_industrial_production_lag_1,0.052235864102840424
xgboost_return,10,6,2025-11-30,lead_stock_ton_pct_change_12m,0.12088025361299515
xgboost_return,10,6,2025-11-30,lead_cash_usd_per_ton_lag_1,0.06872009485960007
xgboost_return,10,6,2025-11-30,zinc_cash_usd_per_ton_lag_6,0.02865416742861271
xgboost_return,10,6,2025-11-30,euro_area_industrial_production_lag_6,0.0
xgboost_return,10,6,2025-11-30,germany_manufacturing_order_books_lag_3,0.0502382293343544
xgboost_return,10,6,2025-11-30,origin_usa_nyse_mp_materials,0.028935935348272324
xgboost_return,10,6,2025-11-30,usa_nyse_mp_materials_lag_1,0.04125185310840607
xgboost_return,10,6,2025-11-30,origin_lead_cash_usd_per_ton,0.04599682614207268
xgboost_return,10,6,2025-11-30,usa_nyse_hecla_mining_pct_change_12m,0.025345798581838608
xgboost_return,10,6,2025-11-30,zinc_cash_usd_per_ton_lag_1,0.024047521874308586
xgboost_return,10,6,2025-11-30,indonesia_call_money_rate_lag_12,0.03731658682227135
xgboost_return,10,6,2025-11-30,us_10y_2y_spread_pct_change_12m,0.03363217040896416
xgboost_return,10,6,2025-11-30,turkey_capacity_basic_metals_percent_lag_12,0.04752567782998085
xgboost_return,10,6,2025-12-31,korea_call_money_rate_pct_change_12m,0.0939738005399704
xgboost_return,10,6,2025-12-31,us_industrial_production_lag_1,0.06722337752580643
xgboost_return,10,6,2025-12-31,natural_gas_usd_lag_6,0.1416456401348114
xgboost_return,10,6,2025-12-31,euro_area_industrial_production_lag_3,0.037178222090005875
xgboost_return,10,6,2025-12-31,germany_manufacturing_order_books_lag_6,0.02142493426799774
xgboost_return,10,6,2025-12-31,euro_area_industrial_production_lag_1,0.048544034361839294
xgboost_return,10,6,2025-12-31,g20_composite_leading_indicator_lag_12,0.06218472123146057
xgboost_return,10,6,2025-12-31,lead_cash_usd_per_ton_lag_1,0.045397598296403885
xgboost_return,10,6,2025-12-31,lead_stock_ton_pct_change_12m,0.12097914516925812
xgboost_return,10,6,2025-12-31,euro_area_industrial_production_lag_6,0.021465027704834938
xgboost_return,10,6,2025-12-31,origin_lead_cash_usd_per_ton,0.04782998189330101
xgboost_return,10,6,2025-12-31,germany_manufacturing_order_books_lag_3,0.04500376060605049
xgboost_return,10,6,2025-12-31,zinc_cash_usd_per_ton_lag_1,0.017615284770727158
xgboost_return,10,6,2025-12-31,zinc_cash_usd_per_ton_lag_6,0.016623444855213165
xgboost_return,10,6,2025-12-31,origin_zinc_cash_usd_per_ton,0.04214528948068619
xgboost_return,10,6,2025-12-31,usa_nyse_mp_materials_lag_1,0.03100907802581787
xgboost_return,10,6,2025-12-31,us_10y_2y_spread_pct_change_12m,0.020877232775092125
xgboost_return,10,6,2025-12-31,indonesia_call_money_rate_lag_12,0.03146141394972801
xgboost_return,10,6,2025-12-31,turkey_capacity_basic_metals_percent_lag_12,0.021375587210059166
xgboost_return,10,6,2025-12-31,tin_stock_ton_lag_3,0.06604249030351639
xgboost_return,10,6,2026-01-31,korea_call_money_rate_pct_change_12m,0.10503262281417847
xgboost_return,10,6,2026-01-31,euro_area_industrial_production_lag_3,0.04592315852642059
xgboost_return,10,6,2026-01-31,germany_manufacturing_order_books_lag_6,0.029224693775177002
xgboost_return,10,6,2026-01-31,euro_area_industrial_production_lag_1,0.03619168698787689
xgboost_return,10,6,2026-01-31,us_industrial_production_lag_1,0.023555222898721695
xgboost_return,10,6,2026-01-31,lead_cash_usd_per_ton_lag_1,0.06927920877933502
xgboost_return,10,6,2026-01-31,g20_composite_leading_indicator_lag_12,0.05427008494734764
xgboost_return,10,6,2026-01-31,natural_gas_usd_lag_6,0.07531952857971191
xgboost_return,10,6,2026-01-31,origin_lead_cash_usd_per_ton,0.07466163486242294
xgboost_return,10,6,2026-01-31,euro_area_industrial_production_lag_6,0.03130216896533966
xgboost_return,10,6,2026-01-31,lead_stock_ton_pct_change_12m,0.18468990921974182
xgboost_return,10,6,2026-01-31,germany_manufacturing_order_books_lag_3,0.019655149430036545
xgboost_return,10,6,2026-01-31,zinc_cash_usd_per_ton_lag_1,0.03520647808909416
xgboost_return,10,6,2026-01-31,origin_zinc_cash_usd_per_ton,0.041865743696689606
xgboost_return,10,6,2026-01-31,us_10y_2y_spread_pct_change_12m,0.02906639873981476
xgboost_return,10,6,2026-01-31,indonesia_call_money_rate_lag_12,0.03387117758393288
xgboost_return,10,6,2026-01-31,zinc_cash_usd_per_ton_lag_6,0.03989678993821144
xgboost_return,10,6,2026-01-31,turkey_capacity_basic_metals_percent_lag_12,0.018890542909502983
xgboost_return,10,6,2026-01-31,global_portcalls_pct_change_12m,0.021879125386476517
xgboost_return,10,6,2026-01-31,usa_nyse_hecla_mining_pct_change_12m,0.030218584463000298
xgboost_return,10,6,2026-02-28,korea_call_money_rate_pct_change_12m,0.08608411252498627
xgboost_return,10,6,2026-02-28,germany_manufacturing_order_books_lag_6,0.035304345190525055
xgboost_return,10,6,2026-02-28,euro_area_industrial_production_lag_3,0.04940155893564224
xgboost_return,10,6,2026-02-28,euro_area_industrial_production_lag_1,0.06394880264997482
xgboost_return,10,6,2026-02-28,lead_cash_usd_per_ton_lag_1,0.04777250066399574
xgboost_return,10,6,2026-02-28,g20_composite_leading_indicator_lag_12,0.04623906686902046
xgboost_return,10,6,2026-02-28,origin_lead_cash_usd_per_ton,0.05751100927591324
xgboost_return,10,6,2026-02-28,germany_manufacturing_order_books_lag_3,0.028941862285137177
xgboost_return,10,6,2026-02-28,us_industrial_production_lag_1,0.04405861347913742
xgboost_return,10,6,2026-02-28,lead_stock_ton_pct_change_12m,0.15711821615695953
xgboost_return,10,6,2026-02-28,euro_area_industrial_production_lag_6,0.019828567281365395
xgboost_return,10,6,2026-02-28,us_10y_2y_spread_pct_change_12m,0.02092616818845272
xgboost_return,10,6,2026-02-28,zinc_cash_usd_per_ton_lag_1,0.038828544318675995
xgboost_return,10,6,2026-02-28,global_portcalls_pct_change_12m,0.027858659625053406
xgboost_return,10,6,2026-02-28,natural_gas_usd_lag_6,0.051522038877010345
xgboost_return,10,6,2026-02-28,indonesia_call_money_rate_lag_12,0.018572639673948288
xgboost_return,10,6,2026-02-28,turkey_capacity_basic_metals_percent_lag_12,0.016384869813919067
xgboost_return,10,6,2026-02-28,origin_zinc_cash_usd_per_ton,0.04760636389255524
xgboost_return,10,6,2026-02-28,nickel_stock_ton_pct_change_12m,0.08409558981657028
xgboost_return,10,6,2026-02-28,turkey_capacity_basic_metals_percent_lag_6,0.05799659341573715
xgboost_return,10,12,2025-01-31,us_industrial_production_pct_change_12m,0.22057947516441345
xgboost_return,10,12,2025-01-31,g20_composite_leading_indicator_lag_6,0.07530554383993149
xgboost_return,10,12,2025-01-31,usa_nyse_hecla_mining_lag_12,0.09683550149202347
xgboost_return,10,12,2025-01-31,germany_manufacturing_order_books_lag_3,0.05940695479512215
xgboost_return,10,12,2025-01-31,canada_tsx_composite_hudbay_minerals_lag_1,0.03494914621114731
xgboost_return,10,12,2025-01-31,canada_tsx_composite_hudbay_minerals_lag_3,0.013002847321331501
xgboost_return,10,12,2025-01-31,peru_diesel_price_index_pct_change_12m,0.04045487940311432
xgboost_return,10,12,2025-01-31,germany_manufacturing_order_books_lag_1,0.005251086317002773
xgboost_return,10,12,2025-01-31,japan_ppi_pct_change_12m,0.00494850380346179
xgboost_return,10,12,2025-01-31,origin_canada_tsx_composite_hudbay_minerals,0.06280826777219772
xgboost_return,10,12,2025-01-31,poland_wig20_lag_1,0.020710434764623642
xgboost_return,10,12,2025-01-31,germany_manufacturing_order_books_lag_6,0.04899388924241066
xgboost_return,10,12,2025-01-31,korea_call_money_rate_lag_12,0.08578842878341675
xgboost_return,10,12,2025-01-31,us_ppi_pct_change_12m,0.004362009931355715
xgboost_return,10,12,2025-01-31,us_10y_treasury_yield_pct_change_12m,0.016448382288217545
xgboost_return,10,12,2025-01-31,indonesia_call_money_rate_lag_12,0.17361854016780853
xgboost_return,10,12,2025-01-31,g20_composite_leading_indicator_lag_3,0.0050851223058998585
xgboost_return,10,12,2025-01-31,origin_poland_wig20,0.020522113889455795
xgboost_return,10,12,2025-01-31,india_10y_yield_pct_change_12m,0.0033212483394891024
xgboost_return,10,12,2025-01-31,brent_oil_usd_pct_change_12m,0.0076076798141002655
xgboost_return,10,12,2025-02-28,us_industrial_production_pct_change_12m,0.2224670648574829
xgboost_return,10,12,2025-02-28,g20_composite_leading_indicator_lag_6,0.07819771766662598
xgboost_return,10,12,2025-02-28,usa_nyse_hecla_mining_lag_12,0.15474943816661835
xgboost_return,10,12,2025-02-28,germany_manufacturing_order_books_lag_3,0.058305270969867706
xgboost_return,10,12,2025-02-28,canada_tsx_composite_hudbay_minerals_lag_1,0.03511251136660576
xgboost_return,10,12,2025-02-28,canada_tsx_composite_hudbay_minerals_lag_3,0.023055419325828552
xgboost_return,10,12,2025-02-28,japan_ppi_pct_change_12m,0.006101395934820175
xgboost_return,10,12,2025-02-28,germany_manufacturing_order_books_lag_1,0.005625217221677303
xgboost_return,10,12,2025-02-28,peru_diesel_price_index_pct_change_12m,0.04772370681166649
xgboost_return,10,12,2025-02-28,poland_wig20_lag_1,0.022152729332447052
xgboost_return,10,12,2025-02-28,origin_canada_tsx_composite_hudbay_minerals,0.08446327596902847
xgboost_return,10,12,2025-02-28,germany_manufacturing_order_books_lag_6,0.031936369836330414
xgboost_return,10,12,2025-02-28,us_ppi_pct_change_12m,0.0040075937286019325
xgboost_return,10,12,2025-02-28,indonesia_call_money_rate_lag_12,0.10294315218925476
xgboost_return,10,12,2025-02-28,korea_call_money_rate_lag_12,0.008278184570372105
xgboost_return,10,12,2025-02-28,us_10y_treasury_yield_pct_change_12m,0.043856266885995865
xgboost_return,10,12,2025-02-28,india_10y_yield_pct_change_12m,0.007924174889922142
xgboost_return,10,12,2025-02-28,g20_composite_leading_indicator_lag_3,0.005924887489527464
xgboost_return,10,12,2025-02-28,brent_oil_usd_pct_change_12m,0.004791468847543001
xgboost_return,10,12,2025-02-28,natural_gas_usd_lag_3,0.05238409712910652
xgboost_return,10,12,2025-03-31,us_industrial_production_pct_change_12m,0.2409694641828537
xgboost_return,10,12,2025-03-31,g20_composite_leading_indicator_lag_6,0.06112779304385185
xgboost_return,10,12,2025-03-31,usa_nyse_hecla_mining_lag_12,0.20326976478099823
xgboost_return,10,12,2025-03-31,germany_manufacturing_order_books_lag_3,0.04156416282057762
xgboost_return,10,12,2025-03-31,canada_tsx_composite_hudbay_minerals_lag_1,0.04997697100043297
xgboost_return,10,12,2025-03-31,canada_tsx_composite_hudbay_minerals_lag_3,0.0039582508616149426
xgboost_return,10,12,2025-03-31,germany_manufacturing_order_books_lag_1,0.01625051349401474
xgboost_return,10,12,2025-03-31,japan_ppi_pct_change_12m,0.004149461165070534
xgboost_return,10,12,2025-03-31,germany_manufacturing_order_books_lag_6,0.03205224871635437
xgboost_return,10,12,2025-03-31,peru_diesel_price_index_pct_change_12m,0.05347646027803421
xgboost_return,10,12,2025-03-31,indonesia_call_money_rate_lag_12,0.09177941828966141
xgboost_return,10,12,2025-03-31,us_ppi_pct_change_12m,0.004310598596930504
xgboost_return,10,12,2025-03-31,us_10y_treasury_yield_pct_change_12m,0.029170075431466103
xgboost_return,10,12,2025-03-31,india_10y_yield_pct_change_12m,0.006956493481993675
xgboost_return,10,12,2025-03-31,origin_canada_tsx_composite_hudbay_minerals,0.05911814793944359
xgboost_return,10,12,2025-03-31,poland_wig20_lag_1,0.025066161528229713
xgboost_return,10,12,2025-03-31,korea_call_money_rate_lag_12,0.01747187040746212
xgboost_return,10,12,2025-03-31,g20_composite_leading_indicator_lag_3,0.011934468522667885
xgboost_return,10,12,2025-03-31,brent_oil_usd_pct_change_12m,0.012389693409204483
xgboost_return,10,12,2025-03-31,natural_gas_usd_lag_3,0.035008009523153305
xgboost_return,10,12,2025-04-30,us_industrial_production_pct_change_12m,0.2669548988342285
xgboost_return,10,12,2025-04-30,g20_composite_leading_indicator_lag_6,0.07555554062128067
xgboost_return,10,12,2025-04-30,usa_nyse_hecla_mining_lag_12,0.15970763564109802
xgboost_return,10,12,2025-04-30,germany_manufacturing_order_books_lag_3,0.028222581371665
xgboost_return,10,12,2025-04-30,germany_manufacturing_order_books_lag_1,0.007165929768234491
xgboost_return,10,12,2025-04-30,canada_tsx_composite_hudbay_minerals_lag_3,0.003257510019466281
xgboost_return,10,12,2025-04-30,canada_tsx_composite_hudbay_minerals_lag_1,0.0425882525742054
xgboost_return,10,12,2025-04-30,japan_ppi_pct_change_12m,0.0037483815103769302
xgboost_return,10,12,2025-04-30,us_ppi_pct_change_12m,0.004914251621812582
xgboost_return,10,12,2025-04-30,peru_diesel_price_index_pct_change_12m,0.03164597600698471
xgboost_return,10,12,2025-04-30,indonesia_call_money_rate_lag_12,0.14991395175457
xgboost_return,10,12,2025-04-30,india_10y_yield_pct_change_12m,0.005114888306707144
xgboost_return,10,12,2025-04-30,germany_manufacturing_order_books_lag_6,0.036782167851924896
xgboost_return,10,12,2025-04-30,us_10y_treasury_yield_pct_change_12m,0.06199922785162926
xgboost_return,10,12,2025-04-30,g20_composite_leading_indicator_lag_3,0.02144774980843067
xgboost_return,10,12,2025-04-30,poland_wig20_lag_1,0.024427473545074463
xgboost_return,10,12,2025-04-30,origin_canada_tsx_composite_hudbay_minerals,0.04509176313877106
xgboost_return,10,12,2025-04-30,brent_oil_usd_pct_change_12m,0.004878051578998566
xgboost_return,10,12,2025-04-30,natural_gas_usd_lag_3,0.019979944452643394
xgboost_return,10,12,2025-04-30,korea_call_money_rate_lag_12,0.006603839807212353
xgboost_return,10,12,2025-05-31,us_industrial_production_pct_change_12m,0.13093838095664978
xgboost_return,10,12,2025-05-31,g20_composite_leading_indicator_lag_6,0.0338469035923481
xgboost_return,10,12,2025-05-31,usa_nyse_hecla_mining_lag_12,0.07554583996534348
xgboost_return,10,12,2025-05-31,germany_manufacturing_order_books_lag_3,0.007287777028977871
xgboost_return,10,12,2025-05-31,canada_tsx_composite_hudbay_minerals_lag_3,0.006145597435534
xgboost_return,10,12,2025-05-31,germany_manufacturing_order_books_lag_1,0.06733795255422592
xgboost_return,10,12,2025-05-31,canada_tsx_composite_hudbay_minerals_lag_1,0.05873909592628479
xgboost_return,10,12,2025-05-31,japan_ppi_pct_change_12m,0.004713514354079962
xgboost_return,10,12,2025-05-31,us_ppi_pct_change_12m,0.04701874032616615
xgboost_return,10,12,2025-05-31,india_10y_yield_pct_change_12m,0.005421924404799938
xgboost_return,10,12,2025-05-31,us_10y_treasury_yield_pct_change_12m,0.06586051732301712
xgboost_return,10,12,2025-05-31,g20_composite_leading_indicator_lag_3,0.0030722180381417274
xgboost_return,10,12,2025-05-31,indonesia_call_money_rate_lag_12,0.02156355045735836
xgboost_return,10,12,2025-05-31,peru_diesel_price_index_pct_change_12m,0.01718088984489441
xgboost_return,10,12,2025-05-31,brent_oil_usd_pct_change_12m,0.0782734602689743
xgboost_return,10,12,2025-05-31,germany_manufacturing_order_books_lag_6,0.00821269303560257
xgboost_return,10,12,2025-05-31,poland_wig20_lag_1,0.018741505220532417
xgboost_return,10,12,2025-05-31,origin_canada_tsx_composite_hudbay_minerals,0.042035456746816635
xgboost_return,10,12,2025-05-31,korea_call_money_rate_pct_change_12m,0.021043986082077026
xgboost_return,10,12,2025-05-31,aluminum_cash_usd_per_ton_lag_6,0.2870199680328369
xgboost_return,10,12,2025-06-30,us_industrial_production_pct_change_12m,0.16424506902694702
xgboost_return,10,12,2025-06-30,g20_composite_leading_indicator_lag_6,0.053638193756341934
xgboost_return,10,12,2025-06-30,usa_nyse_hecla_mining_lag_12,0.151405930519104
xgboost_return,10,12,2025-06-30,germany_manufacturing_order_books_lag_3,0.029207732528448105
xgboost_return,10,12,2025-06-30,germany_manufacturing_order_books_lag_1,0.022583192214369774
xgboost_return,10,12,2025-06-30,canada_tsx_composite_hudbay_minerals_lag_3,0.006505461409687996
xgboost_return,10,12,2025-06-30,japan_ppi_pct_change_12m,0.0038577900268137455
xgboost_return,10,12,2025-06-30,canada_tsx_composite_hudbay_minerals_lag_1,0.051745764911174774
xgboost_return,10,12,2025-06-30,us_ppi_pct_change_12m,0.0205976702272892
xgboost_return,10,12,2025-06-30,india_10y_yield_pct_change_12m,0.0036112642847001553
xgboost_return,10,12,2025-06-30,peru_diesel_price_index_pct_change_12m,0.012987715192139149
xgboost_return,10,12,2025-06-30,us_10y_treasury_yield_pct_change_12m,0.03634657338261604
xgboost_return,10,12,2025-06-30,g20_composite_leading_indicator_lag_3,0.01423843577504158
xgboost_return,10,12,2025-06-30,indonesia_call_money_rate_lag_12,0.037190016359090805
xgboost_return,10,12,2025-06-30,brent_oil_usd_pct_change_12m,0.034418705850839615
xgboost_return,10,12,2025-06-30,origin_zinc_cash_usd_per_ton,0.016754869371652603
xgboost_return,10,12,2025-06-30,germany_manufacturing_order_books_lag_6,0.023670585826039314
xgboost_return,10,12,2025-06-30,korea_call_money_rate_pct_change_12m,0.09796398133039474
xgboost_return,10,12,2025-06-30,poland_wig20_lag_1,0.01735645905137062
xgboost_return,10,12,2025-06-30,aluminum_cash_usd_per_ton_lag_3,0.20167461037635803
xgboost_return,10,12,2025-07-31,us_industrial_production_pct_change_12m,0.18070411682128906
xgboost_return,10,12,2025-07-31,g20_composite_leading_indicator_lag_6,0.04684439301490784
xgboost_return,10,12,2025-07-31,germany_manufacturing_order_books_lag_3,0.024761615321040154
xgboost_return,10,12,2025-07-31,usa_nyse_hecla_mining_lag_12,0.10654935985803604
xgboost_return,10,12,2025-07-31,germany_manufacturing_order_books_lag_1,0.02463262714445591
xgboost_return,10,12,2025-07-31,japan_ppi_pct_change_12m,0.0
xgboost_return,10,12,2025-07-31,origin_zinc_cash_usd_per_ton,0.029595432803034782
xgboost_return,10,12,2025-07-31,canada_tsx_composite_hudbay_minerals_lag_3,0.02829226478934288
xgboost_return,10,12,2025-07-31,us_ppi_pct_change_12m,0.04113176465034485
xgboost_return,10,12,2025-07-31,india_10y_yield_pct_change_12m,0.0077386293560266495
xgboost_return,10,12,2025-07-31,peru_diesel_price_index_pct_change_12m,0.02148442529141903
xgboost_return,10,12,2025-07-31,canada_tsx_composite_hudbay_minerals_lag_1,0.02852632850408554
xgboost_return,10,12,2025-07-31,us_10y_treasury_yield_pct_change_12m,0.0633002296090126
xgboost_return,10,12,2025-07-31,g20_composite_leading_indicator_lag_3,0.009806073270738125
xgboost_return,10,12,2025-07-31,indonesia_call_money_rate_lag_12,0.045093026012182236
xgboost_return,10,12,2025-07-31,brent_oil_usd_pct_change_12m,0.02202950231730938
xgboost_return,10,12,2025-07-31,aluminum_cash_usd_per_ton_lag_3,0.21261918544769287
xgboost_return,10,12,2025-07-31,korea_call_money_rate_pct_change_12m,0.05659389868378639
xgboost_return,10,12,2025-07-31,aluminum_cash_usd_per_ton_lag_1,0.00865940935909748
xgboost_return,10,12,2025-07-31,germany_manufacturing_order_books_lag_6,0.04163772985339165
xgboost_return,10,12,2025-08-31,us_industrial_production_pct_change_12m,0.1984911412000656
xgboost_return,10,12,2025-08-31,g20_composite_leading_indicator_lag_6,0.0482822060585022
xgboost_return,10,12,2025-08-31,germany_manufacturing_order_books_lag_3,0.03462681174278259
xgboost_return,10,12,2025-08-31,usa_nyse_hecla_mining_lag_12,0.18913747370243073
xgboost_return,10,12,2025-08-31,origin_zinc_cash_usd_per_ton,0.04469532519578934
xgboost_return,10,12,2025-08-31,germany_manufacturing_order_books_lag_1,0.03531262278556824
xgboost_return,10,12,2025-08-31,japan_ppi_pct_change_12m,0.003932187333703041
xgboost_return,10,12,2025-08-31,india_10y_yield_pct_change_12m,0.010731592774391174
xgboost_return,10,12,2025-08-31,us_ppi_pct_change_12m,0.018310967832803726
xgboost_return,10,12,2025-08-31,peru_diesel_price_index_pct_change_12m,0.008906611241400242
xgboost_return,10,12,2025-08-31,canada_tsx_composite_hudbay_minerals_lag_3,0.07798795402050018
xgboost_return,10,12,2025-08-31,us_10y_treasury_yield_pct_change_12m,0.08770407736301422
xgboost_return,10,12,2025-08-31,indonesia_call_money_rate_lag_12,0.03717311844229698
xgboost_return,10,12,2025-08-31,g20_composite_leading_indicator_lag_3,0.005709974095225334
xgboost_return,10,12,2025-08-31,brent_oil_usd_pct_change_12m,0.05637482926249504
xgboost_return,10,12,2025-08-31,canada_tsx_composite_hudbay_minerals_lag_1,0.03304149955511093
xgboost_return,10,12,2025-08-31,aluminum_cash_usd_per_ton_lag_1,0.008662126027047634
xgboost_return,10,12,2025-08-31,aluminum_cash_usd_per_ton_lag_3,0.08015183359384537
xgboost_return,10,12,2025-08-31,zinc_cash_usd_per_ton_lag_3,0.006911276374012232
xgboost_return,10,12,2025-08-31,turkey_capacity_basic_metals_percent_lag_6,0.01385643519461155
